step,loss,epe,elapsed_seconds
1.0,1202.36328125,20.518856048583984,3.770505501990556
2.0,2304.15380859375,29.88582992553711,3.9449384449981153
3.0,1908.0555419921875,27.39818000793457,4.133894305996364
4.0,3259.335205078125,39.813228607177734,4.294467699000961
5.0,1813.926513671875,29.709108352661133,4.459283705989947
6.0,1307.386474609375,24.40925407409668,4.63379269799043
7.0,2475.981201171875,33.62646484375,4.787868709987379
8.0,2609.28271484375,35.56227111816406,4.96213362099661
9.0,1696.94189453125,24.873762130737305,5.126720346001093
10.0,1066.379150390625,22.241069793701172,5.283635796993622
11.0,2557.5888671875,36.269859313964844,5.4473532709962456
12.0,1156.7757568359375,19.77347183227539,5.844956262997584
13.0,1107.335693359375,17.968412399291992,6.025743690988747
14.0,439.71221923828125,14.548348426818848,6.178080019992194
15.0,731.4208374023438,19.928516387939453,6.361321919990587
16.0,945.9559936523438,21.38595962524414,6.524846370986779
17.0,2001.175048828125,29.300752639770508,6.702255762997083
18.0,506.83917236328125,14.696717262268066,6.872034888991038
19.0,1474.045654296875,25.03064727783203,7.0831368590006605
20.0,2018.6318359375,21.897239685058594,7.267732862994308
21.0,1477.7813720703125,19.980518341064453,7.454434625993599
22.0,890.5498657226562,16.789873123168945,7.623807197989663
23.0,819.1292724609375,15.669419288635254,7.792822327988688
24.0,2948.708984375,36.61836242675781,7.982830465989537
25.0,1148.801513671875,24.1130428314209,8.152650028991047
26.0,665.7354125976562,19.55608367919922,8.324436936993152
27.0,1604.77001953125,27.143184661865234,8.480812406996847
28.0,1872.3038330078125,27.97032928466797,8.663808761994005
29.0,820.3757934570312,21.887195587158203,8.83762757499062
30.0,2072.3759765625,30.56163787841797,9.009311960995547
31.0,1363.695556640625,20.03834342956543,9.175306306991843
32.0,571.3358154296875,16.125774383544922,9.348951537991525
33.0,3142.090576171875,41.19319152832031,9.529878176996135
34.0,934.6458129882812,24.205951690673828,9.710027963999892
35.0,1524.0506591796875,21.721221923828125,9.882107632991392
36.0,704.0571899414062,14.845746040344238,10.073406975992839
37.0,1739.4713134765625,26.87830924987793,10.259536106997984
38.0,1686.9884033203125,22.79430389404297,10.423572820989648
39.0,901.3408813476562,18.31448745727539,10.602596930999425
40.0,759.3300170898438,14.025421142578125,10.773491028987337
41.0,168.57337951660156,7.78657341003418,10.933637965994421
42.0,643.8101196289062,16.63102149963379,11.105478372992366
43.0,548.178466796875,12.109694480895996,11.304596294998191
44.0,1159.96923828125,23.96369743347168,11.476405003995751
45.0,792.75048828125,19.205209732055664,11.68369045999134
46.0,411.7098083496094,12.486998558044434,11.853824975987663
47.0,2589.044921875,37.45628356933594,12.045002858998487
48.0,1166.28125,23.821876525878906,12.240037835988915
49.0,284.1180419921875,10.832708358764648,12.412262358993758
50.0,361.5382385253906,11.205479621887207,12.60025942599168
51.0,1280.474853515625,19.2067928314209,12.801598685997305
52.0,488.47784423828125,15.247710227966309,12.952610102991457
53.0,562.102783203125,16.318511962890625,13.115072515996872
54.0,803.1641235351562,14.858842849731445,13.284919028999866
55.0,874.96533203125,22.07572364807129,13.471606398990843
56.0,277.6322937011719,9.603065490722656,13.656744099993375
57.0,2218.262451171875,43.2520866394043,13.829608539992478
58.0,658.3524169921875,19.575830459594727,14.02717917598784
59.0,2189.9873046875,33.2377815246582,14.194103836998693
60.0,211.39625549316406,9.541521072387695,14.363540455000475
61.0,848.0672607421875,17.6296443939209,14.559127278000233
62.0,1142.540771484375,20.469953536987305,14.74373748699145
63.0,1380.953857421875,25.263710021972656,14.907879679987673
64.0,2047.6258544921875,28.26613998413086,15.090815229996224
65.0,2013.3653564453125,30.179288864135742,15.2609463629924
66.0,1321.98828125,24.75437355041504,15.430912769996212
67.0,1379.45361328125,26.193967819213867,15.64718453999376
68.0,345.275390625,12.686607360839844,15.820585152992862
69.0,948.2623901367188,17.29619026184082,15.98761993899825
70.0,324.1572265625,9.690672874450684,16.204850268986775
71.0,1190.4141845703125,26.429643630981445,16.390096142000402
72.0,2062.60693359375,33.80575942993164,16.552525283987052
73.0,549.4189453125,15.220065116882324,16.745296209992375
74.0,277.1907043457031,10.304295539855957,16.91335562498716
75.0,345.3127136230469,12.909153938293457,17.07769411499612
76.0,519.730224609375,16.05670166015625,17.272246588996495
77.0,277.47308349609375,8.111735343933105,17.449095530988416
78.0,451.0960693359375,14.28565788269043,17.60962254999322
79.0,826.7365112304688,20.25366973876953,17.826435995986685
80.0,173.92953491210938,9.010404586791992,17.99348906899104
81.0,695.8885498046875,16.01289939880371,18.173234498986858
82.0,1029.146484375,21.204402923583984,18.386142540999572
83.0,498.268798828125,12.247225761413574,18.5613021459867
84.0,340.073486328125,10.754673957824707,18.733095813993714
85.0,1306.4403076171875,22.17357063293457,18.88843400699261
86.0,103.66224670410156,6.629183292388916,19.061933385994053
87.0,217.34695434570312,9.644584655761719,19.275452041998506
88.0,557.8370971679688,17.95147132873535,19.438298378998297
89.0,439.05615234375,14.267972946166992,19.64507138299814
90.0,342.10382080078125,12.00533390045166,19.787326517995098
91.0,870.3703002929688,21.17001724243164,19.954514346987708
92.0,207.99673461914062,6.951259136199951,20.14603162399726
93.0,404.7635498046875,13.127562522888184,20.300142230000347
94.0,537.4454345703125,16.530057907104492,20.495074635997298
95.0,116.17103576660156,7.351280689239502,20.678602244996
96.0,148.04747009277344,6.5629682540893555,20.837267785987933
97.0,786.2744750976562,17.994150161743164,21.036576260987204
98.0,1813.82080078125,28.497425079345703,21.196578101997147
99.0,434.7983703613281,12.391434669494629,21.384939417999703
100.0,361.5653076171875,10.957435607910156,21.544519898990984
101.0,246.74172973632812,10.759035110473633,26.034488427991164
102.0,286.56689453125,8.999019622802734,26.22162242999184
103.0,612.2286987304688,18.5653133392334,26.389620598987676
104.0,664.8428344726562,17.74181365966797,26.554282052995404
105.0,982.96728515625,25.996246337890625,26.71560654899804
106.0,850.4287719726562,18.43341827392578,26.894580449996283
107.0,252.74124145507812,8.867000579833984,27.11482342299132
108.0,405.4989318847656,14.92087459564209,27.349033514998155
109.0,216.1995086669922,9.770500183105469,27.517563168992638
110.0,93.29204559326172,4.943229675292969,27.73983229699661
111.0,319.75311279296875,12.293468475341797,27.904387264992693
112.0,260.0337219238281,9.426092147827148,28.08559155999683
113.0,598.9053955078125,15.634127616882324,28.259767525989446
114.0,1018.6795654296875,22.715686798095703,28.467928240992478
115.0,517.3958129882812,14.163247108459473,28.63312882799073
116.0,198.02197265625,9.868536949157715,28.805185620993143
117.0,1732.8349609375,22.612916946411133,28.977406083999085
118.0,153.66671752929688,7.411914348602295,29.149608882988105
119.0,435.503173828125,13.020136833190918,29.33199447998777
120.0,330.0362243652344,13.551024436950684,29.51025064899295
121.0,393.64483642578125,13.493045806884766,29.689804768990143
122.0,858.2063598632812,18.02035140991211,29.88259458799439
123.0,132.88558959960938,7.345542907714844,30.07246676599607
124.0,952.4231567382812,17.423826217651367,30.240030882996507
125.0,375.4192199707031,13.446869850158691,30.428377587988507
126.0,210.9303741455078,8.959623336791992,30.600956397000118
127.0,337.3486633300781,12.303359985351562,30.770879288989818
128.0,1570.536865234375,34.62466049194336,30.940605846990366
129.0,273.76312255859375,10.472070693969727,31.135560743990936
130.0,184.964599609375,9.845900535583496,31.341931220988045
131.0,355.1902770996094,14.167377471923828,31.52711919299327
132.0,95.67034912109375,5.710203170776367,31.6937127019919
133.0,141.23541259765625,8.131757736206055,31.888613571994938
134.0,586.9661254882812,14.37525749206543,32.05809777700051
135.0,227.56167602539062,11.329365730285645,32.216672650989494
136.0,394.1565856933594,13.363451957702637,32.38646152098954
137.0,789.43017578125,17.49932098388672,32.57742406599573
138.0,333.78460693359375,13.7387113571167,32.75795716900029
139.0,155.92681884765625,8.728200912475586,32.95665587799158
140.0,643.6320190429688,15.714948654174805,33.148156212992035
141.0,279.9471740722656,11.015545845031738,33.35102389099484
142.0,135.37030029296875,7.923176288604736,33.5336630979873
143.0,109.43985748291016,6.729215145111084,33.71581413499371
144.0,1081.3731689453125,23.39563751220703,33.906335494990344
145.0,298.3009948730469,11.917342185974121,34.093290998993325
146.0,588.5051879882812,17.067073822021484,34.254873510988546
147.0,815.1858520507812,14.743103981018066,34.43941580899991
148.0,494.2756042480469,15.949705123901367,34.61573936000059
149.0,328.97686767578125,10.632121086120605,34.7773360539868
150.0,451.248779296875,12.80288314819336,34.94882954299101
151.0,223.32064819335938,11.040763854980469,35.12836817000061
152.0,584.3226318359375,13.832582473754883,35.29068662998907
153.0,250.19142150878906,9.53535270690918,35.460697781993076
154.0,343.0993347167969,9.723992347717285,35.66369336099888
155.0,290.65252685546875,12.553681373596191,35.92241043099784
156.0,772.608642578125,14.366616249084473,36.10627499000111
157.0,115.0823974609375,6.43200159072876,36.289099974994315
158.0,132.74195861816406,7.173580646514893,36.45722915799706
159.0,912.9402465820312,23.84044647216797,36.63040491999709
160.0,209.4367218017578,11.179879188537598,36.80319346199394
161.0,2529.17529296875,31.762195587158203,36.9906755569973
162.0,147.04833984375,7.419137954711914,37.17560919499374
163.0,130.04852294921875,6.526673793792725,37.37211843598925
164.0,382.7672119140625,14.48422908782959,37.546260924995295
165.0,269.2338562011719,11.220130920410156,37.723728505996405
166.0,150.1779022216797,8.895072937011719,37.906141741987085
167.0,125.46852111816406,6.888895034790039,38.08820448598999
168.0,323.5916442871094,11.89113998413086,38.269823488997645
169.0,122.71776580810547,6.696300029754639,38.44567127998744
170.0,32.34650802612305,3.3960044384002686,38.64333001799241
171.0,25.53260612487793,3.0563323497772217,38.81299578800099
172.0,258.6551513671875,7.333268165588379,38.970289020988275
173.0,156.84815979003906,8.651843070983887,39.14331542799482
174.0,734.1450805664062,13.759225845336914,39.342261001991574
175.0,167.86245727539062,7.845940589904785,39.50620961000095
176.0,822.679443359375,13.25799560546875,39.66769729599764
177.0,1528.431884765625,25.087383270263672,39.854763735987945
178.0,381.7660217285156,11.571640968322754,40.02657339199504
179.0,242.9516143798828,11.034428596496582,40.20660247099295
180.0,539.611328125,16.61160659790039,40.37093662899861
181.0,457.91619873046875,16.067121505737305,40.55586465199303
182.0,2919.610107421875,36.142723083496094,40.7220785440004
183.0,170.24520874023438,9.819169998168945,40.90213970199693
184.0,310.9546813964844,12.682876586914062,41.092618847993435
185.0,1203.443603515625,21.469573974609375,41.25188979899394
186.0,55.961570739746094,4.665813446044922,41.41979658299533
187.0,539.9459228515625,17.74748420715332,41.592204727989156
188.0,1135.3856201171875,25.01137351989746,41.749750778995804
189.0,135.61895751953125,7.676657676696777,41.90217179199681
190.0,259.62774658203125,10.337664604187012,42.07011750798847
191.0,558.413330078125,18.32909393310547,42.24087710499589
192.0,244.4927215576172,8.783543586730957,42.425698159990134
193.0,55.41703796386719,4.998732566833496,42.59247261600103
194.0,190.52444458007812,9.799434661865234,42.75849286199082
195.0,258.18218994140625,10.638696670532227,42.94351738499245
196.0,364.3169250488281,10.901429176330566,43.112218904992915
197.0,26.818876266479492,3.0180106163024902,43.30185133199848
198.0,216.93612670898438,10.808561325073242,43.497936533996835
199.0,428.313720703125,11.614716529846191,43.68358311399061
200.0,759.8731689453125,14.93740463256836,43.865839952995884
201.0,268.6788330078125,10.004685401916504,48.14394112800073
202.0,513.2412109375,18.18235969543457,48.32854854098696
203.0,312.9177551269531,11.305353164672852,48.50757745899318
204.0,276.3301086425781,6.299028396606445,48.68405059399083
205.0,489.99261474609375,13.662312507629395,48.85302928199235
206.0,55.99245071411133,5.06675910949707,49.02647100298782
207.0,1058.4815673828125,18.30461311340332,49.17412669099576
208.0,113.97069549560547,6.678479194641113,49.384587543987436
209.0,1166.97509765625,21.66742706298828,49.54516681599489
210.0,72.85504913330078,5.464677333831787,49.71309057698818
211.0,45.34634017944336,4.047006130218506,49.92750417499337
212.0,198.90403747558594,9.640869140625,50.12479528998665
213.0,351.86566162109375,13.091874122619629,50.31382299499819
214.0,464.3687438964844,11.531375885009766,50.4912400769972
215.0,132.67959594726562,8.3855619430542,50.66046268399805
216.0,151.18946838378906,8.053462982177734,50.81804710299184
217.0,292.2442626953125,12.598784446716309,50.986623313991004
218.0,151.87135314941406,6.12862491607666,51.14718869699573
219.0,274.4585876464844,10.847325325012207,51.35021285599214
220.0,633.809326171875,14.29447078704834,51.521108971996
221.0,95.06389617919922,6.036969184875488,51.67565462600032
222.0,648.4274291992188,15.168760299682617,51.86158210899157
223.0,769.5665283203125,22.975866317749023,52.015163705000305
224.0,381.5107421875,12.453911781311035,52.21765168898855
225.0,38.235496520996094,4.084405422210693,52.402907009993214
226.0,510.72882080078125,17.183265686035156,52.560329795989674
227.0,591.0117797851562,12.505885124206543,52.73465593799483
228.0,2134.3486328125,41.71284484863281,52.89388841598702
229.0,333.9828796386719,12.867066383361816,53.071962930000154
230.0,137.18154907226562,7.347767353057861,53.241762822988676
231.0,675.6949462890625,15.087800025939941,53.41055341898755
232.0,210.70742797851562,9.658493041992188,53.58227330399677
233.0,433.63330078125,14.1908540725708,53.74831091299711
234.0,84.65841674804688,6.113860130310059,53.9300379310007
235.0,77.59442138671875,6.2847900390625,54.0830734189949
236.0,91.79346466064453,6.696341514587402,54.2420256149926
237.0,319.5778503417969,12.243795394897461,54.47169592899445
238.0,68.17475891113281,4.5262627601623535,54.65131927699258
239.0,42.578941345214844,4.188442230224609,54.82669094399898
240.0,175.64686584472656,7.454530715942383,54.998808327989536
241.0,325.2386474609375,9.229389190673828,55.16680896599428
242.0,296.958984375,12.02623462677002,55.378679080997244
243.0,1905.8095703125,28.028079986572266,55.58053223199386
244.0,547.18603515625,18.31838035583496,55.85816200899717
245.0,62.20145034790039,4.673550128936768,56.030140973991365
246.0,86.44064331054688,6.542252063751221,56.210046231994056
247.0,260.60760498046875,10.37930965423584,56.383436783988145
248.0,190.2967987060547,6.174675464630127,56.54542516398942
249.0,627.4307861328125,11.960219383239746,56.7200420559966
250.0,358.9788818359375,13.469720840454102,56.89177067700075
251.0,175.5518798828125,8.736266136169434,57.077404436000506
252.0,592.5460815429688,14.570155143737793,57.251675476989476
253.0,414.6202697753906,13.359930992126465,57.42210297199199
254.0,309.8075866699219,11.483375549316406,57.591502324998146
255.0,157.51895141601562,6.584957599639893,57.75859083500109
256.0,19.585063934326172,2.593311071395874,57.948951339989435
257.0,548.9574584960938,17.181793212890625,58.11653251099051
258.0,298.17474365234375,9.959147453308105,58.28063391399337
259.0,219.49349975585938,9.952444076538086,58.45178007699724
260.0,723.2808837890625,20.495145797729492,58.610416866999
261.0,72.61177825927734,5.835484027862549,58.80077815699042
262.0,40.08106994628906,4.2063140869140625,58.96365767599491
263.0,201.0968475341797,8.881486892700195,59.127783043993986
264.0,299.2679138183594,13.367391586303711,59.30940750699665
265.0,484.95794677734375,16.306697845458984,59.48104526200041
266.0,28.99241828918457,3.1102168560028076,59.6570670009969
267.0,222.57691955566406,5.350172996520996,59.847063860986964
268.0,1829.6751708984375,31.257774353027344,60.00629147099971
269.0,218.7768096923828,9.211871147155762,60.223768686992116
270.0,80.92259216308594,5.997268199920654,60.389903753995895
271.0,883.446044921875,18.68423080444336,60.58289112999046
272.0,113.73554992675781,6.48292875289917,60.76984351599822
273.0,411.32720947265625,13.311781883239746,60.9476694319892
274.0,956.9627075195312,24.409568786621094,61.12154508898675
275.0,230.13075256347656,11.377492904663086,61.306509328991524
276.0,344.8562316894531,12.78321361541748,61.491083294997225
277.0,156.0052032470703,8.071833610534668,61.68315494299168
278.0,1128.6915283203125,24.269651412963867,61.87734857999021
279.0,292.4300537109375,11.246434211730957,62.074005898990436
280.0,1559.9853515625,35.7077522277832,62.244662075987435
281.0,115.08207702636719,7.048234462738037,62.41611262600054
282.0,254.91033935546875,12.401467323303223,62.59587668698805
283.0,362.6031799316406,12.087821960449219,62.77012628999364
284.0,93.9251480102539,6.870823383331299,62.95863532098883
285.0,474.63421630859375,12.455262184143066,63.149785864996375
286.0,95.94758605957031,6.323263645172119,63.33113025299099
287.0,111.31135559082031,6.328352928161621,63.48534624199965
288.0,959.5187377929688,18.843612670898438,63.65952781699889
289.0,214.03585815429688,9.761526107788086,63.83287738599756
290.0,206.1844482421875,9.66523265838623,63.997223186001065
291.0,416.9001770019531,13.268153190612793,64.17373230798694
292.0,497.6412353515625,11.581210136413574,64.34250169499137
293.0,88.2982177734375,5.6824188232421875,64.50640634499723
294.0,52.01298141479492,4.700423717498779,64.69316209398676
295.0,229.4062957763672,10.673429489135742,64.87155166399316
296.0,406.092529296875,9.941617965698242,65.03551904499182
297.0,937.6326293945312,16.329092025756836,65.23978734698903
298.0,63.46335220336914,4.858463764190674,65.44996966999315
299.0,347.059814453125,10.9586181640625,65.62708539399318
300.0,354.5633239746094,13.661734580993652,65.80871225899318
301.0,209.16781616210938,10.666065216064453,72.48628076499153
302.0,65.76162719726562,5.7057623863220215,72.66746177899768
303.0,2648.107421875,36.0356559753418,72.87540865498886
304.0,390.14654541015625,13.108293533325195,73.04611277898948
305.0,250.3197479248047,8.804566383361816,73.21779688198876
306.0,1778.43310546875,34.87582015991211,73.40682187599305
307.0,787.5152587890625,15.468184471130371,73.63678736198926
308.0,116.68439483642578,7.643357276916504,73.81290028299554
309.0,74.57130432128906,6.1892595291137695,74.00861603798694
310.0,146.5213623046875,7.945351600646973,74.20943478299887
311.0,781.8722534179688,20.468765258789062,74.4084218779899
312.0,288.1554260253906,10.475862503051758,74.57588968599157
313.0,55.7769660949707,3.60730242729187,74.76672176198917
314.0,441.0849304199219,12.544029235839844,74.94408093899256
315.0,47.3711051940918,3.9819467067718506,75.10758075599733
316.0,162.81512451171875,8.407776832580566,75.30304954299936
317.0,335.5286865234375,11.862398147583008,75.49162875799811
318.0,77.30303955078125,5.308685779571533,75.73996670599445
319.0,47.40839767456055,4.334287166595459,75.91722671099706
320.0,26.060705184936523,3.288059949874878,76.10713877099624
321.0,285.7962951660156,13.167254447937012,76.26075357699301
322.0,283.8948669433594,8.954937934875488,76.43519893799385
323.0,34.985565185546875,3.56827974319458,76.62403407899546
324.0,89.66044616699219,5.847565174102783,76.81162800299353
325.0,48.9976921081543,3.5565457344055176,76.98643050499959
326.0,251.40673828125,11.19184398651123,77.15889639398665
327.0,282.36810302734375,11.896079063415527,77.31980162698892
328.0,170.37301635742188,9.334856986999512,77.49039584498678
329.0,310.3341064453125,8.852375984191895,77.66045198099164
330.0,788.1290283203125,17.097030639648438,77.83493600798829
331.0,411.288818359375,13.85495662689209,78.02440106499125
332.0,607.1860961914062,16.290616989135742,78.1900808349892
333.0,132.0146942138672,7.402399063110352,78.35441414699017
334.0,1500.857177734375,27.277374267578125,78.53202533700096
335.0,143.05958557128906,7.34407377243042,78.7115472239966
336.0,1428.127685546875,27.084409713745117,78.88553561299341
337.0,213.52731323242188,10.046698570251465,79.07933716099069
338.0,418.9114074707031,7.7878007888793945,79.2596214019868
339.0,90.93263244628906,5.698056221008301,79.8653590670001
340.0,374.50958251953125,9.816784858703613,80.95121593099611
341.0,160.9494171142578,7.996632099151611,81.56169524199504
342.0,79.23499298095703,6.095280647277832,81.73866539899609
343.0,1856.6063232421875,29.419137954711914,81.90378696199332
344.0,129.36122131347656,6.942649841308594,82.07705253199674
345.0,155.0369873046875,8.074210166931152,82.23233601498941
346.0,226.5919189453125,8.863184928894043,82.41822912199132
347.0,124.12973022460938,7.427933692932129,82.61368396598846
348.0,119.04270935058594,7.666422367095947,82.81336008699145
349.0,373.4576721191406,12.968266487121582,82.970308295
350.0,44.0323486328125,4.648941516876221,83.14095017898944
351.0,215.05189514160156,9.762256622314453,83.34539613699599
352.0,44.7495002746582,4.610814571380615,83.54908979398897
353.0,364.60748291015625,12.896953582763672,83.73780682899815
354.0,86.83191680908203,5.101108074188232,83.90612340799998
355.0,449.64178466796875,16.407878875732422,84.08416047699575
356.0,210.62779235839844,8.859941482543945,84.25725792499725
357.0,92.96651458740234,6.223339080810547,84.41677486799017
358.0,407.5228271484375,12.9454345703125,84.59393196798919
359.0,335.924072265625,9.828911781311035,84.77577579399804
360.0,304.3467102050781,10.919398307800293,84.95972680998966
361.0,124.41339111328125,8.082194328308105,85.19870291199186
362.0,263.94085693359375,10.119125366210938,85.35794695999357
363.0,102.63882446289062,6.11304235458374,85.53689908699016
364.0,239.6680908203125,9.703100204467773,85.70554049599741
365.0,92.18197631835938,5.266485214233398,85.87969180398795
366.0,884.0358276367188,16.356525421142578,86.0884978499962
367.0,1239.027099609375,30.601234436035156,86.26995041398914
368.0,157.6751251220703,8.205697059631348,86.43628535499738
369.0,56.664451599121094,5.006343364715576,86.61699605199101
370.0,574.9345703125,20.117013931274414,86.80514928999764
371.0,227.90830993652344,9.539448738098145,86.98688253900036
372.0,88.5382308959961,6.3919196128845215,87.16100342899153
373.0,233.52076721191406,9.938786506652832,87.33137184499355
374.0,539.3280029296875,12.887097358703613,87.55268946998694
375.0,118.51881408691406,6.567161560058594,87.73412769299466
376.0,1233.795166015625,23.15582275390625,87.91786268199212
377.0,54.76544189453125,5.123847007751465,88.09252483298769
378.0,78.0191879272461,5.531007766723633,88.2763574829878
379.0,182.12310791015625,9.366874694824219,88.45452708700032
380.0,55.88728332519531,4.961793422698975,88.63692522299243
381.0,205.52166748046875,10.097765922546387,88.81517624598928
382.0,54.13741683959961,4.724331855773926,88.99475243198685
383.0,258.7923889160156,11.842524528503418,89.14216362099978
384.0,260.47930908203125,10.78795337677002,89.35112844700052
385.0,1730.014892578125,37.603878021240234,89.50964833299804
386.0,439.5845031738281,9.643523216247559,89.67379044200061
387.0,453.4192199707031,13.869322776794434,89.86123822898662
388.0,682.2622680664062,16.535924911499023,90.02579092599626
389.0,104.10029602050781,6.791399955749512,90.25392775698856
390.0,183.96725463867188,9.728859901428223,90.42024189099902
391.0,311.70458984375,11.870731353759766,90.59730903999298
392.0,42.46112060546875,4.018714427947998,90.79794965998735
393.0,36.572628021240234,3.7885870933532715,90.95423092899728
394.0,102.57078552246094,6.08537483215332,91.16515106099541
395.0,47.56845474243164,4.770548343658447,91.33553406498686
396.0,159.0548095703125,7.314945220947266,91.49653316898912
397.0,115.98107147216797,6.2646660804748535,91.68590316899645
398.0,135.80859375,8.188085556030273,91.89001824198931
399.0,645.6747436523438,21.1763858795166,92.06729284499306
400.0,390.00433349609375,11.833958625793457,92.2519411839894
401.0,59.03668975830078,4.341516494750977,98.0757271659968
402.0,274.58233642578125,11.7460298538208,98.22609691199614
403.0,68.14676666259766,5.1757073402404785,98.41932353899756
404.0,466.67791748046875,12.805184364318848,98.59932771399326
405.0,1114.334228515625,21.204811096191406,98.7867221179913
406.0,52.656150817871094,4.581638813018799,98.96846352299326
407.0,72.8973159790039,4.790699005126953,99.13142578999395
408.0,275.7542419433594,11.409052848815918,99.34576869999
409.0,89.39684295654297,6.684055328369141,99.49904426299327
410.0,630.6383666992188,17.01927947998047,99.6640475109889
411.0,249.5240020751953,10.655008316040039,99.84408831299515
412.0,485.3729248046875,14.879352569580078,100.00420991898864
413.0,2335.966064453125,36.77156066894531,100.22334359899105
414.0,96.8133773803711,6.418925762176514,100.4325417039945
415.0,17.38934898376465,2.5123472213745117,100.58424407598795
416.0,60.58872985839844,5.4802565574646,100.78703388899157
417.0,727.0786743164062,11.743955612182617,100.97691962298995
418.0,3496.49609375,47.03340530395508,101.13943886799098
419.0,19.9937686920166,2.832108736038208,101.3040659029939
420.0,30.48240089416504,3.2928879261016846,101.46447238398832
421.0,226.77023315429688,9.416411399841309,101.63308827498986
422.0,424.1212158203125,10.041611671447754,101.79452945999219
423.0,75.92028045654297,6.21134614944458,101.99368105900066
424.0,45.22968292236328,4.549448490142822,102.17007827899943
425.0,96.94017028808594,6.162173271179199,102.35436255199602
426.0,30.55890464782715,3.1971330642700195,102.52866745299252
427.0,123.22586059570312,7.777979850769043,102.7239449149929
428.0,175.83462524414062,6.4384660720825195,102.9113891399902
429.0,117.92686462402344,7.577513694763184,103.09780463798961
430.0,245.0334014892578,8.985499382019043,103.26483812498918
431.0,1009.05859375,24.545434951782227,103.48049991799053
432.0,75.32852935791016,4.585807800292969,103.6468917579914
433.0,111.46305084228516,7.117104530334473,103.81521970199537
434.0,190.20542907714844,10.463955879211426,103.99677030699968
435.0,152.23568725585938,7.678446292877197,104.17501042799267
436.0,179.49703979492188,7.287754058837891,104.3658776969969
437.0,20.110107421875,2.6332168579101562,104.55670002599072
438.0,98.89458465576172,6.336569309234619,104.7328484269965
439.0,486.08282470703125,10.856759071350098,104.90451424499042
440.0,142.93377685546875,5.660320281982422,105.08672054599447
441.0,294.5350341796875,13.06324291229248,105.29277867199562
442.0,32.575531005859375,3.9212260246276855,105.476541541997
443.0,68.45960998535156,5.386045455932617,105.64248649298679
444.0,27.925615310668945,2.993588924407959,105.85757994098822
445.0,211.75457763671875,8.3622465133667,106.02727436099667
446.0,129.03211975097656,6.915543556213379,106.20783934599604
447.0,136.8945770263672,7.975519180297852,106.39709184899402
448.0,146.49288940429688,8.079509735107422,106.56967863799946
449.0,146.13197326660156,5.436725616455078,106.7733969349938
450.0,402.13800048828125,11.848998069763184,106.9461252559995
451.0,789.7894287109375,15.634315490722656,107.13264910799626
452.0,107.83927154541016,7.549508094787598,107.30134048798936
453.0,228.0286865234375,10.711509704589844,107.51795768798911
454.0,127.63191223144531,7.601744174957275,107.791486075992
455.0,215.1719512939453,8.773940086364746,107.98135538298811
456.0,478.2450866699219,17.166288375854492,108.16975960499258
457.0,103.21186065673828,6.0218353271484375,108.37001864198828
458.0,43.94423294067383,4.040407657623291,108.54319424599817
459.0,241.38894653320312,7.670920372009277,108.74960815098893
460.0,234.19143676757812,10.039850234985352,109.10183214199787
461.0,492.1315612792969,12.3145112991333,109.33840588398743
462.0,101.0521469116211,5.544667720794678,109.56282663499587
463.0,27.203508377075195,2.986691951751709,109.79101383998932
464.0,646.4945068359375,21.31617546081543,110.00464948698936
465.0,88.89459228515625,6.306718349456787,110.21213323899428
466.0,128.94630432128906,7.112649440765381,110.40202516199497
467.0,154.60952758789062,6.891912460327148,110.58155696898757
468.0,66.83283233642578,5.035211563110352,110.80996414298716
469.0,92.46892547607422,5.691470623016357,110.99805443998775
470.0,222.6542205810547,8.246222496032715,111.1815438529884
471.0,14.508048057556152,2.467893123626709,111.37669955799356
472.0,46.992591857910156,3.9277267456054688,111.58315764598956
473.0,207.32579040527344,10.799811363220215,111.75152813398745
474.0,140.0493927001953,8.058890342712402,111.93279573399923
475.0,385.9645080566406,14.993917465209961,112.12726544699399
476.0,650.29052734375,16.545812606811523,112.30649122598697
477.0,203.00576782226562,8.721196174621582,112.49415988699184
478.0,25.40676498413086,2.9861953258514404,112.65155102699646
479.0,212.98692321777344,7.993634223937988,112.89412084399373
480.0,208.08116149902344,9.18012523651123,113.08935517199279
481.0,24.31121826171875,3.107891082763672,113.32580449098896
482.0,285.70220947265625,12.73548698425293,113.54038596099417
483.0,554.6732788085938,9.489801406860352,113.72368211699359
484.0,395.17730712890625,15.570292472839355,113.9126696769963
485.0,441.8155517578125,11.511914253234863,114.10004306198971
486.0,114.10714721679688,7.146486759185791,114.29996243798814
487.0,195.0408477783203,9.853778839111328,114.52214569799253
488.0,110.94277954101562,6.897375583648682,114.76023602799978
489.0,16.324434280395508,2.3568220138549805,114.94023633698816
490.0,71.98310852050781,4.653774261474609,115.16288069098664
491.0,24.016611099243164,3.1927013397216797,115.39240277498902
492.0,96.7131576538086,6.339560031890869,115.55046252699685
493.0,127.90625762939453,8.032055854797363,115.75147544698848
494.0,316.0147705078125,8.676053047180176,116.01909142899967
495.0,748.8153076171875,12.99754524230957,116.19177554998896
496.0,83.47834777832031,6.225924968719482,116.37936227599857
497.0,169.39071655273438,8.490379333496094,116.59744555100042
498.0,698.69140625,16.553882598876953,116.77571356999397
499.0,592.6090087890625,13.881000518798828,116.92767999198986
500.0,69.5053482055664,4.433765888214111,117.13643099598994
501.0,132.60423278808594,7.335644245147705,122.86567328599631
502.0,105.66209411621094,7.193246841430664,123.070370180998
503.0,241.39186096191406,8.197943687438965,123.24736702498922
504.0,409.7330627441406,11.717666625976562,123.42027566400066
505.0,223.59861755371094,10.214258193969727,123.63258093799232
506.0,157.20211791992188,7.103985786437988,123.81832268399012
507.0,166.75685119628906,7.259623050689697,123.99688230898755
508.0,207.55612182617188,10.025381088256836,124.1774059140007
509.0,28.855886459350586,3.5885798931121826,124.39312639999844
510.0,274.898193359375,10.554878234863281,124.64295115300047
511.0,435.6791076660156,9.674520492553711,124.82972702899133
512.0,169.28994750976562,8.065678596496582,125.00284746498801
513.0,222.8111114501953,8.774005889892578,125.19016460499552
514.0,311.2530212402344,12.849770545959473,125.45372459798818
515.0,87.43352508544922,6.059568405151367,125.63750221898954
516.0,73.08003997802734,5.372074604034424,125.8244796910003
517.0,70.17729949951172,4.788643836975098,126.01174548699055
518.0,444.07928466796875,11.236175537109375,126.2338930269907
519.0,72.02217102050781,5.719460487365723,126.4069021819887
520.0,712.41455078125,18.62626075744629,126.62307486200007
521.0,642.0835571289062,14.933103561401367,126.85536115299328
522.0,81.54203796386719,6.6582136154174805,127.05921865398705
523.0,62.544769287109375,4.890235424041748,127.2392518689885
524.0,360.8654479980469,12.43409252166748,127.41568958899006
525.0,219.92002868652344,6.727351188659668,127.59616993599047
526.0,47.146339416503906,4.1413726806640625,127.7594895259972
527.0,29.51015281677246,3.695868730545044,127.93774993999978
528.0,89.67948150634766,5.290295600891113,128.104849233001
529.0,128.64041137695312,7.613734245300293,128.28882336599054
530.0,47.23476791381836,3.5294435024261475,128.4682929279952
531.0,155.37673950195312,9.273244857788086,128.65836823699647
532.0,109.09919738769531,5.737928867340088,128.89307753198955
533.0,28.490020751953125,3.6915605068206787,129.07957423999324
534.0,233.9701385498047,7.648951053619385,129.25660397899628
535.0,327.6000061035156,10.459887504577637,129.42542256398883
536.0,84.98164367675781,5.124637603759766,129.59604085999308
537.0,1464.1370849609375,33.45807647705078,129.79060779498832
538.0,143.55381774902344,8.280984878540039,129.95505430499907
539.0,76.33976745605469,4.2721099853515625,130.10937593899143
540.0,175.57040405273438,7.23877477645874,130.31439326299005
541.0,187.42611694335938,9.509040832519531,130.5820333439915
542.0,110.00947570800781,7.358469009399414,130.7468507320009
543.0,56.3162841796875,4.915209770202637,130.9095685469947
544.0,682.0413818359375,19.310014724731445,131.1368317460001
545.0,79.2220458984375,5.859683036804199,131.33870436598954
546.0,35.47906494140625,4.1045355796813965,131.51211403799243
547.0,101.10311126708984,6.548773765563965,131.75599916400097
548.0,16.663475036621094,2.422651529312134,131.92301364299783
549.0,148.33822631835938,8.290590286254883,132.0959390509961
550.0,340.1982116699219,13.408581733703613,132.26431575999595
551.0,783.86962890625,16.17011260986328,132.4459382789937
552.0,44.47713088989258,4.444031238555908,132.63617823898676
553.0,321.3330078125,13.304640769958496,132.85656695399666
554.0,224.302001953125,10.028382301330566,133.03501363800024
555.0,218.97708129882812,9.247658729553223,133.21767554499093
556.0,30.206819534301758,3.4808926582336426,133.37048370399862
557.0,34.708770751953125,3.6029627323150635,133.53890587999194
558.0,54.78810119628906,4.895706653594971,133.72656384299626
559.0,168.5525665283203,8.252641677856445,133.93641649899655
560.0,320.1022644042969,13.59678840637207,134.12635752599454
561.0,497.32342529296875,14.401812553405762,134.29737082999782
562.0,632.3689575195312,13.361917495727539,134.46783215498726
563.0,468.6661682128906,14.314179420471191,134.63102822400106
564.0,1204.69140625,22.70047950744629,134.79272453198791
565.0,44.371341705322266,3.8973472118377686,134.97840565200022
566.0,175.0689239501953,7.555642604827881,135.13562295299198
567.0,55.5765380859375,5.190952301025391,135.3513040359976
568.0,169.46640014648438,6.84182071685791,135.50720781998825
569.0,96.7083740234375,6.388829231262207,135.7182365639892
570.0,105.8442611694336,5.28082799911499,135.90968583799258
571.0,227.96612548828125,9.944719314575195,136.07438806998834
572.0,16.91094398498535,2.577554225921631,136.25479963699763
573.0,421.2579345703125,12.451135635375977,136.4089353689924
574.0,315.32000732421875,11.021166801452637,136.58223038598953
575.0,1162.7232666015625,24.494972229003906,136.75323039999057
576.0,64.51203155517578,3.7534077167510986,136.9131010860001
577.0,1266.163330078125,26.030441284179688,137.09993685298832
578.0,91.83222198486328,6.237890243530273,137.26782266299415
579.0,150.51092529296875,7.852358341217041,137.43609138199827
580.0,82.73933410644531,5.279880046844482,137.607310811989
581.0,13.601415634155273,2.2845640182495117,137.77322271899902
582.0,253.9647674560547,11.310961723327637,137.9453832069994
583.0,1180.53515625,25.240991592407227,138.10219747199153
584.0,64.40642547607422,5.496423721313477,138.3026122589945
585.0,73.18855285644531,5.077162742614746,138.4873488049925
586.0,116.95741271972656,6.311041831970215,138.6458357819938
587.0,396.9483337402344,12.837203979492188,138.83482082298724
588.0,102.27271270751953,7.771798610687256,138.99341406898748
589.0,322.353515625,10.360188484191895,139.17991924699163
590.0,416.7574462890625,11.45549201965332,139.33981171398773
591.0,25.639074325561523,3.307661294937134,139.50892283399298
592.0,297.36639404296875,11.665080070495605,139.70843253898784
593.0,22.94951820373535,2.5940165519714355,139.8625429669919
594.0,2298.310791015625,34.92257308959961,140.1016102249996
595.0,38.08814239501953,3.3183093070983887,140.27754131599795
596.0,193.5511474609375,7.642456531524658,140.43858401398757
597.0,165.3628387451172,9.500032424926758,140.63680788999773
598.0,431.4411926269531,14.24519157409668,140.8074452039873
599.0,19.581018447875977,2.766918182373047,141.00257361998956
600.0,64.85492706298828,5.5386857986450195,141.20999500599282
601.0,514.7507934570312,11.72009563446045,145.37614057699102
602.0,142.62994384765625,9.046061515808105,145.5531648909964
603.0,518.447509765625,17.680559158325195,145.71863956499146
604.0,40.564002990722656,4.5502166748046875,145.8749643919873
605.0,27.557119369506836,3.0749337673187256,146.04343975699157
606.0,107.7263412475586,6.3155131340026855,146.22048965099384
607.0,72.58364868164062,5.573183536529541,146.40009077799914
608.0,42.969757080078125,3.989180088043213,146.58761180299916
609.0,128.19741821289062,6.379830837249756,146.7528270490002
610.0,63.65657424926758,4.459567546844482,146.92636635300005
611.0,103.91165161132812,6.806540012359619,147.11947105599393
612.0,94.02693939208984,6.367785930633545,147.3175293940003
613.0,183.80825805664062,8.712658882141113,147.46268156799488
614.0,73.57401275634766,5.658695697784424,147.6528156909917
615.0,57.25225830078125,4.25469970703125,147.84913648699876
616.0,100.72132110595703,7.383943557739258,148.00961460098915
617.0,299.4980773925781,11.480158805847168,148.16669154599367
618.0,144.16954040527344,7.661812782287598,148.3565760719939
619.0,28.582544326782227,2.9854166507720947,148.5285664119874
620.0,11.176789283752441,2.0091938972473145,148.7058693279978
621.0,114.0679702758789,7.445615291595459,148.88354278299084
622.0,29.330860137939453,3.791112184524536,149.05776495998725
623.0,272.5480041503906,13.130911827087402,149.24184759199852
624.0,181.332763671875,8.927888870239258,149.42113246199733
625.0,234.5240478515625,9.190610885620117,149.5894838249951
626.0,1537.88818359375,34.15696334838867,149.75694572999782
627.0,963.35888671875,23.755266189575195,149.95125287499104
628.0,219.88636779785156,10.290605545043945,150.1490631630004
629.0,125.75614166259766,5.962739944458008,150.34011505299713
630.0,295.7289733886719,13.70020866394043,150.5266034929955
631.0,42.06837463378906,4.325559616088867,150.70179067699064
632.0,19.755096435546875,2.781519889831543,150.9799138449889
633.0,80.18222045898438,6.1274189949035645,151.1822601629974
634.0,96.56634521484375,7.414830684661865,151.36732219498663
635.0,58.296791076660156,4.705794334411621,151.56642635299067
636.0,257.10699462890625,10.249628067016602,151.73832337299245
637.0,96.49199676513672,6.315967559814453,151.90612783799588
638.0,17.41475486755371,2.719132661819458,152.09509044299193
639.0,25.888561248779297,3.225907802581787,152.28248257598898
640.0,95.57523345947266,6.488344192504883,152.4517649979971
641.0,20.256593704223633,2.760957956314087,152.64114902098663
642.0,38.69144821166992,3.8088529109954834,152.8161381589889
643.0,183.10581970214844,7.34469747543335,152.99260259499715
644.0,43.093040466308594,3.8064558506011963,153.17371596299927
645.0,123.49504852294922,5.856566905975342,153.35283627499302
646.0,280.7430419921875,8.307519912719727,153.52740580699174
647.0,117.35260009765625,7.279573917388916,153.7097984199936
648.0,358.33984375,16.03266143798828,153.88974396498816
649.0,154.4139862060547,6.59983491897583,154.06033432600088
650.0,108.1956787109375,6.093062877655029,154.2297355569899
651.0,23.770824432373047,2.485431671142578,154.40274273698742
652.0,25.516660690307617,3.341034173965454,154.56422473299608
653.0,159.1116943359375,8.722288131713867,154.72282920099678
654.0,40.882389068603516,4.085205554962158,154.88594287799788
655.0,33.312225341796875,3.778975248336792,155.06533967900032
656.0,3218.31298828125,41.14453887939453,155.22557441299432
657.0,462.7893371582031,9.780664443969727,155.40899461798836
658.0,150.9328155517578,7.349135875701904,155.58815232198685
659.0,116.22399139404297,5.709444522857666,155.80051414199988
660.0,99.05298614501953,5.5740966796875,155.95914012398862
661.0,122.89479064941406,7.298920154571533,156.1200640899915
662.0,219.39149475097656,7.209503650665283,156.3122501859907
663.0,609.8286743164062,16.660781860351562,156.472427967994
664.0,21.200532913208008,2.862961530685425,156.64106080398778
665.0,11.473103523254395,2.1172564029693604,156.8262264669902
666.0,562.50732421875,12.463916778564453,156.99454836099176
667.0,125.70291900634766,6.045255661010742,157.16730021299736
668.0,24.376113891601562,2.9378724098205566,157.33293184399372
669.0,99.28227233886719,6.092158317565918,157.51429888399434
670.0,203.096923828125,9.760303497314453,157.68819477599754
671.0,107.04076385498047,6.486327171325684,157.85292569999
672.0,637.7876586914062,16.21375274658203,158.02653372299392
673.0,57.501644134521484,4.336573123931885,158.207346545998
674.0,538.646240234375,12.70058536529541,158.37570474999666
675.0,32.67119598388672,3.351573944091797,158.533857456001
676.0,17.261720657348633,2.3992667198181152,158.69504077399324
677.0,91.48464965820312,5.124549388885498,158.84756623998692
678.0,199.52378845214844,9.831896781921387,159.02282143000048
679.0,76.4654312133789,5.117889881134033,159.21142456999223
680.0,212.5374755859375,10.154741287231445,159.4000607739872
681.0,144.94813537597656,7.903298854827881,159.57442759699188
682.0,81.28543853759766,5.663027286529541,159.7616389529867
683.0,46.54890823364258,4.157565116882324,159.95694959099637
684.0,47.970619201660156,3.7665483951568604,160.1434039579908
685.0,59.992950439453125,5.30034065246582,160.32275220399606
686.0,107.5232925415039,6.8628010749816895,160.50276885199128
687.0,20.920089721679688,2.9540538787841797,160.67390385198814
688.0,159.38687133789062,8.260736465454102,160.85196372499922
689.0,127.27485656738281,6.35152530670166,161.02664483198896
690.0,84.78815460205078,5.337359428405762,161.20879315098864
691.0,77.93391418457031,5.404208183288574,161.37286709099135
692.0,66.56668090820312,5.2681565284729,161.54413327899238
693.0,126.98795318603516,7.991748332977295,161.71005676499044
694.0,146.68667602539062,7.870363235473633,161.87402492499677
695.0,1473.53564453125,26.15143585205078,162.05153065398918
696.0,866.0819091796875,17.8018741607666,162.2518172259879
697.0,190.40455627441406,7.1666364669799805,162.4223881039943
698.0,622.47314453125,16.679855346679688,162.595344026995
699.0,151.95175170898438,4.892496109008789,162.76193461100047
700.0,92.99220275878906,6.468348979949951,162.94245467799192
701.0,395.1206359863281,15.011679649353027,167.2194726359885
702.0,324.5986328125,13.892651557922363,167.3874086750002
703.0,41.40635299682617,4.130144119262695,167.57613043599122
704.0,1639.458740234375,36.03278350830078,167.76019043999258
705.0,178.78707885742188,8.598112106323242,167.9368309499987
706.0,16.85508918762207,2.647643804550171,168.0986100959999
707.0,268.3470153808594,11.28852653503418,168.27338348499325
708.0,127.93260192871094,6.408002853393555,168.43268326099496
709.0,664.4327392578125,19.131702423095703,168.60416215399164
710.0,336.0097351074219,9.174851417541504,168.77274184199632
711.0,180.0657501220703,9.338187217712402,168.9717155489925
712.0,120.29842376708984,6.253498077392578,169.14508268798818
713.0,465.865966796875,16.128772735595703,169.31712839999818
714.0,960.8894653320312,20.344615936279297,169.534909968992
715.0,217.30284118652344,10.941831588745117,169.71055951599556
716.0,24.664386749267578,3.2917404174804688,169.89029879200098
717.0,18.560991287231445,3.002075433731079,170.0725651239918
718.0,1186.4034423828125,29.47832679748535,170.2328067089984
719.0,23.544239044189453,3.0435595512390137,170.39910899999086
720.0,115.0186538696289,4.572890281677246,170.56667223399563
721.0,33.70701217651367,3.7670578956604004,170.73869567200018
722.0,1881.0518798828125,32.13149642944336,170.9180818899913
723.0,672.4675903320312,20.41961097717285,171.08476726499794
724.0,143.218994140625,7.451075077056885,171.33080785599304
725.0,225.95266723632812,8.937189102172852,171.5109982189897
726.0,18.34976577758789,2.929241418838501,171.68400869298785
727.0,79.72618865966797,6.143077850341797,171.9190452479961
728.0,49.85260009765625,4.125004768371582,172.1311008529883
729.0,24.639333724975586,3.1859405040740967,172.3005399229878
730.0,47.33836364746094,4.7698540687561035,172.49546470699715
731.0,35.34602737426758,3.875450849533081,172.67750895398785
732.0,27.02386474609375,3.208552122116089,172.83661415999813
733.0,436.769775390625,12.360522270202637,173.00561078698956
734.0,384.3136291503906,9.73557186126709,173.17323589799344
735.0,68.71697998046875,5.532293796539307,173.36696881899843
736.0,84.89867401123047,6.005510330200195,173.55851801499375
737.0,87.20486450195312,6.096181869506836,173.72923531699053
738.0,122.98612976074219,7.8911452293396,173.92480985999282
739.0,84.04710388183594,6.181535720825195,174.08547563198954
740.0,183.7950439453125,4.701773643493652,174.27189957098744
741.0,118.11320495605469,7.413469314575195,174.43796543499047
742.0,16.078805923461914,2.4697420597076416,174.60554869398766
743.0,53.11452865600586,4.139170169830322,174.84795277800004
744.0,38.454898834228516,3.6544671058654785,175.05516107499716
745.0,169.10337829589844,7.721604824066162,175.22637294398737
746.0,96.13074493408203,5.333987712860107,175.42152510400047
747.0,159.82122802734375,6.752616882324219,175.6027147739951
748.0,61.90113830566406,5.610201358795166,175.7629403489991
749.0,516.0526733398438,15.836014747619629,175.96917787099665
750.0,59.23699951171875,4.528565883636475,176.19943446099933
751.0,66.17462921142578,5.120315074920654,176.37472614299622
752.0,48.77375793457031,4.976443290710449,176.63351919299748
753.0,55.111549377441406,4.579125881195068,176.87318674099515
754.0,155.23318481445312,8.648067474365234,177.0651234449906
755.0,133.94146728515625,6.451887607574463,177.26857005798956
756.0,14.953519821166992,2.1498236656188965,177.4537259439967
757.0,109.73855590820312,7.32025146484375,177.61047569199582
758.0,78.25369262695312,5.328518390655518,177.81196659799025
759.0,40.967613220214844,3.5248959064483643,178.02373828199052
760.0,33.13610076904297,3.942610263824463,178.17795615700015
761.0,73.1081771850586,5.4378509521484375,178.40993444299966
762.0,69.24224090576172,5.279511451721191,178.5926004609937
763.0,40.74388122558594,4.248032569885254,178.7514446899877
764.0,63.54501724243164,5.450682640075684,178.9320286029979
765.0,38.61338806152344,3.4401938915252686,179.09239657998842
766.0,65.76016235351562,5.338673114776611,179.32722156398813
767.0,207.51205444335938,8.227343559265137,179.522933618995
768.0,19.39808464050293,2.457944393157959,179.70653399199364
769.0,151.95359802246094,8.097169876098633,179.90496569199604
770.0,99.90943145751953,6.0733466148376465,180.08249647299817
771.0,658.6597290039062,11.906075477600098,180.25628071298706
772.0,164.98561096191406,7.073378562927246,180.4496166129975
773.0,324.78265380859375,10.169405937194824,180.6299592659925
774.0,855.1624755859375,13.029691696166992,180.80255572899478
775.0,199.10928344726562,9.221959114074707,180.9799029249989
776.0,103.02838134765625,6.264785289764404,181.1576000419882
777.0,19.992359161376953,2.917437791824341,181.3347725019994
778.0,106.39916229248047,6.0539960861206055,181.4908501579921
779.0,178.43272399902344,10.384418487548828,181.6647786139947
780.0,184.69981384277344,9.041341781616211,181.83780613698764
781.0,20.437631607055664,2.4561686515808105,182.0182885260001
782.0,117.9249496459961,7.7701735496521,182.19047984699137
783.0,223.67385864257812,9.97497272491455,182.36177360700094
784.0,49.37937927246094,4.0407023429870605,182.53843618299288
785.0,208.66323852539062,9.851778030395508,182.71168911199493
786.0,29.38559913635254,2.7818291187286377,182.8960320729966
787.0,141.6911163330078,9.233457565307617,183.06869375999668
788.0,20.05061912536621,2.3630521297454834,183.23692512098933
789.0,35.37705612182617,4.447137832641602,183.41203986598703
790.0,575.6737670898438,19.666223526000977,183.57966808399942
791.0,327.30181884765625,10.637393951416016,183.75003193499288
792.0,63.74687957763672,5.663857936859131,183.95272770299925
793.0,85.4297103881836,5.875618934631348,184.17551146500045
794.0,57.818267822265625,4.474337100982666,184.34917305599083
795.0,349.982666015625,13.904541015625,184.51879827499215
796.0,16.98712730407715,2.757516622543335,184.6952287699969
797.0,129.30694580078125,7.950430870056152,184.90487985499203
798.0,282.616943359375,9.599892616271973,185.08537553199858
799.0,190.07008361816406,11.524815559387207,185.23963252699468
800.0,53.21289825439453,4.672614097595215,185.42984563999926
801.0,24.460060119628906,3.1782925128936768,189.97735873499187
802.0,27.833133697509766,3.1626946926116943,190.15678208899044
803.0,211.72352600097656,10.263335227966309,190.32859458299936
804.0,71.84529113769531,5.919267654418945,190.5119514389953
805.0,43.08061218261719,4.559873580932617,190.73067132699362
806.0,51.423885345458984,4.78878116607666,190.8974074979924
807.0,297.12445068359375,12.234478950500488,191.08785209398775
808.0,165.51502990722656,7.995561122894287,191.2648701549915
809.0,110.22085571289062,6.789507865905762,191.4511447469995
810.0,42.347660064697266,4.306398868560791,191.6097675399942
811.0,25.464195251464844,3.1264615058898926,191.79005384199263
812.0,190.7361602783203,6.512396335601807,191.97346842099796
813.0,285.9712219238281,7.958250522613525,192.15305648199865
814.0,98.53665924072266,5.519845008850098,192.33518041699426
815.0,85.79259490966797,4.9959845542907715,192.5170582849969
816.0,234.23915100097656,8.376118659973145,192.71745340598864
817.0,112.97465515136719,5.039422035217285,192.88712323299842
818.0,37.388267517089844,3.4794626235961914,193.06195494199346
819.0,11.5503511428833,1.9612691402435303,193.23391539099975
820.0,427.56939697265625,13.054755210876465,193.42485891398974
821.0,1392.8629150390625,27.712318420410156,193.60407662899524
822.0,207.79994201660156,8.104751586914062,193.78666110699123
823.0,19.84164810180664,2.6881182193756104,193.95581592599046
824.0,1201.5985107421875,23.73602867126465,194.12431012299203
825.0,248.06271362304688,11.142853736877441,194.30769303799025
826.0,156.4113006591797,8.30302619934082,194.4695139589894
827.0,115.66514587402344,6.231387138366699,194.64533068299352
828.0,101.79537200927734,6.387898921966553,194.82722860199283
829.0,249.45115661621094,12.188835144042969,195.01546443699044
830.0,35.25273132324219,3.591470718383789,195.20854804899136
831.0,140.23675537109375,7.867921352386475,195.3895380539907
832.0,88.91891479492188,6.177923202514648,195.5799481879949
833.0,94.21791076660156,6.106500625610352,195.7651233910001
834.0,24.701208114624023,3.176981210708618,195.94308030299726
835.0,28.828094482421875,3.626286745071411,196.13849306599877
836.0,421.5799255371094,7.430095195770264,196.32023736099654
837.0,17.36414909362793,2.1482229232788086,196.51274686699617
838.0,124.87976837158203,7.524115562438965,196.68484568399435
839.0,96.70404052734375,5.05418586730957,196.90279081999324
840.0,106.84741973876953,6.962612152099609,197.06973291299073
841.0,48.74684143066406,4.364358425140381,197.27238133898936
842.0,248.3585968017578,8.75323486328125,197.44170486499206
843.0,70.95075988769531,4.543903827667236,197.6224762149941
844.0,205.15638732910156,8.476688385009766,197.7913019569969
845.0,70.47244262695312,5.88401460647583,198.00181677199726
846.0,368.915283203125,11.13785457611084,198.1782896849909
847.0,19.882972717285156,2.5807044506073,198.35360707699147
848.0,23.895402908325195,3.3035645484924316,198.5443394039903
849.0,13.736272811889648,2.3048336505889893,198.71200672398845
850.0,30.622617721557617,3.6610445976257324,198.89083937898977
851.0,190.4674530029297,6.270933151245117,199.09080103099404
852.0,810.7072143554688,21.264087677001953,199.25402527798724
853.0,59.34318923950195,5.586329460144043,199.4235675759992
854.0,470.16259765625,12.259142875671387,199.59436877099506
855.0,19.456693649291992,2.9365031719207764,199.76599057699786
856.0,451.7856140136719,7.842130184173584,199.93271969999478
857.0,141.483642578125,7.499643325805664,200.11675963099697
858.0,51.268245697021484,4.221800804138184,200.2814363459911
859.0,74.85377502441406,6.011286735534668,200.46163752599386
860.0,275.8182678222656,10.72314453125,200.63697189099912
861.0,137.44078063964844,8.031009674072266,200.85510693299875
862.0,192.3444061279297,9.604109764099121,201.0686303399998
863.0,19.66225814819336,2.9862051010131836,201.230197279001
864.0,37.494728088378906,3.311385154724121,201.40139786798682
865.0,30.106508255004883,3.796473503112793,201.5806739119871
866.0,523.9888916015625,17.8006591796875,201.80244138099079
867.0,57.41766357421875,4.749724864959717,201.97102352399088
868.0,589.9165649414062,13.008325576782227,202.13389020199247
869.0,793.879150390625,19.707487106323242,202.33112442899437
870.0,82.37043762207031,5.528292655944824,202.5198766829999
871.0,1850.055908203125,29.655189514160156,202.68861418899905
872.0,163.78993225097656,6.622447967529297,202.8659000179905
873.0,506.9708251953125,14.072688102722168,203.0426084799983
874.0,100.5257339477539,6.739351272583008,203.2188388749928
875.0,327.16680908203125,10.659876823425293,203.40043668499857
876.0,94.91337585449219,6.498699188232422,203.61020505799388
877.0,189.52565002441406,8.870949745178223,203.80130805299268
878.0,640.256103515625,18.84391212463379,203.99093600299966
879.0,109.9728012084961,6.318567276000977,204.17902390498784
880.0,16.58682632446289,2.5868616104125977,204.389222547994
881.0,61.940208435058594,4.354738235473633,204.57257332999143
882.0,163.514404296875,9.983721733093262,204.76003887699335
883.0,18.55959129333496,2.717082977294922,204.9380131289945
884.0,234.6378173828125,10.272736549377441,205.12736458498694
885.0,151.76708984375,8.16551685333252,205.29710208099277
886.0,606.5392456054688,14.48987865447998,205.46418853799696
887.0,26.8953857421875,3.414823293685913,205.65769569198892
888.0,355.07012939453125,11.859335899353027,205.83234056198853
889.0,61.895023345947266,4.7171807289123535,205.99300355299783
890.0,90.39663696289062,6.675288677215576,206.18575932699605
891.0,739.7404174804688,16.02114486694336,206.35522811999545
892.0,109.79436492919922,6.936535835266113,206.5517644729989
893.0,286.6844177246094,8.229171752929688,206.71000118399388
894.0,129.14666748046875,6.779641628265381,206.86980492199655
895.0,93.67952728271484,6.239574909210205,207.02647491599782
896.0,254.24774169921875,11.128965377807617,207.1890637639881
897.0,117.97940063476562,6.083527088165283,207.35018904499884
898.0,711.4569702148438,18.139720916748047,207.51418175399886
899.0,38.779998779296875,2.9569389820098877,207.67692069998884
900.0,54.7480583190918,4.319737911224365,207.8384694649867
901.0,1697.0126953125,32.43060302734375,213.0077015679999
902.0,48.31155776977539,4.367234230041504,213.16003070799343
903.0,68.36384582519531,4.4984917640686035,213.33841103198938
904.0,28.201339721679688,3.5019195079803467,213.50035938200017
905.0,723.1820678710938,20.445417404174805,213.70465082098963
906.0,25.85331916809082,3.4296715259552,213.87186987399764
907.0,53.37537384033203,3.8096048831939697,214.03361397898698
908.0,55.34823226928711,4.802677631378174,214.2297776380001
909.0,158.5091552734375,9.58666706085205,214.40742103999946
910.0,77.46308898925781,5.700892925262451,214.58580547799647
911.0,39.165550231933594,4.475978851318359,214.84792701200058
912.0,177.75677490234375,8.182486534118652,215.00869045699073
913.0,10.700645446777344,2.116363763809204,215.2406979859952
914.0,174.53176879882812,7.44337797164917,215.42659255999024
915.0,21.723682403564453,2.5161280632019043,215.57899682299467
916.0,15.29832935333252,2.50107741355896,215.7711048189958
917.0,82.89704895019531,5.470468521118164,215.92455611898913
918.0,36.439605712890625,3.5066511631011963,216.12389476399403
919.0,39.08283233642578,3.761176824569702,216.28985642299813
920.0,200.83241271972656,6.65699577331543,216.45922952098772
921.0,13.375260353088379,2.457174062728882,216.67562914799782
922.0,108.01518249511719,6.884751319885254,216.84111105499323
923.0,7.899883270263672,1.6774497032165527,217.03521951400035
924.0,20.555936813354492,2.923463821411133,217.20764818300086
925.0,27.261350631713867,3.07917857170105,217.37424760499562
926.0,70.04340362548828,4.880679130554199,217.5670127249905
927.0,1627.3057861328125,35.87255859375,217.74163005998707
928.0,76.51193237304688,5.127932071685791,217.93233450199477
929.0,127.44396209716797,7.2106146812438965,218.1010945099988
930.0,79.58292388916016,5.556066989898682,218.27028938700096
931.0,24.997079849243164,3.1553854942321777,218.44112045998918
932.0,72.8458251953125,4.8840250968933105,218.62378183599503
933.0,55.6326789855957,5.079542636871338,218.79523980998783
934.0,197.41302490234375,11.854522705078125,218.98218197899405
935.0,162.4217071533203,7.258631706237793,219.1452652179869
936.0,194.84669494628906,7.852826118469238,219.3242026730004
937.0,8.517438888549805,1.9251095056533813,219.5007669619954
938.0,381.60540771484375,11.202926635742188,219.67387361299188
939.0,16.02219009399414,2.4288320541381836,219.84037171499222
940.0,55.673484802246094,4.34906530380249,220.0365360930009
941.0,65.81428527832031,5.196098804473877,220.21681648599042
942.0,43.562591552734375,4.828457832336426,220.39596115799213
943.0,19.341096878051758,2.88116717338562,220.57610150199616
944.0,87.42018127441406,4.6529059410095215,220.74863477199688
945.0,66.4593505859375,5.778530120849609,220.92744362899975
946.0,162.8904571533203,7.66360330581665,221.0791322849982
947.0,38.41068649291992,3.3559958934783936,221.2554291649867
948.0,39.54553985595703,4.236710548400879,221.41422479698667
949.0,51.9183235168457,5.170813083648682,221.5728048579913
950.0,416.9723205566406,9.162389755249023,221.73346383299213
951.0,1073.21435546875,22.819494247436523,221.9126786259876
952.0,51.552825927734375,4.072993755340576,222.09060741199937
953.0,42.58928680419922,3.6890604496002197,222.25913253398903
954.0,67.3793716430664,5.747356414794922,222.431065672994
955.0,50.656368255615234,4.620699882507324,222.6118595119915
956.0,82.0521469116211,4.842228412628174,222.7877738620009
957.0,216.69924926757812,10.888972282409668,222.96301742599462
958.0,1770.0040283203125,37.793006896972656,223.130675701992
959.0,112.95977783203125,4.608839511871338,223.31767118698917
960.0,48.26885986328125,4.52044677734375,223.50574109599984
961.0,274.1810302734375,9.368949890136719,223.69365516499965
962.0,131.18980407714844,8.077570915222168,223.87108810398786
963.0,137.7840576171875,7.513467311859131,224.06231633199786
964.0,103.9198226928711,6.418964862823486,224.24309888698917
965.0,123.75853729248047,5.305517196655273,224.4246722759999
966.0,84.94186401367188,6.511285781860352,224.59539432398742
967.0,18.270116806030273,2.5609419345855713,224.76550094499544
968.0,44.329795837402344,4.231393337249756,224.94258680699568
969.0,96.36441040039062,6.464090347290039,225.13690988298913
970.0,347.69366455078125,10.127942085266113,225.3057154059934
971.0,30.286298751831055,3.6744377613067627,225.47563006498967
972.0,13.560099601745605,2.1422085762023926,225.65351609198842
973.0,11.020089149475098,1.9968918561935425,225.81772111199098
974.0,21.598285675048828,2.6174583435058594,226.0135268969898
975.0,2346.853515625,36.25456237792969,226.18284222799412
976.0,22.690322875976562,2.8912527561187744,226.36467954899126
977.0,18.94377326965332,2.3926069736480713,226.52583766599128
978.0,197.60946655273438,10.857623100280762,226.7038526039978
979.0,16.083541870117188,2.3790512084960938,226.90330088300107
980.0,12.674144744873047,2.0435142517089844,227.072772221989
981.0,171.34149169921875,6.001266002655029,227.24997273398913
982.0,62.00382995605469,4.4234490394592285,227.42318829799478
983.0,235.38819885253906,10.941234588623047,227.63139056498767
984.0,35.61859130859375,3.4749534130096436,227.83824260199617
985.0,15.088968276977539,2.3983047008514404,228.02796785598912
986.0,87.83824157714844,6.983268737792969,228.19201816899294
987.0,132.72201538085938,7.884406566619873,228.38166476899642
988.0,66.74173736572266,5.687428951263428,228.56018344899348
989.0,93.25506591796875,5.499638080596924,228.72511383298843
990.0,17.112674713134766,2.6810495853424072,228.88956918199256
991.0,68.40113067626953,4.48689603805542,229.0594763209956
992.0,82.19496154785156,6.159445285797119,229.24110413200106
993.0,97.63215637207031,6.454242706298828,229.43583488999866
994.0,2866.6005859375,41.26505661010742,229.63435097099864
995.0,164.26055908203125,7.792543888092041,229.81885148798756
996.0,168.98448181152344,6.387403964996338,230.00987111798895
997.0,170.55299377441406,6.156495571136475,230.1873736629932
998.0,42.061744689941406,3.669456720352173,230.39356260899513
999.0,96.51736450195312,7.094482898712158,230.57220513699576
1000.0,225.4281768798828,8.814224243164062,230.74701886199182
1001.0,32.99616622924805,2.923410654067993,235.62889821999124
1002.0,258.0210876464844,11.380823135375977,235.79643062199466
1003.0,248.11602783203125,10.713470458984375,235.99100515998725
1004.0,29.41849136352539,3.7201449871063232,236.16382690999308
1005.0,32.04738998413086,3.2395026683807373,236.33409892198688
1006.0,89.87296295166016,5.158498287200928,236.50894794199849
1007.0,27.292251586914062,3.4237277507781982,236.69225800799904
1008.0,242.9383544921875,11.147562980651855,236.87671884598967
1009.0,113.86895751953125,6.805182456970215,237.05569864199788
1010.0,126.19477081298828,6.022548198699951,237.24375913199037
1011.0,184.281005859375,6.636280059814453,237.45873933499388
1012.0,342.7753601074219,9.46008014678955,237.6411436759954
1013.0,130.8166046142578,7.490665912628174,237.81035452798824
1014.0,116.10797882080078,6.590037822723389,237.9782928259956
1015.0,9.95849895477295,2.010941743850708,238.1503769659903
1016.0,60.32798767089844,5.595650672912598,238.3380925419915
1017.0,142.4441375732422,6.239264011383057,238.51089057899662
1018.0,775.122802734375,21.60616111755371,238.6737908829964
1019.0,164.12240600585938,6.997419357299805,238.83721561198763
1020.0,26.7825984954834,3.443119764328003,239.00179485199624
1021.0,2208.8681640625,36.74070358276367,239.1670431199891
1022.0,279.0487365722656,9.584229469299316,239.32916381998803
1023.0,79.96458435058594,4.89595890045166,239.50903209099488
1024.0,59.371944427490234,4.897544860839844,239.69442398699175
1025.0,32.21241760253906,3.655040979385376,239.89987431799818
1026.0,138.42266845703125,6.873867034912109,240.07853081398935
1027.0,173.53199768066406,8.390589714050293,240.23480865798774
1028.0,30.371536254882812,3.913254737854004,240.41269992099842
1029.0,92.02405548095703,6.067004680633545,240.57933351499378
1030.0,44.118751525878906,4.435965061187744,240.73716542999318
1031.0,10.06321907043457,1.9769831895828247,240.91233642899897
1032.0,99.2490463256836,6.6062798500061035,241.11057012199308
1033.0,46.377410888671875,4.5130228996276855,241.28433800599305
1034.0,36.60206604003906,3.455561399459839,241.4654147849942
1035.0,353.0827941894531,9.792823791503906,241.67038379999576
1036.0,1178.5845947265625,29.02586555480957,241.85128290299326
1037.0,39.14017868041992,3.338480234146118,242.03301871899748
1038.0,16.39908218383789,2.403111696243286,242.24064789598924
1039.0,74.23675537109375,5.867501258850098,242.39657159199123
1040.0,378.0755920410156,12.211662292480469,242.57295280399558
1041.0,350.2478942871094,7.919491767883301,242.79707473199232
1042.0,84.2778549194336,5.912789344787598,242.97511626999767
1043.0,19.956483840942383,2.6796984672546387,243.1721426629956
1044.0,244.72789001464844,7.882754802703857,243.33958407799946
1045.0,17.846839904785156,2.5350029468536377,243.51772233199154
1046.0,143.14222717285156,7.655704975128174,243.68496542499634
1047.0,34.324466705322266,3.3424160480499268,243.84967730099743
1048.0,105.83209991455078,6.193021774291992,244.03272411899525
1049.0,43.606658935546875,4.328845500946045,244.21101828299288
1050.0,262.3245849609375,9.316847801208496,244.42402391099313
1051.0,78.50706481933594,5.676266193389893,244.6253046359925
1052.0,45.91963577270508,4.330092906951904,244.78496214399638
1053.0,613.9187622070312,19.01573944091797,245.00572639799793
1054.0,268.6870422363281,11.373486518859863,245.20678204699652
1055.0,124.16328430175781,6.462674617767334,245.3714159129886
1056.0,21.447063446044922,2.780151605606079,245.5626194489887
1057.0,206.95204162597656,8.860614776611328,245.7145826909982
1058.0,190.21299743652344,9.98609447479248,245.89689238299616
1059.0,71.07701873779297,4.826753616333008,246.07960691199696
1060.0,149.62049865722656,8.859455108642578,246.2447706009989
1061.0,66.76844787597656,4.932732582092285,246.45230680399982
1062.0,22.849491119384766,2.5722086429595947,246.63589802398928
1063.0,19.001251220703125,2.771839141845703,246.79432498000097
1064.0,361.3345947265625,6.727838516235352,247.02772854198702
1065.0,33.80552291870117,2.9468283653259277,247.19615560599777
1066.0,189.85250854492188,10.566380500793457,247.36514573798922
1067.0,50.51581573486328,4.784844398498535,247.5190789999906
1068.0,16.672752380371094,2.540356159210205,247.68306471999676
1069.0,641.1643676757812,17.435958862304688,247.8801514730003
1070.0,122.49456024169922,7.110496520996094,248.07452562199614
1071.0,136.87701416015625,9.436418533325195,248.24425787599466
1072.0,1447.8912353515625,32.82350540161133,248.44441206198826
1073.0,31.750490188598633,2.799337863922119,248.6057382959989
1074.0,27.790700912475586,3.3105862140655518,248.84382759098662
1075.0,88.52436065673828,5.609769821166992,249.01754567598982
1076.0,74.87348937988281,6.043806076049805,249.18568302299536
1077.0,192.46505737304688,7.016168117523193,249.3756774479989
1078.0,93.21572875976562,4.6316351890563965,249.54073511000024
1079.0,95.45215606689453,6.478928089141846,249.7135387169983
1080.0,589.590087890625,19.553993225097656,249.8770002329984
1081.0,20.04085922241211,2.6398682594299316,250.0717976129963
1082.0,9.229156494140625,1.9315890073776245,250.22461755399127
1083.0,92.27901458740234,5.665682315826416,250.38409765598772
1084.0,166.58106994628906,8.073387145996094,250.56197244099167
1085.0,111.8565902709961,7.648337364196777,250.7445587389957
1086.0,256.4776916503906,8.2794771194458,250.93953923998924
1087.0,67.20867156982422,6.00233268737793,251.0895916159934
1088.0,397.6178283691406,10.208056449890137,251.25670063299185
1089.0,103.8257064819336,5.4693217277526855,251.42484648698883
1090.0,151.49209594726562,8.015131950378418,251.59727279598883
1091.0,56.37104034423828,4.221537113189697,251.77871270099422
1092.0,112.66586303710938,6.628448963165283,251.9291214900004
1093.0,43.961483001708984,4.620051383972168,252.09800097699917
1094.0,42.67324447631836,3.6298296451568604,252.2514235189883
1095.0,49.630859375,4.873865127563477,252.48879664299602
1096.0,63.86103820800781,4.244186878204346,252.69217886299884
1097.0,49.60819625854492,4.366418361663818,252.85936017399945
1098.0,17.74076271057129,2.704634428024292,253.05361334199551
1099.0,47.41015625,4.8218793869018555,253.24414144198818
1100.0,89.59852600097656,5.5943474769592285,253.4147532319912
1101.0,117.21577453613281,8.679421424865723,258.20880015500006
1102.0,8.46838665008545,1.8075108528137207,258.37855872399814
1103.0,88.15436553955078,7.074645519256592,258.5496637939941
1104.0,39.31391906738281,4.207831382751465,258.7245903869916
1105.0,35.672218322753906,4.202661514282227,258.8856852099998
1106.0,309.6232604980469,13.407753944396973,259.0454204999987
1107.0,38.567779541015625,3.6480519771575928,259.2155904809915
1108.0,56.703590393066406,5.359313011169434,259.3963829019922
1109.0,236.02137756347656,8.172649383544922,259.5521652769967
1110.0,9.787628173828125,1.9261950254440308,259.72871989199484
1111.0,159.25086975097656,6.058131694793701,259.92952929598687
1112.0,223.54736328125,10.696710586547852,260.12017444999947
1113.0,108.07115173339844,6.599338054656982,260.2835628879984
1114.0,47.96013641357422,4.940671920776367,260.45859526399
1115.0,146.73851013183594,8.614027976989746,260.6375760769879
1116.0,41.713993072509766,3.469144821166992,260.81232800999715
1117.0,22.287002563476562,2.6641619205474854,260.97602626599837
1118.0,41.85327911376953,4.437653541564941,261.1618480199977
1119.0,31.708377838134766,2.763422966003418,261.3328061840002
1120.0,121.44938659667969,5.807812213897705,261.5311092399934
1121.0,478.7681579589844,12.696767807006836,261.7097696649871
1122.0,31.668941497802734,3.8900411128997803,261.91404613699706
1123.0,13.363683700561523,2.2144582271575928,262.09530594600074
1124.0,15.322983741760254,2.3030409812927246,262.27127048598777
1125.0,68.55091857910156,6.432422637939453,262.43355774099473
1126.0,68.97293090820312,5.406224727630615,262.6020261789963
1127.0,173.0157928466797,8.066546440124512,262.79223226199974
1128.0,12.049891471862793,2.1414029598236084,262.9812625479972
1129.0,194.58071899414062,8.597834587097168,263.1595954410004
1130.0,233.913818359375,9.919784545898438,263.3351088149939
1131.0,20.214754104614258,2.455447196960449,263.5091013259953
1132.0,8.735949516296387,1.6498446464538574,263.68533098998887
1133.0,19.097639083862305,2.785862684249878,263.9038857439882
1134.0,47.66606521606445,5.190858364105225,264.08468625599926
1135.0,1301.5714111328125,31.302873611450195,264.2769891109929
1136.0,25.867734909057617,2.663207769393921,264.45221435399435
1137.0,81.8793716430664,5.939457893371582,264.6235014799895
1138.0,18.925067901611328,2.720759630203247,264.7988973869942
1139.0,20.174510955810547,2.677086591720581,264.9741729909874
1140.0,120.05973052978516,5.8722639083862305,265.16025173899834
1141.0,125.10154724121094,5.935194492340088,265.32432880598935
1142.0,414.7028503417969,16.10359764099121,265.5078803799988
1143.0,95.68800354003906,5.2031426429748535,265.6964097589953
1144.0,386.3313293457031,11.918457984924316,265.87050340199494
1145.0,224.61355590820312,7.383397102355957,266.0542731089954
1146.0,123.05719757080078,5.522004127502441,266.2502979209967
1147.0,9.961535453796387,1.8971285820007324,266.41456368699437
1148.0,97.4593276977539,6.473269462585449,266.5660389179975
1149.0,12.320085525512695,2.121731758117676,266.73583402798977
1150.0,25.10491943359375,3.2392773628234863,266.90721134399064
1151.0,99.30256652832031,6.646425724029541,267.080156150987
1152.0,53.23237609863281,5.016965389251709,267.2577805129986
1153.0,68.7527084350586,4.213464736938477,267.4198998889915
1154.0,229.3330078125,10.898460388183594,267.60419195400027
1155.0,316.08367919921875,9.82984447479248,267.8030487819924
1156.0,510.84112548828125,17.9046573638916,267.9989636729879
1157.0,88.15054321289062,6.434595108032227,268.16546357599145
1158.0,130.9311981201172,8.986346244812012,268.3486264559906
1159.0,330.6996765136719,9.57526683807373,268.52576462099387
1160.0,87.5306167602539,4.267232894897461,268.6970147039974
1161.0,41.15010070800781,4.287996768951416,268.8692624109972
1162.0,157.5413360595703,8.355582237243652,269.0386987699894
1163.0,113.00282287597656,5.234347820281982,269.2065347139869
1164.0,36.144866943359375,4.485368728637695,269.37848285499786
1165.0,56.637916564941406,4.604386329650879,269.58255067199934
1166.0,218.83067321777344,9.509892463684082,269.77779336398817
1167.0,74.7721939086914,4.884481906890869,269.94528533799166
1168.0,12.21627426147461,2.1004045009613037,270.151500011998
1169.0,16.696613311767578,2.6283786296844482,270.36456640899996
1170.0,60.94161605834961,5.32222318649292,270.53781772199727
1171.0,11.742131233215332,2.045124053955078,270.69191556998703
1172.0,53.00320816040039,5.245914936065674,270.86734094200074
1173.0,41.20006561279297,3.594766139984131,271.06272126299154
1174.0,431.9271240234375,11.790322303771973,271.2342302719917
1175.0,31.984233856201172,4.029524326324463,271.40009291798924
1176.0,45.51255416870117,4.823196887969971,271.58525224999175
1177.0,23.108924865722656,3.321526288986206,271.75351496499206
1178.0,15.921443939208984,2.6699953079223633,271.9075058629969
1179.0,85.7410659790039,6.082693576812744,272.10226575899287
1180.0,132.41246032714844,5.581851959228516,272.2721564179956
1181.0,49.22895812988281,3.9317426681518555,272.4360579159984
1182.0,26.317947387695312,3.3597145080566406,272.6082029659883
1183.0,29.9229793548584,2.872398614883423,272.7721689350001
1184.0,112.44474792480469,6.931865215301514,272.9493409860006
1185.0,1745.6571044921875,31.967912673950195,273.1300808729866
1186.0,1272.2982177734375,24.6323299407959,273.29686367198883
1187.0,87.43863677978516,5.3183393478393555,273.4658783939958
1188.0,90.25959014892578,4.886793613433838,273.63563207098923
1189.0,66.34801483154297,4.254132270812988,273.82853670998884
1190.0,138.2261505126953,8.648573875427246,274.0269652369898
1191.0,45.46780776977539,3.739490270614624,274.1886125099991
1192.0,138.8500213623047,7.257617473602295,274.3563771319896
1193.0,44.864410400390625,4.984597206115723,274.56087835699145
1194.0,129.15570068359375,7.720815658569336,274.72379089599417
1195.0,60.42876052856445,5.138680458068848,274.8890478359972
1196.0,29.526031494140625,3.3250129222869873,275.05866440798854
1197.0,59.95130157470703,5.616066932678223,275.22429007900064
1198.0,55.91175842285156,4.619853973388672,275.4042520249932
1199.0,29.62184715270996,3.3951950073242188,275.5964360319922
1200.0,44.699214935302734,4.128810882568359,275.76730602599855
1201.0,59.28400421142578,4.917543411254883,279.8536463719938
1202.0,14.981191635131836,2.488524913787842,280.01771285299037
1203.0,67.67864990234375,5.8652777671813965,280.19588224199833
1204.0,175.11700439453125,8.964091300964355,280.37329810799565
1205.0,15.976110458374023,2.2972371578216553,280.527118367987
1206.0,47.042335510253906,3.8956971168518066,280.71877359399514
1207.0,26.795881271362305,2.934582233428955,280.92422318199533
1208.0,20.75674057006836,2.8208529949188232,281.10025110399874
1209.0,38.57283020019531,3.4111835956573486,281.27093393699033
1210.0,17.3636531829834,2.4857988357543945,281.4497466969915
1211.0,1975.245849609375,39.45834732055664,281.63651955800015
1212.0,66.48383331298828,5.619791030883789,281.8053932819894
1213.0,76.18241119384766,6.0681681632995605,282.006835985987
1214.0,1739.868408203125,29.26882553100586,282.1796716159879
1215.0,84.49720764160156,5.1613922119140625,282.3376515009877
1216.0,198.59481811523438,9.377490997314453,282.5285853009991
1217.0,26.121505737304688,2.5989928245544434,282.70774064598663
1218.0,132.79248046875,6.029122829437256,282.8748607199959
1219.0,77.98200225830078,4.7977213859558105,283.0409975849907
1220.0,157.0602264404297,8.539316177368164,283.205162016995
1221.0,404.1573486328125,7.01896858215332,283.3899944339937
1222.0,157.2445526123047,8.664374351501465,283.55633958299586
1223.0,14.412347793579102,2.4962217807769775,283.75153156599845
1224.0,20.24420166015625,2.721447467803955,283.9167795149988
1225.0,379.26470947265625,9.934301376342773,284.07067236700095
1226.0,39.931907653808594,3.84434175491333,284.29535849198874
1227.0,31.596494674682617,3.7698729038238525,284.4463614970009
1228.0,29.978086471557617,3.5801923274993896,284.611286852989
1229.0,199.65625,11.729196548461914,284.7776718259993
1230.0,16.23676872253418,2.1094913482666016,284.9384619679913
1231.0,72.61279296875,5.371277809143066,285.1326019039989
1232.0,23.841426849365234,2.9827749729156494,285.294191287001
1233.0,63.48890686035156,5.6330742835998535,285.4796762949991
1234.0,10.404448509216309,2.1497721672058105,285.64189558099315
1235.0,312.46539306640625,8.576902389526367,285.8190455449949
1236.0,226.39869689941406,10.238027572631836,285.971097540998
1237.0,117.49658203125,5.382154941558838,286.13629251100065
1238.0,106.8626480102539,6.640376091003418,286.34596588098793
1239.0,426.5522155761719,11.24205207824707,286.51343058398925
1240.0,96.82854461669922,4.563952922821045,286.7408524299972
1241.0,450.73797607421875,13.733964920043945,286.9235450089909
1242.0,72.73211669921875,4.221581935882568,287.09052682599577
1243.0,77.71768188476562,5.084627151489258,287.3022263229941
1244.0,16.221738815307617,2.303694486618042,287.4605992149882
1245.0,79.73291778564453,4.311912536621094,287.63613107899437
1246.0,395.29681396484375,16.00415802001953,287.828505433994
1247.0,216.51702880859375,8.326435089111328,287.9944397329964
1248.0,42.01124572753906,3.881154775619507,288.2052780279919
1249.0,414.1322021484375,16.66766357421875,288.37109663199226
1250.0,43.54153823852539,4.615328788757324,288.5657788489916
1251.0,179.24591064453125,9.161751747131348,288.78069991699886
1252.0,44.627506256103516,3.357194423675537,288.9604436149966
1253.0,64.61640167236328,5.160730838775635,289.15365634199406
1254.0,18.18714714050293,2.665296792984009,289.32161956599157
1255.0,44.909767150878906,4.310094833374023,289.4849616069987
1256.0,37.281681060791016,3.354084014892578,289.69429216199205
1257.0,142.24339294433594,9.428988456726074,289.8586186169996
1258.0,229.1318359375,11.274202346801758,290.05135614899336
1259.0,223.3094024658203,8.362924575805664,290.22820447100094
1260.0,89.31713104248047,5.066030979156494,290.39410801799386
1261.0,35.83776092529297,3.355333089828491,290.59217305199127
1262.0,404.16375732421875,12.554923057556152,290.75140149198705
1263.0,50.74918746948242,5.0683393478393555,290.9461535070004
1264.0,131.99452209472656,7.04738712310791,291.14546176999283
1265.0,421.62469482421875,11.589950561523438,291.3132756529958
1266.0,238.5041046142578,9.911646842956543,291.49804442298773
1267.0,29.41728973388672,4.1918864250183105,291.66777216098853
1268.0,11.575590133666992,2.0808703899383545,291.8552497950004
1269.0,10.04706859588623,1.8797706365585327,292.01525851499173
1270.0,25.88539695739746,2.9207229614257812,292.1835070879897
1271.0,212.5034942626953,9.931953430175781,292.3513058089884
1272.0,31.712100982666016,4.042078495025635,292.51241201598896
1273.0,103.7012710571289,7.645472526550293,292.69014792899543
1274.0,57.61320114135742,5.198540687561035,292.8549340509926
1275.0,38.62526321411133,4.245158672332764,293.0142460520001
1276.0,24.91501808166504,3.241722345352173,293.20465547298954
1277.0,40.78398895263672,3.8558592796325684,293.366735935997
1278.0,172.9279327392578,9.582788467407227,293.5500081299979
1279.0,150.4522705078125,7.0986647605896,293.71395197299717
1280.0,24.28184700012207,2.8777968883514404,293.9167883939954
1281.0,812.5440673828125,19.3203067779541,294.06882889498957
1282.0,53.51509094238281,5.18690299987793,294.2350352509966
1283.0,92.31792449951172,5.682745933532715,294.44502063599066
1284.0,730.1350708007812,19.22591781616211,294.6196255059913
1285.0,82.9480209350586,6.233104705810547,294.8034640919941
1286.0,302.6048583984375,14.100601196289062,294.9892165619967
1287.0,13.445049285888672,1.9247771501541138,295.21356521699636
1288.0,24.506383895874023,2.8738560676574707,295.3890269580006
1289.0,87.15521240234375,6.3484978675842285,295.5498492879997
1290.0,35.15760803222656,3.6546759605407715,295.7369512139994
1291.0,32.37638473510742,2.914543390274048,295.91371641099977
1292.0,13.759976387023926,2.3295297622680664,296.09584026699304
1293.0,18.34918785095215,2.6781692504882812,296.2805541169946
1294.0,182.49256896972656,6.513307094573975,296.4641126839997
1295.0,33.935157775878906,3.363551616668701,296.6357394749939
1296.0,35.93670654296875,4.198393821716309,296.80337309899915
1297.0,73.89404296875,5.615090847015381,296.97644236798806
1298.0,89.26638793945312,5.091306209564209,297.18822234499385
1299.0,37.37866973876953,3.549694061279297,297.33495963999303
1300.0,8.80376148223877,1.7920175790786743,297.51008425799955
1301.0,38.62638473510742,4.336489677429199,301.69566017099714
1302.0,50.78553009033203,4.069363117218018,301.91436921399145
1303.0,10.360296249389648,1.9989863634109497,302.0917640849948
1304.0,13.501639366149902,2.536252021789551,302.2567014029919
1305.0,134.31198120117188,9.324275016784668,302.4294294889987
1306.0,105.02490997314453,5.265145301818848,302.60410208698886
1307.0,76.8682861328125,5.889649868011475,302.7672357419942
1308.0,164.0413818359375,8.552023887634277,302.94321618899994
1309.0,187.72145080566406,8.73682689666748,303.1132015369949
1310.0,108.27276611328125,6.825309753417969,303.28164590698725
1311.0,18.976388931274414,2.842247486114502,303.47527397998783
1312.0,129.76547241210938,5.836999416351318,303.65675155998906
1313.0,118.67735290527344,6.5586628913879395,303.8254970329872
1314.0,20.11530113220215,2.8475258350372314,304.0092588349944
1315.0,83.03015899658203,6.592451095581055,304.193074935989
1316.0,33.522117614746094,3.331951141357422,304.37358535898966
1317.0,32.862030029296875,3.162620782852173,304.5534262029978
1318.0,456.08917236328125,7.978662490844727,304.7336277360009
1319.0,151.98355102539062,5.623205661773682,304.89210124999227
1320.0,40.6678581237793,3.6562159061431885,305.05592704699666
1321.0,27.55271339416504,3.11203932762146,305.23942305200035
1322.0,35.37303161621094,4.229327201843262,305.4231343399879
1323.0,279.0017395019531,13.160818099975586,305.584794356997
1324.0,437.57958984375,16.47858238220215,305.7482140679931
1325.0,93.38877868652344,6.727205753326416,305.91227550299664
1326.0,29.70254135131836,2.6503207683563232,306.08072176099813
1327.0,598.5771484375,15.539868354797363,306.2524969980004
1328.0,38.8205451965332,3.8989570140838623,306.42157495098945
1329.0,73.13004302978516,4.665936470031738,306.59213021698815
1330.0,14.49713134765625,2.120804786682129,306.7618664979964
1331.0,40.100643157958984,3.5323269367218018,306.92634798899235
1332.0,315.6910095214844,13.646169662475586,307.09992128799786
1333.0,95.45038604736328,5.990092754364014,307.2839396559866
1334.0,79.68494415283203,5.91868782043457,307.4618999249942
1335.0,44.7547721862793,4.446333408355713,307.64227873999334
1336.0,60.306617736816406,4.198665142059326,307.8142882139946
1337.0,123.14190673828125,8.987854957580566,307.9766303889919
1338.0,88.99031066894531,5.320057392120361,308.131042486988
1339.0,14.248147010803223,2.515716075897217,308.2953574359999
1340.0,58.358680725097656,4.244960308074951,308.4928372709983
1341.0,91.08934020996094,5.021553039550781,308.6727295869932
1342.0,99.53236389160156,5.379288196563721,308.84964993799804
1343.0,37.435791015625,4.160619735717773,309.03214182399097
1344.0,138.84751892089844,8.079095840454102,309.20410340199305
1345.0,55.160011291503906,4.036548614501953,309.37950479799474
1346.0,70.94602966308594,5.302314758300781,309.56510680899373
1347.0,62.9110107421875,5.410214900970459,309.7405153189902
1348.0,759.1585083007812,19.61705780029297,309.9010520719894
1349.0,28.430641174316406,3.0639073848724365,310.07844820698665
1350.0,8.880005836486816,1.849251389503479,310.25754255100037
1351.0,152.13462829589844,5.739627361297607,310.4432554169907
1352.0,32.43433380126953,3.581881046295166,310.60655602099723
1353.0,107.10171508789062,6.329656600952148,310.8005556789867
1354.0,74.48068237304688,4.724893093109131,310.99046460699174
1355.0,48.289390563964844,5.19635534286499,311.18545832298696
1356.0,38.539222717285156,3.6079628467559814,311.37522444799833
1357.0,94.83019256591797,4.682942867279053,311.5608269039949
1358.0,29.45646858215332,3.0603294372558594,311.7487990179943
1359.0,46.837913513183594,3.623819589614868,311.93401040599565
1360.0,14.944435119628906,2.2020325660705566,312.1070582149987
1361.0,175.34371948242188,7.967092514038086,312.3021621629887
1362.0,326.0509033203125,12.631562232971191,312.49588493698684
1363.0,100.7447738647461,4.636577129364014,312.67654849898827
1364.0,20.905508041381836,3.340318441390991,312.860767827995
1365.0,21.863805770874023,3.294344186782837,313.07402022699534
1366.0,100.40451049804688,6.878598213195801,313.24005379498703
1367.0,18.795080184936523,2.5441548824310303,313.4284665079904
1368.0,15.532774925231934,2.6193349361419678,313.6066249419964
1369.0,52.533714294433594,4.757226943969727,313.7873693309957
1370.0,80.24124145507812,5.0074028968811035,313.95366843898955
1371.0,69.7824935913086,4.9267578125,314.11980203299026
1372.0,48.78693771362305,4.89927339553833,314.2943609949871
1373.0,74.98567199707031,4.613559246063232,314.4732194429962
1374.0,32.64611053466797,2.9648685455322266,314.66160483600106
1375.0,712.67529296875,17.784059524536133,314.83076550198894
1376.0,20.468446731567383,2.9121005535125732,315.0142522769893
1377.0,90.95863342285156,7.218696594238281,315.17301284299174
1378.0,39.5047721862793,3.8815534114837646,315.32937228099036
1379.0,546.1463623046875,19.17616081237793,315.51582337399304
1380.0,92.60801696777344,7.227542400360107,315.70320349499525
1381.0,497.7576904296875,8.50772762298584,315.8986308249878
1382.0,29.959264755249023,3.5096631050109863,316.0849050639954
1383.0,126.58113098144531,5.501890182495117,316.2917509139952
1384.0,987.8817138671875,27.345352172851562,316.46952236899233
1385.0,78.59347534179688,5.333151817321777,316.63929938199
1386.0,33.2554817199707,3.2362892627716064,316.81853263499215
1387.0,18.129467010498047,2.7987022399902344,317.007239966988
1388.0,24.374706268310547,2.661942720413208,317.17166012398957
1389.0,58.294734954833984,5.360191345214844,317.3547746769909
1390.0,119.62842559814453,7.868086338043213,317.53232164599467
1391.0,166.9151611328125,8.149406433105469,317.73846329099615
1392.0,25.149938583374023,3.254918336868286,317.90122295799665
1393.0,177.4142608642578,8.7711181640625,318.07142751499487
1394.0,16.84353256225586,2.647002935409546,318.24272327798826
1395.0,49.882774353027344,4.9226837158203125,318.4127450879896
1396.0,102.76493835449219,4.582592964172363,318.6034475769993
1397.0,120.44956970214844,7.264194011688232,318.78705755999545
1398.0,112.56612396240234,5.81128454208374,318.96202495798934
1399.0,20.042076110839844,2.4402198791503906,319.1300456600002
1400.0,22.393739700317383,2.563603401184082,319.29275945598783
1401.0,12.544965744018555,2.193767786026001,325.5022698899993
1402.0,48.39890670776367,4.643411636352539,325.67368954999256
1403.0,8.892449378967285,1.8109855651855469,325.9174040039943
1404.0,43.02572250366211,4.628550052642822,326.1009429699916
1405.0,39.058135986328125,4.944036960601807,326.28432133399474
1406.0,82.99980926513672,5.981115341186523,326.4780358099961
1407.0,72.58624267578125,5.1583356857299805,326.62879844999406
1408.0,59.28447723388672,5.61674690246582,326.8492743819952
1409.0,14.276577949523926,2.4293718338012695,327.01171564099786
1410.0,63.9971809387207,4.146152973175049,327.20704664899677
1411.0,151.4766082763672,8.805192947387695,327.3892563749978
1412.0,111.25653839111328,5.868900775909424,327.55772069298837
1413.0,1006.8843383789062,26.269744873046875,327.75026278999576
1414.0,48.965492248535156,5.04591703414917,327.9311079859908
1415.0,402.0832214355469,15.825738906860352,328.1366898829874
1416.0,28.729324340820312,3.7493627071380615,328.3265734059969
1417.0,1603.2813720703125,29.5728816986084,328.4848868439876
1418.0,64.68356323242188,5.604516506195068,328.68573120899964
1419.0,32.765220642089844,4.099405765533447,328.86827816399455
1420.0,100.45333862304688,5.278601169586182,329.04938119299186
1421.0,97.84696960449219,6.17244291305542,329.27995300600014
1422.0,312.2863464355469,8.720409393310547,329.46333920898905
1423.0,23.657686233520508,3.174999237060547,329.63120975998754
1424.0,15.830720901489258,2.1851718425750732,329.8189982099866
1425.0,82.7349624633789,4.303635597229004,329.97331929398933
1426.0,31.694175720214844,3.8921947479248047,330.1733875409991
1427.0,167.07192993164062,6.65962553024292,330.34321884499514
1428.0,105.62619018554688,7.302986145019531,330.5186588039942
1429.0,133.85574340820312,6.693528175354004,330.67567203698854
1430.0,836.2310180664062,18.71638298034668,330.85171700199135
1431.0,102.40270233154297,5.312235355377197,331.0272868149914
1432.0,126.28934478759766,6.920685291290283,331.19291931198677
1433.0,36.938968658447266,4.311520099639893,331.41746787900047
1434.0,390.29071044921875,10.589315414428711,331.60009547499067
1435.0,96.72159576416016,7.058266639709473,331.82206368599145
1436.0,45.43035888671875,4.428714275360107,332.01628916698974
1437.0,41.212242126464844,3.500397205352783,332.2079322799982
1438.0,95.7206802368164,5.514856338500977,332.4123002499982
1439.0,30.200613021850586,3.3400940895080566,332.5713057760004
1440.0,9.79492473602295,1.8594980239868164,332.7747655629937
1441.0,60.384769439697266,3.8695335388183594,332.957740236001
1442.0,7.813863754272461,1.6979809999465942,333.12525937698956
1443.0,100.03341674804688,6.426422595977783,333.29351931299607
1444.0,30.672500610351562,3.586965799331665,333.4528364509897
1445.0,18.0821475982666,2.5260350704193115,333.63257544499356
1446.0,76.46611785888672,4.483366966247559,333.83041561799473
1447.0,18.28327751159668,2.9903414249420166,334.0363267609937
1448.0,251.78994750976562,12.707863807678223,334.2224058199936
1449.0,16.816444396972656,2.5288195610046387,334.40026188299817
1450.0,17.739900588989258,2.622391939163208,334.5632809949893
1451.0,31.64903450012207,4.206134796142578,334.7539927439939
1452.0,275.2012634277344,7.85059118270874,334.92547498799104
1453.0,31.004262924194336,3.703559637069702,335.11679236299824
1454.0,187.21945190429688,7.8453497886657715,335.31705791498825
1455.0,300.19329833984375,10.395771980285645,335.48747864499455
1456.0,13.456853866577148,2.0743446350097656,335.6531982699962
1457.0,748.0260009765625,18.371606826782227,335.84572811498947
1458.0,28.72548484802246,3.5235097408294678,336.04121493699495
1459.0,469.7331237792969,17.974008560180664,336.21439297100005
1460.0,84.06482696533203,5.188851356506348,336.3960418709903
1461.0,15.358619689941406,2.342585563659668,336.5813394609868
1462.0,52.266815185546875,4.1035284996032715,336.7617082409997
1463.0,19.311716079711914,2.53415584564209,336.93232942398754
1464.0,61.39448928833008,5.167270660400391,337.1283682889916
1465.0,86.34352111816406,4.392489433288574,337.31013389599684
1466.0,58.376853942871094,3.960731029510498,337.4663867569907
1467.0,157.27769470214844,7.392142295837402,337.6300064029929
1468.0,169.15960693359375,7.886610507965088,337.8062310999958
1469.0,98.85258483886719,5.286026477813721,337.97917412099196
1470.0,110.36277770996094,6.098959445953369,338.1591236899985
1471.0,54.337791442871094,5.218053340911865,338.335051638991
1472.0,256.2485046386719,7.704336643218994,338.5098233069875
1473.0,37.74545669555664,3.359654426574707,338.67414675699547
1474.0,36.322994232177734,3.987426996231079,338.84064301199396
1475.0,50.26333999633789,3.997645378112793,339.012299184993
1476.0,1911.164306640625,30.502527236938477,339.19164534599986
1477.0,68.86576843261719,5.8062744140625,339.3686660289968
1478.0,57.84406280517578,5.381525039672852,339.53679107199423
1479.0,36.878570556640625,2.997781753540039,339.7177008079889
1480.0,99.6807861328125,6.919098377227783,339.94313415799115
1481.0,21.522714614868164,2.7125658988952637,340.12028295999335
1482.0,228.19285583496094,7.862020492553711,340.29743583699747
1483.0,41.186439514160156,3.6029720306396484,340.48333661200013
1484.0,21.534608840942383,2.8330163955688477,340.6560896729934
1485.0,15.142339706420898,2.161456823348999,340.8289568259934
1486.0,32.09994125366211,3.1247124671936035,341.00677887799975
1487.0,13.953486442565918,2.096813917160034,341.17407947299944
1488.0,50.110294342041016,4.230154991149902,341.33717042299395
1489.0,49.66322326660156,4.994544506072998,341.5063318719913
1490.0,900.0833129882812,20.743383407592773,341.6834825469996
1491.0,100.26507568359375,6.01240348815918,341.86382336298993
1492.0,596.356689453125,18.95469856262207,342.0500511149876
1493.0,83.57548522949219,4.880040168762207,342.2339709789958
1494.0,17.589839935302734,2.4607479572296143,342.4323752979981
1495.0,34.358299255371094,3.8602607250213623,342.5974852369982
1496.0,79.93058776855469,5.157684803009033,342.787610563988
1497.0,23.23505973815918,3.1988260746002197,342.96951229499246
1498.0,512.2291870117188,13.046012878417969,343.15215063199867
1499.0,41.98723602294922,3.8728325366973877,343.3067887649959
1500.0,41.391780853271484,3.654663562774658,343.47520729999815
1501.0,33.776214599609375,3.3145241737365723,348.59175094899547
1502.0,112.42965698242188,4.732789516448975,348.7965066119941
1503.0,84.01777648925781,4.375986099243164,348.9610354519973
1504.0,40.89881134033203,3.7273144721984863,349.1266931049904
1505.0,94.57730865478516,5.209323883056641,349.3011608300003
1506.0,51.73468017578125,5.147176265716553,349.47186121100094
1507.0,163.52464294433594,9.801530838012695,349.6397832789953
1508.0,8.573122024536133,1.5264816284179688,349.8167416840006
1509.0,441.4078674316406,12.853519439697266,349.9916302529891
1510.0,429.3168029785156,13.937044143676758,350.16177934799634
1511.0,9.489228248596191,1.6967204809188843,350.3392834549886
1512.0,15.073715209960938,2.414846181869507,350.5093039259955
1513.0,448.58477783203125,10.57740592956543,350.6947724329948
1514.0,12.102018356323242,2.1071972846984863,350.878397301989
1515.0,23.068178176879883,3.5944156646728516,351.04527401700034
1516.0,8.401304244995117,1.7638535499572754,351.20635856299486
1517.0,36.42778015136719,4.295871734619141,351.3922082520003
1518.0,20.54671859741211,2.858600616455078,351.55784972998663
1519.0,50.66838455200195,4.870957851409912,351.7334445979941
1520.0,70.37779998779297,5.329798698425293,351.92568638599187
1521.0,219.62416076660156,9.615984916687012,352.10243886899843
1522.0,14.035127639770508,2.3161535263061523,352.25739748298656
1523.0,8.4595365524292,1.762300729751587,352.43076552799903
1524.0,19.865192413330078,2.4152872562408447,352.59844505599176
1525.0,122.62220001220703,6.757847785949707,352.7586689569871
1526.0,9.35266399383545,2.034026622772217,352.9362987409986
1527.0,25.456178665161133,3.2511582374572754,353.12162734499725
1528.0,52.00223922729492,4.225071907043457,353.28841942199506
1529.0,14.524521827697754,2.300642728805542,353.4605972489953
1530.0,76.5980224609375,5.512020111083984,353.6434468449879
1531.0,87.99978637695312,5.68422269821167,353.83067095300066
1532.0,313.7366027832031,8.808882713317871,353.9963260379882
1533.0,99.69465637207031,7.888278961181641,354.1702152959915
1534.0,155.47181701660156,8.433034896850586,354.3527514169982
1535.0,27.538476943969727,2.7443792819976807,354.52286765199096
1536.0,57.86083221435547,5.037176609039307,354.7037641349889
1537.0,287.2864074707031,12.890724182128906,354.860661668994
1538.0,88.5398178100586,4.5901079177856445,355.03842041498865
1539.0,45.80705642700195,3.7705888748168945,355.22294903799775
1540.0,28.629638671875,3.2464749813079834,355.3826922619919
1541.0,23.126855850219727,2.96144700050354,355.55229389399756
1542.0,41.886390686035156,3.477787971496582,355.7472495129914
1543.0,12.051703453063965,2.0395703315734863,355.9636719889968
1544.0,34.084129333496094,2.7525553703308105,356.15062755199324
1545.0,8.725924491882324,1.7630939483642578,356.3076950879913
1546.0,40.84728240966797,3.6984050273895264,356.5018723169924
1547.0,59.76527404785156,4.774034023284912,356.6860911959957
1548.0,56.736572265625,3.7423861026763916,356.8726395119884
1549.0,90.4403305053711,4.230636119842529,357.05116788299347
1550.0,911.5213623046875,26.068918228149414,357.22530949499924
1551.0,13.583548545837402,2.276252031326294,357.4138210809906
1552.0,153.47018432617188,4.483299255371094,357.5856939649966
1553.0,127.6792221069336,6.579929828643799,357.75302413599275
1554.0,108.73198699951172,6.191427230834961,357.9178019409883
1555.0,78.90534973144531,4.851618766784668,358.0990123019874
1556.0,16.19206428527832,2.5159196853637695,358.2733683069964
1557.0,129.5999298095703,6.329652786254883,358.4326163789956
1558.0,698.9754028320312,20.37226676940918,358.6195552709978
1559.0,76.56388092041016,5.007029056549072,358.79901535499084
1560.0,58.7413444519043,5.226912498474121,358.97572519299865
1561.0,144.962646484375,6.460400104522705,359.16582925099647
1562.0,67.97452545166016,5.079959869384766,359.3074021909997
1563.0,48.013519287109375,3.9156997203826904,359.4767541119945
1564.0,72.46549987792969,5.655388832092285,359.67756346099486
1565.0,11.764799118041992,2.0223629474639893,359.84089868598676
1566.0,24.81651496887207,2.473731517791748,360.0247649959929
1567.0,24.23251724243164,2.769568920135498,360.1890291289892
1568.0,265.0029602050781,11.876092910766602,360.3569022419979
1569.0,23.881587982177734,3.148280382156372,360.5376539049903
1570.0,58.86275863647461,4.623924732208252,360.717310447988
1571.0,92.2101821899414,6.2386651039123535,360.88812410600076
1572.0,107.8924331665039,5.194901943206787,361.049745559998
1573.0,145.92648315429688,8.85289478302002,361.21723155899963
1574.0,59.996212005615234,4.429567337036133,361.4182355489902
1575.0,28.43088722229004,3.413027048110962,361.5733557789936
1576.0,88.90695190429688,6.05903434753418,361.7816287769965
1577.0,184.1940460205078,6.896449089050293,361.94528949499363
1578.0,23.545087814331055,2.9830164909362793,362.1132984299911
1579.0,18.848299026489258,2.910670518875122,362.30613494499994
1580.0,92.1265869140625,4.7991204261779785,362.46460064499115
1581.0,108.230712890625,5.862565040588379,362.6237907069881
1582.0,27.86079216003418,3.4122209548950195,362.79666133699357
1583.0,1466.278076171875,33.887657165527344,362.95437677898735
1584.0,99.52633666992188,5.5694169998168945,363.1115667129925
1585.0,48.86713790893555,4.600060939788818,363.3386402439937
1586.0,73.3270263671875,5.35006046295166,363.5126899579918
1587.0,39.38499450683594,4.050806522369385,363.6838037399866
1588.0,15.680224418640137,2.23331880569458,363.8386834379926
1589.0,71.13846588134766,5.5260796546936035,364.0032641019934
1590.0,313.3575439453125,12.781373977661133,364.1664767159964
1591.0,84.52135467529297,6.153350830078125,364.3315513619891
1592.0,119.78755187988281,6.614710807800293,364.5250488460006
1593.0,63.524044036865234,5.606123924255371,364.71794689299713
1594.0,66.74371337890625,5.848023891448975,364.8856236360007
1595.0,19.697601318359375,2.7906558513641357,365.0698784829874
1596.0,23.57337760925293,3.369945526123047,365.24926865998714
1597.0,41.20793914794922,4.113851547241211,365.52172764799616
1598.0,28.660661697387695,3.2311806678771973,365.78090279499884
1599.0,67.83779907226562,4.500149726867676,365.98453128499386
1600.0,39.14028549194336,3.634962320327759,366.3156199519872
1601.0,66.82831573486328,3.9158437252044678,373.55368474499846
1602.0,35.68012237548828,2.8481531143188477,373.722622560992
1603.0,15.14415454864502,2.592160224914551,374.0300194929878
1604.0,143.4646453857422,6.677382946014404,374.2189170999918
1605.0,10.08200454711914,1.8415554761886597,374.5902942229877
1606.0,32.12046432495117,2.6674065589904785,374.82288930499635
1607.0,52.45479202270508,3.7536537647247314,374.9875192789914
1608.0,122.09828186035156,6.019652843475342,375.20531809898966
1609.0,29.627214431762695,4.370233535766602,375.38051015499514
1610.0,65.52836608886719,5.023349761962891,375.5853791769914
1611.0,52.28242874145508,3.974823236465454,375.78303973599395
1612.0,13.74304485321045,2.072394371032715,375.9957741149992
1613.0,38.27781295776367,3.369490623474121,376.17367805998947
1614.0,196.21385192871094,8.3010835647583,376.3682411829941
1615.0,23.086544036865234,3.1734046936035156,376.529105840993
1616.0,61.75116729736328,4.194960117340088,376.74752301099943
1617.0,73.52278137207031,4.940155506134033,376.95370182799525
1618.0,58.86907958984375,5.222972869873047,377.14847971400013
1619.0,110.20256805419922,5.9766058921813965,377.3419560629991
1620.0,300.4465026855469,8.505139350891113,377.5201556719985
1621.0,53.14746856689453,4.509319305419922,377.70383264998964
1622.0,49.88685607910156,4.021012783050537,377.8767084459978
1623.0,61.06378173828125,4.58175802230835,378.06670915598806
1624.0,622.27490234375,17.425119400024414,378.25939876899065
1625.0,47.6541748046875,4.197832107543945,378.4286627279944
1626.0,9.172497749328613,1.807399034500122,378.6061592759943
1627.0,102.84019470214844,6.61893892288208,378.8156808509957
1628.0,99.3616714477539,6.503627777099609,378.99297078298696
1629.0,42.045040130615234,3.96760892868042,379.1691224989918
1630.0,23.328012466430664,2.984524965286255,379.3423743119929
1631.0,28.20856285095215,3.5396888256073,379.5215421359899
1632.0,26.024545669555664,3.4347643852233887,379.70954138599336
1633.0,24.0684814453125,3.079737424850464,379.9006279499881
1634.0,63.9289436340332,5.299803256988525,380.0830221590004
1635.0,13.465336799621582,2.2724239826202393,380.24944813399634
1636.0,12.7290620803833,2.4718832969665527,380.4251814829913
1637.0,39.8266716003418,4.135377407073975,380.61958227399737
1638.0,21.909360885620117,3.1823697090148926,380.7912500620005
1639.0,53.84563446044922,4.813661098480225,380.95275608099473
1640.0,7.963843822479248,1.672428846359253,381.13842926999496
1641.0,28.806140899658203,3.0854299068450928,381.31254072899173
1642.0,350.0226745605469,12.869738578796387,381.4817705519963
1643.0,46.60884475708008,4.238665580749512,381.6541592680005
1644.0,26.04545783996582,2.4735169410705566,381.83154247299535
1645.0,31.643218994140625,3.162379503250122,382.0226513259986
1646.0,15.826095581054688,2.5344855785369873,382.20884312299313
1647.0,448.11749267578125,7.466225624084473,382.39953871798934
1648.0,31.33896827697754,3.5402185916900635,382.58457646198804
1649.0,95.36591339111328,5.369507312774658,382.7912445539987
1650.0,272.295654296875,5.995759010314941,382.9707526479906
1651.0,507.9540710449219,13.986279487609863,383.16390539599524
1652.0,58.39134979248047,4.432276248931885,383.3661511190003
1653.0,15.31282901763916,2.280001163482666,383.5393085659889
1654.0,24.346830368041992,2.995837688446045,383.71066568398965
1655.0,8.716083526611328,1.9997326135635376,383.8733543540002
1656.0,11.476622581481934,2.178189277648926,384.0363247159985
1657.0,124.12741088867188,8.843229293823242,384.1969151809899
1658.0,84.92212677001953,4.541884422302246,384.3610351249954
1659.0,16.846195220947266,2.5492942333221436,384.52718972
1660.0,52.01773452758789,3.7318878173828125,384.6976432659867
1661.0,56.18379211425781,4.240488529205322,384.9004525700002
1662.0,20.0670108795166,3.1861345767974854,385.05816666399187
1663.0,120.07492065429688,8.344390869140625,385.22970036498737
1664.0,16.718969345092773,2.648315191268921,385.39227431299514
1665.0,458.5465087890625,13.239614486694336,385.56427019799594
1666.0,67.51594543457031,5.664185523986816,385.7538072419993
1667.0,1414.76904296875,31.446455001831055,385.94422030499845
1668.0,195.2482452392578,8.28821849822998,386.1156615459913
1669.0,40.938690185546875,4.027897834777832,386.29759798099985
1670.0,35.11630630493164,3.374319553375244,386.4967720179993
1671.0,45.34294128417969,3.9305813312530518,386.6735257849941
1672.0,25.282743453979492,3.104386568069458,386.8438158159988
1673.0,377.4723205566406,8.491259574890137,387.02025492399116
1674.0,16.366418838500977,2.2794852256774902,387.2272427969874
1675.0,80.39463806152344,4.707310199737549,387.4168049449945
1676.0,326.4287109375,14.391554832458496,387.58847694899305
1677.0,7.416506290435791,1.6192278861999512,387.7694365589996
1678.0,109.95296478271484,6.631412982940674,387.9489099709899
1679.0,62.06184768676758,5.410276412963867,388.10878852299356
1680.0,80.13622283935547,4.331839084625244,388.28545206999115
1681.0,19.900684356689453,2.7116951942443848,388.4814516389888
1682.0,111.27196502685547,5.300805568695068,388.6478082120011
1683.0,10.856254577636719,1.8608375787734985,388.8292063409899
1684.0,29.188329696655273,3.4016225337982178,389.00516746799985
1685.0,1021.155517578125,26.756999969482422,389.19370520699886
1686.0,84.2657699584961,4.796797752380371,389.36404819799645
1687.0,26.08622169494629,3.4077091217041016,389.56633839799906
1688.0,24.347780227661133,3.333280086517334,389.7348026959953
1689.0,23.91840934753418,3.236400604248047,389.910493036994
1690.0,107.7698745727539,5.692564964294434,390.1199040909996
1691.0,64.85929870605469,5.930970668792725,390.2988495929894
1692.0,87.23524475097656,7.5696845054626465,390.47659535899584
1693.0,102.64781951904297,5.074016571044922,390.6583117439877
1694.0,226.59442138671875,12.176046371459961,390.8500406159874
1695.0,43.34600830078125,4.456624507904053,391.0392405429884
1696.0,151.17626953125,8.884542465209961,391.22973513299075
1697.0,86.49961853027344,4.7777886390686035,391.39875329998904
1698.0,509.163818359375,13.437809944152832,391.6114636919956
1699.0,27.10004234313965,3.815849542617798,391.7921618059918
1700.0,185.1717071533203,8.223116874694824,391.9705699279875
1701.0,38.99693298339844,4.144540786743164,396.74349557000096
1702.0,421.79425048828125,10.578775405883789,396.9386474539933
1703.0,92.42935180664062,4.881904125213623,397.129639294988
1704.0,224.24851989746094,11.458415031433105,397.311794764988
1705.0,92.90215301513672,6.2643141746521,397.47477260799496
1706.0,13.883005142211914,2.152212142944336,397.6514128629933
1707.0,161.84808349609375,6.191669940948486,397.81376341098803
1708.0,55.09246063232422,5.276498317718506,397.9954847459885
1709.0,623.219482421875,15.227100372314453,398.1915765649901
1710.0,70.49747467041016,5.032730579376221,398.372565615995
1711.0,31.535314559936523,3.8533809185028076,398.56269218398666
1712.0,270.6603698730469,9.874434471130371,398.75603667099494
1713.0,16.81633758544922,2.4170327186584473,398.9658984689886
1714.0,22.953903198242188,2.539095878601074,400.30334093199053
1715.0,16.669620513916016,2.4312543869018555,401.43322183899
1716.0,24.017520904541016,2.7606775760650635,402.1311920839944
1717.0,32.4444694519043,3.460216760635376,402.3257098079921
1718.0,267.57965087890625,8.75977611541748,402.4968680309976
1719.0,50.9648551940918,3.712005615234375,402.66515110198816
1720.0,40.04041290283203,4.2159647941589355,402.8309448020009
1721.0,121.7115478515625,6.222809791564941,403.01225661099306
1722.0,47.841888427734375,4.346104145050049,403.1711914159969
1723.0,68.53233337402344,5.31229829788208,403.33901382799377
1724.0,35.08743667602539,4.244484901428223,403.5269164679921
1725.0,208.93580627441406,11.001482963562012,403.7284832199948
1726.0,33.502685546875,3.0698976516723633,403.9063808219944
1727.0,923.0897216796875,20.234548568725586,404.0966853689897
1728.0,77.56078338623047,4.477165222167969,404.25987465099024
1729.0,33.541175842285156,3.4171297550201416,404.5045449499885
1730.0,105.02063751220703,5.978813171386719,404.6946091639984
1731.0,27.701231002807617,2.7547879219055176,404.85429847099294
1732.0,85.52887725830078,4.202192306518555,405.02819018799346
1733.0,6.011481761932373,1.5435068607330322,405.18574021699897
1734.0,44.932960510253906,4.29891300201416,405.36731624099775
1735.0,60.95562744140625,3.45409893989563,405.6221543959982
1736.0,239.34254455566406,12.162676811218262,405.7813367829949
1737.0,9.711029052734375,1.9637119770050049,405.96454002500104
1738.0,137.57559204101562,7.6099853515625,406.1441232020006
1739.0,1068.777099609375,23.181556701660156,406.3258735709969
1740.0,30.996793746948242,3.7114832401275635,406.4906181139959
1741.0,127.69499206542969,5.9152727127075195,406.6501481659943
1742.0,14.909276008605957,2.1039211750030518,406.85655078699347
1743.0,72.36294555664062,4.975529670715332,407.0156416359969
1744.0,88.1681900024414,6.300984859466553,407.18372242699843
1745.0,57.96137237548828,5.457336902618408,407.3726683329878
1746.0,42.01551818847656,3.6342756748199463,407.5357722379995
1747.0,24.89978790283203,2.6007637977600098,407.7004783759912
1748.0,43.43748474121094,3.9632797241210938,407.8669359609921
1749.0,8.461553573608398,1.7137213945388794,408.06082758298726
1750.0,124.25437927246094,7.894097328186035,408.2239199339965
1751.0,10.586136817932129,1.8705034255981445,408.40948086099525
1752.0,8.355804443359375,1.7101287841796875,408.56333189200086
1753.0,16.568700790405273,2.4215800762176514,408.7326670399925
1754.0,68.3466567993164,5.355074405670166,408.9207968769915
1755.0,30.310606002807617,3.8941574096679688,409.0816725099867
1756.0,77.3646011352539,4.68746280670166,409.2970582849957
1757.0,18.124616622924805,2.5397157669067383,409.4896146940009
1758.0,16.686077117919922,2.40549898147583,409.6533417229948
1759.0,113.67989349365234,6.285777568817139,409.8477722929965
1760.0,183.5556182861328,7.11855411529541,410.0288228099962
1761.0,32.769596099853516,3.834641218185425,410.19231654598843
1762.0,1031.86865234375,23.655107498168945,410.38366690099065
1763.0,88.0810775756836,4.84096097946167,410.55658016698726
1764.0,30.16847038269043,4.272001266479492,410.7366306109907
1765.0,31.97355079650879,3.889094829559326,410.92524932899687
1766.0,447.9220275878906,12.936036109924316,411.0796162990009
1767.0,34.68071746826172,4.017031669616699,411.282538473999
1768.0,107.96734619140625,7.420732498168945,411.43158647399105
1769.0,22.624656677246094,3.1232552528381348,411.63943961900077
1770.0,72.64508819580078,4.797110080718994,411.7940130759962
1771.0,2347.97021484375,33.96883010864258,411.9726923399867
1772.0,68.00655364990234,4.330935001373291,412.1471969229897
1773.0,780.80615234375,18.92879295349121,412.32592801499413
1774.0,17.24263572692871,2.3100109100341797,412.512154223994
1775.0,104.12940979003906,6.331226825714111,412.6709038259869
1776.0,13.457695960998535,2.3064169883728027,412.87524467898766
1777.0,7.105463981628418,1.5836814641952515,413.0656614499894
1778.0,145.5709686279297,5.997910976409912,413.2659645699896
1779.0,128.64688110351562,5.295380115509033,413.45911112899194
1780.0,44.06734848022461,3.238948106765747,413.6478742499894
1781.0,22.682863235473633,3.0377113819122314,413.8167868919991
1782.0,88.87372589111328,4.948781490325928,414.03709459899983
1783.0,68.41188049316406,5.2768635749816895,414.2310659689974
1784.0,49.38361358642578,4.682659149169922,414.4133815769892
1785.0,173.64529418945312,8.809599876403809,414.6077075059875
1786.0,52.36365509033203,4.456709861755371,414.7864943029999
1787.0,9.135351181030273,1.7055789232254028,414.9527720699989
1788.0,179.03866577148438,6.107641696929932,415.15521300499677
1789.0,39.36823654174805,4.55605411529541,415.33953076798934
1790.0,111.32272338867188,5.092239856719971,415.561708246998
1791.0,50.48834228515625,4.318955421447754,415.7332774779934
1792.0,148.10055541992188,5.898813724517822,415.93884374298796
1793.0,8.429971694946289,1.6969804763793945,416.11117743999057
1794.0,158.97300720214844,8.928152084350586,416.3064503719943
1795.0,85.7504653930664,4.754380702972412,416.49469798299833
1796.0,56.7813606262207,5.079380989074707,416.6680040259962
1797.0,191.9842987060547,8.525649070739746,416.83250569499796
1798.0,36.1063346862793,3.203815221786499,417.00369680199947
1799.0,49.99497604370117,3.235391616821289,417.175692616991
1800.0,19.37360382080078,2.7690229415893555,417.3566416229878
1801.0,162.38917541503906,6.475883483886719,421.7748913069954
1802.0,53.8206787109375,4.521348476409912,421.9688245439902
1803.0,151.58477783203125,8.353978157043457,422.14983997399395
1804.0,29.503643035888672,2.988010883331299,422.3253388819867
1805.0,8.967447280883789,1.7957618236541748,422.51438721700106
1806.0,54.94355773925781,4.834224224090576,422.702039700991
1807.0,185.83131408691406,10.460845947265625,422.8718150599889
1808.0,50.6315803527832,3.826598882675171,423.06741543099633
1809.0,35.30994415283203,2.998124599456787,423.25817998299317
1810.0,24.897966384887695,3.4606199264526367,423.45410718499625
1811.0,42.94514083862305,4.294711589813232,423.6383447739936
1812.0,80.49786376953125,3.832078695297241,423.8239458559983
1813.0,105.73373413085938,7.743238925933838,424.01276517299993
1814.0,45.691429138183594,4.293817520141602,424.19872957799817
1815.0,58.43239974975586,3.988464117050171,424.39982027698716
1816.0,19.609752655029297,2.8497824668884277,424.57034629599366
1817.0,31.11771011352539,2.640115976333618,424.7135837829992
1818.0,60.393760681152344,4.418720722198486,424.8792837009969
1819.0,415.5801696777344,14.972599983215332,425.07488281599944
1820.0,159.28955078125,9.443107604980469,425.23502367899346
1821.0,299.88690185546875,9.936019897460938,425.45899846300017
1822.0,411.47491455078125,7.220008850097656,425.6855202559964
1823.0,202.3406982421875,6.0579752922058105,425.9078582039947
1824.0,49.11711883544922,4.548465251922607,426.10580290999496
1825.0,18.32741355895996,2.359870433807373,426.29443626299326
1826.0,123.1534194946289,7.319044589996338,426.5027892529906
1827.0,98.56070709228516,6.251414775848389,426.71902568399673
1828.0,66.29653930664062,4.370656490325928,426.90839002499706
1829.0,64.41165924072266,5.465439319610596,427.0951508379949
1830.0,134.92047119140625,5.844145774841309,427.26458307799476
1831.0,101.08584594726562,5.233031749725342,427.45868400199106
1832.0,102.57466125488281,7.013956546783447,427.63720579000073
1833.0,1339.3004150390625,32.201385498046875,427.82328648299153
1834.0,1162.2294921875,22.135387420654297,428.0340852109948
1835.0,48.148311614990234,5.043980121612549,428.2202161009918
1836.0,17.42068099975586,2.31461501121521,428.39714838098735
1837.0,61.14509582519531,4.439615249633789,428.5983090039954
1838.0,11.055168151855469,2.214860677719116,428.8069044469885
1839.0,34.88301086425781,3.330502986907959,428.98871441799565
1840.0,14.360191345214844,2.691007137298584,429.1602528629883
1841.0,43.5260009765625,4.050903797149658,429.34611668299476
1842.0,138.36181640625,7.572582244873047,429.53560717299115
1843.0,15.509967803955078,1.9765321016311646,429.70790871299687
1844.0,18.411184310913086,2.209141254425049,429.8818911720009
1845.0,474.7562255859375,17.567880630493164,430.0506342699955
1846.0,26.551504135131836,2.84342098236084,430.2291522299929
1847.0,11.006040573120117,2.2050132751464844,430.39513381199504
1848.0,103.2141342163086,5.821732521057129,430.5767479969945
1849.0,107.40977478027344,7.165015697479248,430.74440447898814
1850.0,22.067874908447266,2.721623659133911,430.90682221899624
1851.0,57.90886688232422,5.376596450805664,431.06692448198737
1852.0,62.12776184082031,5.280133247375488,431.2390179869981
1853.0,17.0273380279541,2.467433452606201,431.4034158499999
1854.0,31.18370246887207,3.1525654792785645,431.5641936589964
1855.0,57.92204284667969,4.00309944152832,431.727115732996
1856.0,63.49099349975586,5.177805423736572,431.8890069719928
1857.0,16.064924240112305,2.3497796058654785,432.06677392398706
1858.0,277.1655578613281,9.240151405334473,432.25001373399573
1859.0,10.49597454071045,1.9554307460784912,432.41937285299355
1860.0,144.6648712158203,7.459702014923096,432.58928180098883
1861.0,199.63525390625,9.198543548583984,432.8168890759989
1862.0,38.90528106689453,3.609630823135376,432.9921319360001
1863.0,45.02397537231445,4.704100131988525,433.16092042598757
1864.0,11.5495023727417,2.196787118911743,433.3276064879901
1865.0,21.013683319091797,2.6151225566864014,433.4943983319972
1866.0,104.38776397705078,7.587008476257324,433.69713390499237
1867.0,28.64010238647461,3.5916011333465576,433.9037134349928
1868.0,33.537757873535156,3.4493579864501953,434.06913107598666
1869.0,50.8776969909668,4.920328140258789,434.2473410120001
1870.0,138.93231201171875,7.062100887298584,434.4092040999967
1871.0,105.64751434326172,6.224595546722412,434.5695668999979
1872.0,14.802603721618652,2.3307831287384033,434.7238426969998
1873.0,44.71589660644531,2.9818811416625977,434.8977739499969
1874.0,29.647451400756836,3.8478405475616455,435.0821140479966
1875.0,496.8603210449219,16.57784080505371,435.2611655169894
1876.0,15.436928749084473,2.129974842071533,435.46405025599233
1877.0,13.02743148803711,2.225278615951538,435.6492236139893
1878.0,26.12681770324707,3.7782790660858154,435.8823211229901
1879.0,177.67698669433594,7.868308067321777,436.0649697629997
1880.0,51.146392822265625,4.08186674118042,436.27830540300056
1881.0,12.769810676574707,2.24947452545166,436.49376301698794
1882.0,18.14391326904297,2.9858345985412598,436.7265093259921
1883.0,951.0131225585938,26.10417366027832,436.9000838059874
1884.0,41.77199935913086,3.5074026584625244,437.0715768309892
1885.0,10.367344856262207,1.8952261209487915,437.2458778789878
1886.0,29.731332778930664,2.666485071182251,437.4614217799972
1887.0,50.169105529785156,3.5225937366485596,437.651259197999
1888.0,55.68508529663086,4.456459999084473,437.8316381529876
1889.0,53.21393966674805,4.298128604888916,438.0102156590001
1890.0,41.8703727722168,3.44388747215271,438.1881254519976
1891.0,566.5829467773438,15.386438369750977,438.3647357729933
1892.0,57.44093322753906,5.151163101196289,438.5385634909908
1893.0,173.1049346923828,8.521629333496094,438.70816851199197
1894.0,76.58969116210938,5.598730564117432,438.88887823298865
1895.0,111.35855102539062,6.6043829917907715,439.0561581039947
1896.0,20.73621368408203,2.87420916557312,439.2215040709998
1897.0,66.63954162597656,4.238650321960449,439.3688332039892
1898.0,119.54838562011719,6.803755283355713,439.54668190999655
1899.0,7.44586706161499,1.6410630941390991,439.7682101929968
1900.0,7.683515548706055,1.6219899654388428,439.96010299699265
1901.0,92.5213394165039,5.376452445983887,444.7730448629882
1902.0,31.4482479095459,3.847545623779297,444.94577317299263
1903.0,164.52175903320312,7.672089099884033,445.1206489299948
1904.0,318.9886779785156,10.591609954833984,445.2834278049995
1905.0,54.2744026184082,5.070837497711182,445.460268979994
1906.0,103.51134490966797,5.118044853210449,445.62300440199033
1907.0,66.26757049560547,4.403746128082275,445.8393130389886
1908.0,34.91210174560547,3.7834105491638184,446.0016863060009
1909.0,8.185468673706055,1.7942595481872559,446.16299255398917
1910.0,33.340972900390625,3.778414726257324,446.36738795599376
1911.0,33.39571762084961,3.6766867637634277,446.5336431799951
1912.0,19.59861946105957,3.244295120239258,446.7738089989871
1913.0,52.196372985839844,4.509652137756348,446.97413291998964
1914.0,101.97882080078125,6.637593746185303,447.14682489399274
1915.0,90.02983856201172,5.319225311279297,447.33315101399785
1916.0,52.319549560546875,5.033971309661865,447.4888659769931
1917.0,16.98313331604004,2.294334650039673,447.66770326199185
1918.0,9.005990982055664,1.9881908893585205,447.8613841949991
1919.0,24.115758895874023,3.844460964202881,448.0371125389938
1920.0,37.8598518371582,3.0742204189300537,448.23949504499615
1921.0,82.22021484375,4.634220600128174,448.4293878299941
1922.0,19.625320434570312,2.7403595447540283,448.586616376997
1923.0,13.639567375183105,2.3868348598480225,448.7643573050009
1924.0,24.929122924804688,3.609787702560425,448.93923068098957
1925.0,14.361598014831543,2.1901204586029053,449.11587722299737
1926.0,50.377174377441406,4.456286430358887,449.2872901419905
1927.0,9.852141380310059,1.8395953178405762,449.4509597779979
1928.0,8.450515747070312,1.831497311592102,449.6143637189962
1929.0,23.58924102783203,3.1122474670410156,449.7677569249936
1930.0,49.940425872802734,3.3649563789367676,449.99322649498936
1931.0,38.32887649536133,4.028222560882568,450.1604654779949
1932.0,151.66148376464844,7.98149299621582,450.3101198269869
1933.0,14.363435745239258,2.207526922225952,450.52878913498716
1934.0,27.398521423339844,3.5684640407562256,450.73036620499624
1935.0,36.432193756103516,3.155381202697754,450.89567949999764
1936.0,9.391691207885742,1.9233955144882202,451.06891092799196
1937.0,74.62039184570312,5.871353626251221,451.2350776749954
1938.0,62.9819221496582,4.640886306762695,451.4370359219902
1939.0,58.40550994873047,4.865543842315674,451.5890865459951
1940.0,158.89613342285156,6.876601696014404,451.7938781309931
1941.0,638.7451782226562,17.622400283813477,451.95225380698685
1942.0,82.9613037109375,5.618617057800293,452.12763278899365
1943.0,524.9395141601562,17.950790405273438,452.3041381369985
1944.0,44.479373931884766,4.828459739685059,452.4726314389991
1945.0,40.60955047607422,3.854649066925049,452.6401169719902
1946.0,23.429859161376953,2.799899101257324,452.7953972369869
1947.0,15.776939392089844,2.2767109870910645,452.99542242298776
1948.0,39.83647537231445,3.7897934913635254,453.16644386899134
1949.0,28.95924186706543,2.7317793369293213,453.3809207749873
1950.0,103.58132934570312,7.316643714904785,453.5420587080007
1951.0,949.9990844726562,21.734498977661133,453.72175138499006
1952.0,1108.1153564453125,27.978471755981445,453.9091311559896
1953.0,25.20964241027832,3.240785837173462,454.09016390598845
1954.0,40.744964599609375,3.519773006439209,454.2565573739994
1955.0,12.03512954711914,2.10522198677063,454.4304650039994
1956.0,353.0970764160156,10.104044914245605,454.6086722209875
1957.0,46.100528717041016,3.6205923557281494,454.77866187499603
1958.0,10.154536247253418,1.872165322303772,454.9631537709938
1959.0,108.91362762451172,6.323101043701172,455.1396488649916
1960.0,11.780755043029785,1.8693877458572388,455.3418585929903
1961.0,42.011131286621094,4.3650994300842285,455.5151736019907
1962.0,85.84574127197266,6.329465389251709,455.6792830639897
1963.0,63.154136657714844,4.799122333526611,455.88125488998776
1964.0,1357.684814453125,28.31671714782715,456.0959079109889
1965.0,50.34599304199219,3.270392894744873,456.2694364630006
1966.0,174.05416870117188,6.6736602783203125,456.45687143999385
1967.0,44.217891693115234,3.726172924041748,456.6419488029933
1968.0,124.87960052490234,5.836191177368164,456.85712999298994
1969.0,174.0800018310547,7.432775974273682,457.0708053709968
1970.0,87.86091613769531,6.302542209625244,457.26940540799114
1971.0,275.9801940917969,11.224453926086426,457.474024886993
1972.0,911.4873046875,22.34142303466797,457.65614614999504
1973.0,74.4651870727539,6.547082901000977,457.8615409289923
1974.0,29.821762084960938,3.127833843231201,458.027132238989
1975.0,576.925537109375,13.751668930053711,458.20584783398954
1976.0,57.56465148925781,3.8452916145324707,458.38235888398776
1977.0,40.17302703857422,3.6341967582702637,458.5522100949893
1978.0,22.355335235595703,2.7700071334838867,458.7262161499966
1979.0,26.745010375976562,3.742821216583252,458.89413205599703
1980.0,31.77031898498535,3.6374316215515137,459.06041138900036
1981.0,11.70632553100586,1.877199649810791,459.2469642669894
1982.0,39.30495834350586,2.959444522857666,459.7035410889948
1983.0,22.763885498046875,3.005833148956299,461.40168021898717
1984.0,27.30850601196289,3.2065391540527344,462.5377129989938
1985.0,9.182099342346191,2.0017848014831543,462.71088522698847
1986.0,50.05272674560547,4.015216827392578,462.9137198749959
1987.0,13.062844276428223,2.2567708492279053,463.09825036699476
1988.0,11.993474006652832,1.8293076753616333,463.2634886429878
1989.0,27.961336135864258,3.4654433727264404,463.4396388210007
1990.0,17.675437927246094,2.615659713745117,463.6215903709963
1991.0,983.5276489257812,25.568571090698242,463.7733008439973
1992.0,92.10844421386719,6.030477046966553,463.93610275699757
1993.0,184.7766876220703,9.660115242004395,464.1162104209943
1994.0,48.10783767700195,3.985431432723999,464.27911894299905
1995.0,154.74681091308594,7.543552875518799,464.44891217999975
1996.0,153.55575561523438,5.2307634353637695,464.61921849400096
1997.0,10.057634353637695,1.8770900964736938,464.77824538599816
1998.0,13.543083190917969,2.2862770557403564,464.9625171969965
1999.0,27.450809478759766,2.5692358016967773,465.13312217198836
2000.0,162.4884490966797,9.309487342834473,465.3152942049928
2001.0,44.2770881652832,3.0343968868255615,470.3276171779871
2002.0,139.63735961914062,8.963358879089355,470.50624259699543
2003.0,49.00183868408203,5.304271697998047,470.7019562689966
2004.0,41.520904541015625,4.467366695404053,470.8796877079876
2005.0,206.4207763671875,9.790083885192871,471.05687784698966
2006.0,54.14893341064453,5.091806411743164,471.22177356798784
2007.0,39.86802291870117,3.40142560005188,471.398392210991
2008.0,25.83713150024414,3.7048730850219727,471.550517605996
2009.0,54.6457405090332,4.5185933113098145,471.73265309398994
2010.0,109.82633209228516,5.438798904418945,471.9215215139993
2011.0,78.75619506835938,5.848999977111816,472.0867312989867
2012.0,18.48465347290039,2.7957072257995605,472.2665747360006
2013.0,131.8396453857422,6.010858535766602,472.44364356499864
2014.0,171.89808654785156,5.984513759613037,472.608954418989
2015.0,301.6238098144531,13.972363471984863,472.7851524269936
2016.0,18.86853790283203,2.849388599395752,472.96767580999585
2017.0,62.12774658203125,6.031910419464111,473.1358227039891
2018.0,86.58676147460938,5.430829048156738,473.3209235839895
2019.0,21.99709129333496,2.9895312786102295,473.5235536219989
2020.0,52.273651123046875,4.55167293548584,473.6981091739872
2021.0,13.938265800476074,2.030494213104248,473.8850285269873
2022.0,58.56863784790039,4.936446189880371,474.06988200498745
2023.0,7.6529154777526855,1.6360732316970825,474.242775709994
2024.0,117.89826965332031,5.806682586669922,474.42475280999497
2025.0,18.301456451416016,2.5865085124969482,474.60476406700036
2026.0,118.20800018310547,6.869985580444336,474.79570350899303
2027.0,44.96162033081055,4.237011909484863,474.9733827549935
2028.0,28.378637313842773,2.5545167922973633,475.1465144939866
2029.0,206.75721740722656,8.49744987487793,475.3350592719944
2030.0,59.635765075683594,4.377821445465088,475.50879268899735
2031.0,23.658706665039062,2.746399164199829,475.6707487189997
2032.0,282.7614440917969,8.55571460723877,475.838423062989
2033.0,97.10675048828125,5.762558937072754,476.006258591995
2034.0,12.097935676574707,2.15319561958313,476.167896191997
2035.0,55.579952239990234,4.375528335571289,476.3520394639927
2036.0,7.405248641967773,1.5808076858520508,476.54814475799503
2037.0,29.715665817260742,3.5090553760528564,476.7105330439954
2038.0,8.88841724395752,1.6657453775405884,476.8882154409948
2039.0,12.03994369506836,1.900633454322815,477.0776393220003
2040.0,53.927730560302734,3.8919644355773926,477.2552393669903
2041.0,133.50433349609375,7.571162223815918,477.4477779939916
2042.0,29.61313819885254,3.8281710147857666,477.62461463699583
2043.0,44.77018737792969,4.375850677490234,477.8149005049927
2044.0,9.071062088012695,1.6978709697723389,477.99283366098825
2045.0,198.4543914794922,9.833324432373047,478.17273659000057
2046.0,25.595890045166016,2.5908544063568115,478.344805471992
2047.0,2358.74658203125,37.519981384277344,478.5231750339881
2048.0,83.68485260009766,5.142253398895264,478.7001115739986
2049.0,86.09793090820312,6.358273506164551,478.8778606339911
2050.0,12.04631519317627,1.9680521488189697,479.05351102499117
2051.0,96.8271255493164,5.908409118652344,479.2696350019978
2052.0,18.847192764282227,2.62538743019104,479.4447844559909
2053.0,45.64834213256836,3.727494239807129,479.61252688198874
2054.0,231.49058532714844,6.295047283172607,479.7989230899984
2055.0,20.764379501342773,2.926596164703369,479.98472105099063
2056.0,49.93618392944336,3.6537668704986572,480.16268445999594
2057.0,48.88008499145508,3.639235258102417,480.333011907991
2058.0,59.813228607177734,5.3758063316345215,480.5091401839891
2059.0,87.04408264160156,5.626229763031006,480.675912598992
2060.0,66.94242095947266,4.873184680938721,480.8382216809987
2061.0,14.88532829284668,2.2629542350769043,481.0043895729905
2062.0,75.47599792480469,6.133114337921143,481.1784120259981
2063.0,36.85828399658203,4.585352897644043,481.3508366649912
2064.0,87.86194610595703,4.874810218811035,481.5239725249994
2065.0,85.98690032958984,5.974578380584717,481.70217534399126
2066.0,50.092041015625,4.088223457336426,481.9304398039967
2067.0,14.309990882873535,1.9944044351577759,482.09743068499665
2068.0,48.04747772216797,4.226313591003418,482.31587334499636
2069.0,38.35957336425781,4.045468807220459,482.48888279899256
2070.0,76.35903930664062,4.072759628295898,482.65054847199644
2071.0,53.832801818847656,4.378199577331543,482.8670103769982
2072.0,68.71748352050781,6.2234601974487305,483.0813540479867
2073.0,84.56475830078125,5.8828253746032715,483.2633592149941
2074.0,28.95947265625,2.7033541202545166,483.4698160049884
2075.0,281.522705078125,7.8917107582092285,483.6544258539943
2076.0,39.33804702758789,4.414802551269531,483.8150504769874
2077.0,28.479869842529297,3.741004228591919,484.0057730959961
2078.0,352.2137451171875,8.567039489746094,484.1545246530004
2079.0,76.43468475341797,6.409380912780762,484.35780653399706
2080.0,57.799190521240234,3.7297823429107666,484.5462782379909
2081.0,36.68047332763672,4.180329322814941,484.7118110869924
2082.0,23.128623962402344,2.411808490753174,484.91968975598866
2083.0,38.17930221557617,2.824864387512207,485.0986071699881
2084.0,68.44793701171875,4.198107719421387,485.27125081299164
2085.0,55.881919860839844,4.562795162200928,485.45444260298973
2086.0,42.693721771240234,3.2013721466064453,485.62596481500077
2087.0,36.36248016357422,4.581799507141113,485.84425834499416
2088.0,153.51478576660156,5.735415935516357,486.022204820998
2089.0,5.541386127471924,1.394199013710022,486.18639861099655
2090.0,70.05879211425781,4.979740142822266,486.39804609499697
2091.0,96.4039535522461,6.795716285705566,486.54869985498954
2092.0,56.521583557128906,3.980874538421631,486.730084543
2093.0,46.60040283203125,4.6018290519714355,486.8920077919902
2094.0,18.795740127563477,3.2165420055389404,487.06688395899255
2095.0,977.2616577148438,23.566198348999023,487.2736952409905
2096.0,29.78447151184082,3.303219795227051,487.42412843799684
2097.0,18.39385223388672,2.50313663482666,487.62473068299005
2098.0,130.08689880371094,7.949839115142822,487.8002671180002
2099.0,152.5235595703125,9.337849617004395,488.0035641689901
2100.0,31.92626953125,3.034231185913086,488.18034638199606
2101.0,106.11421966552734,6.239245891571045,493.365535755991
2102.0,21.675661087036133,3.1610829830169678,493.52852472099767
2103.0,391.219482421875,10.593878746032715,493.72446958799264
2104.0,13.883087158203125,2.3624367713928223,493.8974506129889
2105.0,61.536808013916016,4.062908172607422,494.04983135400107
2106.0,24.74542808532715,2.6290652751922607,494.23381312499987
2107.0,97.05175018310547,5.029905796051025,494.38059997999517
2108.0,51.08745574951172,3.629592180252075,494.56610441199155
2109.0,19.808069229125977,2.5410711765289307,494.7243209719891
2110.0,53.38217544555664,4.806416988372803,494.91792925099435
2111.0,462.54705810546875,15.503759384155273,495.10690014698775
2112.0,23.520959854125977,2.8828604221343994,495.27767826098716
2113.0,44.688194274902344,4.002157688140869,495.46247301199764
2114.0,428.0314025878906,15.145401954650879,495.6317265139951
2115.0,14.750784873962402,2.4047939777374268,495.7876185519999
2116.0,240.4120635986328,10.681962966918945,495.95847463999235
2117.0,86.9642105102539,5.080561637878418,496.1557319339918
2118.0,251.73617553710938,5.9460248947143555,496.3463901340001
2119.0,12.694024085998535,2.271594762802124,496.51717809699767
2120.0,84.82391357421875,3.950763463973999,496.67953942899476
2121.0,18.034137725830078,2.204745292663574,496.87175626598764
2122.0,108.52948760986328,6.3102545738220215,497.0359377149871
2123.0,95.53997039794922,5.021729946136475,497.22761178200017
2124.0,16.761259078979492,2.4075169563293457,497.4029419669969
2125.0,41.289649963378906,3.30834698677063,497.55978594499175
2126.0,26.566547393798828,3.5606424808502197,497.7372908459947
2127.0,10.083381652832031,1.5132914781570435,497.90283304399054
2128.0,29.012426376342773,3.531973361968994,498.0700381989882
2129.0,493.3890075683594,8.18972110748291,498.2613543089974
2130.0,11.587115287780762,2.16998028755188,498.4410491909948
2131.0,25.151578903198242,3.5285098552703857,498.59570368999266
2132.0,38.8875732421875,3.242297410964966,498.7770169689902
2133.0,75.5406494140625,4.313353061676025,498.94751917499525
2134.0,41.9080696105957,3.4434475898742676,499.10968790299376
2135.0,33.901607513427734,4.073011875152588,499.289746112001
2136.0,60.9072380065918,5.46419620513916,499.47309221899195
2137.0,7.427783012390137,1.4564450979232788,499.65708774898667
2138.0,154.61322021484375,8.787538528442383,499.8325240989943
2139.0,988.9259643554688,20.664806365966797,500.01602411599015
2140.0,69.36432647705078,4.546322822570801,500.1888734549866
2141.0,114.88130187988281,8.445182800292969,500.352841371001
2142.0,33.50959777832031,3.2820985317230225,500.52184376899095
2143.0,86.00598907470703,5.13344144821167,500.7453745989915
2144.0,1324.2344970703125,27.71347427368164,500.9480356109998
2145.0,18.5418701171875,3.1917977333068848,501.13218290699297
2146.0,29.883609771728516,3.4751336574554443,501.3098756119871
2147.0,13.130989074707031,2.2242331504821777,501.48431378298847
2148.0,64.37135314941406,4.870743274688721,501.64840047899634
2149.0,127.36210632324219,6.183613300323486,501.8330081669992
2150.0,55.38025665283203,5.183536052703857,501.99795509099204
2151.0,25.423690795898438,2.420142650604248,502.17444589099614
2152.0,66.6874771118164,4.143176078796387,502.3344788379909
2153.0,1074.2423095703125,27.517332077026367,502.5156982049957
2154.0,48.19529724121094,4.557644844055176,502.69814313499955
2155.0,27.35851287841797,3.296527862548828,502.87054429099953
2156.0,36.24028396606445,3.213718891143799,503.05558763298905
2157.0,75.67886352539062,4.3835344314575195,503.2199385159911
2158.0,39.753814697265625,3.7271554470062256,503.4054409179953
2159.0,66.2533187866211,6.251348495483398,503.5895292589994
2160.0,15.341201782226562,2.082500696182251,503.7649326469982
2161.0,44.32969665527344,2.5113775730133057,503.94088218099205
2162.0,74.61121368408203,6.625202655792236,504.11822007798764
2163.0,27.646703720092773,3.605358600616455,504.2919187279913
2164.0,36.24888229370117,3.829545497894287,504.4776084789919
2165.0,12.375638961791992,2.2000856399536133,504.6861274129915
2166.0,35.64863204956055,3.635721445083618,504.8596497309918
2167.0,61.115150451660156,5.087429523468018,505.02273523599433
2168.0,121.19261932373047,6.39664888381958,505.19031685299706
2169.0,125.4338150024414,8.467623710632324,505.34927398599393
2170.0,30.155414581298828,3.193950891494751,505.5214905909961
2171.0,336.37701416015625,10.320077896118164,505.68345006099844
2172.0,61.81243896484375,5.294436931610107,505.8540308609954
2173.0,36.423831939697266,3.9855241775512695,506.015289197996
2174.0,26.554105758666992,3.194678783416748,506.18728723499225
2175.0,8.630245208740234,1.8707151412963867,506.3669718179881
2176.0,119.56404876708984,5.073262691497803,506.5516528279986
2177.0,33.201202392578125,3.3934032917022705,506.72723920599674
2178.0,41.11790466308594,3.437255382537842,506.9084160899947
2179.0,92.54200744628906,5.973294734954834,507.0813910789875
2180.0,34.34201431274414,3.2899084091186523,507.25593911099713
2181.0,28.61934471130371,3.506160259246826,507.4573419139924
2182.0,14.870184898376465,2.3626821041107178,507.61503201699816
2183.0,91.30921173095703,5.989056587219238,507.78429729799973
2184.0,25.0888614654541,2.3589529991149902,507.9620183119987
2185.0,13.2346773147583,2.5927352905273438,508.13366355099424
2186.0,129.12753295898438,7.068322658538818,508.3087539119879
2187.0,227.66371154785156,6.444037437438965,508.46875475900015
2188.0,53.361961364746094,4.036355495452881,508.6412490160001
2189.0,64.9655990600586,4.831295013427734,508.8293918579875
2190.0,53.25954818725586,4.009902477264404,509.0002740989876
2191.0,30.214326858520508,3.1557767391204834,509.17872027499834
2192.0,88.42699432373047,4.6856608390808105,509.3561158509983
2193.0,75.0553970336914,4.356093883514404,509.55123133999587
2194.0,24.516956329345703,2.33471941947937,509.7167856169981
2195.0,13.62922477722168,2.3334157466888428,509.88960003199463
2196.0,45.40260696411133,4.349895477294922,510.0666640149866
2197.0,82.75390625,5.756501197814941,510.22970804899524
2198.0,391.0917663574219,15.51505184173584,510.42019705599523
2199.0,6.628468990325928,1.6094632148742676,510.61138675699476
2200.0,16.622608184814453,2.291421890258789,510.812465252995
2201.0,10.040310859680176,1.8416277170181274,514.948669489997
2202.0,9.47966480255127,1.7707380056381226,515.1209044349962
2203.0,15.55184268951416,2.34816575050354,515.3015486879885
2204.0,145.08706665039062,6.063356399536133,515.4724535909918
2205.0,24.65351676940918,2.7230513095855713,515.6547378889954
2206.0,98.64160919189453,5.0733747482299805,515.8364404699969
2207.0,25.713748931884766,3.656569004058838,516.0172053279966
2208.0,41.95067596435547,3.6907074451446533,516.1904217109986
2209.0,203.4515380859375,11.211453437805176,516.3920759289904
2210.0,189.39700317382812,8.040125846862793,516.5682518889953
2211.0,214.54957580566406,10.647939682006836,516.7476731099887
2212.0,113.07096099853516,5.512380123138428,516.9124080679903
2213.0,218.56341552734375,7.4040069580078125,517.0839661369973
2214.0,334.6750793457031,10.887948036193848,517.2908003149932
2215.0,20.27843475341797,2.4132704734802246,517.4605861780001
2216.0,954.2318725585938,27.169645309448242,517.6223690749903
2217.0,125.65275573730469,5.327682971954346,517.7929148099938
2218.0,35.32352828979492,2.920114040374756,517.989149082001
2219.0,21.90730857849121,2.843965530395508,518.1611010039924
2220.0,58.44769287109375,4.953428268432617,518.3345973469986
2221.0,14.658846855163574,2.451777458190918,518.5458148629987
2222.0,38.589744567871094,3.027712106704712,518.7173709329945
2223.0,12.460212707519531,2.1792826652526855,518.8977712229971
2224.0,14.277631759643555,1.9321240186691284,519.0785566619888
2225.0,54.71855545043945,4.771678924560547,519.2401876199874
2226.0,31.324901580810547,2.931354284286499,519.4218674209988
2227.0,63.54703140258789,4.127323150634766,519.615877032993
2228.0,82.66402435302734,4.5920329093933105,519.8238334329944
2229.0,610.7935791015625,15.901346206665039,520.0169543969969
2230.0,33.91215133666992,3.6745965480804443,520.1975750419952
2231.0,14.224969863891602,2.2674214839935303,520.369763663999
2232.0,112.97265625,5.637661457061768,520.5481056099961
2233.0,57.77423095703125,5.025798797607422,520.7151011569949
2234.0,7.024216651916504,1.555891513824463,520.9330606779986
2235.0,150.267578125,7.142141819000244,521.1014407740004
2236.0,10.660011291503906,1.8798651695251465,521.3140524039918
2237.0,147.24542236328125,7.665053844451904,521.5251580849872
2238.0,23.92477798461914,3.347064256668091,521.714038673992
2239.0,23.58108901977539,2.6419389247894287,521.9132592519891
2240.0,126.87370300292969,5.693247318267822,522.0701686440007
2241.0,94.12248229980469,5.461058616638184,522.3150206069986
2242.0,156.80833435058594,7.326505184173584,522.5340999679902
2243.0,220.1202392578125,9.781930923461914,522.7313601839996
2244.0,78.3258285522461,4.886176586151123,522.943808016993
2245.0,1343.2037353515625,27.93779182434082,523.1373227289878
2246.0,24.731700897216797,3.418649673461914,523.3140879470011
2247.0,34.182003021240234,4.136452674865723,523.5223038789991
2248.0,17.920270919799805,2.6107871532440186,523.6824746549973
2249.0,30.776779174804688,2.409132480621338,523.8558241689898
2250.0,72.05667114257812,6.350176811218262,524.0155669959931
2251.0,89.97808837890625,6.420120716094971,524.1773536379915
2252.0,16.226533889770508,2.441452741622925,524.3571515719959
2253.0,184.19883728027344,8.846872329711914,524.5512332910002
2254.0,39.68467712402344,4.049283027648926,524.7803011840006
2255.0,52.434566497802734,3.837235927581787,524.9624440459884
2256.0,26.83759307861328,3.3565289974212646,525.1165236919915
2257.0,10.802435874938965,1.9419814348220825,525.3468519599992
2258.0,109.27043151855469,7.896007061004639,525.5116998049925
2259.0,53.50990295410156,4.136560440063477,525.710917266988
2260.0,139.43357849121094,6.76676082611084,525.9091951039882
2261.0,84.10359954833984,5.143736362457275,526.0813961589884
2262.0,6.806970596313477,1.3482924699783325,526.3315386579925
2263.0,15.681145668029785,2.4401028156280518,526.5323745269998
2264.0,17.499378204345703,2.6975252628326416,526.7285848979955
2265.0,12.978378295898438,2.4619247913360596,526.9500563879992
2266.0,36.4561767578125,3.5695817470550537,527.1597274039959
2267.0,64.56730651855469,3.81669020652771,527.3963537409873
2268.0,78.30516052246094,4.881615161895752,527.5576738489908
2269.0,19.54083824157715,2.971198081970215,527.938492248999
2270.0,44.47618865966797,3.073086738586426,528.1339228609868
2271.0,150.48692321777344,9.040255546569824,528.3890268489922
2272.0,97.44834899902344,6.008939266204834,528.596864674997
2273.0,74.27470397949219,5.283731460571289,528.7573897909897
2274.0,28.228759765625,2.827202796936035,529.0246600429964
2275.0,10.87000846862793,2.133969783782959,529.2330202019948
2276.0,92.19718933105469,5.901760101318359,529.4163151039975
2277.0,26.104246139526367,2.8842904567718506,529.6234812109906
2278.0,35.94190216064453,3.3269503116607666,529.8066412159969
2279.0,61.313655853271484,4.4636759757995605,530.272051212989
2280.0,30.23741912841797,3.8574910163879395,530.41572773199
2281.0,41.9065055847168,3.1547117233276367,530.5991373019933
2282.0,85.46902465820312,5.254445552825928,530.8160707979987
2283.0,29.064714431762695,2.987661361694336,530.9751314939931
2284.0,52.110992431640625,5.041850566864014,531.1329305239924
2285.0,45.47447967529297,3.353645086288452,531.4683161889989
2286.0,88.93110656738281,4.831131935119629,531.6367775349936
2287.0,9.479559898376465,1.7499444484710693,531.9289995750005
2288.0,33.66972732543945,2.9653396606445312,532.0890606539906
2289.0,18.524559020996094,2.5466997623443604,532.3771291089943
2290.0,32.081268310546875,3.9347503185272217,532.5355570279935
2291.0,31.81633949279785,3.6022748947143555,532.9018686549971
2292.0,19.707218170166016,2.8009302616119385,533.1328067569993
2293.0,12.954864501953125,2.019047260284424,533.3376386749878
2294.0,31.9450626373291,3.3608012199401855,533.6137189149886
2295.0,21.456249237060547,3.115724802017212,534.0907636519987
2296.0,16.1230525970459,2.3081188201904297,534.2613535029959
2297.0,43.339874267578125,3.618351936340332,534.4653368389991
2298.0,63.742149353027344,5.165817737579346,534.7041461359913
2299.0,73.69137573242188,4.495478630065918,535.0893283219921
2300.0,29.13663673400879,3.480701446533203,535.3576004879869
2301.0,8.152243614196777,1.4493064880371094,543.4526220729895
2302.0,135.9596405029297,5.322621822357178,543.7401651709952
2303.0,79.59630584716797,4.737006187438965,543.9395507399895
2304.0,276.6225280761719,9.567203521728516,544.1685570309928
2305.0,13.931818008422852,2.227362871170044,544.4547562829976
2306.0,180.4799041748047,5.959404945373535,544.7639158689999
2307.0,35.98091506958008,3.7058255672454834,544.9832941929926
2308.0,43.66816329956055,4.41500186920166,545.2228500979982
2309.0,55.71443176269531,3.793220281600952,545.3788664530002
2310.0,66.96746063232422,4.297064304351807,545.5863714799925
2311.0,18.103164672851562,2.5913822650909424,545.8434925299953
2312.0,502.34796142578125,14.761738777160645,546.0943043409934
2313.0,42.51414108276367,4.642990589141846,546.3113993149891
2314.0,1307.463134765625,24.086925506591797,546.5422052270005
2315.0,32.60818099975586,4.234869003295898,546.810330095992
2316.0,54.017433166503906,4.483806133270264,547.1251277259871
2317.0,10.226957321166992,1.9517139196395874,547.3147382179886
2318.0,45.854923248291016,3.631523370742798,547.6257046639948
2319.0,26.238449096679688,2.8277924060821533,547.8384700189927
2320.0,123.24352264404297,7.977653503417969,548.03769400499
2321.0,101.77804565429688,5.695559978485107,548.2998019189981
2322.0,155.5064697265625,7.784456253051758,548.542415658987
2323.0,15.07721996307373,2.0414109230041504,548.7696303189878
2324.0,1141.472412109375,28.69339942932129,548.9916697709996
2325.0,145.01866149902344,5.918369293212891,549.1675558459974
2326.0,108.1580581665039,6.701055526733398,549.35865856499
2327.0,7.916582107543945,1.6453967094421387,549.5692367390002
2328.0,28.767099380493164,2.5989420413970947,549.8037479789928
2329.0,60.21804428100586,4.849607467651367,550.0224803919991
2330.0,152.96009826660156,5.889874458312988,550.2175764899876
2331.0,130.11390686035156,8.868627548217773,550.500077011995
2332.0,113.38648223876953,5.740257740020752,550.6711449509894
2333.0,462.8286437988281,16.524263381958008,550.9066049009998
2334.0,31.02433967590332,2.964592695236206,551.1146064739878
2335.0,9.481362342834473,1.855142593383789,551.3429427349911
2336.0,12.175551414489746,2.166419744491577,551.5840866929939
2337.0,8.802138328552246,1.6999475955963135,551.7698974919913
2338.0,40.25641632080078,3.2573797702789307,552.0078505579877
2339.0,43.54280471801758,3.564300775527954,552.2621825839888
2340.0,8.086283683776855,1.6274322271347046,552.4862491259992
2341.0,23.38213539123535,3.117077589035034,552.7704224929912
2342.0,91.84129333496094,4.829394817352295,552.9917130949907
2343.0,87.74522399902344,6.164628982543945,553.2046316880005
2344.0,26.093297958374023,3.426578998565674,553.3841823179973
2345.0,203.59432983398438,6.824275016784668,553.6280103629979
2346.0,1099.510986328125,23.602066040039062,553.8438127599948
2347.0,13.83094310760498,1.9315975904464722,554.0237704829924
2348.0,109.76942443847656,7.828230381011963,554.2002524549898
2349.0,15.9279203414917,2.461021661758423,554.3926142139971
2350.0,1388.80810546875,32.35609436035156,554.600446543991
2351.0,52.44694900512695,4.3929443359375,554.7768661029986
2352.0,351.829833984375,11.179006576538086,554.9434625059948
2353.0,130.7902374267578,6.03712797164917,555.1250872689998
2354.0,33.52762222290039,3.4070632457733154,555.4282642059989
2355.0,45.075836181640625,3.5839269161224365,555.7089064039901
2356.0,13.090293884277344,2.085139513015747,555.9165705560008
2357.0,17.08990478515625,2.6551616191864014,556.0815573719883
2358.0,153.41329956054688,7.014581680297852,556.2689572249947
2359.0,44.984283447265625,3.2395870685577393,556.4822084329935
2360.0,113.60601043701172,4.899695873260498,556.68231843799
2361.0,16.278806686401367,2.23923397064209,556.9088547989959
2362.0,22.568111419677734,2.4695632457733154,557.1467611009866
2363.0,51.147743225097656,3.9086639881134033,557.3679525329935
2364.0,43.00877380371094,3.2316176891326904,557.5538846139971
2365.0,27.252151489257812,3.1268720626831055,557.7517693129921
2366.0,12.96234130859375,2.2989282608032227,557.9209277979971
2367.0,85.85671997070312,5.548427104949951,558.0992389319872
2368.0,278.40234375,9.717134475708008,558.2963463839988
2369.0,36.667762756347656,4.050466537475586,558.5325972599967
2370.0,17.57042694091797,2.6092617511749268,558.7247139989922
2371.0,1675.85107421875,26.52088737487793,558.9660511260008
2372.0,72.47653198242188,4.584986209869385,559.2127918749902
2373.0,29.77876091003418,4.006740570068359,559.411591985001
2374.0,133.62522888183594,6.001628875732422,559.6780196239997
2375.0,50.90037155151367,4.786828994750977,559.8543112649932
2376.0,25.11612892150879,2.8248701095581055,560.1879461479984
2377.0,81.14167022705078,5.636404037475586,560.4937671289954
2378.0,25.733694076538086,2.2529897689819336,560.673379778993
2379.0,123.1628189086914,7.919531345367432,560.8744316589873
2380.0,280.4550476074219,13.532862663269043,561.1612642619875
2381.0,98.94819641113281,4.824986934661865,561.3701170509885
2382.0,116.39848327636719,5.669703483581543,561.6187662029988
2383.0,118.29841613769531,6.6957106590271,561.839410703993
2384.0,83.13025665283203,5.95492696762085,562.08978402699
2385.0,25.395950317382812,3.2003540992736816,562.3557609549898
2386.0,70.7349853515625,5.246912002563477,563.074413202994
2387.0,28.890771865844727,2.8808505535125732,565.5369608789915
2388.0,25.40793228149414,3.178485155105591,565.8632771779958
2389.0,9.414854049682617,1.8232887983322144,566.0919154279982
2390.0,29.58976936340332,2.8269052505493164,566.4284261389985
2391.0,99.49217224121094,4.619150161743164,566.6461288459977
2392.0,33.2369270324707,3.3894412517547607,566.9137046049873
2393.0,10.499743461608887,1.6815903186798096,567.1078428869951
2394.0,88.37968444824219,4.999201774597168,567.4365054999944
2395.0,16.00263023376465,1.7472178936004639,567.706898584991
2396.0,66.77962493896484,4.424657821655273,567.9415610599972
2397.0,39.31526184082031,3.337825059890747,568.1346965429984
2398.0,106.7179946899414,7.2153120040893555,568.3224677369872
2399.0,118.47473907470703,5.491572380065918,568.5111160659872
2400.0,27.88722038269043,3.332413673400879,568.731119167991
2401.0,21.370264053344727,3.114772081375122,576.7655818689964
2402.0,64.25200653076172,6.282674789428711,576.925746213994
2403.0,89.73369598388672,7.348355293273926,577.125110145993
2404.0,39.80732727050781,3.0506527423858643,577.3108393309958
2405.0,85.70012664794922,5.831323146820068,577.4701160449913
2406.0,12.475537300109863,2.1085364818573,577.6472932199977
2407.0,1046.725830078125,22.062532424926758,577.8151806599926
2408.0,38.2879524230957,3.3634746074676514,578.0880548009882
2409.0,49.2348518371582,3.7837488651275635,578.2739306739968
2410.0,167.49273681640625,9.301197052001953,578.4482032480009
2411.0,45.65949249267578,3.4593827724456787,578.6221660009905
2412.0,40.998619079589844,4.4684624671936035,578.8114663569868
2413.0,51.008060455322266,3.9467227458953857,578.958810473996
2414.0,453.29693603515625,9.873414993286133,579.1665776649897
2415.0,9.316488265991211,1.7210173606872559,579.3645970919897
2416.0,177.48509216308594,9.335820198059082,579.5330514359957
2417.0,14.845664024353027,2.1637375354766846,579.7507121909875
2418.0,80.90280151367188,6.960189342498779,579.9233383760002
2419.0,22.797616958618164,2.9060921669006348,580.0768600279989
2420.0,21.82045555114746,2.5717544555664062,580.2727416459966
2421.0,15.467984199523926,2.243907928466797,580.42660010299
2422.0,78.97237396240234,4.7213873863220215,580.6425574079913
2423.0,14.480653762817383,2.384687900543213,580.8084927599994
2424.0,13.70547866821289,2.341043710708618,580.9754323519883
2425.0,24.51014518737793,3.162795066833496,581.153900335994
2426.0,18.7900333404541,2.8263378143310547,581.3306886659993
2427.0,25.34760284423828,3.2689521312713623,581.5155773250008
2428.0,11.95986557006836,1.6287708282470703,581.6677548009902
2429.0,261.05242919921875,12.595357894897461,581.836138284998
2430.0,970.8550415039062,22.342790603637695,581.996959281998
2431.0,12.610417366027832,2.1084718704223633,582.1485098699923
2432.0,221.24319458007812,10.512804985046387,582.3613016549934
2433.0,19.815332412719727,3.368190288543701,582.5187120189948
2434.0,33.831302642822266,3.7119479179382324,582.6776929240004
2435.0,20.384424209594727,3.404691696166992,582.8597565599921
2436.0,33.44142532348633,4.006187438964844,583.014820928991
2437.0,22.56545066833496,2.4000420570373535,583.2196859399992
2438.0,78.86848449707031,5.254879951477051,583.3966519789974
2439.0,808.0665893554688,24.58852195739746,583.5540647309972
2440.0,56.77479553222656,4.577273845672607,583.7110741939978
2441.0,12.262350082397461,2.5382957458496094,583.8708733309904
2442.0,14.682537078857422,2.3091235160827637,584.0427974869963
2443.0,35.52907943725586,3.321218252182007,584.2124074389867
2444.0,10.118542671203613,1.7797290086746216,584.365039323995
2445.0,53.146827697753906,4.51978874206543,584.5246712579974
2446.0,28.46139144897461,3.282792806625366,584.7037619279872
2447.0,51.868072509765625,3.5050296783447266,584.8515133319888
2448.0,11.59215259552002,2.3525805473327637,585.0016252539936
2449.0,10.301684379577637,1.9495540857315063,585.1731425139878
2450.0,22.652996063232422,3.3929827213287354,585.3446780699887
2451.0,34.15793228149414,3.2249934673309326,585.4962796909967
2452.0,6.744199275970459,1.4871387481689453,585.6735654999939
2453.0,142.1006622314453,5.438791275024414,585.8332630489895
2454.0,26.84772300720215,3.366393566131592,585.995877016001
2455.0,52.44850158691406,3.8531200885772705,586.1502917439939
2456.0,17.571168899536133,3.131666660308838,586.3108098859957
2457.0,161.018310546875,5.546895980834961,586.4830436259945
2458.0,9.75002384185791,1.6483510732650757,586.6618428919901
2459.0,53.02116012573242,5.371965408325195,586.824506673991
2460.0,55.27252960205078,4.242709636688232,587.0063458479999
2461.0,52.547977447509766,3.640920639038086,587.1913779809984
2462.0,79.84638977050781,3.8392536640167236,587.3658139769977
2463.0,466.2893371582031,15.74746322631836,587.5510210429929
2464.0,174.00375366210938,6.4110260009765625,587.7350814779929
2465.0,7.226522922515869,1.7212612628936768,587.9097106889967
2466.0,33.87772750854492,2.9552431106567383,588.079050100001
2467.0,128.3611602783203,5.595461845397949,588.2776096029993
2468.0,150.0044708251953,6.5866007804870605,588.4420716749883
2469.0,225.63800048828125,10.689620018005371,588.6151455109939
2470.0,118.37667083740234,6.670755386352539,588.7857333360007
2471.0,65.91896057128906,4.3957719802856445,588.9543925779872
2472.0,127.1274185180664,3.7100353240966797,589.1075639619958
2473.0,67.71920776367188,4.141475677490234,589.2661430389999
2474.0,76.62873077392578,4.540587425231934,589.4106107829866
2475.0,30.940093994140625,3.841322660446167,589.5773564159899
2476.0,15.49970817565918,2.222940683364868,589.7633882149967
2477.0,50.19742202758789,4.184754371643066,589.9339331509982
2478.0,18.3129940032959,2.208432197570801,590.0924390859873
2479.0,63.46223831176758,4.2308759689331055,590.2711653659935
2480.0,10.128711700439453,1.7177013158798218,590.452255102995
2481.0,20.279457092285156,2.6657216548919678,590.6380430269928
2482.0,28.216388702392578,3.5373618602752686,590.8330068669893
2483.0,33.46760940551758,3.5696969032287598,591.060390794999
2484.0,63.15627670288086,4.88647985458374,591.2531409160001
2485.0,74.15270233154297,5.2033586502075195,591.4108837449894
2486.0,118.0151596069336,8.109506607055664,591.6044650459953
2487.0,9.03274154663086,1.481468677520752,591.793925771999
2488.0,47.97536087036133,3.6573545932769775,591.9687435379892
2489.0,12.382535934448242,2.230771541595459,592.1427061099967
2490.0,9.659509658813477,2.0590219497680664,592.3337201609975
2491.0,432.9964599609375,12.11252498626709,592.5636960919946
2492.0,6.827393054962158,1.535232663154602,592.7398189259984
2493.0,145.2425994873047,6.120377063751221,593.0091482729913
2494.0,47.842708587646484,3.65250563621521,593.243011374987
2495.0,69.27198791503906,5.385197162628174,593.4145079039881
2496.0,15.8793306350708,2.6016125679016113,593.5868895029998
2497.0,97.89701080322266,6.107936382293701,593.7959259139898
2498.0,50.73690414428711,3.3449854850769043,593.9914408129989
2499.0,44.21356964111328,3.4551377296447754,594.2494890649978
2500.0,16.282367706298828,1.9587531089782715,594.4360172279994
2501.0,44.494285583496094,4.166035175323486,602.1493226289895
2502.0,16.54231834411621,2.518739700317383,602.3201137750002
2503.0,26.11927604675293,3.576688051223755,602.4936781439901
2504.0,47.637062072753906,4.2868781089782715,602.6550586259982
2505.0,184.92649841308594,9.306890487670898,602.840753919998
2506.0,31.405967712402344,2.9337430000305176,603.0155501009867
2507.0,46.38045120239258,3.735413074493408,603.2037274030008
2508.0,12.27545166015625,2.2828922271728516,603.3890903299907
2509.0,30.003337860107422,3.7199814319610596,603.5488767409988
2510.0,68.12210083007812,4.078199863433838,603.711614475993
2511.0,107.78889465332031,4.850092887878418,603.8800045349926
2512.0,16.931989669799805,2.758430242538452,604.0388019399979
2513.0,149.77243041992188,6.083467960357666,604.1931385319913
2514.0,62.0665168762207,5.178653240203857,604.3926315489953
2515.0,31.500259399414062,3.6104021072387695,604.6248073129973
2516.0,662.35595703125,17.487340927124023,604.787013033987
2517.0,114.59957885742188,6.333803176879883,604.9397394979896
2518.0,47.464683532714844,3.3845431804656982,605.1299601169885
2519.0,438.1141052246094,14.208098411560059,605.2796653979894
2520.0,19.23593521118164,2.955408811569214,605.4316081139987
2521.0,24.6973934173584,2.5359556674957275,605.6117850459996
2522.0,18.28196907043457,2.4417409896850586,605.811099270999
2523.0,73.77360534667969,4.775400161743164,605.9634615469986
2524.0,47.390342712402344,3.5909183025360107,606.1280608300003
2525.0,36.13640213012695,4.036829471588135,606.3074151979963
2526.0,1525.5068359375,27.386411666870117,606.4992268200003
2527.0,10.849852561950684,1.7441513538360596,606.7507096929912
2528.0,20.65808868408203,2.3228213787078857,606.9343734289869
2529.0,66.26630401611328,5.277073383331299,607.123586857997
2530.0,66.81620788574219,5.190765857696533,607.3032585219917
2531.0,982.6361694335938,23.5505428314209,607.5028893799899
2532.0,81.1484375,5.441448211669922,607.6852400159987
2533.0,9.426852226257324,1.7141717672348022,607.8858157889917
2534.0,49.141876220703125,4.216031074523926,608.0831534109893
2535.0,11.32544231414795,2.2183220386505127,608.2933233329968
2536.0,53.184322357177734,3.6159024238586426,608.526760430992
2537.0,33.01525115966797,3.2915520668029785,608.8193750569917
2538.0,21.01972007751465,2.6844446659088135,608.9937211989891
2539.0,8.137811660766602,1.781385898590088,609.1952316749957
2540.0,31.913114547729492,3.4578497409820557,609.4196895159985
2541.0,40.409358978271484,3.5297396183013916,609.6292035859951
2542.0,46.18732452392578,3.586724042892456,609.9386218579893
2543.0,50.7204475402832,4.113864898681641,610.1033438189916
2544.0,134.18722534179688,4.170022010803223,610.30719206699
2545.0,46.99677658081055,4.320807456970215,610.4701017439947
2546.0,6.503766059875488,1.5605570077896118,610.6365480569948
2547.0,121.84857177734375,6.493832588195801,610.8445300889871
2548.0,734.953857421875,23.13599395751953,611.031462561994
2549.0,8.453455924987793,1.4930789470672607,611.2141188729875
2550.0,142.98626708984375,7.298101902008057,611.3910254989896
2551.0,12.31106185913086,2.0374512672424316,611.5508375509962
2552.0,9.733987808227539,1.7526124715805054,611.7363371309912
2553.0,123.1480941772461,8.446438789367676,611.8906664440001
2554.0,19.758716583251953,3.0963358879089355,612.065271585001
2555.0,411.7658386230469,12.783114433288574,612.2214371589944
2556.0,45.1663703918457,4.4279961585998535,612.4510205259867
2557.0,65.17606353759766,4.52097749710083,612.6363206120004
2558.0,62.22320556640625,4.637193202972412,612.7786943309911
2559.0,131.459716796875,6.721517562866211,612.964345417
2560.0,21.82794189453125,2.7567577362060547,613.1250847979973
2561.0,19.24291229248047,2.5537521839141846,613.3246601099963
2562.0,31.79893684387207,3.761321783065796,613.4941881979903
2563.0,259.6409606933594,8.475380897521973,613.687166001997
2564.0,31.54163932800293,3.263197660446167,613.8941490869911
2565.0,31.273386001586914,4.2250590324401855,614.0573607879924
2566.0,9.139388084411621,1.6412968635559082,614.2470266949967
2567.0,45.04345703125,4.537281513214111,614.3969893469912
2568.0,32.495697021484375,3.905630588531494,614.5867710589955
2569.0,348.08306884765625,11.315335273742676,614.7485754119989
2570.0,20.21395492553711,2.496609926223755,614.9000716239971
2571.0,220.97181701660156,7.967801094055176,615.0762149789953
2572.0,24.774208068847656,3.4102375507354736,615.2348129169986
2573.0,41.26426696777344,3.746675491333008,615.4065276729962
2574.0,60.06704330444336,4.123514175415039,615.5579981599876
2575.0,26.0252628326416,3.3632419109344482,615.7452122079994
2576.0,60.342193603515625,3.9740138053894043,615.910832797992
2577.0,110.35735321044922,5.084133148193359,616.0965408009943
2578.0,72.7369155883789,4.527799606323242,616.271446253988
2579.0,82.94951629638672,3.26322340965271,616.4322673149873
2580.0,12.764680862426758,2.125140905380249,616.6125806380005
2581.0,12.02872085571289,1.801645040512085,616.7651072559966
2582.0,25.805240631103516,2.5709447860717773,616.9834230439883
2583.0,41.78078079223633,3.6663899421691895,617.1365938289964
2584.0,22.397558212280273,2.099853515625,617.3189386219892
2585.0,47.81425476074219,3.5009796619415283,617.5270490219991
2586.0,100.76995086669922,4.840931415557861,617.6778514229954
2587.0,416.7733459472656,15.143863677978516,617.8768459559942
2588.0,11.495491027832031,2.139174699783325,618.0345439859957
2589.0,7.908586502075195,1.682097315788269,618.2153710279963
2590.0,8.374513626098633,1.8621705770492554,618.4314284279972
2591.0,71.32756805419922,3.151355504989624,618.5931134409911
2592.0,96.89752960205078,5.935593128204346,618.8052654539933
2593.0,1036.740234375,26.734416961669922,618.9773490809894
2594.0,65.32445526123047,4.364564418792725,619.1340926849953
2595.0,199.01783752441406,11.54241943359375,619.3455745859974
2596.0,56.05510711669922,4.0323638916015625,619.5071629969898
2597.0,69.7174301147461,6.241377353668213,619.6789278649958
2598.0,46.335975646972656,4.312046527862549,619.8576274339866
2599.0,38.19214630126953,4.56354284286499,620.0166562359955
2600.0,28.961511611938477,3.463712453842163,620.1942932050006
2601.0,20.68325424194336,2.1248340606689453,625.5531360569876
2602.0,39.40863037109375,3.429297924041748,625.7664870539884
2603.0,98.8602294921875,6.237969398498535,625.9421451949893
2604.0,60.38181686401367,3.926440477371216,626.1143086719967
2605.0,34.99077224731445,3.208946466445923,626.2669693779899
2606.0,24.872695922851562,2.555539846420288,626.4175927529868
2607.0,79.7746810913086,5.4849348068237305,626.5834233419882
2608.0,27.798540115356445,3.6354246139526367,626.7420313299954
2609.0,19.073745727539062,3.0488808155059814,626.9367928469874
2610.0,56.93687438964844,3.729125738143921,627.088184519991
2611.0,579.4592895507812,15.528186798095703,627.2709124249959
2612.0,52.99530029296875,3.967261552810669,627.4332204859966
2613.0,57.34861373901367,3.891069173812866,627.5867609189881
2614.0,8.61012077331543,1.6212762594223022,627.7584756219876
2615.0,72.75897979736328,6.293741226196289,627.9217330089887
2616.0,103.11642456054688,5.194032669067383,628.11608647299
2617.0,91.69512176513672,6.810375213623047,628.3026183369948
2618.0,57.92289733886719,4.506353855133057,628.4947442159901
2619.0,82.7673568725586,6.925315856933594,628.648817009991
2620.0,34.4141960144043,3.2269649505615234,628.8160174169898
2621.0,99.88056182861328,7.056515693664551,628.9884273609932
2622.0,113.37126922607422,6.785425662994385,629.1688172809954
2623.0,27.27910804748535,3.781567096710205,629.3601051789883
2624.0,28.248411178588867,2.4349334239959717,629.5515750299965
2625.0,53.58892059326172,4.29275369644165,629.7152838209877
2626.0,26.66400718688965,2.857830047607422,629.8779931600002
2627.0,882.3347778320312,19.681650161743164,630.095879895991
2628.0,13.893531799316406,2.3710670471191406,630.2611593059992
2629.0,182.83160400390625,5.733194828033447,630.4208645199978
2630.0,55.3919563293457,3.8829145431518555,630.596270643
2631.0,44.79280471801758,4.363471984863281,630.7763146090001
2632.0,17.06206703186035,2.839609384536743,630.9432933700009
2633.0,67.15609741210938,5.1034836769104,631.1111519729893
2634.0,27.893531799316406,2.7693285942077637,631.2797700469964
2635.0,10.152450561523438,1.6954607963562012,631.4330916689942
2636.0,49.27238845825195,3.978121757507324,631.6179506129993
2637.0,72.24422454833984,4.510208606719971,631.7687606499967
2638.0,36.4901008605957,2.999722719192505,631.9516119109903
2639.0,29.175230026245117,3.4294443130493164,632.1304161459993
2640.0,23.2130126953125,2.914954900741577,632.3018485599896
2641.0,360.56854248046875,10.018133163452148,632.4777692239877
2642.0,9.087340354919434,1.9406391382217407,632.673323059993
2643.0,9.790132522583008,1.7972817420959473,632.8459225249971
2644.0,10.185272216796875,2.090728998184204,633.022158310996
2645.0,25.644451141357422,2.7106845378875732,633.2107640889881
2646.0,24.30824089050293,2.451737880706787,633.3856527549942
2647.0,240.7581329345703,12.05350112915039,633.5476577529917
2648.0,154.00360107421875,4.674981117248535,633.7138838639949
2649.0,57.7793083190918,4.141627311706543,633.8784026549984
2650.0,9.52364730834961,1.7596012353897095,634.0477314539894
2651.0,30.02975845336914,2.9153707027435303,634.2143174429948
2652.0,13.056059837341309,2.2005538940429688,634.4091753619869
2653.0,17.014699935913086,2.453200578689575,634.6036248199962
2654.0,55.30572509765625,4.645183563232422,634.8000315249956
2655.0,27.840702056884766,2.7305221557617188,634.9824471109896
2656.0,26.858510971069336,3.559647560119629,635.1790966839908
2657.0,22.57901382446289,2.871626615524292,635.351912795988
2658.0,28.744091033935547,2.3896520137786865,635.5330938429979
2659.0,22.931657791137695,3.0641679763793945,635.7051130239997
2660.0,21.22076416015625,2.8414695262908936,635.8772348729981
2661.0,104.506103515625,4.757835865020752,636.0638417449954
2662.0,27.70026397705078,2.8376471996307373,636.2152902859962
2663.0,125.486083984375,7.744943618774414,636.370741464998
2664.0,35.3828010559082,4.186032772064209,636.5811142799939
2665.0,51.080787658691406,3.822248697280884,636.7495742949977
2666.0,24.527658462524414,3.3326303958892822,636.9085018449987
2667.0,27.27271270751953,2.8514227867126465,637.0656423159962
2668.0,164.74609375,9.089911460876465,637.2233689509885
2669.0,10.181583404541016,1.805433750152588,637.4053651949944
2670.0,71.31394958496094,4.312982082366943,637.5854410629981
2671.0,46.03315734863281,3.5533978939056396,637.7688324499904
2672.0,88.55901336669922,6.075806140899658,637.9467125309893
2673.0,65.64420318603516,5.75556755065918,638.1282083179976
2674.0,90.41641235351562,5.959739685058594,638.2967848409899
2675.0,10.844762802124023,1.73250150680542,638.4597622899892
2676.0,161.9782257080078,6.1001877784729,638.6142299719941
2677.0,63.526729583740234,4.078455924987793,638.7684211379965
2678.0,26.311752319335938,2.5185821056365967,638.9464243900002
2679.0,11.8811616897583,2.072003126144409,639.1393152959936
2680.0,6.963713645935059,1.7444489002227783,639.3418305889936
2681.0,34.61552429199219,3.4893136024475098,639.5144997210009
2682.0,60.732566833496094,3.9818806648254395,639.7010154969903
2683.0,51.3724365234375,4.385356903076172,639.8883058229985
2684.0,17.411161422729492,2.5527002811431885,640.0352888959897
2685.0,27.05263900756836,3.231868028640747,640.2036479269882
2686.0,16.599956512451172,2.263087034225464,640.3725487439951
2687.0,12.971603393554688,2.2705078125,640.5633901260007
2688.0,243.9911651611328,8.30630874633789,640.7311954899924
2689.0,102.35639953613281,6.484732627868652,640.8955918459978
2690.0,11.034978866577148,2.0914623737335205,641.0850364749931
2691.0,12.863755226135254,2.588075637817383,641.2414415949897
2692.0,42.40622329711914,3.5104057788848877,641.4064107899903
2693.0,10.293648719787598,1.7063086032867432,641.5602313189884
2694.0,108.55701446533203,6.352523326873779,641.7287590609922
2695.0,126.14691925048828,7.996753692626953,641.9045802979963
2696.0,6.200850486755371,1.4531642198562622,642.0709907359997
2697.0,88.1870346069336,5.624945163726807,642.2224152319977
2698.0,31.8204402923584,3.5070724487304688,642.45450707899
2699.0,18.888395309448242,3.189889669418335,642.6316483419942
2700.0,57.282325744628906,4.961816787719727,642.8096153429942
2701.0,1041.0870361328125,26.568893432617188,647.4078396149998
2702.0,788.8301391601562,18.199678421020508,647.5650210149906
2703.0,992.3504028320312,22.458110809326172,647.732165333
2704.0,20.540943145751953,2.50824236869812,647.8930157089926
2705.0,56.51886749267578,4.19370698928833,648.0412974429928
2706.0,21.534868240356445,2.1163058280944824,648.212023768996
2707.0,27.133827209472656,3.273505210876465,648.3762065779883
2708.0,86.20231628417969,6.012811660766602,648.535604441
2709.0,11.692938804626465,1.9371734857559204,648.7008144189895
2710.0,10.714641571044922,1.743657112121582,648.8492080099968
2711.0,44.457542419433594,4.009845733642578,649.0057826759876
2712.0,49.93477249145508,3.8077428340911865,649.1683560719976
2713.0,47.09907531738281,3.4247090816497803,649.3325266280008
2714.0,28.083999633789062,3.4260950088500977,649.5142265199975
2715.0,77.36111450195312,4.381567478179932,649.6756585819967
2716.0,168.33314514160156,7.233369827270508,649.863124851996
2717.0,84.51874542236328,6.195796012878418,650.0377034859994
2718.0,568.6320190429688,15.757237434387207,650.208497759988
2719.0,4.442335605621338,1.2651792764663696,650.3817096579878
2720.0,13.868940353393555,2.2279062271118164,650.5645109359903
2721.0,32.815773010253906,3.201429605484009,650.8322276149993
2722.0,33.980613708496094,3.562159538269043,650.9967446359951
2723.0,281.4853820800781,13.083850860595703,651.1597802269971
2724.0,25.844371795654297,3.3447647094726562,651.4644807699951
2725.0,66.51333618164062,5.658779621124268,651.8798352799931
2726.0,60.90516662597656,5.593338489532471,652.3050345480005
2727.0,219.44558715820312,7.8538432121276855,652.6806833259907
2728.0,13.603922843933105,2.5268118381500244,653.0508571760001
2729.0,13.273011207580566,2.0633795261383057,653.4278071679873
2730.0,10.034332275390625,1.9497355222702026,654.010630402001
2731.0,60.48153305053711,3.9542410373687744,654.2577041049954
2732.0,85.1715316772461,4.0243144035339355,654.5096074929897
2733.0,763.1213989257812,23.7750301361084,654.7335896799923
2734.0,44.535213470458984,3.183370351791382,654.9994597349869
2735.0,110.97056579589844,5.388538360595703,655.2196973329992
2736.0,7.665215015411377,1.5244280099868774,655.4115600229998
2737.0,198.9646759033203,10.70037841796875,655.5631089439994
2738.0,12.047178268432617,2.055040121078491,655.7751190069976
2739.0,105.1587905883789,4.833382606506348,655.9739711599977
2740.0,109.67569732666016,5.43001127243042,656.2567683669913
2741.0,100.90438842773438,6.084750652313232,656.5038234659878
2742.0,30.4691219329834,2.5749878883361816,656.8367418159905
2743.0,40.24842071533203,4.344961643218994,657.0618300019996
2744.0,14.656415939331055,2.0505025386810303,657.3340040249896
2745.0,35.61238098144531,3.246591806411743,657.5312088119972
2746.0,16.91874885559082,2.5643470287323,657.8239027999953
2747.0,30.775556564331055,3.1583003997802734,658.1217957329936
2748.0,10.26291275024414,1.9484500885009766,658.3917706349894
2749.0,19.72300148010254,2.492006301879883,658.7761462969938
2750.0,34.91165542602539,3.4716269969940186,659.1024869129906
2751.0,45.204349517822266,3.3691887855529785,659.3488764619979
2752.0,17.486127853393555,2.5316314697265625,659.6142050969938
2753.0,24.50323486328125,3.0577456951141357,660.0701025649905
2754.0,11.364482879638672,1.8295412063598633,660.2317080319917
2755.0,102.96176147460938,6.489783763885498,660.4318246269977
2756.0,127.89144134521484,7.089751243591309,660.7871853249962
2757.0,18.644262313842773,2.235170841217041,661.1716566709947
2758.0,13.357616424560547,2.1316919326782227,661.3825917389913
2759.0,899.6926879882812,25.607839584350586,661.7564360389952
2760.0,98.70840454101562,6.457718372344971,661.9318510899902
2761.0,33.997650146484375,3.0494792461395264,662.1452368929895
2762.0,265.6954650878906,9.950690269470215,662.3107583819947
2763.0,8.600157737731934,2.0420479774475098,662.546923529997
2764.0,273.93975830078125,8.726092338562012,662.7319009469938
2765.0,24.723052978515625,2.7684500217437744,663.0128492249933
2766.0,54.02108383178711,4.313573360443115,663.3589188709884
2767.0,330.7886962890625,9.184049606323242,663.585342085993
2768.0,58.72758483886719,3.745877265930176,663.8312861279992
2769.0,81.9971923828125,4.050943374633789,664.0875506539887
2770.0,39.89516830444336,3.424339532852173,664.2656957019935
2771.0,211.8296661376953,8.278181076049805,664.4600043779938
2772.0,28.297758102416992,2.7396976947784424,664.6705195589893
2773.0,40.50044631958008,3.38301944732666,664.9026750060002
2774.0,12.380269050598145,2.583977699279785,665.1159316389967
2775.0,18.012191772460938,2.3897690773010254,665.4944662380003
2776.0,56.33378982543945,4.138861656188965,665.8108620269923
2777.0,12.856425285339355,1.9716429710388184,666.080673753997
2778.0,69.01656341552734,4.989627361297607,666.3962788369972
2779.0,7.403811931610107,1.5099549293518066,666.826267158991
2780.0,731.377685546875,19.46211814880371,667.0270625789999
2781.0,8.29611873626709,1.6904139518737793,667.3025657049875
2782.0,10.634491920471191,1.8078770637512207,667.521329664989
2783.0,27.516334533691406,3.688864231109619,667.7010086099908
2784.0,79.16175842285156,5.06005334854126,667.8656225710001
2785.0,68.87664031982422,4.390852451324463,668.0644428169908
2786.0,125.7474594116211,6.242002010345459,668.3354547229974
2787.0,14.743184089660645,2.352299451828003,668.5986701129877
2788.0,77.2430648803711,4.927528381347656,668.7956204049988
2789.0,32.7595100402832,3.671330451965332,669.0814970829961
2790.0,210.58311462402344,11.411897659301758,669.3426093039889
2791.0,47.998985290527344,4.0290656089782715,669.5626828579989
2792.0,9.814626693725586,1.8739335536956787,669.7745558109891
2793.0,179.47813415527344,9.042073249816895,669.9958203009883
2794.0,17.201465606689453,2.558537721633911,670.1647431809979
2795.0,9.335607528686523,1.9358869791030884,670.3504273549916
2796.0,22.022981643676758,2.737518548965454,670.5156088189979
2797.0,307.03900146484375,10.591732025146484,670.6859520939906
2798.0,11.088479042053223,2.4114015102386475,670.8943086329964
2799.0,59.925262451171875,3.6977150440216064,671.0918963199947
2800.0,61.055667877197266,3.7308359146118164,671.284526131989
2801.0,170.48167419433594,9.914017677307129,676.3834111909964
2802.0,42.11058807373047,3.5439250469207764,676.5660230739886
2803.0,279.9021911621094,8.00485897064209,676.7623666250001
2804.0,29.756162643432617,3.415252447128296,676.9507937799935
2805.0,14.807527542114258,2.3286733627319336,677.1524978149973
2806.0,17.482473373413086,2.3515989780426025,677.3182699959871
2807.0,29.1641845703125,3.688079833984375,677.4810948559898
2808.0,168.9581298828125,8.616583824157715,677.6522344749974
2809.0,11.625988006591797,2.056457042694092,677.8079426089971
2810.0,841.4160766601562,19.914323806762695,677.9606569179887
2811.0,28.5521297454834,3.7635059356689453,678.1455548849917
2812.0,10.078747749328613,1.7776577472686768,678.3103356609936
2813.0,30.196937561035156,3.532628297805786,678.4796070609882
2814.0,123.99478912353516,7.584803581237793,678.6791454679915
2815.0,80.09271240234375,5.412398338317871,678.8440470329951
2816.0,58.717628479003906,4.093185901641846,679.0445881199994
2817.0,119.37255096435547,7.307788848876953,679.2094792279968
2818.0,313.940673828125,10.758472442626953,679.3716448310006
2819.0,48.96200180053711,3.710759162902832,679.5233192149899
2820.0,105.21540069580078,7.20473575592041,679.7363582209946
2821.0,52.802669525146484,3.5684947967529297,679.8925738749967
2822.0,21.273149490356445,3.1535959243774414,680.0545861909923
2823.0,52.70596694946289,2.7076778411865234,680.2259292239905
2824.0,23.271879196166992,3.4885950088500977,680.413171098
2825.0,17.85141372680664,2.146949529647827,680.6068798539927
2826.0,85.64495849609375,3.8976945877075195,680.8097652069991
2827.0,139.52467346191406,5.900379180908203,681.0133624769951
2828.0,52.91719055175781,4.011239051818848,681.2391050929873
2829.0,11.711189270019531,1.74911630153656,681.4307017379906
2830.0,59.45848083496094,5.35355281829834,681.6044827039877
2831.0,34.55877685546875,3.7304253578186035,681.7864009629993
2832.0,39.4022331237793,3.9669458866119385,681.9652175800002
2833.0,23.680419921875,2.6445114612579346,682.1313544949953
2834.0,52.99480438232422,3.8777976036071777,682.3044471829926
2835.0,58.02735137939453,6.139095783233643,682.4745449779875
2836.0,27.1763858795166,3.1361000537872314,682.6491971709911
2837.0,22.790742874145508,2.7788429260253906,682.8014820459939
2838.0,52.406307220458984,3.1546952724456787,682.9589233619918
2839.0,54.96482467651367,5.18771505355835,683.1442176239943
2840.0,75.76109313964844,4.938480377197266,683.3112813999905
2841.0,71.05477142333984,5.914743423461914,683.4689206789917
2842.0,6.349186897277832,1.5460073947906494,683.6294577669905
2843.0,61.55739212036133,4.160077095031738,683.8010352609999
2844.0,92.7984390258789,4.231765270233154,683.9581570659939
2845.0,35.25458526611328,3.622119665145874,684.1227024109976
2846.0,119.73867797851562,7.004604339599609,684.2903002169915
2847.0,239.0362091064453,10.4423828125,684.4738918910007
2848.0,10.717292785644531,1.7465434074401855,684.6530586149893
2849.0,69.40332794189453,4.026312828063965,684.8234721209883
2850.0,85.7255630493164,5.875481605529785,684.9897765219939
2851.0,241.45359802246094,7.434892177581787,685.1335845349968
2852.0,54.88092041015625,3.5482230186462402,685.2959216419986
2853.0,18.844905853271484,3.2417588233947754,685.4555108809873
2854.0,12.978371620178223,2.2857463359832764,685.6163370909926
2855.0,5.812344074249268,1.384434461593628,685.7863415879983
2856.0,9.480056762695312,1.5862189531326294,685.9497845559963
2857.0,91.51849365234375,7.559487819671631,686.1337879089988
2858.0,126.36693572998047,5.096407890319824,686.3255067369901
2859.0,101.43104553222656,6.293424606323242,686.47277639799
2860.0,189.8140411376953,11.013562202453613,686.6453584269912
2861.0,35.898563385009766,3.6106176376342773,686.8160380599875
2862.0,17.94783592224121,2.2120485305786133,686.9894867709954
2863.0,47.87804412841797,4.803617477416992,687.174922405
2864.0,26.3190975189209,2.561971664428711,687.3488044769911
2865.0,81.26941680908203,5.192716598510742,687.5337223389943
2866.0,7.151268005371094,1.5494132041931152,687.7132003939914
2867.0,25.0576114654541,3.3823726177215576,687.9417568319914
2868.0,9.425481796264648,1.9817781448364258,688.1204024839972
2869.0,43.59913635253906,3.7413458824157715,688.2924025690008
2870.0,30.13962173461914,3.7663280963897705,688.4613984939933
2871.0,83.85369110107422,6.154516220092773,688.6260344079928
2872.0,12.910459518432617,2.315704822540283,688.7973510329903
2873.0,33.75363540649414,4.044724464416504,688.9914135309955
2874.0,30.961933135986328,3.376664876937866,689.2451718939992
2875.0,115.50234985351562,7.800067901611328,689.4373960309895
2876.0,55.81880569458008,4.487560272216797,689.6758498009876
2877.0,13.101883888244629,1.8902181386947632,689.8667351379991
2878.0,27.838424682617188,3.2929699420928955,690.0102012169955
2879.0,52.40255355834961,3.7005977630615234,690.1976119319879
2880.0,9.893831253051758,1.7533589601516724,690.3617945999868
2881.0,98.26736450195312,3.9288089275360107,690.5352936479903
2882.0,60.392738342285156,3.7818806171417236,690.7235445909901
2883.0,61.441471099853516,6.045193672180176,690.921000798
2884.0,21.55933380126953,2.6273508071899414,691.084558136994
2885.0,21.31485939025879,2.565650463104248,691.2573683999944
2886.0,298.61041259765625,12.357361793518066,691.4402480889985
2887.0,52.04700469970703,4.925294399261475,691.640353210998
2888.0,683.5667724609375,18.66851043701172,691.7998492719926
2889.0,18.975221633911133,2.5529322624206543,691.9654396049882
2890.0,21.965721130371094,2.4572594165802,692.1225244159868
2891.0,33.051265716552734,3.196641206741333,692.2818371649919
2892.0,42.850868225097656,3.7397000789642334,692.4573676169966
2893.0,9.221183776855469,1.4053457975387573,692.6257838049933
2894.0,105.24996185302734,7.766952037811279,692.808098923997
2895.0,62.55682373046875,5.065215110778809,692.9815382509987
2896.0,71.87992095947266,4.438039779663086,693.1715922129952
2897.0,21.283655166625977,2.6515047550201416,693.3497413429868
2898.0,18.842008590698242,2.8280885219573975,693.5135802279983
2899.0,880.5657958984375,22.682153701782227,693.6709921919974
2900.0,9.186936378479004,1.9763284921646118,693.9039412069978
2901.0,48.69890594482422,4.010130405426025,699.7426558759907
2902.0,685.9550170898438,18.484228134155273,699.8937690039893
2903.0,10.678106307983398,2.154085874557495,700.0511130099912
2904.0,33.43735122680664,3.533670663833618,700.2098249409901
2905.0,46.53711700439453,3.840996265411377,700.3671794979891
2906.0,30.04311180114746,2.518533706665039,700.531588908998
2907.0,6.610196590423584,1.4422359466552734,700.7195560949913
2908.0,368.54266357421875,11.705709457397461,700.9027262259915
2909.0,8.197744369506836,1.8742282390594482,701.0605737089936
2910.0,42.29585266113281,3.4853808879852295,701.2371385329898
2911.0,43.047027587890625,4.20216703414917,701.4021936599893
2912.0,22.993316650390625,2.9925904273986816,701.5750504829921
2913.0,54.543731689453125,5.343073844909668,701.7467469519906
2914.0,5.74483060836792,1.413968801498413,701.961625261989
2915.0,61.77695083618164,4.668980598449707,702.1372049299971
2916.0,83.9741439819336,4.003354072570801,702.2985989320005
2917.0,16.456674575805664,2.1032650470733643,702.5161827799893
2918.0,48.89341735839844,4.346627235412598,702.6990249109949
2919.0,42.22965621948242,3.718309164047241,702.8561972879979
2920.0,94.30680847167969,5.109614849090576,703.0127726779901
2921.0,158.0608367919922,5.380993843078613,703.173593303989
2922.0,9.408096313476562,1.7783012390136719,703.3691602399922
2923.0,11.20320987701416,1.8574210405349731,703.5303538979933
2924.0,10.622791290283203,1.8463107347488403,703.7142186329875
2925.0,60.36479187011719,4.1952643394470215,703.8643130369892
2926.0,34.5899543762207,2.9010684490203857,704.0299727859965
2927.0,7.9623188972473145,1.583013653755188,704.2032831629913
2928.0,7.763411998748779,1.8760770559310913,704.3525168109918
2929.0,21.970422744750977,3.1457505226135254,704.5606203669886
2930.0,13.400052070617676,2.3194189071655273,704.7529545409925
2931.0,1099.5125732421875,27.562664031982422,704.904705708992
2932.0,21.305374145507812,2.8299307823181152,705.0936256629939
2933.0,69.85225677490234,3.7160401344299316,705.2688947589922
2934.0,12.065410614013672,2.55023455619812,705.4509093609959
2935.0,73.40186309814453,4.782181262969971,705.5943392289919
2936.0,102.43390655517578,5.7615485191345215,705.7974596679996
2937.0,60.44209289550781,4.038675308227539,705.9621161229879
2938.0,33.0339241027832,3.8437085151672363,706.1292392449977
2939.0,28.518789291381836,2.9113681316375732,706.3520928389917
2940.0,1116.329345703125,28.475725173950195,706.5125333329925
2941.0,14.507604598999023,2.0752294063568115,706.6845973449963
2942.0,83.38955688476562,4.097010135650635,706.8652465779887
2943.0,19.926759719848633,2.7812225818634033,707.0272384639975
2944.0,102.54959869384766,7.878849506378174,707.1813019549882
2945.0,43.6058464050293,4.08907413482666,707.3417344109912
2946.0,8.47102165222168,1.555088996887207,707.4964861219923
2947.0,20.27165985107422,2.638991355895996,707.6752659149934
2948.0,21.909671783447266,3.297180414199829,707.8772988739947
2949.0,32.079586029052734,3.370328903198242,708.0360121699923
2950.0,150.4275665283203,6.647800445556641,708.1885934789898
2951.0,88.69864654541016,5.300158977508545,708.368877239991
2952.0,82.70480346679688,4.0688042640686035,708.5301126139966
2953.0,148.7895965576172,7.801822662353516,708.6868087670009
2954.0,7.268581390380859,1.5149856805801392,708.8732574309979
2955.0,39.11008834838867,5.111757278442383,709.036906466994
2956.0,46.87910079956055,3.1309614181518555,709.2193601199979
2957.0,17.933029174804688,2.8566133975982666,709.3934125209926
2958.0,8.222309112548828,1.702773928642273,709.7047020199971
2959.0,30.43484115600586,3.3994898796081543,709.9054009149986
2960.0,14.15298080444336,2.14483642578125,710.0647738150001
2961.0,341.5793151855469,13.842489242553711,710.257430824
2962.0,189.74542236328125,11.154641151428223,710.4208675970003
2963.0,15.745909690856934,2.1822056770324707,710.6248982889956
2964.0,24.52711296081543,3.307286262512207,710.8207483459992
2965.0,87.34729766845703,4.667574405670166,710.9826103609957
2966.0,10.375981330871582,1.718350887298584,711.1524592499918
2967.0,26.82070541381836,2.6320900917053223,711.3230748629867
2968.0,15.66332721710205,2.294813871383667,711.5591184829973
2969.0,70.31378936767578,5.327420711517334,711.7677120839944
2970.0,95.0165786743164,5.295608997344971,711.9421250879968
2971.0,54.63106155395508,4.450440883636475,712.1237765469996
2972.0,111.80218505859375,7.3701605796813965,712.2945089689892
2973.0,29.555767059326172,3.991053581237793,712.484654232001
2974.0,31.504201889038086,3.4514760971069336,712.6793739629939
2975.0,33.03212356567383,2.829498291015625,712.8667420299898
2976.0,12.695466995239258,2.0795886516571045,713.0401968899969
2977.0,47.02447509765625,3.1917879581451416,713.2380136159918
2978.0,140.25328063964844,4.910450458526611,713.4073190950003
2979.0,73.44190979003906,3.9372658729553223,713.5624045389995
2980.0,438.4294738769531,15.762097358703613,713.7310234309989
2981.0,27.42803382873535,3.026616334915161,713.8917227309867
2982.0,30.504457473754883,4.113649845123291,714.0663205149904
2983.0,327.2545166015625,10.966175079345703,714.2135047129996
2984.0,87.08683013916016,5.658987522125244,714.3820490579965
2985.0,12.163741111755371,1.849441409111023,714.5619537879975
2986.0,64.9826889038086,4.6816582679748535,714.7289166379924
2987.0,52.45320510864258,3.576777935028076,714.9100694489898
2988.0,38.93053436279297,4.114465713500977,715.069224308987
2989.0,239.5001220703125,10.798188209533691,715.2279975220008
2990.0,16.975656509399414,2.545358896255493,715.4399401619885
2991.0,25.027822494506836,2.6697137355804443,715.6275585399999
2992.0,11.950728416442871,2.0992047786712646,715.8029218390002
2993.0,25.665422439575195,2.951256513595581,715.9675389319891
2994.0,369.3978576660156,10.772295951843262,716.1264603939926
2995.0,114.31488037109375,7.2003302574157715,716.3004255359992
2996.0,81.80521392822266,6.027524948120117,716.4700220099912
2997.0,245.23585510253906,8.861058235168457,716.6563643919944
2998.0,21.151887893676758,2.518880844116211,716.8451704749896
2999.0,7.912253379821777,1.5789810419082642,717.0169455099967
3000.0,30.653993606567383,2.869462490081787,717.1813454769872
3001.0,56.82609939575195,4.104167461395264,722.3182981759892
3002.0,12.520169258117676,2.0837321281433105,722.5130955369968
3003.0,147.6957244873047,7.472683906555176,722.6855390309938
3004.0,50.13063049316406,4.564225673675537,722.8553345599939
3005.0,59.01935577392578,4.186347007751465,723.0315030609927
3006.0,31.692462921142578,2.795687437057495,723.2169530249957
3007.0,8.297815322875977,1.9984140396118164,723.3907570729934
3008.0,81.02203369140625,5.1959428787231445,723.5625502709881
3009.0,44.43621063232422,4.413471698760986,723.7464724039892
3010.0,16.43116569519043,2.2848074436187744,723.9454885199957
3011.0,56.209495544433594,3.53934907913208,724.1140950919944
3012.0,21.845680236816406,3.1816012859344482,724.2888063199935
3013.0,9.150928497314453,1.7990432977676392,724.4816953239933
3014.0,78.92353057861328,5.6673054695129395,724.6466792379942
3015.0,130.3144989013672,6.163671016693115,724.8125839809945
3016.0,22.285160064697266,2.1960103511810303,724.9871323779953
3017.0,26.80668067932129,3.5285210609436035,725.1815249270003
3018.0,24.531286239624023,2.7217442989349365,725.3658458110003
3019.0,23.492788314819336,2.934174060821533,725.5198290839908
3020.0,10.111780166625977,1.7037105560302734,725.6866158249904
3021.0,45.156314849853516,5.0219340324401855,725.9085552639881
3022.0,46.98585891723633,3.5021567344665527,726.0697005289985
3023.0,190.83206176757812,10.27527904510498,726.2376164259913
3024.0,91.69475555419922,4.084774017333984,726.4296059560002
3025.0,32.035865783691406,2.7863237857818604,726.6063820819982
3026.0,53.118919372558594,3.6371889114379883,726.7817881179944
3027.0,32.431034088134766,2.9324707984924316,726.9628301029879
3028.0,51.488128662109375,3.6253268718719482,727.1365619059943
3029.0,88.2990493774414,4.803977012634277,727.2948313919915
3030.0,67.83077239990234,5.317839622497559,727.4656878109963
3031.0,23.928966522216797,2.9725496768951416,727.6210774309875
3032.0,103.0089340209961,6.352575778961182,727.7923799829878
3033.0,19.588844299316406,2.983868360519409,727.9594756149891
3034.0,128.4540557861328,4.079548358917236,728.1604878529906
3035.0,23.036956787109375,3.2866106033325195,728.3423314510001
3036.0,44.74116897583008,3.560620069503784,728.612492218992
3037.0,18.297901153564453,2.698762893676758,728.8084931219928
3038.0,10.27180004119873,2.0320963859558105,728.9774534329918
3039.0,12.395706176757812,1.845707893371582,729.149563849991
3040.0,29.282344818115234,2.7988905906677246,729.328942379987
3041.0,55.91790008544922,3.879013776779175,729.4817937560001
3042.0,18.757781982421875,2.506500482559204,729.6508830469975
3043.0,41.27405548095703,3.1989686489105225,729.8300635489868
3044.0,51.981201171875,4.887260913848877,729.9955469150009
3045.0,19.308835983276367,2.5563676357269287,730.1447465439996
3046.0,32.92441177368164,2.8911166191101074,730.3041257719888
3047.0,5.425351142883301,1.2123969793319702,730.4723442729883
3048.0,7.504979133605957,1.558428406715393,730.6479579619918
3049.0,46.829715728759766,3.871918201446533,730.8368844759971
3050.0,24.52518653869629,3.052525043487549,731.0233047879883
3051.0,36.784732818603516,3.625135660171509,731.1897349559877
3052.0,9.865407943725586,1.8508402109146118,731.3485971329937
3053.0,42.70072555541992,3.799490451812744,731.553488295991
3054.0,39.2832145690918,3.373385190963745,731.7575609630003
3055.0,72.08187866210938,4.4538373947143555,731.9256197029899
3056.0,7.8607869148254395,1.567838430404663,732.0977953659894
3057.0,191.64425659179688,7.495197772979736,732.2597161429876
3058.0,12.401530265808105,2.366708517074585,732.4121104340011
3059.0,55.75231170654297,4.661274433135986,732.565447571993
3060.0,381.5769958496094,11.052423477172852,732.7439097269962
3061.0,12.840596199035645,2.172856330871582,732.9005254929943
3062.0,24.899532318115234,2.7561240196228027,733.0822386569926
3063.0,60.35088348388672,3.841235637664795,733.3110627269925
3064.0,106.36109161376953,5.464700698852539,733.4857622679992
3065.0,56.986663818359375,4.449882507324219,733.6499570339947
3066.0,32.02640914916992,3.197514772415161,733.834299907001
3067.0,8.317867279052734,1.5497204065322876,733.9877395779913
3068.0,71.7524642944336,4.353482723236084,734.1742389579886
3069.0,23.831539154052734,2.9837403297424316,734.3608286050003
3070.0,145.6102752685547,8.566620826721191,734.5346583869978
3071.0,27.94594383239746,3.777165174484253,734.7524695369939
3072.0,19.182390213012695,3.113896608352661,734.9161929719994
3073.0,136.38748168945312,5.3450236320495605,735.0994282789907
3074.0,8.792665481567383,1.7577176094055176,735.2543445359915
3075.0,57.1387825012207,3.900815010070801,735.4238847729866
3076.0,35.28841781616211,4.179104328155518,735.6125157159986
3077.0,258.7651062011719,12.83327865600586,735.8277636109997
3078.0,704.2736206054688,22.42995834350586,735.9911698279902
3079.0,63.15487289428711,3.92942476272583,736.1688637869956
3080.0,69.9272232055664,4.99184513092041,736.3546595099906
3081.0,24.73248863220215,2.668447494506836,736.5448946339893
3082.0,89.65631103515625,5.104656219482422,736.7280119939969
3083.0,212.53907775878906,8.092070579528809,736.9221888619941
3084.0,9.415471076965332,1.6340152025222778,737.0718340159947
3085.0,358.5610656738281,11.586041450500488,737.2728652219957
3086.0,7.43966817855835,1.447121500968933,737.419369678988
3087.0,34.718658447265625,3.0328757762908936,737.5917915209866
3088.0,14.67430305480957,2.3803610801696777,737.7733824649913
3089.0,10.822720527648926,2.292227029800415,737.9249646059907
3090.0,8.086286544799805,1.69413423538208,738.0853822749923
3091.0,62.82244873046875,5.199446201324463,738.2463579249888
3092.0,35.648319244384766,3.250035047531128,738.4349414089957
3093.0,31.184911727905273,3.7315168380737305,738.6066911429953
3094.0,11.635974884033203,2.0331385135650635,738.8265114459937
3095.0,306.0987854003906,6.24826192855835,738.997860612988
3096.0,65.41630554199219,4.072268962860107,739.1477666879946
3097.0,93.14620971679688,3.6836249828338623,739.3421905309951
3098.0,116.09300994873047,5.613211154937744,739.5245179399935
3099.0,78.3993911743164,5.309620380401611,739.7002464649995
3100.0,14.818523406982422,1.88405442237854,739.8716984409984
3101.0,9.760199546813965,1.9049150943756104,745.6545357249997
3102.0,33.302242279052734,2.831474542617798,745.8014984939946
3103.0,30.71156883239746,3.74865984916687,745.9662767379923
3104.0,71.5934066772461,4.69088888168335,746.111689679994
3105.0,35.99504852294922,3.1551780700683594,746.2460312789917
3106.0,9.382075309753418,1.9549918174743652,746.3944095359911
3107.0,116.26356506347656,5.888988971710205,746.5573924079945
3108.0,25.828121185302734,2.500175714492798,746.7157709439925
3109.0,280.2293701171875,13.419822692871094,746.9468713639944
3110.0,160.2595977783203,9.662598609924316,747.1545085049875
3111.0,16.663663864135742,2.1754989624023438,747.3256517419941
3112.0,296.1626281738281,10.881129264831543,747.4962293099961
3113.0,84.34403991699219,5.518235683441162,747.6658617969952
3114.0,63.07638931274414,5.912231922149658,747.8841550039942
3115.0,125.35908508300781,6.7419047355651855,748.0525221259886
3116.0,20.6663818359375,2.8426904678344727,748.2151971459971
3117.0,24.845685958862305,3.674558162689209,748.4019278819906
3118.0,52.011497497558594,5.766629219055176,748.5767748539947
3119.0,21.37851333618164,2.427882194519043,748.7511500789988
3120.0,12.370203018188477,2.291893243789673,748.9018305429927
3121.0,81.05001831054688,4.831069469451904,749.0818968449894
3122.0,26.08926773071289,2.3909475803375244,749.2358613299875
3123.0,7.849514961242676,1.69776451587677,749.3896498579998
3124.0,223.30589294433594,9.777934074401855,749.5761456529872
3125.0,54.1107292175293,4.3977274894714355,749.7949471329921
3126.0,96.22589874267578,5.95289421081543,749.9519338029932
3127.0,24.092819213867188,3.500133514404297,750.1184971490002
3128.0,68.75439453125,5.069957733154297,750.30306345399
3129.0,6.9887309074401855,1.598389744758606,750.4999394759943
3130.0,144.66616821289062,8.83874797821045,750.6572382749873
3131.0,79.59490203857422,5.54408597946167,750.8074465440004
3132.0,15.535561561584473,2.342378854751587,750.9734617379872
3133.0,122.24413299560547,5.3881707191467285,751.119689108993
3134.0,18.78894805908203,2.4005377292633057,751.2882380800002
3135.0,6.9773268699646,1.4289745092391968,751.4756130899914
3136.0,22.83131217956543,2.4798972606658936,751.6377227429912
3137.0,20.62747573852539,3.213017463684082,751.8416554809955
3138.0,29.097049713134766,2.7806918621063232,752.0400919569947
3139.0,12.947961807250977,2.0750303268432617,752.2323080619972
3140.0,39.81765365600586,4.211484909057617,752.3946129799879
3141.0,27.666141510009766,3.550602436065674,752.5782566829876
3142.0,83.91856384277344,5.427726745605469,752.7428090139874
3143.0,14.585447311401367,2.1964468955993652,752.8849278259877
3144.0,31.70329475402832,2.651761293411255,753.0606635909935
3145.0,20.739900588989258,2.170619249343872,753.2551194179978
3146.0,10.55199146270752,1.887575387954712,753.4195188339945
3147.0,151.56314086914062,7.484775066375732,753.5994782249909
3148.0,17.088550567626953,2.3717291355133057,753.7673307289951
3149.0,15.50509262084961,2.589329957962036,753.9683825279935
3150.0,32.995933532714844,2.884579658508301,754.165420491001
3151.0,19.657373428344727,3.1399364471435547,754.3340333989909
3152.0,121.14292907714844,5.404002666473389,754.4970994429896
3153.0,21.697145462036133,2.4589741230010986,754.6675670330005
3154.0,34.988956451416016,3.653662919998169,754.852024021995
3155.0,95.45781707763672,6.120729446411133,755.0373912089999
3156.0,95.24837493896484,6.256701469421387,755.194815512994
3157.0,44.43153381347656,3.7367734909057617,755.3530572229938
3158.0,7.681272506713867,1.8908509016036987,755.5285903879994
3159.0,164.97946166992188,6.999786376953125,755.695469318991
3160.0,784.1167602539062,23.965347290039062,755.8763494809973
3161.0,17.482046127319336,2.58054780960083,756.0417059729953
3162.0,35.00068283081055,3.109893321990967,756.2028848079935
3163.0,75.18583679199219,4.127259731292725,756.3687438669876
3164.0,1564.236572265625,27.403242111206055,756.5440343459923
3165.0,50.69500732421875,4.09907865524292,756.7160414969985
3166.0,63.81180953979492,3.776108980178833,756.8899209829979
3167.0,10.24275016784668,1.8491439819335938,757.0851512139925
3168.0,59.14091110229492,5.911738395690918,757.235957464989
3169.0,9.42860221862793,1.8583815097808838,757.3931255149946
3170.0,52.231937408447266,3.7571206092834473,757.568258239
3171.0,62.47786331176758,4.147207736968994,757.7254308929987
3172.0,42.31830596923828,3.000255584716797,757.8923544799909
3173.0,78.83916473388672,5.989683151245117,758.0622947999946
3174.0,29.072071075439453,3.908041477203369,758.2306507929898
3175.0,43.907657623291016,3.4303929805755615,758.3691724979872
3176.0,19.152318954467773,2.1097171306610107,758.56312987399
3177.0,36.942115783691406,3.1927993297576904,758.7181483099994
3178.0,14.03374195098877,2.3188860416412354,758.884539695995
3179.0,7.357175350189209,1.5350786447525024,759.0557357020007
3180.0,14.930371284484863,1.8563898801803589,759.2172078289877
3181.0,42.024417877197266,2.6784045696258545,759.365694010994
3182.0,59.32680892944336,3.733609199523926,759.5312945399928
3183.0,39.674320220947266,3.067823648452759,759.7032587909925
3184.0,105.66303253173828,6.750057697296143,759.863945456993
3185.0,157.29766845703125,8.887080192565918,760.0331046439969
3186.0,21.318218231201172,2.397839069366455,760.2079312869901
3187.0,17.418052673339844,2.2930076122283936,760.3779252159875
3188.0,10.216167449951172,2.228611946105957,760.5761283699976
3189.0,103.16814422607422,4.566407203674316,760.777863832991
3190.0,126.29669952392578,8.14001750946045,760.9418585029925
3191.0,44.84407424926758,4.563331127166748,761.1348687189893
3192.0,10.884742736816406,2.2104504108428955,761.3368068059935
3193.0,46.607059478759766,3.444803476333618,761.5072779829934
3194.0,645.1943359375,19.57441520690918,761.6630654359906
3195.0,1294.5364990234375,27.98794174194336,761.8751775439887
3196.0,11.253682136535645,1.829498529434204,762.0524308289896
3197.0,46.40489196777344,4.06631326675415,762.22333565999
3198.0,32.389488220214844,3.2792606353759766,762.4176917279983
3199.0,131.54139709472656,5.746682167053223,762.603139777988
3200.0,26.81892204284668,2.912905693054199,762.8171270129969
3201.0,80.62948608398438,4.616853713989258,767.5880839129968
3202.0,8.916892051696777,1.907891035079956,767.7666239429964
3203.0,6.97878360748291,1.456313133239746,767.9316272479919
3204.0,23.39621353149414,3.1605072021484375,768.0821725299902
3205.0,27.15157699584961,2.6182260513305664,768.2667656619888
3206.0,190.05325317382812,6.493581771850586,768.4245271979889
3207.0,10.503073692321777,1.761806845664978,768.6137672839977
3208.0,70.54633331298828,4.682590007781982,768.7889384809969
3209.0,85.11481475830078,5.494545936584473,768.9816841729917
3210.0,12.40536880493164,1.587104320526123,769.1561386319954
3211.0,21.451610565185547,2.9738125801086426,769.334911272992
3212.0,39.149139404296875,3.427541971206665,769.552070656995
3213.0,43.19874572753906,3.9716224670410156,769.7174757489993
3214.0,8.907930374145508,1.659993290901184,769.8755872239999
3215.0,37.55131912231445,3.816845178604126,770.0798316299915
3216.0,42.761741638183594,3.454686403274536,770.2341409609944
3217.0,40.48823165893555,3.389394760131836,770.429140111999
3218.0,148.04644775390625,8.542670249938965,770.6007571519876
3219.0,11.707735061645508,2.2220265865325928,770.7722137169912
3220.0,158.65338134765625,7.358726978302002,770.9391446230002
3221.0,50.235191345214844,5.294620990753174,771.115628694999
3222.0,18.77396583557129,3.0024588108062744,771.2772667069949
3223.0,90.61136627197266,4.963718891143799,771.4530472659972
3224.0,25.055362701416016,2.9902451038360596,771.6163182639866
3225.0,14.651461601257324,2.6353955268859863,771.8080896119936
3226.0,171.55612182617188,7.23470401763916,771.9710822769994
3227.0,134.75924682617188,9.151269912719727,772.125778253001
3228.0,28.103878021240234,3.3903133869171143,772.2995415779878
3229.0,53.23564910888672,4.222609043121338,772.4725493559963
3230.0,174.47801208496094,7.687974452972412,772.7010681139946
3231.0,45.609474182128906,4.281503677368164,772.9126445759903
3232.0,10.387450218200684,1.908029317855835,773.1120131159987
3233.0,49.02725601196289,4.680878639221191,773.3290941899904
3234.0,35.133670806884766,3.014425039291382,773.4896265989955
3235.0,14.894495964050293,2.1414830684661865,773.6450009799883
3236.0,669.1639404296875,21.55714225769043,773.850734237989
3237.0,12.630430221557617,2.011885166168213,774.0771210379899
3238.0,13.582632064819336,2.6370866298675537,774.2493815950002
3239.0,63.150150299072266,3.9016671180725098,774.4183184619906
3240.0,34.0518913269043,3.4178547859191895,774.5786373640003
3241.0,19.849695205688477,3.230494260787964,774.7786904659879
3242.0,35.27294921875,3.480039358139038,774.9891626109893
3243.0,55.814186096191406,4.375682353973389,775.1782147829945
3244.0,71.46607971191406,5.313486099243164,775.3316202790011
3245.0,69.00373840332031,4.930200576782227,775.5029070749879
3246.0,8.564193725585938,1.9145275354385376,775.6896910549985
3247.0,127.3943862915039,5.296298503875732,775.8543920859956
3248.0,23.968774795532227,2.975374460220337,776.1462603739928
3249.0,37.922420501708984,2.771765947341919,776.3047016919882
3250.0,8.676365852355957,1.7455939054489136,776.498089457993
3251.0,51.25515365600586,4.065297603607178,776.6548353309918
3252.0,160.57716369628906,9.850543975830078,776.8342659240006
3253.0,114.17578125,4.555974006652832,777.0055099669989
3254.0,106.62625122070312,6.571010589599609,777.1826520859904
3255.0,87.89517211914062,6.775001049041748,777.3502360860002
3256.0,73.33343505859375,5.0583367347717285,777.5931699590001
3257.0,143.3839111328125,6.475937366485596,777.8309320209955
3258.0,788.501220703125,21.814926147460938,778.0224257069931
3259.0,22.42527961730957,2.5267746448516846,778.213060146998
3260.0,14.28451156616211,2.1141273975372314,778.6109664999967
3261.0,45.26518630981445,3.1724853515625,778.8740886939922
3262.0,34.43421173095703,3.789001941680908,779.0516797089949
3263.0,9.384167671203613,1.5558334589004517,779.3332457679935
3264.0,1412.77099609375,26.463581085205078,779.5264020179893
3265.0,13.791206359863281,2.608736515045166,779.7206234329933
3266.0,49.12690734863281,3.435551881790161,779.9500761559902
3267.0,14.839027404785156,2.5862269401550293,780.120902486
3268.0,109.26278686523438,7.537043571472168,780.2867817109945
3269.0,10.706144332885742,2.1438028812408447,780.4498963419901
3270.0,256.913818359375,10.33798885345459,780.6176697329938
3271.0,883.58154296875,20.518739700317383,780.794383925997
3272.0,29.918710708618164,3.1253817081451416,781.0510553219938
3273.0,23.28536033630371,2.9814114570617676,781.3034876699967
3274.0,27.624614715576172,3.4188554286956787,781.5009451799997
3275.0,40.904052734375,4.1478271484375,781.7262504389946
3276.0,23.443321228027344,3.389617443084717,781.9437344289909
3277.0,47.4608039855957,4.4894185066223145,782.102598278987
3278.0,23.880992889404297,2.48371958732605,782.2964407149993
3279.0,7.079921722412109,1.5456851720809937,782.477258325991
3280.0,17.62667465209961,2.9392223358154297,782.6598596239928
3281.0,32.12358474731445,3.067068576812744,782.870152575997
3282.0,33.200965881347656,3.575791120529175,783.0341128299915
3283.0,12.215288162231445,2.3608179092407227,783.2227594360011
3284.0,19.461734771728516,2.1862425804138184,783.3814668649866
3285.0,11.454476356506348,1.834517002105713,783.5790631529962
3286.0,44.55669021606445,3.60917329788208,783.7937621629972
3287.0,40.97002029418945,3.2527599334716797,783.971016866999
3288.0,13.147557258605957,2.2724223136901855,784.2094784369983
3289.0,30.123666763305664,2.9051172733306885,784.4229133659974
3290.0,10.992650032043457,1.645329475402832,784.6142990819935
3291.0,61.11152648925781,4.1383490562438965,784.8066354829934
3292.0,11.738637924194336,1.9793399572372437,785.044808237988
3293.0,76.60155487060547,5.389599800109863,785.3914684829942
3294.0,8.017528533935547,1.5977154970169067,785.6481301049935
3295.0,12.190105438232422,2.020228147506714,785.9919449809968
3296.0,87.04015350341797,7.130091667175293,786.1967459659936
3297.0,8.067352294921875,1.612291693687439,786.4868880879949
3298.0,15.049276351928711,2.196821689605713,786.7081790879893
3299.0,755.93701171875,23.675893783569336,786.9280801029963
3300.0,49.359432220458984,4.49601411819458,787.1011447130004
3301.0,6.452215194702148,1.390358805656433,792.4083588289941
3302.0,15.315281867980957,2.2969887256622314,792.5627620299929
3303.0,28.29743194580078,2.8900046348571777,792.7619074069953
3304.0,370.5154113769531,9.987967491149902,792.9362530309882
3305.0,67.77115631103516,4.329941272735596,793.1023367169983
3306.0,32.13177490234375,3.5423595905303955,793.2720375399949
3307.0,58.566104888916016,4.364441394805908,793.4261355469935
3308.0,106.38304901123047,7.221498012542725,793.581153385996
3309.0,28.85504722595215,3.8733699321746826,793.7418316179974
3310.0,191.98060607910156,7.4060750007629395,793.9208294729906
3311.0,27.328533172607422,3.127568244934082,794.1447259169945
3312.0,13.59291934967041,2.1536612510681152,794.3704254309996
3313.0,45.71609878540039,3.722996234893799,794.5965409909986
3314.0,147.29222106933594,8.472683906555176,794.7916106609919
3315.0,36.41721725463867,3.1961100101470947,794.997644240997
3316.0,106.32929992675781,4.4420623779296875,795.162206087989
3317.0,30.226696014404297,2.670945882797241,795.3558115779888
3318.0,125.09716796875,7.279828071594238,795.5334726869914
3319.0,31.249271392822266,3.2471070289611816,795.7013816369872
3320.0,10.10599422454834,1.970914363861084,795.8507990479993
3321.0,11.909442901611328,1.7038562297821045,796.0027918379928
3322.0,16.98904800415039,2.5007646083831787,796.1589928059984
3323.0,76.72113037109375,4.359886169433594,796.3395777129917
3324.0,5.758768558502197,1.4161648750305176,796.5158133459918
3325.0,60.02616882324219,4.642362594604492,796.6679640879884
3326.0,90.43302154541016,4.71285343170166,796.8748728229984
3327.0,153.7175750732422,6.571879863739014,797.0287114909879
3328.0,36.23681640625,2.7372944355010986,797.2137445669941
3329.0,17.07929039001465,2.6455600261688232,797.3963692349935
3330.0,107.20358276367188,7.318790912628174,797.5538653059921
3331.0,21.930980682373047,2.322025775909424,797.7132364349964
3332.0,26.192434310913086,3.423201560974121,797.8957719609898
3333.0,20.510746002197266,1.8221689462661743,798.2422566939931
3334.0,145.86590576171875,9.642940521240234,799.5022203059925
3335.0,788.6558837890625,18.666589736938477,800.4656538919953
3336.0,47.52595901489258,3.3242244720458984,801.200799563987
3337.0,46.57390213012695,3.5505905151367188,801.3986469659867
3338.0,29.843393325805664,2.614718437194824,801.553538586988
3339.0,45.3260612487793,4.20515251159668,801.7630717469874
3340.0,41.280513763427734,3.188488721847534,801.9379970709997
3341.0,289.73150634765625,13.721126556396484,802.1247244849947
3342.0,162.94956970214844,5.959744453430176,802.2965606499929
3343.0,11.677716255187988,2.092416286468506,802.4745735420001
3344.0,62.26092529296875,4.795623302459717,802.7023170309985
3345.0,86.35173034667969,4.567708492279053,802.8580801450007
3346.0,49.388641357421875,3.7321066856384277,803.021742426994
3347.0,13.175228118896484,2.3039698600769043,803.2214029089955
3348.0,182.63705444335938,6.676681041717529,803.4862359099934
3349.0,8.615486145019531,1.7215759754180908,803.7411168619874
3350.0,20.051605224609375,2.4335668087005615,803.961906313998
3351.0,53.45452117919922,4.639437198638916,804.1568431199994
3352.0,182.6922607421875,8.981376647949219,804.3351892899955
3353.0,23.75005531311035,2.825840711593628,804.5515439289884
3354.0,25.59682846069336,3.19012188911438,804.7943096679955
3355.0,6.354628086090088,1.391762614250183,804.9836189429916
3356.0,107.90608215332031,5.715431213378906,805.2849431579962
3357.0,21.767662048339844,2.068815231323242,805.5278859329992
3358.0,27.47325325012207,3.4372408390045166,805.7765279929881
3359.0,128.58953857421875,5.4215850830078125,805.9692059230001
3360.0,40.0787239074707,3.9362964630126953,806.156729653987
3361.0,10.107183456420898,1.9001988172531128,806.3464460159885
3362.0,724.3738403320312,22.580549240112305,806.5428062899882
3363.0,32.84415054321289,3.088425874710083,806.7074950179958
3364.0,123.0276870727539,8.68176555633545,806.879144298
3365.0,78.67144775390625,5.25727653503418,807.0696609359875
3366.0,631.8170166015625,19.341875076293945,807.2335852029937
3367.0,82.35167694091797,5.6979522705078125,807.4038072260009
3368.0,55.04234313964844,4.593881607055664,807.5996677469957
3369.0,12.928390502929688,2.3978490829467773,807.785807880995
3370.0,89.52523040771484,4.429772853851318,807.9484478029917
3371.0,15.210315704345703,2.471320867538452,808.1099184999912
3372.0,11.379993438720703,1.8628395795822144,808.2782960099867
3373.0,35.61722183227539,3.5400078296661377,808.441478430992
3374.0,50.86913299560547,5.08363676071167,808.6120804529928
3375.0,798.803955078125,19.70619010925293,808.7758773799869
3376.0,10.906253814697266,1.8884797096252441,809.0781008009944
3377.0,11.661643981933594,1.960315465927124,809.359083776988
3378.0,40.163551330566406,3.310380458831787,809.637023282994
3379.0,86.69193267822266,6.775981426239014,809.8279723209998
3380.0,78.15066528320312,4.5803656578063965,810.0139430729905
3381.0,41.39017105102539,2.984034776687622,810.1933749279997
3382.0,117.59906005859375,6.6819987297058105,810.4317780599958
3383.0,10.492116928100586,1.790958285331726,810.625248753
3384.0,5.354481220245361,1.2200721502304077,810.8079329779866
3385.0,75.3895034790039,4.507474899291992,811.002348650989
3386.0,7.5995635986328125,1.7625216245651245,811.163455173999
3387.0,229.1135711669922,8.151800155639648,811.3119050109963
3388.0,8.992033004760742,1.5866420269012451,811.484899099989
3389.0,28.078664779663086,3.2466518878936768,811.6863100449991
3390.0,75.75826263427734,4.5646491050720215,811.87016029199
3391.0,69.6891860961914,5.077773094177246,812.0456912699883
3392.0,48.650821685791016,3.5660431385040283,812.2095681259962
3393.0,89.6219482421875,7.563778877258301,812.3886194730003
3394.0,138.3005828857422,5.921098709106445,812.5604370859946
3395.0,45.30624771118164,3.9349377155303955,812.7532041599916
3396.0,72.6739501953125,3.691493272781372,812.9408787949942
3397.0,45.4615364074707,3.077709436416626,813.1168788539944
3398.0,62.37690353393555,3.789254665374756,813.277767380001
3399.0,31.081396102905273,3.0874924659729004,813.4689149599872
3400.0,123.44548797607422,6.909886360168457,813.6869151969877
3401.0,30.99781036376953,3.825270891189575,819.0485388689995
3402.0,22.192285537719727,2.7045135498046875,819.2278943909914
3403.0,22.156679153442383,3.421210289001465,819.4069698989915
3404.0,14.449456214904785,2.4456722736358643,819.633432882998
3405.0,44.55617141723633,2.719255208969116,819.8851866029872
3406.0,66.95146942138672,5.999853610992432,820.1247023009928
3407.0,150.6842803955078,7.258917331695557,820.2891509529873
3408.0,35.72071075439453,3.40187931060791,820.580776702991
3409.0,52.443870544433594,4.335050106048584,820.7576712599985
3410.0,35.04494094848633,3.118865489959717,820.9367573939962
3411.0,63.74345397949219,3.580286741256714,821.1364241179981
3412.0,7.178651809692383,1.4621187448501587,821.2954975189932
3413.0,10.301130294799805,1.8176651000976562,821.4823613810004
3414.0,73.8164291381836,6.015580654144287,821.6521822209907
3415.0,9.146547317504883,1.6735011339187622,821.8130836709897
3416.0,54.46200180053711,3.8554062843322754,822.0140001779946
3417.0,339.7749938964844,12.136276245117188,822.1850435979868
3418.0,16.823949813842773,2.052377223968506,822.3744398459967
3419.0,65.2869873046875,5.384244918823242,822.5417076479935
3420.0,20.421966552734375,2.9711647033691406,822.698576772993
3421.0,46.05888748168945,3.9058070182800293,822.9261376799986
3422.0,16.556962966918945,2.3249199390411377,823.085838701998
3423.0,111.53230285644531,7.537166595458984,823.2467749789939
3424.0,40.97011184692383,4.044464588165283,823.3977389029897
3425.0,22.226837158203125,2.890660285949707,823.556813008996
3426.0,9.164911270141602,1.9919779300689697,823.7291101589944
3427.0,42.92110061645508,3.9556379318237305,823.8958489679935
3428.0,62.716224670410156,4.92487096786499,824.0724545549892
3429.0,66.33181762695312,3.883894443511963,824.2380132099934
3430.0,172.4130401611328,7.6903276443481445,824.4393250229914
3431.0,66.90396881103516,5.196431636810303,824.6287234119955
3432.0,26.48752212524414,2.6342344284057617,824.9973166540003
3433.0,34.37861633300781,2.696873188018799,825.1953364410001
3434.0,70.04270935058594,4.413796901702881,825.4289186549868
3435.0,17.701414108276367,2.147125244140625,825.5898208159924
3436.0,15.268067359924316,2.1029248237609863,825.7839034719946
3437.0,12.54836654663086,1.9893039464950562,826.1735344399931
3438.0,39.897674560546875,3.208275079727173,826.6233307039947
3439.0,4.002058506011963,1.1482064723968506,826.789549366993
3440.0,80.77293395996094,4.547443389892578,826.9443244139984
3441.0,19.61821174621582,2.966034173965454,827.1598334049922
3442.0,22.35080909729004,2.560986280441284,827.3423820749886
3443.0,9.912141799926758,1.9138150215148926,827.5139357199951
3444.0,21.331384658813477,2.827367067337036,827.8165705189895
3445.0,44.80423355102539,4.049743175506592,828.0819205579901
3446.0,29.680809020996094,3.646937847137451,828.3550863229902
3447.0,66.11382293701172,4.852608680725098,828.580734719988
3448.0,41.353240966796875,3.390875816345215,828.8134029459907
3449.0,166.23387145996094,6.171711444854736,829.0097196959978
3450.0,17.613492965698242,2.938275098800659,829.2112922989909
3451.0,8.702484130859375,1.861665964126587,829.487787348
3452.0,55.03297805786133,5.1350812911987305,829.720111513001
3453.0,67.37966918945312,3.876213312149048,829.8797550439922
3454.0,19.203123092651367,2.160794973373413,830.0571885289974
3455.0,23.761871337890625,2.6188559532165527,830.319118763
3456.0,50.77412414550781,4.576206684112549,830.5350215559884
3457.0,15.402955055236816,2.2352797985076904,830.7478614289867
3458.0,28.229076385498047,3.2620344161987305,830.9213678339875
3459.0,40.87159729003906,4.877612113952637,831.1437561759958
3460.0,14.301546096801758,2.2362911701202393,831.3634613779868
3461.0,10.15543270111084,1.8045251369476318,831.5965499519953
3462.0,42.779170989990234,4.442659378051758,831.7938166749955
3463.0,49.483097076416016,3.982917547225952,832.0662841759913
3464.0,140.53880310058594,5.713735103607178,832.422732482999
3465.0,6.38726282119751,1.3840426206588745,832.8535797209915
3466.0,10.352195739746094,1.6174137592315674,833.0106765859964
3467.0,59.800880432128906,3.3460822105407715,833.1804747409915
3468.0,30.31793975830078,3.3576972484588623,833.3556222859916
3469.0,974.7124633789062,20.46623420715332,833.5218165639963
3470.0,22.632408142089844,2.763007164001465,833.7093031099939
3471.0,16.41010284423828,2.2539515495300293,833.8796774889925
3472.0,21.011554718017578,2.410385847091675,834.0717517739977
3473.0,23.851415634155273,3.051276683807373,834.240587192995
3474.0,124.47250366210938,5.910358428955078,834.4107436349877
3475.0,27.260766983032227,2.9208033084869385,834.5661969389912
3476.0,27.259014129638672,3.02347731590271,834.7518309999869
3477.0,32.40641784667969,3.4933905601501465,834.9301424359874
3478.0,24.087499618530273,2.9557271003723145,835.0913308769959
3479.0,46.300628662109375,3.7470083236694336,835.2461951659934
3480.0,64.05978393554688,3.8497819900512695,835.424660233999
3481.0,41.80446243286133,3.660440683364868,835.5803293949866
3482.0,61.49517822265625,4.052369594573975,835.7409190359904
3483.0,50.4102897644043,3.538182258605957,835.9060944419907
3484.0,9.707551002502441,1.7764170169830322,836.0957559050003
3485.0,144.41238403320312,7.071597099304199,836.2556546829874
3486.0,50.73206329345703,4.501048564910889,836.4098584399908
3487.0,40.7593994140625,3.25594162940979,836.5679684809875
3488.0,94.95195770263672,5.69990873336792,836.7624001469958
3489.0,8.29472827911377,1.6053905487060547,836.9477985699923
3490.0,17.169715881347656,2.70542573928833,837.1144360179896
3491.0,41.78981399536133,3.104720115661621,837.2819937259919
3492.0,57.904144287109375,3.32460355758667,837.4482411389909
3493.0,578.0582275390625,19.032817840576172,837.6349141409883
3494.0,8.7481689453125,1.9917995929718018,837.8373065549968
3495.0,8.570409774780273,1.5870484113693237,837.9980938749941
3496.0,17.657182693481445,2.3633885383605957,838.1482739849889
3497.0,28.944957733154297,3.309589385986328,838.3299052709917
3498.0,62.73719024658203,4.682252407073975,838.4920840739942
3499.0,51.926475524902344,4.794946193695068,838.6553993179987
3500.0,191.69789123535156,7.278419017791748,838.830030830999
3501.0,83.81230926513672,4.8888983726501465,843.6545927010011
3502.0,46.64508819580078,3.7278010845184326,843.830045292998
3503.0,9.065242767333984,1.8950501680374146,843.9856963539933
3504.0,93.98668670654297,6.066880226135254,844.1819035969966
3505.0,52.93526840209961,3.776817798614502,844.381390620998
3506.0,17.73997688293457,2.835968017578125,844.5430925099936
3507.0,28.84962272644043,2.8547558784484863,844.7337070659996
3508.0,150.23443603515625,9.266785621643066,844.9052128209878
3509.0,15.037635803222656,2.532289743423462,845.0610985339881
3510.0,1034.34521484375,23.016630172729492,845.2168090689956
3511.0,26.815208435058594,2.689671516418457,845.3880449739954
3512.0,43.29567337036133,3.3837475776672363,845.5412017619965
3513.0,18.11069679260254,3.178731918334961,845.7123172659922
3514.0,203.71957397460938,4.966365337371826,845.8757282759907
3515.0,35.348323822021484,2.9901018142700195,846.0397041349934
3516.0,8.287911415100098,1.6034202575683594,846.2209462749888
3517.0,73.10700988769531,5.180180072784424,846.3972437159973
3518.0,342.1013488769531,11.45738410949707,846.5692709449941
3519.0,70.89773559570312,5.548896789550781,846.7490310899884
3520.0,23.251087188720703,2.9368367195129395,846.914099829999
3521.0,40.870887756347656,3.0827367305755615,847.0658378779917
3522.0,146.04246520996094,6.317703723907471,847.256339028987
3523.0,18.125335693359375,3.024327278137207,847.4106477429887
3524.0,60.705013275146484,5.066936492919922,847.5697338999889
3525.0,78.26660919189453,4.930171489715576,847.7401286849927
3526.0,6.707585334777832,1.6864111423492432,847.8915644529916
3527.0,59.31013488769531,4.371819019317627,848.0627009909949
3528.0,22.74989128112793,2.568423271179199,848.2132625199883
3529.0,11.12452220916748,1.7724292278289795,848.3679167249938
3530.0,77.01094818115234,6.488593578338623,848.5312506939954
3531.0,6.707394123077393,1.3516058921813965,848.6982702409878
3532.0,19.945484161376953,2.6713263988494873,848.8654057449894
3533.0,47.35576248168945,3.7826812267303467,849.0451871709956
3534.0,31.355939865112305,2.875844955444336,849.2090301209973
3535.0,57.26553726196289,4.536926746368408,849.3700681649934
3536.0,17.80594253540039,1.9546055793762207,849.5304671749909
3537.0,167.76708984375,8.12017822265625,849.7047180449881
3538.0,116.83577728271484,6.347622871398926,849.891085419993
3539.0,11.093879699707031,2.0215601921081543,850.0514728129929
3540.0,36.96779251098633,4.14315128326416,850.2266283270001
3541.0,74.9624252319336,4.87420129776001,850.4081811499927
3542.0,34.584266662597656,3.4600400924682617,850.5702285079897
3543.0,84.0241928100586,3.5422847270965576,850.7428598569968
3544.0,7.004697799682617,1.743393898010254,850.909296480997
3545.0,35.45684814453125,4.862788200378418,851.0789315299917
3546.0,662.0009765625,22.049468994140625,851.2329629879969
3547.0,69.8021011352539,4.902434825897217,851.3898100549995
3548.0,8.759660720825195,1.6991273164749146,851.5428270309931
3549.0,34.377689361572266,3.0369322299957275,851.7380143389892
3550.0,38.322818756103516,2.9602906703948975,851.9167822169984
3551.0,79.72320556640625,4.861001491546631,852.0780945809965
3552.0,33.48725128173828,3.669180154800415,852.2417352099874
3553.0,12.26168155670166,1.9670846462249756,852.3848437879933
3554.0,89.3112564086914,5.004885673522949,852.5460076299933
3555.0,22.14634895324707,2.554602861404419,852.7270280189987
3556.0,27.1155948638916,3.4074809551239014,852.9165005149989
3557.0,26.17068099975586,3.458271026611328,853.0823666549986
3558.0,12.61109733581543,2.0044479370117188,853.2404978720006
3559.0,8.40804386138916,1.5202850103378296,853.3964538839937
3560.0,46.74144744873047,3.368035078048706,853.5545220749918
3561.0,39.09618377685547,3.591015100479126,853.7380073929962
3562.0,72.10697174072266,4.772063255310059,853.951290314988
3563.0,47.65631103515625,4.5706787109375,854.1403112900007
3564.0,146.27938842773438,9.004199981689453,854.3164211379917
3565.0,31.305511474609375,2.5328140258789062,854.4936887099902
3566.0,49.450340270996094,4.135131359100342,854.6609622639953
3567.0,19.561059951782227,3.022139549255371,854.8429163739929
3568.0,34.84311294555664,2.9224469661712646,855.0783689469972
3569.0,80.68658447265625,5.339334011077881,855.237392725001
3570.0,10.65373420715332,1.9794584512710571,855.4784751109983
3571.0,26.83622932434082,3.579700231552124,855.6470474119997
3572.0,43.507713317871094,3.315889835357666,855.8124989399948
3573.0,79.12145233154297,5.150398254394531,855.9909619049868
3574.0,86.23075103759766,5.588860511779785,856.1468588669959
3575.0,29.67348861694336,2.3568854331970215,856.3795105019963
3576.0,147.41160583496094,5.451552391052246,856.5387064359966
3577.0,9.429340362548828,1.646810531616211,856.7859132659942
3578.0,314.5656433105469,8.494819641113281,856.9479521789908
3579.0,9.526679992675781,2.1047613620758057,857.1153123789991
3580.0,25.265125274658203,2.3543472290039062,857.3102516849904
3581.0,31.526124954223633,3.8654563426971436,857.4619035159994
3582.0,65.49552917480469,3.8334219455718994,857.6665849860001
3583.0,16.232336044311523,2.30820631980896,857.8210414059868
3584.0,10.737701416015625,1.8681824207305908,857.9752597729967
3585.0,1516.716796875,27.381725311279297,858.1250338089885
3586.0,9.370711326599121,1.5919088125228882,858.3367760979891
3587.0,69.40914154052734,4.453077793121338,858.5410970169905
3588.0,344.4098205566406,13.90113353729248,858.725681033
3589.0,8.121892929077148,1.543745994567871,858.9345639139938
3590.0,224.20738220214844,7.186024188995361,859.119969241001
3591.0,151.0609130859375,8.968535423278809,859.2841555029881
3592.0,25.271690368652344,3.06398606300354,859.4602663219994
3593.0,8.225296020507812,1.778244137763977,859.6163645709894
3594.0,118.62130737304688,7.707850933074951,859.7768073059997
3595.0,60.15439224243164,4.855597972869873,859.931810420996
3596.0,100.45536804199219,5.797380447387695,860.1307187689963
3597.0,55.34008026123047,4.957156658172607,860.2836229789973
3598.0,56.5247688293457,4.73432731628418,860.4496301600011
3599.0,6.927945613861084,1.4999901056289673,860.615311194997
3600.0,11.018991470336914,2.3924338817596436,860.7797459680005
3601.0,50.399200439453125,4.579897403717041,866.2244686249905
3602.0,541.4869995117188,15.463850021362305,866.3755342389923
3603.0,30.818187713623047,3.208739757537842,866.5793937540002
3604.0,48.95733642578125,3.1135451793670654,866.8459535539878
3605.0,10.15717887878418,1.8166134357452393,866.9934096639918
3606.0,96.6891860961914,4.560964107513428,867.2219163729897
3607.0,24.72365951538086,2.6911351680755615,867.4776706279954
3608.0,236.24668884277344,11.096363067626953,867.6307575859973
3609.0,49.257049560546875,3.9997053146362305,867.8039891169901
3610.0,35.31515121459961,3.2121670246124268,867.960475874992
3611.0,13.289773941040039,1.9180833101272583,868.1943369439978
3612.0,23.40549659729004,2.8866336345672607,868.375353298994
3613.0,74.18205261230469,5.951047420501709,868.6003385829972
3614.0,241.54541015625,8.547184944152832,868.8682384139975
3615.0,49.56201171875,4.870184421539307,869.0593600269931
3616.0,69.49404907226562,4.121514320373535,869.3438446739892
3617.0,196.2644805908203,9.025046348571777,869.5397122430004
3618.0,72.31502532958984,3.911165475845337,869.7186475089984
3619.0,15.507461547851562,2.2115941047668457,869.9286210299906
3620.0,27.360610961914062,3.167996644973755,870.0909555399994
3621.0,8.690093994140625,1.911765694618225,870.2582054769882
3622.0,95.63710021972656,5.24607515335083,870.4141463799897
3623.0,31.663373947143555,3.878190517425537,870.5845309779979
3624.0,67.27802276611328,5.596261978149414,870.7479172929889
3625.0,8.454174041748047,1.5445094108581543,870.9128106219869
3626.0,1389.8980712890625,27.69597625732422,871.0753895509988
3627.0,45.31034469604492,4.268083572387695,871.2582313109888
3628.0,104.9500961303711,4.846436977386475,871.4172263419896
3629.0,12.15654468536377,2.149435043334961,871.5764505839907
3630.0,37.882240295410156,3.3001062870025635,871.7518602700002
3631.0,262.1742248535156,9.478590965270996,871.925285262987
3632.0,452.6009826660156,13.498950004577637,872.0952841580001
3633.0,22.113264083862305,2.3585567474365234,872.2550976779894
3634.0,36.67676544189453,3.774789810180664,872.4263599699916
3635.0,16.68412208557129,2.5236575603485107,872.6136710069986
3636.0,11.169686317443848,1.7218074798583984,872.7758335229883
3637.0,6.079674243927002,1.3339954614639282,872.9400734949886
3638.0,59.61538314819336,3.3762729167938232,873.0865143709962
3639.0,17.002857208251953,2.542210578918457,873.2455989279988
3640.0,35.39739227294922,3.791635036468506,873.4227809669974
3641.0,95.7035903930664,7.146051406860352,873.5907732699998
3642.0,15.094918251037598,2.6256842613220215,873.7669479499891
3643.0,6.3168840408325195,1.4247939586639404,873.9198041709897
3644.0,116.06816101074219,6.038541316986084,874.0946542949969
3645.0,105.20977783203125,6.073461055755615,874.2670045519917
3646.0,113.66678619384766,5.87939977645874,874.4427902729949
3647.0,7.265650272369385,1.348196029663086,874.60600780799
3648.0,370.8408203125,10.426298141479492,874.7617613359907
3649.0,26.64988899230957,2.568593978881836,874.9227355679905
3650.0,21.508024215698242,2.6229705810546875,875.1024730039935
3651.0,23.12285041809082,2.450838804244995,875.296856504996
3652.0,1200.7581787109375,28.680261611938477,875.5052963889902
3653.0,9.749961853027344,1.8926639556884766,875.6700697859924
3654.0,17.067790985107422,2.526958465576172,875.8727653329988
3655.0,18.602886199951172,2.464075803756714,876.0465813699993
3656.0,62.27307891845703,4.582859992980957,876.21098557199
3657.0,37.67810821533203,2.9991507530212402,876.390685440987
3658.0,8.384381294250488,1.821914553642273,876.5520196809957
3659.0,15.149446487426758,2.284245491027832,876.7285891239881
3660.0,14.338533401489258,1.8646838665008545,876.8948836359923
3661.0,48.28482437133789,4.160685062408447,877.0608323329943
3662.0,30.517967224121094,3.0102219581604004,877.2356506849901
3663.0,40.93143844604492,3.4899239540100098,877.4063363619935
3664.0,52.97894287109375,3.5164732933044434,877.5552224209969
3665.0,38.20635986328125,3.04091739654541,877.72394797999
3666.0,12.635765075683594,2.293114423751831,877.876747391987
3667.0,38.81629180908203,3.418619394302368,878.039022099998
3668.0,13.453926086425781,1.8804731369018555,878.201259702997
3669.0,133.34352111816406,8.041297912597656,878.3679141920002
3670.0,7.757981777191162,1.5073446035385132,878.5354182589945
3671.0,57.76319885253906,5.491971969604492,878.7117767289892
3672.0,37.22903060913086,3.1100013256073,878.8953128939902
3673.0,21.209611892700195,2.2820379734039307,879.0587265459908
3674.0,62.8985595703125,6.006664276123047,879.2189344849903
3675.0,80.7066421508789,4.9048075675964355,879.4086291119893
3676.0,17.02460479736328,2.290191173553467,879.5924524239963
3677.0,51.38111114501953,4.278066158294678,879.7815853499924
3678.0,21.646848678588867,3.3849093914031982,879.9790190139902
3679.0,26.287782669067383,2.8254361152648926,880.2060913489986
3680.0,10.6990966796875,1.9665155410766602,880.392230611993
3681.0,63.069271087646484,4.054595470428467,880.5634803439898
3682.0,12.909265518188477,2.4319241046905518,880.7639018679911
3683.0,32.44808578491211,2.6288981437683105,880.9418288419984
3684.0,25.930091857910156,2.9085280895233154,881.1034598879924
3685.0,12.38550853729248,1.987943172454834,881.2934203899931
3686.0,10.961848258972168,1.7149008512496948,881.4632721279922
3687.0,42.52375411987305,4.188242435455322,881.6287909870007
3688.0,6.826620101928711,1.4270849227905273,881.7948572069872
3689.0,706.0667114257812,18.07889175415039,881.964536154992
3690.0,16.452552795410156,2.4823548793792725,882.1380154629878
3691.0,7.344659328460693,1.4686096906661987,882.3427220769954
3692.0,8.382672309875488,1.9250209331512451,882.5837513449951
3693.0,49.68467330932617,3.6395468711853027,882.8161536229891
3694.0,6.762735366821289,1.461378812789917,883.0413529709913
3695.0,234.2699432373047,9.124455451965332,883.2220318209875
3696.0,209.72950744628906,7.741903781890869,883.3874463469983
3697.0,48.5209846496582,4.09564208984375,883.5691342559876
3698.0,639.0905151367188,16.84345054626465,883.7338532639988
3699.0,127.02545166015625,7.968742847442627,883.9008568699937
3700.0,23.741836547851562,2.3739140033721924,884.1396117089898
3701.0,119.57722473144531,6.671641826629639,891.0424161489937
3702.0,82.16696166992188,5.422327995300293,891.2239504399913
3703.0,47.32625961303711,3.274876356124878,891.3935639529955
3704.0,39.31010818481445,3.1247620582580566,891.6046787319938
3705.0,22.374927520751953,3.018497943878174,891.7797743749979
3706.0,9.036365509033203,1.520059585571289,891.9611381110008
3707.0,27.565773010253906,3.7532799243927,892.1839211629995
3708.0,29.779462814331055,3.8053531646728516,892.3813730059919
3709.0,9.951605796813965,1.9164352416992188,892.5619238829968
3710.0,959.2511596679688,26.472373962402344,892.852804737995
3711.0,84.5119857788086,5.512059688568115,893.1111968109908
3712.0,58.46965026855469,3.3861639499664307,893.3382317359938
3713.0,42.356468200683594,3.922431230545044,893.5255240999977
3714.0,36.180625915527344,3.4357481002807617,893.7353464429907
3715.0,21.98797035217285,2.2373545169830322,893.9211695159902
3716.0,17.450300216674805,1.948203206062317,894.0831162609975
3717.0,56.266357421875,3.9113340377807617,894.261843396991
3718.0,35.31290817260742,2.7005298137664795,894.4338437900005
3719.0,88.44001770019531,6.919858932495117,894.6891380229936
3720.0,74.85062408447266,4.623928070068359,894.9018618129921
3721.0,20.611413955688477,2.3109757900238037,895.0946442790009
3722.0,7.274176120758057,1.495022177696228,895.3295629719942
3723.0,38.62076950073242,3.3532652854919434,895.4977293369884
3724.0,13.764045715332031,2.171865463256836,895.6794801009964
3725.0,16.78253936767578,2.718146800994873,895.8913235599903
3726.0,46.262447357177734,3.520568370819092,896.0646798669914
3727.0,17.650772094726562,2.2151269912719727,896.3024502179906
3728.0,24.36129379272461,2.5527334213256836,896.5217741579982
3729.0,24.18776512145996,2.5142791271209717,896.7747304349905
3730.0,87.9111557006836,5.552456855773926,897.0923694480007
3731.0,55.07111358642578,4.204170227050781,897.2473042939964
3732.0,54.94401168823242,5.354491233825684,897.6041222200001
3733.0,54.84843826293945,4.653676509857178,897.8291649309976
3734.0,20.216552734375,2.7398855686187744,898.0320846149989
3735.0,170.58473205566406,6.509599685668945,898.3426499849884
3736.0,9.922823905944824,1.957924485206604,898.6464864649897
3737.0,62.66975784301758,5.5798659324646,898.8112320959917
3738.0,30.32560920715332,3.8248586654663086,899.0500651229959
3739.0,54.86595153808594,3.92026948928833,899.4109437359875
3740.0,16.476909637451172,2.4638118743896484,899.8457139149978
3741.0,15.411332130432129,1.8852202892303467,900.0357951449987
3742.0,28.745393753051758,3.386690855026245,900.3220119990001
3743.0,29.355426788330078,3.5262093544006348,900.4791264929954
3744.0,44.84366989135742,3.1315526962280273,900.6681358479982
3745.0,59.47111892700195,3.7715094089508057,900.8655952219997
3746.0,42.2077751159668,3.154045820236206,901.056903122997
3747.0,78.2809829711914,5.156226634979248,901.2083823519934
3748.0,50.21260452270508,3.6752724647521973,901.3709311549901
3749.0,56.973628997802734,4.043293476104736,901.5835140629933
3750.0,20.1343936920166,3.1994307041168213,901.7407006409921
3751.0,33.76370620727539,2.7025556564331055,901.9468400819896
3752.0,45.30149459838867,3.379249334335327,902.1163010809978
3753.0,63.70857238769531,4.19248104095459,902.3096190419892
3754.0,10.095599174499512,1.756812572479248,902.4746401309967
3755.0,68.1732177734375,4.755977153778076,902.639177680001
3756.0,37.37539291381836,3.09782075881958,902.8277160899888
3757.0,731.5770263671875,23.446104049682617,902.9803485249868
3758.0,170.2833251953125,10.061524391174316,903.1453859429894
3759.0,8.45427131652832,1.8613084554672241,903.3169371599943
3760.0,17.866230010986328,2.2536063194274902,903.4824314739963
3761.0,29.975358963012695,4.062100887298584,903.6627361699939
3762.0,174.9296417236328,7.007362365722656,903.8222240879986
3763.0,109.70674896240234,5.485784530639648,904.030028394991
3764.0,25.89301109313965,3.618361234664917,904.1873572909972
3765.0,15.671175956726074,1.8294548988342285,904.3403985119949
3766.0,17.172117233276367,2.6397480964660645,904.5180150449887
3767.0,46.735687255859375,3.3536126613616943,904.6946379109868
3768.0,90.44249725341797,4.947264671325684,905.0374696660001
3769.0,84.91533660888672,3.947047233581543,905.2553940689977
3770.0,13.376850128173828,2.290722370147705,905.4712362290011
3771.0,20.941457748413086,3.164945125579834,905.6519444959995
3772.0,16.845970153808594,2.3528175354003906,905.8244849199982
3773.0,33.31193161010742,3.066960334777832,906.0323851659923
3774.0,29.962322235107422,3.457975387573242,906.2632997969922
3775.0,211.9161376953125,11.42379379272461,906.4201119319914
3776.0,17.796043395996094,2.509978771209717,906.6051856679987
3777.0,20.460296630859375,2.140594959259033,906.7609504459979
3778.0,60.21962356567383,3.1574974060058594,907.0492552129872
3779.0,6.274969577789307,1.421161413192749,907.2135675009922
3780.0,178.25865173339844,6.381418704986572,907.468589429991
3781.0,6.562619209289551,1.3043272495269775,907.631802480988
3782.0,171.12649536132812,10.283461570739746,907.8093493749911
3783.0,99.99305725097656,5.346059322357178,907.9895320270007
3784.0,51.08488464355469,3.553192615509033,908.1501702169917
3785.0,46.35658645629883,3.9092066287994385,908.351071357989
3786.0,54.68968200683594,4.505932331085205,908.5394474389905
3787.0,9.904850006103516,1.767681360244751,908.7097697379941
3788.0,21.984201431274414,2.6433897018432617,908.9554322909971
3789.0,75.50189208984375,6.223561763763428,909.1132912149915
3790.0,24.86825180053711,2.0842576026916504,909.2742092909903
3791.0,63.7406005859375,5.914819717407227,909.495384023001
3792.0,24.38619613647461,3.2262003421783447,909.6648961929895
3793.0,31.901037216186523,3.6388823986053467,909.838963859991
3794.0,161.30087280273438,5.741828441619873,910.0592445789953
3795.0,23.67853355407715,3.161712408065796,910.2415286149917
3796.0,30.245651245117188,3.4065873622894287,910.4375056439894
3797.0,12.427581787109375,2.635319948196411,910.5994165819866
3798.0,30.445846557617188,3.106269598007202,910.8576415149873
3799.0,85.99187469482422,5.529788494110107,911.1199934039905
3800.0,133.27163696289062,8.631986618041992,911.2957880670001
3801.0,25.69664192199707,3.347137689590454,918.1210170619888
3802.0,9.919919967651367,1.5889569520950317,918.3525757119933
3803.0,51.783145904541016,4.06286096572876,918.6422299199912
3804.0,36.52782440185547,3.291450023651123,919.0188628289907
3805.0,314.9800109863281,14.198019027709961,919.3103058999986
3806.0,18.462528228759766,2.145587682723999,919.5854162139876
3807.0,18.77410316467285,1.9726858139038086,920.0686840559938
3808.0,26.655866622924805,2.6382758617401123,920.2475915479881
3809.0,16.96799659729004,2.718338966369629,920.4269283969916
3810.0,5.769957542419434,1.3634892702102661,920.6154352809972
3811.0,24.4720401763916,2.522481918334961,920.7864511090011
3812.0,17.182918548583984,2.5146067142486572,920.9582486919971
3813.0,72.73187255859375,4.288463115692139,921.125395318988
3814.0,44.15791320800781,3.6433589458465576,921.2897563089937
3815.0,822.146240234375,19.164661407470703,921.4812288329995
3816.0,89.16487884521484,6.5862507820129395,921.6498406600003
3817.0,8.066876411437988,1.968762755393982,921.8199342989974
3818.0,27.497802734375,2.624727249145508,921.983933807991
3819.0,46.29315948486328,3.1910223960876465,922.1495340239926
3820.0,61.3472785949707,4.716712474822998,922.3317267499951
3821.0,32.85807418823242,3.293826103210449,922.491865701988
3822.0,10.79364013671875,1.93265700340271,922.6430318060011
3823.0,132.62704467773438,6.6005682945251465,922.8141909849946
3824.0,38.86332702636719,4.479470729827881,922.9698025519901
3825.0,10.496847152709961,1.7356148958206177,923.1236606189923
3826.0,12.711053848266602,1.925623893737793,923.2993148469977
3827.0,27.00465202331543,3.247865915298462,923.4646287270007
3828.0,44.33518600463867,3.4943907260894775,923.610373921998
3829.0,42.004695892333984,3.762450695037842,923.7866711909883
3830.0,118.41059112548828,5.620052337646484,923.951104155989
3831.0,143.29641723632812,6.736661434173584,924.1433541219885
3832.0,30.597618103027344,3.4672484397888184,924.3020719179913
3833.0,21.218252182006836,2.5874006748199463,924.4670022039936
3834.0,10.679314613342285,1.863545298576355,924.6351542109915
3835.0,21.747779846191406,2.369249105453491,924.7930646839959
3836.0,13.212859153747559,2.2332725524902344,924.961560412994
3837.0,80.38815307617188,4.81500768661499,925.1338038159884
3838.0,35.96649932861328,3.1544063091278076,925.3273734159884
3839.0,121.25640106201172,5.3610429763793945,925.480457986996
3840.0,7.405331611633301,1.4316353797912598,925.6466747259983
3841.0,84.85468292236328,3.9075961112976074,925.8152966039925
3842.0,9.965015411376953,1.5862479209899902,925.9942616629996
3843.0,103.41210174560547,5.231663227081299,926.1558522790001
3844.0,74.49889373779297,4.557889938354492,926.3144435539871
3845.0,35.30175018310547,3.01908540725708,926.4888808599935
3846.0,12.427257537841797,2.119112014770508,926.6729251349898
3847.0,38.13200378417969,3.6660544872283936,926.8651442859991
3848.0,35.71151351928711,3.1284074783325195,927.019022100998
3849.0,8.685953140258789,1.6676506996154785,927.1739691279945
3850.0,137.71658325195312,9.257139205932617,927.3439516699873
3851.0,14.9331693649292,2.372361421585083,927.4950913829962
3852.0,18.945741653442383,2.396010637283325,927.659044658998
3853.0,7.584193229675293,1.810120701789856,927.8291424529889
3854.0,13.002593040466309,2.1555800437927246,927.9749116829917
3855.0,36.682621002197266,3.508934736251831,928.1305805539887
3856.0,131.96224975585938,8.101120948791504,928.3257433859981
3857.0,49.479698181152344,3.7818520069122314,928.5049709299929
3858.0,19.272205352783203,2.8684608936309814,928.6772802129999
3859.0,55.4149055480957,4.252912521362305,928.8437965699995
3860.0,194.49322509765625,6.355266094207764,929.0059531890001
3861.0,207.0390625,9.964335441589355,929.1615502269997
3862.0,56.33152770996094,4.346325874328613,929.3390815499879
3863.0,40.8972282409668,3.4643235206604004,929.5181949439866
3864.0,23.805259704589844,3.0728721618652344,929.6920898069948
3865.0,29.724990844726562,2.6640379428863525,929.8635586710006
3866.0,39.82471466064453,2.858328342437744,930.0469136389875
3867.0,6.672276020050049,1.4658704996109009,930.2461458769976
3868.0,41.48614501953125,3.490541458129883,930.4151656639879
3869.0,163.1857147216797,6.934587001800537,930.6109146809904
3870.0,76.47633361816406,3.822943687438965,930.7832555969944
3871.0,7.677578449249268,1.7001910209655762,930.9404995399964
3872.0,15.279045104980469,2.074918270111084,931.120295552988
3873.0,50.78555679321289,2.961205005645752,931.2974571319937
3874.0,27.420080184936523,3.1328628063201904,931.4776665959944
3875.0,15.130596160888672,2.3803491592407227,931.6635940139968
3876.0,61.507080078125,4.081099510192871,931.8203266789933
3877.0,147.711669921875,6.719936370849609,932.0005319129996
3878.0,89.25965881347656,7.152256488800049,932.183341617987
3879.0,1034.241943359375,28.545207977294922,932.3468097320001
3880.0,636.8008422851562,16.37876319885254,932.5116408159956
3881.0,6.660866737365723,1.7618896961212158,932.6815380349872
3882.0,48.86365509033203,3.7999391555786133,932.8507304219966
3883.0,29.495527267456055,2.7876360416412354,933.0649497949926
3884.0,14.85434627532959,1.9388904571533203,933.2802009250008
3885.0,193.8883056640625,6.843167304992676,933.5432189689891
3886.0,98.50706481933594,6.637722969055176,933.7102183679963
3887.0,30.58113670349121,2.9016497135162354,933.8918654119916
3888.0,5.224369049072266,1.307417631149292,934.1374383949878
3889.0,27.23884391784668,3.163486957550049,934.3226660579967
3890.0,25.71674156188965,2.4649953842163086,934.5077621179953
3891.0,107.78141784667969,5.566226482391357,934.6860255319916
3892.0,29.051502227783203,3.4914212226867676,934.8531207099877
3893.0,70.45733642578125,3.816715717315674,935.0099085999973
3894.0,121.46273803710938,8.326321601867676,935.1796961660002
3895.0,40.245967864990234,3.983408212661743,935.3517464389879
3896.0,66.07938385009766,4.074671745300293,935.502224729993
3897.0,11.939507484436035,2.376483678817749,935.6619195300009
3898.0,59.61354064941406,4.024685859680176,935.8292764759972
3899.0,49.84284973144531,3.9169516563415527,935.9904899669928
3900.0,100.308349609375,4.589522838592529,936.1746746199933
3901.0,14.930826187133789,2.3799169063568115,941.2457300419919
3902.0,33.72590637207031,2.900832414627075,941.4190812719899
3903.0,199.76776123046875,6.966977596282959,941.5770298049902
3904.0,24.094701766967773,2.90712571144104,941.7412453139987
3905.0,132.35276794433594,9.268365859985352,941.9163922229927
3906.0,20.78676414489746,2.4853603839874268,942.1065191879898
3907.0,46.62223434448242,3.4794344902038574,942.2963697909872
3908.0,131.3690948486328,8.185937881469727,942.464860491993
3909.0,12.092721939086914,2.031511068344116,942.7014898249909
3910.0,10.085088729858398,1.856781244277954,942.8641522929975
3911.0,16.410795211791992,2.745901584625244,943.0989493099914
3912.0,128.47933959960938,5.410736083984375,943.2592952159903
3913.0,49.85267639160156,3.8965530395507812,943.5091624609922
3914.0,9.554607391357422,1.534531831741333,943.6918332819914
3915.0,71.0787124633789,4.450940132141113,943.9494336329954
3916.0,22.00899887084961,2.553753137588501,944.1413008149975
3917.0,20.266809463500977,2.6338820457458496,944.3569655679894
3918.0,17.172618865966797,2.86324143409729,944.5548237709882
3919.0,12.981094360351562,2.0437991619110107,944.7120466969936
3920.0,22.443134307861328,2.759216070175171,944.9049182899907
3921.0,43.0130500793457,4.393537521362305,945.0612690169946
3922.0,7.919337272644043,1.8053022623062134,945.2453187509964
3923.0,33.99703598022461,3.265361785888672,945.4294918489904
3924.0,10.807366371154785,1.8122279644012451,945.5978607819998
3925.0,17.4705810546875,2.393448829650879,945.8087812519952
3926.0,12.060739517211914,2.1477606296539307,945.954537802987
3927.0,26.01957130432129,3.3802802562713623,946.1189399759896
3928.0,12.669107437133789,1.7113373279571533,946.2920792749937
3929.0,264.08917236328125,10.677992820739746,946.4477283289889
3930.0,6.517172813415527,1.6421810388565063,946.6561410699942
3931.0,13.598440170288086,2.5720372200012207,946.8151460809895
3932.0,74.71818542480469,6.277671813964844,946.9802956029889
3933.0,22.87795639038086,2.7870826721191406,947.1291745060007
3934.0,39.282711029052734,3.866787910461426,947.2807124309911
3935.0,73.67446899414062,3.955704927444458,947.4760607279895
3936.0,14.630354881286621,1.9177086353302002,947.6302306389989
3937.0,23.931047439575195,2.888366222381592,947.8105349889956
3938.0,75.59992980957031,4.0144524574279785,947.9901469519973
3939.0,93.39997863769531,5.235753536224365,948.139535158989
3940.0,24.536855697631836,3.0640783309936523,948.309774991998
3941.0,21.15595817565918,2.0843615531921387,948.4928326969966
3942.0,29.98822021484375,2.390880584716797,948.6727261569904
3943.0,591.0989990234375,21.10391616821289,948.8401230419986
3944.0,25.64875030517578,3.5168890953063965,948.9944468350004
3945.0,283.08013916015625,13.179489135742188,949.1713224790001
3946.0,22.770612716674805,2.1684377193450928,949.3308633339911
3947.0,106.80116271972656,7.126072406768799,949.4992984509881
3948.0,4.013467788696289,1.1339839696884155,949.6556677939952
3949.0,8.53154182434082,1.5593228340148926,949.8611158259882
3950.0,5.6953654289245605,1.3449594974517822,950.0072739109892
3951.0,161.69577026367188,4.748542308807373,950.182500016992
3952.0,54.24003601074219,4.081788539886475,950.3427323979995
3953.0,42.38311004638672,3.525998592376709,950.529926408999
3954.0,194.5170440673828,8.233427047729492,950.6922659269912
3955.0,8.798755645751953,1.688576579093933,950.851022865987
3956.0,10.745292663574219,1.95697820186615,951.0076166689978
3957.0,9.657535552978516,1.5929791927337646,951.1546574359963
3958.0,54.093528747558594,3.4132080078125,951.3478801460005
3959.0,154.9259033203125,6.590120792388916,951.5281603929907
3960.0,14.27701473236084,2.2440598011016846,951.6895201829902
3961.0,31.849336624145508,3.5462095737457275,951.8750325399888
3962.0,31.173383712768555,2.9451048374176025,952.037602086988
3963.0,52.66944122314453,5.357384204864502,952.1961215699994
3964.0,56.506134033203125,4.194936275482178,952.3572607909882
3965.0,49.1981315612793,3.908569097518921,952.5274191770004
3966.0,1074.821533203125,23.121170043945312,952.6905549079966
3967.0,17.756465911865234,2.356882095336914,952.8649000129953
3968.0,22.65328025817871,2.4837241172790527,953.0281303829979
3969.0,14.719236373901367,2.237144708633423,953.1937107239937
3970.0,25.789020538330078,2.951855421066284,953.3618403820001
3971.0,69.85393524169922,4.5714263916015625,953.5196244749968
3972.0,226.97825622558594,7.505129814147949,953.6740139239992
3973.0,19.145998001098633,3.0161778926849365,953.8369317339966
3974.0,80.62008666992188,7.1277055740356445,953.9960961129982
3975.0,110.740966796875,4.46870756149292,954.1549698479939
3976.0,47.59305191040039,3.5662176609039307,954.3319467809924
3977.0,30.737951278686523,2.8920748233795166,954.497174595992
3978.0,34.3156852722168,2.7685611248016357,954.6730923969881
3979.0,36.368751525878906,3.2080979347229004,954.8322824959905
3980.0,33.79812240600586,3.1441152095794678,955.0073097429995
3981.0,18.307146072387695,2.586627960205078,955.1651896709955
3982.0,15.815261840820312,2.532832145690918,955.3468650269933
3983.0,13.081181526184082,2.5210652351379395,955.5322542729991
3984.0,61.33149719238281,3.6741886138916016,955.7081705509918
3985.0,5.511672019958496,1.437670350074768,955.8727522679983
3986.0,13.196114540100098,2.0725150108337402,956.0233906849899
3987.0,14.8751220703125,2.3913118839263916,956.1816404949932
3988.0,24.463056564331055,2.6428356170654297,956.3720951029973
3989.0,38.8427734375,4.0399861335754395,956.5379570949881
3990.0,22.569040298461914,2.6048879623413086,956.6992577219935
3991.0,9.40222454071045,1.6766425371170044,956.871257396997
3992.0,20.126861572265625,2.807511568069458,957.0381040259963
3993.0,45.8342170715332,3.635611057281494,957.2134022499959
3994.0,60.07777786254883,3.948838472366333,957.3665949569986
3995.0,8.149662017822266,1.7344720363616943,957.5629951199953
3996.0,107.01536560058594,6.132379055023193,957.7550474349991
3997.0,72.73006439208984,4.997417449951172,957.9228076339932
3998.0,6.637246131896973,1.4060715436935425,958.1031886909914
3999.0,1313.9254150390625,24.199533462524414,958.2799346159882
4000.0,457.5591735839844,14.36713695526123,958.4518130639917
4001.0,38.971458435058594,3.1680715084075928,963.208943420992
4002.0,42.0574951171875,3.2786459922790527,963.3622558569914
4003.0,6.907337188720703,1.3384089469909668,963.5237686509936
4004.0,14.918065071105957,2.277174472808838,963.6974637749954
4005.0,25.104511260986328,3.5512025356292725,963.8651356389892
4006.0,15.648859024047852,1.93361234664917,964.0177028469916
4007.0,647.6007080078125,21.885263442993164,964.1767134429974
4008.0,21.22745132446289,2.9511022567749023,964.3429054619919
4009.0,86.28009796142578,3.874488353729248,964.4998516869964
4010.0,5.512979507446289,1.1820021867752075,964.6678505789896
4011.0,95.45343780517578,5.033806324005127,964.8332946619921
4012.0,38.96757125854492,3.6122303009033203,965.0223026149906
4013.0,149.25228881835938,8.34584903717041,965.2022034319962
4014.0,57.368812561035156,5.26967716217041,965.4396655629971
4015.0,61.06113052368164,3.3558154106140137,965.68957391
4016.0,6.746487140655518,1.709835410118103,965.8612394809898
4017.0,76.66522979736328,4.400925636291504,966.0505062299926
4018.0,18.5621280670166,2.371086597442627,966.2146675010008
4019.0,41.85696029663086,3.41904616355896,966.3734414919891
4020.0,8.462423324584961,1.7497824430465698,966.534347526991
4021.0,11.663853645324707,2.083423614501953,966.6991492269881
4022.0,11.609297752380371,1.6924527883529663,966.8498479239934
4023.0,23.021038055419922,2.7597296237945557,967.011366679988
4024.0,63.27155685424805,4.850616931915283,967.1863140109926
4025.0,65.0613021850586,4.189117431640625,967.3391137209983
4026.0,407.60491943359375,11.601164817810059,967.5119189969992
4027.0,60.86595916748047,4.945059299468994,967.7257463389979
4028.0,56.017921447753906,4.012988567352295,967.914366233992
4029.0,49.442874908447266,3.037318468093872,968.189675829999
4030.0,173.30523681640625,5.922711372375488,968.3557893069956
4031.0,10.264317512512207,1.7874537706375122,968.5168563069892
4032.0,8.262770652770996,1.848031759262085,968.6976827189937
4033.0,277.7459411621094,13.363924980163574,968.9272305099876
4034.0,38.66856384277344,3.24265193939209,969.0963358349982
4035.0,34.50687789916992,3.3629353046417236,969.2842505469889
4036.0,87.244384765625,6.549718379974365,969.4706925989885
4037.0,65.41412353515625,3.921097993850708,969.6447214340005
4038.0,20.53286361694336,2.753415822982788,969.9699542879971
4039.0,24.910715103149414,3.2310078144073486,970.2565838549926
4040.0,35.37709045410156,3.1732447147369385,970.5491462339996
4041.0,6.758761405944824,1.4676845073699951,970.7488794929959
4042.0,32.285438537597656,3.4682211875915527,970.9798343909933
4043.0,375.7640380859375,13.482254981994629,971.190679375999
4044.0,9.945479393005371,1.8542625904083252,971.3686964929948
4045.0,43.61625671386719,3.7763302326202393,971.5402628429874
4046.0,11.052355766296387,1.783854603767395,971.8273784189951
4047.0,27.748876571655273,4.099800109863281,972.058597397001
4048.0,14.197457313537598,2.4554524421691895,972.2807698739925
4049.0,24.78615951538086,3.5071969032287598,972.4531454869866
4050.0,35.41848373413086,3.4767332077026367,972.6419297459943
4051.0,51.43879699707031,3.9131836891174316,972.8553921470011
4052.0,20.532848358154297,2.57684588432312,973.0753274699964
4053.0,73.45175170898438,4.881762981414795,973.2571911329869
4054.0,80.93710327148438,5.052756309509277,973.4254323189962
4055.0,339.659423828125,12.197888374328613,973.6066874599928
4056.0,71.69164276123047,4.082311630249023,973.7898454839888
4057.0,8.845919609069824,1.8657035827636719,973.9875027829985
4058.0,7.261765480041504,1.4298588037490845,974.1692835589929
4059.0,28.577274322509766,3.264246940612793,974.3733388319961
4060.0,36.373043060302734,3.10703706741333,974.5707989499933
4061.0,64.97557067871094,4.192972183227539,974.754023002999
4062.0,35.03116226196289,2.976052761077881,974.9358363729989
4063.0,21.423145294189453,2.7175252437591553,975.1227214529936
4064.0,35.46906661987305,3.4342610836029053,975.3126535499905
4065.0,15.669662475585938,2.321805715560913,975.4888268209907
4066.0,35.96589279174805,4.154382705688477,975.6567663729948
4067.0,20.819074630737305,2.1829450130462646,975.8646196899936
4068.0,12.119227409362793,1.9781551361083984,976.0582571359992
4069.0,196.88311767578125,7.727348327636719,976.2328767079889
4070.0,258.103515625,7.452409744262695,976.4132831249881
4071.0,29.614585876464844,2.6550424098968506,976.6203182280005
4072.0,18.63907814025879,2.597954034805298,976.8148996009986
4073.0,7.61082124710083,1.6373908519744873,976.9717886289873
4074.0,9.418370246887207,1.8427201509475708,977.1471230959869
4075.0,17.12129020690918,1.9383350610733032,977.3153437099973
4076.0,74.4599838256836,6.258388042449951,977.5470606669987
4077.0,35.222938537597656,2.9339778423309326,977.7042875059997
4078.0,14.685429573059082,2.3083274364471436,977.8736944779957
4079.0,32.90696716308594,2.8312110900878906,978.04901685199
4080.0,39.10161209106445,2.80167818069458,978.2126964789932
4081.0,56.78070068359375,4.76011848449707,978.4248276589933
4082.0,133.91455078125,6.738907814025879,978.637245231992
4083.0,20.982812881469727,2.8663086891174316,978.8253466229944
4084.0,6.775625228881836,1.7039892673492432,979.0161501559924
4085.0,18.430307388305664,2.9118776321411133,979.199633723998
4086.0,18.14183235168457,2.7053844928741455,979.3592477149941
4087.0,65.10369873046875,3.5418965816497803,979.568711918997
4088.0,9.258988380432129,1.5225729942321777,979.7490498010011
4089.0,6.562039852142334,1.5223405361175537,979.9706065779901
4090.0,68.16333770751953,4.5831098556518555,980.153726834993
4091.0,44.422813415527344,3.384284734725952,980.3181869209948
4092.0,76.63821411132812,3.1112608909606934,980.4767274729966
4093.0,564.0645141601562,15.929104804992676,980.6495109440002
4094.0,13.821438789367676,2.166626453399658,980.8093941529951
4095.0,7.853379249572754,1.5754989385604858,980.9795512419951
4096.0,63.24952697753906,3.5790724754333496,981.2007028709922
4097.0,136.845458984375,9.210368156433105,981.3720411549875
4098.0,6.627142906188965,1.4122296571731567,981.5284778149944
4099.0,19.39179039001465,2.387822151184082,981.7198386059899
4100.0,76.9985580444336,6.559815406799316,981.8892594669887
4101.0,51.44781494140625,4.1843156814575195,987.6091277639935
4102.0,37.64624786376953,4.6067023277282715,987.8045977599977
4103.0,12.47374153137207,1.8664112091064453,987.9901507719915
4104.0,23.357023239135742,2.4040141105651855,988.161894320001
4105.0,10.085524559020996,1.83064866065979,988.4663857379928
4106.0,11.7828369140625,2.0406126976013184,988.6786539819877
4107.0,13.973623275756836,1.9937690496444702,988.8532672820002
4108.0,276.1500549316406,5.689069747924805,989.0570609739952
4109.0,57.563045501708984,3.443011522293091,989.2603619689908
4110.0,38.58814239501953,3.396545648574829,989.4322319489875
4111.0,64.57811737060547,3.878175735473633,989.6317106539937
4112.0,218.9425811767578,10.122293472290039,989.7904297789937
4113.0,19.94623565673828,3.009401321411133,989.9669417260011
4114.0,501.212158203125,19.099327087402344,990.1794883219991
4115.0,251.9303436279297,11.433004379272461,990.3735283809947
4116.0,232.69378662109375,11.705077171325684,990.5551117639989
4117.0,64.92727661132812,4.916443347930908,990.7456987979967
4118.0,73.65235137939453,5.822640419006348,990.9092372739979
4119.0,18.29523277282715,2.4913766384124756,991.0841856609914
4120.0,153.3350372314453,6.153509616851807,991.2887050239951
4121.0,23.348514556884766,2.610682964324951,991.4773092799878
4122.0,79.43013000488281,4.977055072784424,991.6524547499866
4123.0,11.442108154296875,1.7463963031768799,991.850032131988
4124.0,43.24249267578125,3.2757375240325928,992.0316005079949
4125.0,23.267333984375,2.8487744331359863,992.2167726979969
4126.0,7.124220848083496,1.4708224534988403,992.3936651669937
4127.0,44.254276275634766,3.188901662826538,992.5797804299946
4128.0,11.444169998168945,2.178618907928467,992.7325746019924
4129.0,44.255741119384766,3.668224811553955,992.8907409379899
4130.0,5.435164928436279,1.217527151107788,993.0764783389895
4131.0,94.55685424804688,6.920744895935059,993.2477358429896
4132.0,24.672523498535156,2.9474992752075195,993.4148786489968
4133.0,9.9627685546875,1.5576480627059937,993.5866608139913
4134.0,18.7688045501709,2.4967727661132812,993.7453658640006
4135.0,50.01899337768555,3.712074041366577,993.9133660329971
4136.0,34.03337478637695,3.288985252380371,994.0985324099893
4137.0,37.39204025268555,3.562683582305908,994.2770714539947
4138.0,24.00741195678711,3.3361384868621826,994.4716970789887
4139.0,47.878082275390625,3.721884250640869,994.6483345309971
4140.0,18.583789825439453,3.0196280479431152,994.8197622439911
4141.0,528.7633056640625,14.846359252929688,994.9886295049946
4142.0,24.108213424682617,2.2643563747406006,995.1645689759898
4143.0,74.38685607910156,5.231659889221191,995.3510623259936
4144.0,71.8714599609375,4.515263080596924,995.5401897869888
4145.0,7.553187370300293,1.545797348022461,995.737026702991
4146.0,21.2343692779541,2.8546180725097656,995.9498292219942
4147.0,460.97265625,13.982451438903809,996.1431537899916
4148.0,38.599937438964844,2.9231886863708496,996.3235221959912
4149.0,127.2398910522461,6.4372735023498535,996.4964667309978
4150.0,12.439961433410645,2.112941265106201,996.6701377599966
4151.0,45.951751708984375,4.013819217681885,996.8538456199894
4152.0,20.2468204498291,2.52787184715271,997.0578515789966
4153.0,14.484660148620605,2.361961841583252,997.2722643999878
4154.0,39.89637756347656,3.995816946029663,997.4957281589886
4155.0,46.231685638427734,3.050837755203247,997.6678710899869
4156.0,18.313743591308594,2.0854039192199707,997.850898345001
4157.0,22.861923217773438,2.5701518058776855,998.0651940959942
4158.0,45.16193771362305,4.4818034172058105,998.2845880079985
4159.0,12.548677444458008,2.4714043140411377,998.474997835001
4160.0,6.770560264587402,1.3968859910964966,998.6440770049958
4161.0,35.39724349975586,3.540126323699951,998.8285889249964
4162.0,10.190255165100098,1.8024218082427979,999.0235798889917
4163.0,52.947933197021484,3.8180980682373047,999.2116954649973
4164.0,6.962632179260254,1.6409131288528442,999.3693402770004
4165.0,77.69039916992188,5.479599952697754,999.5625145919912
4166.0,1574.872802734375,28.958757400512695,999.7403299689904
4167.0,40.4149055480957,4.105480670928955,999.9167664039996
4168.0,50.957035064697266,3.5177154541015625,1000.1004986339976
4169.0,8.35925579071045,1.4345648288726807,1000.2868012489926
4170.0,10.965709686279297,2.371349811553955,1000.4567055719963
4171.0,95.13310241699219,5.127318859100342,1000.6334706609923
4172.0,10.8915433883667,2.298285484313965,1000.8134018879937
4173.0,27.47947120666504,3.3000471591949463,1000.9800779869984
4174.0,226.658935546875,7.404144763946533,1001.1504374009965
4175.0,25.413026809692383,2.7487823963165283,1001.3267663639999
4176.0,9.071582794189453,1.7132058143615723,1001.508918416992
4177.0,27.966039657592773,2.660590887069702,1001.6762303169962
4178.0,51.7313346862793,4.213351726531982,1001.845262169998
4179.0,49.551937103271484,3.6454529762268066,1002.0274741879985
4180.0,43.16169357299805,4.74518346786499,1002.2282339189987
4181.0,11.234783172607422,1.8454325199127197,1002.4164977509936
4182.0,9.744494438171387,1.9904247522354126,1002.6219029659987
4183.0,30.352874755859375,3.5111966133117676,1002.8128402489965
4184.0,516.2777709960938,16.48666000366211,1003.021589527998
4185.0,105.8538818359375,5.319486618041992,1003.1868039039982
4186.0,559.9315185546875,20.572744369506836,1003.3552808209934
4187.0,24.591381072998047,3.0963222980499268,1003.5245982459892
4188.0,36.09266662597656,4.31424617767334,1003.689207767995
4189.0,33.11375427246094,3.5621840953826904,1003.8787080269976
4190.0,22.54813003540039,2.326702833175659,1004.0762298619957
4191.0,17.230844497680664,2.424410581588745,1004.2460289449955
4192.0,22.061128616333008,2.8042714595794678,1004.4374630389939
4193.0,341.6003112792969,12.51015853881836,1004.6225021739956
4194.0,77.11378479003906,4.052482604980469,1004.8236113539897
4195.0,73.85836791992188,6.783685684204102,1005.0266207129898
4196.0,128.99822998046875,6.559409141540527,1005.1947444039979
4197.0,102.18379211425781,5.547948360443115,1005.3716966239881
4198.0,17.190044403076172,2.571368455886841,1005.5645727129886
4199.0,35.468753814697266,3.3686201572418213,1005.7480582579883
4200.0,26.053102493286133,2.8513123989105225,1005.9233592809906
4201.0,14.679231643676758,2.6240153312683105,1010.5227454949927
4202.0,11.241385459899902,2.2204957008361816,1010.7024949499901
4203.0,13.313822746276855,1.9986743927001953,1010.8602859699895
4204.0,58.57329559326172,3.8536417484283447,1011.0351938159874
4205.0,64.63504028320312,4.582213878631592,1011.216881314991
4206.0,6.409756660461426,1.1432173252105713,1011.3882678909868
4207.0,25.9376163482666,2.494213581085205,1011.5847186609899
4208.0,14.185857772827148,2.6527209281921387,1011.7860776509915
4209.0,6.513530254364014,1.6775521039962769,1011.9669211869914
4210.0,46.605308532714844,3.6785876750946045,1012.1257198209933
4211.0,252.07015991210938,10.880599021911621,1012.3020257399912
4212.0,51.45978927612305,4.356822967529297,1012.4870514270006
4213.0,54.482826232910156,3.3011555671691895,1012.6567656109983
4214.0,17.73824119567871,2.797426462173462,1012.8334131859883
4215.0,17.69167137145996,2.4385852813720703,1012.9966961069877
4216.0,202.8319549560547,6.891654968261719,1013.1555616309925
4217.0,28.30056381225586,2.8928616046905518,1013.3204107529891
4218.0,83.94707489013672,4.890460968017578,1013.4980643239978
4219.0,38.613311767578125,3.5441336631774902,1013.6618300069968
4220.0,66.59268951416016,4.676718711853027,1013.8725414910004
4221.0,35.26234436035156,3.51908802986145,1014.0432000069995
4222.0,50.98155212402344,5.195348262786865,1014.2140056979988
4223.0,65.21240234375,4.633764266967773,1014.3891795489908
4224.0,18.155967712402344,2.6135025024414062,1014.566337657001
4225.0,12.634123802185059,1.9195688962936401,1014.7333896469936
4226.0,48.19525909423828,3.470078229904175,1014.9211274109985
4227.0,82.33003234863281,5.572933673858643,1015.1013187109929
4228.0,20.896671295166016,3.478792905807495,1015.2591792249877
4229.0,19.096555709838867,2.749100923538208,1015.4249382089911
4230.0,102.95724487304688,5.338731288909912,1015.6063387199974
4231.0,5.880288600921631,1.3043415546417236,1015.7871071619884
4232.0,9.136133193969727,1.8171979188919067,1015.9585530309996
4233.0,34.728302001953125,3.9540600776672363,1016.1502144989936
4234.0,31.135150909423828,3.0194571018218994,1016.3282639249956
4235.0,19.970365524291992,2.4401135444641113,1016.4998206289893
4236.0,50.722251892089844,4.056959629058838,1016.6757639579882
4237.0,148.3572540283203,4.640512466430664,1016.8957260889874
4238.0,8.834759712219238,1.6468009948730469,1017.0635172429902
4239.0,12.144712448120117,2.0246829986572266,1017.2798073599988
4240.0,53.1550407409668,3.5327200889587402,1017.4664234659867
4241.0,124.75117492675781,7.072680950164795,1017.6257247670001
4242.0,11.569441795349121,2.0711071491241455,1017.8326948469912
4243.0,35.05912399291992,3.1637537479400635,1018.0076369449962
4244.0,57.00436782836914,5.7898335456848145,1018.1846799049963
4245.0,8.021994590759277,1.5447602272033691,1018.3319640609989
4246.0,5.791501522064209,1.6905853748321533,1018.4987859239918
4247.0,55.54159164428711,4.197999954223633,1018.674402959994
4248.0,61.40876770019531,4.015614986419678,1018.8455395919882
4249.0,135.8110809326172,5.731991291046143,1019.0297260239895
4250.0,57.92422103881836,3.335191011428833,1019.1958164749958
4251.0,27.16521644592285,2.5878002643585205,1019.4267896239908
4252.0,217.7774658203125,10.003233909606934,1019.5863987810008
4253.0,66.07958984375,5.734262466430664,1019.8225911649934
4254.0,445.8382568359375,11.318133354187012,1019.9899617569899
4255.0,79.65421295166016,6.325051307678223,1020.1490910430002
4256.0,65.44233703613281,4.845254898071289,1020.3265537599946
4257.0,26.289852142333984,3.526684284210205,1020.4834445359884
4258.0,25.175060272216797,2.940610885620117,1020.6843444629922
4259.0,30.761489868164062,2.4093832969665527,1020.8997208809888
4260.0,9.23253059387207,1.7377458810806274,1021.0604187049903
4261.0,21.651159286499023,3.3037502765655518,1021.2932911159878
4262.0,39.229713439941406,3.0968713760375977,1021.4550853909896
4263.0,6.917412757873535,1.455972671508789,1021.6454185009934
4264.0,13.235843658447266,2.6528565883636475,1021.7949568529875
4265.0,6.483698844909668,1.6583982706069946,1021.9682401839964
4266.0,41.4636344909668,3.185222625732422,1022.1514345149917
4267.0,26.957321166992188,3.3840715885162354,1022.3206663639867
4268.0,39.25230026245117,3.0655677318573,1022.4893235439959
4269.0,131.30624389648438,6.541304588317871,1022.651414248001
4270.0,61.38421630859375,4.779451847076416,1022.8417289869976
4271.0,11.121776580810547,1.9393454790115356,1022.9998171129992
4272.0,22.57377052307129,2.1114182472229004,1023.1881620549975
4273.0,203.72048950195312,10.495283126831055,1023.3430060319952
4274.0,19.077669143676758,2.6449620723724365,1023.5361571379908
4275.0,120.62651824951172,6.148725509643555,1023.6835387129977
4276.0,11.67414379119873,2.362105131149292,1023.8475356049894
4277.0,89.96263885498047,5.184053421020508,1024.009775568993
4278.0,39.099205017089844,3.6018271446228027,1024.1775455939933
4279.0,16.015945434570312,2.0198423862457275,1024.3602208309894
4280.0,33.98189926147461,3.030474901199341,1024.5153764809947
4281.0,42.084102630615234,3.25913667678833,1024.7392536239931
4282.0,15.888199806213379,2.4165143966674805,1024.9397732869984
4283.0,11.613016128540039,1.9079166650772095,1025.1003889290005
4284.0,8.097296714782715,1.5181617736816406,1025.3281341419934
4285.0,8.145621299743652,1.5919023752212524,1025.5060870419984
4286.0,31.333696365356445,2.6789684295654297,1025.6720310819946
4287.0,15.788213729858398,2.3421099185943604,1025.8257608290005
4288.0,29.0599365234375,3.0942533016204834,1025.9894473089953
4289.0,514.4871826171875,19.40275001525879,1026.1851049889956
4290.0,13.492660522460938,1.8104783296585083,1026.344833168987
4291.0,14.35793399810791,2.296379327774048,1026.5483235629945
4292.0,29.03785514831543,2.7410295009613037,1026.7405328129971
4293.0,27.75233268737793,3.3622543811798096,1026.9498871109972
4294.0,183.45655822753906,9.737828254699707,1027.1705405559915
4295.0,5.161034107208252,1.301920771598816,1027.3510897300002
4296.0,123.79008483886719,5.64452600479126,1027.520024404992
4297.0,18.56754493713379,2.1835219860076904,1027.7210459279886
4298.0,125.36408233642578,6.57187557220459,1027.8816766999953
4299.0,17.527881622314453,2.418623208999634,1028.0612473709916
4300.0,91.0595474243164,5.220645904541016,1028.2328403749998
4301.0,17.760841369628906,2.443565607070923,1032.6563250239997
4302.0,19.255765914916992,2.405877113342285,1032.8340948729892
4303.0,361.9505920410156,10.588967323303223,1033.0518750799965
4304.0,15.158249855041504,2.4675934314727783,1033.2195431399887
4305.0,6.998459815979004,1.475853681564331,1033.3793843239982
4306.0,31.37644386291504,3.7444939613342285,1033.5540265119926
4307.0,307.96490478515625,11.142596244812012,1033.728045945987
4308.0,73.8561019897461,5.695992946624756,1033.9003647729987
4309.0,6.476950645446777,1.3272731304168701,1034.0784465649922
4310.0,11.137889862060547,2.2067508697509766,1034.2520381379873
4311.0,16.137102127075195,2.1011650562286377,1034.4150936379883
4312.0,415.40179443359375,15.458503723144531,1034.588426560993
4313.0,51.567047119140625,3.1348495483398438,1034.7665916069964
4314.0,65.77236938476562,4.9115824699401855,1034.9302393929975
4315.0,25.6500301361084,2.746898889541626,1035.1046580229886
4316.0,313.9532470703125,8.883366584777832,1035.2818383259873
4317.0,17.303916931152344,1.9945424795150757,1035.4494431089988
4318.0,23.883440017700195,2.5057311058044434,1035.6219673259911
4319.0,83.6095199584961,6.790822982788086,1035.801174414999
4320.0,19.683427810668945,2.277477979660034,1035.9855132999946
4321.0,69.00935363769531,4.2690348625183105,1036.1497587349877
4322.0,42.24156188964844,3.471738338470459,1036.3262213999988
4323.0,15.148211479187012,2.4402129650115967,1036.5296921609988
4324.0,359.6192932128906,13.419994354248047,1036.693879538987
4325.0,161.51629638671875,6.763058185577393,1036.8836121809873
4326.0,7.007657527923584,1.655401349067688,1037.065268552993
4327.0,35.60269546508789,2.8427093029022217,1037.2421501459903
4328.0,302.21441650390625,11.59224796295166,1037.4093951569957
4329.0,14.084701538085938,2.046398162841797,1037.6173691559961
4330.0,73.13447570800781,5.246551513671875,1037.7912665259937
4331.0,105.21466827392578,6.224080562591553,1037.9692387109972
4332.0,38.10236740112305,3.0374929904937744,1038.1594648219907
4333.0,7.798247814178467,1.6105111837387085,1038.3347431500006
4334.0,8.320188522338867,1.432892084121704,1038.5212727629987
4335.0,39.48963928222656,4.390170574188232,1038.694187931993
4336.0,82.18047332763672,6.06415319442749,1038.8791614799993
4337.0,25.547651290893555,2.634148120880127,1039.0311314849969
4338.0,277.5704040527344,10.8827543258667,1039.209544650992
4339.0,37.81373977661133,3.2913949489593506,1039.414698248991
4340.0,46.76081085205078,3.427194595336914,1039.5874791539973
4341.0,8.321260452270508,1.6652263402938843,1039.7673454889882
4342.0,49.3463020324707,3.4332923889160156,1039.9556748319883
4343.0,145.38914489746094,8.26758098602295,1040.1256179459888
4344.0,68.0945053100586,5.349698543548584,1040.2970837350003
4345.0,30.102800369262695,3.01906681060791,1040.4912758499995
4346.0,30.13689422607422,2.531872510910034,1040.71139523499
4347.0,16.6378231048584,2.6168622970581055,1040.8837757339934
4348.0,11.610880851745605,1.9669837951660156,1041.0947606909904
4349.0,12.979618072509766,2.1738948822021484,1041.3003896129958
4350.0,33.96809005737305,2.703274726867676,1041.4670866979868
4351.0,37.566471099853516,3.5064101219177246,1041.6384838249942
4352.0,20.503162384033203,2.6582698822021484,1041.8195616599987
4353.0,12.50820255279541,1.8802956342697144,1041.998083295999
4354.0,33.442283630371094,4.3265485763549805,1042.1655325069878
4355.0,59.62678909301758,3.7787981033325195,1042.3424711259868
4356.0,62.06756591796875,5.8028669357299805,1042.5073901649885
4357.0,39.568763732910156,3.284332036972046,1042.6895184679888
4358.0,4.4374284744262695,1.0682177543640137,1042.8584210609988
4359.0,152.30245971679688,5.631626129150391,1043.0100014409982
4360.0,8.135820388793945,1.5841829776763916,1043.2070431219909
4361.0,16.64651107788086,2.3327856063842773,1043.3937643919926
4362.0,11.68948745727539,1.743457555770874,1043.6012295099936
4363.0,61.860107421875,4.741015911102295,1043.8225368669955
4364.0,70.36172485351562,4.509669780731201,1044.014008964994
4365.0,179.15277099609375,8.079184532165527,1044.2046557699941
4366.0,132.61058044433594,8.711870193481445,1044.4093794799992
4367.0,54.97128677368164,3.8334081172943115,1044.6044564649928
4368.0,34.71075439453125,2.918632984161377,1044.8077682009898
4369.0,8.470457077026367,1.5473791360855103,1045.0084254909889
4370.0,75.1157455444336,5.029170989990234,1045.1778889579873
4371.0,33.359474182128906,3.3615195751190186,1045.367387923994
4372.0,37.72811508178711,3.3784170150756836,1045.5507789959956
4373.0,1393.978271484375,26.257265090942383,1045.7334898309928
4374.0,57.04209518432617,3.8229031562805176,1045.8917438819917
4375.0,91.11921691894531,6.181843280792236,1046.0833687269915
4376.0,9.424643516540527,1.6039966344833374,1046.2624452789896
4377.0,41.105384826660156,3.98345947265625,1046.4511216809915
4378.0,56.37966537475586,3.8186445236206055,1046.6653599079873
4379.0,776.82861328125,20.49950408935547,1046.8384110059997
4380.0,25.37754249572754,3.104511260986328,1047.0270039479947
4381.0,43.681480407714844,4.187687397003174,1047.2058613519912
4382.0,24.241668701171875,3.016486167907715,1047.3848503119953
4383.0,131.12200927734375,6.342557907104492,1047.5597680999927
4384.0,15.098207473754883,2.3861913681030273,1047.7790363289969
4385.0,37.231300354003906,2.673752784729004,1047.9529976209888
4386.0,140.34786987304688,8.331840515136719,1048.1312555729965
4387.0,156.4122314453125,6.029297351837158,1048.3073561099882
4388.0,9.156042098999023,1.7022778987884521,1048.486483241999
4389.0,19.369251251220703,2.6009840965270996,1048.669665355992
4390.0,50.562110900878906,3.170753240585327,1048.8540192709916
4391.0,36.32612609863281,3.2209601402282715,1049.016307311991
4392.0,71.73772430419922,4.183818817138672,1049.1826885849878
4393.0,65.67665100097656,4.084666728973389,1049.370150014991
4394.0,8.078363418579102,1.508570909500122,1049.5305367149995
4395.0,15.362198829650879,2.471505880355835,1049.703375772995
4396.0,51.977901458740234,3.9706990718841553,1049.8995948699885
4397.0,94.2740707397461,5.900467395782471,1050.071516439988
4398.0,48.824466705322266,2.9559009075164795,1050.2381108589907
4399.0,5.93377161026001,1.5394588708877563,1050.4202657299902
4400.0,19.740924835205078,2.4708690643310547,1050.583008246991
4401.0,55.227901458740234,4.601321697235107,1054.850872097988
4402.0,84.85254669189453,3.7757797241210938,1055.0273422269966
4403.0,13.07248592376709,1.9104557037353516,1055.2365994769934
4404.0,9.836504936218262,1.5881690979003906,1055.3992822679866
4405.0,10.047934532165527,1.8517497777938843,1055.5676950569905
4406.0,37.301910400390625,3.648179531097412,1055.7680548419885
4407.0,27.943275451660156,2.601884126663208,1055.9191648739943
4408.0,176.99253845214844,10.130702018737793,1056.122423230001
4409.0,29.064979553222656,2.4764113426208496,1056.2814941119868
4410.0,25.401185989379883,2.6868300437927246,1056.4540215859888
4411.0,21.57550048828125,3.0081911087036133,1056.6188503299927
4412.0,19.849925994873047,2.6040568351745605,1056.8098156310007
4413.0,35.173545837402344,3.5609471797943115,1056.9633615119965
4414.0,32.560386657714844,2.5874710083007812,1057.1857735699887
4415.0,34.143341064453125,3.552263021469116,1057.3954433409963
4416.0,122.77234649658203,7.942216873168945,1057.630839503996
4417.0,14.528413772583008,1.7392072677612305,1057.8032847989962
4418.0,7.680461406707764,1.553661584854126,1057.971071035994
4419.0,4.003218650817871,1.120602011680603,1058.1281549720006
4420.0,30.460783004760742,2.65321683883667,1058.2800073319959
4421.0,19.953157424926758,2.5420711040496826,1058.4461286699952
4422.0,60.91342544555664,5.294856548309326,1058.6255276909942
4423.0,12.6355562210083,2.6181998252868652,1058.7873128939973
4424.0,59.927852630615234,4.7491865158081055,1058.9541098269983
4425.0,9.45315170288086,1.547925591468811,1059.1139475479868
4426.0,90.08965301513672,6.549737930297852,1059.301785713993
4427.0,9.30454158782959,1.5520594120025635,1059.4645146269904
4428.0,18.6512508392334,2.5823137760162354,1059.656077511987
4429.0,26.840633392333984,2.7115561962127686,1059.829479005988
4430.0,18.651885986328125,2.742183208465576,1060.0705077780003
4431.0,81.95391082763672,6.319935321807861,1060.2412987739954
4432.0,49.75454330444336,4.137770175933838,1060.4251601849974
4433.0,30.01959800720215,3.716648817062378,1060.6298555969988
4434.0,13.699247360229492,2.6233627796173096,1060.7876028539904
4435.0,47.501007080078125,3.655673027038574,1060.9553135609895
4436.0,48.3535270690918,3.348031759262085,1061.125971661997
4437.0,83.15013122558594,4.370150089263916,1061.321235875992
4438.0,37.7065544128418,4.313015460968018,1061.5685614309914
4439.0,47.14235305786133,3.5905773639678955,1061.7295427989884
4440.0,10.844613075256348,1.9287915229797363,1061.906490082998
4441.0,109.19757843017578,4.819697380065918,1062.0736919929914
4442.0,47.27875900268555,3.7548742294311523,1062.2431692089885
4443.0,14.228558540344238,2.5434165000915527,1062.4623327079898
4444.0,35.3820686340332,3.490053176879883,1062.629774246001
4445.0,40.07390594482422,3.3629488945007324,1062.844029821994
4446.0,17.195619583129883,2.3522655963897705,1062.9858291309938
4447.0,125.79457092285156,5.0735249519348145,1063.193630529
4448.0,31.614107131958008,3.2897918224334717,1063.4356253259903
4449.0,92.56351470947266,7.082604885101318,1063.6772382339987
4450.0,37.68921661376953,3.4932913780212402,1063.912307969993
4451.0,9.013561248779297,1.9083702564239502,1064.0709126459988
4452.0,705.1951904296875,22.200733184814453,1064.3508218969946
4453.0,16.75651741027832,2.6015548706054688,1064.631959350998
4454.0,31.789894104003906,2.69909930229187,1064.7853897199966
4455.0,48.099693298339844,3.4242982864379883,1065.0086410469958
4456.0,12.13314437866211,2.109376907348633,1065.177747204987
4457.0,20.19049072265625,3.102194309234619,1065.3437663939985
4458.0,6.649771690368652,1.4653990268707275,1065.530615614989
4459.0,44.97956466674805,4.164332866668701,1065.6936643869994
4460.0,68.12690734863281,5.333112716674805,1065.912244512001
4461.0,722.1190185546875,18.35945701599121,1066.0868638419925
4462.0,28.057695388793945,2.862114191055298,1066.2846018499986
4463.0,804.413330078125,23.326025009155273,1066.4428144009871
4464.0,30.451993942260742,3.277008295059204,1066.6090500229911
4465.0,33.83401870727539,3.054264783859253,1066.8327354549983
4466.0,12.059306144714355,2.3475961685180664,1066.9880871859932
4467.0,41.920955657958984,3.4740235805511475,1067.2179092820006
4468.0,11.217865943908691,2.058295488357544,1067.4188791060005
4469.0,514.3838500976562,8.215287208557129,1067.61424802299
4470.0,10.29041576385498,1.7359695434570312,1067.804520892998
4471.0,49.08632278442383,4.436788558959961,1067.9750262529997
4472.0,10.100431442260742,1.9106550216674805,1068.1510557189904
4473.0,30.41469383239746,2.425008773803711,1068.3622324129974
4474.0,6.560563087463379,1.6892753839492798,1068.5379426289874
4475.0,8.582035064697266,1.5648068189620972,1068.6953646009933
4476.0,85.01619720458984,6.024878978729248,1068.8710276539932
4477.0,18.075246810913086,2.512047529220581,1069.0288996929885
4478.0,72.66075897216797,3.6899333000183105,1069.200523359992
4479.0,144.60519409179688,7.620780944824219,1069.3640720549884
4480.0,11.724985122680664,1.8490227460861206,1069.5497567099956
4481.0,14.655646324157715,2.087083339691162,1069.737164412989
4482.0,143.95713806152344,9.411335945129395,1069.9151293529867
4483.0,24.820880889892578,1.932267189025879,1070.0770365719945
4484.0,65.64374542236328,3.4370462894439697,1070.2726036599925
4485.0,35.113677978515625,3.443607807159424,1070.4420320059871
4486.0,27.40022087097168,3.230593681335449,1070.611797104997
4487.0,7.80325174331665,1.53969144821167,1070.7795853459975
4488.0,22.55931854248047,3.1018683910369873,1070.9591890849988
4489.0,28.876195907592773,2.60585618019104,1071.1479201519978
4490.0,39.951881408691406,2.916656017303467,1071.3357033929933
4491.0,51.54862594604492,3.5083489418029785,1071.5320789329999
4492.0,11.661856651306152,1.979996681213379,1071.743800229
4493.0,79.90221405029297,5.677877426147461,1071.932156076
4494.0,9.39439868927002,1.639059066772461,1072.1354872869997
4495.0,85.34857940673828,5.589850425720215,1072.3218033969897
4496.0,7.314237594604492,1.4048643112182617,1072.508184262988
4497.0,33.27989196777344,3.9021952152252197,1072.69870841199
4498.0,23.720285415649414,2.5269720554351807,1072.863962146992
4499.0,41.699745178222656,2.91579532623291,1073.0487932389951
4500.0,20.02745246887207,2.5488955974578857,1073.2218660139915
4501.0,10.384881019592285,1.7707390785217285,1081.3191202689923
4502.0,23.796106338500977,2.252126455307007,1081.5955486460007
4503.0,7.149001121520996,1.3658864498138428,1081.7707337499887
4504.0,19.681209564208984,2.031355381011963,1081.9521386889974
4505.0,14.126643180847168,2.509228229522705,1082.1818817519961
4506.0,47.2013053894043,3.7415854930877686,1082.3765248359996
4507.0,79.21976470947266,5.840553283691406,1082.5560534699907
4508.0,64.19660186767578,4.867457866668701,1082.7635681309912
4509.0,9.926087379455566,1.9157532453536987,1082.9904362889938
4510.0,39.38849639892578,4.116228103637695,1083.178922697989
4511.0,20.804550170898438,2.260347366333008,1083.3832289059937
4512.0,10.036003112792969,1.6636722087860107,1083.5731109359913
4513.0,19.563161849975586,2.128817081451416,1083.7293362079945
4514.0,24.446870803833008,2.4750893115997314,1083.8976167599903
4515.0,59.17278289794922,4.221312999725342,1084.0717475899874
4516.0,13.801876068115234,2.381291389465332,1084.242475245992
4517.0,65.21751403808594,4.097393035888672,1084.4300914959895
4518.0,16.79217529296875,2.544567108154297,1084.603259201991
4519.0,132.9769744873047,7.6091227531433105,1084.7748877409904
4520.0,15.779343605041504,2.1473898887634277,1084.9550762259896
4521.0,25.771699905395508,3.078068256378174,1085.1393278439937
4522.0,56.79953384399414,3.2716898918151855,1085.3063481360005
4523.0,12.01823902130127,2.469217300415039,1085.4661938379868
4524.0,35.53493118286133,2.9493420124053955,1085.6286246319942
4525.0,13.418559074401855,2.433314561843872,1085.8243328229873
4526.0,89.32664489746094,3.596820592880249,1086.0170142699935
4527.0,19.40968894958496,3.077436923980713,1086.2081227939925
4528.0,6.753890037536621,1.6268036365509033,1086.3923909729929
4529.0,106.31918334960938,5.94854211807251,1086.620536805989
4530.0,107.0086898803711,7.0957818031311035,1086.8878587519866
4531.0,80.92035675048828,3.6186821460723877,1087.086087906995
4532.0,155.40945434570312,9.445789337158203,1087.323709927994
4533.0,45.358253479003906,3.4567508697509766,1087.5019497469912
4534.0,15.880367279052734,2.025362014770508,1087.6838913009997
4535.0,13.37657642364502,2.524448871612549,1087.912873341993
4536.0,13.51379108428955,1.8418160676956177,1088.1580099849962
4537.0,191.68406677246094,6.428314685821533,1088.3421289529942
4538.0,7.813995838165283,1.5338274240493774,1088.5082078369887
4539.0,7.290957927703857,1.8598735332489014,1088.6968681929866
4540.0,17.836057662963867,2.510906219482422,1088.8793079629977
4541.0,92.00460052490234,4.4745283126831055,1089.0495859859948
4542.0,6.467293739318848,1.623870849609375,1089.2479251719924
4543.0,242.48179626464844,9.246739387512207,1089.450346283993
4544.0,8.33280086517334,1.6518803834915161,1089.7048469500005
4545.0,53.1386833190918,4.061700344085693,1089.9375500609895
4546.0,49.14453887939453,3.4396440982818604,1090.1427085889882
4547.0,26.086917877197266,3.074000597000122,1090.3949425419996
4548.0,7.852059364318848,1.5092016458511353,1090.616642530993
4549.0,17.38633918762207,2.384777784347534,1090.8269277859945
4550.0,54.02225875854492,3.2206411361694336,1090.9892745999969
4551.0,61.659122467041016,4.080865383148193,1091.167593745995
4552.0,24.206541061401367,2.206697702407837,1091.3447263399867
4553.0,592.06396484375,16.61639404296875,1091.547232205994
4554.0,78.40513610839844,5.909154415130615,1091.75412959799
4555.0,45.284732818603516,3.3716938495635986,1092.0073779599916
4556.0,12.05025863647461,2.2263731956481934,1092.3216073349904
4557.0,16.579294204711914,2.5527522563934326,1092.5457792089874
4558.0,37.38080978393555,2.5591683387756348,1092.8019725719932
4559.0,63.95810317993164,5.988731861114502,1092.9843914919911
4560.0,99.42908477783203,6.140872478485107,1093.1625022679946
4561.0,40.29835891723633,2.6391377449035645,1093.3312583519873
4562.0,101.70661926269531,4.770414352416992,1093.5017590539937
4563.0,227.35459899902344,7.3569183349609375,1093.6782719490002
4564.0,15.02336311340332,2.3799495697021484,1093.8750272459874
4565.0,228.75733947753906,7.201070785522461,1094.0788114129973
4566.0,7.504610061645508,1.5391607284545898,1094.2628671849961
4567.0,13.259743690490723,2.152219295501709,1094.4928437759954
4568.0,87.73787689208984,5.24023962020874,1094.704755321989
4569.0,7.492546558380127,1.5296002626419067,1094.907868408991
4570.0,20.54505729675293,2.8201041221618652,1095.0993284409924
4571.0,45.246829986572266,3.8039283752441406,1095.3639978499996
4572.0,315.8752746582031,11.355978965759277,1095.599187396001
4573.0,250.65647888183594,7.674517631530762,1095.8200803759973
4574.0,1030.64404296875,22.095727920532227,1096.0414983829978
4575.0,9.21108341217041,1.7746999263763428,1096.2905606479908
4576.0,54.490901947021484,4.488393306732178,1096.4613542000006
4577.0,31.487890243530273,3.537860631942749,1096.634309860994
4578.0,7.162845134735107,1.4674967527389526,1096.8300651329919
4579.0,93.83654022216797,4.396788597106934,1097.043232838987
4580.0,70.15502166748047,5.190871238708496,1097.2577195289923
4581.0,96.71376037597656,7.2745842933654785,1097.4635200429911
4582.0,20.729053497314453,2.449147939682007,1097.6592900719988
4583.0,19.813648223876953,2.1087806224823,1097.8382966329955
4584.0,129.35836791992188,8.842934608459473,1098.0500656479999
4585.0,24.457910537719727,2.7945425510406494,1098.2243063450005
4586.0,15.326199531555176,2.65796160697937,1098.4230481769919
4587.0,19.11739730834961,2.943483591079712,1098.5972005689982
4588.0,112.13084411621094,5.230337142944336,1098.7708455219981
4589.0,31.49326515197754,3.1778745651245117,1099.0068018939928
4590.0,227.79766845703125,11.0189790725708,1099.1901339609904
4591.0,57.747135162353516,4.1223249435424805,1099.377504944001
4592.0,207.470703125,8.832327842712402,1099.5783956539963
4593.0,43.223106384277344,3.7992751598358154,1099.7696098169981
4594.0,45.25651931762695,4.3232879638671875,1099.9357770249917
4595.0,102.49529266357422,6.157717227935791,1100.1125796839915
4596.0,612.5007934570312,21.771282196044922,1100.2907683509984
4597.0,40.121517181396484,4.890466690063477,1100.46974099199
4598.0,27.610599517822266,2.8058676719665527,1100.709777379001
4599.0,9.7281494140625,1.8488585948944092,1100.9050616679888
4600.0,65.63214874267578,4.542541980743408,1101.1038987569918
4601.0,82.18560791015625,5.479978561401367,1106.681827968001
4602.0,44.47174835205078,3.0616323947906494,1106.8554720009997
4603.0,46.84994125366211,4.2461113929748535,1107.0698359129892
4604.0,20.121753692626953,3.3340556621551514,1107.2630129499885
4605.0,8.902894973754883,1.7163362503051758,1107.4398989170004
4606.0,53.986663818359375,3.64237642288208,1107.6396061069972
4607.0,6.768165111541748,1.3854302167892456,1107.7974684189976
4608.0,67.64234161376953,4.451353073120117,1107.9890142779914
4609.0,9.011725425720215,1.975130319595337,1108.1561899909866
4610.0,7.791647434234619,1.5153017044067383,1108.3448987859883
4611.0,96.03871154785156,6.793212413787842,1108.56748827899
4612.0,40.37897491455078,3.46866512298584,1108.7937204919872
4613.0,8.232123374938965,1.554171085357666,1108.997490927999
4614.0,60.266605377197266,4.586864948272705,1109.1678407139989
4615.0,36.02898406982422,3.0417864322662354,1109.3498342189996
4616.0,25.777812957763672,2.737361192703247,1109.5786346620007
4617.0,19.7027645111084,2.8399765491485596,1109.7462968689942
4618.0,26.09369468688965,2.7343194484710693,1109.9744337909942
4619.0,7.959720611572266,1.5413486957550049,1110.1343255749962
4620.0,11.072476387023926,1.8004176616668701,1110.3091051429947
4621.0,8.384614944458008,1.8214898109436035,1110.4649589849869
4622.0,53.17702865600586,5.19328498840332,1110.6320234619925
4623.0,40.454246520996094,3.2865233421325684,1110.8115198499872
4624.0,8.654600143432617,1.4787665605545044,1110.9746224939881
4625.0,119.19508361816406,5.910226345062256,1111.199217478992
4626.0,21.578088760375977,2.2348146438598633,1111.3882565279928
4627.0,34.54056167602539,2.5421390533447266,1111.6206184409966
4628.0,43.96397018432617,3.107848882675171,1111.8419573909923
4629.0,633.8030395507812,20.968704223632812,1112.0329662809963
4630.0,8.081137657165527,1.4559744596481323,1112.237306613999
4631.0,3.965317964553833,1.1448612213134766,1112.4405014369986
4632.0,38.99335861206055,3.2134833335876465,1112.6125407189975
4633.0,97.98863220214844,4.780315399169922,1112.7825088199897
4634.0,12.932064056396484,2.4242961406707764,1112.96077849
4635.0,9.826300621032715,1.7836390733718872,1113.1495794899965
4636.0,21.79897689819336,2.522698163986206,1113.3186027810007
4637.0,83.50178527832031,4.879408359527588,1113.5087223459996
4638.0,19.900917053222656,2.050743818283081,1113.6816092969966
4639.0,26.370643615722656,3.1220641136169434,1113.8538622589986
4640.0,21.53957176208496,2.1941723823547363,1114.0341488089907
4641.0,14.643900871276855,1.860982894897461,1114.2554167939961
4642.0,46.650638580322266,2.8707292079925537,1114.4235294269893
4643.0,7.983753204345703,1.7846087217330933,1114.6370261779957
4644.0,10.50357437133789,1.851496696472168,1114.8126619519899
4645.0,75.80181884765625,5.391394138336182,1114.9869659019896
4646.0,38.241390228271484,3.033651828765869,1115.1716256139916
4647.0,18.71303367614746,3.275179862976074,1115.359255340998
4648.0,33.528072357177734,2.9767162799835205,1115.5477608479996
4649.0,32.77798080444336,3.6583549976348877,1115.7307240949885
4650.0,21.337453842163086,2.518033981323242,1115.9141699429892
4651.0,30.663331985473633,2.7897956371307373,1116.1210590059927
4652.0,15.420994758605957,2.3537464141845703,1116.3406828019943
4653.0,15.132253646850586,2.2259039878845215,1116.5651548199967
4654.0,63.11403274536133,5.33400821685791,1116.7363800339954
4655.0,47.852970123291016,2.946370840072632,1116.9465022090008
4656.0,9.184159278869629,1.9996893405914307,1117.1913443489902
4657.0,15.221628189086914,2.3275601863861084,1117.3870750409988
4658.0,17.492536544799805,2.1358323097229004,1117.5622511129914
4659.0,71.97621154785156,4.361073970794678,1117.7558390939957
4660.0,42.91754150390625,4.3657708168029785,1117.9146623439883
4661.0,6.5762553215026855,1.4007375240325928,1118.0922908989887
4662.0,117.20442962646484,6.087038516998291,1118.3291438369924
4663.0,114.15766143798828,5.509210586547852,1118.5226042180002
4664.0,12.75196647644043,2.486722707748413,1118.694237164993
4665.0,9.28563117980957,1.8710237741470337,1118.9191256199992
4666.0,32.99880599975586,2.6204545497894287,1119.100157777997
4667.0,30.853830337524414,3.082484006881714,1119.3011954719987
4668.0,7.6854963302612305,1.60990309715271,1119.4973481029883
4669.0,12.305869102478027,2.32379412651062,1119.6648165519873
4670.0,34.404266357421875,3.581376314163208,1119.8445723959885
4671.0,88.3938217163086,4.542418003082275,1120.014051346996
4672.0,16.36181640625,3.070281744003296,1120.192712070988
4673.0,7.940149307250977,1.6109132766723633,1120.3934346739989
4674.0,11.041780471801758,1.822770118713379,1120.563449150999
4675.0,66.25737762451172,4.456116199493408,1120.7426297929924
4676.0,231.43389892578125,10.389864921569824,1120.9656030659971
4677.0,29.33414649963379,3.396979570388794,1121.1463962169946
4678.0,9.303207397460938,1.8117892742156982,1121.3073757229868
4679.0,81.37466430664062,4.72091007232666,1121.505929189996
4680.0,6.977687835693359,1.3975813388824463,1121.710585023
4681.0,82.3922119140625,4.3938446044921875,1121.943837845989
4682.0,46.72911834716797,4.880863189697266,1122.1339111569978
4683.0,46.8077392578125,3.211156129837036,1122.3067732619966
4684.0,35.3955192565918,3.0848090648651123,1122.476295675995
4685.0,11.581772804260254,1.8381768465042114,1122.6476047979959
4686.0,74.48551940917969,5.095448970794678,1122.8356116069917
4687.0,76.71073150634766,4.762526512145996,1123.0222857849876
4688.0,68.63121795654297,4.289022922515869,1123.1882139749941
4689.0,34.42001724243164,3.0293664932250977,1123.3628533640003
4690.0,14.750458717346191,2.200421094894409,1123.5401713829924
4691.0,62.07884216308594,5.168315887451172,1123.7946885220008
4692.0,58.50300598144531,4.228302478790283,1123.9632633069996
4693.0,234.17428588867188,11.222500801086426,1124.1706593209965
4694.0,157.83360290527344,6.669709205627441,1124.3599272729916
4695.0,788.1844482421875,24.248918533325195,1124.548546875987
4696.0,95.0378189086914,4.9002556800842285,1124.7221560199978
4697.0,49.3211784362793,4.050700664520264,1124.893856701994
4698.0,6.980707168579102,1.5989848375320435,1125.0780467409932
4699.0,871.0726318359375,25.297222137451172,1125.2840668159915
4700.0,29.05434799194336,3.627190351486206,1125.4652216899995
4701.0,46.96272659301758,4.531134128570557,1129.8602017839876
4702.0,69.3865966796875,4.378310203552246,1130.0470436539908
4703.0,15.812973022460938,2.0972537994384766,1130.223467327989
4704.0,90.99789428710938,4.176951885223389,1130.4215701609937
4705.0,34.27971649169922,3.1493453979492188,1130.605564461992
4706.0,12.094681739807129,2.125641345977783,1130.8020424119895
4707.0,62.26670837402344,5.282270908355713,1130.9752713719936
4708.0,56.16954040527344,4.924139976501465,1131.1640173669875
4709.0,29.952680587768555,3.2165472507476807,1131.3442750859977
4710.0,85.64069366455078,3.802794933319092,1131.521517074987
4711.0,7.550915718078613,1.5957032442092896,1131.743972035998
4712.0,35.948280334472656,2.9527149200439453,1131.9596971389983
4713.0,73.0121841430664,6.39284086227417,1132.157217177999
4714.0,77.86804962158203,4.295253753662109,1132.354598277001
4715.0,14.6458740234375,2.393125534057617,1132.544469703993
4716.0,339.53118896484375,13.079598426818848,1132.7081514279998
4717.0,9.785456657409668,1.7536120414733887,1132.8795639599994
4718.0,19.619874954223633,2.3539490699768066,1133.094364507997
4719.0,3.968719720840454,1.1168100833892822,1133.3299066559994
4720.0,11.018148422241211,1.776878833770752,1133.5305660609883
4721.0,41.6332893371582,3.652555465698242,1133.7124879889889
4722.0,11.459047317504883,1.4456641674041748,1133.9028341249941
4723.0,46.28129577636719,3.39333438873291,1134.121603757987
4724.0,84.0012435913086,5.889885902404785,1134.3013591419876
4725.0,26.735816955566406,2.3361098766326904,1134.5076038309926
4726.0,26.417865753173828,2.5721278190612793,1134.7546719799866
4727.0,77.87162017822266,4.197600364685059,1134.9216283469868
4728.0,23.99079132080078,3.772254467010498,1135.0880234949873
4729.0,101.33575439453125,8.176071166992188,1135.3010225639882
4730.0,17.06827163696289,2.1500089168548584,1135.4914902159944
4731.0,23.388547897338867,2.6350038051605225,1135.675731721989
4732.0,52.58457565307617,4.717069625854492,1135.915656748999
4733.0,22.39908790588379,2.2474136352539062,1136.1078476699913
4734.0,19.047487258911133,1.9765143394470215,1136.2795630449982
4735.0,6.605529308319092,1.3846105337142944,1136.4693693979934
4736.0,34.02687072753906,3.786881685256958,1136.6766426190006
4737.0,12.24232006072998,2.4802865982055664,1136.865536996993
4738.0,8.610845565795898,1.6138523817062378,1137.0608739589952
4739.0,42.1118278503418,3.5140678882598877,1137.254358219987
4740.0,5.3928937911987305,1.2699323892593384,1137.4289132549893
4741.0,6.773937225341797,1.6213135719299316,1137.6374655939871
4742.0,44.105159759521484,3.4620299339294434,1137.8652256859932
4743.0,712.0109252929688,17.01512908935547,1138.0731326489913
4744.0,8.27048397064209,1.429290533065796,1138.2499968589982
4745.0,75.87873840332031,4.621705532073975,1138.4191201520007
4746.0,10.001039505004883,2.1418187618255615,1138.6105047249875
4747.0,37.03944778442383,3.709340810775757,1138.7913241289934
4748.0,20.444194793701172,2.687037706375122,1138.9577992939885
4749.0,11.426342964172363,1.834359049797058,1139.1217741289875
4750.0,65.17113494873047,5.031119346618652,1139.2984778719983
4751.0,9.38958740234375,1.5247578620910645,1139.4858761719952
4752.0,97.37767028808594,7.3303656578063965,1139.663264783987
4753.0,18.054439544677734,2.53871750831604,1139.8603917089931
4754.0,10.231121063232422,1.571083426475525,1140.0807270629884
4755.0,153.5647430419922,6.2748613357543945,1140.2715526569955
4756.0,20.620790481567383,3.3489153385162354,1140.4571602049982
4757.0,13.12958812713623,2.4207379817962646,1140.6906187189888
4758.0,766.5506591796875,18.24210548400879,1140.8680802409945
4759.0,10.038165092468262,1.7812278270721436,1141.0581205029885
4760.0,229.1410369873047,7.998712062835693,1141.2311326769996
4761.0,28.678424835205078,3.153052568435669,1141.416063763987
4762.0,24.371171951293945,2.8887453079223633,1141.5601138759957
4763.0,26.6722354888916,2.859142303466797,1141.7456938279938
4764.0,45.051536560058594,3.2395293712615967,1141.9857847870007
4765.0,24.368104934692383,2.409374475479126,1142.1763760929898
4766.0,93.55929565429688,3.710885524749756,1142.371421332995
4767.0,9.150594711303711,1.852595567703247,1142.5921150469949
4768.0,15.403670310974121,2.5759129524230957,1142.798921745998
4769.0,40.937339782714844,3.2489898204803467,1143.013520536988
4770.0,76.16608428955078,6.473135948181152,1143.2377919979917
4771.0,30.84638214111328,3.335761547088623,1143.4263383639918
4772.0,22.999584197998047,2.6902666091918945,1143.6085912339913
4773.0,188.36289978027344,6.404685020446777,1143.7812395379879
4774.0,21.25043296813965,2.9410061836242676,1143.9589358499943
4775.0,16.73136329650879,2.6904985904693604,1144.2220042699919
4776.0,18.335012435913086,2.6158976554870605,1144.3895022729994
4777.0,37.4830207824707,3.3365397453308105,1144.5755220469873
4778.0,14.349180221557617,2.7186310291290283,1144.754492158987
4779.0,685.6465454101562,17.315122604370117,1144.9215326429985
4780.0,17.429189682006836,2.5155324935913086,1145.1150104749977
4781.0,69.26944732666016,4.191500663757324,1145.2853364549956
4782.0,6.586814880371094,1.428497076034546,1145.5078146609885
4783.0,43.276161193847656,4.6346964836120605,1145.7333589569898
4784.0,22.158308029174805,2.2595643997192383,1145.9061481509998
4785.0,10.914580345153809,1.6732252836227417,1146.130197623992
4786.0,7.378215312957764,1.481908917427063,1146.3275243499957
4787.0,42.230804443359375,3.328836679458618,1146.5041553529882
4788.0,10.34337043762207,1.9152922630310059,1146.7508375259931
4789.0,6.415705680847168,1.7069051265716553,1146.9202513719938
4790.0,24.882741928100586,2.606551170349121,1147.1299406319886
4791.0,56.75202941894531,3.8633010387420654,1147.3183479399886
4792.0,8.240753173828125,1.528024435043335,1147.4807778609975
4793.0,13.915427207946777,2.329562187194824,1147.7002213989908
4794.0,113.42744445800781,3.5309674739837646,1147.8808099159942
4795.0,6.7174763679504395,1.386258840560913,1148.080351202996
4796.0,60.8701171875,5.126007080078125,1148.3084613169922
4797.0,13.07299518585205,2.3984901905059814,1148.4668617869902
4798.0,311.5073547363281,11.377437591552734,1148.760269004997
4799.0,34.31666564941406,3.3938653469085693,1148.950626477992
4800.0,32.18392562866211,2.417959213256836,1149.141889695995
4801.0,41.20818328857422,3.877808094024658,1155.3583435069886
4802.0,124.21249389648438,4.784184455871582,1155.553343045991
4803.0,36.002777099609375,2.9635989665985107,1155.7574404759944
4804.0,8.123233795166016,1.5684359073638916,1156.0240365569916
4805.0,29.513490676879883,3.7849059104919434,1156.2249485629873
4806.0,55.09282302856445,4.286249160766602,1156.4191723979893
4807.0,9.349770545959473,1.7269953489303589,1156.604107697989
4808.0,8.954034805297852,1.6047261953353882,1156.773527450001
4809.0,57.094600677490234,4.123283386230469,1156.955484827995
4810.0,15.380172729492188,2.166822910308838,1157.138857457001
4811.0,48.05550003051758,3.656487226486206,1157.323721310997
4812.0,362.5748596191406,12.475567817687988,1157.496527553987
4813.0,62.283233642578125,4.831467151641846,1157.6875217829947
4814.0,5.876181125640869,1.427454948425293,1157.9061979529943
4815.0,219.36215209960938,7.362802505493164,1158.0859952589963
4816.0,15.979443550109863,2.1803138256073,1158.2525252469932
4817.0,113.56965637207031,6.697962760925293,1158.4655319140002
4818.0,18.088985443115234,2.222783088684082,1158.6670456979919
4819.0,25.501718521118164,3.0101444721221924,1158.8375763219956
4820.0,62.35726547241211,3.7200257778167725,1159.0349458669953
4821.0,25.86733055114746,2.5304081439971924,1159.2722355229926
4822.0,11.622103691101074,2.0310845375061035,1159.4326245329867
4823.0,19.687171936035156,2.560966730117798,1159.6624476079887
4824.0,16.924543380737305,2.169656276702881,1159.8582207579893
4825.0,59.59059143066406,3.952378034591675,1160.0446101329871
4826.0,9.140706062316895,1.6947535276412964,1160.2477446109988
4827.0,19.87332534790039,2.2650811672210693,1160.431998813001
4828.0,22.146995544433594,2.602389097213745,1160.6193818299944
4829.0,29.995986938476562,3.002607583999634,1160.8174994259898
4830.0,87.13917541503906,5.120323181152344,1160.9995327509969
4831.0,23.066076278686523,2.766209840774536,1161.1978686559887
4832.0,11.194414138793945,1.996052622795105,1161.384179774992
4833.0,44.60198974609375,3.7781906127929688,1161.584343288996
4834.0,37.57884979248047,3.2974395751953125,1161.79710186999
4835.0,7.421002388000488,1.4053431749343872,1162.0848716409964
4836.0,8.254740715026855,1.9268289804458618,1162.2637414559867
4837.0,12.967047691345215,2.1747524738311768,1162.4500498929992
4838.0,196.5653533935547,8.424345016479492,1162.6234515559918
4839.0,32.785152435302734,3.054971218109131,1162.7916889849876
4840.0,59.04584884643555,4.74320125579834,1162.9644252229918
4841.0,29.541603088378906,2.6870276927948,1163.1629615199927
4842.0,12.815128326416016,2.395951986312866,1163.3683061539923
4843.0,47.379981994628906,4.720579147338867,1163.5733025999943
4844.0,12.812477111816406,1.665337324142456,1163.7521102839964
4845.0,103.30500030517578,5.187722206115723,1163.9526044469967
4846.0,109.2447509765625,4.938122749328613,1164.1521649259957
4847.0,68.59709167480469,4.777743339538574,1164.3237909140007
4848.0,7.898223400115967,1.6446564197540283,1164.5373316569894
4849.0,36.10382080078125,4.558924198150635,1164.7319206409884
4850.0,155.46400451660156,9.230212211608887,1164.9234747729934
4851.0,14.226880073547363,1.8605976104736328,1165.1211193819909
4852.0,80.31048583984375,4.306659698486328,1165.3338020599913
4853.0,52.92623519897461,3.935227870941162,1165.5557649569964
4854.0,47.661922454833984,3.556889057159424,1165.7444849969906
4855.0,3.777895927429199,1.0748409032821655,1165.9194793819916
4856.0,101.96672058105469,4.837170600891113,1166.1161221469956
4857.0,30.335119247436523,2.7010581493377686,1166.3425048139907
4858.0,16.827322006225586,2.3271913528442383,1166.513754635991
4859.0,40.32750701904297,3.57832932472229,1166.7126851819921
4860.0,35.53020477294922,4.463375091552734,1166.907542129993
4861.0,20.28407859802246,3.0660486221313477,1167.1268882579898
4862.0,29.20427131652832,2.9463303089141846,1167.30153488199
4863.0,11.729827880859375,1.7505979537963867,1167.4793366999947
4864.0,60.79450988769531,4.357003211975098,1167.662540677993
4865.0,75.71256256103516,4.758703708648682,1167.8595077329956
4866.0,43.20218276977539,3.7808847427368164,1168.0522543909901
4867.0,41.42848205566406,2.846442222595215,1168.2256821189949
4868.0,8.61503791809082,1.7118524312973022,1168.4347069840005
4869.0,15.007885932922363,2.0947883129119873,1168.6224361159984
4870.0,7.66710090637207,1.3967472314834595,1168.8113126009994
4871.0,61.63520812988281,4.023427963256836,1169.000020440988
4872.0,10.865161895751953,1.685947299003601,1169.2425008619903
4873.0,16.173274993896484,2.6268911361694336,1169.431946066994
4874.0,16.359529495239258,2.39677095413208,1169.615910927998
4875.0,81.57418823242188,3.9739861488342285,1169.7984874209942
4876.0,46.32975387573242,3.9298646450042725,1169.968666679997
4877.0,45.954002380371094,3.5417449474334717,1170.1565697659971
4878.0,26.303224563598633,2.6274309158325195,1170.3428349469905
4879.0,36.91847229003906,3.1381356716156006,1170.512065944
4880.0,190.23678588867188,10.322249412536621,1170.7025127349916
4881.0,477.8199462890625,18.862720489501953,1170.8865345459926
4882.0,28.003480911254883,2.483853816986084,1171.085563414992
4883.0,39.431888580322266,4.5292510986328125,1171.2574767999904
4884.0,5.843298435211182,1.4227393865585327,1171.4470321400004
4885.0,522.8038940429688,15.257637977600098,1171.6443363289873
4886.0,14.4721097946167,2.150470733642578,1171.8419330369943
4887.0,52.79954528808594,5.475368022918701,1172.0041237879923
4888.0,19.718753814697266,2.8561198711395264,1172.1727226749936
4889.0,40.44552993774414,2.741734743118286,1172.3628799319995
4890.0,15.160720825195312,2.142524480819702,1172.5442642459966
4891.0,28.35260772705078,2.4074747562408447,1172.7322470379877
4892.0,17.829797744750977,2.5742733478546143,1172.9343808079866
4893.0,14.51163387298584,2.3974037170410156,1173.124504624997
4894.0,44.200408935546875,3.394460916519165,1173.2940112139913
4895.0,57.60835647583008,4.235340118408203,1173.4714373749885
4896.0,362.07611083984375,9.420262336730957,1173.6515063729894
4897.0,8.128931045532227,1.6426119804382324,1173.83182599899
4898.0,19.931110382080078,2.7525153160095215,1174.0518584599922
4899.0,34.417728424072266,3.648895025253296,1174.2455584679992
4900.0,28.573671340942383,3.2381210327148438,1174.4238184169953
4901.0,39.0726203918457,2.9652183055877686,1178.9030944219994
4902.0,21.531038284301758,2.6451640129089355,1179.0733683569997
4903.0,32.263553619384766,3.38901424407959,1179.2479958849872
4904.0,28.849994659423828,3.6583194732666016,1179.4288347769907
4905.0,78.98712158203125,5.054745674133301,1179.5990695989894
4906.0,61.67558288574219,5.140639305114746,1179.7822519149922
4907.0,14.83875560760498,1.8451346158981323,1179.9523879119952
4908.0,79.6741943359375,4.8947930335998535,1180.121304579996
4909.0,18.356918334960938,2.127573013305664,1180.3165947379894
4910.0,10.249856948852539,2.120321273803711,1180.532902048988
4911.0,27.8508358001709,3.394209861755371,1180.732992633988
4912.0,26.06749725341797,3.1466376781463623,1180.9254981909908
4913.0,33.06732940673828,2.3871116638183594,1181.160868521998
4914.0,5.968541145324707,1.314811110496521,1181.3645709059929
4915.0,11.892838478088379,1.7433961629867554,1181.53199438499
4916.0,10.5344820022583,1.9336744546890259,1181.7781665059883
4917.0,21.761709213256836,2.1218295097351074,1182.0155704479985
4918.0,8.809011459350586,1.6055768728256226,1182.1749559819873
4919.0,91.55099487304688,6.699435710906982,1182.3705277349945
4920.0,36.57569885253906,3.6591601371765137,1182.5645733769925
4921.0,68.44527435302734,4.092060089111328,1182.721814189994
4922.0,6.48214054107666,1.4567954540252686,1182.9734477439924
4923.0,29.747207641601562,2.932171106338501,1183.173942658992
4924.0,98.76891326904297,5.8201212882995605,1183.3370796849922
4925.0,8.571792602539062,1.6879997253417969,1183.5703685289918
4926.0,8.289950370788574,1.8011926412582397,1183.761345506995
4927.0,8.149734497070312,1.4674277305603027,1183.943481254988
4928.0,25.229515075683594,2.729404926300049,1184.114351747994
4929.0,47.64240646362305,4.5512614250183105,1184.3217516659934
4930.0,10.698182106018066,1.6645336151123047,1184.504922928987
4931.0,10.369359016418457,1.8251935243606567,1184.667061007989
4932.0,21.412582397460938,3.3081040382385254,1184.9077990889928
4933.0,12.023579597473145,2.1319522857666016,1185.0896501769894
4934.0,661.6467895507812,18.57830047607422,1185.2668452759972
4935.0,7.208211421966553,1.4741780757904053,1185.467429337994
4936.0,63.011837005615234,4.828898906707764,1185.647859863995
4937.0,18.543777465820312,2.4642467498779297,1185.846533644988
4938.0,14.774163246154785,2.3073806762695312,1186.0377056409925
4939.0,16.95126724243164,2.4904677867889404,1186.2000593479897
4940.0,21.649194717407227,2.3662774562835693,1186.3857506749919
4941.0,14.923932075500488,1.9653631448745728,1186.547853261989
4942.0,216.2861328125,6.538810729980469,1186.7472698450001
4943.0,52.04416275024414,3.8616859912872314,1186.9267106740008
4944.0,15.813641548156738,2.710397958755493,1187.1070660839905
4945.0,89.7166748046875,4.750124454498291,1187.3002430839988
4946.0,24.061662673950195,3.1431617736816406,1187.4990909879998
4947.0,23.161365509033203,2.1846818923950195,1187.676776028995
4948.0,12.060157775878906,2.131988763809204,1187.8658320959948
4949.0,48.08885192871094,3.640105724334717,1188.0386738669913
4950.0,50.0877685546875,3.6820318698883057,1188.2588310930005
4951.0,5.018494606018066,1.21914803981781,1188.455455051997
4952.0,108.76898193359375,8.087376594543457,1188.6308895139955
4953.0,74.88497924804688,4.117847919464111,1188.8415234409913
4954.0,61.297794342041016,5.1459879875183105,1189.0073340719973
4955.0,27.194236755371094,3.2968690395355225,1189.1977202019916
4956.0,582.7399291992188,20.569931030273438,1189.3504703539948
4957.0,10.044013977050781,1.6273795366287231,1189.535963118993
4958.0,48.892887115478516,3.1709794998168945,1189.736400675989
4959.0,181.3749237060547,7.9714508056640625,1189.9328655059944
4960.0,9.554423332214355,1.6906054019927979,1190.108063710999
4961.0,10.183704376220703,1.579228401184082,1190.2973853589938
4962.0,49.010597229003906,3.829857349395752,1190.4624944649986
4963.0,6.6561760902404785,1.3459922075271606,1190.726475479998
4964.0,62.765621185302734,4.94818639755249,1190.9388587669964
4965.0,138.6222686767578,5.189778804779053,1191.1283395649953
4966.0,21.620664596557617,2.6970503330230713,1191.3217216060002
4967.0,7.1547040939331055,1.4674890041351318,1191.496996996997
4968.0,59.87792205810547,4.003842353820801,1191.6701986069966
4969.0,29.165403366088867,2.5577244758605957,1191.8634330369969
4970.0,26.580686569213867,2.614124298095703,1192.0391993309895
4971.0,74.60907745361328,3.9604012966156006,1192.2877122789941
4972.0,55.45146560668945,3.9862194061279297,1192.4703901589965
4973.0,12.250932693481445,1.951399326324463,1192.6331734379928
4974.0,53.463626861572266,3.850597381591797,1192.8177331429906
4975.0,123.64168548583984,4.732438564300537,1192.9985606439877
4976.0,473.5596923828125,15.577007293701172,1193.1723722609895
4977.0,733.4536743164062,17.777488708496094,1193.341081844992
4978.0,6.077383995056152,1.384878396987915,1193.5096031419962
4979.0,31.207067489624023,3.4538567066192627,1193.6867337329895
4980.0,340.9620666503906,10.783422470092773,1193.8720719699922
4981.0,79.97416687011719,4.225831031799316,1194.0411389189976
4982.0,37.73821258544922,3.0783658027648926,1194.2270131429977
4983.0,24.396886825561523,3.0669031143188477,1194.4056226989924
4984.0,68.2120590209961,4.353273868560791,1194.5760865129996
4985.0,35.55653762817383,3.5763981342315674,1194.770839521996
4986.0,43.499916076660156,3.4730000495910645,1194.934233715001
4987.0,62.53617477416992,4.442999839782715,1195.1044267329999
4988.0,9.040996551513672,1.6730743646621704,1195.2939608259912
4989.0,24.208799362182617,3.7955377101898193,1195.4739609929966
4990.0,9.347115516662598,1.5677971839904785,1195.664692883991
4991.0,10.300712585449219,2.3300392627716064,1195.869642545993
4992.0,68.0519790649414,5.384294033050537,1196.0295939049975
4993.0,120.2878646850586,4.529146671295166,1196.207971286989
4994.0,34.18265151977539,3.0386500358581543,1196.4011799789878
4995.0,46.75143814086914,4.981058597564697,1196.5804364599899
4996.0,187.10093688964844,9.047574043273926,1196.7652860569942
4997.0,32.398799896240234,2.7724997997283936,1196.957051638994
4998.0,18.679105758666992,2.247854232788086,1197.1369304299878
4999.0,11.174248695373535,1.6921201944351196,1197.3234515069926
5000.0,5.852600574493408,1.5482430458068848,1197.5056406179938
5001.0,13.365190505981445,1.9505599737167358,1204.0049685400008
5002.0,16.365161895751953,2.7044527530670166,1204.197161469987
5003.0,9.512796401977539,1.7197227478027344,1204.374032978987
5004.0,136.8185577392578,6.012837886810303,1204.6021775080008
5005.0,12.929701805114746,1.7340434789657593,1204.8142677769938
5006.0,9.766865730285645,2.1431212425231934,1205.0025562509982
5007.0,18.634876251220703,2.369108200073242,1205.2256204899895
5008.0,98.30101776123047,7.425584316253662,1205.4397166309936
5009.0,56.489994049072266,3.2721147537231445,1205.627926836998
5010.0,64.98503112792969,4.996756553649902,1205.786216108987
5011.0,14.473573684692383,1.8864428997039795,1205.958108145991
5012.0,6.926105499267578,1.377984642982483,1206.1372934379906
5013.0,10.576149940490723,1.798071026802063,1206.3096502469998
5014.0,11.52066707611084,2.2681596279144287,1206.516649184996
5015.0,13.797029495239258,1.911251187324524,1206.69297279499
5016.0,17.56908416748047,2.3661584854125977,1206.895637797992
5017.0,12.0347900390625,2.1182620525360107,1207.0785821530008
5018.0,25.80341911315918,2.3141236305236816,1207.241836589994
5019.0,96.1683578491211,7.391750335693359,1207.4238777159917
5020.0,5.495584011077881,1.2118926048278809,1207.6346778359875
5021.0,11.695935249328613,2.4081671237945557,1207.821853261994
5022.0,58.7664794921875,4.5083699226379395,1208.0021495999972
5023.0,3.2198309898376465,0.968349814414978,1208.2277516679897
5024.0,43.19367980957031,3.3817155361175537,1208.4117520989967
5025.0,40.32210159301758,3.63450288772583,1208.5913571679994
5026.0,83.6312484741211,3.814751386642456,1208.8287248879933
5027.0,9.732196807861328,1.9282912015914917,1209.0139616300003
5028.0,12.427519798278809,2.0380544662475586,1209.1954596759897
5029.0,52.761985778808594,4.236747741699219,1209.4070952059992
5030.0,90.41963958740234,5.0779500007629395,1209.5927636859997
5031.0,85.29791259765625,6.483127593994141,1209.7987112299888
5032.0,86.90424346923828,5.8063859939575195,1210.014105655995
5033.0,9.333809852600098,1.7256240844726562,1210.208096213988
5034.0,18.10259246826172,2.6647675037384033,1210.4037242529885
5035.0,12.702912330627441,2.430929660797119,1210.6166326719976
5036.0,41.129539489746094,3.5318214893341064,1210.8542156639887
5037.0,52.39073181152344,3.7934858798980713,1211.0339010019961
5038.0,156.85140991210938,6.711487770080566,1211.2573125209892
5039.0,24.642671585083008,2.7439794540405273,1211.4446730880009
5040.0,13.818081855773926,2.412846803665161,1211.6684397879872
5041.0,39.16755676269531,3.5844249725341797,1211.9024282429891
5042.0,14.905755043029785,2.3681693077087402,1212.2446545269922
5043.0,48.894065856933594,3.478604793548584,1212.467970614991
5044.0,7.676581382751465,1.5352160930633545,1212.6618957259925
5045.0,43.376773834228516,3.5083916187286377,1212.9164601119992
5046.0,28.779476165771484,2.6215052604675293,1213.1796161269885
5047.0,18.7706356048584,2.6905300617218018,1213.4026426189957
5048.0,44.39906311035156,4.054452896118164,1213.5746828139963
5049.0,34.67408752441406,3.7890491485595703,1213.7917595019971
5050.0,26.002452850341797,2.9500558376312256,1213.9861767779948
5051.0,14.417014122009277,1.5710302591323853,1214.2051922469982
5052.0,21.381776809692383,2.2196528911590576,1214.4044977829908
5053.0,132.3598175048828,8.220818519592285,1214.601489839988
5054.0,10.680541038513184,2.0239973068237305,1214.809664299988
5055.0,866.755126953125,21.05167007446289,1215.0310412089893
5056.0,25.593353271484375,3.1084187030792236,1215.1992194209888
5057.0,16.43670082092285,2.262216329574585,1215.378080894996
5058.0,18.388900756835938,2.2717065811157227,1215.5874779869919
5059.0,63.37065887451172,3.9179680347442627,1215.8115653379937
5060.0,32.91999053955078,3.7766759395599365,1215.9943947349966
5061.0,55.99289321899414,4.3517985343933105,1216.1930397309916
5062.0,117.67337799072266,5.986318111419678,1216.4036104279949
5063.0,11.866902351379395,1.6562567949295044,1216.5827212589938
5064.0,33.03736877441406,3.2258729934692383,1216.7850788889918
5065.0,29.969188690185547,2.4979588985443115,1216.986325425998
5066.0,51.49394607543945,5.1232991218566895,1217.1821907229896
5067.0,38.35324478149414,2.9714725017547607,1217.3796311029873
5068.0,13.087904930114746,2.2021782398223877,1217.5766817659896
5069.0,18.93267059326172,3.004443407058716,1217.8234912119951
5070.0,9.975465774536133,1.8600019216537476,1217.9795006389904
5071.0,32.60091781616211,2.343240261077881,1218.1801902769948
5072.0,18.666332244873047,2.1261343955993652,1218.3768001860008
5073.0,8.623795509338379,1.8285990953445435,1218.5699419019948
5074.0,72.00049591064453,6.248353481292725,1218.7682789269893
5075.0,36.20155334472656,2.804943561553955,1218.972759250988
5076.0,586.6596069335938,20.306119918823242,1219.1472493149922
5077.0,28.54624366760254,2.7655844688415527,1219.3212174090004
5078.0,12.350217819213867,1.9269336462020874,1219.4964132979949
5079.0,15.515745162963867,2.7480316162109375,1219.666965375989
5080.0,135.53807067871094,4.639423370361328,1219.8490111239953
5081.0,7.799935340881348,1.5589041709899902,1220.0491560269875
5082.0,5.040114879608154,1.2101857662200928,1220.2445363179868
5083.0,19.624122619628906,2.618579387664795,1220.4365251329873
5084.0,474.3170166015625,18.635650634765625,1220.6550880959985
5085.0,166.21543884277344,6.309856414794922,1220.836529298991
5086.0,36.27924728393555,3.473801374435425,1221.023563360999
5087.0,443.50750732421875,13.950684547424316,1221.2557406639971
5088.0,192.34974670410156,7.778923511505127,1221.4578597989894
5089.0,54.37800216674805,4.123443603515625,1221.6285188599868
5090.0,28.15743637084961,2.8824753761291504,1221.8017160279996
5091.0,158.50254821777344,6.43831729888916,1221.963349942991
5092.0,22.37839126586914,2.3313825130462646,1222.1614069669886
5093.0,8.798845291137695,1.6678080558776855,1222.3375589719944
5094.0,81.09565734863281,3.8747923374176025,1222.5281974559912
5095.0,5.883328914642334,1.3101410865783691,1222.7799587079935
5096.0,41.42277526855469,2.891116142272949,1222.9860505649995
5097.0,134.08175659179688,5.1908345222473145,1223.1645786359877
5098.0,5.709802150726318,1.3453917503356934,1223.4020327549952
5099.0,24.011375427246094,3.493034601211548,1223.6080281929899
5100.0,39.587623596191406,4.85356330871582,1223.77737415499
5101.0,101.02438354492188,4.233069896697998,1229.7334755159973
5102.0,33.9656982421875,2.913783550262451,1229.9095609349897
5103.0,35.99208450317383,3.1282260417938232,1230.103035371998
5104.0,39.778831481933594,3.2396228313446045,1230.3278498750005
5105.0,14.28921890258789,2.356534481048584,1230.515939428995
5106.0,31.569725036621094,2.989248275756836,1230.7594029889879
5107.0,25.993656158447266,3.726717472076416,1230.9469875939976
5108.0,41.17969512939453,3.4991564750671387,1231.1493744209874
5109.0,55.908042907714844,4.771059513092041,1231.3690434960008
5110.0,8.765384674072266,1.93875253200531,1231.5655296189943
5111.0,51.91428756713867,3.2462449073791504,1231.7767842009926
5112.0,13.579324722290039,1.8566101789474487,1231.962783431998
5113.0,21.521080017089844,2.8417887687683105,1232.1294082569948
5114.0,17.76149559020996,2.113900661468506,1232.3412156119884
5115.0,10.35749626159668,1.9246529340744019,1232.571445417998
5116.0,12.582378387451172,2.159961462020874,1232.7711959239969
5117.0,64.04607391357422,5.545181751251221,1232.9724668869894
5118.0,13.282771110534668,2.0158026218414307,1233.1796225379949
5119.0,20.98665428161621,2.931666135787964,1233.3746974059904
5120.0,20.118505477905273,2.513218641281128,1233.6262234589958
5121.0,12.173685073852539,1.9302031993865967,1233.8110710149922
5122.0,36.23699951171875,3.772548198699951,1233.986902780991
5123.0,90.01762390136719,5.8711018562316895,1234.1762473629933
5124.0,7.061892986297607,1.7246944904327393,1234.352297046993
5125.0,5.859651565551758,1.2863132953643799,1234.5420376189868
5126.0,8.82690143585205,1.9058996438980103,1234.7245560709998
5127.0,51.83089065551758,3.8862385749816895,1234.8940390549978
5128.0,6.309635162353516,1.3274558782577515,1235.087403587997
5129.0,32.244422912597656,2.7245588302612305,1235.2756829379941
5130.0,9.067365646362305,1.4747923612594604,1235.467870026987
5131.0,14.211532592773438,1.8253777027130127,1235.6877963519946
5132.0,24.457012176513672,2.5106465816497803,1235.8907856119913
5133.0,72.66102600097656,4.408374309539795,1236.0873136109876
5134.0,38.43718719482422,2.904919385910034,1236.2860723819904
5135.0,712.0416870117188,22.048587799072266,1236.4537842729915
5136.0,17.00423240661621,2.349836587905884,1236.6377217229892
5137.0,104.57524108886719,4.5735955238342285,1236.8323049280007
5138.0,36.897117614746094,3.840263605117798,1237.053865586
5139.0,34.68450164794922,4.109089374542236,1237.229243994996
5140.0,19.386844635009766,2.5622029304504395,1237.407419929994
5141.0,19.38482666015625,2.8903121948242188,1237.594660177987
5142.0,31.1226749420166,3.1923651695251465,1237.8192468509951
5143.0,9.42933177947998,1.4395087957382202,1238.0483113719965
5144.0,49.3735466003418,3.9067885875701904,1238.2617539130006
5145.0,47.325618743896484,2.817199230194092,1238.4496319559985
5146.0,11.948606491088867,1.9664949178695679,1238.6500277189916
5147.0,8.2265625,1.6598572731018066,1238.851687647999
5148.0,38.34170913696289,2.722352981567383,1239.0557030719938
5149.0,8.146687507629395,1.7304089069366455,1239.2524176369916
5150.0,498.4383544921875,14.562153816223145,1239.4265540299966
5151.0,29.912086486816406,2.567880392074585,1239.608258259992
5152.0,15.341761589050293,2.303544044494629,1239.8028178339882
5153.0,21.505470275878906,2.9526352882385254,1239.9955776089919
5154.0,139.99072265625,6.272392749786377,1240.1782798599888
5155.0,12.698980331420898,2.0069477558135986,1240.3636250349955
5156.0,181.6167449951172,8.824965476989746,1240.5535104269948
5157.0,33.343379974365234,2.983325958251953,1240.7275811109866
5158.0,69.67811584472656,4.8880720138549805,1240.9352969049942
5159.0,195.89418029785156,7.626894474029541,1241.115670897998
5160.0,11.046751976013184,2.053791046142578,1241.3086377419968
5161.0,14.31404972076416,2.5216150283813477,1241.5106108789914
5162.0,39.573421478271484,2.9935431480407715,1241.6857844490005
5163.0,27.110496520996094,3.0666556358337402,1241.8724760759942
5164.0,5.6623406410217285,1.337080478668213,1242.057136589996
5165.0,75.80034637451172,7.131213188171387,1242.2263565699977
5166.0,12.664850234985352,2.1352744102478027,1242.4187490449985
5167.0,8.49130916595459,1.6024196147918701,1242.6036309799965
5168.0,25.419410705566406,2.676788330078125,1242.8483312329918
5169.0,42.776153564453125,3.3324332237243652,1243.034560895001
5170.0,33.47388458251953,2.9880826473236084,1243.2154828950006
5171.0,6.78850793838501,1.36881422996521,1243.4081952979905
5172.0,39.729034423828125,3.462240695953369,1243.6014969120006
5173.0,22.829206466674805,2.323599338531494,1243.7867770629964
5174.0,12.453338623046875,1.787951111793518,1243.9703796549875
5175.0,101.9924545288086,3.264126777648926,1244.1710575729958
5176.0,285.61016845703125,8.6993989944458,1244.3589299809973
5177.0,8.36181640625,1.915303111076355,1244.537650992992
5178.0,7.3822102546691895,1.5544147491455078,1244.7145189859875
5179.0,28.44978904724121,2.8267407417297363,1244.9270170419913
5180.0,13.397351264953613,2.188042163848877,1245.1110154729977
5181.0,9.661822319030762,1.8006900548934937,1245.2920181629888
5182.0,8.266687393188477,1.656980037689209,1245.4913555749954
5183.0,50.74698257446289,5.157137393951416,1245.655019834987
5184.0,33.44715881347656,2.935925006866455,1245.829849678994
5185.0,33.161922454833984,2.846104383468628,1246.0139423819928
5186.0,11.490379333496094,1.625486969947815,1246.1983219760004
5187.0,94.16471099853516,7.400824546813965,1246.3795249629911
5188.0,17.840789794921875,2.128518581390381,1246.5528217029932
5189.0,112.55741119384766,5.119577407836914,1246.7467694239895
5190.0,28.622676849365234,2.903796672821045,1246.9172930499917
5191.0,18.434608459472656,2.193481683731079,1247.1010123609885
5192.0,28.888595581054688,2.9661242961883545,1247.2919306830008
5193.0,29.863494873046875,2.7913753986358643,1247.499311344989
5194.0,83.73143768310547,6.504822254180908,1247.6831503909925
5195.0,13.753021240234375,2.1460225582122803,1247.8590733589954
5196.0,16.61873435974121,2.2186484336853027,1248.0395420549903
5197.0,10.465194702148438,1.8446800708770752,1248.217256538992
5198.0,42.956512451171875,3.9308109283447266,1248.4120472939976
5199.0,76.92735290527344,4.471227645874023,1248.6049727289937
5200.0,20.344974517822266,2.51129412651062,1248.7949953289935
5201.0,32.46242141723633,2.3684189319610596,1253.5098174609884
5202.0,60.72947692871094,3.688039541244507,1253.6984491129988
5203.0,79.939453125,4.031222343444824,1253.8911930819886
5204.0,15.65943431854248,2.452348232269287,1254.0618764329993
5205.0,4.988136291503906,1.256845474243164,1254.2414898849966
5206.0,39.70530700683594,3.2923388481140137,1254.426386539999
5207.0,226.5448455810547,6.734753131866455,1254.601421444997
5208.0,41.69365692138672,3.283518075942993,1254.794315990992
5209.0,55.73714065551758,3.7999472618103027,1255.0099484459934
5210.0,138.21591186523438,5.959799766540527,1255.2110815669876
5211.0,718.7772216796875,18.659563064575195,1255.3932203229924
5212.0,12.123015403747559,1.728755235671997,1255.5991774899885
5213.0,72.60965728759766,5.58016300201416,1255.782377118987
5214.0,77.20486450195312,5.4693756103515625,1255.9805819739995
5215.0,29.457965850830078,2.726158857345581,1256.1707897919987
5216.0,796.2874145507812,23.711997985839844,1256.3376146359951
5217.0,24.26174545288086,2.3684725761413574,1256.5247404089896
5218.0,16.334718704223633,2.580087900161743,1256.6988604549988
5219.0,61.285404205322266,5.12891149520874,1256.882596935
5220.0,12.095653533935547,1.8886131048202515,1257.068932669994
5221.0,93.6427230834961,6.498245716094971,1257.2514220369922
5222.0,28.437196731567383,4.094278812408447,1257.4293587279972
5223.0,27.785886764526367,2.5470988750457764,1257.6471647939907
5224.0,787.7208251953125,17.863704681396484,1257.854754200991
5225.0,23.429628372192383,2.5741829872131348,1258.0501090549951
5226.0,8.1551513671875,1.348039150238037,1258.2298820449942
5227.0,11.208765983581543,2.228789806365967,1258.437612387992
5228.0,3.590998649597168,1.0466501712799072,1258.6409053239913
5229.0,187.15719604492188,9.625988006591797,1258.851403652996
5230.0,33.124881744384766,2.4813880920410156,1259.0315473669907
5231.0,24.589990615844727,3.1744377613067627,1259.2144337939972
5232.0,20.841781616210938,2.3910372257232666,1259.3991288979887
5233.0,43.499900817871094,3.0669784545898438,1259.6113173859922
5234.0,55.51132583618164,4.841179370880127,1259.7881645499874
5235.0,67.71189880371094,4.609236240386963,1259.974692645992
5236.0,60.62440872192383,4.605355739593506,1260.1764052239887
5237.0,29.84530258178711,2.679342746734619,1260.352379576987
5238.0,14.063424110412598,2.2619497776031494,1260.5352271679876
5239.0,52.95560073852539,4.042359352111816,1260.7142003259942
5240.0,6.729380130767822,1.6700327396392822,1260.9178429229942
5241.0,22.609298706054688,3.1130850315093994,1261.1163797219924
5242.0,66.83744049072266,3.994731903076172,1261.2826984469866
5243.0,21.332115173339844,3.1607120037078857,1261.4660584039957
5244.0,8.888772010803223,1.8926868438720703,1261.662602678989
5245.0,43.27350997924805,4.841390609741211,1261.8711325740005
5246.0,8.597115516662598,1.8108303546905518,1262.0772815269884
5247.0,54.67240905761719,4.18165397644043,1262.259949950996
5248.0,12.276044845581055,2.1588780879974365,1262.426662769998
5249.0,37.316707611083984,2.8057448863983154,1262.5930767099926
5250.0,9.764056205749512,1.7266024351119995,1262.8308459299878
5251.0,11.06264877319336,1.9811687469482422,1263.0249727699993
5252.0,256.91680908203125,10.093094825744629,1263.206785450995
5253.0,55.34726333618164,3.8416624069213867,1263.4135419769882
5254.0,222.5434112548828,10.280974388122559,1263.6053743309894
5255.0,31.868043899536133,2.770486831665039,1263.8062232480006
5256.0,64.89727020263672,4.635599136352539,1263.9835873859993
5257.0,22.983366012573242,2.747459888458252,1264.150837661
5258.0,45.48491668701172,3.617488145828247,1264.3452571539965
5259.0,59.603721618652344,4.2305006980896,1264.5345012420003
5260.0,75.52783966064453,5.79829740524292,1264.7152130609902
5261.0,17.66626739501953,3.0485026836395264,1264.9149605790008
5262.0,9.651147842407227,1.7049952745437622,1265.083891435992
5263.0,49.05503463745117,3.7584097385406494,1265.3261472960003
5264.0,75.39070892333984,4.678957939147949,1265.5310006509972
5265.0,95.57997131347656,7.302822113037109,1265.717433272992
5266.0,27.79646110534668,3.209413528442383,1265.9475951889908
5267.0,37.30257797241211,3.9746711254119873,1266.1423587789905
5268.0,61.0116081237793,4.36267614364624,1266.4386811419972
5269.0,44.90114212036133,4.385603904724121,1266.6213622669893
5270.0,72.31713104248047,4.067555904388428,1266.8602106519975
5271.0,7.558945655822754,1.4250402450561523,1267.0798766879889
5272.0,39.73162841796875,3.9209702014923096,1267.428638914993
5273.0,29.931447982788086,2.9524154663085938,1267.6602455429966
5274.0,45.646690368652344,3.481869697570801,1267.8348703349911
5275.0,51.31436538696289,4.4354963302612305,1268.1736048319872
5276.0,50.825408935546875,3.5753777027130127,1268.3450708979944
5277.0,24.819690704345703,3.3070919513702393,1268.5494452499988
5278.0,33.4293098449707,3.911658525466919,1268.8045250479918
5279.0,90.81632232666016,6.134666919708252,1268.963415716993
5280.0,9.67519760131836,1.812240481376648,1269.1451716489973
5281.0,56.501617431640625,3.4938600063323975,1269.300965617993
5282.0,9.719799995422363,1.5124073028564453,1269.4896864009934
5283.0,37.483882904052734,3.598588466644287,1269.79035866099
5284.0,12.194077491760254,2.087712526321411,1269.944796892989
5285.0,7.130690097808838,1.5841916799545288,1270.15829123999
5286.0,19.596237182617188,2.968076705932617,1270.3145543299906
5287.0,7.224603652954102,1.5508475303649902,1270.608853712998
5288.0,20.453826904296875,2.9205801486968994,1270.7819611960003
5289.0,59.0803108215332,4.381590366363525,1270.9499930349994
5290.0,14.560330390930176,2.3519513607025146,1271.0942990569893
5291.0,20.761028289794922,2.944864273071289,1271.3155404469871
5292.0,25.997770309448242,3.2663512229919434,1271.6237213809945
5293.0,67.27523040771484,5.9634928703308105,1271.8019313569966
5294.0,28.967601776123047,2.365752696990967,1272.031090561999
5295.0,62.76507568359375,3.171825885772705,1272.2487544329924
5296.0,6.002859592437744,1.382855772972107,1272.418817245998
5297.0,72.99012756347656,5.944269180297852,1272.6388840029977
5298.0,64.77552032470703,4.194766521453857,1272.8260989429982
5299.0,14.10640811920166,2.679292678833008,1272.994807333991
5300.0,6.830874443054199,1.4640352725982666,1273.226933924001
5301.0,68.85537719726562,5.619683742523193,1280.2592795829987
5302.0,33.452293395996094,3.6910698413848877,1280.429964459996
5303.0,25.320022583007812,2.4916815757751465,1280.6121787749871
5304.0,95.45417022705078,7.119434356689453,1280.7843190989952
5305.0,25.607465744018555,2.890000820159912,1280.9674324499938
5306.0,10.604140281677246,2.120619058609009,1281.154880762988
5307.0,331.2354736328125,12.556041717529297,1281.3405393489957
5308.0,70.04399108886719,3.8419289588928223,1281.5337300699903
5309.0,71.79032135009766,4.139384746551514,1281.7270643599913
5310.0,55.30013656616211,5.424848556518555,1281.888897621
5311.0,37.40493392944336,3.714043617248535,1282.0652279499918
5312.0,6.906216621398926,1.7459728717803955,1282.2669561129878
5313.0,69.05644226074219,5.219931602478027,1282.455747428001
5314.0,84.48807525634766,4.479495048522949,1282.6385720619874
5315.0,245.15090942382812,10.153752326965332,1282.8238503999892
5316.0,7.046941757202148,1.4887347221374512,1283.0114138859935
5317.0,19.52159309387207,2.443990468978882,1283.187212039993
5318.0,46.73812484741211,4.303796768188477,1283.380489395
5319.0,16.03868293762207,2.7902605533599854,1283.5750278489868
5320.0,7.815567970275879,1.3515417575836182,1283.78049013899
5321.0,12.157952308654785,2.1030642986297607,1283.9602761229908
5322.0,3.2739968299865723,0.9700065851211548,1284.1460986239981
5323.0,9.991002082824707,1.8295363187789917,1284.3527480019984
5324.0,172.3235626220703,5.881134986877441,1284.5458212719968
5325.0,64.5171127319336,4.265265941619873,1284.7266121799912
5326.0,32.17572784423828,3.4637696743011475,1285.3585826939961
5327.0,72.20698547363281,4.4596781730651855,1286.931213808988
5328.0,65.80037689208984,3.245053291320801,1287.9539415019972
5329.0,5.948800563812256,1.2910549640655518,1288.16387541499
5330.0,10.685526847839355,1.759769320487976,1288.3498315079923
5331.0,9.297262191772461,1.5408141613006592,1288.5378397199966
5332.0,6.156364440917969,1.6871812343597412,1288.7621781659982
5333.0,26.186365127563477,2.3815836906433105,1288.9380525399902
5334.0,33.351036071777344,3.108450412750244,1289.1271524490003
5335.0,18.276609420776367,2.6335315704345703,1289.2921209899941
5336.0,6.409336090087891,1.3614907264709473,1289.4965680780006
5337.0,482.03814697265625,19.047025680541992,1289.6953318549931
5338.0,239.17588806152344,7.567407608032227,1289.8982869449974
5339.0,52.9363899230957,3.6782279014587402,1290.085291423995
5340.0,46.66474914550781,3.723153591156006,1290.2863472299941
5341.0,38.864967346191406,2.8432276248931885,1290.472990076989
5342.0,11.06472396850586,2.066215753555298,1290.6428900809988
5343.0,42.352088928222656,3.4384379386901855,1290.8141354889958
5344.0,94.66881561279297,5.739068984985352,1291.0164365859964
5345.0,5.247289657592773,1.2643519639968872,1291.2169665799884
5346.0,20.191749572753906,2.2915022373199463,1291.3876268549939
5347.0,54.78704071044922,4.407485485076904,1291.5943443559954
5348.0,46.93402862548828,4.485570430755615,1291.8151775959996
5349.0,67.18155670166016,4.193603038787842,1292.0079546149937
5350.0,21.483718872070312,2.534785509109497,1292.1907174339867
5351.0,57.16471862792969,4.4219512939453125,1292.3837692399975
5352.0,13.872624397277832,1.7844586372375488,1292.5632596069918
5353.0,29.42266082763672,2.6328978538513184,1292.7291704709933
5354.0,40.29514694213867,2.927490234375,1292.9378897449933
5355.0,14.895602226257324,2.1906707286834717,1293.1785099489935
5356.0,48.41012954711914,4.658315181732178,1293.3535152229888
5357.0,46.13923645019531,3.694220781326294,1293.5582397789985
5358.0,10.783076286315918,2.1286420822143555,1293.7512829879997
5359.0,100.53876495361328,7.83906888961792,1293.9498855779966
5360.0,25.755069732666016,3.188059091567993,1294.1197437539959
5361.0,273.3663330078125,9.833106994628906,1294.3038792299922
5362.0,9.012353897094727,1.6340779066085815,1294.4794155689888
5363.0,53.436279296875,4.3660101890563965,1294.6637534019974
5364.0,12.83301067352295,2.073735237121582,1294.8699695769901
5365.0,19.301631927490234,2.4305694103240967,1295.0773535459884
5366.0,54.31781005859375,4.034567832946777,1295.2719726819923
5367.0,28.214664459228516,2.7952780723571777,1295.4675236409967
5368.0,53.63407516479492,4.369786262512207,1295.6361889059917
5369.0,273.54150390625,11.523508071899414,1295.8379093299882
5370.0,89.02751922607422,5.274168014526367,1296.0509103839868
5371.0,14.906448364257812,2.0248684883117676,1296.2582325289986
5372.0,21.75848960876465,2.57356595993042,1296.4507568400004
5373.0,22.248544692993164,2.218437671661377,1296.6386953209876
5374.0,15.788542747497559,2.6945624351501465,1296.832048006996
5375.0,183.50306701660156,6.083909511566162,1297.010123037995
5376.0,233.65853881835938,9.671929359436035,1297.2022446909978
5377.0,117.19640350341797,5.425137042999268,1297.388067931999
5378.0,27.982694625854492,2.633051872253418,1297.567903801988
5379.0,66.3068618774414,5.994446277618408,1297.78195646299
5380.0,75.38477325439453,6.707772254943848,1297.9617566789966
5381.0,59.945213317871094,4.388772010803223,1298.14232369799
5382.0,9.09717845916748,1.6083956956863403,1298.3217013269896
5383.0,12.748001098632812,2.0140695571899414,1298.5203330369986
5384.0,11.77355670928955,1.4822964668273926,1298.718067529
5385.0,61.08675765991211,3.9238221645355225,1298.872954595994
5386.0,75.46820831298828,4.753425121307373,1299.0466004949994
5387.0,15.743571281433105,2.1342010498046875,1299.2364143449959
5388.0,13.674386978149414,2.359074592590332,1299.4070874469908
5389.0,93.95901489257812,4.997194766998291,1299.5982962879934
5390.0,29.618051528930664,2.5874452590942383,1299.7797199299966
5391.0,20.014944076538086,2.441868782043457,1299.964775602988
5392.0,37.16148376464844,3.133582830429077,1300.1754568799952
5393.0,7.694703578948975,1.4013104438781738,1300.3717089119891
5394.0,89.82780456542969,4.953366279602051,1300.5500912719872
5395.0,23.522777557373047,3.1760945320129395,1300.7451717469958
5396.0,36.65108108520508,2.8924357891082764,1300.9262447849906
5397.0,6.842946529388428,1.494972586631775,1301.1312964949902
5398.0,6.145936489105225,1.5375851392745972,1301.325855662988
5399.0,27.494905471801758,3.1861884593963623,1301.4971321539924
5400.0,15.545877456665039,2.217463970184326,1301.6818212229991
5401.0,11.702815055847168,1.5669527053833008,1306.799018892998
5402.0,28.68934440612793,3.483086109161377,1307.011273785989
5403.0,50.18545150756836,4.381155490875244,1307.2203101019986
5404.0,6.886631488800049,1.525070309638977,1307.388107213992
5405.0,10.214719772338867,1.6846624612808228,1307.562357302988
5406.0,11.292588233947754,1.9092159271240234,1307.747203640989
5407.0,8.518265724182129,1.6398499011993408,1307.9185807529866
5408.0,13.83539867401123,2.4676473140716553,1308.1307784759993
5409.0,7.61194372177124,1.4478226900100708,1308.302713127996
5410.0,10.498440742492676,1.79847252368927,1308.4856716539944
5411.0,6.807055950164795,1.397741436958313,1308.6412888880004
5412.0,6.5930094718933105,1.434795618057251,1308.8244965799968
5413.0,13.12709903717041,1.919713020324707,1309.006582971997
5414.0,595.1154174804688,16.57480239868164,1309.1620843759883
5415.0,59.45439529418945,3.896671772003174,1309.3452990669903
5416.0,35.215240478515625,3.549351453781128,1309.5493484229955
5417.0,11.348636627197266,2.2270848751068115,1309.7269578429987
5418.0,138.3433837890625,5.188345432281494,1309.9214205419994
5419.0,48.828224182128906,3.2672278881073,1310.0953210029984
5420.0,32.395843505859375,2.8911292552948,1310.307560000001
5421.0,40.78676986694336,3.570518970489502,1310.55032149599
5422.0,160.8148956298828,8.67931842803955,1310.7377843229915
5423.0,463.1752014160156,18.66338348388672,1310.9117459049885
5424.0,93.4220962524414,5.650979042053223,1311.141059720001
5425.0,60.709075927734375,4.663120269775391,1311.4102591659903
5426.0,8.30589485168457,1.7067853212356567,1311.5922390539927
5427.0,20.07244110107422,2.298619031906128,1311.8263637569908
5428.0,66.36286163330078,4.872866153717041,1312.0117973929882
5429.0,74.94941711425781,5.354294300079346,1312.1810123579926
5430.0,12.818572044372559,2.4989004135131836,1312.387333030987
5431.0,29.048519134521484,2.9932098388671875,1312.5465842619888
5432.0,12.786698341369629,1.7105777263641357,1312.8180310869939
5433.0,41.44705581665039,3.42568302154541,1313.0712832259887
5434.0,16.905967712402344,2.6935410499572754,1313.2421861569892
5435.0,138.42425537109375,6.411775588989258,1313.5152207559877
5436.0,8.79991626739502,1.597810983657837,1313.7256123199913
5437.0,41.21564483642578,2.652712106704712,1313.9725726909965
5438.0,8.17420482635498,1.722604513168335,1314.2367381849908
5439.0,36.1524772644043,2.9582202434539795,1314.4505823729996
5440.0,78.9404525756836,4.953100204467773,1314.6294662469882
5441.0,52.46868133544922,3.8636491298675537,1314.8772179539956
5442.0,60.775325775146484,4.819683074951172,1315.0521568719996
5443.0,37.15785217285156,3.018202543258667,1315.247360696987
5444.0,91.77517700195312,4.885781764984131,1315.4234888029896
5445.0,32.26434326171875,3.788114547729492,1315.6057493650005
5446.0,97.25337219238281,5.092411518096924,1315.8707253299945
5447.0,40.520755767822266,4.155755996704102,1316.0517577629944
5448.0,15.549832344055176,2.484070301055908,1316.2363635489892
5449.0,30.252178192138672,3.091639995574951,1316.4695096489886
5450.0,28.117931365966797,2.290864944458008,1316.6547895539989
5451.0,7.88286828994751,1.591016173362732,1316.8997938839893
5452.0,12.988763809204102,2.136016845703125,1317.109855554998
5453.0,36.66781997680664,3.1665477752685547,1317.2756334429869
5454.0,28.38274383544922,3.199796199798584,1317.4927399129956
5455.0,27.934757232666016,2.4432568550109863,1317.6664434369886
5456.0,22.608720779418945,2.348355770111084,1317.835179185
5457.0,9.579545974731445,1.5343948602676392,1318.032887466994
5458.0,7.8287882804870605,1.8157145977020264,1318.1973090039974
5459.0,19.18595314025879,2.330312967300415,1318.4244533449964
5460.0,103.79666900634766,4.5626540184021,1318.5972596219945
5461.0,6.742727756500244,1.3263850212097168,1318.7667733639973
5462.0,53.593875885009766,4.618162631988525,1318.9527461219986
5463.0,34.123661041259766,3.182425022125244,1319.1173540679883
5464.0,9.179591178894043,1.6923621892929077,1319.3734459869884
5465.0,100.60928344726562,5.811276912689209,1319.5731305249938
5466.0,13.578547477722168,1.7889615297317505,1319.7333745199867
5467.0,47.505897521972656,5.114546775817871,1319.9184493629873
5468.0,14.041990280151367,2.0590598583221436,1320.0861919799936
5469.0,35.14029312133789,2.8395376205444336,1320.370837221999
5470.0,58.89836120605469,5.849428653717041,1320.60290566599
5471.0,11.632062911987305,2.049159526824951,1320.8034333260002
5472.0,83.27484130859375,5.597035884857178,1320.977398100993
5473.0,74.10121154785156,5.543515205383301,1321.2033632969978
5474.0,28.035825729370117,3.187654733657837,1321.3914700449968
5475.0,101.91163635253906,5.3767266273498535,1321.5818821759894
5476.0,48.46263885498047,3.3879294395446777,1321.7890643199935
5477.0,44.6851692199707,3.116842746734619,1321.9701521809911
5478.0,43.48456573486328,4.799292087554932,1322.150597994987
5479.0,20.889751434326172,2.3040902614593506,1322.3357095609972
5480.0,13.215499877929688,2.2359750270843506,1322.5120050179976
5481.0,8.972736358642578,1.6970041990280151,1322.7043595399882
5482.0,196.59034729003906,7.348934650421143,1322.9064988609898
5483.0,6.511786937713623,1.4228429794311523,1323.1021697239921
5484.0,10.667740821838379,1.8360247611999512,1323.2916114879918
5485.0,25.507404327392578,3.0289204120635986,1323.4778623109887
5486.0,7.448200702667236,1.55997896194458,1323.6767424179998
5487.0,11.625614166259766,2.0046064853668213,1323.8776396449975
5488.0,55.93230438232422,3.256263494491577,1324.0572028079914
5489.0,15.699774742126465,2.6592676639556885,1324.2240965809906
5490.0,12.34373950958252,1.6814812421798706,1324.4273724059894
5491.0,37.70222473144531,4.311359882354736,1324.591126179992
5492.0,88.17790985107422,7.039522647857666,1324.7647647839913
5493.0,19.4349365234375,2.1015496253967285,1324.9395836499898
5494.0,10.645513534545898,1.5701993703842163,1325.1191035089869
5495.0,10.778297424316406,2.209728240966797,1325.2877290189936
5496.0,11.156149864196777,2.2353036403656006,1325.4686181969882
5497.0,122.77003479003906,6.251214027404785,1325.6387349279976
5498.0,79.96520233154297,5.836445331573486,1325.821238671997
5499.0,35.73695755004883,2.573296070098877,1326.0342339289928
5500.0,101.53426361083984,5.217484474182129,1326.2305152699992
5501.0,8.449109077453613,1.7039086818695068,1334.939752514998
5502.0,98.20893096923828,5.436331748962402,1335.1043863609957
5503.0,31.286672592163086,3.3741533756256104,1335.3324090079986
5504.0,13.142460823059082,1.8471083641052246,1335.5196838359989
5505.0,6.517833709716797,1.3571044206619263,1335.7174731859996
5506.0,19.645217895507812,2.4951395988464355,1335.8955585239892
5507.0,39.793067932128906,4.540823459625244,1336.149201837994
5508.0,6.467536449432373,1.512841820716858,1336.3543983679992
5509.0,44.5770378112793,3.133197784423828,1336.6984424139955
5510.0,13.57117748260498,1.6961482763290405,1336.9215637509915
5511.0,15.343454360961914,2.5587732791900635,1337.109970354999
5512.0,22.18601417541504,2.5176641941070557,1337.3280380639917
5513.0,84.2399673461914,5.8591814041137695,1337.5806290549954
5514.0,28.87379264831543,3.231438398361206,1337.7850434809952
5515.0,65.15289306640625,5.523100852966309,1337.9527616549894
5516.0,16.77773094177246,2.146904706954956,1338.130383561991
5517.0,57.70349884033203,4.539229393005371,1338.3083353839902
5518.0,122.41890716552734,6.444077014923096,1338.510225712991
5519.0,9.577128410339355,1.8732966184616089,1338.7193616809964
5520.0,108.19800567626953,3.43436598777771,1338.9040804109973
5521.0,20.786392211914062,2.76513671875,1339.0964162309974
5522.0,52.13189697265625,3.946953296661377,1339.2798177459917
5523.0,294.7707824707031,8.064358711242676,1339.4729663079925
5524.0,42.3222770690918,3.1052844524383545,1339.7005898099887
5525.0,4.724187850952148,1.1721972227096558,1339.8935808819951
5526.0,46.30119705200195,3.4502108097076416,1340.0718812309933
5527.0,38.305179595947266,3.3780672550201416,1340.2744577919948
5528.0,103.73577117919922,4.785549163818359,1340.453909650998
5529.0,30.253103256225586,2.6636202335357666,1340.686075872989
5530.0,82.25765228271484,5.779898166656494,1340.9150147499895
5531.0,86.07424926757812,5.126986980438232,1341.1026926419872
5532.0,18.21587562561035,1.989298939704895,1341.3512370419921
5533.0,10.736784934997559,2.321018934249878,1341.578597863001
5534.0,39.42584991455078,2.7417848110198975,1341.7854789639969
5535.0,27.681699752807617,2.7158782482147217,1341.953840680988
5536.0,27.360445022583008,3.670861005783081,1342.1683597739902
5537.0,126.12898254394531,5.727977752685547,1342.3819105750008
5538.0,34.193939208984375,2.8742167949676514,1342.575599658987
5539.0,14.405557632446289,2.372174024581909,1342.7557113369985
5540.0,540.85400390625,19.949277877807617,1342.9580195269955
5541.0,121.805419921875,7.504069805145264,1343.1299509309902
5542.0,32.07439041137695,3.305936813354492,1343.3014221499907
5543.0,19.77277946472168,2.3282742500305176,1343.5125800549868
5544.0,46.25143814086914,2.9372713565826416,1343.7054880069918
5545.0,6.04598331451416,1.2461522817611694,1343.897689002988
5546.0,9.074142456054688,1.4087003469467163,1344.085229475997
5547.0,83.16989135742188,4.785239219665527,1344.3036732170003
5548.0,137.5928497314453,8.233010292053223,1344.495204213992
5549.0,12.338500022888184,2.062711715698242,1344.661126024992
5550.0,62.58124923706055,4.992368698120117,1344.8510475039948
5551.0,60.983402252197266,4.220413684844971,1345.0533003539895
5552.0,12.47901725769043,1.8060429096221924,1345.267501423994
5553.0,45.26886749267578,4.084895610809326,1345.4717183959874
5554.0,11.400555610656738,2.164673089981079,1345.6669267879915
5555.0,5.409063339233398,1.4715532064437866,1345.8911501619878
5556.0,19.170541763305664,2.2797048091888428,1346.1075970219972
5557.0,13.374943733215332,2.228116273880005,1346.291394341999
5558.0,11.857206344604492,1.8116977214813232,1346.487071808995
5559.0,7.798830986022949,1.691024661064148,1346.6791404119867
5560.0,52.02997970581055,3.8546812534332275,1346.9291011829919
5561.0,64.02838134765625,4.244296550750732,1347.1550055839907
5562.0,139.19068908691406,5.794754981994629,1347.3275811159983
5563.0,7.333895206451416,1.485751748085022,1347.5155744629883
5564.0,42.40780258178711,4.163801670074463,1347.6899545329943
5565.0,252.7451629638672,7.720699310302734,1347.865174911989
5566.0,413.6299133300781,17.630577087402344,1348.0578880709945
5567.0,34.922569274902344,2.8518943786621094,1348.253928139995
5568.0,33.416839599609375,3.4336092472076416,1348.4374752969889
5569.0,9.41125202178955,1.7915250062942505,1348.6063137549936
5570.0,49.99968338012695,3.575530767440796,1348.807960028993
5571.0,76.28400421142578,4.116962909698486,1348.9904876090004
5572.0,42.30404281616211,3.232961654663086,1349.1784000319894
5573.0,8.295950889587402,1.7982544898986816,1349.3726268139872
5574.0,11.493946075439453,1.988646388053894,1349.5833887859917
5575.0,26.794658660888672,2.8398799896240234,1349.8146453949885
5576.0,103.24651336669922,6.294795036315918,1349.9720129319903
5577.0,28.922208786010742,3.0103671550750732,1350.1541655819892
5578.0,108.59176635742188,6.057388782501221,1350.3462981229968
5579.0,9.673056602478027,1.574992060661316,1350.5213568309991
5580.0,83.5703353881836,6.6098737716674805,1350.71572749599
5581.0,21.25971031188965,2.3989691734313965,1350.920302447994
5582.0,31.298606872558594,3.5880119800567627,1351.1555784059892
5583.0,9.273826599121094,1.6730899810791016,1351.3738508679962
5584.0,28.387245178222656,2.7095236778259277,1351.5467791189876
5585.0,139.10501098632812,7.297127723693848,1351.7879391909955
5586.0,28.114459991455078,2.590230941772461,1351.9622588369966
5587.0,7.468112945556641,1.8018661737442017,1352.2383313459868
5588.0,7.57066011428833,1.4070663452148438,1352.4532530439901
5589.0,830.7919311523438,20.228559494018555,1352.6207466999913
5590.0,8.731281280517578,1.718342661857605,1352.8302471229981
5591.0,42.9024658203125,3.609351873397827,1353.0178160969954
5592.0,65.01956939697266,4.608701705932617,1353.256893644997
5593.0,18.99933433532715,2.977383852005005,1353.4300543019926
5594.0,24.841392517089844,3.1328372955322266,1353.6210642160004
5595.0,71.99636840820312,4.123644828796387,1353.8483892969962
5596.0,54.269683837890625,2.9825046062469482,1354.0260048729979
5597.0,7.148870468139648,1.178367018699646,1354.2116122259904
5598.0,22.311920166015625,2.8456692695617676,1354.3874172340002
5599.0,7.364728927612305,1.348088264465332,1354.6312510439893
5600.0,29.332040786743164,2.561349630355835,1354.7981679169898
5601.0,18.889692306518555,2.6156768798828125,1360.4207478259923
5602.0,17.482341766357422,2.0155858993530273,1360.5816061369987
5603.0,105.0325927734375,5.60504150390625,1360.7785390709905
5604.0,11.979430198669434,1.8703629970550537,1360.954647036997
5605.0,11.032876014709473,1.755679726600647,1361.15974014299
5606.0,10.320205688476562,1.8188698291778564,1361.324450272994
5607.0,17.19893455505371,2.185823678970337,1361.5474281539937
5608.0,28.339996337890625,2.375678777694702,1361.728948355987
5609.0,39.449989318847656,3.267435312271118,1361.9399412589992
5610.0,83.97185516357422,4.035501956939697,1362.144863013993
5611.0,20.49947738647461,2.429678201675415,1362.3705293789972
5612.0,28.424640655517578,2.892798900604248,1362.5505740419903
5613.0,88.48628997802734,4.176348686218262,1362.766700134991
5614.0,29.09551429748535,3.0042295455932617,1362.977346625994
5615.0,16.0823974609375,1.955261468887329,1363.2199389279995
5616.0,99.84095764160156,5.188431262969971,1363.395084400996
5617.0,243.8824462890625,10.010984420776367,1363.619406963
5618.0,10.780497550964355,1.5548399686813354,1363.7872046669945
5619.0,13.690613746643066,2.621297836303711,1364.0386275859928
5620.0,26.396806716918945,4.085138320922852,1364.2028713979962
5621.0,176.21372985839844,6.9966721534729,1364.3795697889873
5622.0,29.689085006713867,4.322373867034912,1364.5258770079963
5623.0,32.81473159790039,3.6920487880706787,1364.6953933399927
5624.0,143.93125915527344,5.567450046539307,1364.8881948159978
5625.0,7.198464870452881,1.5081557035446167,1365.0575696339947
5626.0,98.14729309082031,7.377633094787598,1365.303138695992
5627.0,38.58027648925781,4.0224480628967285,1365.5007625649887
5628.0,60.05585479736328,3.543846368789673,1365.7691603419953
5629.0,137.05897521972656,7.409706115722656,1365.953036861989
5630.0,30.001758575439453,3.8039803504943848,1366.1471973009902
5631.0,51.24491882324219,4.070042133331299,1366.3418369449937
5632.0,5.027022361755371,1.2894574403762817,1366.5356846379873
5633.0,193.46139526367188,9.548394203186035,1366.7192450809962
5634.0,7.030572891235352,1.2387324571609497,1366.9332725119893
5635.0,83.02485656738281,4.5920844078063965,1367.1773932659999
5636.0,42.528724670410156,3.2285099029541016,1367.346857711993
5637.0,11.530049324035645,2.0837008953094482,1367.5179212309886
5638.0,23.88405990600586,3.2710630893707275,1367.7216289919888
5639.0,11.268304824829102,1.6504840850830078,1367.9361618409894
5640.0,10.656793594360352,1.7969058752059937,1368.1201751929912
5641.0,38.95433044433594,4.521292209625244,1368.302170556999
5642.0,87.96177673339844,4.5277018547058105,1368.485187282
5643.0,26.0166015625,3.555807113647461,1368.6658457589947
5644.0,203.66001892089844,7.068397045135498,1368.8611280839978
5645.0,7.381114482879639,1.4690955877304077,1369.035534812996
5646.0,48.65534210205078,3.5498244762420654,1369.2027559159906
5647.0,25.379980087280273,2.664072036743164,1369.40700990599
5648.0,9.481057167053223,1.7972267866134644,1369.5937943379977
5649.0,32.78834915161133,3.109092950820923,1369.7893002999917
5650.0,14.702688217163086,2.239225387573242,1369.9669530579995
5651.0,9.545395851135254,1.77488374710083,1370.1519372519979
5652.0,794.4644165039062,20.070297241210938,1370.329631486995
5653.0,39.67144775390625,2.933746099472046,1370.5185188869946
5654.0,10.620033264160156,2.066986083984375,1370.69924334799
5655.0,13.329629898071289,2.3921115398406982,1370.9240398279944
5656.0,46.080257415771484,3.848391056060791,1371.1167780779942
5657.0,85.5975341796875,4.664280414581299,1371.3050234669936
5658.0,24.28819465637207,3.2384440898895264,1371.5006013620005
5659.0,32.133365631103516,2.7527525424957275,1371.6743803029967
5660.0,73.78315734863281,4.3414716720581055,1371.856299587991
5661.0,28.548734664916992,3.2788774967193604,1372.047957760995
5662.0,22.068513870239258,2.466151714324951,1372.2288504129974
5663.0,25.635231018066406,3.2034528255462646,1372.403802375993
5664.0,175.85813903808594,9.09614086151123,1372.5851478119876
5665.0,46.741703033447266,3.3978965282440186,1372.776516826998
5666.0,13.946474075317383,2.241204023361206,1372.9710795499996
5667.0,35.987457275390625,3.814074993133545,1373.149243737993
5668.0,15.839393615722656,2.93375301361084,1373.343857253989
5669.0,103.80747985839844,3.8142409324645996,1373.5014257239964
5670.0,25.45467185974121,2.5532150268554688,1373.6866836339905
5671.0,42.19670486450195,3.3435211181640625,1373.911145606995
5672.0,78.94713592529297,5.860778331756592,1374.0978464029904
5673.0,46.13399124145508,4.206440448760986,1374.3095943480002
5674.0,54.99446487426758,4.451761245727539,1374.5008232969994
5675.0,10.448539733886719,1.8607298135757446,1374.6929425729904
5676.0,5.583329200744629,1.5424367189407349,1374.882970613995
5677.0,23.15192413330078,2.616339683532715,1375.0524200679938
5678.0,19.104293823242188,1.8540552854537964,1375.2562723109877
5679.0,178.0343475341797,6.748652458190918,1375.4703521839983
5680.0,9.702651023864746,1.7956801652908325,1375.6527906129922
5681.0,7.49800968170166,1.5713251829147339,1375.8284393489885
5682.0,14.863067626953125,2.253938913345337,1376.0065238229872
5683.0,15.639546394348145,2.701075315475464,1376.224665908987
5684.0,8.660674095153809,1.60304856300354,1376.403758372995
5685.0,82.11897277832031,4.983615398406982,1376.6104263469897
5686.0,14.624427795410156,2.3944051265716553,1376.8051150659885
5687.0,209.83103942871094,9.035601615905762,1377.0268859329954
5688.0,18.810855865478516,2.2184534072875977,1377.2125158999988
5689.0,69.1369857788086,4.857147693634033,1377.4407811109995
5690.0,7.9810471534729,1.5223413705825806,1377.662354354994
5691.0,17.606821060180664,1.552116870880127,1377.877183419987
5692.0,13.7365140914917,1.7412512302398682,1378.0629578319931
5693.0,15.493424415588379,2.3790061473846436,1378.2711510279914
5694.0,17.670644760131836,2.291004180908203,1378.480725381989
5695.0,52.14982223510742,4.3764872550964355,1378.7008144439897
5696.0,5.770930290222168,1.267591953277588,1378.9064165159944
5697.0,34.09329605102539,2.984570264816284,1379.0716154029942
5698.0,430.2228698730469,18.011268615722656,1379.2494373009977
5699.0,33.7339973449707,3.0536110401153564,1379.4716237909888
5700.0,11.843015670776367,1.8494391441345215,1379.6410490779963
5701.0,17.890830993652344,2.5614309310913086,1384.871331944989
5702.0,15.9952392578125,1.8863651752471924,1385.077827628993
5703.0,19.04693031311035,2.360214948654175,1385.2475047269982
5704.0,75.42451477050781,4.694809436798096,1385.4377856429928
5705.0,81.16604614257812,4.442090034484863,1385.6349059099884
5706.0,23.038761138916016,3.2241127490997314,1385.8204447309981
5707.0,42.40159606933594,3.8747036457061768,1386.052270782995
5708.0,35.91341018676758,2.992892265319824,1386.226586602992
5709.0,9.10464859008789,1.8202351331710815,1386.379533356987
5710.0,12.326065063476562,1.6066752672195435,1386.5490430219943
5711.0,65.00790405273438,4.842896938323975,1386.7421650239994
5712.0,23.967880249023438,2.43391489982605,1386.947819729001
5713.0,356.82177734375,16.34950065612793,1387.1273375449964
5714.0,12.700515747070312,2.1848185062408447,1387.3347011959995
5715.0,247.93490600585938,5.228184700012207,1387.5195580869913
5716.0,47.12033462524414,4.234439849853516,1387.775123239
5717.0,20.70208740234375,1.9797656536102295,1388.011340536992
5718.0,129.26817321777344,7.206096649169922,1388.1785265229992
5719.0,32.9859733581543,2.7395694255828857,1388.3491547379963
5720.0,15.831489562988281,2.4065706729888916,1388.5147611079883
5721.0,39.039527893066406,3.6328752040863037,1388.7024420779926
5722.0,22.52069664001465,3.0001959800720215,1388.9032516229927
5723.0,24.621944427490234,2.984117031097412,1389.1059355119942
5724.0,65.80311584472656,4.3442840576171875,1389.3442479139921
5725.0,20.015043258666992,2.7819299697875977,1389.6136361009994
5726.0,52.71219253540039,3.4968223571777344,1389.8445653729868
5727.0,23.738435745239258,2.9623308181762695,1390.0621661109908
5728.0,18.820207595825195,2.357471227645874,1390.2546882030001
5729.0,30.243167877197266,2.6489031314849854,1390.4501312999928
5730.0,79.834228515625,5.170485019683838,1390.6555860949884
5731.0,6.4212822914123535,1.1449052095413208,1390.8581452189974
5732.0,26.24262046813965,1.9929863214492798,1391.0674577409955
5733.0,9.488076210021973,1.6804335117340088,1391.2369459689944
5734.0,18.557804107666016,2.318291187286377,1391.4286181569914
5735.0,12.947754859924316,1.8971747159957886,1391.628260996993
5736.0,6.862752914428711,1.688819408416748,1391.8226162339997
5737.0,7.071952819824219,1.3496793508529663,1392.006227935999
5738.0,29.22622299194336,3.2079339027404785,1392.1872842909943
5739.0,24.364421844482422,3.3039448261260986,1392.3606956789881
5740.0,26.10911750793457,2.128687620162964,1392.5394243909977
5741.0,454.5814514160156,14.003962516784668,1392.7459348849952
5742.0,26.78718376159668,2.9699182510375977,1392.928810145997
5743.0,49.38148498535156,5.450234413146973,1393.1332278359914
5744.0,61.064918518066406,5.118439674377441,1393.309345044996
5745.0,23.197919845581055,2.2083303928375244,1393.5198812559975
5746.0,70.80411529541016,5.925898551940918,1393.7520520649996
5747.0,86.1246566772461,4.987332344055176,1393.9235511219886
5748.0,42.029510498046875,3.3717174530029297,1394.190647712996
5749.0,40.83850860595703,3.22599458694458,1394.3980163879896
5750.0,6.8041672706604,1.4550175666809082,1394.6604301629995
5751.0,5.295875549316406,1.2787200212478638,1394.8897018689895
5752.0,21.660799026489258,2.567885160446167,1395.0561562749936
5753.0,13.150408744812012,2.355285882949829,1395.2688034479943
5754.0,9.617457389831543,1.8310737609863281,1395.4669308349985
5755.0,54.173831939697266,4.052023887634277,1395.656586852987
5756.0,82.93006134033203,4.327905178070068,1395.901416304987
5757.0,23.357282638549805,2.332386016845703,1396.080533564993
5758.0,58.28928756713867,4.552038669586182,1396.2557735349983
5759.0,17.812633514404297,1.8354663848876953,1396.5029947649891
5760.0,8.523564338684082,1.4050028324127197,1396.7036088319874
5761.0,6.726502418518066,1.4009172916412354,1396.892841169989
5762.0,25.33536148071289,2.909039258956909,1397.1349331009988
5763.0,38.97262954711914,2.580533027648926,1397.361393950996
5764.0,32.35676956176758,4.207724571228027,1397.5211512349924
5765.0,414.10394287109375,13.48360538482666,1397.7410580629949
5766.0,7.114415168762207,1.432267665863037,1397.9347408739995
5767.0,28.659399032592773,3.4811673164367676,1398.1197692969872
5768.0,7.84793758392334,1.5839439630508423,1398.3470616159902
5769.0,6.454320430755615,1.6423323154449463,1398.5691878020007
5770.0,107.84461975097656,7.84639310836792,1398.7369197239896
5771.0,112.70841979980469,4.925563812255859,1398.9599524369987
5772.0,7.987496376037598,1.4017083644866943,1399.1669540919975
5773.0,57.14320373535156,4.510209560394287,1399.32794512299
5774.0,10.652050971984863,1.728589653968811,1399.5773199319956
5775.0,12.816682815551758,2.2110304832458496,1399.7524063589954
5776.0,697.0873413085938,22.042879104614258,1399.94972816699
5777.0,47.99525451660156,3.943145990371704,1400.1359455969941
5778.0,64.53077697753906,3.939624547958374,1400.3048318349902
5779.0,19.99148178100586,2.3015542030334473,1400.4563852159918
5780.0,12.199105262756348,1.7764511108398438,1400.6321775649994
5781.0,11.597553253173828,1.9805002212524414,1400.8302825549908
5782.0,56.42812728881836,4.314090251922607,1401.0058305629937
5783.0,11.802807807922363,1.9914920330047607,1401.2268746240006
5784.0,18.7268009185791,2.0983471870422363,1401.4282206849894
5785.0,9.021403312683105,1.649265170097351,1401.617257113001
5786.0,27.316791534423828,2.235008716583252,1401.860901189997
5787.0,20.513633728027344,2.508763551712036,1402.057846101001
5788.0,16.145666122436523,2.4296483993530273,1402.2277118229977
5789.0,64.94429779052734,5.5164947509765625,1402.4301442110009
5790.0,86.1407241821289,5.011660099029541,1402.636756295993
5791.0,81.10971069335938,5.055140018463135,1402.8165639809886
5792.0,19.707801818847656,2.630305528640747,1403.0126794809912
5793.0,86.6341552734375,4.656917572021484,1403.1926784499956
5794.0,49.88100814819336,4.344398021697998,1403.387643930997
5795.0,79.82754516601562,4.2730302810668945,1403.5786428589927
5796.0,29.44704818725586,2.5732080936431885,1403.7568613409967
5797.0,11.672805786132812,1.5207151174545288,1403.9962951529888
5798.0,21.509981155395508,3.3421993255615234,1404.1692031339917
5799.0,11.413919448852539,1.9508929252624512,1404.3381464079866
5800.0,72.11957550048828,4.360750198364258,1404.5684427469969
5801.0,219.0375213623047,9.77161693572998,1409.903443417992
5802.0,109.20597076416016,5.206849575042725,1410.070511414
5803.0,62.82953643798828,4.152473449707031,1410.258337981999
5804.0,91.85688781738281,5.166548252105713,1410.4591142589925
5805.0,72.35054016113281,3.402397394180298,1410.6754948629969
5806.0,7.719152450561523,1.496163249015808,1410.884532008
5807.0,44.30165481567383,3.9618263244628906,1411.0778029529902
5808.0,9.604720115661621,1.6818385124206543,1411.255928226994
5809.0,15.610649108886719,2.6389551162719727,1411.4236762749933
5810.0,6.618635177612305,1.3446003198623657,1411.6120759429905
5811.0,8.789426803588867,1.6350507736206055,1411.7937594289979
5812.0,45.5764045715332,3.2210471630096436,1411.9604404519923
5813.0,8.962621688842773,1.5930432081222534,1412.163666908993
5814.0,26.910634994506836,2.779383897781372,1412.3696270799992
5815.0,14.466546058654785,2.4223124980926514,1412.5576579659974
5816.0,31.072032928466797,2.498823642730713,1412.7612313979917
5817.0,14.726597785949707,2.3575599193573,1412.944852814995
5818.0,7.881020545959473,1.671555995941162,1413.1327054659923
5819.0,6.643319129943848,1.3712313175201416,1413.3096882869868
5820.0,31.48423957824707,2.8984689712524414,1413.5218543980009
5821.0,11.89270305633545,2.135516881942749,1413.731336945988
5822.0,32.78472137451172,2.74703311920166,1413.9063034289866
5823.0,57.85990524291992,3.6927757263183594,1414.1004854369967
5824.0,45.067787170410156,4.3570146560668945,1414.3142037289945
5825.0,48.14701461791992,3.102708101272583,1414.501885544989
5826.0,20.686630249023438,2.7491281032562256,1414.6848122519878
5827.0,517.0721435546875,19.548690795898438,1414.8674939139892
5828.0,70.2442855834961,5.231822967529297,1415.0487745619903
5829.0,15.001111030578613,2.1332921981811523,1415.2424520209897
5830.0,170.50286865234375,8.807364463806152,1415.41695586899
5831.0,28.981782913208008,3.1093032360076904,1415.5928290829906
5832.0,16.100866317749023,2.431039571762085,1415.7676711469976
5833.0,18.66069221496582,2.595745086669922,1415.9870938659878
5834.0,44.80339431762695,2.842294454574585,1416.185132019993
5835.0,26.244264602661133,2.899317979812622,1416.3676909869973
5836.0,162.5538787841797,6.942549705505371,1416.5433446839888
5837.0,38.87281036376953,4.527194499969482,1416.735098568999
5838.0,174.97592163085938,5.8708271980285645,1416.9216424579936
5839.0,46.701080322265625,3.5722427368164062,1417.130224604989
5840.0,14.006661415100098,2.219937324523926,1417.326197603994
5841.0,28.89125633239746,3.9181621074676514,1417.5177714039892
5842.0,33.64443588256836,2.697296619415283,1417.711308523998
5843.0,7.043430805206299,1.4168825149536133,1417.8963781329949
5844.0,57.676422119140625,4.337427616119385,1418.085271375996
5845.0,62.42927932739258,4.081103324890137,1418.261674917987
5846.0,6.770474433898926,1.6394948959350586,1418.4490237739956
5847.0,53.007911682128906,3.9076218605041504,1418.6613763109926
5848.0,23.67616844177246,2.9744772911071777,1418.8457211149944
5849.0,15.694204330444336,2.663712739944458,1419.029404528992
5850.0,207.43743896484375,11.657904624938965,1419.216390275993
5851.0,29.211692810058594,2.5358262062072754,1419.4012664929905
5852.0,85.44254302978516,5.638167381286621,1419.5858617549966
5853.0,3.650015354156494,0.974402666091919,1419.7693801739952
5854.0,36.303672790527344,2.995619058609009,1419.9607040429983
5855.0,12.240201950073242,2.1151041984558105,1420.1641737280006
5856.0,33.24972915649414,3.396960496902466,1420.3484944519878
5857.0,8.04057502746582,1.5636050701141357,1420.5327310659923
5858.0,226.83106994628906,7.353006362915039,1420.7091455899936
5859.0,18.540307998657227,2.7205307483673096,1420.9066608889989
5860.0,36.10093307495117,2.8522391319274902,1421.147357785987
5861.0,30.983715057373047,2.6465320587158203,1421.3672824690002
5862.0,30.100975036621094,2.448115110397339,1421.5521605459944
5863.0,5.752334117889404,1.5655487775802612,1421.7644404549937
5864.0,7.766149997711182,1.493809700012207,1421.9820225820004
5865.0,11.240289688110352,1.8658877611160278,1422.220706866996
5866.0,8.430078506469727,1.7221331596374512,1422.403921797988
5867.0,95.46041107177734,5.542448997497559,1422.5771614299883
5868.0,42.2667350769043,3.3835160732269287,1422.7761655829963
5869.0,17.626005172729492,2.360060930252075,1422.93327588799
5870.0,27.90233039855957,2.7056262493133545,1423.1121768629964
5871.0,62.378665924072266,3.9192211627960205,1423.338526840991
5872.0,8.082191467285156,1.605940580368042,1423.5120758659905
5873.0,27.311595916748047,2.840021848678589,1423.6885934399907
5874.0,280.42559814453125,11.109537124633789,1423.8700901369884
5875.0,7.210075855255127,1.572278380393982,1424.0662628049904
5876.0,44.26277160644531,3.5048975944519043,1424.2595210559957
5877.0,12.50269889831543,2.162301540374756,1424.438529002
5878.0,49.80701446533203,3.1322758197784424,1424.5949478859984
5879.0,37.48458480834961,3.625911235809326,1424.7707624009927
5880.0,499.2744445800781,15.172916412353516,1424.9556086079974
5881.0,10.790142059326172,2.1971659660339355,1425.126843672988
5882.0,11.853252410888672,2.1440553665161133,1425.3234387669945
5883.0,71.64688110351562,3.2427728176116943,1425.5078057639912
5884.0,8.237713813781738,1.5140933990478516,1425.6780902030005
5885.0,28.042335510253906,2.5554792881011963,1425.873543416994
5886.0,409.2048034667969,13.650218963623047,1426.102188452991
5887.0,37.57660675048828,3.537546157836914,1426.2718243099953
5888.0,53.197059631347656,5.117879867553711,1426.4460938859993
5889.0,3.6018178462982178,1.0522371530532837,1426.6487193829962
5890.0,11.883305549621582,2.415477991104126,1426.8343240719987
5891.0,27.584569931030273,2.8382742404937744,1427.0106403859972
5892.0,47.668907165527344,3.546766519546509,1427.2002554339997
5893.0,45.63084030151367,3.444183588027954,1427.378266374988
5894.0,33.45691680908203,3.3564469814300537,1427.549893700998
5895.0,85.7038345336914,4.338508605957031,1427.745549637999
5896.0,9.107391357421875,1.5107271671295166,1427.9427430879878
5897.0,5.332525253295898,1.1894229650497437,1428.1268125299976
5898.0,13.622169494628906,2.1316757202148438,1428.3697322829976
5899.0,15.198567390441895,2.2078566551208496,1428.5717737829982
5900.0,18.87818717956543,1.87924063205719,1428.8793162399961
5901.0,54.772621154785156,2.9955661296844482,1436.8102402349905
5902.0,45.51972579956055,4.1697611808776855,1436.99981354599
5903.0,9.801752090454102,1.4632904529571533,1437.1707497429888
5904.0,17.208965301513672,2.406158924102783,1437.3809914049925
5905.0,100.76766967773438,7.5173821449279785,1437.5768718209874
5906.0,92.18032836914062,6.336225986480713,1437.75436101199
5907.0,196.49998474121094,7.785569667816162,1437.9539190969954
5908.0,15.814428329467773,2.206408739089966,1438.1193769179954
5909.0,31.733335494995117,3.6694624423980713,1438.2834219189972
5910.0,9.150676727294922,1.5726622343063354,1438.4850194639876
5911.0,51.20150375366211,3.4375884532928467,1438.6718812809995
5912.0,125.12838745117188,5.205776691436768,1438.8497460679937
5913.0,21.890365600585938,2.5311765670776367,1439.0137054929946
5914.0,69.0239028930664,3.5992071628570557,1439.189240887994
5915.0,57.58055877685547,4.300373077392578,1439.3602238699968
5916.0,31.67652130126953,3.435060739517212,1439.5816894029995
5917.0,6.91617488861084,1.4025421142578125,1439.7403108059953
5918.0,14.192143440246582,2.207695960998535,1439.9259095159941
5919.0,209.93502807617188,9.859403610229492,1440.129488090999
5920.0,11.071274757385254,1.7723958492279053,1440.3024630849977
5921.0,17.234140396118164,2.536036252975464,1440.4984782159881
5922.0,9.707558631896973,1.8171601295471191,1440.7008124229906
5923.0,10.907188415527344,1.5477789640426636,1440.883688018992
5924.0,19.53769874572754,2.2086684703826904,1441.090391102989
5925.0,7.609699726104736,1.5162159204483032,1441.3008780479868
5926.0,11.164655685424805,2.3600900173187256,1441.4669455719995
5927.0,8.402657508850098,1.952570915222168,1441.6709050069912
5928.0,6.3728156089782715,1.6191474199295044,1441.8344490119925
5929.0,11.740744590759277,2.0291531085968018,1442.0220953949902
5930.0,20.323055267333984,2.8107125759124756,1442.2083522559988
5931.0,203.48069763183594,6.720839500427246,1442.3816142750002
5932.0,56.39090347290039,3.1420178413391113,1442.5719032609923
5933.0,30.483184814453125,2.599203109741211,1442.7723865229927
5934.0,244.93145751953125,8.804570198059082,1442.9414128579956
5935.0,10.53103256225586,2.142073154449463,1443.1740641109936
5936.0,94.67393493652344,4.389193534851074,1443.3698638679925
5937.0,40.72230529785156,3.3359885215759277,1443.5281270679989
5938.0,12.276385307312012,2.2224013805389404,1443.7069304129982
5939.0,40.95668411254883,3.3395838737487793,1443.888828422001
5940.0,67.25325012207031,5.452998638153076,1444.2503136559972
5941.0,12.132084846496582,1.7379642724990845,1444.4157340329984
5942.0,11.536022186279297,2.018859386444092,1444.611340561998
5943.0,45.75269317626953,4.768620014190674,1444.7775594369887
5944.0,943.0701904296875,25.958587646484375,1444.9474106569978
5945.0,22.37915802001953,2.72617244720459,1445.157054774987
5946.0,22.728839874267578,2.7903356552124023,1445.3153455899883
5947.0,7.817620754241943,1.5873337984085083,1445.5371604989923
5948.0,57.0535888671875,5.063070774078369,1445.750590316995
5949.0,59.33048629760742,4.99648904800415,1445.961322807998
5950.0,14.449203491210938,2.4747214317321777,1446.1412344199925
5951.0,17.316556930541992,2.3988163471221924,1446.3317068679899
5952.0,15.478878021240234,2.317984104156494,1446.4955527569982
5953.0,6.389313697814941,1.3425015211105347,1446.694561544995
5954.0,10.731310844421387,1.684138298034668,1446.875951539987
5955.0,49.022552490234375,3.578648328781128,1447.093060247993
5956.0,71.68755340576172,5.124449729919434,1447.2461800159945
5957.0,24.570098876953125,2.515773057937622,1447.4116424549866
5958.0,20.714200973510742,2.3607418537139893,1447.6070344599866
5959.0,146.89764404296875,3.883061170578003,1447.780525366994
5960.0,139.1750030517578,8.14942455291748,1447.9784427989944
5961.0,13.373337745666504,1.7088713645935059,1448.175052519
5962.0,23.462093353271484,3.0667359828948975,1448.3627260039939
5963.0,9.024157524108887,1.7903108596801758,1448.588160387997
5964.0,5.714879035949707,1.2644834518432617,1448.7884782170004
5965.0,54.92857360839844,5.052812099456787,1448.97436177099
5966.0,10.028374671936035,1.6384955644607544,1449.1949072610005
5967.0,6.716823577880859,1.6111148595809937,1449.3608944759908
5968.0,59.64823913574219,4.4457316398620605,1449.5551977809955
5969.0,19.710046768188477,2.3422439098358154,1449.7406622339913
5970.0,56.030338287353516,3.8942272663116455,1449.9152547749982
5971.0,305.4488830566406,15.29465389251709,1450.192779140998
5972.0,9.06610107421875,1.641440987586975,1450.3712343819934
5973.0,10.231124877929688,1.5079959630966187,1450.5826021209941
5974.0,59.10121154785156,4.000728607177734,1450.863913438996
5975.0,48.35685729980469,4.322168350219727,1451.0342803799867
5976.0,205.28176879882812,7.455564498901367,1451.2375983139937
5977.0,27.694372177124023,3.359832286834717,1451.418266896988
5978.0,20.905033111572266,2.751168966293335,1451.6384644939972
5979.0,6.987456798553467,1.4435694217681885,1451.8610077669873
5980.0,225.51126098632812,9.673495292663574,1452.0488017499883
5981.0,37.4833869934082,2.9570281505584717,1452.2634524239984
5982.0,85.46044158935547,6.737267017364502,1452.450971141996
5983.0,81.74966430664062,6.00197172164917,1452.6401172990008
5984.0,132.54031372070312,7.466608047485352,1452.836825143997
5985.0,27.1629695892334,3.8304848670959473,1453.0267612719908
5986.0,17.25048065185547,2.380586624145508,1453.2202533399977
5987.0,7.785696029663086,1.474084496498108,1453.4513024269982
5988.0,34.8291130065918,3.114551067352295,1453.631049964999
5989.0,72.43878173828125,5.308103561401367,1453.822707356987
5990.0,51.3805046081543,3.696518659591675,1454.0144500129973
5991.0,7.667039394378662,1.5442638397216797,1454.199488430997
5992.0,33.49057388305664,2.818032741546631,1454.4063097649923
5993.0,41.452056884765625,4.181807041168213,1454.6062205479975
5994.0,7.3451738357543945,1.4327210187911987,1454.797711413994
5995.0,36.69453811645508,3.8439645767211914,1454.9806900359981
5996.0,45.05051803588867,3.5152761936187744,1455.2284385409876
5997.0,30.509695053100586,2.915250778198242,1455.4309288989898
5998.0,88.35006713867188,5.383039951324463,1455.6297959119984
5999.0,21.81791114807129,1.913267731666565,1455.8489286679978
6000.0,10.76457405090332,1.9337161779403687,1456.0540972649906
6001.0,6.9871296882629395,1.46412193775177,1461.6607061129907
6002.0,24.669639587402344,2.39591908454895,1461.8343166839913
6003.0,191.61273193359375,8.223689079284668,1462.0115523279965
6004.0,38.449462890625,4.12081241607666,1462.2095671049901
6005.0,17.551189422607422,2.6446142196655273,1462.400710875998
6006.0,9.840775489807129,1.6906230449676514,1462.575170117998
6007.0,80.43527221679688,4.103594779968262,1462.7483070319868
6008.0,184.28164672851562,7.665274620056152,1462.9392411969893
6009.0,6.574026584625244,1.360966682434082,1463.1172531139891
6010.0,36.79559326171875,3.6861538887023926,1463.2997866529913
6011.0,39.158546447753906,3.061408042907715,1463.5044938349893
6012.0,33.55267333984375,2.8626816272735596,1463.690839663992
6013.0,74.42444610595703,4.0141777992248535,1463.861533407995
6014.0,46.7142219543457,3.389860153198242,1464.0405686759914
6015.0,63.55056381225586,4.044878005981445,1464.2222482969955
6016.0,130.62583923339844,5.285994529724121,1464.4088303339959
6017.0,24.145681381225586,2.669736862182617,1464.5824179979973
6018.0,6.797162055969238,1.4110052585601807,1464.752412707996
6019.0,19.1290283203125,2.372917890548706,1464.940640239991
6020.0,9.750777244567871,1.5272101163864136,1465.119445313001
6021.0,78.241455078125,5.243729591369629,1465.2993493889953
6022.0,57.12527084350586,3.9805898666381836,1465.4779171679984
6023.0,93.45600891113281,5.742419719696045,1465.6540168029896
6024.0,63.56259536743164,4.183099746704102,1465.8345947079943
6025.0,43.28407287597656,3.7217230796813965,1466.0115712539991
6026.0,29.355873107910156,2.761993169784546,1466.1843310959957
6027.0,14.134101867675781,1.901491403579712,1466.361895954993
6028.0,719.164794921875,20.206174850463867,1466.5868424209912
6029.0,34.04790496826172,2.848414421081543,1466.7877507069934
6030.0,36.06321334838867,2.7952349185943604,1466.9903241110005
6031.0,94.8798828125,4.766559600830078,1467.1873124619888
6032.0,39.03347396850586,2.8247132301330566,1467.3846892969887
6033.0,18.531509399414062,2.322859287261963,1467.5774907349987
6034.0,5.810846328735352,1.2831372022628784,1467.7840483509935
6035.0,25.0878963470459,2.544520854949951,1467.9626609829866
6036.0,7.412763595581055,1.4896152019500732,1468.1563039589964
6037.0,11.625532150268555,2.0384294986724854,1468.3400414849893
6038.0,12.923269271850586,2.0282576084136963,1468.5401169609977
6039.0,9.820941925048828,1.5950028896331787,1468.720899982989
6040.0,75.99833679199219,3.6948301792144775,1468.8855617679947
6041.0,15.016617774963379,2.4841268062591553,1469.060375121
6042.0,91.78924560546875,4.845531940460205,1469.25909589199
6043.0,41.665164947509766,2.8671953678131104,1469.4658539869997
6044.0,14.176636695861816,1.983180046081543,1469.6532376299874
6045.0,13.176514625549316,2.267401933670044,1469.8520870759967
6046.0,18.542451858520508,2.767042398452759,1470.0450886219915
6047.0,84.2997817993164,4.541561126708984,1470.2467885379883
6048.0,12.076969146728516,2.148715019226074,1470.439738946996
6049.0,65.20050048828125,6.0370588302612305,1470.60379904999
6050.0,16.899625778198242,2.3521804809570312,1470.7845827899873
6051.0,10.341069221496582,1.8251800537109375,1470.9866831959953
6052.0,5.407807350158691,1.4860013723373413,1471.1652070909913
6053.0,31.301015853881836,3.592186212539673,1471.340522857994
6054.0,15.63884162902832,2.186150074005127,1471.5514402489935
6055.0,242.42300415039062,9.281209945678711,1471.7281179899874
6056.0,161.38931274414062,6.61814022064209,1471.9285947979952
6057.0,21.812326431274414,2.296661138534546,1472.1058169769967
6058.0,24.552837371826172,2.989670753479004,1472.3072510789934
6059.0,22.931772232055664,2.0855939388275146,1472.484410071993
6060.0,13.569439888000488,2.1232478618621826,1472.66465835899
6061.0,28.821264266967773,2.64579176902771,1472.8563737699878
6062.0,16.635957717895508,2.9356603622436523,1473.0582792019995
6063.0,97.49089813232422,7.0741071701049805,1473.2296127219888
6064.0,48.143272399902344,4.214466571807861,1473.4353122439934
6065.0,19.42950439453125,2.38907790184021,1473.693210100988
6066.0,51.43195343017578,3.3866732120513916,1474.8322145069978
6067.0,25.257984161376953,2.5337774753570557,1475.9608948620007
6068.0,11.059222221374512,1.3087208271026611,1476.7922716850007
6069.0,9.83519172668457,2.119917392730713,1476.970850860991
6070.0,37.474849700927734,2.574228525161743,1477.148532264997
6071.0,762.7736206054688,19.800411224365234,1477.341383875988
6072.0,18.162504196166992,2.5923736095428467,1477.528417436988
6073.0,47.487606048583984,3.425762414932251,1477.7288626129885
6074.0,36.29658508300781,4.513479232788086,1477.9169947509945
6075.0,201.41427612304688,7.466166973114014,1478.1329658869945
6076.0,50.90388488769531,3.8942339420318604,1478.3376647659898
6077.0,54.73359680175781,4.870001316070557,1478.5478310929902
6078.0,9.976275444030762,1.5771561861038208,1478.7260199929879
6079.0,52.16029739379883,3.5834903717041016,1478.9039200069965
6080.0,20.722261428833008,2.23907732963562,1479.078115034994
6081.0,113.38642120361328,7.504776954650879,1479.2497353959916
6082.0,37.520084381103516,2.8600921630859375,1479.4272125299904
6083.0,696.0726928710938,22.34425163269043,1479.6172480019886
6084.0,102.83251190185547,4.998466491699219,1479.8173770869907
6085.0,13.471704483032227,1.963431477546692,1480.0050844289945
6086.0,8.898303985595703,2.1003170013427734,1480.2140631749935
6087.0,72.76616668701172,4.598297119140625,1480.3870548849955
6088.0,9.997391700744629,2.129697561264038,1480.5542842559953
6089.0,64.40785217285156,5.021190643310547,1480.7292772949877
6090.0,81.70707702636719,4.387506484985352,1480.909151918997
6091.0,51.79593276977539,4.014698028564453,1481.0843391959934
6092.0,38.0413818359375,3.725029706954956,1481.267224272
6093.0,13.552886962890625,2.083296298980713,1481.4306829129928
6094.0,9.73868465423584,1.62708580493927,1481.6120109199983
6095.0,10.92844009399414,2.131992816925049,1481.7795004799991
6096.0,60.69847106933594,5.766327857971191,1481.9706795429956
6097.0,10.431583404541016,1.7295544147491455,1482.1419154879986
6098.0,10.744156837463379,1.7664071321487427,1482.3216160989978
6099.0,7.512303829193115,1.5087921619415283,1482.5125380809914
6100.0,50.91801452636719,3.9191713333129883,1482.6851424529887
6101.0,6.481317043304443,1.3331096172332764,1487.7802835019975
6102.0,9.274264335632324,1.9244258403778076,1487.9462867659895
6103.0,198.7119140625,9.84523868560791,1488.198200971994
6104.0,7.342254161834717,1.1261818408966064,1488.381801438998
6105.0,46.19735336303711,4.157131195068359,1488.5596796559985
6106.0,44.14051055908203,2.710214853286743,1488.7763607300003
6107.0,68.95037078857422,6.419229507446289,1488.9796526539867
6108.0,72.28253936767578,6.553894519805908,1489.1517792489904
6109.0,6.420517921447754,1.4881449937820435,1489.373896591991
6110.0,24.86382293701172,2.322687864303589,1489.5377910009993
6111.0,21.657245635986328,2.645277500152588,1489.7484794449992
6112.0,22.00347900390625,2.5229299068450928,1489.923674687001
6113.0,36.98438262939453,3.1833817958831787,1490.0871038109908
6114.0,15.7315034866333,2.117035150527954,1490.2601368679898
6115.0,61.256099700927734,3.6962058544158936,1490.435122955998
6116.0,31.694995880126953,3.9230189323425293,1490.6403162959905
6117.0,7.589869976043701,1.6534755229949951,1490.8263027779903
6118.0,7.9350504875183105,1.524839997291565,1491.0011922089907
6119.0,27.323583602905273,3.033919095993042,1491.1435719849978
6120.0,17.95078468322754,2.553574562072754,1491.3079972220003
6121.0,30.041723251342773,3.3860037326812744,1491.4763124539895
6122.0,20.947511672973633,2.405369520187378,1491.6380786749942
6123.0,28.137163162231445,2.6668879985809326,1491.8311986889894
6124.0,14.963482856750488,2.0852532386779785,1491.9978723419918
6125.0,7.675353527069092,1.4387359619140625,1492.2189848109992
6126.0,29.343175888061523,3.866924524307251,1492.4012890829908
6127.0,36.25707244873047,2.5609488487243652,1492.586207862987
6128.0,17.665817260742188,1.898687720298767,1492.880588282991
6129.0,8.46599292755127,1.6873481273651123,1493.1204271259921
6130.0,42.557655334472656,3.518440008163452,1493.3356235609972
6131.0,23.464086532592773,3.744936466217041,1493.4915696899989
6132.0,30.74000358581543,3.135986804962158,1493.8029222139885
6133.0,43.13451385498047,3.338407516479492,1493.9989314549894
6134.0,77.22965240478516,4.516833305358887,1494.169234269997
6135.0,24.66657257080078,2.7506263256073,1494.3444982189976
6136.0,29.802936553955078,3.3927762508392334,1494.5118609759957
6137.0,32.63345718383789,3.3420538902282715,1494.7122717259917
6138.0,150.9668731689453,8.301196098327637,1494.9071712859877
6139.0,56.181854248046875,3.8974525928497314,1495.0978506159881
6140.0,22.181917190551758,2.535127639770508,1495.3181918079936
6141.0,177.18312072753906,6.549277305603027,1495.4794557519926
6142.0,69.43331909179688,4.272935390472412,1495.669948041992
6143.0,47.8437385559082,4.325085163116455,1495.8567565039993
6144.0,4.950075626373291,1.2229222059249878,1496.0552337309928
6145.0,28.62336540222168,3.289147138595581,1496.2535226629989
6146.0,4.590374946594238,1.178784966468811,1496.451371638992
6147.0,6.9455084800720215,1.6952853202819824,1496.626732587989
6148.0,73.05709838867188,4.73388147354126,1496.8356767169898
6149.0,80.83649444580078,5.263833045959473,1497.016666771
6150.0,16.682729721069336,2.6234240531921387,1497.2006360779924
6151.0,50.10039520263672,3.830519199371338,1497.415940824998
6152.0,22.72718048095703,2.5119168758392334,1497.598728441997
6153.0,153.4492645263672,8.194847106933594,1497.7700009059918
6154.0,73.18064880371094,5.681972503662109,1497.9694048219972
6155.0,12.852986335754395,2.3393759727478027,1498.1564248359937
6156.0,27.443866729736328,3.0402538776397705,1498.3335164960008
6157.0,11.585291862487793,2.3666677474975586,1498.5203789049992
6158.0,12.35057544708252,1.961923599243164,1498.7235577309912
6159.0,25.437501907348633,2.9843156337738037,1498.907865989997
6160.0,9.505850791931152,1.5992251634597778,1499.075833114999
6161.0,4.967135906219482,1.1651718616485596,1499.2744877779915
6162.0,20.082765579223633,2.053046703338623,1499.4794381179963
6163.0,10.500730514526367,1.9144361019134521,1499.662897391987
6164.0,55.38583755493164,3.6539294719696045,1499.849501839999
6165.0,10.557454109191895,2.344947338104248,1500.052843198995
6166.0,272.41986083984375,9.89480972290039,1500.2430832729879
6167.0,8.996662139892578,1.5898103713989258,1500.4344026649924
6168.0,198.60728454589844,7.503500938415527,1500.6276610529894
6169.0,42.48118591308594,3.372619867324829,1500.8416654850007
6170.0,96.23531341552734,4.749711990356445,1501.0239730869944
6171.0,37.88710021972656,3.4367902278900146,1501.2102527679963
6172.0,16.962692260742188,2.4689688682556152,1501.380400516995
6173.0,20.12899398803711,2.1234688758850098,1501.562279602993
6174.0,8.778396606445312,1.6339882612228394,1501.7544225479942
6175.0,22.700660705566406,2.9707581996917725,1501.940551642998
6176.0,9.067292213439941,1.882228970527649,1502.1263300959981
6177.0,24.58194351196289,2.9394216537475586,1502.2929459559964
6178.0,227.32557678222656,11.355545043945312,1502.4790888509888
6179.0,35.14546585083008,3.135803699493408,1502.687711638995
6180.0,11.486495018005371,1.7568268775939941,1502.8741342219873
6181.0,55.820369720458984,3.728292226791382,1503.0657537869993
6182.0,29.65888214111328,2.705296277999878,1503.2604305569985
6183.0,63.641117095947266,4.905985355377197,1503.4439686659898
6184.0,12.1131591796875,2.040937900543213,1503.6364759709977
6185.0,6.164646148681641,1.5175155401229858,1503.8204362779943
6186.0,7.57731294631958,1.594326376914978,1504.0151295589894
6187.0,5.611823081970215,1.1585261821746826,1504.1910996199877
6188.0,25.732046127319336,2.4679324626922607,1504.3722889769997
6189.0,152.59544372558594,4.0423383712768555,1504.560600840996
6190.0,12.089149475097656,2.0684103965759277,1504.7466947020002
6191.0,7.166054725646973,1.6324435472488403,1504.929935948996
6192.0,12.915946006774902,1.9103564023971558,1505.1131306549942
6193.0,73.87066650390625,5.065886974334717,1505.297655199989
6194.0,36.0599479675293,3.0404880046844482,1505.463292097993
6195.0,22.984487533569336,3.4874777793884277,1505.6596542829939
6196.0,74.37987518310547,5.453630447387695,1505.8414569549932
6197.0,86.33802795410156,4.964738368988037,1506.006020101995
6198.0,64.98969268798828,5.10266637802124,1506.1789304720005
6199.0,110.59294891357422,5.219482421875,1506.3598621239944
6200.0,8.311683654785156,1.7389671802520752,1506.5510791470006
6201.0,27.819433212280273,2.596623420715332,1511.1047369269945
6202.0,7.050802230834961,1.4240708351135254,1511.2821486989997
6203.0,33.96003723144531,3.107961654663086,1511.472937212995
6204.0,31.489593505859375,4.05848503112793,1511.6948781539977
6205.0,42.87458038330078,3.1866157054901123,1511.8754417249875
6206.0,46.49197769165039,4.657836437225342,1512.0541299279867
6207.0,20.950593948364258,2.401177167892456,1512.5081767329975
6208.0,113.23787689208984,4.995067119598389,1513.6307888559968
6209.0,19.10590171813965,2.9246463775634766,1514.9332261319942
6210.0,17.228002548217773,2.4435970783233643,1515.4111341969983
6211.0,5.194803714752197,1.2191954851150513,1515.617047984997
6212.0,29.396442413330078,2.6383368968963623,1515.8125273709884
6213.0,41.29575729370117,4.166059494018555,1515.9976252959896
6214.0,10.113180160522461,1.6824105978012085,1516.18250824399
6215.0,7.680342674255371,1.4909977912902832,1516.3612433569942
6216.0,685.66162109375,18.21291160583496,1516.5446177659906
6217.0,14.002628326416016,1.981787919998169,1516.7335120719945
6218.0,68.98532104492188,4.825461387634277,1516.9009305509971
6219.0,24.660602569580078,2.639523506164551,1517.0818440899893
6220.0,4.642338275909424,1.175145149230957,1517.2644280779932
6221.0,8.024401664733887,1.6234384775161743,1517.4487803289958
6222.0,61.95441436767578,4.2010016441345215,1517.6198918579903
6223.0,37.61910629272461,3.3555335998535156,1517.8032757959882
6224.0,12.549779891967773,2.1115198135375977,1517.9942246299906
6225.0,13.471336364746094,2.3927838802337646,1518.1744120899966
6226.0,8.69127368927002,1.6801706552505493,1518.348096413989
6227.0,76.2969970703125,4.7640910148620605,1518.5207125269953
6228.0,38.2933464050293,2.9104244709014893,1518.692275600988
6229.0,58.494930267333984,3.3775627613067627,1518.8628797059937
6230.0,5.701226711273193,1.2343071699142456,1519.0619683459954
6231.0,25.349458694458008,2.825286388397217,1519.256106322995
6232.0,41.34077453613281,3.279939651489258,1519.4446457339945
6233.0,17.347217559814453,2.4006872177124023,1519.6266308279883
6234.0,445.3173522949219,18.163101196289062,1519.8615645519894
6235.0,20.31700325012207,2.4580652713775635,1520.0271808389953
6236.0,36.265411376953125,3.883538007736206,1520.2187691709987
6237.0,48.17560577392578,3.92710018157959,1520.3989517289883
6238.0,12.161002159118652,2.0483360290527344,1520.5996786449978
6239.0,51.222930908203125,4.899647235870361,1520.7880271899921
6240.0,95.07594299316406,4.527574062347412,1520.9640542319976
6241.0,24.799089431762695,2.8988842964172363,1521.1590119299944
6242.0,16.628799438476562,2.249115467071533,1521.39046408399
6243.0,5.020773410797119,1.3157947063446045,1521.607533055998
6244.0,8.657088279724121,1.6489914655685425,1521.799644268991
6245.0,114.42806243896484,4.357601642608643,1521.9877222669893
6246.0,37.489524841308594,3.5219943523406982,1522.1651137139997
6247.0,31.073196411132812,2.978116750717163,1522.328630412987
6248.0,54.71117401123047,4.549370765686035,1522.4927443679917
6249.0,58.05801773071289,4.228805065155029,1522.6590728339943
6250.0,6.861239433288574,1.3560575246810913,1522.838407614996
6251.0,11.140243530273438,1.9644805192947388,1523.0195374089963
6252.0,26.35810089111328,2.9324746131896973,1523.2027457299992
6253.0,74.4993896484375,3.2633495330810547,1523.376761262989
6254.0,5.324768543243408,1.1748974323272705,1523.5614620319975
6255.0,11.044837951660156,2.4699714183807373,1523.737770430991
6256.0,66.06725311279297,3.5279040336608887,1523.933751782999
6257.0,24.097129821777344,3.6253747940063477,1524.1055593709898
6258.0,22.48827362060547,2.6622424125671387,1524.2817960769898
6259.0,22.437646865844727,3.058075189590454,1524.4835534909944
6260.0,44.89229202270508,3.4131054878234863,1524.6654120780004
6261.0,376.185546875,16.622047424316406,1524.8519410559966
6262.0,53.92185592651367,4.981166362762451,1525.0437277539895
6263.0,31.175029754638672,3.4793825149536133,1525.2185891139961
6264.0,22.80181121826172,2.953352451324463,1525.4229302389867
6265.0,39.72877883911133,2.958972930908203,1525.6363793939963
6266.0,8.93703556060791,1.509209394454956,1525.8003676489898
6267.0,22.837329864501953,2.6225662231445312,1526.0015808979952
6268.0,36.64173126220703,3.139190196990967,1526.1654479999997
6269.0,43.14342498779297,3.505662202835083,1526.3821188189904
6270.0,31.199356079101562,2.6764297485351562,1526.6002891739918
6271.0,21.962692260742188,2.5816738605499268,1526.7961828080006
6272.0,8.795193672180176,1.7080447673797607,1526.9828156719886
6273.0,36.088218688964844,2.7668368816375732,1527.1970803619915
6274.0,48.33246994018555,4.787168502807617,1527.3523545179924
6275.0,32.767704010009766,2.825007200241089,1527.5533332449995
6276.0,12.486669540405273,2.1202383041381836,1527.7379226739868
6277.0,86.79081726074219,4.898772239685059,1527.8993800239987
6278.0,10.109463691711426,1.6907798051834106,1528.1096991699887
6279.0,7.038631916046143,1.4544930458068848,1528.313149470996
6280.0,5.930377960205078,1.301832675933838,1528.4893780529965
6281.0,11.533358573913574,2.0417609214782715,1528.7172414629895
6282.0,38.52958679199219,2.372896671295166,1528.8860662389925
6283.0,45.306697845458984,3.5974578857421875,1529.0718615279911
6284.0,42.03399658203125,3.370464324951172,1529.2929484869965
6285.0,7.108564853668213,1.4633592367172241,1529.4612652069918
6286.0,63.441307067871094,4.822619915008545,1529.6661199730006
6287.0,12.967896461486816,1.6754721403121948,1529.883430263988
6288.0,463.7509765625,14.743416786193848,1530.0517189089878
6289.0,5.370398998260498,1.2483927011489868,1530.2168791869917
6290.0,29.177730560302734,3.009457588195801,1530.3740756059997
6291.0,10.465776443481445,1.8241196870803833,1530.5543235109944
6292.0,10.52374267578125,1.9242937564849854,1530.7325811459887
6293.0,38.25975799560547,3.045738697052002,1530.9049165299948
6294.0,56.829254150390625,4.095341205596924,1531.0910199649952
6295.0,165.37745666503906,5.673821926116943,1531.255930416999
6296.0,6.542515754699707,1.3410569429397583,1531.4746679149976
6297.0,297.1303405761719,9.367790222167969,1531.6657390949986
6298.0,109.19038391113281,5.584201812744141,1531.8514214949973
6299.0,6.0616960525512695,1.5070363283157349,1532.0786442479875
6300.0,5.264400482177734,1.0161079168319702,1532.252303685993
6301.0,33.661109924316406,4.274292469024658,1537.3862766809907
6302.0,19.972082138061523,2.016130208969116,1537.549752737992
6303.0,56.53424072265625,4.029821872711182,1537.755009695
6304.0,33.13695526123047,2.974576234817505,1537.9281682879955
6305.0,10.30693244934082,1.8083661794662476,1538.100801209992
6306.0,12.583592414855957,2.0916247367858887,1538.2735007390002
6307.0,20.069149017333984,2.969609260559082,1538.4576399609941
6308.0,8.974379539489746,1.661732792854309,1538.6351731979958
6309.0,79.46232604980469,4.008691310882568,1538.8337410940003
6310.0,35.12494659423828,3.266359329223633,1539.0396578340005
6311.0,14.30774211883545,1.9676499366760254,1539.2220751569985
6312.0,9.814884185791016,1.6475752592086792,1539.3866544899938
6313.0,20.936372756958008,3.098130226135254,1539.5681768729992
6314.0,7.45099401473999,1.4768716096878052,1539.7744353449962
6315.0,42.490230560302734,3.842933416366577,1539.9566425209923
6316.0,20.277952194213867,2.2451610565185547,1540.1302984020003
6317.0,204.7330780029297,11.233266830444336,1540.316916879994
6318.0,163.88949584960938,8.662145614624023,1540.507513088989
6319.0,42.912750244140625,2.787405490875244,1540.678756384994
6320.0,7.606934070587158,1.4110251665115356,1540.859764058987
6321.0,5.946283340454102,1.4913692474365234,1541.046148755995
6322.0,7.21226167678833,1.430141806602478,1541.2607555939903
6323.0,55.3902473449707,3.877983808517456,1541.4321368159872
6324.0,43.36533737182617,3.269390344619751,1541.609228923
6325.0,44.2673454284668,3.1661298274993896,1541.802247871994
6326.0,33.07533645629883,3.284748077392578,1542.0016815989948
6327.0,42.44291305541992,3.225062370300293,1542.166292540991
6328.0,23.00095558166504,2.551118850708008,1542.3357872439956
6329.0,94.68751525878906,6.844780445098877,1542.5452643469907
6330.0,47.344051361083984,3.3013765811920166,1542.7215885929909
6331.0,34.08905792236328,3.6836559772491455,1542.8916601689998
6332.0,21.057491302490234,2.338019847869873,1543.0696598579962
6333.0,86.00179290771484,4.702155590057373,1543.2515228499979
6334.0,56.22361373901367,4.584664344787598,1543.4368196959986
6335.0,18.299806594848633,2.4601051807403564,1543.625130884
6336.0,25.396282196044922,2.7389869689941406,1543.8093427129934
6337.0,10.638612747192383,1.7559902667999268,1543.9972411459894
6338.0,10.285215377807617,2.186492681503296,1544.1877511609928
6339.0,8.725519180297852,1.7166199684143066,1544.3804034109926
6340.0,17.48991584777832,2.02488112449646,1544.559008944998
6341.0,20.96348762512207,2.42522931098938,1544.7470430599933
6342.0,24.796348571777344,2.4028782844543457,1544.9601760739897
6343.0,50.62657165527344,3.9319677352905273,1545.1923447209992
6344.0,76.8436279296875,4.8471550941467285,1545.368694698991
6345.0,33.91001892089844,2.2349259853363037,1545.636259269988
6346.0,21.621177673339844,2.9937398433685303,1545.8551135479938
6347.0,210.85362243652344,7.440208911895752,1546.0756603129994
6348.0,15.743783950805664,2.616654634475708,1546.3084819399955
6349.0,8.7459077835083,1.778320074081421,1546.5263701109943
6350.0,10.151683807373047,1.8062913417816162,1546.7187320929952
6351.0,12.781390190124512,2.1739892959594727,1546.9235575739876
6352.0,38.9241943359375,3.8712596893310547,1547.137292806001
6353.0,683.8783569335938,22.220199584960938,1547.3667041439912
6354.0,10.801376342773438,2.0349361896514893,1547.5756730419962
6355.0,29.40278434753418,3.368164300918579,1547.7631783079996
6356.0,62.10009765625,3.9603137969970703,1547.9497012259963
6357.0,15.65256118774414,2.098675489425659,1548.152894378989
6358.0,60.266273498535156,4.883492469787598,1548.3415965239983
6359.0,22.338226318359375,2.5923101902008057,1548.513248710995
6360.0,67.18023681640625,4.9517502784729,1548.764198962992
6361.0,26.62210464477539,2.6405839920043945,1548.9737930519914
6362.0,35.245365142822266,3.2016496658325195,1549.1679248209985
6363.0,25.480695724487305,3.032266139984131,1549.3844976819964
6364.0,19.25297737121582,2.2583632469177246,1549.6563826549973
6365.0,29.147075653076172,2.713630437850952,1549.899408770987
6366.0,8.097624778747559,1.4904853105545044,1550.1123669539957
6367.0,77.55211639404297,4.727563858032227,1550.3008892569924
6368.0,11.419262886047363,1.9149092435836792,1550.558883820995
6369.0,33.057533264160156,3.282205581665039,1550.7539432719932
6370.0,20.25977897644043,2.1164426803588867,1550.9586577159935
6371.0,7.988468647003174,1.6204713582992554,1551.1435491459997
6372.0,26.94740867614746,3.5904381275177,1551.3831338849996
6373.0,22.53170394897461,2.13657283782959,1551.5964782999945
6374.0,15.269598960876465,1.8077993392944336,1551.7892501919996
6375.0,24.627586364746094,2.5654547214508057,1551.97966859999
6376.0,270.97576904296875,10.494560241699219,1552.1733461309923
6377.0,19.783170700073242,2.1577084064483643,1552.3570496789907
6378.0,3.6572463512420654,1.0233592987060547,1552.5415976829972
6379.0,163.0195770263672,9.657819747924805,1552.7693044810003
6380.0,41.085350036621094,3.4949159622192383,1552.951686581
6381.0,8.960625648498535,1.4890797138214111,1553.1615463719936
6382.0,101.89624786376953,7.451756954193115,1553.3704777159874
6383.0,19.223920822143555,2.474442481994629,1553.569935334992
6384.0,27.88115119934082,2.229923725128174,1553.7752669229958
6385.0,96.52449798583984,6.668857097625732,1553.9586184599902
6386.0,9.152536392211914,2.0597493648529053,1554.176350416994
6387.0,74.57341766357422,4.308487415313721,1554.354165489989
6388.0,15.807470321655273,2.763962507247925,1554.5306270919973
6389.0,6.524537563323975,1.2539846897125244,1554.7351932269958
6390.0,286.0669250488281,10.866592407226562,1554.920545342
6391.0,413.5067138671875,11.617778778076172,1555.1111513139913
6392.0,6.5933451652526855,1.335054874420166,1555.315906867996
6393.0,104.17789459228516,6.849076747894287,1555.4870642819878
6394.0,23.26020050048828,2.617211103439331,1555.6737703089893
6395.0,10.37644100189209,1.9785101413726807,1555.8653941749944
6396.0,38.91423034667969,3.1177048683166504,1556.0669935889891
6397.0,31.933481216430664,4.011885166168213,1556.2807364309992
6398.0,23.732637405395508,2.140596628189087,1556.4638680849894
6399.0,19.778018951416016,2.380033493041992,1556.6798445659952
6400.0,12.18604564666748,2.2879250049591064,1556.8757651689957
6401.0,122.79228210449219,8.534095764160156,1561.5015722209937
6402.0,9.134356498718262,1.6705278158187866,1561.6791678339941
6403.0,107.58816528320312,5.004394054412842,1561.8519290509867
6404.0,25.367725372314453,2.7165727615356445,1562.0374685860006
6405.0,20.92299461364746,2.441572427749634,1562.2513871439878
6406.0,7.059287071228027,1.4222724437713623,1562.4366387889895
6407.0,172.84396362304688,6.8514533042907715,1562.6193842889916
6408.0,22.679567337036133,2.3034634590148926,1562.8057246959943
6409.0,229.71531677246094,9.4681396484375,1563.0208173539868
6410.0,77.8263931274414,4.610100746154785,1563.192748987989
6411.0,69.92400360107422,4.70199728012085,1563.3734705440002
6412.0,31.454362869262695,2.7348127365112305,1563.5375150369946
6413.0,5.041080951690674,1.1725143194198608,1563.7161093859904
6414.0,10.780105590820312,1.8145121335983276,1563.9382500059874
6415.0,33.05727767944336,3.582670211791992,1564.1148835450003
6416.0,10.938002586364746,2.0585029125213623,1564.2911551500001
6417.0,11.343361854553223,1.848803997039795,1564.4681381629925
6418.0,8.717290878295898,1.439624309539795,1564.649565210988
6419.0,19.599708557128906,2.326298236846924,1564.8196054189902
6420.0,16.95277214050293,2.3650803565979004,1565.0043300510006
6421.0,34.570091247558594,3.552790403366089,1565.1954056709947
6422.0,130.29742431640625,5.663140773773193,1565.4536916179932
6423.0,18.0784912109375,2.0425775051116943,1565.6541042109893
6424.0,6.641659736633301,1.3480790853500366,1565.935712639999
6425.0,349.5007019042969,12.065522193908691,1566.1333445989876
6426.0,26.29766082763672,2.884622812271118,1566.321854638998
6427.0,25.425321578979492,2.91090726852417,1566.5410185079963
6428.0,47.16057586669922,3.2129805088043213,1566.7636642539874
6429.0,88.5538101196289,5.056859016418457,1567.016987622992
6430.0,6.703912734985352,1.6041449308395386,1567.1906978299958
6431.0,25.415409088134766,2.0827689170837402,1567.407497495995
6432.0,19.409521102905273,3.0351898670196533,1567.5692483899911
6433.0,7.69254732131958,1.5247384309768677,1567.7383702049992
6434.0,35.93598175048828,4.525082588195801,1568.0001772539981
6435.0,19.065811157226562,2.364584445953369,1568.1789417439868
6436.0,17.427772521972656,1.9936463832855225,1568.4057482889912
6437.0,72.77735900878906,4.152365684509277,1568.5850472769962
6438.0,50.447635650634766,3.5140578746795654,1568.7864902899892
6439.0,28.340675354003906,3.7260146141052246,1569.0137012029882
6440.0,6.518904685974121,1.400501012802124,1569.2692776479962
6441.0,4.854100227355957,1.3527179956436157,1569.4425754689873
6442.0,13.970953941345215,2.0436596870422363,1569.6192849979998
6443.0,33.795982360839844,3.3201677799224854,1569.780336498996
6444.0,30.89769172668457,2.8141283988952637,1569.9623370259942
6445.0,23.736251831054688,2.509493350982666,1570.2176671189955
6446.0,6.803701877593994,1.453370451927185,1570.4172182949987
6447.0,14.491576194763184,2.3380770683288574,1570.638026212997
6448.0,11.113585472106934,1.9977314472198486,1570.8212427760009
6449.0,109.30171203613281,5.89376163482666,1571.113856252996
6450.0,8.661123275756836,1.4313645362854004,1571.2904170869879
6451.0,18.25017547607422,2.4327430725097656,1571.4777202809928
6452.0,27.361553192138672,2.726707696914673,1571.6414891229942
6453.0,77.523193359375,3.7395715713500977,1571.8263201299997
6454.0,43.18204116821289,2.9617271423339844,1572.0435521920008
6455.0,7.777719974517822,1.7062554359436035,1572.2367514489888
6456.0,44.067420959472656,3.599071741104126,1572.447961865997
6457.0,40.113037109375,2.5662477016448975,1572.6443349089968
6458.0,62.11019515991211,5.194843769073486,1572.809523060001
6459.0,12.713335990905762,2.2281675338745117,1573.0360720280005
6460.0,22.721385955810547,2.8815181255340576,1573.207418875987
6461.0,53.01959228515625,3.8791325092315674,1573.3812052799913
6462.0,38.57264709472656,3.069000482559204,1573.6152741629921
6463.0,25.778106689453125,2.9285659790039062,1573.8026410449966
6464.0,25.802358627319336,3.0230488777160645,1573.9716598819941
6465.0,9.341034889221191,1.8012278079986572,1574.1937400129973
6466.0,15.106201171875,2.30509877204895,1574.377805458993
6467.0,13.970335006713867,2.3727564811706543,1574.5630471979966
6468.0,22.824800491333008,2.568354606628418,1574.7206732069899
6469.0,24.407711029052734,2.1375274658203125,1574.892895033001
6470.0,10.155924797058105,1.6824707984924316,1575.068451930987
6471.0,17.331357955932617,2.5745902061462402,1575.237810642997
6472.0,102.97537994384766,4.0419416427612305,1575.4990127359924
6473.0,37.85294723510742,3.106297016143799,1575.6689925789979
6474.0,46.59524917602539,4.342656135559082,1575.8896663399937
6475.0,22.238622665405273,2.487762689590454,1576.0888818929961
6476.0,40.043556213378906,4.279443740844727,1576.288531098995
6477.0,8.45611572265625,1.43916916847229,1576.5052452999953
6478.0,19.585081100463867,2.0297353267669678,1576.7034151249973
6479.0,33.023155212402344,3.02901554107666,1576.8656371479883
6480.0,7.008601188659668,1.3747187852859497,1577.055638655991
6481.0,44.83604049682617,3.504145383834839,1577.230878781993
6482.0,149.8212432861328,8.185221672058105,1577.4231584009976
6483.0,45.90042495727539,3.0506367683410645,1577.6038460259879
6484.0,10.231086730957031,1.8522998094558716,1577.7813210659951
6485.0,48.2745361328125,2.914024829864502,1578.099230679989
6486.0,15.014892578125,1.7253458499908447,1578.2795499019994
6487.0,11.136425018310547,1.9418421983718872,1578.4646326209913
6488.0,7.202652454376221,1.387440800666809,1578.631993234987
6489.0,17.03313636779785,2.143061637878418,1578.8286757289898
6490.0,5.22108268737793,1.4067862033843994,1579.025967775
6491.0,32.68223190307617,3.2516415119171143,1579.1794762379868
6492.0,19.122188568115234,2.1137139797210693,1579.3572986029903
6493.0,25.657621383666992,3.869919776916504,1579.5371383679885
6494.0,25.187335968017578,2.324333906173706,1579.7387957839965
6495.0,24.916772842407227,3.3723373413085938,1579.9221846349974
6496.0,8.710978507995605,1.9168144464492798,1580.1089157979877
6497.0,13.032282829284668,2.0461559295654297,1580.2897776549944
6498.0,36.59733200073242,2.7375543117523193,1580.4931889149884
6499.0,57.21177673339844,3.8261542320251465,1580.689862070998
6500.0,7.640201091766357,1.454632043838501,1580.8883192159992
6501.0,6.537780284881592,1.3652606010437012,1586.3400489099877
6502.0,80.4572525024414,4.539219379425049,1586.5243840629992
6503.0,9.397395133972168,1.7606176137924194,1586.7235178909905
6504.0,48.51987838745117,3.8573620319366455,1586.8958310329908
6505.0,7.187164783477783,1.4550774097442627,1587.0695082119928
6506.0,7.386943817138672,1.4246104955673218,1587.2521166599909
6507.0,29.747299194335938,3.5067851543426514,1587.421041893991
6508.0,523.506591796875,19.804677963256836,1587.5927837630006
6509.0,34.9532585144043,3.7369329929351807,1587.7790180349984
6510.0,42.82888412475586,2.9111435413360596,1587.9628725090006
6511.0,25.108678817749023,2.457386016845703,1588.149853059993
6512.0,31.905153274536133,3.9254767894744873,1588.3411891459982
6513.0,93.2432632446289,6.834295749664307,1588.5363123549905
6514.0,16.951425552368164,2.308488130569458,1588.7276101659954
6515.0,32.22489929199219,2.0813846588134766,1588.9191327059962
6516.0,8.745646476745605,1.7079334259033203,1589.1130857249955
6517.0,12.415202140808105,1.9952059984207153,1589.3293541829917
6518.0,28.919660568237305,3.8035528659820557,1589.5101473839895
6519.0,34.99208068847656,3.7712221145629883,1589.6878668329882
6520.0,5.520970821380615,1.3143609762191772,1589.873285286987
6521.0,60.45121765136719,5.577818393707275,1590.080903213995
6522.0,31.210458755493164,3.331446409225464,1590.2573001449928
6523.0,43.682952880859375,3.2224016189575195,1590.4459293919936
6524.0,12.502254486083984,2.1082563400268555,1590.6409132109984
6525.0,65.85601806640625,3.950071334838867,1590.8564562079991
6526.0,47.80329895019531,3.4218051433563232,1591.041917767987
6527.0,5.858530521392822,1.4895853996276855,1591.2353749759932
6528.0,16.042367935180664,2.7854442596435547,1591.4132324419916
6529.0,9.96673583984375,1.7908374071121216,1591.6104224869923
6530.0,60.795536041259766,4.913902759552002,1591.7812247629918
6531.0,30.98627471923828,2.698608160018921,1591.9730988519877
6532.0,17.353670120239258,2.8328468799591064,1592.1877169769868
6533.0,9.187643051147461,1.6003098487854004,1592.3825968629972
6534.0,21.771928787231445,2.2578320503234863,1592.5615333219903
6535.0,57.753639221191406,4.3350114822387695,1592.750169572988
6536.0,20.752283096313477,2.3914973735809326,1592.9420648619998
6537.0,17.83190155029297,2.4418768882751465,1593.1205195629882
6538.0,13.368851661682129,2.371798515319824,1593.3404223049874
6539.0,71.11286163330078,5.243734359741211,1593.5330742949882
6540.0,6.4194536209106445,1.4885058403015137,1593.7234290329943
6541.0,658.34814453125,22.041393280029297,1593.9001923189935
6542.0,9.33959674835205,1.6392803192138672,1594.0817181109887
6543.0,111.14029693603516,7.162241458892822,1594.2748546989897
6544.0,15.20162582397461,2.334815263748169,1594.4625225519994
6545.0,14.720935821533203,2.013756275177002,1594.6621500609908
6546.0,7.026240348815918,1.5052552223205566,1594.870256293987
6547.0,41.097572326660156,3.865170955657959,1595.0833402789867
6548.0,9.431929588317871,1.5110362768173218,1595.2694117549981
6549.0,11.244872093200684,1.8637375831604004,1595.4554090449965
6550.0,67.41497802734375,5.139174461364746,1595.6386131179897
6551.0,107.64430236816406,5.502984523773193,1595.8164717159962
6552.0,14.370649337768555,2.148411750793457,1595.9898017079977
6553.0,48.07676315307617,3.6719720363616943,1596.1810183729976
6554.0,63.04517364501953,4.09885311126709,1596.3690591509949
6555.0,33.28108596801758,2.6381006240844727,1596.5338359929883
6556.0,54.67044448852539,3.7317116260528564,1596.7278102969867
6557.0,49.587886810302734,5.420008182525635,1596.9213290029875
6558.0,5.393298149108887,1.4894107580184937,1597.1071001539967
6559.0,45.507041931152344,4.414188861846924,1597.2986144049937
6560.0,8.279276847839355,1.4023207426071167,1597.4916878329968
6561.0,42.702884674072266,3.103271722793579,1597.649832709998
6562.0,172.7617645263672,8.435274124145508,1597.8297561459913
6563.0,33.91777420043945,2.1711878776550293,1598.0191931139998
6564.0,19.11074447631836,3.4165759086608887,1598.1924856779951
6565.0,12.68232536315918,1.7845109701156616,1598.3542176079936
6566.0,9.358774185180664,1.8742485046386719,1598.5608131719928
6567.0,667.6464233398438,18.769254684448242,1598.7516224669962
6568.0,26.917011260986328,2.595970392227173,1598.9395658729918
6569.0,52.60710144042969,4.128968238830566,1599.1116259279952
6570.0,55.8824462890625,4.068037033081055,1599.3125199469941
6571.0,34.44740676879883,2.7187867164611816,1599.5146662599873
6572.0,16.6160945892334,2.5458240509033203,1599.6999321359908
6573.0,49.916316986083984,3.988189935684204,1599.8852985619887
6574.0,33.2662239074707,2.8543753623962402,1600.0751164409885
6575.0,7.502963542938232,1.7195380926132202,1600.2461000349867
6576.0,9.49129867553711,1.5195425748825073,1600.427257932999
6577.0,7.646245002746582,1.501478910446167,1600.6154603229952
6578.0,5.912931442260742,1.4354121685028076,1600.8119940279867
6579.0,128.52452087402344,7.433028221130371,1601.0033098459971
6580.0,77.3005599975586,4.298168182373047,1601.1943081069912
6581.0,5.922642707824707,1.3683218955993652,1601.398561502996
6582.0,43.53414535522461,2.669003963470459,1601.5857000729884
6583.0,11.6820650100708,1.5417793989181519,1601.7706737029948
6584.0,152.97091674804688,7.45050048828125,1601.9565630959987
6585.0,32.983802795410156,3.7104411125183105,1602.159561633991
6586.0,17.193973541259766,1.9278311729431152,1602.3570803189941
6587.0,24.07402801513672,1.9621262550354004,1602.5496075519914
6588.0,9.249695777893066,2.1630845069885254,1602.7406342989998
6589.0,48.879276275634766,2.904050588607788,1602.9315810549888
6590.0,44.04937744140625,3.2398130893707275,1603.1066148769896
6591.0,5.978268623352051,1.5875186920166016,1603.2982866839884
6592.0,7.709676742553711,1.612202763557434,1603.4974652099918
6593.0,49.055335998535156,4.923351287841797,1603.6762002169999
6594.0,15.238592147827148,2.334752082824707,1603.853143040993
6595.0,63.660213470458984,4.017788887023926,1604.034574364996
6596.0,10.379308700561523,1.703251838684082,1604.2285155829886
6597.0,20.561250686645508,2.3385815620422363,1604.4029642549867
6598.0,174.05001831054688,7.196366786956787,1604.5827204669913
6599.0,175.98110961914062,9.136568069458008,1604.7792392849951
6600.0,10.237929344177246,1.9510570764541626,1604.948375612992
6601.0,14.472424507141113,2.0314314365386963,1610.3243427309935
6602.0,47.06666564941406,2.6197516918182373,1610.501391229991
6603.0,17.984981536865234,2.60233998298645,1610.687783863992
6604.0,57.270263671875,4.3759846687316895,1610.8692080649926
6605.0,182.5988006591797,10.941882133483887,1611.071800982987
6606.0,39.20948791503906,3.021162509918213,1611.239010004996
6607.0,43.87468338012695,3.9050049781799316,1611.4081008789944
6608.0,36.74740219116211,3.6182291507720947,1611.605881231997
6609.0,14.591635704040527,1.768460988998413,1611.7686002650007
6610.0,8.198158264160156,1.5891410112380981,1611.984089968988
6611.0,14.986233711242676,2.3567495346069336,1612.2204766649957
6612.0,20.424240112304688,3.053499937057495,1612.3888547179959
6613.0,14.892940521240234,2.4895591735839844,1612.565744722
6614.0,12.959199905395508,2.196878671646118,1612.733427359999
6615.0,81.40018463134766,4.697506427764893,1612.9768614879868
6616.0,72.99787139892578,3.737125873565674,1613.1581769629993
6617.0,79.7900161743164,4.2343902587890625,1613.3261443669908
6618.0,8.191292762756348,1.4699783325195312,1613.509013969
6619.0,23.24968719482422,2.5651979446411133,1613.6776432429906
6620.0,44.976341247558594,2.7810869216918945,1613.8831266729976
6621.0,57.39537048339844,4.494386196136475,1614.0638437609887
6622.0,141.4237518310547,9.271745681762695,1614.2367674559937
6623.0,6.896206855773926,1.481207013130188,1614.4445698779891
6624.0,44.00659942626953,4.326756000518799,1614.6066226949915
6625.0,21.55608367919922,2.485652208328247,1614.810726426993
6626.0,6.708132266998291,1.3729002475738525,1614.9817901869974
6627.0,57.8067626953125,3.7779910564422607,1615.1623774089967
6628.0,49.009395599365234,3.366060972213745,1615.3321548449894
6629.0,14.837725639343262,1.8891448974609375,1615.5017681280005
6630.0,5.617734909057617,1.5183043479919434,1615.7127116979973
6631.0,135.013427734375,6.705517768859863,1615.8957085159927
6632.0,7.441744327545166,1.4969974756240845,1616.0886130589934
6633.0,7.959630012512207,1.418955683708191,1616.2823655809916
6634.0,48.55286407470703,4.256991386413574,1616.4568270429882
6635.0,9.013843536376953,1.6008845567703247,1616.6675735280005
6636.0,55.12063980102539,4.259626865386963,1616.8455218269955
6637.0,25.8275146484375,2.4074950218200684,1617.0174230819975
6638.0,9.466809272766113,1.8040152788162231,1617.2779314020008
6639.0,7.693277359008789,1.4578498601913452,1617.4987203099881
6640.0,16.26265525817871,2.0677449703216553,1617.6864656869875
6641.0,19.772205352783203,1.9754425287246704,1617.874931968996
6642.0,15.16140079498291,2.15437388420105,1618.0490585329972
6643.0,45.95473098754883,3.681607723236084,1618.2144629789982
6644.0,5.021830081939697,1.3613535165786743,1618.3930641769985
6645.0,24.878273010253906,2.941868782043457,1618.5525128499867
6646.0,28.641454696655273,2.838179111480713,1618.785691142999
6647.0,6.581809043884277,1.4004710912704468,1618.9612843289942
6648.0,5.620511054992676,1.5154849290847778,1619.1310019899975
6649.0,100.1926040649414,6.38037633895874,1619.3496454869892
6650.0,9.152698516845703,2.0367398262023926,1619.5289501789957
6651.0,6.444101333618164,1.3828558921813965,1619.7211139159917
6652.0,64.81266021728516,4.346879005432129,1619.9229674359958
6653.0,36.30194091796875,2.903195858001709,1620.1258339759952
6654.0,111.88528442382812,5.6949357986450195,1620.315496598996
6655.0,128.8319854736328,7.072209358215332,1620.4974107239977
6656.0,6.72146463394165,1.3180508613586426,1620.692566162994
6657.0,317.5966796875,10.08410930633545,1620.8817240479984
6658.0,36.775909423828125,3.326106548309326,1621.0610122469952
6659.0,102.8358154296875,4.418334007263184,1621.2400899679924
6660.0,35.744873046875,3.174604892730713,1621.4580351269979
6661.0,15.660252571105957,2.3361659049987793,1621.6325028319989
6662.0,74.87567901611328,4.4931159019470215,1621.821371440994
6663.0,68.93460083007812,4.534290790557861,1621.999665611991
6664.0,73.93323516845703,5.340754508972168,1622.1929688699893
6665.0,11.263410568237305,2.059460401535034,1622.3823984240007
6666.0,8.03136157989502,1.6638202667236328,1622.5637141740008
6667.0,19.23982048034668,2.993943929672241,1622.756439113
6668.0,165.67010498046875,6.780472278594971,1622.9499618109985
6669.0,48.229736328125,4.1600775718688965,1623.1294986299908
6670.0,137.92678833007812,7.658522129058838,1623.3142361569917
6671.0,499.9405517578125,18.598617553710938,1623.4858096659882
6672.0,15.112668991088867,2.1294615268707275,1623.669033727987
6673.0,31.59311294555664,3.112982749938965,1624.2523620879947
6674.0,423.66424560546875,16.804088592529297,1625.5046891679958
6675.0,15.185922622680664,2.27762770652771,1626.6769140889955
6676.0,8.708976745605469,1.78617525100708,1627.7225858719903
6677.0,55.52873229980469,5.073370456695557,1628.0896354439901
6678.0,43.65740203857422,3.1481521129608154,1628.2669931629935
6679.0,25.93951416015625,2.508610725402832,1628.457752450995
6680.0,39.48281478881836,2.897596836090088,1628.6779664829955
6681.0,5.512894153594971,1.3415337800979614,1628.895276736992
6682.0,11.913274765014648,1.391075849533081,1629.052720599997
6683.0,16.212602615356445,1.9606093168258667,1629.239021454996
6684.0,60.125396728515625,4.720786094665527,1629.4192733829987
6685.0,18.08551597595215,2.490250825881958,1629.5920155729982
6686.0,7.103442668914795,1.788300633430481,1629.7974285949895
6687.0,258.6378479003906,8.010059356689453,1629.9746687529987
6688.0,20.15277099609375,2.1377081871032715,1630.1557627299917
6689.0,51.53239822387695,3.1765480041503906,1630.3266688909935
6690.0,9.114177703857422,1.3709176778793335,1630.5177577430004
6691.0,31.714900970458984,2.8722379207611084,1630.6902324129915
6692.0,67.755859375,4.989260196685791,1630.8742336099967
6693.0,2.744330644607544,0.8932538032531738,1631.0551376919902
6694.0,15.175524711608887,2.1350629329681396,1631.226309242993
6695.0,105.76973724365234,7.748600006103516,1631.4002439309988
6696.0,12.999431610107422,2.328812837600708,1631.5753393029881
6697.0,65.76799011230469,3.647731304168701,1631.787049185994
6698.0,40.089332580566406,3.9016730785369873,1631.9579076189984
6699.0,27.985780715942383,2.923569440841675,1632.1423911099992
6700.0,55.96843719482422,5.847442626953125,1632.3252921229869
6701.0,11.22372817993164,2.190488576889038,1636.7901713809988
6702.0,28.7637939453125,3.3625338077545166,1636.9887944660004
6703.0,7.435696601867676,1.3253253698349,1637.1773011240002
6704.0,6.610754013061523,1.5084725618362427,1637.3656529799919
6705.0,44.3564567565918,3.5759918689727783,1637.542480662989
6706.0,34.900360107421875,2.9598820209503174,1637.7354664859886
6707.0,179.51974487304688,7.169837951660156,1637.9171835839952
6708.0,17.21881103515625,2.5908894538879395,1638.107887591992
6709.0,9.038919448852539,1.637893795967102,1638.2961537559895
6710.0,26.975433349609375,2.830164670944214,1638.4740250389877
6711.0,10.84202766418457,1.8453327417373657,1638.6510852579959
6712.0,56.701087951660156,4.500406265258789,1638.8456849739887
6713.0,53.90667724609375,4.616429805755615,1639.0562597629905
6714.0,207.26390075683594,7.7352614402771,1639.2456601289887
6715.0,234.14703369140625,7.260363578796387,1639.4153583139996
6716.0,7.771395683288574,1.3193387985229492,1639.6106548120006
6717.0,63.63639831542969,4.066728591918945,1639.7994348069915
6718.0,38.08766174316406,3.7883260250091553,1639.9840270779969
6719.0,51.73014831542969,4.20080041885376,1640.181824882995
6720.0,549.8772583007812,16.935693740844727,1640.3791839479964
6721.0,272.2462463378906,10.448360443115234,1640.563022841001
6722.0,107.1707763671875,4.286442279815674,1640.7775225139922
6723.0,5.549803256988525,1.201137661933899,1640.96685801899
6724.0,29.491729736328125,3.2171897888183594,1641.1523901949986
6725.0,21.182178497314453,2.696329355239868,1641.332598707988
6726.0,12.676701545715332,2.0473735332489014,1641.5085327559937
6727.0,283.1290588378906,8.204277992248535,1641.6847033879894
6728.0,54.21992492675781,4.103573322296143,1641.8741274119966
6729.0,46.536407470703125,4.3369903564453125,1642.0560516499972
6730.0,153.11122131347656,6.575823783874512,1642.242679263989
6731.0,140.9508056640625,6.117214202880859,1642.4109364359902
6732.0,8.642444610595703,1.4770241975784302,1642.5994106019934
6733.0,7.018624782562256,1.551196813583374,1642.8004895429913
6734.0,28.756084442138672,2.7614822387695312,1642.981356349992
6735.0,22.092988967895508,2.999669075012207,1643.1592337420007
6736.0,16.670804977416992,2.2175376415252686,1643.352198181994
6737.0,22.061233520507812,3.082897424697876,1643.5344428589888
6738.0,20.104469299316406,3.033021926879883,1643.7105256739887
6739.0,27.080284118652344,2.473440408706665,1643.8923007959966
6740.0,264.1683654785156,7.4115891456604,1644.0766180259961
6741.0,15.84991455078125,2.507366180419922,1644.260789049993
6742.0,10.233835220336914,1.6556226015090942,1644.4326979799953
6743.0,91.67650604248047,5.5040130615234375,1644.6154967990005
6744.0,4.280832767486572,1.0933849811553955,1644.7803345509892
6745.0,51.052772521972656,4.0639262199401855,1644.945949246001
6746.0,18.840925216674805,2.3521082401275635,1645.13912080499
6747.0,36.961570739746094,3.713930368423462,1645.3216642740008
6748.0,47.187198638916016,3.4708645343780518,1645.5074908469978
6749.0,9.639019966125488,1.904882550239563,1645.690967232993
6750.0,45.0037727355957,2.839238405227661,1645.8718759429903
6751.0,59.36600875854492,4.006969928741455,1646.0568113579939
6752.0,81.70780944824219,5.198887825012207,1646.2286887749942
6753.0,101.75464630126953,7.560831069946289,1646.3999432079872
6754.0,98.21927642822266,5.388723373413086,1646.5677868539933
6755.0,16.877216339111328,2.088681697845459,1646.7446254149982
6756.0,8.236152648925781,1.5396183729171753,1646.9336935429892
6757.0,41.03630828857422,2.609752893447876,1647.1133297479973
6758.0,7.7443156242370605,1.3610491752624512,1647.2982354429987
6759.0,43.072025299072266,3.9547150135040283,1647.4973537979968
6760.0,12.944869995117188,2.2598094940185547,1647.6782579579885
6761.0,30.27396583557129,2.6942763328552246,1647.8607073439925
6762.0,32.90945816040039,2.2680885791778564,1648.0377702659898
6763.0,15.952610969543457,2.4749794006347656,1648.225887845998
6764.0,25.559642791748047,2.4777307510375977,1648.3923620649875
6765.0,8.444637298583984,1.7137607336044312,1648.5530939419987
6766.0,20.359512329101562,2.931265354156494,1648.7424454909924
6767.0,45.85995864868164,3.4496243000030518,1648.9263510449964
6768.0,58.87897491455078,6.018203258514404,1649.1175575779926
6769.0,6.954419136047363,1.500661849975586,1649.3368044829986
6770.0,33.45393753051758,3.213684320449829,1649.5210966429877
6771.0,18.04666519165039,2.4184107780456543,1649.716453282992
6772.0,32.84513473510742,3.630406379699707,1649.8939628539956
6773.0,30.078510284423828,2.585223436355591,1650.1254414559953
6774.0,6.57751989364624,1.348498821258545,1650.3129113839968
6775.0,8.362553596496582,1.7046438455581665,1650.5131667649985
6776.0,11.58015251159668,2.4505486488342285,1650.7063787160005
6777.0,72.5751953125,4.755795955657959,1650.8827939779876
6778.0,22.845335006713867,2.0570504665374756,1651.0312745279953
6779.0,4.55997896194458,1.1350243091583252,1651.256204322999
6780.0,21.378782272338867,2.498870372772217,1651.4168813680008
6781.0,55.70915985107422,4.957498073577881,1651.5962176159956
6782.0,28.004297256469727,2.57281756401062,1651.7901674759923
6783.0,10.786955833435059,2.037693977355957,1651.9542154359951
6784.0,12.461945533752441,1.439820647239685,1652.185217102
6785.0,36.543155670166016,2.870170831680298,1652.399104156997
6786.0,21.42542266845703,2.3021225929260254,1652.5850909159926
6787.0,18.71598243713379,2.4287142753601074,1652.8010899049987
6788.0,54.58205032348633,3.7039616107940674,1653.005133255996
6789.0,168.3647003173828,6.3297343254089355,1653.180485400997
6790.0,40.46265411376953,2.887190341949463,1653.3869058489945
6791.0,21.53392219543457,2.46171236038208,1653.5754254979984
6792.0,11.297654151916504,1.816156268119812,1653.7459017419897
6793.0,67.24982452392578,4.104642391204834,1653.9838981999928
6794.0,7.600205421447754,1.4217066764831543,1654.206879008998
6795.0,32.75993347167969,3.155494451522827,1654.4055744669895
6796.0,24.46639060974121,2.2314488887786865,1654.5822386599903
6797.0,313.1456604003906,11.20569133758545,1654.7618095869984
6798.0,7.7399516105651855,1.6348953247070312,1654.9284695249953
6799.0,20.818817138671875,2.4440457820892334,1655.1548729639908
6800.0,21.843528747558594,1.9984713792800903,1655.3650490729924
6801.0,21.445035934448242,2.1597602367401123,1660.9946464249952
6802.0,99.96257019042969,5.658358573913574,1661.1629116139957
6803.0,33.4265251159668,2.7600388526916504,1661.3435751139914
6804.0,324.7820739746094,15.643792152404785,1661.536236162996
6805.0,28.758825302124023,3.7724926471710205,1661.8578530329978
6806.0,11.537482261657715,1.8676221370697021,1662.0344066899997
6807.0,39.05250549316406,4.1893157958984375,1662.2581542479893
6808.0,19.309255599975586,2.3121914863586426,1662.4645032829867
6809.0,13.739521980285645,1.913714051246643,1662.6442403830006
6810.0,75.45220947265625,5.999086856842041,1662.8664196600002
6811.0,421.95098876953125,17.384302139282227,1663.0483992089867
6812.0,41.0559196472168,2.6903858184814453,1663.2277778789867
6813.0,7.597400665283203,1.4363112449645996,1663.4292702940002
6814.0,5.147622108459473,1.2355375289916992,1663.6198831329966
6815.0,15.26838493347168,1.8015323877334595,1663.8976730569993
6816.0,44.72370147705078,4.539280414581299,1664.1058155059873
6817.0,14.845780372619629,2.512701988220215,1664.3004041579989
6818.0,8.192683219909668,1.464423656463623,1664.4967186919966
6819.0,37.04822540283203,4.369622230529785,1664.7128982729919
6820.0,22.036714553833008,2.426497459411621,1664.9511334739946
6821.0,44.10390853881836,3.807915449142456,1665.1477078639873
6822.0,38.16692352294922,2.4866182804107666,1665.3330294289917
6823.0,26.640655517578125,2.537156105041504,1665.5590658
6824.0,7.304272651672363,1.5614714622497559,1665.7749324489996
6825.0,24.803932189941406,2.826507568359375,1666.0083725559962
6826.0,12.11960220336914,2.0684258937835693,1666.2122474520002
6827.0,70.39784240722656,3.465244770050049,1666.415747631996
6828.0,11.149946212768555,1.7127619981765747,1666.6457829360006
6829.0,6.374250411987305,1.3566697835922241,1666.9082971939933
6830.0,81.95077514648438,4.616604804992676,1667.1050791379967
6831.0,14.367903709411621,2.246311664581299,1667.3044168709894
6832.0,16.294736862182617,2.3897109031677246,1667.4982742979919
6833.0,6.231965065002441,1.5270150899887085,1667.6809701199963
6834.0,47.55061340332031,3.471115827560425,1667.8809612769983
6835.0,55.817195892333984,3.4524028301239014,1668.1461156549922
6836.0,41.37877655029297,3.2856736183166504,1668.412496568999
6837.0,8.619982719421387,1.801753282546997,1668.599513381996
6838.0,11.520339012145996,1.9191774129867554,1668.787855025992
6839.0,11.097851753234863,1.955899715423584,1669.0001665819873
6840.0,9.189950942993164,1.7095164060592651,1669.1932973849907
6841.0,267.0841979980469,12.086864471435547,1669.3547561649902
6842.0,53.97722625732422,4.091577053070068,1669.5354169689963
6843.0,48.17870330810547,3.651456356048584,1669.731649333
6844.0,47.127017974853516,4.397994041442871,1669.8949130010005
6845.0,41.6537971496582,3.2260448932647705,1670.0785584499972
6846.0,14.14052963256836,2.0633656978607178,1670.2724651309982
6847.0,7.281839847564697,1.8385416269302368,1670.472689148999
6848.0,12.878387451171875,1.915612816810608,1670.696670831996
6849.0,9.12468147277832,2.0388927459716797,1670.9033617699897
6850.0,49.4564208984375,3.6436192989349365,1671.099360014996
6851.0,39.60319137573242,3.014706611633301,1671.2837706529972
6852.0,465.1582336425781,14.158303260803223,1671.474262085001
6853.0,85.0340576171875,5.4189839363098145,1671.6607108549942
6854.0,8.378178596496582,1.786065936088562,1671.8762598859903
6855.0,26.125518798828125,2.580624580383301,1672.068452416992
6856.0,19.345842361450195,2.1265833377838135,1672.2733747969905
6857.0,24.897504806518555,2.5731942653656006,1672.4675007759943
6858.0,12.87086296081543,1.7777996063232422,1672.6833275529934
6859.0,16.04083251953125,2.5046935081481934,1672.8884008219902
6860.0,55.59103775024414,3.550248384475708,1673.0923430779949
6861.0,21.314376831054688,2.2342331409454346,1673.269117712989
6862.0,60.08782958984375,4.019998073577881,1673.4675399159896
6863.0,20.56560516357422,2.071261167526245,1673.699376449993
6864.0,231.04908752441406,7.820194721221924,1673.8979158199945
6865.0,58.83686828613281,4.589325428009033,1674.0653178489883
6866.0,51.28670120239258,4.181217193603516,1674.239776411996
6867.0,23.54427719116211,2.8122971057891846,1674.4306691370002
6868.0,19.678438186645508,2.2009077072143555,1674.6064717479894
6869.0,19.70400619506836,2.3232548236846924,1674.8044224899932
6870.0,36.4491081237793,3.0833237171173096,1674.9827796759928
6871.0,6.124355316162109,1.3030869960784912,1675.1635040139954
6872.0,194.50189208984375,7.252867698669434,1675.3527727759938
6873.0,50.64216995239258,3.9703309535980225,1675.548314663989
6874.0,71.28179931640625,4.765613079071045,1675.7211739649938
6875.0,28.495765686035156,3.324409246444702,1675.886449697995
6876.0,64.51324462890625,5.334943771362305,1676.0655928409979
6877.0,158.68255615234375,7.2714667320251465,1676.2374495379918
6878.0,23.18480682373047,2.8008930683135986,1676.4106272799982
6879.0,48.39771270751953,3.8100380897521973,1676.5868168839952
6880.0,14.83547306060791,2.247256278991699,1676.75858211999
6881.0,48.799827575683594,3.7790181636810303,1676.9494394699868
6882.0,6.340521335601807,1.3732669353485107,1677.127014009995
6883.0,7.84354305267334,1.6665841341018677,1677.3171317959932
6884.0,465.24078369140625,14.410771369934082,1677.5255009009998
6885.0,10.99586296081543,1.8425664901733398,1677.7398654999997
6886.0,33.05446243286133,2.7134482860565186,1677.9200922819873
6887.0,28.80495262145996,3.45481014251709,1678.1292016269872
6888.0,9.429374694824219,1.628235936164856,1678.3299196459993
6889.0,56.37712478637695,5.914443492889404,1678.4985174989997
6890.0,7.333380699157715,1.3463268280029297,1678.6958275969955
6891.0,17.5831241607666,2.587172269821167,1678.902378349987
6892.0,8.331502914428711,1.6770063638687134,1679.0928447029873
6893.0,14.71784782409668,1.8925713300704956,1679.2797798409883
6894.0,22.586923599243164,2.5557003021240234,1679.4536709739914
6895.0,5.5444254875183105,1.4430633783340454,1679.6288867549883
6896.0,21.219999313354492,2.565049409866333,1679.811202500001
6897.0,10.480807304382324,1.543969988822937,1679.991608627999
6898.0,22.83823013305664,1.9550124406814575,1680.1685037439893
6899.0,11.508891105651855,1.9904227256774902,1680.354247351992
6900.0,28.685176849365234,3.8202733993530273,1680.5457982519874
6901.0,32.727439880371094,3.2974777221679688,1685.2409663229919
6902.0,29.34735107421875,2.792430877685547,1685.4170915199938
6903.0,51.801429748535156,3.557790756225586,1685.608474239998
6904.0,13.069659233093262,1.9432744979858398,1685.7926387009938
6905.0,50.68059158325195,3.157827854156494,1685.9945323589927
6906.0,23.033126831054688,3.0736615657806396,1686.194139610001
6907.0,53.046630859375,4.3243608474731445,1686.3875052739895
6908.0,11.145095825195312,2.325401544570923,1686.58206572599
6909.0,11.56262493133545,2.140101194381714,1686.7992002029932
6910.0,56.438804626464844,4.082724094390869,1686.9941071849898
6911.0,46.29431915283203,3.3966989517211914,1687.1790763239987
6912.0,26.464359283447266,2.5600552558898926,1687.3547113629902
6913.0,50.248741149902344,3.785975933074951,1687.550426673988
6914.0,74.08444213867188,3.6583335399627686,1687.7373998419935
6915.0,8.266252517700195,1.7390975952148438,1687.9027733169933
6916.0,26.3713321685791,2.461376905441284,1688.0799054339877
6917.0,44.18930435180664,3.282759189605713,1688.2653908169887
6918.0,24.444561004638672,2.4184815883636475,1688.459198313998
6919.0,4.356237888336182,1.1288931369781494,1688.627296656996
6920.0,14.205280303955078,1.8796805143356323,1688.8267399909964
6921.0,25.013591766357422,2.3397116661071777,1689.0518311819906
6922.0,8.782123565673828,1.645104169845581,1689.2582007069868
6923.0,29.71636962890625,3.1213552951812744,1689.430350499999
6924.0,5.521935939788818,1.1694653034210205,1689.6314538009901
6925.0,50.9914665222168,3.7258098125457764,1689.855621662995
6926.0,8.867796897888184,1.729245901107788,1690.028190410987
6927.0,35.358543395996094,2.91921329498291,1690.195039016995
6928.0,33.456512451171875,3.1247403621673584,1690.3745261129952
6929.0,55.841705322265625,3.569422960281372,1690.5740728159872
6930.0,14.660598754882812,1.570266842842102,1690.7625143149926
6931.0,10.138811111450195,1.6943668127059937,1690.927154193996
6932.0,30.22586441040039,2.795530080795288,1691.1731455749978
6933.0,74.2443618774414,4.064159393310547,1691.3692373389931
6934.0,24.208288192749023,3.430999994277954,1691.5530090479879
6935.0,4.896577835083008,1.1724928617477417,1691.7520332049899
6936.0,47.20697021484375,3.77751088142395,1691.9460131809901
6937.0,43.570613861083984,5.129090309143066,1692.1104527949938
6938.0,320.348876953125,12.168777465820312,1692.3212510979938
6939.0,24.732646942138672,2.7290382385253906,1692.4851485789986
6940.0,77.54447174072266,6.372595310211182,1692.6697639219929
6941.0,29.234617233276367,3.4961206912994385,1692.8735250639875
6942.0,137.01266479492188,5.073053359985352,1693.0673148909991
6943.0,8.59088134765625,1.6411782503128052,1693.2886913260008
6944.0,4.911205768585205,1.3718383312225342,1693.4812138409907
6945.0,68.44969177246094,3.659724712371826,1693.6560507649992
6946.0,74.62177276611328,4.896578311920166,1693.9080952789955
6947.0,31.955162048339844,2.7195346355438232,1694.0979011539894
6948.0,33.75531768798828,4.078658103942871,1694.293020801997
6949.0,31.519201278686523,2.897157907485962,1694.5471307330008
6950.0,58.90892028808594,3.9700241088867188,1694.723556912999
6951.0,17.953567504882812,2.5298330783843994,1694.9597498989897
6952.0,63.62541198730469,3.528651714324951,1695.1541368719918
6953.0,18.84899139404297,2.258321762084961,1695.3355729749892
6954.0,75.84521484375,4.595625877380371,1695.5132099059992
6955.0,42.36208724975586,3.454927444458008,1695.6789052779932
6956.0,52.244407653808594,4.281652450561523,1695.9711458859965
6957.0,10.124612808227539,1.7124096155166626,1696.1482816729986
6958.0,22.945703506469727,2.9566447734832764,1696.323459206993
6959.0,180.35740661621094,6.105371475219727,1696.5107230859867
6960.0,16.993989944458008,2.1009111404418945,1696.6752761979878
6961.0,51.52448654174805,3.9408984184265137,1696.8842641209922
6962.0,11.742145538330078,2.2107441425323486,1697.0668462189933
6963.0,28.506515502929688,3.8775336742401123,1697.2666045279911
6964.0,51.96319580078125,3.9035871028900146,1697.4649173859943
6965.0,70.04421997070312,3.525662899017334,1697.6395044709934
6966.0,7.2153730392456055,1.4167824983596802,1697.8359909579885
6967.0,57.61376953125,4.467434883117676,1697.993341057998
6968.0,31.968154907226562,3.059906244277954,1698.174361087993
6969.0,8.111322402954102,2.013671636581421,1698.3558846389933
6970.0,44.45785903930664,3.459916591644287,1698.5144431730005
6971.0,9.027139663696289,1.4970239400863647,1698.702408609999
6972.0,8.708914756774902,1.8778504133224487,1698.8851601279894
6973.0,11.186267852783203,1.9024505615234375,1699.1059858730005
6974.0,63.05714797973633,5.310655117034912,1699.2890402679914
6975.0,17.69724464416504,2.8647568225860596,1699.4523593819904
6976.0,8.699947357177734,1.7833003997802734,1699.6296240499942
6977.0,46.69906234741211,3.5150415897369385,1699.8020637789887
6978.0,37.97840881347656,3.18308687210083,1700.0314572479983
6979.0,26.419328689575195,3.624750852584839,1700.2157888759975
6980.0,53.760406494140625,4.6569318771362305,1700.3791560859972
6981.0,7.97313928604126,1.6794154644012451,1700.5977722519892
6982.0,22.118314743041992,2.6684398651123047,1700.756290587
6983.0,11.79588794708252,2.216529130935669,1700.988607345993
6984.0,25.19451141357422,2.4835028648376465,1701.183444956987
6985.0,6.898190021514893,1.3942128419876099,1701.3477200579946
6986.0,31.076459884643555,3.6154332160949707,1701.5576090019895
6987.0,12.817493438720703,2.17311692237854,1701.7143949710007
6988.0,74.92850494384766,4.802887439727783,1701.8842960279871
6989.0,71.26156616210938,5.1815361976623535,1702.0648765919905
6990.0,9.451769828796387,1.5541232824325562,1702.2362775090005
6991.0,40.54254150390625,2.848400354385376,1702.4399580539903
6992.0,65.16854858398438,5.256259441375732,1702.6066032259987
6993.0,73.22713470458984,4.976637363433838,1702.8034538559878
6994.0,9.137164115905762,1.4226893186569214,1702.991772518988
6995.0,47.4449462890625,3.3871381282806396,1703.1546613120008
6996.0,44.089237213134766,3.417283296585083,1703.3488090899918
6997.0,15.985979080200195,2.4232075214385986,1703.514791073001
6998.0,339.5743408203125,10.971307754516602,1703.722955017991
6999.0,30.975479125976562,2.593186378479004,1703.902598515997
7000.0,34.28415298461914,2.951141119003296,1704.0749265679915
7001.0,8.56107234954834,1.386354923248291,1709.1251864229998
7002.0,58.700645446777344,4.233821868896484,1709.3051381849946
7003.0,17.7802791595459,1.767549991607666,1710.2366769159999
7004.0,16.396312713623047,2.2797462940216064,1711.4526936879993
7005.0,32.485225677490234,2.699073314666748,1712.472828492988
7006.0,18.9653263092041,3.016624689102173,1712.653951152999
7007.0,5.259222984313965,1.5061368942260742,1712.8665073879965
7008.0,90.39238739013672,4.904748916625977,1713.0637249769934
7009.0,72.32159423828125,3.38284969329834,1713.2498127589934
7010.0,127.97535705566406,6.530097961425781,1713.4566330919915
7011.0,19.090621948242188,2.110774040222168,1713.6266348439967
7012.0,18.741159439086914,2.4102132320404053,1713.810026866995
7013.0,35.83695602416992,3.114548921585083,1713.9904581439914
7014.0,41.32792282104492,2.879427671432495,1714.1692523539969
7015.0,25.598939895629883,3.900681257247925,1714.3620915469946
7016.0,75.96253204345703,4.407081127166748,1714.5393163159897
7017.0,36.44733428955078,3.8886559009552,1714.728252328001
7018.0,5.7064313888549805,1.1927943229675293,1714.8931920959876
7019.0,52.13905334472656,4.887485504150391,1715.06661784499
7020.0,44.13401412963867,4.881712913513184,1715.2481137819996
7021.0,10.268423080444336,2.202014207839966,1715.432309772994
7022.0,69.50560760498047,4.527573585510254,1715.6075882320001
7023.0,42.16015625,3.2294771671295166,1715.8060902759898
7024.0,33.88752365112305,3.5706419944763184,1715.956032994989
7025.0,36.27835464477539,2.901456594467163,1716.1441106279963
7026.0,6.899462699890137,1.5461912155151367,1716.3243914439954
7027.0,187.55795288085938,7.173171043395996,1716.489306450996
7028.0,7.425023555755615,1.6852082014083862,1716.6610444469989
7029.0,88.94306182861328,5.506258487701416,1716.8367428799975
7030.0,5.93145227432251,1.3547013998031616,1717.0106165229954
7031.0,6.426449298858643,1.3241114616394043,1717.2147870179906
7032.0,908.7135009765625,25.51942253112793,1717.4088699999993
7033.0,24.316314697265625,2.041842460632324,1717.5859062349919
7034.0,16.03862762451172,2.166337728500366,1717.7525065899972
7035.0,30.555524826049805,2.602560043334961,1717.9300605979952
7036.0,834.4176635742188,23.52406883239746,1718.101483475999
7037.0,29.021739959716797,2.167461395263672,1718.276329824992
7038.0,6.569157600402832,1.3238619565963745,1718.459097311992
7039.0,25.628379821777344,3.076728582382202,1718.6362508249877
7040.0,20.207416534423828,1.987979531288147,1718.8038628899958
7041.0,57.52510070800781,4.307976245880127,1719.028793749996
7042.0,26.88453483581543,2.260347604751587,1719.2201685799955
7043.0,25.85017204284668,2.9211292266845703,1719.4036175149959
7044.0,17.358491897583008,2.739732265472412,1719.592574958995
7045.0,7.8488922119140625,1.8819003105163574,1719.787930237988
7046.0,22.297229766845703,2.970407009124756,1720.0106148529885
7047.0,5.68234920501709,1.211615800857544,1720.2000849439937
7048.0,55.566749572753906,3.9989418983459473,1720.3675376229949
7049.0,5.297617435455322,1.20333731174469,1720.573831198999
7050.0,12.95177173614502,2.0063400268554688,1720.7592923829943
7051.0,53.11911392211914,3.497379779815674,1720.947930943992
7052.0,55.75596618652344,5.379213809967041,1721.142767792
7053.0,14.116283416748047,2.1999993324279785,1721.3368922029913
7054.0,4.36841344833374,1.0425665378570557,1721.5098301909893
7055.0,12.69924545288086,1.6611565351486206,1721.6882902499929
7056.0,152.70091247558594,5.709439277648926,1721.9046011399914
7057.0,11.046792030334473,1.9692572355270386,1722.0910268379957
7058.0,47.93264389038086,4.212652206420898,1722.2721224509878
7059.0,9.510226249694824,1.60477876663208,1722.4470231409941
7060.0,5.695910453796387,1.2679094076156616,1722.6436581099988
7061.0,7.72344970703125,1.5823577642440796,1722.8533296919923
7062.0,184.64334106445312,6.453069686889648,1723.0303366789885
7063.0,18.84873390197754,2.618464231491089,1723.1928496549954
7064.0,54.171417236328125,3.632100820541382,1723.3780649149994
7065.0,70.53917694091797,5.438220024108887,1723.5788977159973
7066.0,16.702306747436523,2.041208505630493,1723.7423117069993
7067.0,17.68561553955078,2.2030816078186035,1723.9184765519894
7068.0,11.0525541305542,2.0891854763031006,1724.1014880619914
7069.0,10.541735649108887,1.6474969387054443,1724.2809358779923
7070.0,9.108195304870605,1.7218893766403198,1724.445271766992
7071.0,11.56058406829834,2.304685592651367,1724.642513955987
7072.0,27.03095245361328,3.147509813308716,1724.816033607989
7073.0,42.61826705932617,3.2231967449188232,1724.990338632997
7074.0,108.9559555053711,6.548993110656738,1725.199236897999
7075.0,436.33404541015625,7.212543964385986,1725.43647030399
7076.0,9.694454193115234,1.5095065832138062,1725.649116539993
7077.0,33.23806381225586,2.449512243270874,1725.854438475988
7078.0,6.2839555740356445,1.3618415594100952,1726.049814471
7079.0,23.299480438232422,2.947458505630493,1726.2462743149954
7080.0,7.26630163192749,1.423430323600769,1726.4195221819973
7081.0,11.281429290771484,2.1258387565612793,1726.6151176540006
7082.0,108.47406005859375,6.453122615814209,1726.804556905001
7083.0,30.423654556274414,2.8612914085388184,1726.998465482
7084.0,13.003447532653809,2.4062609672546387,1727.174108701991
7085.0,500.7047119140625,15.211909294128418,1727.3760635899962
7086.0,123.40160369873047,8.344388961791992,1727.5776560259983
7087.0,44.31298828125,3.51578950881958,1727.7513389699889
7088.0,47.58041763305664,3.0506656169891357,1727.9141181789892
7089.0,43.59343719482422,3.9869980812072754,1728.0936597709951
7090.0,76.17615509033203,4.021090984344482,1728.3098002749903
7091.0,52.38505554199219,3.498152494430542,1728.493719332997
7092.0,93.39305877685547,7.349796772003174,1728.6721018579992
7093.0,50.42345428466797,4.218456745147705,1728.8641797979944
7094.0,9.8714599609375,1.5741832256317139,1729.0448435119906
7095.0,80.25962829589844,5.312427997589111,1729.2051685579936
7096.0,64.52508544921875,4.661463737487793,1729.3772895629954
7097.0,67.79267120361328,5.189945220947266,1729.5647150519944
7098.0,22.92359733581543,2.7144854068756104,1729.7392916440003
7099.0,11.586507797241211,2.091374158859253,1729.9377962359868
7100.0,23.967267990112305,2.746345043182373,1730.1410880299954
7101.0,36.91285705566406,3.3902299404144287,1735.1517701519915
7102.0,65.798828125,4.089758396148682,1735.3161430929904
7103.0,6.316218376159668,1.5069372653961182,1735.4752847339987
7104.0,12.507674217224121,1.8219562768936157,1735.6908227159875
7105.0,16.761215209960938,2.7432680130004883,1735.8931082709896
7106.0,32.4968147277832,3.6231610774993896,1736.092510136994
7107.0,19.08724594116211,1.9953242540359497,1736.4124509959947
7108.0,9.332193374633789,1.7872695922851562,1736.5948042489908
7109.0,28.36798667907715,1.9709932804107666,1736.8244878989935
7110.0,45.61407470703125,3.54584002494812,1736.9933711659978
7111.0,47.065059661865234,3.5583221912384033,1737.1681239659956
7112.0,13.449645042419434,2.5165114402770996,1737.3471696389897
7113.0,25.260334014892578,2.874055862426758,1737.5586523159873
7114.0,17.432575225830078,2.183483362197876,1737.7262948869902
7115.0,59.20043182373047,4.892995357513428,1737.9427079179877
7116.0,8.32734203338623,1.8783726692199707,1738.1581489749951
7117.0,498.0140380859375,19.289024353027344,1738.334041871989
7118.0,8.80240535736084,1.3859835863113403,1738.5356627639994
7119.0,9.985455513000488,1.732557773590088,1738.719316948991
7120.0,7.594442844390869,1.525189995765686,1738.8788789109967
7121.0,341.2143859863281,15.742864608764648,1739.0905549609888
7122.0,5.012803077697754,1.2992202043533325,1739.2659328429872
7123.0,116.83546447753906,5.753614902496338,1739.456443416988
7124.0,13.756044387817383,1.978144884109497,1739.672563013999
7125.0,63.535789489746094,5.197596073150635,1739.852017311001
7126.0,233.41082763671875,9.950490951538086,1740.0300134689896
7127.0,158.38597106933594,7.893924236297607,1740.1861194869998
7128.0,57.02127456665039,3.6158065795898438,1740.3507552529918
7129.0,50.26856231689453,3.9288225173950195,1740.5297293449985
7130.0,8.830163955688477,1.7642004489898682,1740.6875666079868
7131.0,22.405155181884766,2.543729543685913,1740.8978441599902
7132.0,63.25466537475586,4.825437545776367,1741.0824031059892
7133.0,20.63435935974121,2.090872287750244,1741.271431658999
7134.0,47.701419830322266,5.181599140167236,1741.486083484997
7135.0,38.66352081298828,3.2083606719970703,1741.6624704089918
7136.0,14.305953025817871,2.2036821842193604,1741.860470943997
7137.0,6.545044422149658,1.5525740385055542,1742.0263517569983
7138.0,55.54647445678711,4.378633975982666,1742.192470185997
7139.0,98.1540756225586,7.449240684509277,1742.3761993999942
7140.0,8.269190788269043,1.3831630945205688,1742.5348607779888
7141.0,32.85039138793945,2.814699172973633,1742.7173505120008
7142.0,27.74251937866211,2.138059139251709,1742.8825872189918
7143.0,40.11920928955078,3.2951433658599854,1743.095240855997
7144.0,6.368099212646484,1.4666603803634644,1743.2740233649965
7145.0,5.555155277252197,1.4983662366867065,1743.4421066679934
7146.0,36.15753173828125,2.6655466556549072,1743.6260989209986
7147.0,60.83363342285156,3.6259021759033203,1743.7927101569949
7148.0,53.88198471069336,4.19842529296875,1744.050727431997
7149.0,23.0478515625,2.5742027759552,1744.247574101988
7150.0,19.169776916503906,2.243952989578247,1744.4274874769908
7151.0,21.30019187927246,2.4049696922302246,1744.6411788589903
7152.0,31.983455657958984,3.1330251693725586,1744.818057076991
7153.0,19.352542877197266,2.7900197505950928,1744.9875841850007
7154.0,9.991652488708496,2.00339937210083,1745.1727213069971
7155.0,166.38369750976562,6.1914849281311035,1745.341610782998
7156.0,32.912437438964844,2.6770479679107666,1745.5444288729923
7157.0,27.43174934387207,2.740269184112549,1745.759906014995
7158.0,7.829193115234375,1.3591583967208862,1745.9631079469982
7159.0,36.7271614074707,3.4697084426879883,1746.187395216999
7160.0,14.351536750793457,1.9025009870529175,1746.3658971599943
7161.0,6.946656703948975,1.448989987373352,1746.5540393439878
7162.0,89.28982543945312,4.036983013153076,1746.744085732993
7163.0,5.7098565101623535,1.2591928243637085,1746.9356757999922
7164.0,50.63335037231445,3.3926150798797607,1747.1433832599869
7165.0,33.299293518066406,3.4602410793304443,1747.338346007993
7166.0,169.78582763671875,7.818319797515869,1747.5273245860008
7167.0,6.8958234786987305,1.505011796951294,1747.7422229269869
7168.0,44.445064544677734,4.682802200317383,1747.9287791179959
7169.0,58.352699279785156,3.342355489730835,1748.1062046559964
7170.0,7.202611923217773,1.4166104793548584,1748.2887639559922
7171.0,60.659576416015625,3.6717183589935303,1748.4739176369912
7172.0,87.40907287597656,5.186790943145752,1748.6788367650006
7173.0,25.889183044433594,4.013241767883301,1748.8889092689933
7174.0,35.78779983520508,4.364903450012207,1749.0921173729876
7175.0,16.829208374023438,2.353137969970703,1749.355255752991
7176.0,39.32137680053711,3.572448492050171,1749.530876385994
7177.0,138.5063934326172,6.211065292358398,1749.726545942991
7178.0,33.57188034057617,4.210931301116943,1749.9495809749933
7179.0,6.370962142944336,1.566166877746582,1750.1420604899904
7180.0,11.121971130371094,1.9966318607330322,1750.3332430459996
7181.0,61.37419509887695,3.613866090774536,1750.5420230699965
7182.0,3.416386127471924,0.9491236805915833,1750.7224216929899
7183.0,16.877870559692383,2.550187826156616,1750.9529513179878
7184.0,16.327625274658203,2.3559064865112305,1751.1460392989975
7185.0,148.71290588378906,4.701239109039307,1751.3323867129948
7186.0,6.768705368041992,1.4170613288879395,1751.5336496909877
7187.0,150.5241241455078,8.174174308776855,1751.7287610929925
7188.0,221.8166046142578,7.112403869628906,1751.9249021409923
7189.0,54.7324333190918,3.6555325984954834,1752.1335076249961
7190.0,24.63235092163086,2.85972261428833,1752.328308903001
7191.0,14.886975288391113,2.607738494873047,1752.511712722
7192.0,7.904341220855713,1.438582181930542,1752.6939563449996
7193.0,42.846858978271484,3.70560622215271,1752.901277138997
7194.0,2.5801432132720947,0.8430847525596619,1753.0920880739868
7195.0,103.17510986328125,5.704644680023193,1753.298420154999
7196.0,50.42431640625,3.627063751220703,1753.5017734299909
7197.0,21.98805046081543,2.8856794834136963,1753.6932434539922
7198.0,30.846696853637695,2.1611130237579346,1753.8974197149946
7199.0,6.779389381408691,1.4368988275527954,1754.086387777992
7200.0,12.473610877990723,2.2058775424957275,1754.2645687740005
7201.0,23.379491806030273,2.27124285697937,1759.1066959089949
7202.0,14.711511611938477,2.4216504096984863,1759.2831806449976
7203.0,191.42372131347656,8.335509300231934,1760.0169433669944
7204.0,43.667293548583984,3.5619544982910156,1761.1628011219873
7205.0,70.32427978515625,4.458488464355469,1762.53054557
7206.0,639.961181640625,17.550975799560547,1762.7149516649952
7207.0,6.846038341522217,1.4305442571640015,1762.886426492987
7208.0,451.3167419433594,15.732973098754883,1763.071230703994
7209.0,124.12583923339844,6.353188991546631,1763.250201748
7210.0,24.77822494506836,2.710301160812378,1763.4367572779884
7211.0,22.299739837646484,2.657226800918579,1763.6053138839925
7212.0,27.38259506225586,3.054948568344116,1763.7969965849916
7213.0,45.35493087768555,3.185573101043701,1763.9851867359976
7214.0,509.6493835449219,18.895824432373047,1764.1758910169883
7215.0,11.279290199279785,2.2320950031280518,1764.356461767995
7216.0,6.853845119476318,1.611963152885437,1764.542275150001
7217.0,7.598678112030029,1.6767675876617432,1764.7408661289955
7218.0,36.85936737060547,2.4056894779205322,1764.9275262619922
7219.0,208.15631103515625,10.607020378112793,1765.1264925159921
7220.0,6.786320209503174,1.2368580102920532,1765.3213096059917
7221.0,7.970977783203125,1.405677080154419,1765.5151029019908
7222.0,6.346009254455566,1.4298032522201538,1765.7171903119888
7223.0,11.076499938964844,1.7862591743469238,1765.9106576249906
7224.0,7.143619060516357,1.5655972957611084,1766.0723071599932
7225.0,7.734378814697266,1.3487554788589478,1766.2766771199967
7226.0,13.484278678894043,1.6148881912231445,1766.4579165729956
7227.0,46.7957878112793,3.4652950763702393,1766.6391871149972
7228.0,15.300251960754395,2.522059679031372,1766.808921497999
7229.0,7.717098712921143,1.5337638854980469,1766.9844755099912
7230.0,100.99500274658203,7.341163635253906,1767.1560797719867
7231.0,123.6846923828125,5.24682092666626,1767.3290761209937
7232.0,42.97987365722656,4.4515180587768555,1767.517122418998
7233.0,8.127801895141602,1.4693903923034668,1767.7074919669976
7234.0,20.900901794433594,2.302337884902954,1767.908123796995
7235.0,8.396049499511719,1.5021215677261353,1768.0712580779946
7236.0,65.064453125,3.3366572856903076,1768.2657532999874
7237.0,9.965189933776855,1.8448649644851685,1768.4386956709932
7238.0,55.07171630859375,4.285972595214844,1768.6137640729867
7239.0,32.168792724609375,3.519007444381714,1768.7989548529877
7240.0,12.3782958984375,1.8919003009796143,1768.9800977319974
7241.0,23.56462860107422,2.4332475662231445,1769.140764443
7242.0,10.330037117004395,1.8825911283493042,1769.334139182989
7243.0,212.4031524658203,7.319746971130371,1769.5339577979903
7244.0,6.123842716217041,1.601081371307373,1769.7481893329968
7245.0,10.81836223602295,1.9773592948913574,1769.9335858749982
7246.0,16.35147476196289,2.587646961212158,1770.1377023029927
7247.0,26.38178253173828,2.8795979022979736,1770.3445291909884
7248.0,9.135225296020508,1.6256598234176636,1770.523460987999
7249.0,4.810166835784912,1.1163729429244995,1770.7076067939925
7250.0,43.183597564697266,2.818443536758423,1770.8866048089985
7251.0,11.053478240966797,2.04026198387146,1771.080291751001
7252.0,32.058406829833984,4.441338062286377,1771.3044556609966
7253.0,19.33782196044922,1.8137162923812866,1771.4943138499948
7254.0,43.76371765136719,3.4895944595336914,1771.6928841519984
7255.0,5.913361549377441,1.5606579780578613,1771.9144386989938
7256.0,48.61024475097656,3.5843756198883057,1772.0981375909905
7257.0,88.41378784179688,6.147207260131836,1772.2950473379897
7258.0,39.00352478027344,3.9336159229278564,1772.4850179130008
7259.0,29.458694458007812,3.2357430458068848,1772.6660605709912
7260.0,49.19169998168945,3.155402898788452,1772.874729705989
7261.0,45.33715057373047,3.3264293670654297,1773.0897121269954
7262.0,44.654930114746094,4.051052570343018,1773.288702490987
7263.0,209.5835418701172,7.689312934875488,1773.4985446200008
7264.0,51.14720153808594,4.786916732788086,1773.6758573249972
7265.0,138.1302947998047,7.843227863311768,1773.8644332010008
7266.0,7.286840438842773,1.395468831062317,1774.0550248039945
7267.0,10.13767147064209,1.8769704103469849,1774.2600329009874
7268.0,97.91704559326172,5.998403072357178,1774.4526109009894
7269.0,9.677639961242676,1.4555853605270386,1774.6440086639923
7270.0,14.623530387878418,2.3147025108337402,1774.829656832997
7271.0,25.840850830078125,2.9280660152435303,1775.0063525000005
7272.0,11.52601146697998,1.8159608840942383,1775.1954594919953
7273.0,7.471441745758057,1.8916689157485962,1775.3815040499903
7274.0,17.050251007080078,2.516106605529785,1775.5454234189965
7275.0,9.0720853805542,2.130976676940918,1775.7326106529945
7276.0,5.8010334968566895,1.2635020017623901,1775.9115520619962
7277.0,32.20226287841797,2.5885331630706787,1776.0936086619913
7278.0,13.117321014404297,2.0599992275238037,1776.2957205719867
7279.0,22.73768424987793,2.6622250080108643,1776.4908799309924
7280.0,52.406776428222656,3.606841802597046,1776.6648359919927
7281.0,30.26089096069336,2.5185794830322266,1776.8869721429946
7282.0,347.23797607421875,10.512627601623535,1777.1033180329978
7283.0,115.6434555053711,6.291645526885986,1777.2863904609985
7284.0,34.61804962158203,3.5897133350372314,1777.4852775079926
7285.0,35.31769561767578,2.8166327476501465,1777.6772062999953
7286.0,18.521440505981445,2.255964756011963,1777.8784309269977
7287.0,48.23149108886719,2.8406083583831787,1778.0634349419997
7288.0,46.870853424072266,3.8851253986358643,1778.2360737119889
7289.0,27.13986587524414,3.220137119293213,1778.468815797998
7290.0,81.2784652709961,5.442193031311035,1778.6481129439926
7291.0,5.985333442687988,1.260635495185852,1778.8337193029874
7292.0,31.006803512573242,2.412599563598633,1779.0543599349912
7293.0,5.043405532836914,1.3325159549713135,1779.2522125569958
7294.0,23.33881950378418,2.8459384441375732,1779.4432971909991
7295.0,119.15306854248047,5.784247398376465,1779.645142659996
7296.0,13.541678428649902,1.7969639301300049,1779.829790579999
7297.0,10.239082336425781,1.908150315284729,1779.9971006609994
7298.0,7.701078414916992,1.9639472961425781,1780.2286669369932
7299.0,12.5349702835083,1.8834667205810547,1780.4131469339918
7300.0,39.11983108520508,2.967876672744751,1780.6093705469975
7301.0,5.387800693511963,1.1870667934417725,1786.0522592829948
7302.0,42.94865417480469,3.2943642139434814,1786.2997229299945
7303.0,33.79196548461914,3.6454246044158936,1786.5102512839949
7304.0,27.77933120727539,3.4030888080596924,1786.6771898039879
7305.0,114.7681884765625,5.811622142791748,1786.8856865019916
7306.0,67.43501281738281,4.823544025421143,1787.0792262619943
7307.0,4.716801166534424,1.1567023992538452,1787.2554627819918
7308.0,55.350406646728516,3.961304187774658,1787.442269398991
7309.0,73.33656311035156,4.087535381317139,1787.6417188139894
7310.0,191.7119903564453,6.421962261199951,1787.81867203
7311.0,226.31060791015625,8.199824333190918,1788.0484236609918
7312.0,6.812485694885254,1.3684192895889282,1788.2518377739907
7313.0,16.445146560668945,2.391021251678467,1788.4228106859955
7314.0,36.58681869506836,3.31235671043396,1788.674664673992
7315.0,29.85834312438965,2.6812210083007812,1788.844766973998
7316.0,11.98537540435791,1.9232405424118042,1789.0197757309943
7317.0,22.149824142456055,2.5745530128479004,1789.2384634599875
7318.0,132.21142578125,3.7015604972839355,1789.440330169993
7319.0,24.74700355529785,3.181440830230713,1789.6505934649904
7320.0,607.3847045898438,16.251781463623047,1789.852399351992
7321.0,29.788188934326172,2.794490098953247,1790.0538985759922
7322.0,255.42588806152344,12.33767318725586,1790.2370433289907
7323.0,37.5362434387207,3.4070823192596436,1790.4255837379897
7324.0,42.930694580078125,3.1235039234161377,1790.6098821049964
7325.0,5.639643669128418,1.4449167251586914,1790.8124799849902
7326.0,35.23123550415039,4.341877460479736,1791.0009246449918
7327.0,45.310516357421875,3.966433048248291,1791.1943855209975
7328.0,15.838624000549316,2.237199544906616,1791.3777725359978
7329.0,14.076825141906738,1.9057116508483887,1791.5550985209993
7330.0,47.46999740600586,4.546534061431885,1791.7649604759936
7331.0,7.245077133178711,1.3233699798583984,1791.9440382689936
7332.0,26.861034393310547,2.814652681350708,1792.128072626001
7333.0,28.34674644470215,2.2564749717712402,1792.287007455001
7334.0,37.05986404418945,2.9515087604522705,1792.4635495549883
7335.0,5.855595111846924,1.5544764995574951,1792.643154903999
7336.0,8.461191177368164,1.5900323390960693,1792.8249316589936
7337.0,21.315811157226562,2.140988349914551,1792.9965392799932
7338.0,18.109891891479492,2.646111488342285,1793.1905228549876
7339.0,38.11418533325195,3.6111531257629395,1793.3959157339996
7340.0,26.94659423828125,3.720701217651367,1793.587221935988
7341.0,9.095589637756348,1.488096833229065,1793.770308274994
7342.0,27.75904083251953,2.7459254264831543,1793.9561213029956
7343.0,29.91490364074707,3.0083038806915283,1794.1463619909919
7344.0,43.321537017822266,3.242762565612793,1794.3139652399987
7345.0,8.801197052001953,1.8150111436843872,1794.5140878239908
7346.0,30.251680374145508,3.819927215576172,1794.708548494993
7347.0,15.914453506469727,2.138334035873413,1794.8907848679955
7348.0,40.970848083496094,4.068698406219482,1795.0565680939908
7349.0,9.78748893737793,1.665432095527649,1795.2614811579988
7350.0,27.877012252807617,2.4829916954040527,1795.438858552996
7351.0,15.759060859680176,2.0959136486053467,1795.6186942579952
7352.0,75.76236724853516,3.6445579528808594,1795.8218716970005
7353.0,15.483678817749023,1.7888628244400024,1796.0086876309942
7354.0,26.48948097229004,2.3932414054870605,1796.1972543969896
7355.0,23.29578971862793,2.196302652359009,1796.3919435309945
7356.0,32.955970764160156,2.7460901737213135,1796.5935002689948
7357.0,303.0120544433594,14.975879669189453,1796.7753150089993
7358.0,36.0250358581543,3.0187180042266846,1796.9486443019996
7359.0,16.870277404785156,2.1842918395996094,1797.1466143139987
7360.0,39.068565368652344,2.9022281169891357,1797.3781492799899
7361.0,13.872503280639648,1.8885005712509155,1797.5529475980002
7362.0,37.713436126708984,3.1365575790405273,1797.7221891549998
7363.0,207.88815307617188,7.772218227386475,1797.9221938869887
7364.0,41.61716079711914,3.8928675651550293,1798.1198976219894
7365.0,24.32678985595703,2.0537397861480713,1798.3026009489986
7366.0,8.639543533325195,1.6803884506225586,1798.4630888149986
7367.0,19.85007095336914,2.361027717590332,1798.6587620669889
7368.0,41.231773376464844,3.2602639198303223,1798.8394689879933
7369.0,31.7136287689209,2.4245684146881104,1799.0326717049902
7370.0,36.293487548828125,2.415087938308716,1799.2238681369927
7371.0,68.9188461303711,3.360464572906494,1799.4027342109912
7372.0,27.46082878112793,2.5850348472595215,1799.5751166199916
7373.0,45.935447692871094,3.6898128986358643,1799.7579455919913
7374.0,54.83017349243164,3.404506206512451,1799.965778297992
7375.0,9.034557342529297,1.850662350654602,1800.1322935989883
7376.0,19.028772354125977,2.604586362838745,1800.312403168995
7377.0,26.82428741455078,2.36336350440979,1800.4930363089952
7378.0,36.827701568603516,3.007573127746582,1800.667011765996
7379.0,10.223125457763672,1.7350542545318604,1800.8737537299894
7380.0,46.96013641357422,3.5427680015563965,1801.055097132994
7381.0,10.7638578414917,1.83719801902771,1801.2330872579914
7382.0,6.824244022369385,1.6633142232894897,1801.4789164159884
7383.0,37.72847366333008,2.990283966064453,1801.6653409909923
7384.0,26.330657958984375,3.4122962951660156,1801.8514064749907
7385.0,75.2501449584961,5.128793716430664,1802.005711270991
7386.0,5.298133850097656,1.3861442804336548,1802.182970777998
7387.0,24.321491241455078,3.091763973236084,1802.370012275991
7388.0,47.70855712890625,3.8121566772460938,1802.5447195239976
7389.0,18.411752700805664,2.2513391971588135,1802.7276950379892
7390.0,16.06339454650879,1.7749744653701782,1802.9283603839867
7391.0,7.925973415374756,1.5513601303100586,1803.1542236059904
7392.0,33.13003921508789,3.7836685180664062,1803.3323327089893
7393.0,102.46768951416016,5.554058074951172,1803.5019662259874
7394.0,40.061058044433594,3.266495704650879,1803.6834593439999
7395.0,63.421485900878906,4.01148796081543,1803.8710230739962
7396.0,11.339929580688477,1.665230631828308,1804.0539725359995
7397.0,41.37163162231445,4.9221296310424805,1804.2327732259873
7398.0,28.435606002807617,2.7126736640930176,1804.4263958329975
7399.0,14.670815467834473,1.843457579612732,1804.601471203001
7400.0,89.22962951660156,6.978572845458984,1804.7694317769929
7401.0,93.89098358154297,4.675943851470947,1809.1120083119895
7402.0,45.23906326293945,3.504420757293701,1809.289143017988
7403.0,65.38294219970703,3.0468955039978027,1809.4818890579918
7404.0,87.81257629394531,5.783321380615234,1809.6706001499988
7405.0,22.67783546447754,2.215029239654541,1809.8543368819956
7406.0,26.743680953979492,3.099022150039673,1810.0364068989875
7407.0,9.73076057434082,1.4653379917144775,1810.2357758709986
7408.0,14.187439918518066,2.2080023288726807,1810.4290711889917
7409.0,37.089683532714844,3.459585666656494,1810.616680068997
7410.0,13.816123962402344,2.0557637214660645,1810.8092270809866
7411.0,216.29310607910156,8.980546951293945,1810.9841292329947
7412.0,78.30168151855469,4.837338924407959,1811.1642266329873
7413.0,10.193098068237305,1.5204983949661255,1811.3649056279974
7414.0,21.88216781616211,3.255720853805542,1811.5798338869936
7415.0,39.09026336669922,3.0085017681121826,1811.7799566239992
7416.0,30.720500946044922,3.2378010749816895,1811.9813059209991
7417.0,7.678764820098877,1.4748202562332153,1812.1765877409925
7418.0,9.993932723999023,1.7235385179519653,1812.3871575619996
7419.0,6.117160797119141,1.3089641332626343,1812.5744822289998
7420.0,8.260530471801758,1.4288864135742188,1812.8312550759874
7421.0,82.25910186767578,3.767686605453491,1813.0295047099935
7422.0,9.379240036010742,1.700137734413147,1813.2215005089965
7423.0,783.7477416992188,20.605419158935547,1813.405437725989
7424.0,6.637271881103516,1.6752349138259888,1813.6109626909893
7425.0,45.495548248291016,4.342642307281494,1813.839034550998
7426.0,32.703269958496094,3.4783475399017334,1813.9997515639989
7427.0,14.230987548828125,2.0078279972076416,1814.2061885359872
7428.0,87.85316467285156,6.203645706176758,1814.3946939140005
7429.0,16.311601638793945,2.0685653686523438,1814.5846487119998
7430.0,13.559228897094727,1.937615156173706,1814.777438649995
7431.0,209.02542114257812,8.001388549804688,1815.0218380839942
7432.0,30.7614688873291,3.420351028442383,1815.2226365779934
7433.0,18.846439361572266,2.3818626403808594,1815.4022201499902
7434.0,21.825435638427734,2.9801697731018066,1815.6181765749934
7435.0,9.912575721740723,1.971469759941101,1815.7996072069946
7436.0,37.5921630859375,2.3678884506225586,1816.0083550769923
7437.0,129.0829315185547,5.728137493133545,1816.1833500229986
7438.0,6.435093402862549,1.135225534439087,1816.3913741009892
7439.0,14.910177230834961,2.024106979370117,1816.6172412189917
7440.0,21.922813415527344,2.4724173545837402,1816.8008332509926
7441.0,37.341796875,3.699270248413086,1817.017420942997
7442.0,9.831010818481445,1.461920142173767,1817.2588784260006
7443.0,39.046817779541016,2.978278875350952,1817.4426904680004
7444.0,8.023757934570312,2.05433988571167,1817.6864526259887
7445.0,5.917959213256836,1.30203115940094,1817.9347491980006
7446.0,88.92301177978516,3.1537258625030518,1818.1334052119928
7447.0,5.187670707702637,1.3574711084365845,1818.3234647129866
7448.0,48.240787506103516,3.612173318862915,1818.530882119987
7449.0,59.28799057006836,3.9760496616363525,1818.7004567159893
7450.0,53.861427307128906,4.211531639099121,1818.898592995989
7451.0,7.476651668548584,1.4350959062576294,1819.0668214879988
7452.0,381.1552429199219,16.76198959350586,1819.244552958
7453.0,24.229145050048828,2.586637496948242,1819.4310316310002
7454.0,8.95840835571289,1.7065833806991577,1819.5965219279897
7455.0,15.903412818908691,1.960273265838623,1819.7929703970003
7456.0,66.42462158203125,6.0966997146606445,1820.003771904987
7457.0,34.717227935791016,3.542670488357544,1820.2437236209953
7458.0,12.746102333068848,2.073021650314331,1820.499997943989
7459.0,8.121909141540527,1.554669976234436,1820.6654320109956
7460.0,16.948667526245117,2.175898551940918,1820.976309737991
7461.0,7.006495475769043,1.4067082405090332,1821.1303790089878
7462.0,16.844329833984375,2.1972601413726807,1821.3137742510007
7463.0,70.98441314697266,5.451330184936523,1821.538570891993
7464.0,188.97557067871094,6.4239583015441895,1821.7051181159914
7465.0,14.829559326171875,2.098539352416992,1821.9894858089974
7466.0,46.60446548461914,3.483093023300171,1822.176054119991
7467.0,41.230064392089844,3.2933349609375,1822.3437763979891
7468.0,131.22581481933594,8.396299362182617,1822.5470541159884
7469.0,42.36819076538086,3.3463284969329834,1822.722827184989
7470.0,59.18367385864258,3.8577017784118652,1822.9144920289982
7471.0,205.24684143066406,11.393449783325195,1823.0929131809971
7472.0,12.447721481323242,1.9894546270370483,1823.2717739590007
7473.0,47.51893615722656,3.730720043182373,1823.4879934709897
7474.0,148.24154663085938,7.056276798248291,1823.6484083789983
7475.0,36.375274658203125,3.1154417991638184,1823.8267420509947
7476.0,55.11406707763672,4.102832794189453,1824.018438774001
7477.0,13.206619262695312,1.7354079484939575,1824.1916908499988
7478.0,6.896389961242676,1.2834120988845825,1824.4020196189958
7479.0,15.563011169433594,2.2154877185821533,1824.6093130839872
7480.0,10.62975025177002,1.3805469274520874,1824.785662743001
7481.0,30.15130043029785,3.0198376178741455,1825.0233152839937
7482.0,28.48853302001953,3.3702845573425293,1825.2266535870003
7483.0,22.860816955566406,3.4622297286987305,1825.3932444159873
7484.0,26.23520851135254,2.1841909885406494,1825.6052951329912
7485.0,6.6415581703186035,1.4890358448028564,1825.7864605239884
7486.0,12.477045059204102,1.5974701642990112,1825.949384861
7487.0,15.835976600646973,2.3397305011749268,1826.190328245997
7488.0,18.255064010620117,2.35306453704834,1826.3810530649935
7489.0,54.32207107543945,3.7227489948272705,1826.5410693239974
7490.0,20.896738052368164,2.261446237564087,1826.7854930639878
7491.0,6.160400390625,1.5739960670471191,1826.9569155479985
7492.0,126.87474060058594,6.950390815734863,1827.130724980001
7493.0,10.48927116394043,1.9149185419082642,1827.3257691209874
7494.0,12.484981536865234,1.805214762687683,1827.4977366489911
7495.0,15.95993423461914,1.832343339920044,1827.7147455179947
7496.0,48.81692123413086,5.401302814483643,1827.9063716989913
7497.0,13.41419506072998,2.1979286670684814,1828.064393351
7498.0,13.520605087280273,2.114473819732666,1828.2577278940007
7499.0,108.92463684082031,3.936502695083618,1828.4328762319929
7500.0,286.3291320800781,8.35539722442627,1828.642824028997
7501.0,47.61040115356445,4.321866035461426,1833.5397984390002
7502.0,73.98267364501953,4.641525745391846,1833.7282788929879
7503.0,19.46727752685547,2.5840349197387695,1833.9251116009982
7504.0,43.8835334777832,3.312994956970215,1834.1044760489895
7505.0,56.024166107177734,4.917241096496582,1834.301138994997
7506.0,6.142469882965088,1.2825288772583008,1834.4953787169943
7507.0,45.73014831542969,3.5531489849090576,1834.6769138969976
7508.0,15.466659545898438,2.163907766342163,1834.8628435389983
7509.0,43.34928512573242,3.401876211166382,1835.0324055569945
7510.0,16.277870178222656,2.5058019161224365,1835.219853024988
7511.0,151.8744659423828,8.237061500549316,1835.3903860839928
7512.0,14.991868019104004,2.3659486770629883,1835.585907914996
7513.0,5.555168151855469,1.2019222974777222,1835.782406429993
7514.0,16.504192352294922,2.3297770023345947,1835.9692295309942
7515.0,19.850082397460938,2.528862476348877,1836.1441137129877
7516.0,28.063634872436523,3.1629488468170166,1836.324133695991
7517.0,7.371668815612793,1.3864808082580566,1836.5235202269978
7518.0,66.2002944946289,3.5933899879455566,1836.7119442709954
7519.0,10.704021453857422,1.7339335680007935,1836.8979336159973
7520.0,506.89501953125,18.96561050415039,1837.093696322001
7521.0,29.05056381225586,3.0945894718170166,1837.2527365989954
7522.0,62.03972625732422,4.0905585289001465,1837.4377579089924
7523.0,44.812801361083984,4.86843204498291,1837.6355194989883
7524.0,7.206998348236084,1.3805768489837646,1837.8128636759939
7525.0,18.712265014648438,2.8046600818634033,1837.9854178929963
7526.0,28.76106834411621,2.203439235687256,1838.159803729999
7527.0,729.4116821289062,18.26600456237793,1838.3456463009934
7528.0,45.08396911621094,4.026914119720459,1838.5380093610001
7529.0,31.45111656188965,2.777219772338867,1838.7505503669963
7530.0,51.98182678222656,4.680337905883789,1838.964649155998
7531.0,13.481021881103516,2.1590521335601807,1839.1403508369986
7532.0,132.14076232910156,3.7478668689727783,1839.3329501179978
7533.0,278.8367919921875,14.545434951782227,1839.5314002349915
7534.0,10.620959281921387,1.966448426246643,1839.7207960929954
7535.0,48.8307991027832,4.0518083572387695,1839.9284956759948
7536.0,13.735254287719727,2.108696699142456,1840.1111244119966
7537.0,24.393457412719727,2.7191739082336426,1840.3156425079942
7538.0,16.79979705810547,2.08345890045166,1840.5090645579912
7539.0,4.4441938400268555,1.0305976867675781,1840.6801282729866
7540.0,58.42911911010742,4.386754989624023,1840.848837241996
7541.0,27.293426513671875,3.1956803798675537,1841.038377934994
7542.0,15.165887832641602,2.3245325088500977,1841.2374135009886
7543.0,56.84830093383789,3.8660471439361572,1841.4188053219987
7544.0,56.50838851928711,4.773773670196533,1841.6154373389872
7545.0,16.874937057495117,1.7700220346450806,1841.8036142559868
7546.0,43.602027893066406,4.4189133644104,1842.011607759996
7547.0,23.059123992919922,1.9926726818084717,1842.2133351779921
7548.0,6.986618995666504,1.5750830173492432,1842.40417616599
7549.0,22.03580093383789,2.8086605072021484,1842.603344143994
7550.0,14.04745101928711,2.0191659927368164,1842.7872172749921
7551.0,16.402576446533203,2.0655553340911865,1842.9989324909984
7552.0,20.567142486572266,2.625883102416992,1843.1850207299867
7553.0,109.84402465820312,4.322808265686035,1843.3624195699958
7554.0,18.942371368408203,2.402463912963867,1843.5337125109945
7555.0,15.95180606842041,2.48476243019104,1843.7242217119929
7556.0,5.635022163391113,1.5206907987594604,1843.9395105009899
7557.0,36.56486129760742,3.094905138015747,1844.12388551599
7558.0,14.060846328735352,1.5929625034332275,1844.3163290569937
7559.0,56.67293167114258,3.7619123458862305,1844.5007693069929
7560.0,62.75003433227539,4.17449426651001,1844.691415259993
7561.0,12.530203819274902,2.0494627952575684,1844.9107279299933
7562.0,8.686683654785156,1.4176868200302124,1845.0954275839904
7563.0,34.42380905151367,3.3240745067596436,1845.2690943529888
7564.0,37.09082794189453,2.304941177368164,1845.4502279669978
7565.0,10.41318416595459,1.725661039352417,1845.6241145349923
7566.0,35.21150207519531,3.010504722595215,1845.7972834379907
7567.0,5.0213236808776855,1.1793122291564941,1845.9884679989918
7568.0,17.13136100769043,2.1577649116516113,1846.1883700489998
7569.0,7.091935157775879,1.3125879764556885,1846.4037416919891
7570.0,20.557798385620117,2.5230276584625244,1846.5826746309904
7571.0,8.593079566955566,1.5232141017913818,1846.7731595549994
7572.0,28.84559440612793,3.0613529682159424,1846.9573756649916
7573.0,203.2358856201172,8.281378746032715,1847.670632312991
7574.0,18.15949058532715,2.0114312171936035,1848.8957558119873
7575.0,25.667465209960938,2.611879348754883,1850.273461744
7576.0,26.731046676635742,2.676945209503174,1850.4305016359867
7577.0,29.391111373901367,2.520880937576294,1850.6264448199945
7578.0,6.674229621887207,1.3533016443252563,1850.8050135879894
7579.0,85.01095581054688,4.857033729553223,1850.9787233440002
7580.0,40.82900619506836,3.4283556938171387,1851.1692094419996
7581.0,5.179105281829834,1.413938045501709,1851.3497708719951
7582.0,52.643131256103516,4.067575454711914,1851.5403239359875
7583.0,72.68787384033203,4.199460983276367,1851.7153340369987
7584.0,13.47861099243164,2.288243055343628,1851.9164034659916
7585.0,15.95270824432373,2.172093152999878,1852.0953286779986
7586.0,47.70810317993164,3.518611431121826,1852.2640138169954
7587.0,26.444244384765625,2.954608917236328,1852.4335047950008
7588.0,8.510579109191895,1.9076013565063477,1852.6314165479998
7589.0,7.112761497497559,1.3632198572158813,1852.8269412859954
7590.0,9.603435516357422,1.3357181549072266,1853.0168423259893
7591.0,414.3414306640625,12.726762771606445,1853.1984105029987
7592.0,56.713619232177734,4.299134731292725,1853.3746299299964
7593.0,15.513823509216309,2.2689015865325928,1853.5606043749867
7594.0,27.350801467895508,2.2969324588775635,1853.7376267309883
7595.0,12.65994644165039,2.2132866382598877,1853.9037948339974
7596.0,6.9785685539245605,1.460646152496338,1854.080695518991
7597.0,18.84530258178711,2.0778613090515137,1854.2484336529888
7598.0,9.591476440429688,1.8060686588287354,1854.4246271149896
7599.0,8.086688041687012,1.5704492330551147,1854.5963905789977
7600.0,7.441700458526611,1.3815476894378662,1854.7763332139875
7601.0,262.9634704589844,7.940338611602783,1861.5082433450007
7602.0,24.828224182128906,2.628310441970825,1861.6889236739953
7603.0,10.365900993347168,1.9201356172561646,1861.9572030439886
7604.0,9.657896041870117,1.7352125644683838,1862.1340398859902
7605.0,6.029730796813965,1.256655216217041,1862.3367835669924
7606.0,61.02743148803711,4.414120674133301,1862.5483917989914
7607.0,31.095054626464844,2.6454286575317383,1862.7281768579996
7608.0,78.78866577148438,4.708073139190674,1863.0911984159902
7609.0,8.455551147460938,1.5185467004776,1863.3896084309963
7610.0,333.1598815917969,8.7071533203125,1863.5606837749947
7611.0,57.10335159301758,3.639939546585083,1863.7803753939952
7612.0,7.2232184410095215,1.5312812328338623,1864.0111907779938
7613.0,6.817619800567627,1.191603422164917,1864.1835180380003
7614.0,26.186620712280273,3.6555604934692383,1864.4106344739994
7615.0,175.9125213623047,9.008955955505371,1864.564376076989
7616.0,36.14967727661133,3.372072219848633,1864.7614471059933
7617.0,6.849877834320068,1.2345024347305298,1864.9217884329992
7618.0,391.4455871582031,16.859098434448242,1865.1383769139939
7619.0,7.941625595092773,1.425684928894043,1865.3114641309949
7620.0,19.286951065063477,2.211124897003174,1865.5459536689887
7621.0,41.963653564453125,3.3178651332855225,1865.7351085749979
7622.0,9.523808479309082,1.9264132976531982,1865.9695753429987
7623.0,43.336395263671875,3.4249913692474365,1866.1832774840004
7624.0,12.356538772583008,1.7827885150909424,1866.4018306639919
7625.0,12.776241302490234,1.4923827648162842,1866.66778186
7626.0,68.45265197753906,5.893374443054199,1866.902762311991
7627.0,95.48577117919922,4.515935897827148,1867.0626409739925
7628.0,9.324386596679688,1.4378172159194946,1867.2378384209878
7629.0,9.496452331542969,1.607379674911499,1867.4137506539992
7630.0,35.41270065307617,3.5973610877990723,1867.6296823689918
7631.0,23.895774841308594,2.7161576747894287,1867.8415698329918
7632.0,106.18016815185547,5.0485992431640625,1868.0138063279883
7633.0,28.044994354248047,3.055110216140747,1868.217680375994
7634.0,74.1738510131836,6.214328765869141,1868.3813918259984
7635.0,12.57740306854248,1.8534055948257446,1868.5735911949887
7636.0,49.70774841308594,3.9303224086761475,1868.7747817079944
7637.0,23.43963623046875,3.0333242416381836,1868.9984678009932
7638.0,56.501121520996094,5.421600341796875,1869.1803789869882
7639.0,37.52165222167969,3.0379717350006104,1869.3620113189972
7640.0,40.96065139770508,4.638087272644043,1869.5398634969897
7641.0,40.09687805175781,4.059935569763184,1869.7518891689979
7642.0,17.126869201660156,2.344630241394043,1869.9536793789885
7643.0,70.53385162353516,3.878753423690796,1870.1173424559965
7644.0,16.426971435546875,2.27021861076355,1870.3337438179879
7645.0,89.46429443359375,5.790285110473633,1870.5121312819974
7646.0,55.882930755615234,3.1443188190460205,1870.673835900001
7647.0,18.549320220947266,3.056901454925537,1870.8841231719998
7648.0,15.274709701538086,2.140007734298706,1871.0990811800002
7649.0,183.5373992919922,7.476451396942139,1871.3111476019985
7650.0,8.079349517822266,1.7681628465652466,1871.49257855599
7651.0,225.80873107910156,10.604303359985352,1871.6796928769909
7652.0,29.548559188842773,2.563490629196167,1871.9015933029877
7653.0,15.913747787475586,2.0386178493499756,1872.0965571289998
7654.0,22.72625732421875,2.5391125679016113,1872.2529217639967
7655.0,9.733078956604004,2.235866069793701,1872.450275258001
7656.0,26.704715728759766,2.6910207271575928,1872.6407999689982
7657.0,35.104530334472656,2.3713719844818115,1872.8236595599883
7658.0,44.778900146484375,3.9992363452911377,1873.0293679289898
7659.0,22.87235450744629,2.391080141067505,1873.2163762299897
7660.0,8.67947006225586,2.0294814109802246,1873.416173160993
7661.0,58.14558410644531,5.518332004547119,1873.6223481739871
7662.0,73.9440689086914,4.349743843078613,1873.8056261549937
7663.0,31.296260833740234,3.4122681617736816,1873.9754126149928
7664.0,9.16484260559082,1.8241935968399048,1874.1498867189948
7665.0,14.290935516357422,2.4112067222595215,1874.3600481719914
7666.0,32.06777572631836,2.8142457008361816,1874.5447281139932
7667.0,60.14325714111328,4.483768939971924,1874.749647151999
7668.0,102.3108139038086,4.857702732086182,1874.9324078809877
7669.0,84.7562255859375,5.1163530349731445,1875.1039474579884
7670.0,129.24884033203125,7.3577775955200195,1875.2828865589981
7671.0,9.262882232666016,1.5371944904327393,1875.4636447279918
7672.0,42.35398864746094,2.936673641204834,1875.6721140139998
7673.0,13.680729866027832,1.5689072608947754,1875.8520113379927
7674.0,37.282772064208984,4.525386333465576,1876.0342299819895
7675.0,4.308416366577148,1.0662165880203247,1876.2233125009952
7676.0,133.554931640625,5.137529373168945,1876.429071705992
7677.0,7.820091247558594,1.489841103553772,1876.6164325889986
7678.0,8.687283515930176,2.0355377197265625,1876.8146693829913
7679.0,5.056399345397949,1.3516027927398682,1877.023118690995
7680.0,61.87644577026367,4.237511157989502,1877.2010919589957
7681.0,6.298412799835205,1.4463437795639038,1877.3877888079878
7682.0,28.928850173950195,2.861704111099243,1877.6072675289906
7683.0,10.944100379943848,1.54543137550354,1877.8108718639996
7684.0,7.2621965408325195,1.0678210258483887,1878.0451455889997
7685.0,40.54587936401367,3.10261607170105,1878.2216704699968
7686.0,71.27869415283203,3.477389335632324,1878.3959142159874
7687.0,45.52442169189453,4.259487628936768,1878.6105050729966
7688.0,38.935428619384766,3.118994951248169,1878.796368086987
7689.0,27.260473251342773,2.599989652633667,1878.9814537039929
7690.0,197.3043212890625,7.308045864105225,1879.151509570991
7691.0,7.339783668518066,1.4742223024368286,1879.3432459189935
7692.0,41.422725677490234,3.28261399269104,1879.5126692880003
7693.0,62.756370544433594,4.655063152313232,1879.698612371998
7694.0,47.53466033935547,3.9288973808288574,1879.8913827399956
7695.0,12.62877082824707,1.8777029514312744,1880.0741161679907
7696.0,27.05573844909668,2.7132911682128906,1880.2555889539944
7697.0,64.99937438964844,6.026647090911865,1880.4341387159948
7698.0,25.378337860107422,2.145078420639038,1880.62155317
7699.0,23.00865364074707,2.073852062225342,1880.8268791039882
7700.0,10.910796165466309,1.6972007751464844,1881.004532453997
7701.0,9.044909477233887,1.8390766382217407,1885.3900663129898
7702.0,12.835718154907227,1.5736995935440063,1885.5563599859888
7703.0,9.255349159240723,2.147108316421509,1885.7406803630001
7704.0,404.9432373046875,17.28131866455078,1885.931609976993
7705.0,10.952495574951172,1.9083243608474731,1886.0968817889952
7706.0,36.59759521484375,2.7288196086883545,1886.327151651989
7707.0,46.05866241455078,3.2660014629364014,1886.5131041669956
7708.0,16.943708419799805,2.088301181793213,1886.7018997979903
7709.0,4.955384254455566,1.2073307037353516,1886.8980133709993
7710.0,8.35728645324707,1.4980906248092651,1887.0742888169916
7711.0,293.9575500488281,10.939826965332031,1887.2599291129882
7712.0,30.164897918701172,2.743587017059326,1887.45020983
7713.0,44.91679382324219,3.3689703941345215,1887.6526467509975
7714.0,87.14153289794922,6.403669357299805,1887.8483156199945
7715.0,22.16034507751465,2.876526117324829,1888.035522769991
7716.0,17.81956672668457,2.2544097900390625,1888.2287703209877
7717.0,8.68945026397705,1.6333736181259155,1888.4158822459867
7718.0,49.709407806396484,4.497194766998291,1888.6103251869936
7719.0,8.018509864807129,1.6125515699386597,1888.8001844349928
7720.0,26.34840965270996,3.192370891571045,1889.006589206998
7721.0,61.435787200927734,3.653611421585083,1889.1859307659906
7722.0,20.694246292114258,2.692781686782837,1889.3670600589976
7723.0,43.416751861572266,3.5716755390167236,1889.5426962839992
7724.0,6.372539043426514,1.3108304738998413,1889.7434828569967
7725.0,31.92704200744629,2.5123307704925537,1889.9313430839975
7726.0,10.073887825012207,1.381129503250122,1890.1216090219968
7727.0,63.10348892211914,4.143247127532959,1890.3138995909976
7728.0,7.5433268547058105,1.3401856422424316,1890.5078492589964
7729.0,10.653189659118652,1.6328818798065186,1890.6907655579998
7730.0,168.25430297851562,8.252995491027832,1890.8656528219872
7731.0,40.86707305908203,3.197510242462158,1891.0808843379928
7732.0,6.6764678955078125,1.6056275367736816,1891.2673858130001
7733.0,243.35513305664062,11.340216636657715,1891.467595146998
7734.0,26.85298728942871,3.2194440364837646,1891.6574773689936
7735.0,158.48699951171875,7.091555118560791,1891.8498516929976
7736.0,41.078372955322266,3.0325777530670166,1892.029483205988
7737.0,80.24849700927734,6.974473476409912,1892.2285555069975
7738.0,23.499971389770508,2.197930097579956,1892.433811992989
7739.0,15.341116905212402,2.0816574096679688,1892.6291710149962
7740.0,16.338787078857422,2.070465087890625,1892.7873359919904
7741.0,42.065311431884766,3.7300829887390137,1892.9744808409887
7742.0,11.987221717834473,1.942435622215271,1893.1585742219904
7743.0,11.28122615814209,1.5072730779647827,1893.350198229993
7744.0,7.420976161956787,1.2498422861099243,1893.5470788349921
7745.0,7.558069705963135,1.4403948783874512,1893.707228602987
7746.0,10.767256736755371,1.8487516641616821,1893.897582302001
7747.0,9.414299964904785,2.14970326423645,1894.1007771500008
7748.0,75.44258880615234,5.308505535125732,1894.2930692189984
7749.0,58.39259719848633,3.8209128379821777,1894.4780790910008
7750.0,20.38357925415039,2.314112901687622,1894.6886564759916
7751.0,57.73741149902344,3.8349180221557617,1894.8641328059894
7752.0,143.8724365234375,5.887261390686035,1895.0528911459987
7753.0,108.05052947998047,5.9084930419921875,1895.2610084319895
7754.0,54.59946060180664,3.3453049659729004,1895.4416303479957
7755.0,15.837265014648438,2.0893845558166504,1895.6332255460002
7756.0,159.11231994628906,6.67490816116333,1895.8195206189994
7757.0,8.464079856872559,1.7054215669631958,1896.0065603969997
7758.0,13.188971519470215,2.121140718460083,1896.2158212639915
7759.0,70.69412994384766,3.8559560775756836,1896.40826655399
7760.0,29.945636749267578,3.88897705078125,1896.5947617269994
7761.0,39.590858459472656,3.13183856010437,1896.7686012569902
7762.0,18.06704330444336,2.098320484161377,1896.9453080879903
7763.0,48.08280944824219,3.49971866607666,1897.1348114680004
7764.0,24.856201171875,2.330829620361328,1897.3164640389878
7765.0,12.612497329711914,2.3449294567108154,1897.4903472109872
7766.0,32.54148864746094,2.191124677658081,1897.6793015659932
7767.0,11.71219539642334,1.6806097030639648,1897.8605555190006
7768.0,12.175424575805664,1.8504180908203125,1898.0468548229983
7769.0,30.011625289916992,2.4029664993286133,1898.2347661129897
7770.0,19.68184471130371,2.50603985786438,1898.4182826949982
7771.0,119.38907623291016,5.731240749359131,1898.5921987659967
7772.0,20.85010528564453,3.2457633018493652,1898.757265399996
7773.0,46.85525894165039,3.944434404373169,1898.9495539880008
7774.0,64.32089233398438,4.785721778869629,1899.1347015779902
7775.0,39.9327278137207,2.8989310264587402,1899.3144375279953
7776.0,16.470754623413086,2.165132999420166,1899.4965455639904
7777.0,41.631710052490234,3.597756862640381,1899.6898703369952
7778.0,16.748666763305664,2.1670079231262207,1899.8568462279945
7779.0,75.92012786865234,4.103252410888672,1900.1113197359955
7780.0,21.157411575317383,2.0478603839874268,1900.3195005809976
7781.0,12.163128852844238,1.9602539539337158,1900.5116643090005
7782.0,36.09459686279297,2.2809457778930664,1900.7167450829875
7783.0,8.7422513961792,1.3998032808303833,1900.9420125129982
7784.0,125.09239196777344,4.4702019691467285,1901.1235699299868
7785.0,47.22208023071289,3.428032398223877,1901.31054524699
7786.0,303.0169982910156,11.048462867736816,1901.55328796299
7787.0,198.4173126220703,7.562797546386719,1901.7481561449968
7788.0,34.323177337646484,2.4003498554229736,1901.925677340987
7789.0,10.032709121704102,1.72182297706604,1902.1315909989935
7790.0,25.476186752319336,2.424376964569092,1902.288525705997
7791.0,51.72516632080078,3.8135223388671875,1902.4756328939984
7792.0,10.310956954956055,1.537880778312683,1902.6704116639885
7793.0,157.18936157226562,7.432229995727539,1902.8609481339954
7794.0,150.22938537597656,8.389467239379883,1903.0790571489924
7795.0,24.22506332397461,2.5525853633880615,1903.265749112994
7796.0,46.39539337158203,3.0650975704193115,1903.4723407149868
7797.0,25.201021194458008,2.6727025508880615,1903.6771468049992
7798.0,9.350813865661621,1.6448359489440918,1903.8449468749895
7799.0,35.78639221191406,3.1788551807403564,1904.0129401629965
7800.0,10.028414726257324,1.7183998823165894,1904.209509827997
7801.0,51.50090408325195,3.385152816772461,1909.468017880994
7802.0,498.84552001953125,18.862028121948242,1909.660782492996
7803.0,71.62215423583984,5.180446147918701,1909.896173459987
7804.0,4.473515510559082,1.1089388132095337,1910.0515374059905
7805.0,26.953399658203125,2.8920235633850098,1910.287781785999
7806.0,8.502057075500488,1.550405740737915,1910.4480620299873
7807.0,24.273174285888672,2.6235694885253906,1910.6570221549919
7808.0,19.958723068237305,2.2116847038269043,1910.861036035989
7809.0,6.992795467376709,1.359981656074524,1911.0511220439948
7810.0,6.930664539337158,1.358056664466858,1911.2177540150005
7811.0,36.727413177490234,3.7269833087921143,1911.3831673209934
7812.0,15.816707611083984,2.1482186317443848,1911.5511895169911
7813.0,6.016019821166992,1.3899799585342407,1911.719948894999
7814.0,41.10805130004883,3.2508630752563477,1911.914552438
7815.0,6.759866237640381,1.345276117324829,1912.0839036449906
7816.0,89.0013656616211,4.3316969871521,1912.2818747489946
7817.0,13.068793296813965,2.3280746936798096,1912.4609400869958
7818.0,8.237967491149902,1.7711611986160278,1912.6306489779963
7819.0,63.92658233642578,3.741743803024292,1912.8482457749924
7820.0,12.744303703308105,1.9962291717529297,1913.0463235569914
7821.0,25.764095306396484,2.338300943374634,1913.2311147879955
7822.0,50.819488525390625,2.466059684753418,1913.436549288992
7823.0,11.771368980407715,2.2836146354675293,1913.6445721700002
7824.0,6.988307476043701,1.4670761823654175,1913.8256747589912
7825.0,2.7910709381103516,0.7937043905258179,1914.0271030809963
7826.0,37.50434112548828,4.448523998260498,1914.214926656001
7827.0,9.50001335144043,1.8030160665512085,1914.3875531699887
7828.0,44.80127716064453,3.2349307537078857,1914.5973563509906
7829.0,17.46150779724121,1.9895142316818237,1914.7808947589947
7830.0,69.87249755859375,3.9998865127563477,1914.960786644995
7831.0,28.500869750976562,2.7626588344573975,1915.167130265996
7832.0,27.6258487701416,3.8273427486419678,1915.3756957179867
7833.0,8.05297565460205,1.60867178440094,1915.5496983019984
7834.0,39.19040298461914,4.517512798309326,1915.7397762849869
7835.0,6.216970920562744,1.3892085552215576,1915.9351147919951
7836.0,47.29301452636719,3.975847005844116,1916.1372028309997
7837.0,14.803918838500977,1.8055957555770874,1916.315133843993
7838.0,184.32835388183594,8.253104209899902,1916.4923734159966
7839.0,89.96305847167969,6.253517150878906,1916.6788244649942
7840.0,38.70343780517578,3.06623911857605,1916.8540687499917
7841.0,6.198880195617676,1.3724403381347656,1917.0397113229992
7842.0,41.67500305175781,3.280315399169922,1917.2429266959953
7843.0,5.597064018249512,1.188301920890808,1917.4250132689922
7844.0,15.502561569213867,2.4181067943573,1917.621251138
7845.0,15.482545852661133,2.4172816276550293,1917.8012390090007
7846.0,33.04916763305664,3.3285558223724365,1918.0281621030008
7847.0,18.161407470703125,1.736672043800354,1918.218043216999
7848.0,34.64422607421875,3.1104135513305664,1918.4037763529923
7849.0,10.619174003601074,1.8206160068511963,1918.5946442939894
7850.0,35.09037399291992,2.980088949203491,1918.7615570739872
7851.0,17.439733505249023,2.287393808364868,1918.9466469709878
7852.0,38.47442626953125,3.748396158218384,1919.1464459679992
7853.0,533.7769775390625,19.72292137145996,1919.33527632599
7854.0,216.80264282226562,6.6574506759643555,1919.53262369
7855.0,30.02426528930664,2.568371534347534,1919.7551882219996
7856.0,7.565562725067139,1.2695902585983276,1919.987104396001
7857.0,30.544147491455078,2.820526361465454,1920.1911311449949
7858.0,4.935390949249268,1.319562554359436,1920.377487603997
7859.0,44.141998291015625,3.5775020122528076,1920.5850222739973
7860.0,9.400346755981445,1.7152271270751953,1920.792011283993
7861.0,19.6076717376709,2.240858316421509,1920.9794046269963
7862.0,8.276841163635254,1.697538137435913,1921.1614343039982
7863.0,8.212003707885742,1.5096057653427124,1921.3509537569917
7864.0,46.88750076293945,4.917713642120361,1921.5388035969954
7865.0,20.655275344848633,2.4338600635528564,1921.7389523389866
7866.0,7.053146839141846,1.4303534030914307,1921.9107009339932
7867.0,7.524755001068115,1.4804667234420776,1922.0793210089905
7868.0,48.897552490234375,3.9688239097595215,1922.2634834109922
7869.0,32.795143127441406,2.7620108127593994,1922.4597438019991
7870.0,5.995978355407715,1.2723702192306519,1922.6364483169891
7871.0,15.062346458435059,1.8752254247665405,1922.8257178289932
7872.0,212.8531951904297,8.20351505279541,1923.0108974779869
7873.0,44.955406188964844,3.8340904712677,1923.212524948991
7874.0,19.166824340820312,2.349513053894043,1923.4058202140004
7875.0,47.18257522583008,5.387073040008545,1923.57662991299
7876.0,15.587512016296387,2.1407833099365234,1923.7635773319926
7877.0,106.35723114013672,5.572301387786865,1923.9689394239977
7878.0,8.009903907775879,1.2043461799621582,1924.1513804139977
7879.0,30.379894256591797,3.08677077293396,1924.3367888859939
7880.0,665.1559448242188,18.58342742919922,1924.5352319609956
7881.0,15.455623626708984,2.2506771087646484,1924.7303910519986
7882.0,10.832280158996582,2.018195867538452,1924.8927407789888
7883.0,18.938798904418945,2.362100124359131,1925.0772370619961
7884.0,26.404335021972656,2.519289255142212,1925.2861108109937
7885.0,5.16471004486084,1.1633555889129639,1925.4759642610006
7886.0,46.86498260498047,3.4835398197174072,1925.6377794479922
7887.0,7.006359100341797,1.3138511180877686,1925.828062318993
7888.0,28.333419799804688,2.8149325847625732,1926.0239169649867
7889.0,24.808691024780273,3.142432928085327,1926.2026714059903
7890.0,13.094963073730469,1.9627379179000854,1926.383784103993
7891.0,50.87590408325195,4.367778778076172,1926.5614015419997
7892.0,8.389751434326172,1.5252249240875244,1926.7479666500003
7893.0,37.45866394042969,3.546464681625366,1926.9297915259958
7894.0,72.47833251953125,4.215907573699951,1927.1256373539945
7895.0,6.38330602645874,1.289620041847229,1927.2971828159934
7896.0,45.3231086730957,3.501966714859009,1927.4816366739979
7897.0,35.916175842285156,3.1184699535369873,1927.669267735997
7898.0,42.81099319458008,3.8010947704315186,1927.8470576599939
7899.0,20.92237091064453,2.4349536895751953,1928.0151825459907
7900.0,47.16659164428711,3.4119019508361816,1928.2185458059976
7901.0,49.42374038696289,3.8667380809783936,1932.6165146229905
7902.0,655.3764038085938,21.61288833618164,1932.8321503479965
7903.0,14.52828598022461,2.1676902770996094,1933.0129963509971
7904.0,25.11458969116211,2.6771721839904785,1933.1898799909977
7905.0,33.89296340942383,4.025877952575684,1933.4019064619933
7906.0,6.596108436584473,1.3555176258087158,1933.6057578749896
7907.0,6.347377300262451,1.2006233930587769,1933.7821186819929
7908.0,80.66426849365234,4.520179748535156,1933.9707816209993
7909.0,6.265946388244629,1.1875231266021729,1934.1621652179892
7910.0,13.901366233825684,1.5829591751098633,1934.352390710992
7911.0,27.13174819946289,3.463162660598755,1934.5502238989866
7912.0,39.093101501464844,2.9693877696990967,1934.7468781609932
7913.0,5.7393717765808105,1.4348071813583374,1934.9135815469926
7914.0,7.202840805053711,1.6280920505523682,1935.0933695839922
7915.0,53.586280822753906,3.191030502319336,1935.2811292439874
7916.0,61.78467559814453,4.782837867736816,1935.4641034639935
7917.0,19.880762100219727,2.8467133045196533,1935.651361762997
7918.0,9.558940887451172,1.435228943824768,1935.842620001
7919.0,161.6370086669922,8.675312042236328,1936.0429585219972
7920.0,88.07421112060547,5.828667640686035,1936.2238802609936
7921.0,12.96028995513916,1.7535940408706665,1936.3981190049963
7922.0,6.0714874267578125,1.3432954549789429,1936.5965935429995
7923.0,6.122577667236328,1.269582986831665,1936.7620851309912
7924.0,41.95327377319336,3.1560308933258057,1936.944084748
7925.0,8.840638160705566,1.5577476024627686,1937.1211814649869
7926.0,5.458576679229736,1.4768552780151367,1937.3177642589872
7927.0,46.04189682006836,3.617692708969116,1937.5211725539993
7928.0,14.579656600952148,2.7626099586486816,1937.7063238959963
7929.0,19.098281860351562,2.3177330493927,1937.8933159879962
7930.0,11.965609550476074,1.933111548423767,1938.0894317309867
7931.0,63.374725341796875,5.003294944763184,1938.2933574969938
7932.0,66.57040405273438,4.974854469299316,1938.4731145629921
7933.0,31.014629364013672,2.6974270343780518,1938.6507970039966
7934.0,24.16872787475586,2.3782289028167725,1938.8522106949968
7935.0,7.614545822143555,1.56352698802948,1939.0366056159983
7936.0,102.26828002929688,6.675251007080078,1939.2285470049974
7937.0,22.9290771484375,3.036393165588379,1939.4394009429961
7938.0,6.6608991622924805,1.5584867000579834,1939.651684241995
7939.0,19.256059646606445,2.316986322402954,1939.8918340629898
7940.0,8.325194358825684,1.6892898082733154,1940.1016060089896
7941.0,111.56568145751953,6.71990442276001,1940.2785963009956
7942.0,7.945065498352051,1.3373608589172363,1940.4574194249872
7943.0,4.582435607910156,1.0959917306900024,1940.6662133299978
7944.0,50.939483642578125,5.04739236831665,1940.8730259500007
7945.0,5.510356903076172,1.2432289123535156,1941.0500595739868
7946.0,83.45095825195312,6.634591579437256,1941.2133917749888
7947.0,7.483651161193848,1.5824391841888428,1941.4025637729937
7948.0,67.6028823852539,3.657719850540161,1941.5763308499882
7949.0,146.38771057128906,7.11591100692749,1941.7362149139954
7950.0,7.491458415985107,1.4566959142684937,1941.9267202609917
7951.0,79.38570404052734,3.531419277191162,1942.1055926789995
7952.0,51.053897857666016,3.6738836765289307,1942.2870830209868
7953.0,35.88021469116211,2.4687247276306152,1942.490276245997
7954.0,6.458380222320557,1.4510395526885986,1942.6617070159991
7955.0,11.313491821289062,1.6804612874984741,1942.886695106994
7956.0,54.929595947265625,4.067058086395264,1943.0397242119943
7957.0,17.744338989257812,3.0203640460968018,1943.2324671309907
7958.0,21.340246200561523,2.773838758468628,1943.4464954229916
7959.0,55.56782913208008,3.775510311126709,1943.6314772569895
7960.0,7.866338729858398,1.5397446155548096,1943.8094832789939
7961.0,61.30544662475586,3.7059426307678223,1944.006184974991
7962.0,15.933904647827148,2.5337111949920654,1944.2012007219892
7963.0,23.87156105041504,2.873596668243408,1944.394304482994
7964.0,78.27025604248047,3.881500482559204,1944.5756925739988
7965.0,29.670955657958984,2.564614772796631,1944.7532487849967
7966.0,70.79501342773438,3.305466890335083,1944.9645946079982
7967.0,33.58708953857422,2.735675573348999,1945.1547188209952
7968.0,23.663166046142578,2.0453555583953857,1945.3204230189876
7969.0,46.29937744140625,3.2217624187469482,1945.5180167259969
7970.0,24.187908172607422,3.8478243350982666,1945.699858833992
7971.0,20.711563110351562,2.7632851600646973,1945.888795640989
7972.0,31.02433967590332,3.5219123363494873,1946.137828957988
7973.0,48.023189544677734,3.37126088142395,1946.339678584991
7974.0,418.8125305175781,13.026778221130371,1946.5087764859927
7975.0,9.375238418579102,1.3564858436584473,1946.7555239119974
7976.0,34.4692497253418,3.4634904861450195,1946.9384807909955
7977.0,35.5983772277832,3.2123138904571533,1947.1121022949956
7978.0,8.75261402130127,1.6041978597640991,1947.2941322599945
7979.0,42.81089782714844,3.302684783935547,1947.4846352049935
7980.0,10.759273529052734,1.825503945350647,1947.7165149159991
7981.0,12.357266426086426,2.0607240200042725,1947.8903585059888
7982.0,22.298376083374023,2.778437852859497,1948.0625959179888
7983.0,28.33454704284668,3.444974184036255,1948.2500660799997
7984.0,61.805015563964844,4.117432117462158,1948.4054058599868
7985.0,62.0870475769043,4.788322925567627,1948.596882701997
7986.0,66.20321655273438,3.957082509994507,1948.7644369810005
7987.0,38.44428253173828,3.29475474357605,1948.9694465359935
7988.0,205.4908905029297,7.761201858520508,1949.1747076729953
7989.0,189.41236877441406,4.401120185852051,1949.3537939059897
7990.0,8.826387405395508,1.7386976480484009,1949.5528071989975
7991.0,37.006431579589844,2.7561774253845215,1949.7842513829964
7992.0,17.872772216796875,1.8322160243988037,1949.9544647479925
7993.0,51.198692321777344,3.7453720569610596,1950.1616505619895
7994.0,12.68525505065918,2.2596051692962646,1950.3330459179997
7995.0,28.358400344848633,2.4540998935699463,1950.5057805929973
7996.0,9.777809143066406,1.8511402606964111,1950.6995888699894
7997.0,35.380287170410156,3.0033535957336426,1950.8645023439894
7998.0,10.996376037597656,1.8975694179534912,1951.103809000997
7999.0,23.04247283935547,2.6746771335601807,1951.277630564
8000.0,37.627567291259766,3.1869747638702393,1951.4464364119922
8001.0,5.774040699005127,1.4091452360153198,1957.0150537489972
8002.0,127.62044525146484,6.2127156257629395,1957.1994823999994
8003.0,6.535662651062012,1.4121330976486206,1957.3859706419898
8004.0,33.42136001586914,2.963433027267456,1957.5636376059992
8005.0,52.68367004394531,3.916016101837158,1957.7557801660005
8006.0,29.186357498168945,3.1698272228240967,1957.9445333559997
8007.0,51.88629913330078,3.3577044010162354,1958.1309291819925
8008.0,6.65217924118042,1.3048397302627563,1958.3218911559961
8009.0,62.462162017822266,3.7918365001678467,1958.5146586599876
8010.0,12.761860847473145,2.1835880279541016,1958.7136890399997
8011.0,5.1975297927856445,1.0889925956726074,1958.902845834993
8012.0,7.003329277038574,1.3949265480041504,1959.0729014959943
8013.0,11.942252159118652,1.877866506576538,1959.2447450929903
8014.0,8.005942344665527,1.4441956281661987,1959.4315121929976
8015.0,19.187044143676758,2.17268443107605,1959.6402887609875
8016.0,80.97506713867188,5.996984004974365,1959.8256742069934
8017.0,36.63591003417969,3.057107925415039,1959.996346335989
8018.0,69.03874969482422,4.137353897094727,1960.182853942999
8019.0,389.9002990722656,17.185989379882812,1960.3698556579911
8020.0,42.179264068603516,3.5102975368499756,1960.5699499839975
8021.0,55.485111236572266,3.758449077606201,1960.7286465439975
8022.0,18.689695358276367,2.586242914199829,1960.942871348001
8023.0,9.519360542297363,1.515936255455017,1961.151835962999
8024.0,38.31758499145508,4.286849021911621,1961.3378964909934
8025.0,26.15587615966797,2.5393691062927246,1961.5263126589998
8026.0,67.8437271118164,4.088076591491699,1961.742344482991
8027.0,74.10327911376953,3.0642120838165283,1961.932614469988
8028.0,5.954752445220947,1.2443604469299316,1962.1114467109874
8029.0,5.561612606048584,1.1777679920196533,1962.3265363120008
8030.0,19.500219345092773,2.46164608001709,1962.5294633099984
8031.0,61.42159652709961,4.540463447570801,1962.7191911759874
8032.0,83.59400939941406,5.2601470947265625,1962.8881838529924
8033.0,20.238353729248047,3.434382200241089,1963.0764592049964
8034.0,10.918400764465332,1.5517969131469727,1963.266194027994
8035.0,16.406539916992188,1.9543119668960571,1963.4542821209907
8036.0,97.36807250976562,4.949862480163574,1963.639773899995
8037.0,77.89769744873047,4.9778547286987305,1963.8251477599988
8038.0,10.093353271484375,2.0735843181610107,1964.0165344069974
8039.0,6.964699745178223,1.5947425365447998,1964.1794971049967
8040.0,58.934078216552734,3.934990167617798,1964.3732541209902
8041.0,11.774028778076172,1.5810222625732422,1964.5554140319873
8042.0,34.948814392089844,3.7363674640655518,1964.7365026889893
8043.0,15.718780517578125,2.4030921459198,1964.928717502
8044.0,8.049273490905762,1.5558247566223145,1965.1257635419897
8045.0,40.00551986694336,2.8614649772644043,1965.3199184119876
8046.0,9.981353759765625,1.722731590270996,1965.519746577993
8047.0,39.527748107910156,4.564047336578369,1965.7249230469897
8048.0,5.9365739822387695,1.274471640586853,1965.8997078669927
8049.0,29.155380249023438,2.5744974613189697,1966.0988266599888
8050.0,31.152280807495117,2.744114398956299,1966.2872369729885
8051.0,11.443563461303711,1.893778920173645,1966.513603031999
8052.0,58.188697814941406,4.310487747192383,1966.6991527379869
8053.0,26.570096969604492,2.9126553535461426,1966.8908529409964
8054.0,31.6478271484375,3.9906749725341797,1967.0906762879895
8055.0,25.765705108642578,3.1836636066436768,1967.2768241439917
8056.0,68.66070556640625,3.7364706993103027,1967.4632513249962
8057.0,39.96857833862305,3.240053415298462,1967.6353567609913
8058.0,77.02684020996094,6.585636615753174,1967.8381036499923
8059.0,40.706600189208984,3.5423989295959473,1968.0383394550008
8060.0,9.033418655395508,1.3998008966445923,1968.214465631987
8061.0,54.491111755371094,3.8983993530273438,1968.3963639139984
8062.0,7.024198055267334,1.6129863262176514,1968.572281588
8063.0,30.457984924316406,3.219691753387451,1968.768874174988
8064.0,8.901606559753418,1.977317452430725,1968.9440578619979
8065.0,44.21478271484375,4.074643135070801,1969.1345211289881
8066.0,52.21133041381836,4.454881191253662,1969.3005245339882
8067.0,15.115069389343262,1.8981331586837769,1969.4952113920008
8068.0,47.243900299072266,2.716930389404297,1969.6803492279869
8069.0,12.720974922180176,2.004807710647583,1969.8720375259873
8070.0,17.460176467895508,2.26081919670105,1970.0522897240007
8071.0,553.244384765625,15.754658699035645,1970.2522313469963
8072.0,209.940673828125,6.762054920196533,1970.4309240889997
8073.0,52.75548553466797,3.564650297164917,1970.6295780590008
8074.0,676.650634765625,18.725257873535156,1970.8142237599968
8075.0,70.45140838623047,3.559739828109741,1971.0230938949971
8076.0,37.15497970581055,4.157601833343506,1971.2154039779998
8077.0,101.1916275024414,5.278733253479004,1971.399092061998
8078.0,50.27092742919922,3.6369030475616455,1971.5818035129923
8079.0,20.460445404052734,2.6958279609680176,1971.7810730319907
8080.0,14.928984642028809,1.6508708000183105,1971.9707031349972
8081.0,49.898624420166016,5.4263482093811035,1972.1778884149971
8082.0,402.4142150878906,13.127275466918945,1972.4092655649874
8083.0,11.127409934997559,2.0336761474609375,1972.594148595992
8084.0,4.53432559967041,1.2646247148513794,1972.7894264819915
8085.0,18.81023597717285,2.3603053092956543,1972.969301426987
8086.0,92.8720932006836,6.060206413269043,1973.1544230839936
8087.0,46.870704650878906,3.6192336082458496,1973.3778764559975
8088.0,46.00422668457031,4.647288799285889,1973.5436971309973
8089.0,7.297883987426758,1.4221469163894653,1973.7526470640005
8090.0,41.490291595458984,3.467686891555786,1973.9592115599953
8091.0,22.892845153808594,2.3744843006134033,1974.135754641
8092.0,155.32403564453125,6.66959810256958,1974.320226345997
8093.0,8.075813293457031,1.37144136428833,1974.5076902909932
8094.0,13.404065132141113,2.0102808475494385,1974.693828286996
8095.0,32.575069427490234,2.512918710708618,1974.8640533259895
8096.0,36.0494270324707,2.7801949977874756,1975.0445309019997
8097.0,22.999582290649414,2.335883855819702,1975.2368936040002
8098.0,165.0261993408203,8.28669548034668,1975.4547709199978
8099.0,31.93621253967285,3.3320257663726807,1975.654611232996
8100.0,20.371387481689453,2.892030715942383,1975.8573478619946
8101.0,7.263014793395996,1.3047775030136108,1980.2652980139974
8102.0,10.19620132446289,1.8153014183044434,1980.447200014998
8103.0,13.986528396606445,2.3125691413879395,1980.6173694839963
8104.0,5.5605926513671875,1.4479135274887085,1980.778698915994
8105.0,94.7850341796875,4.068665504455566,1980.965398853994
8106.0,6.6025590896606445,1.5617725849151611,1981.1441457829933
8107.0,45.721412658691406,3.1880414485931396,1981.3061234979978
8108.0,73.75554656982422,5.737321376800537,1981.5063108329923
8109.0,15.707256317138672,2.2376248836517334,1981.6745714049903
8110.0,11.17647647857666,1.7986141443252563,1981.8721135019878
8111.0,51.854339599609375,3.382725954055786,1982.0462211659906
8112.0,10.75722599029541,1.7965658903121948,1982.2206314629875
8113.0,34.56576919555664,3.43257474899292,1982.4343687039946
8114.0,53.685462951660156,4.356834411621094,1982.6107008749968
8115.0,38.859500885009766,2.628023386001587,1982.787270100991
8116.0,9.391600608825684,1.7676242589950562,1982.9521061569976
8117.0,33.09716033935547,2.7164340019226074,1983.1210431969957
8118.0,12.081398963928223,1.6356669664382935,1983.3019008669944
8119.0,11.863468170166016,2.124386787414551,1983.4726112979988
8120.0,66.4203109741211,4.273187637329102,1983.6448074590007
8121.0,15.295073509216309,2.284290313720703,1984.8649378449918
8122.0,5.986714839935303,1.0558724403381348,1986.183425160998
8123.0,260.0234375,7.835489273071289,1987.1565229379921
8124.0,104.41846466064453,4.828674793243408,1988.2223793589947
8125.0,9.995020866394043,1.515508770942688,1989.3355549099942
8126.0,13.954133987426758,2.0024750232696533,1990.324185665988
8127.0,32.8604850769043,2.237467050552368,1990.9994188809942
8128.0,11.400659561157227,1.8221005201339722,1991.1705120330007
8129.0,9.093987464904785,2.004450559616089,1991.3443463820004
8130.0,53.06845474243164,4.929628372192383,1991.5233175259928
8131.0,15.1292085647583,2.78718638420105,1991.7116672139964
8132.0,8.712663650512695,1.8066719770431519,1991.8826479299896
8133.0,4.872776031494141,1.1004399061203003,1992.094567207998
8134.0,7.093534469604492,1.406976342201233,1992.3268077599932
8135.0,285.1971740722656,10.096304893493652,1992.4911317289952
8136.0,206.67755126953125,7.949191570281982,1992.6952486669907
8137.0,14.886985778808594,1.6215009689331055,1992.8656054729945
8138.0,25.229007720947266,2.9788098335266113,1993.033829611988
8139.0,12.007213592529297,2.185828685760498,1993.259109393999
8140.0,6.9743428230285645,1.6284852027893066,1993.4267745769903
8141.0,9.291337013244629,1.8473347425460815,1993.6113646459999
8142.0,29.43022346496582,3.7002460956573486,1993.7815922109876
8143.0,94.56947326660156,6.198690891265869,1993.9553047049994
8144.0,54.15958786010742,4.482466697692871,1994.1476779989898
8145.0,17.714195251464844,2.03531551361084,1994.3097110359959
8146.0,5.437121391296387,1.1917109489440918,1994.5341786359932
8147.0,42.61080551147461,3.318351984024048,1994.713275777991
8148.0,5.694793701171875,1.3471075296401978,1994.9469958909904
8149.0,58.44907760620117,4.167611598968506,1995.1274129839876
8150.0,14.42725944519043,2.0606377124786377,1995.3088596359885
8151.0,30.155466079711914,2.9680824279785156,1995.476369074997
8152.0,14.761239051818848,2.3984081745147705,1995.7737118629884
8153.0,22.389156341552734,2.1220414638519287,1995.953303768998
8154.0,41.75526428222656,3.5680887699127197,1996.1382738699904
8155.0,20.67428970336914,1.8596011400222778,1996.3594423469913
8156.0,17.510526657104492,2.1558642387390137,1996.5178677489894
8157.0,7.316187381744385,1.5994457006454468,1996.7280987559934
8158.0,14.546024322509766,1.9602408409118652,1996.9158015930007
8159.0,364.8627014160156,16.35428810119629,1997.1024305899919
8160.0,43.21292495727539,3.1727521419525146,1997.2946557639953
8161.0,17.959430694580078,2.428741931915283,1997.4883849429898
8162.0,76.53736114501953,3.650728702545166,1997.6674591299961
8163.0,41.926780700683594,3.598236083984375,1997.859931412997
8164.0,58.352874755859375,3.780529499053955,1998.0578222329932
8165.0,6.567756175994873,1.483283281326294,1998.2418124629912
8166.0,9.947969436645508,1.7115418910980225,1998.4670602169936
8167.0,24.1485595703125,2.5109856128692627,1998.6430050329946
8168.0,87.46470642089844,4.517669677734375,1998.812329759996
8169.0,60.92879104614258,3.98307728767395,1999.0029981889966
8170.0,53.33655548095703,3.368190050125122,1999.1734511049872
8171.0,7.902557373046875,1.6810181140899658,1999.3620572079963
8172.0,7.160083770751953,1.3834065198898315,1999.5539268680004
8173.0,7.768228530883789,1.1868096590042114,1999.7528317769902
8174.0,54.83074951171875,4.059770107269287,1999.9556134739978
8175.0,59.62489700317383,3.8999991416931152,2000.140702453995
8176.0,12.708784103393555,2.4477200508117676,2000.3140974009875
8177.0,8.535240173339844,1.6411571502685547,2000.500710822991
8178.0,220.55841064453125,7.944427013397217,2000.683114378
8179.0,5.364638328552246,1.1780835390090942,2000.8595765049977
8180.0,81.57608795166016,4.887843132019043,2001.0411220699898
8181.0,7.129645824432373,1.3267312049865723,2001.233820673995
8182.0,24.013681411743164,2.757643938064575,2001.3869117869908
8183.0,8.47054672241211,1.7837446928024292,2001.5561207669962
8184.0,10.932351112365723,2.0210349559783936,2001.7394784819917
8185.0,83.23664855957031,6.030052185058594,2001.9101066389994
8186.0,18.71845817565918,2.68184232711792,2002.095960267994
8187.0,22.921554565429688,3.4154067039489746,2002.2854989740008
8188.0,5.533960819244385,1.1999595165252686,2002.4600422989897
8189.0,21.164705276489258,2.2722952365875244,2002.633877567001
8190.0,12.026405334472656,1.984918236732483,2002.8023411119939
8191.0,334.1428527832031,5.791332244873047,2003.0130137219967
8192.0,433.243896484375,16.07044219970703,2003.23480849099
8193.0,10.528179168701172,1.8924263715744019,2003.4501013970003
8194.0,60.40311050415039,3.971173048019409,2003.6587585439993
8195.0,9.095480918884277,1.5744518041610718,2003.8648401940009
8196.0,9.15601921081543,2.08418607711792,2004.0530288189912
8197.0,41.567474365234375,2.450495958328247,2004.2302864499943
8198.0,9.163005828857422,1.9309186935424805,2004.4074478229886
8199.0,6.92437219619751,1.4034992456436157,2004.587955954994
8200.0,155.01437377929688,6.795092582702637,2004.7779185399995
8201.0,5.018092155456543,1.1039632558822632,2009.2003760429943
8202.0,7.2152204513549805,1.5821958780288696,2009.4017096609896
8203.0,17.6998348236084,2.4187707901000977,2009.602797634987
8204.0,29.235084533691406,2.597470760345459,2009.7814771489939
8205.0,14.720745086669922,1.762779951095581,2009.9713231149944
8206.0,82.37980651855469,3.6157593727111816,2010.1773565429903
8207.0,6.27743673324585,1.306201457977295,2010.4014241209952
8208.0,315.3807067871094,12.62015438079834,2010.5846038249874
8209.0,24.028398513793945,2.138364315032959,2010.778834681987
8210.0,21.44880485534668,2.5303587913513184,2010.9672761639958
8211.0,21.410083770751953,1.9384971857070923,2011.1515171929932
8212.0,32.84089279174805,3.1218442916870117,2011.3172414759902
8213.0,49.110172271728516,5.173691749572754,2011.4843820120004
8214.0,17.26569175720215,2.1832275390625,2011.6780741419934
8215.0,6.6861491203308105,1.6660640239715576,2011.8560528889939
8216.0,7.769183158874512,1.5381745100021362,2012.0358135579881
8217.0,16.43018341064453,2.22049880027771,2012.23694715499
8218.0,37.656951904296875,3.0302700996398926,2012.4179333469947
8219.0,27.651620864868164,3.446758270263672,2012.5737012819882
8220.0,59.729835510253906,4.099482536315918,2012.7639404259971
8221.0,10.29919719696045,2.181192398071289,2012.93859564999
8222.0,35.365299224853516,4.116262435913086,2013.1166026309947
8223.0,36.06509780883789,2.838172197341919,2013.3115108309867
8224.0,47.203346252441406,4.447282314300537,2013.5135726729932
8225.0,7.5355939865112305,1.463813304901123,2013.7074328219896
8226.0,57.34181213378906,4.802976608276367,2013.887906740987
8227.0,40.759117126464844,3.763401985168457,2014.0748697300005
8228.0,14.091325759887695,2.2319657802581787,2014.2934135499963
8229.0,80.84305572509766,4.32910680770874,2014.4729385429964
8230.0,63.682552337646484,5.711500644683838,2014.681513685995
8231.0,38.141361236572266,3.0940170288085938,2014.863084038996
8232.0,27.573575973510742,3.029574155807495,2015.0360924949928
8233.0,11.280579566955566,1.7841956615447998,2015.2020525650005
8234.0,8.723095893859863,1.385333776473999,2015.3687825019879
8235.0,21.558120727539062,2.368642568588257,2015.541738150001
8236.0,43.06441879272461,3.447341203689575,2015.7351322379982
8237.0,30.751983642578125,3.319631338119507,2015.9440755329997
8238.0,260.8787841796875,10.504341125488281,2016.139551506989
8239.0,42.00468444824219,3.831266164779663,2016.3184897049941
8240.0,429.9525451660156,10.351198196411133,2016.4999231789989
8241.0,54.13869094848633,2.9368741512298584,2016.7029029589903
8242.0,320.662841796875,13.01605224609375,2016.9090336919908
8243.0,36.62006759643555,3.2452354431152344,2017.0798097569932
8244.0,25.137239456176758,2.678035020828247,2017.2534156219917
8245.0,21.125680923461914,1.997389793395996,2017.4433360679977
8246.0,6.33597993850708,1.6249940395355225,2017.6210451439983
8247.0,164.9056854248047,7.298510551452637,2017.81141509999
8248.0,32.68201446533203,2.6163737773895264,2018.0077871069952
8249.0,6.858430862426758,1.3054945468902588,2018.1961258599913
8250.0,9.290356636047363,1.824568271636963,2018.375659606987
8251.0,11.655930519104004,2.439584493637085,2018.5524408229976
8252.0,83.05705261230469,4.400073528289795,2018.7405019969883
8253.0,19.552854537963867,1.8947077989578247,2018.9243599729962
8254.0,101.96261596679688,6.61313009262085,2019.10177844399
8255.0,5.837551116943359,1.585288405418396,2019.2978877149872
8256.0,11.441365242004395,2.10500168800354,2019.4728346659977
8257.0,72.44181823730469,5.256588935852051,2019.678170160987
8258.0,756.1119384765625,23.25172996520996,2019.8572449089988
8259.0,17.778411865234375,2.3208861351013184,2020.07689033699
8260.0,18.0861873626709,1.8990471363067627,2020.2608837890002
8261.0,7.8142242431640625,1.7109107971191406,2020.4312325599894
8262.0,123.14545440673828,7.975201606750488,2020.6218412669987
8263.0,7.224990367889404,1.293764352798462,2020.8140804399882
8264.0,21.654394149780273,2.864994764328003,2021.0079609509994
8265.0,10.852510452270508,1.7664088010787964,2021.182502974989
8266.0,69.83966064453125,4.201894283294678,2021.3725566209905
8267.0,26.25108528137207,3.1590957641601562,2021.5651146159944
8268.0,20.993993759155273,2.4212520122528076,2021.76977549
8269.0,51.446903228759766,3.7483460903167725,2021.960589067996
8270.0,5.971062660217285,1.2421209812164307,2022.154368301999
8271.0,21.291711807250977,2.642385482788086,2022.3309963840002
8272.0,10.305315017700195,1.7386724948883057,2022.5135088969982
8273.0,13.059529304504395,1.9150956869125366,2022.7184065759939
8274.0,62.63561248779297,4.616734504699707,2022.9359451219934
8275.0,17.804853439331055,2.7491135597229004,2023.1111821359955
8276.0,22.189266204833984,3.4650697708129883,2023.2958604729938
8277.0,35.21348190307617,3.7707247734069824,2023.499295289992
8278.0,5.934622287750244,1.5574427843093872,2023.6863195339974
8279.0,73.7257308959961,4.5161309242248535,2023.8604628309986
8280.0,181.6501007080078,8.132185935974121,2024.0532140529976
8281.0,8.396769523620605,1.5222948789596558,2024.2268135199993
8282.0,41.077449798583984,3.539466381072998,2024.405012902993
8283.0,25.732240676879883,2.361921787261963,2024.587461313
8284.0,427.877197265625,13.71141529083252,2024.7416990450001
8285.0,29.402301788330078,3.316476345062256,2024.91964826599
8286.0,34.47844314575195,2.6069130897521973,2025.097741450998
8287.0,24.102596282958984,2.612248182296753,2025.2624621859868
8288.0,19.215723037719727,2.4118266105651855,2025.4572000479966
8289.0,19.467599868774414,2.1019489765167236,2025.6191849619936
8290.0,5.718413352966309,1.4541094303131104,2025.8369984169985
8291.0,209.75328063964844,6.785876750946045,2025.9958387859951
8292.0,43.11811447143555,2.61287260055542,2026.169885735988
8293.0,50.51626968383789,3.8665249347686768,2026.3728133279947
8294.0,109.48089599609375,6.20568323135376,2026.5401988839876
8295.0,8.356013298034668,1.401597261428833,2026.736495582998
8296.0,7.73714542388916,1.5404555797576904,2026.894930860988
8297.0,10.803430557250977,1.760022521018982,2027.066306059991
8298.0,61.854637145996094,3.4132959842681885,2027.233615871999
8299.0,16.505474090576172,1.856691837310791,2027.440232754001
8300.0,31.81393814086914,2.5747101306915283,2027.606641129998
8301.0,38.51939392089844,3.8547022342681885,2032.370042663999
8302.0,46.64365768432617,3.7775394916534424,2032.533785156993
8303.0,3.982762575149536,0.9682552814483643,2032.7095784119883
8304.0,11.7396821975708,2.202028274536133,2032.885757608994
8305.0,14.83240032196045,2.361450672149658,2033.0866145799955
8306.0,50.97137451171875,5.374927997589111,2033.2704023319966
8307.0,11.427209854125977,1.68256413936615,2033.4341475199908
8308.0,8.878396034240723,1.5871132612228394,2033.6245639879926
8309.0,26.721755981445312,2.3924412727355957,2033.786105991996
8310.0,15.56792163848877,2.1087615489959717,2033.9602058449964
8311.0,25.951114654541016,3.9325907230377197,2034.1278294549993
8312.0,44.332035064697266,3.0992536544799805,2034.3429988269927
8313.0,11.32905387878418,1.879280686378479,2034.5260186409869
8314.0,26.652315139770508,2.3189334869384766,2034.693759185
8315.0,32.75458526611328,3.4682674407958984,2034.9670536829944
8316.0,11.380209922790527,2.0220577716827393,2035.1563612449972
8317.0,35.719512939453125,2.933351755142212,2035.3327355319925
8318.0,127.1184310913086,4.799428939819336,2035.5328293549974
8319.0,18.54250717163086,1.9256808757781982,2035.7122643309995
8320.0,19.876502990722656,2.3386240005493164,2035.892042817999
8321.0,185.16064453125,6.154973030090332,2036.0949141849997
8322.0,48.53825378417969,3.1456987857818604,2036.2539410649915
8323.0,34.73237228393555,3.211575984954834,2036.4300811899884
8324.0,98.77095031738281,5.351114273071289,2036.6068136589893
8325.0,7.33876895904541,1.5093412399291992,2036.7957361820008
8326.0,46.138954162597656,4.549739360809326,2036.999378055989
8327.0,53.28961181640625,3.8872358798980713,2037.1727957949915
8328.0,545.367919921875,14.370308876037598,2037.395308259991
8329.0,33.47500228881836,2.9420220851898193,2037.6150699709979
8330.0,5.818918704986572,1.2481671571731567,2037.7930846919917
8331.0,15.4469633102417,1.8273334503173828,2038.0089727269951
8332.0,23.257091522216797,2.5976390838623047,2038.1909670619934
8333.0,24.90211296081543,2.411587715148926,2038.381842302988
8334.0,4.8279924392700195,1.3167567253112793,2038.5763171029976
8335.0,16.958271026611328,2.4842824935913086,2038.7804037439928
8336.0,8.482978820800781,1.5243371725082397,2038.9769536489912
8337.0,491.5423278808594,15.284465789794922,2039.1564656809933
8338.0,15.320032119750977,2.2657692432403564,2039.4174077439966
8339.0,19.47905158996582,2.228973388671875,2039.6291443819937
8340.0,28.034923553466797,2.858975410461426,2039.8043762249872
8341.0,12.182952880859375,2.115105390548706,2039.9930248519959
8342.0,78.20555114746094,5.838780879974365,2040.1874153129902
8343.0,19.61406135559082,2.450302839279175,2040.371715450994
8344.0,7.526216506958008,1.8618022203445435,2040.5617215219972
8345.0,21.03467559814453,2.1111056804656982,2040.759831229996
8346.0,6.8935675621032715,1.6886165142059326,2040.9333948389976
8347.0,61.663658142089844,5.739414691925049,2041.6080829540006
8348.0,7.990087032318115,1.6731537580490112,2042.9283500599995
8349.0,11.756204605102539,1.8645379543304443,2044.164568423992
8350.0,12.580615043640137,1.7007750272750854,2044.333300897997
8351.0,16.978111267089844,2.0437958240509033,2044.5255066779937
8352.0,5.588016033172607,1.1688456535339355,2044.713358144989
8353.0,46.6807746887207,3.0252685546875,2044.887952265999
8354.0,129.578857421875,7.283200263977051,2045.0823022659897
8355.0,20.744827270507812,2.989819288253784,2045.2614330199867
8356.0,22.71780014038086,2.0038838386535645,2045.4354155379988
8357.0,7.690715789794922,1.7365659475326538,2045.6326602490008
8358.0,14.456513404846191,2.2691757678985596,2045.8010567699966
8359.0,16.47312355041504,2.0862972736358643,2045.9757908429892
8360.0,40.465999603271484,3.013223886489868,2046.1406485349871
8361.0,39.8414192199707,3.3608763217926025,2046.3512074549944
8362.0,87.50858306884766,4.958444595336914,2046.5369017499906
8363.0,8.145691871643066,1.3501816987991333,2046.7110806729906
8364.0,60.19898986816406,4.207892417907715,2046.884142832001
8365.0,80.5457763671875,6.858353137969971,2047.05965453299
8366.0,27.002363204956055,2.6473617553710938,2047.2232704659982
8367.0,29.6182918548584,2.548581838607788,2047.4099038290005
8368.0,22.59178924560547,3.6605849266052246,2047.6019084159925
8369.0,35.61651611328125,3.306885242462158,2047.7675638759974
8370.0,329.8343505859375,9.393742561340332,2047.9628683899937
8371.0,78.43279266357422,4.020445346832275,2048.164352324995
8372.0,78.44046020507812,4.440630912780762,2048.3728506079933
8373.0,40.69799041748047,3.257756233215332,2048.55386195099
8374.0,61.64755630493164,4.122873306274414,2048.7490222189954
8375.0,11.111120223999023,1.735305905342102,2048.932568801989
8376.0,5.931675434112549,1.499668002128601,2049.107487442001
8377.0,57.130367279052734,3.706554651260376,2049.2877959079924
8378.0,57.83094024658203,5.3022356033325195,2049.508479242999
8379.0,229.4773406982422,8.531026840209961,2049.723934065987
8380.0,4.586703777313232,1.2730742692947388,2049.907093861999
8381.0,32.60840606689453,3.826930046081543,2050.1283112329984
8382.0,50.37985610961914,4.085371017456055,2050.3273118409998
8383.0,49.335243225097656,4.79317045211792,2050.5416473939986
8384.0,25.805923461914062,2.9300010204315186,2050.7312381719967
8385.0,66.05326843261719,3.7068004608154297,2050.9209658559994
8386.0,19.51203155517578,2.6591711044311523,2051.1040714679984
8387.0,57.29457473754883,2.5299408435821533,2051.3001298659947
8388.0,25.21764373779297,2.2454147338867188,2051.4690313679894
8389.0,6.0735273361206055,1.1522027254104614,2051.6941514889913
8390.0,315.7921447753906,8.782986640930176,2051.8759326789877
8391.0,54.175987243652344,4.561707973480225,2052.0725913709903
8392.0,20.158679962158203,2.048607587814331,2052.2417137489974
8393.0,7.567805290222168,1.3102097511291504,2052.434262292998
8394.0,31.283302307128906,2.607367753982544,2052.6277100279985
8395.0,46.97983169555664,3.603853940963745,2052.873173190994
8396.0,9.91809368133545,1.5634765625,2053.0995751169976
8397.0,11.069128036499023,1.985992431640625,2053.2967573629867
8398.0,26.683263778686523,2.366358757019043,2053.49085390399
8399.0,28.680774688720703,2.4509172439575195,2053.668145386997
8400.0,7.814352512359619,1.6141388416290283,2053.8414227629983
8401.0,29.38396644592285,3.1961417198181152,2059.836871470994
8402.0,47.61722946166992,4.038720607757568,2060.0208901929873
8403.0,10.221868515014648,1.7219946384429932,2060.216889219999
8404.0,72.15357208251953,4.223791599273682,2060.405174585001
8405.0,6.813567638397217,1.3254876136779785,2060.567582164993
8406.0,126.80846405029297,5.982287406921387,2060.8034267289913
8407.0,13.383233070373535,2.0220203399658203,2061.038485050987
8408.0,26.828323364257812,2.817366361618042,2061.241309072997
8409.0,10.155412673950195,1.653145432472229,2061.406043661991
8410.0,74.92257690429688,3.7449347972869873,2061.5775246549892
8411.0,42.449684143066406,3.543405055999756,2061.785323865988
8412.0,10.958086013793945,2.0602595806121826,2061.9658864309895
8413.0,47.30378341674805,4.044723033905029,2062.1788606169866
8414.0,8.627381324768066,1.4367330074310303,2062.3792275379965
8415.0,44.53697967529297,4.955900192260742,2062.600894806994
8416.0,43.74393081665039,3.498289108276367,2062.77564746399
8417.0,7.012925624847412,1.8506526947021484,2062.960780181995
8418.0,34.6909294128418,3.21022629737854,2063.157074841991
8419.0,5.739955425262451,1.4655777215957642,2063.345404676991
8420.0,32.40015411376953,3.5017411708831787,2063.5345040429966
8421.0,48.62788391113281,4.058260917663574,2063.7271862619964
8422.0,20.250104904174805,2.37158465385437,2063.905777905995
8423.0,6.6992268562316895,1.3681139945983887,2064.0897043639998
8424.0,56.59390640258789,3.9182610511779785,2064.3348937369883
8425.0,355.5352783203125,15.874527931213379,2064.541066354999
8426.0,32.482452392578125,2.5838520526885986,2064.7402905459894
8427.0,134.31414794921875,6.230271816253662,2064.9294347039977
8428.0,75.50093841552734,4.497007369995117,2065.124787694993
8429.0,28.620677947998047,3.384061336517334,2065.326109608999
8430.0,6.1886701583862305,1.2733663320541382,2065.5150068609946
8431.0,14.38572883605957,2.552654504776001,2065.68780384399
8432.0,41.41998291015625,3.2519474029541016,2065.912157105995
8433.0,69.61731719970703,4.347167491912842,2066.098265278997
8434.0,18.009151458740234,2.4015164375305176,2066.274613704998
8435.0,44.67499542236328,3.7457919120788574,2066.467655261993
8436.0,13.56710147857666,2.173600435256958,2066.6488759959902
8437.0,349.4971618652344,15.965312004089355,2066.8372075549996
8438.0,6.839325904846191,1.4438588619232178,2067.019857255
8439.0,25.756126403808594,2.9452366828918457,2067.2103347869997
8440.0,6.223428726196289,1.3430167436599731,2067.398573487997
8441.0,11.427801132202148,2.0110323429107666,2067.5744035219977
8442.0,58.43312454223633,3.524599075317383,2067.7576564919873
8443.0,38.30982208251953,2.9265456199645996,2067.9308397909917
8444.0,120.0672836303711,4.472660064697266,2068.101543976998
8445.0,50.856021881103516,2.753488302230835,2068.279157590994
8446.0,31.952983856201172,2.7934882640838623,2068.4702707989927
8447.0,10.29743766784668,1.9747045040130615,2068.6528811649914
8448.0,26.576030731201172,3.0400331020355225,2068.845059563988
8449.0,15.86958122253418,1.8107633590698242,2069.024553391995
8450.0,79.73374938964844,4.116886138916016,2069.2026814519922
8451.0,31.483888626098633,3.7041995525360107,2069.360247359
8452.0,8.88978385925293,1.4212861061096191,2069.5744488559867
8453.0,62.174224853515625,4.0579400062561035,2069.7725802099885
8454.0,36.70832443237305,4.344257354736328,2069.9619292299903
8455.0,28.780115127563477,2.6599280834198,2070.1346991119935
8456.0,6.444199085235596,1.3970587253570557,2070.312040722987
8457.0,21.30946159362793,2.9478554725646973,2070.538843615999
8458.0,32.57662582397461,3.6513545513153076,2070.720439845987
8459.0,7.749370098114014,1.5319010019302368,2070.894224751988
8460.0,6.994748115539551,1.7055593729019165,2071.1106053799886
8461.0,11.05001163482666,1.8277740478515625,2071.280192268998
8462.0,28.02826690673828,3.064558267593384,2071.4889586049976
8463.0,186.55075073242188,6.887362957000732,2071.715415457991
8464.0,9.018329620361328,1.6040046215057373,2071.883894914994
8465.0,11.609454154968262,1.7825857400894165,2072.0806514239957
8466.0,10.803231239318848,2.143080711364746,2072.2788855679973
8467.0,6.586428165435791,1.3768870830535889,2072.4307761919918
8468.0,149.78932189941406,8.100366592407227,2072.6534917819954
8469.0,11.81740951538086,2.3307852745056152,2072.8253431499907
8470.0,14.839329719543457,2.1219584941864014,2072.988707987999
8471.0,96.56573486328125,5.971205234527588,2073.214737669987
8472.0,19.175615310668945,2.0828540325164795,2073.38513378099
8473.0,6.7808356285095215,1.3291248083114624,2073.5619160999922
8474.0,30.385400772094727,2.9738237857818604,2073.7473848989903
8475.0,4.929194450378418,1.1352821588516235,2073.942292266991
8476.0,7.113015651702881,1.3559328317642212,2074.162304009995
8477.0,96.62133026123047,5.017402172088623,2074.368964437992
8478.0,7.843374729156494,1.4127070903778076,2074.525722595994
8479.0,30.50851821899414,2.3698792457580566,2074.6950725959905
8480.0,10.823155403137207,2.008922576904297,2074.8985106129985
8481.0,69.25508880615234,4.3138604164123535,2075.1171556989866
8482.0,29.946029663085938,2.6172256469726562,2075.3012187329878
8483.0,11.126984596252441,1.9221267700195312,2075.464401172998
8484.0,26.812105178833008,2.416990041732788,2075.6595555569947
8485.0,39.130741119384766,2.5950992107391357,2075.8517490619997
8486.0,75.72820281982422,3.5126681327819824,2076.0423910969985
8487.0,38.43852233886719,3.1375300884246826,2076.206775058992
8488.0,22.084102630615234,2.4586236476898193,2076.3819964779977
8489.0,314.6898193359375,14.993748664855957,2076.6282021939987
8490.0,5.304008960723877,1.4194574356079102,2076.8628239799873
8491.0,8.641070365905762,1.8496496677398682,2077.0327994099935
8492.0,18.67796516418457,2.550123453140259,2077.2467189679883
8493.0,14.880035400390625,2.063154935836792,2077.4345048559917
8494.0,29.587337493896484,2.7102224826812744,2077.603739796992
8495.0,10.820276260375977,1.8320460319519043,2077.841203456992
8496.0,14.197651863098145,1.5976539850234985,2078.012494507988
8497.0,52.80909729003906,4.795287609100342,2078.186721360995
8498.0,53.27115249633789,4.180553436279297,2078.419025618001
8499.0,21.982946395874023,2.1138508319854736,2078.621793593993
8500.0,16.181312561035156,2.1412274837493896,2078.791257287987
8501.0,16.21938133239746,2.930337905883789,2087.242481933994
8502.0,5.815287113189697,1.2010276317596436,2087.4337980919954
8503.0,24.79774284362793,3.2237117290496826,2087.6112552079867
8504.0,148.8683319091797,5.465384006500244,2087.7883139159967
8505.0,8.340344429016113,1.8404470682144165,2087.9513185079995
8506.0,22.688343048095703,2.390890598297119,2088.1302423239977
8507.0,16.870800018310547,1.6405712366104126,2088.3186794109934
8508.0,20.173118591308594,2.876908779144287,2088.508072564
8509.0,15.110854148864746,2.4466309547424316,2088.6941326059896
8510.0,140.8906707763672,6.068604469299316,2088.8673611309932
8511.0,49.28911590576172,3.879417657852173,2089.0516715169942
8512.0,35.629886627197266,2.8543713092803955,2089.2291947729973
8513.0,42.83503723144531,3.7355453968048096,2089.4038249000005
8514.0,9.005788803100586,1.4341586828231812,2089.59481221599
8515.0,124.41747283935547,6.462234020233154,2089.7744378479983
8516.0,7.689857006072998,1.456256628036499,2089.962200761991
8517.0,9.86685848236084,1.7135467529296875,2090.1654574959975
8518.0,11.767375946044922,1.6086137294769287,2090.337528486998
8519.0,35.084373474121094,2.550804376602173,2090.518624449993
8520.0,26.958650588989258,2.354846239089966,2090.706163791998
8521.0,197.6200714111328,5.607196807861328,2090.887366083989
8522.0,26.27876091003418,2.563598394393921,2091.0847406819958
8523.0,7.329713821411133,1.38357412815094,2091.270079127993
8524.0,21.11225700378418,2.356288433074951,2091.4841175420006
8525.0,38.00452423095703,4.13319730758667,2091.6549547449977
8526.0,71.02315521240234,4.791360855102539,2091.838746181995
8527.0,18.617136001586914,2.399576425552368,2092.0283774829877
8528.0,9.01669979095459,1.5851958990097046,2092.2133755899995
8529.0,35.84644317626953,2.9950978755950928,2092.384730116988
8530.0,64.50921630859375,3.292738676071167,2092.567659561988
8531.0,34.34334182739258,3.7112903594970703,2092.751337867987
8532.0,32.502532958984375,2.859607458114624,2092.948965864998
8533.0,54.489749908447266,2.74438738822937,2093.134285631997
8534.0,26.576093673706055,2.287071704864502,2093.316736185996
8535.0,27.620086669921875,2.77133846282959,2093.4958150859893
8536.0,5.954695224761963,1.190731406211853,2093.6653780149936
8537.0,28.295391082763672,3.193035125732422,2093.8637018129957
8538.0,60.49433517456055,4.012700080871582,2094.054770938994
8539.0,5.842379093170166,1.245901346206665,2094.2400402799976
8540.0,49.44365692138672,3.819363594055176,2094.4092908329912
8541.0,8.434410095214844,1.323522925376892,2094.6171957849874
8542.0,23.951915740966797,3.5161678791046143,2094.815228912994
8543.0,15.760940551757812,2.303802728652954,2095.0084959599917
8544.0,19.60268211364746,2.362741708755493,2095.182191504995
8545.0,12.847490310668945,2.165980339050293,2095.3823332249885
8546.0,27.657413482666016,2.4626951217651367,2095.5728026319994
8547.0,58.32361602783203,5.733780860900879,2095.7685755489947
8548.0,18.079259872436523,2.2597053050994873,2095.9230401339883
8549.0,5.202689170837402,1.153080940246582,2096.120649941993
8550.0,7.3082451820373535,1.0830416679382324,2096.3401651379972
8551.0,665.4625854492188,18.091468811035156,2096.519263033988
8552.0,13.08264446258545,2.15000057220459,2096.711351689999
8553.0,21.13250160217285,2.1231613159179688,2096.9418356079987
8554.0,83.61990356445312,6.292631149291992,2097.1202939109935
8555.0,35.476478576660156,4.01416540145874,2097.2866891379963
8556.0,15.711379051208496,1.6581978797912598,2097.4526285850006
8557.0,21.928274154663086,2.2336599826812744,2097.654683169996
8558.0,134.0054473876953,7.382330894470215,2097.8321447599883
8559.0,23.268369674682617,2.387928009033203,2098.008679185994
8560.0,453.2264709472656,14.416614532470703,2098.2107560919976
8561.0,22.398380279541016,2.5403342247009277,2098.3978035649925
8562.0,10.92598819732666,1.9578016996383667,2098.587585340996
8563.0,9.81260871887207,2.059192657470703,2098.7922532649973
8564.0,37.855045318603516,3.519824266433716,2098.9643144159927
8565.0,31.42623519897461,2.3282923698425293,2099.150563430987
8566.0,351.6383972167969,15.941948890686035,2099.348608757995
8567.0,159.61634826660156,7.372573375701904,2099.523432138987
8568.0,15.173914909362793,1.8070900440216064,2099.6946892709966
8569.0,7.673504829406738,1.5091876983642578,2099.905229208991
8570.0,5.665000915527344,1.216776728630066,2100.104247904994
8571.0,47.12192916870117,3.7518248558044434,2100.3009123869997
8572.0,278.0971984863281,10.093605995178223,2100.4877190439875
8573.0,82.78922271728516,6.648852348327637,2100.669550060993
8574.0,20.149032592773438,2.160214424133301,2100.834161519
8575.0,68.38851928710938,4.0723419189453125,2101.0114729999914
8576.0,5.106184482574463,1.2168313264846802,2101.2429493409873
8577.0,73.45008850097656,3.8743293285369873,2101.4223663099983
8578.0,23.257383346557617,2.3603200912475586,2101.602846796988
8579.0,15.253499031066895,2.5809903144836426,2101.789880977987
8580.0,10.077340126037598,1.7918953895568848,2101.990181119996
8581.0,9.136001586914062,1.9239528179168701,2102.173679564992
8582.0,10.460159301757812,1.9394197463989258,2102.3512836259906
8583.0,7.578593730926514,1.6260943412780762,2102.562712027997
8584.0,27.683813095092773,3.172975778579712,2102.7490566719935
8585.0,7.088739395141602,1.82593834400177,2102.917529679995
8586.0,44.46958923339844,3.3013803958892822,2103.0999045179924
8587.0,51.12468719482422,4.3670973777771,2103.2963698870008
8588.0,8.486515045166016,1.4107961654663086,2103.4992344209895
8589.0,10.384214401245117,2.031456470489502,2103.688514094989
8590.0,23.58765411376953,1.9664117097854614,2103.8852405479993
8591.0,11.662737846374512,1.9298871755599976,2104.070294596997
8592.0,109.40155029296875,5.713700771331787,2104.269536622989
8593.0,104.73979187011719,5.051247596740723,2104.434762716992
8594.0,121.28351593017578,6.588077545166016,2104.6317567639926
8595.0,21.289493560791016,2.3570480346679688,2104.8529348839947
8596.0,9.914501190185547,1.5988198518753052,2105.0586961179943
8597.0,55.79898452758789,3.6057281494140625,2105.247013407992
8598.0,7.616051197052002,1.3586788177490234,2105.4543756259955
8599.0,9.387349128723145,1.7231756448745728,2105.6408265229984
8600.0,482.97064208984375,14.096434593200684,2105.82678916899
8601.0,9.509440422058105,1.735642910003662,2110.31473630399
8602.0,70.7668685913086,5.274447917938232,2110.490458815999
8603.0,17.275203704833984,2.0482852458953857,2110.6800899679947
8604.0,14.856424331665039,2.089479446411133,2110.8496537819883
8605.0,9.204853057861328,1.7126498222351074,2111.0406970719923
8606.0,38.85413360595703,2.993687152862549,2111.209794780996
8607.0,20.767650604248047,1.876386046409607,2111.3803619769897
8608.0,6.363080978393555,1.363310694694519,2111.5771706449887
8609.0,238.98573303222656,10.280661582946777,2111.774391152998
8610.0,34.6274299621582,4.140925407409668,2111.956033489987
8611.0,47.114200592041016,4.483945846557617,2112.126327576989
8612.0,25.347536087036133,2.3416500091552734,2112.2840526039945
8613.0,6.874754905700684,1.3256735801696777,2112.451497445989
8614.0,38.916831970214844,2.9408421516418457,2112.645362739
8615.0,12.707939147949219,1.8023642301559448,2112.8453473049885
8616.0,25.365495681762695,2.935683250427246,2113.043162571994
8617.0,9.414684295654297,1.7119922637939453,2113.201263443989
8618.0,8.46759033203125,1.6827619075775146,2113.3757950549916
8619.0,8.602474212646484,1.6572884321212769,2113.590203626998
8620.0,30.143238067626953,2.7848076820373535,2113.760297722998
8621.0,45.747562408447266,4.226058483123779,2113.966564165996
8622.0,36.732826232910156,3.725404977798462,2114.1399439529923
8623.0,7.220247745513916,1.270735502243042,2114.327374823988
8624.0,31.112125396728516,2.9515106678009033,2114.5495968769974
8625.0,44.50223159790039,3.791351318359375,2114.717040695992
8626.0,11.071106910705566,1.7423019409179688,2114.9023467639927
8627.0,19.309152603149414,2.24656081199646,2115.0701775589987
8628.0,77.921142578125,4.364531993865967,2115.2635081339977
8629.0,17.460050582885742,1.852341890335083,2115.4154867999896
8630.0,61.15382766723633,4.096186637878418,2115.604445360994
8631.0,7.0689697265625,1.290950059890747,2115.796826189995
8632.0,122.33209991455078,6.921195030212402,2115.9566465109965
8633.0,18.174427032470703,2.02170467376709,2116.1679247809952
8634.0,5.307396411895752,1.4308596849441528,2116.359610984
8635.0,32.29241943359375,2.971946954727173,2116.546072853991
8636.0,30.07466697692871,2.5660219192504883,2116.749746439993
8637.0,12.277085304260254,1.6146793365478516,2116.9351779399876
8638.0,30.9548282623291,3.38885498046875,2117.1074946399895
8639.0,9.227300643920898,1.6324273347854614,2117.312415043998
8640.0,147.6656494140625,5.636230945587158,2117.4691949599946
8641.0,4.472392559051514,1.0239169597625732,2117.6428441699973
8642.0,5.255558967590332,1.2389328479766846,2117.8633281059883
8643.0,62.72949981689453,3.471550226211548,2118.040432738999
8644.0,8.130219459533691,1.4692462682724,2118.2434116739896
8645.0,8.280644416809082,1.5651746988296509,2118.4287719249987
8646.0,20.755109786987305,2.1357905864715576,2118.608960564001
8647.0,3.9082727432250977,0.8396064043045044,2118.813703488995
8648.0,20.16645622253418,2.0404555797576904,2118.991342861991
8649.0,27.374807357788086,2.273726463317871,2119.1870591909974
8650.0,98.80963134765625,4.864415168762207,2119.3668685779994
8651.0,32.81745147705078,2.8977763652801514,2119.5590801849903
8652.0,9.243538856506348,1.3408451080322266,2119.732826595995
8653.0,26.41678810119629,2.5699660778045654,2119.9041146189993
8654.0,36.45159149169922,3.3814284801483154,2120.0980540549936
8655.0,5.281786918640137,1.131519079208374,2120.272433776001
8656.0,32.0892333984375,2.380552291870117,2120.476890733
8657.0,252.5404815673828,10.322042465209961,2120.632643456993
8658.0,131.17556762695312,5.589808940887451,2120.813211799992
8659.0,6.7183403968811035,1.3226845264434814,2121.0190659910004
8660.0,36.694068908691406,2.9272284507751465,2121.1748610379873
8661.0,8.993522644042969,1.569455862045288,2121.359133961989
8662.0,13.404489517211914,1.8805586099624634,2121.566014897995
8663.0,10.782512664794922,1.505177617073059,2121.72146638899
8664.0,34.95944595336914,2.930172920227051,2121.91246206699
8665.0,90.02729797363281,4.245110988616943,2122.0734098609973
8666.0,85.1512222290039,5.256321430206299,2122.2960786349868
8667.0,63.76189041137695,4.209042549133301,2122.4685676619993
8668.0,12.595309257507324,1.6419978141784668,2122.6365594959934
8669.0,30.372560501098633,2.9026167392730713,2122.796499947988
8670.0,12.863128662109375,2.0139896869659424,2122.966608645991
8671.0,27.277326583862305,3.2934510707855225,2123.145123270995
8672.0,46.50143814086914,3.6787192821502686,2123.306158428997
8673.0,24.98812484741211,2.947538137435913,2123.5116448189947
8674.0,49.3205680847168,3.8923702239990234,2123.6848835899873
8675.0,362.7282409667969,11.420433044433594,2123.8876289119944
8676.0,27.6173095703125,2.6520915031433105,2124.078531203995
8677.0,7.743093967437744,1.5048370361328125,2124.248785371994
8678.0,8.459969520568848,1.7911598682403564,2124.4231915629935
8679.0,15.152236938476562,1.886268973350525,2124.599247837992
8680.0,55.96729278564453,4.336644649505615,2124.779317388995
8681.0,38.04368591308594,3.3974311351776123,2124.958708110993
8682.0,51.6138916015625,3.672396421432495,2125.1467122689937
8683.0,39.732444763183594,2.858964204788208,2125.32638806499
8684.0,8.527002334594727,1.5803742408752441,2125.5272564039915
8685.0,19.116296768188477,2.5309038162231445,2125.7323997889907
8686.0,43.11946105957031,3.09689998626709,2125.950197729995
8687.0,61.873558044433594,6.036508083343506,2126.144460149997
8688.0,8.229657173156738,1.5817711353302002,2126.3434356149955
8689.0,55.22810363769531,3.207266092300415,2126.5214875519887
8690.0,11.914185523986816,1.8775081634521484,2126.70606117
8691.0,33.026390075683594,2.870356798171997,2126.881047677991
8692.0,42.85447692871094,3.6262834072113037,2127.065943869995
8693.0,17.07056999206543,2.3751182556152344,2127.2523600119894
8694.0,6.9954094886779785,1.7188220024108887,2127.4180783810007
8695.0,6.87762451171875,1.4657325744628906,2127.5888132499967
8696.0,55.34664535522461,3.8082027435302734,2127.743940146989
8697.0,39.412757873535156,2.834156036376953,2127.919071122
8698.0,9.001179695129395,1.6739906072616577,2128.0993080810003
8699.0,17.540985107421875,3.128999710083008,2128.2907147919905
8700.0,73.25853729248047,4.49380350112915,2128.457366497998
8701.0,21.918947219848633,2.4181385040283203,2132.9125006279937
8702.0,34.090919494628906,3.00335955619812,2133.0896488029975
8703.0,4.528361797332764,1.1185764074325562,2133.273368342998
8704.0,20.50714683532715,2.2573957443237305,2133.4984772759926
8705.0,232.70242309570312,9.376543998718262,2133.6796851769905
8706.0,44.31725311279297,3.353335380554199,2133.8582174299954
8707.0,13.470520973205566,2.0617780685424805,2134.0429524179926
8708.0,32.284019470214844,3.7371058464050293,2134.216288441996
8709.0,15.450684547424316,2.171973466873169,2134.3886169239995
8710.0,17.83169937133789,2.299325942993164,2134.571389017001
8711.0,11.100693702697754,1.7399780750274658,2134.7324963360006
8712.0,47.47069549560547,4.263257026672363,2134.933505262001
8713.0,39.24491500854492,3.0101377964019775,2135.1299500379973
8714.0,8.537280082702637,1.649157166481018,2135.3491027239943
8715.0,40.79583740234375,2.979578733444214,2135.5625882719905
8716.0,28.0491943359375,3.6023824214935303,2135.7536764889956
8717.0,22.32025146484375,3.4591667652130127,2135.936099337996
8718.0,6.592610836029053,1.3499213457107544,2136.1144518699875
8719.0,11.467818260192871,2.1649274826049805,2136.2924349789973
8720.0,15.04495620727539,2.093234062194824,2136.480354670988
8721.0,6.762050151824951,1.403220772743225,2136.661197704001
8722.0,26.631359100341797,2.6767640113830566,2136.841523434996
8723.0,10.01047420501709,1.6865078210830688,2137.0333968959894
8724.0,43.9127082824707,2.6761863231658936,2137.2285785519925
8725.0,8.5927734375,1.7322144508361816,2137.4364580330002
8726.0,6.933143615722656,1.6005454063415527,2137.6131826659985
8727.0,10.453095436096191,1.9911161661148071,2137.813023773997
8728.0,33.93779754638672,3.618485450744629,2137.997134391
8729.0,8.611440658569336,1.8781120777130127,2138.185834384989
8730.0,25.08561897277832,2.299694061279297,2138.3468550979887
8731.0,9.445137023925781,1.8543953895568848,2138.518872526998
8732.0,46.97001647949219,5.00349235534668,2138.7181586959923
8733.0,76.47825622558594,4.672767162322998,2138.8916723579896
8734.0,33.665977478027344,3.341243028640747,2139.063910248995
8735.0,7.7789177894592285,1.4459834098815918,2139.2403347709915
8736.0,4.273438930511475,1.075235366821289,2139.41167843499
8737.0,8.793634414672852,1.6183407306671143,2139.599614506995
8738.0,7.037265777587891,1.432489037513733,2139.8051968299987
8739.0,15.637093544006348,2.0776660442352295,2139.971553106996
8740.0,38.47157287597656,2.900994062423706,2140.147312764995
8741.0,26.74319839477539,2.447099447250366,2140.334600413
8742.0,50.531837463378906,3.733372211456299,2140.5394632940006
8743.0,375.7831115722656,16.458580017089844,2140.6999387319956
8744.0,14.493562698364258,2.3191311359405518,2140.89548533599
8745.0,11.45301628112793,1.7140865325927734,2141.0725217639992
8746.0,39.8017463684082,3.8765313625335693,2141.235339501989
8747.0,132.82211303710938,5.82220983505249,2141.412167071001
8748.0,17.023897171020508,2.742579936981201,2141.5863279849873
8749.0,13.252148628234863,2.230412483215332,2141.762541609991
8750.0,11.502967834472656,2.3019604682922363,2141.951724400991
8751.0,26.168201446533203,4.015194892883301,2142.186938720988
8752.0,6.549277305603027,1.3458863496780396,2142.365114617991
8753.0,5.17230749130249,1.4075665473937988,2142.5551627120003
8754.0,47.75063705444336,3.1306357383728027,2142.7358146319893
8755.0,14.386334419250488,1.980509638786316,2142.9620167289977
8756.0,38.58539962768555,3.311636447906494,2143.1291919549985
8757.0,29.90342140197754,2.201490879058838,2143.3030804559967
8758.0,5.282937526702881,1.4719407558441162,2143.498006044989
8759.0,18.198598861694336,2.787864923477173,2143.690285747987
8760.0,6.822476863861084,1.239330530166626,2143.8685168619995
8761.0,46.72087860107422,4.259425640106201,2144.050942183996
8762.0,7.975536823272705,1.4497002363204956,2144.2603250329994
8763.0,483.4031982421875,18.783737182617188,2144.4397918179893
8764.0,34.975643157958984,2.8954179286956787,2144.646295683997
8765.0,7.721045970916748,1.5299538373947144,2144.8436186499894
8766.0,91.5699234008789,6.081173419952393,2145.015810990997
8767.0,39.14426803588867,3.438551187515259,2145.207495802999
8768.0,39.907901763916016,3.364624500274658,2145.387370889992
8769.0,71.039794921875,3.905330181121826,2145.5893640959985
8770.0,4.562170505523682,1.249748706817627,2145.758725018997
8771.0,223.47085571289062,7.222193241119385,2145.92804014399
8772.0,5.508482933044434,1.0601496696472168,2146.127850650999
8773.0,34.22241973876953,3.355187177658081,2146.3214551769925
8774.0,12.945834159851074,2.2914741039276123,2146.4925972179917
8775.0,22.77332305908203,2.5457098484039307,2146.681321960001
8776.0,15.768876075744629,2.160027503967285,2146.8931450679956
8777.0,8.787487030029297,1.781887173652649,2147.1032037569967
8778.0,88.73800659179688,5.250898361206055,2147.2711809399916
8779.0,41.083961486816406,3.4716131687164307,2147.455007832992
8780.0,15.924930572509766,2.2613515853881836,2147.632561102
8781.0,155.07618713378906,5.317307472229004,2147.826971385992
8782.0,37.099822998046875,3.0158073902130127,2148.051373479
8783.0,86.51728820800781,5.052944183349609,2148.2838282179873
8784.0,16.936532974243164,2.140383720397949,2148.507131970997
8785.0,4.463557720184326,1.1164401769638062,2148.679722625995
8786.0,58.55744552612305,2.9798662662506104,2148.8485158330004
8787.0,15.200669288635254,1.879333734512329,2149.0220711619913
8788.0,23.11957550048828,2.157811403274536,2149.204825790992
8789.0,43.58259963989258,4.522881507873535,2149.3974157539924
8790.0,6.4368510246276855,1.5308961868286133,2149.6091682609986
8791.0,7.791492462158203,1.6526519060134888,2149.791793615994
8792.0,14.874324798583984,1.929394245147705,2149.9559554029984
8793.0,11.70567512512207,2.3636763095855713,2150.161902893
8794.0,33.39463424682617,4.320061683654785,2150.3356229639903
8795.0,5.767155170440674,1.1568257808685303,2150.520755065998
8796.0,256.028076171875,10.953519821166992,2150.6759554299933
8797.0,20.686262130737305,2.1330814361572266,2150.9556438309955
8798.0,68.63612365722656,4.785446643829346,2151.1342003809987
8799.0,8.545897483825684,1.7668896913528442,2151.3011236479942
8800.0,23.73575782775879,2.8454668521881104,2151.522269582987
8801.0,43.434425354003906,3.5412380695343018,2156.814564699991
8802.0,6.383952617645264,1.2730473279953003,2156.980658183995
8803.0,42.85367202758789,3.7968289852142334,2157.220942284999
8804.0,11.553287506103516,1.9601554870605469,2157.3706626879866
8805.0,18.773681640625,2.2716622352600098,2157.540932525997
8806.0,6.763860702514648,1.4211294651031494,2157.7948058439943
8807.0,33.713016510009766,2.8371431827545166,2158.103570303996
8808.0,46.60017776489258,3.608588457107544,2158.3511658709904
8809.0,38.985294342041016,3.646289348602295,2158.506495205991
8810.0,44.347084045410156,2.717970371246338,2158.680912401993
8811.0,8.1015625,2.033729076385498,2158.8788311149983
8812.0,45.757057189941406,5.087217330932617,2159.0364521449956
8813.0,13.009493827819824,2.358778476715088,2159.278537746999
8814.0,63.15993118286133,3.631989002227783,2159.4587561399967
8815.0,51.62555694580078,3.505964517593384,2159.655859388993
8816.0,114.23832702636719,5.203608512878418,2159.9017311299976
8817.0,38.70668411254883,2.3183069229125977,2160.0779009059916
8818.0,7.549192905426025,1.6115190982818604,2160.2992633289978
8819.0,21.454376220703125,2.059011697769165,2160.484876759001
8820.0,15.964676856994629,2.3764476776123047,2160.697706116989
8821.0,13.774381637573242,2.3821589946746826,2160.929368887999
8822.0,17.590164184570312,1.9693762063980103,2161.1125482770003
8823.0,8.817166328430176,1.3880937099456787,2161.3324069309892
8824.0,44.97597885131836,4.674534320831299,2161.584381922992
8825.0,38.95650863647461,3.298753023147583,2161.7854529289907
8826.0,21.125131607055664,2.331380844116211,2161.969255885997
8827.0,5.856706142425537,1.5051370859146118,2162.180068712987
8828.0,26.428146362304688,2.4622068405151367,2162.354991537999
8829.0,28.628446578979492,2.911444902420044,2162.504652732998
8830.0,26.99776268005371,2.68070387840271,2162.6769240339927
8831.0,16.0028076171875,2.0188822746276855,2162.860050997988
8832.0,224.9049072265625,9.492847442626953,2163.051456661997
8833.0,3.6978487968444824,0.9642420411109924,2163.349860377988
8834.0,18.723604202270508,3.176619291305542,2163.5925592279964
8835.0,104.82279205322266,4.7060747146606445,2163.7599347549985
8836.0,4.17208194732666,0.9961574077606201,2164.051925757987
8837.0,37.61888885498047,2.5154168605804443,2164.2288575049897
8838.0,25.817914962768555,2.5857350826263428,2164.507666955993
8839.0,8.846325874328613,1.4379791021347046,2164.78560902999
8840.0,8.50644302368164,1.8068979978561401,2164.9893357629917
8841.0,6.716030120849609,1.6290454864501953,2165.208875393
8842.0,7.705968856811523,1.595362663269043,2165.453867874996
8843.0,43.17933654785156,2.8626768589019775,2165.7176056799944
8844.0,42.976566314697266,4.690896511077881,2165.884850243994
8845.0,17.233192443847656,2.053006649017334,2166.0789606999897
8846.0,49.91496276855469,3.211452007293701,2166.2924849150004
8847.0,27.6545352935791,2.471503257751465,2166.4844203309913
8848.0,37.115055084228516,3.1824259757995605,2166.725486956988
8849.0,5.723087310791016,1.2428268194198608,2166.983296046994
8850.0,611.4267578125,20.75716781616211,2167.190016632987
8851.0,13.25851821899414,1.6281685829162598,2167.3733096819924
8852.0,9.813214302062988,1.8798032999038696,2167.5761942089885
8853.0,11.49820613861084,2.2574121952056885,2167.7656262579985
8854.0,47.158634185791016,3.8750617504119873,2167.9374711349956
8855.0,10.230825424194336,1.8594874143600464,2168.1204409209895
8856.0,33.33110427856445,2.9266669750213623,2168.3049341909937
8857.0,89.2005844116211,4.863131046295166,2168.494774473991
8858.0,50.08070373535156,4.569971561431885,2168.7053513680003
8859.0,6.896454811096191,1.3877960443496704,2168.8871850099968
8860.0,38.3172607421875,3.013451337814331,2169.079085769001
8861.0,83.40727996826172,4.918766021728516,2169.246965511993
8862.0,24.755985260009766,3.2461776733398438,2169.425603119991
8863.0,240.58599853515625,10.707691192626953,2169.6006296979904
8864.0,72.3791275024414,4.59343957901001,2169.7794844789896
8865.0,7.740591049194336,1.6123703718185425,2169.9499399299966
8866.0,15.049055099487305,2.6837363243103027,2170.151874144998
8867.0,7.336958408355713,1.3488050699234009,2170.345628780997
8868.0,10.550004005432129,1.8663811683654785,2170.5192995309917
8869.0,22.82905387878418,2.7588868141174316,2170.682192028995
8870.0,13.25413703918457,2.035508871078491,2170.88412569699
8871.0,38.08188247680664,2.7681047916412354,2171.0606086319895
8872.0,10.520185470581055,1.9013532400131226,2171.2357558459917
8873.0,6.8199687004089355,1.3929080963134766,2171.410363158997
8874.0,6.013489723205566,1.2897107601165771,2171.6123739329923
8875.0,9.847306251525879,1.554091453552246,2171.7948907379905
8876.0,24.118816375732422,2.66666841506958,2171.9733678449993
8877.0,696.41845703125,17.344192504882812,2172.1596029909997
8878.0,110.61036682128906,4.5313286781311035,2172.350352563997
8879.0,16.804767608642578,2.3913049697875977,2172.539077249996
8880.0,123.37657928466797,4.827174186706543,2172.736576657
8881.0,9.059732437133789,1.7578999996185303,2172.937453911989
8882.0,22.56025505065918,2.6390833854675293,2173.134577892997
8883.0,3.3149542808532715,0.9178101420402527,2173.313508480991
8884.0,10.16219711303711,1.6508251428604126,2173.5315853739885
8885.0,16.25991439819336,1.8947151899337769,2173.772335242
8886.0,23.390695571899414,2.622809648513794,2173.978310585997
8887.0,15.798921585083008,1.8849328756332397,2174.1628942679963
8888.0,33.946590423583984,2.4501230716705322,2174.3422019189893
8889.0,48.62443923950195,2.897071123123169,2174.5434332269942
8890.0,15.327024459838867,2.1403555870056152,2174.709226494
8891.0,199.7912139892578,7.698933124542236,2174.883970030991
8892.0,151.25540161132812,6.998435020446777,2175.115020186
8893.0,98.37770080566406,5.0534987449646,2175.2923084209906
8894.0,28.438358306884766,2.8444957733154297,2175.460745955992
8895.0,7.03642463684082,1.461723804473877,2176.0676362159866
8896.0,16.579832077026367,2.283066749572754,2177.2684336709935
8897.0,63.59751892089844,3.774177074432373,2178.6176369339955
8898.0,52.684757232666016,4.569061279296875,2178.8670234289893
8899.0,41.772342681884766,3.76322340965271,2179.0505663499935
8900.0,95.23165893554688,4.5665812492370605,2179.2394271059893
8901.0,36.22533416748047,3.398175001144409,2183.464640797989
8902.0,39.83460998535156,4.8409295082092285,2183.6433555089898
8903.0,188.9638214111328,8.172103881835938,2183.8303396959964
8904.0,10.527050971984863,2.1508052349090576,2184.018608184997
8905.0,10.679844856262207,1.8707479238510132,2184.2096593359893
8906.0,35.81718063354492,3.0150692462921143,2184.3883072369936
8907.0,8.99141788482666,1.825796127319336,2184.5811070199998
8908.0,23.356504440307617,2.5516936779022217,2184.7694289119972
8909.0,8.436824798583984,1.6215922832489014,2184.93613480599
8910.0,88.519775390625,4.941931247711182,2185.1337592209893
8911.0,53.90686798095703,4.298259258270264,2185.3229114129936
8912.0,13.748785972595215,2.274930953979492,2185.521865506991
8913.0,65.91509246826172,4.249117374420166,2185.7104098389973
8914.0,45.219486236572266,3.70219349861145,2185.892422366989
8915.0,30.854177474975586,2.9055662155151367,2186.092385079988
8916.0,5.343801975250244,1.1780040264129639,2186.2884915319883
8917.0,5.869093418121338,1.263626217842102,2186.488185454
8918.0,49.88481140136719,3.8563504219055176,2186.698835272997
8919.0,41.57516098022461,3.0095272064208984,2186.8654588189966
8920.0,352.8648986816406,15.8151273727417,2187.052817109987
8921.0,32.5661506652832,3.409492254257202,2187.211046753
8922.0,44.96009063720703,2.9322264194488525,2187.390700477001
8923.0,45.695369720458984,3.513563871383667,2187.5921972969954
8924.0,5.768176555633545,1.2120611667633057,2187.77780127
8925.0,23.21946144104004,2.2277162075042725,2187.9769292679994
8926.0,8.136248588562012,1.5140420198440552,2188.198778009988
8927.0,6.298561096191406,1.3924353122711182,2188.434476558992
8928.0,38.853790283203125,3.097809076309204,2188.61336232099
8929.0,31.859844207763672,2.8188159465789795,2188.845515501991
8930.0,772.1226196289062,19.07813835144043,2189.0386141509953
8931.0,19.054729461669922,2.720043182373047,2189.3196148949937
8932.0,23.75779151916504,2.7100415229797363,2189.5243054049934
8933.0,8.733327865600586,1.4914301633834839,2189.7462665789935
8934.0,5.589471817016602,1.286738395690918,2189.950163589994
8935.0,126.65910339355469,6.506515979766846,2190.1399005819985
8936.0,75.61712646484375,3.640226125717163,2190.313251082989
8937.0,16.93791961669922,1.6478626728057861,2190.502356795987
8938.0,8.872742652893066,1.750954508781433,2190.6879262039874
8939.0,26.083415985107422,2.7573459148406982,2190.889337579996
8940.0,28.276811599731445,3.004699945449829,2191.0707627019874
8941.0,35.51131820678711,4.15812873840332,2191.2440354969876
8942.0,38.29640579223633,3.8606326580047607,2191.4217385029915
8943.0,12.916457176208496,1.514729380607605,2191.5917772319954
8944.0,18.370210647583008,2.0517029762268066,2191.756948548995
8945.0,201.73574829101562,7.885451793670654,2191.949224627999
8946.0,25.62274169921875,3.143284559249878,2192.1449481789896
8947.0,18.321043014526367,2.5926337242126465,2192.323895220994
8948.0,9.900370597839355,1.9800406694412231,2192.500589335992
8949.0,11.260775566101074,1.7177083492279053,2192.6926649969973
8950.0,189.71177673339844,6.770776748657227,2192.9283973779966
8951.0,27.477703094482422,2.6873974800109863,2193.1197382429964
8952.0,24.680776596069336,2.2478458881378174,2193.313317226988
8953.0,7.781767845153809,1.4780266284942627,2193.534554422993
8954.0,25.571029663085938,3.142207145690918,2193.723997366993
8955.0,57.403282165527344,4.416388034820557,2193.9131743209873
8956.0,18.856977462768555,2.393537759780884,2194.106517583001
8957.0,41.142234802246094,3.7826874256134033,2194.292036697996
8958.0,8.407426834106445,1.382828712463379,2194.4558124609903
8959.0,8.352227210998535,1.344508409500122,2194.649800109997
8960.0,356.14520263671875,13.626622200012207,2194.821322584001
8961.0,11.690836906433105,1.8749103546142578,2194.993709088987
8962.0,2.319690465927124,0.7879900932312012,2195.166466734998
8963.0,8.253128051757812,1.6896958351135254,2195.343617662991
8964.0,5.80136251449585,1.3260279893875122,2195.5126979060005
8965.0,30.097368240356445,2.332726001739502,2195.713411968987
8966.0,14.909937858581543,2.0433850288391113,2195.8965417739964
8967.0,20.989667892456055,2.9937291145324707,2196.085370211993
8968.0,18.787580490112305,2.2674689292907715,2196.2669124940003
8969.0,5.545158863067627,1.2272323369979858,2196.4346363549994
8970.0,37.05120086669922,2.8828742504119873,2196.622916659995
8971.0,42.686729431152344,3.009723424911499,2196.7903594829986
8972.0,45.47842025756836,2.7327005863189697,2196.95987269099
8973.0,5.913230895996094,1.5485507249832153,2197.119487619988
8974.0,27.831653594970703,2.8786020278930664,2197.281037610999
8975.0,51.328861236572266,4.159819602966309,2197.4697016769933
8976.0,18.156047821044922,1.9464643001556396,2197.6789379289985
8977.0,17.282798767089844,2.0109267234802246,2197.907679608994
8978.0,36.369754791259766,3.3927485942840576,2198.0846324439917
8979.0,8.108016014099121,1.5187851190567017,2198.2876937339897
8980.0,7.9825921058654785,1.5692987442016602,2198.4802976520004
8981.0,231.91534423828125,8.983510971069336,2198.7012318380002
8982.0,10.67720890045166,1.6363474130630493,2198.9263705289923
8983.0,61.506160736083984,4.3025383949279785,2199.101660849992
8984.0,41.37904357910156,4.079031944274902,2199.2799066709995
8985.0,9.04251480102539,1.4257266521453857,2199.526274732998
8986.0,7.56002140045166,1.5142452716827393,2199.820029411989
8987.0,5.976815223693848,1.2327728271484375,2199.9952181219996
8988.0,327.6883239746094,13.261306762695312,2200.1658508569963
8989.0,36.13479232788086,3.063694477081299,2200.330164545987
8990.0,37.22758865356445,2.9701616764068604,2200.5017134679947
8991.0,43.70747375488281,3.9814693927764893,2200.714967283988
8992.0,7.116267681121826,1.2717459201812744,2200.8817547759973
8993.0,15.877237319946289,2.179185390472412,2201.1088549889973
8994.0,5.689500331878662,1.2685819864273071,2201.3129875729937
8995.0,87.14937591552734,5.73480224609375,2201.4818932380003
8996.0,53.58156204223633,3.1437952518463135,2201.707517947987
8997.0,25.9659423828125,2.539482355117798,2201.9301408059982
8998.0,17.941781997680664,2.2576987743377686,2202.1040197799884
8999.0,64.8332290649414,4.275543212890625,2202.3108759769966
9000.0,10.079874992370605,1.6653615236282349,2202.4988534099975
9001.0,54.54411697387695,3.489995002746582,2210.059485982987
9002.0,12.108255386352539,1.8500666618347168,2210.2870512959926
9003.0,253.83131408691406,13.47212028503418,2210.4785920799914
9004.0,35.764869689941406,2.7548630237579346,2210.7086931359954
9005.0,13.76253890991211,2.2874574661254883,2210.9505187819886
9006.0,27.092010498046875,3.031236410140991,2211.1844594769937
9007.0,24.55653953552246,3.004408836364746,2211.4337766940007
9008.0,79.74586486816406,4.818078517913818,2211.6706478029955
9009.0,24.890703201293945,2.3842294216156006,2211.8833106159873
9010.0,69.0380859375,4.498885631561279,2212.1717883749952
9011.0,112.35910034179688,5.986923694610596,2212.3716978619923
9012.0,32.33283996582031,3.345118284225464,2212.5336351000005
9013.0,20.23456573486328,1.8541868925094604,2212.801840551998
9014.0,6.7720160484313965,1.3821895122528076,2213.059405289998
9015.0,5.128689765930176,1.1901403665542603,2213.2670699169976
9016.0,9.251618385314941,1.4660953283309937,2213.4427227159904
9017.0,518.4642944335938,15.108986854553223,2213.62376858099
9018.0,6.397035598754883,1.5030614137649536,2213.822972270995
9019.0,48.851993560791016,3.9871344566345215,2214.131730558991
9020.0,23.137603759765625,2.5849666595458984,2214.413128686996
9021.0,9.600799560546875,1.5177710056304932,2214.641844077996
9022.0,54.1923713684082,3.319399118423462,2214.9727434499946
9023.0,11.251782417297363,1.998044729232788,2215.2541203329893
9024.0,21.51393699645996,2.8833303451538086,2215.5252107609995
9025.0,12.63066577911377,2.062326192855835,2215.7602575559868
9026.0,18.46723747253418,2.2714478969573975,2216.004053656987
9027.0,76.76567077636719,4.967653274536133,2216.266832230991
9028.0,20.936372756958008,2.6014113426208496,2216.4841396619886
9029.0,12.05968189239502,1.5914844274520874,2216.6911238009925
9030.0,20.424203872680664,2.9509754180908203,2216.986004590988
9031.0,21.2700138092041,1.9106500148773193,2217.228758368001
9032.0,8.647918701171875,1.6150548458099365,2217.4576583379967
9033.0,85.54161834716797,6.969306945800781,2217.6797580679995
9034.0,5.740839004516602,1.0952540636062622,2217.9067224850005
9035.0,49.53710174560547,5.474167823791504,2218.120030427992
9036.0,57.744956970214844,3.3862669467926025,2218.4124553069996
9037.0,146.70474243164062,6.443024635314941,2218.631478563999
9038.0,9.448431015014648,1.6578370332717896,2218.957686007998
9039.0,43.4415397644043,4.898437976837158,2219.151553385993
9040.0,42.7341423034668,3.251185894012451,2219.318681943987
9041.0,14.811440467834473,2.276884078979492,2219.515843489993
9042.0,14.086206436157227,1.9816306829452515,2219.7382187409967
9043.0,54.41468048095703,3.932074546813965,2220.00829065399
9044.0,52.294681549072266,4.410945892333984,2220.2240617569914
9045.0,24.30375099182129,2.8684725761413574,2220.4637226489867
9046.0,11.669268608093262,2.0176899433135986,2220.653854322998
9047.0,8.0295991897583,1.6611411571502686,2220.9001501169987
9048.0,45.47151184082031,4.090442657470703,2221.112745124992
9049.0,87.33588409423828,4.4150390625,2221.297361538993
9050.0,46.00556564331055,3.812361001968384,2221.6704962090007
9051.0,10.241941452026367,1.5158288478851318,2222.9868856269895
9052.0,64.30107116699219,3.7736732959747314,2224.4984068679914
9053.0,7.989098072052002,1.746214747428894,2224.7980319739872
9054.0,9.364500045776367,1.91719388961792,2225.0037698739907
9055.0,28.571456909179688,3.7614076137542725,2225.2396229759906
9056.0,23.091188430786133,2.34662127494812,2225.4312159779947
9057.0,64.31761932373047,3.9224417209625244,2225.615035142997
9058.0,51.669944763183594,3.152479648590088,2225.796743189989
9059.0,13.01485538482666,1.8686904907226562,2226.0261120729992
9060.0,55.0008659362793,4.207301139831543,2226.2142059039907
9061.0,9.339876174926758,1.3216876983642578,2226.438009792997
9062.0,11.58508586883545,2.001269817352295,2226.660224722
9063.0,37.69355392456055,4.477846145629883,2226.847139377991
9064.0,7.240321159362793,1.246407389640808,2227.0378020619974
9065.0,3.801225423812866,1.0184956789016724,2227.2345396359888
9066.0,35.73818588256836,2.9792540073394775,2227.425870640989
9067.0,61.17457580566406,5.128697872161865,2227.6278837779973
9068.0,24.06570053100586,3.6306676864624023,2227.835909602989
9069.0,12.967913627624512,1.778346300125122,2228.032668970991
9070.0,22.702224731445312,2.3581464290618896,2228.2172934089904
9071.0,52.292755126953125,5.326630115509033,2228.3841437139927
9072.0,6.284430980682373,1.316980242729187,2228.569420873988
9073.0,391.01641845703125,12.372861862182617,2228.7664649469953
9074.0,11.96304702758789,2.005876064300537,2228.969111785991
9075.0,16.5400390625,2.858262777328491,2229.171626201991
9076.0,42.27914810180664,3.5095531940460205,2229.3660801669903
9077.0,21.957807540893555,2.8570187091827393,2229.5524401879957
9078.0,37.99153137207031,2.988771438598633,2229.7448666299897
9079.0,543.0396118164062,19.934396743774414,2229.984961760987
9080.0,21.668447494506836,2.5426485538482666,2230.157526579991
9081.0,7.896310806274414,1.477342963218689,2230.361088597987
9082.0,28.236125946044922,3.2438910007476807,2230.548747859997
9083.0,12.016104698181152,1.9329708814620972,2230.7575266509957
9084.0,17.801902770996094,1.5618693828582764,2230.9222170719877
9085.0,30.645221710205078,2.8222546577453613,2231.10917395899
9086.0,38.90507507324219,3.3587746620178223,2231.290949623988
9087.0,14.268620491027832,2.150395393371582,2231.5324234599975
9088.0,36.19251251220703,3.1871631145477295,2231.7229705599893
9089.0,11.53781509399414,2.1146156787872314,2231.9068043379957
9090.0,23.809261322021484,2.511080503463745,2232.0908227649925
9091.0,56.6926155090332,4.111239910125732,2232.31695196699
9092.0,22.994340896606445,2.4080255031585693,2232.491887636992
9093.0,35.74778366088867,3.0029659271240234,2232.6788066209992
9094.0,5.596103668212891,1.2089111804962158,2232.867648500993
9095.0,26.84878921508789,2.5469372272491455,2233.0751321119897
9096.0,12.275758743286133,1.742639183998108,2233.268973129001
9097.0,42.51467514038086,3.539695978164673,2233.4847250439925
9098.0,16.453514099121094,1.5734620094299316,2233.6935206459893
9099.0,41.94329833984375,3.0847465991973877,2233.9160740339867
9100.0,13.805789947509766,2.3606817722320557,2234.137143253989
9101.0,4.712856292724609,1.3151144981384277,2238.567331786995
9102.0,35.3812370300293,2.1490087509155273,2238.7701501759875
9103.0,112.80877685546875,5.263011455535889,2238.9729154489905
9104.0,61.51939392089844,3.6484603881835938,2239.178645130989
9105.0,18.397132873535156,2.5971925258636475,2239.3679537639982
9106.0,265.7161865234375,9.032033920288086,2239.5741023209994
9107.0,65.15989685058594,2.698239326477051,2239.7610088090005
9108.0,85.90547180175781,2.894033193588257,2239.972102437998
9109.0,38.35795974731445,2.9364027976989746,2240.1659446999984
9110.0,44.450523376464844,3.9549176692962646,2240.3765849129995
9111.0,21.987302780151367,2.391730785369873,2240.591194167995
9112.0,22.05722427368164,1.8944789171218872,2240.7903720839968
9113.0,8.361140251159668,1.4726669788360596,2241.0450721439993
9114.0,359.30413818359375,11.774624824523926,2241.2249450919917
9115.0,37.15369415283203,2.644425630569458,2241.4342908229883
9116.0,231.23081970214844,7.641717910766602,2241.651732621991
9117.0,80.1848373413086,4.35911750793457,2241.9321778379963
9118.0,54.27021408081055,3.7812788486480713,2242.1450633489876
9119.0,8.660239219665527,1.669777750968933,2242.304395731
9120.0,70.16124725341797,5.605165958404541,2242.479681658995
9121.0,18.610942840576172,2.6662445068359375,2242.67581113099
9122.0,209.67884826660156,9.876665115356445,2242.8958971760003
9123.0,7.709316730499268,1.4182379245758057,2243.071627496989
9124.0,450.4851379394531,18.442394256591797,2243.267134782989
9125.0,28.72866439819336,2.294732093811035,2243.4925025919947
9126.0,21.05281639099121,2.3912837505340576,2243.6865552529925
9127.0,19.994586944580078,2.323392868041992,2243.875358249992
9128.0,47.16762161254883,4.158844947814941,2244.0928392289934
9129.0,7.550909996032715,1.5310336351394653,2244.2727016029967
9130.0,19.51116180419922,2.674349308013916,2244.483228912999
9131.0,7.23621940612793,1.3496992588043213,2244.677932892999
9132.0,12.018260955810547,2.122751235961914,2244.8935528529983
9133.0,7.199664115905762,1.2985481023788452,2245.090840717996
9134.0,29.26751708984375,2.654569625854492,2245.334820539996
9135.0,7.179233074188232,1.4344894886016846,2245.530530317992
9136.0,20.741592407226562,1.6564579010009766,2245.71267519299
9137.0,5.719549179077148,1.445600152015686,2245.8931514269934
9138.0,73.78849029541016,4.03930139541626,2246.05760638199
9139.0,35.85240173339844,3.1393675804138184,2246.2577041449986
9140.0,23.732229232788086,2.370246648788452,2246.4431229119946
9141.0,47.14570999145508,3.212249755859375,2246.6268510949885
9142.0,244.5569305419922,9.585254669189453,2246.790346387992
9143.0,20.44973373413086,2.511359453201294,2246.986096952998
9144.0,45.71031951904297,5.209579944610596,2247.1568450119958
9145.0,31.566617965698242,2.477947473526001,2247.3175298669958
9146.0,8.861913681030273,1.5723581314086914,2247.484103292998
9147.0,6.3924736976623535,1.3334712982177734,2247.6385227019928
9148.0,4.4477925300598145,1.2883163690567017,2247.821341538991
9149.0,27.283884048461914,3.0913195610046387,2247.993926007999
9150.0,15.216757774353027,2.0244641304016113,2248.210922039987
9151.0,20.056581497192383,2.8598525524139404,2248.454733868988
9152.0,9.380334854125977,1.4484431743621826,2248.6446560740005
9153.0,7.416155815124512,1.271465539932251,2248.8470568799967
9154.0,22.398412704467773,2.5584380626678467,2249.037063883996
9155.0,48.11354064941406,3.5117249488830566,2249.310337289993
9156.0,8.626225471496582,1.6576889753341675,2249.524316247989
9157.0,22.21048355102539,2.6443934440612793,2249.8175122819957
9158.0,6.453773021697998,1.0729666948318481,2250.038884412992
9159.0,16.038578033447266,2.101954698562622,2250.211695776001
9160.0,35.29571533203125,2.602898597717285,2250.4759244789893
9161.0,13.171011924743652,1.9508793354034424,2250.7307013139944
9162.0,13.52853012084961,1.8570561408996582,2250.910303539
9163.0,12.248222351074219,2.2598044872283936,2251.121675153001
9164.0,6.258156776428223,1.296175241470337,2251.306255712989
9165.0,7.710787773132324,1.529624581336975,2251.466694760995
9166.0,20.922456741333008,2.1736655235290527,2251.627553280996
9167.0,46.178890228271484,2.710958957672119,2251.8077847609966
9168.0,103.98461151123047,5.311001777648926,2251.9748040809936
9169.0,12.374080657958984,1.9898372888565063,2252.151538884995
9170.0,6.838649272918701,1.3145455121994019,2252.3404684999987
9171.0,8.215519905090332,1.6766716241836548,2252.5225103919947
9172.0,7.9845290184021,1.5425819158554077,2252.7630305349885
9173.0,19.16691017150879,2.443972587585449,2252.9552005250007
9174.0,5.33254337310791,1.1554077863693237,2253.126050179999
9175.0,16.78278160095215,2.0403964519500732,2253.3504611199896
9176.0,53.76894760131836,3.1887149810791016,2253.513339069992
9177.0,37.62343978881836,3.050485372543335,2253.7421532979934
9178.0,105.4358901977539,7.669466972351074,2253.9300564809964
9179.0,88.23709869384766,5.056202411651611,2254.114298075001
9180.0,9.705946922302246,1.772621989250183,2254.272112642997
9181.0,7.238285541534424,1.5147212743759155,2254.467745634989
9182.0,47.29364013671875,3.015012741088867,2254.688452227987
9183.0,31.32284164428711,2.5406017303466797,2254.906867462996
9184.0,54.11471939086914,3.837059259414673,2255.150925097987
9185.0,9.79043197631836,1.466564416885376,2255.37043681099
9186.0,9.11773681640625,1.7471369504928589,2255.552812927999
9187.0,308.7579650878906,15.184910774230957,2255.76441453
9188.0,49.399349212646484,4.315070629119873,2256.027282030991
9189.0,7.401937961578369,1.6806546449661255,2256.239014554987
9190.0,15.848466873168945,1.625893473625183,2256.4629924539913
9191.0,22.889598846435547,2.658276319503784,2256.829426737997
9192.0,62.46184539794922,2.902583360671997,2257.0747110899974
9193.0,5.386205673217773,1.1813299655914307,2257.355640321999
9194.0,337.87713623046875,6.097232818603516,2257.6229113409936
9195.0,30.759498596191406,2.3905625343322754,2258.010145799999
9196.0,13.822636604309082,1.9442657232284546,2258.254929246992
9197.0,19.62160873413086,2.397793769836426,2258.598151598999
9198.0,36.9158821105957,2.8541290760040283,2259.017653418996
9199.0,31.096435546875,3.0833146572113037,2259.287838928998
9200.0,16.68105697631836,1.8483538627624512,2259.5307825859927
9201.0,24.71809959411621,3.2785818576812744,2264.891063570991
9202.0,35.49771499633789,3.114445209503174,2265.1164293069887
9203.0,20.708282470703125,2.200134515762329,2265.2875690039946
9204.0,8.590779304504395,1.390474796295166,2265.4930203549884
9205.0,23.6007080078125,2.9326250553131104,2265.689818062994
9206.0,192.0916290283203,7.503496170043945,2265.864029965989
9207.0,36.826778411865234,3.756559371948242,2266.0577416789893
9208.0,34.01102828979492,3.6332287788391113,2266.239147180997
9209.0,31.341230392456055,3.0332913398742676,2266.4181103559968
9210.0,19.423725128173828,2.7316524982452393,2266.617452431994
9211.0,5.699677467346191,1.23524808883667,2266.8329161459988
9212.0,46.7526741027832,3.514909029006958,2267.019433433001
9213.0,16.790971755981445,1.9074755907058716,2267.192430930998
9214.0,17.383512496948242,1.9118863344192505,2267.375774782995
9215.0,23.629505157470703,2.468472480773926,2267.605304796991
9216.0,6.620513439178467,1.5510119199752808,2267.770806866989
9217.0,7.5457329750061035,1.412005066871643,2267.947002325993
9218.0,39.27726364135742,3.961059808731079,2268.146800546994
9219.0,12.414726257324219,2.2499759197235107,2268.3163193949877
9220.0,12.869400978088379,1.84138822555542,2268.5293805089896
9221.0,42.95486068725586,3.8636205196380615,2268.7362297910004
9222.0,34.404327392578125,3.225532054901123,2268.970193668996
9223.0,35.31715774536133,3.4977738857269287,2269.1553305979905
9224.0,57.47187423706055,5.288697242736816,2269.3592944400007
9225.0,7.428663730621338,1.7993220090866089,2269.660107134987
9226.0,17.720090866088867,3.088712453842163,2269.866494763992
9227.0,16.489425659179688,2.1602070331573486,2270.123095941992
9228.0,14.56070327758789,1.9390836954116821,2270.3454924869875
9229.0,62.577823638916016,5.72662878036499,2270.5220364739944
9230.0,110.57394409179688,6.70077657699585,2270.7014112909965
9231.0,50.7642822265625,3.3134617805480957,2270.8754877280007
9232.0,7.135110378265381,1.4646141529083252,2271.061153163988
9233.0,30.815214157104492,3.0252506732940674,2271.272588052001
9234.0,26.281322479248047,2.4198384284973145,2271.4709726019937
9235.0,93.1550064086914,5.541897773742676,2271.6504808749887
9236.0,24.06911849975586,2.6421914100646973,2271.843342410997
9237.0,16.044723510742188,1.5734143257141113,2272.02186604499
9238.0,8.427084922790527,1.5982773303985596,2272.1926393489994
9239.0,81.57637786865234,6.681217670440674,2272.3778819709987
9240.0,8.975076675415039,1.7480775117874146,2272.545790223987
9241.0,157.37338256835938,7.4113640785217285,2272.7268843349884
9242.0,119.99024963378906,5.196788311004639,2272.942448770991
9243.0,42.637638092041016,3.613877296447754,2273.139601179995
9244.0,16.315629959106445,2.185046434402466,2273.3216121820005
9245.0,7.866636753082275,1.7237073183059692,2273.4837734019966
9246.0,41.106101989746094,2.8907902240753174,2273.6555481559917
9247.0,49.11288833618164,2.807286262512207,2273.8060133869876
9248.0,61.382816314697266,4.045989990234375,2273.986081846
9249.0,70.61473083496094,5.622951984405518,2274.1722041199973
9250.0,154.6995086669922,6.394785404205322,2274.3602520509885
9251.0,6.45252799987793,1.6365840435028076,2274.5592784799956
9252.0,5.829007148742676,1.239142656326294,2274.754114814001
9253.0,22.883893966674805,2.465062379837036,2274.9405002040003
9254.0,9.781142234802246,1.7892265319824219,2275.166417112996
9255.0,27.754819869995117,2.623203754425049,2275.386597973993
9256.0,7.937008380889893,1.300310730934143,2275.590046608995
9257.0,53.873714447021484,4.997466087341309,2275.772729243996
9258.0,25.35599136352539,3.0380239486694336,2275.970281801987
9259.0,10.518718719482422,1.9215586185455322,2276.166934555993
9260.0,48.85798645019531,3.2529451847076416,2276.341610042
9261.0,105.38581848144531,3.1986212730407715,2276.569694416001
9262.0,37.36146926879883,2.8211488723754883,2276.754673504998
9263.0,9.240750312805176,1.7377222776412964,2276.9503586309875
9264.0,5.225893497467041,1.193419098854065,2277.14397143299
9265.0,14.646806716918945,1.9469916820526123,2277.3406300819915
9266.0,40.28851318359375,3.213723659515381,2277.58734792599
9267.0,45.36775588989258,3.858234405517578,2277.7746569209994
9268.0,13.768418312072754,1.9471790790557861,2277.9509365139966
9269.0,184.84214782714844,5.947822570800781,2278.1449101749895
9270.0,56.24199676513672,5.636940002441406,2278.333173510997
9271.0,24.9890079498291,2.602590560913086,2278.5534407019877
9272.0,6.62999963760376,1.1311699151992798,2278.7266208279907
9273.0,65.56402587890625,3.9518284797668457,2278.915366680987
9274.0,34.50442123413086,3.2961385250091553,2279.1092436949984
9275.0,54.91898727416992,3.7272531986236572,2279.294225199992
9276.0,15.149093627929688,2.2595787048339844,2279.4779373659985
9277.0,6.380970001220703,1.3307254314422607,2279.6719554429874
9278.0,45.54552459716797,3.509742021560669,2279.8526574549905
9279.0,6.426702499389648,1.291883945465088,2280.027774499991
9280.0,20.228309631347656,2.269596576690674,2280.206967686987
9281.0,6.03192663192749,1.2951525449752808,2280.391841521996
9282.0,7.393218517303467,1.2472186088562012,2280.554831192989
9283.0,23.383075714111328,2.903919219970703,2280.723354998001
9284.0,4.518089771270752,1.0058774948120117,2281.1561588019977
9285.0,55.838409423828125,4.446223258972168,2282.366906452997
9286.0,36.7624397277832,3.5917418003082275,2283.5096910219872
9287.0,27.19113540649414,3.7754499912261963,2284.1425716259982
9288.0,21.231660842895508,2.206299304962158,2284.325408260993
9289.0,52.67659378051758,3.5323426723480225,2284.487869694989
9290.0,5.904095649719238,1.5337443351745605,2284.672335774987
9291.0,8.767496109008789,1.6592178344726562,2284.8591923789936
9292.0,8.146265029907227,1.7110860347747803,2285.0324706709944
9293.0,46.596412658691406,3.951429605484009,2285.222568496989
9294.0,90.68370056152344,5.393780708312988,2285.4252002139983
9295.0,70.369873046875,4.292405128479004,2285.6028597589902
9296.0,17.329252243041992,2.600954532623291,2285.784016638994
9297.0,10.915704727172852,1.968322515487671,2286.0116599409957
9298.0,19.41240119934082,2.4741742610931396,2286.2122462400002
9299.0,44.36861038208008,3.4550082683563232,2286.4072696369985
9300.0,7.083744049072266,1.3486247062683105,2286.569007179991
9301.0,24.0152645111084,2.0637664794921875,2291.800824736987
9302.0,4.68459415435791,1.3386335372924805,2291.9598221060005
9303.0,10.001861572265625,1.778926134109497,2292.202051039989
9304.0,12.988739967346191,1.4493045806884766,2292.3762931239908
9305.0,40.27748489379883,3.6907711029052734,2292.6065696179867
9306.0,7.2783522605896,1.511933445930481,2292.8131965059874
9307.0,7.300020217895508,1.4815679788589478,2293.015000385989
9308.0,46.55377960205078,3.998307466506958,2293.1918089249957
9309.0,78.15782165527344,3.672089099884033,2293.3718723369966
9310.0,21.538671493530273,2.470318555831909,2293.5364534089895
9311.0,33.64075469970703,2.5798330307006836,2293.749648678
9312.0,16.081565856933594,1.8675439357757568,2293.923160904
9313.0,43.05359649658203,3.444659471511841,2294.167814342989
9314.0,109.58857727050781,6.818222999572754,2294.3565288099926
9315.0,6.35762357711792,1.25447416305542,2294.5373953259987
9316.0,48.627052307128906,3.58054518699646,2294.715938246998
9317.0,39.81510543823242,3.1563968658447266,2294.8878814630007
9318.0,60.091285705566406,3.3289897441864014,2295.102069126995
9319.0,241.01870727539062,11.984182357788086,2295.3448246279877
9320.0,5.615467548370361,1.207839012145996,2295.618210274988
9321.0,10.298842430114746,1.4639712572097778,2295.788937695994
9322.0,14.745010375976562,1.964630126953125,2295.9945974149887
9323.0,327.5532531738281,15.573894500732422,2296.16348204299
9324.0,29.44167137145996,2.895831346511841,2296.3853395449987
9325.0,7.250901222229004,1.3453831672668457,2296.5556700710003
9326.0,128.52102661132812,7.205642223358154,2296.7595396069955
9327.0,17.5413875579834,2.0604538917541504,2296.903551837997
9328.0,13.630041122436523,2.0165529251098633,2297.0767897089972
9329.0,59.8498649597168,4.702950477600098,2297.237840403992
9330.0,27.683778762817383,2.490346908569336,2297.4369017719873
9331.0,15.782235145568848,1.9668517112731934,2297.636218749991
9332.0,137.93276977539062,7.366227626800537,2297.809756390998
9333.0,37.575504302978516,3.06955623626709,2298.030267794995
9334.0,10.748665809631348,1.917319416999817,2298.22262475999
9335.0,4.995635032653809,1.166547179222107,2298.416654829998
9336.0,5.524587631225586,1.1857675313949585,2298.6425169139984
9337.0,45.223026275634766,3.5777361392974854,2298.84182057
9338.0,51.84189224243164,4.448984622955322,2299.0519248259952
9339.0,13.723508834838867,1.9249430894851685,2299.3199122969963
9340.0,9.002066612243652,1.7456083297729492,2299.5078687439964
9341.0,7.349431037902832,1.6747021675109863,2299.6714858669875
9342.0,20.981660842895508,3.251060962677002,2299.879032325989
9343.0,11.846940040588379,1.7450735569000244,2300.058751284989
9344.0,7.250153064727783,1.457409143447876,2300.226626895994
9345.0,10.026823043823242,2.1120765209198,2300.3935905239923
9346.0,36.48046112060547,3.403559446334839,2300.6161140829936
9347.0,11.107840538024902,1.8426998853683472,2300.831092273991
9348.0,22.75177001953125,2.7528200149536133,2301.016263583995
9349.0,41.34926223754883,3.5479602813720703,2301.1900998509955
9350.0,26.71706199645996,2.5100810527801514,2301.370995567995
9351.0,27.521015167236328,2.4627182483673096,2301.5385341359943
9352.0,153.04270935058594,7.292128086090088,2301.7195916519995
9353.0,64.22447967529297,4.152215003967285,2301.8877754179994
9354.0,4.702993392944336,1.165302038192749,2302.0537192949996
9355.0,71.06034851074219,4.906846523284912,2302.2277835319983
9356.0,31.764034271240234,2.2742786407470703,2302.4135371149896
9357.0,7.633533954620361,1.647376298904419,2302.5773850459955
9358.0,50.13022994995117,3.248986005783081,2302.7477675909904
9359.0,8.05430793762207,1.3992348909378052,2302.919578560992
9360.0,19.577476501464844,2.676316976547241,2303.098026020991
9361.0,34.266361236572266,3.314823627471924,2303.324266384996
9362.0,7.294692039489746,1.6791906356811523,2303.507477701991
9363.0,19.660736083984375,2.8976192474365234,2303.6930180189956
9364.0,16.57267189025879,3.0736236572265625,2303.8625307439943
9365.0,35.470333099365234,2.865624189376831,2304.062283872001
9366.0,24.554798126220703,3.375748634338379,2304.2397999489913
9367.0,4.897965431213379,1.2778321504592896,2304.426330396993
9368.0,8.689831733703613,1.6865578889846802,2304.6145707260002
9369.0,53.55717849731445,5.03653621673584,2304.8119191809965
9370.0,130.1297149658203,7.920064926147461,2304.9921721239953
9371.0,17.805932998657227,1.9064788818359375,2305.1608730689914
9372.0,30.76469612121582,2.4796831607818604,2305.323135337996
9373.0,100.92929077148438,5.083559513092041,2305.512424538989
9374.0,39.55912399291992,4.478618144989014,2305.6772133310005
9375.0,7.001246452331543,1.5611906051635742,2305.852856183992
9376.0,59.77735900878906,5.006289958953857,2306.0402893099963
9377.0,35.37640380859375,2.643234968185425,2306.231011742988
9378.0,10.586831092834473,1.4578499794006348,2306.406286141995
9379.0,7.218755722045898,1.3552279472351074,2306.595721103993
9380.0,26.412113189697266,2.3334851264953613,2306.817969358992
9381.0,110.11376190185547,3.9630589485168457,2307.0256401799998
9382.0,33.42169189453125,2.2850239276885986,2307.220086078989
9383.0,62.20058059692383,3.3303840160369873,2307.3988341229997
9384.0,13.355281829833984,2.3235528469085693,2307.5742946239916
9385.0,8.191505432128906,1.557217001914978,2307.759120482995
9386.0,7.053664207458496,1.5529032945632935,2307.9428052069998
9387.0,25.35036277770996,3.391188621520996,2308.1203479749965
9388.0,63.8776741027832,4.8931803703308105,2308.314042233993
9389.0,7.87596321105957,1.8505059480667114,2308.5130846549873
9390.0,10.462112426757812,1.474714756011963,2308.706074837988
9391.0,55.93406677246094,4.111166000366211,2308.8875527229975
9392.0,56.52109146118164,3.200572967529297,2309.0700843309896
9393.0,19.88230323791504,2.0981807708740234,2309.258148314999
9394.0,26.963991165161133,2.939607858657837,2309.448347286001
9395.0,62.34638595581055,3.5349934101104736,2309.638491359001
9396.0,66.85749053955078,4.297281265258789,2309.8628214029886
9397.0,61.557342529296875,3.6801464557647705,2310.082001317991
9398.0,31.859119415283203,3.05086350440979,2310.2351203169965
9399.0,8.290934562683105,1.6662191152572632,2310.411531823993
9400.0,22.013452529907227,2.3743393421173096,2310.5756304509996
9401.0,41.981685638427734,3.284877061843872,2315.8431304999976
9402.0,378.487060546875,16.877822875976562,2316.0199569479882
9403.0,20.191415786743164,2.3259787559509277,2316.2279572749976
9404.0,56.54852294921875,3.3345119953155518,2316.409777320994
9405.0,11.5663423538208,1.8189892768859863,2316.583811687
9406.0,28.63436508178711,2.9911816120147705,2316.749715757993
9407.0,25.536924362182617,2.1642160415649414,2316.956865108994
9408.0,24.901092529296875,2.6317007541656494,2317.1259049039945
9409.0,10.567535400390625,1.6925160884857178,2317.296596406988
9410.0,84.18541717529297,4.475869178771973,2317.486629643987
9411.0,16.9307861328125,2.208326578140259,2317.6846649009967
9412.0,7.849884033203125,1.5758185386657715,2317.8633682029904
9413.0,19.994171142578125,2.460486888885498,2318.022170295997
9414.0,2.9055747985839844,0.9362776875495911,2318.1857793149975
9415.0,21.678525924682617,2.210822105407715,2318.3552684280003
9416.0,39.98286819458008,3.3272640705108643,2318.5145686909964
9417.0,11.873854637145996,2.1132924556732178,2318.7083807369927
9418.0,8.818290710449219,1.9693772792816162,2318.920699905997
9419.0,26.739376068115234,2.220907211303711,2319.0994360869954
9420.0,125.08963775634766,5.447012424468994,2319.294421644998
9421.0,34.638824462890625,2.7435479164123535,2319.483950007998
9422.0,33.23138427734375,2.7710907459259033,2319.6734342159907
9423.0,7.117699146270752,1.725289225578308,2319.8682273629965
9424.0,26.49634552001953,2.4501490592956543,2320.042097708996
9425.0,234.54261779785156,9.267367362976074,2320.2217659669986
9426.0,10.123966217041016,1.9239498376846313,2320.420742408998
9427.0,70.16801452636719,4.131955623626709,2320.616175749994
9428.0,105.9802474975586,4.678369045257568,2320.8012084709917
9429.0,5.329127311706543,1.1527855396270752,2321.002659771999
9430.0,25.898178100585938,3.094099521636963,2321.231692016998
9431.0,55.76510238647461,3.290975332260132,2321.412219986989
9432.0,32.659812927246094,2.761913537979126,2321.593172593988
9433.0,27.777080535888672,2.5991125106811523,2321.7848294409923
9434.0,126.01994323730469,5.677289962768555,2321.9660421979934
9435.0,58.613502502441406,3.9258530139923096,2322.148870086996
9436.0,7.428405284881592,1.4958025217056274,2322.349591332997
9437.0,19.529796600341797,2.4487717151641846,2322.564710118997
9438.0,18.33051109313965,2.5469560623168945,2322.789812114992
9439.0,16.387184143066406,2.210592269897461,2322.9515148899955
9440.0,18.033641815185547,2.240642547607422,2323.132757549989
9441.0,8.223373413085938,1.3372995853424072,2323.3105800689955
9442.0,11.45251178741455,2.0137739181518555,2323.4913507029996
9443.0,58.5953254699707,3.242584466934204,2323.6854559209896
9444.0,69.39995574951172,5.258779048919678,2323.893844145001
9445.0,67.45757293701172,3.946693181991577,2324.0679258309974
9446.0,62.27906799316406,3.024019479751587,2324.245625008989
9447.0,27.526100158691406,2.5406699180603027,2324.4472701919876
9448.0,43.83636474609375,3.3777449131011963,2324.648229675993
9449.0,8.869919776916504,1.4600772857666016,2324.856216196
9450.0,44.852256774902344,3.6552748680114746,2325.01687878299
9451.0,35.98863220214844,3.4447436332702637,2325.1978091329947
9452.0,10.931469917297363,1.49681556224823,2325.363257590987
9453.0,31.39642333984375,4.01025390625,2325.535757818987
9454.0,8.820833206176758,1.6505292654037476,2325.7456983869924
9455.0,7.004730224609375,1.4092599153518677,2325.9198490049894
9456.0,27.419729232788086,2.4344382286071777,2326.082958881001
9457.0,27.34951400756836,2.9133541584014893,2326.2765952639893
9458.0,29.159774780273438,2.4266228675842285,2326.4891012599983
9459.0,35.44374084472656,2.879718780517578,2326.6495090440003
9460.0,16.811294555664062,1.9367568492889404,2326.824294602993
9461.0,14.318413734436035,2.206258535385132,2327.013153973996
9462.0,33.150508880615234,2.257962226867676,2327.186058034
9463.0,5.304358959197998,1.2612076997756958,2327.430077496989
9464.0,32.83494567871094,2.846680164337158,2327.6141587309976
9465.0,21.490537643432617,2.2266101837158203,2327.780180582995
9466.0,98.39868927001953,5.6613287925720215,2327.9947581140004
9467.0,38.236717224121094,2.7589752674102783,2328.1921311159967
9468.0,16.425647735595703,2.8874261379241943,2328.3597447929933
9469.0,6.522480010986328,1.1998075246810913,2328.5576873779937
9470.0,28.687400817871094,3.3574447631835938,2328.730635023996
9471.0,160.59156799316406,8.107412338256836,2328.9773327099974
9472.0,13.198760032653809,1.9240275621414185,2329.193122812998
9473.0,15.283439636230469,2.0422704219818115,2329.4014389309887
9474.0,4.481448173522949,1.2835034132003784,2329.5710798709915
9475.0,31.77725601196289,2.4249014854431152,2329.779815091999
9476.0,61.89741134643555,4.223898887634277,2329.9827027229912
9477.0,23.751283645629883,2.8570430278778076,2330.178918223988
9478.0,16.449745178222656,2.32609486579895,2330.3768355759967
9479.0,29.533647537231445,4.0915207862854,2330.5634983950004
9480.0,4.213509559631348,1.05704665184021,2330.824103299994
9481.0,16.566070556640625,2.0535926818847656,2331.080298874993
9482.0,20.806596755981445,2.5597758293151855,2331.3464751439897
9483.0,18.73981475830078,1.716710090637207,2331.609796669989
9484.0,5.407993316650391,1.3922117948532104,2331.8120842429926
9485.0,19.01102066040039,2.6011462211608887,2331.975896635995
9486.0,22.6140079498291,3.4961812496185303,2332.1350312669965
9487.0,38.1597785949707,3.5846500396728516,2332.3098499629996
9488.0,14.54306411743164,2.0632834434509277,2332.4948601819924
9489.0,74.15052032470703,4.160459518432617,2332.661729321
9490.0,23.98998260498047,3.383819818496704,2332.892338271995
9491.0,21.33087158203125,2.46793532371521,2333.061951438998
9492.0,36.00276565551758,3.269407272338867,2333.2391633499938
9493.0,11.65275764465332,2.037694215774536,2333.4436042109883
9494.0,43.31553649902344,3.1740782260894775,2333.5974030479993
9495.0,12.283746719360352,1.9311896562576294,2333.8471262569947
9496.0,68.10832214355469,4.42997932434082,2334.049093971
9497.0,6.297039031982422,1.289292812347412,2334.226008351994
9498.0,86.63351440429688,5.224550724029541,2334.4468567629956
9499.0,18.423763275146484,2.619673013687134,2334.634813591998
9500.0,13.077102661132812,1.915269136428833,2334.7969366209873
9501.0,11.049964904785156,1.736574411392212,2341.000416391995
9502.0,8.454081535339355,1.4071227312088013,2341.176924622996
9503.0,11.322509765625,1.7211121320724487,2341.3579145999975
9504.0,6.650766849517822,1.3312296867370605,2341.546946892995
9505.0,61.256134033203125,3.8321611881256104,2341.744507721989
9506.0,46.66315841674805,3.7062456607818604,2341.933594604998
9507.0,11.272912979125977,1.722259759902954,2342.1158313199994
9508.0,10.593179702758789,1.6469275951385498,2342.322213782987
9509.0,34.25798416137695,3.361044406890869,2342.5093296079867
9510.0,26.402206420898438,3.4581210613250732,2342.6993366159877
9511.0,91.15777587890625,4.953822135925293,2342.913743211
9512.0,37.24523162841797,3.60219669342041,2343.126563108992
9513.0,12.27234172821045,1.9702973365783691,2343.3210127169878
9514.0,6.715635299682617,1.31076180934906,2343.491115525001
9515.0,53.076416015625,3.8356263637542725,2343.7607303699915
9516.0,34.40037155151367,2.8076934814453125,2344.0074928119866
9517.0,14.892577171325684,2.2040884494781494,2344.2671949840005
9518.0,8.884661674499512,1.3916049003601074,2344.422113825989
9519.0,143.9424591064453,6.35439920425415,2344.6093934050004
9520.0,6.540890216827393,1.6992261409759521,2344.8222851679893
9521.0,11.284161567687988,2.0463039875030518,2345.006146447995
9522.0,16.006473541259766,2.0249292850494385,2345.1864188949985
9523.0,6.350514888763428,1.2543408870697021,2345.389688653988
9524.0,8.559535026550293,1.2542579174041748,2345.605692382989
9525.0,39.14347457885742,3.1802542209625244,2345.772461419998
9526.0,28.692218780517578,2.8690052032470703,2345.9558241139894
9527.0,68.59376525878906,3.713919162750244,2346.1431203440006
9528.0,61.32376480102539,4.063133716583252,2346.3790067019872
9529.0,42.29771423339844,3.6977713108062744,2346.551246787989
9530.0,18.876562118530273,2.2886178493499756,2346.751362236988
9531.0,34.49214553833008,3.436168670654297,2346.974869749989
9532.0,11.194977760314941,1.529383897781372,2347.1728006979974
9533.0,22.91693878173828,2.247291088104248,2347.3529208199907
9534.0,16.06991195678711,2.071176767349243,2347.547047303
9535.0,149.29673767089844,8.306421279907227,2347.7799714769935
9536.0,7.808226585388184,1.4660747051239014,2347.97486362599
9537.0,10.541032791137695,1.844886064529419,2348.173965324997
9538.0,12.177329063415527,1.8093616962432861,2348.377865357994
9539.0,32.12144088745117,2.8352596759796143,2348.5720697389916
9540.0,17.63438606262207,2.325666666030884,2348.7709414869896
9541.0,11.318903923034668,1.6428332328796387,2348.9623949969973
9542.0,15.822466850280762,1.9655250310897827,2349.161284389993
9543.0,18.83571434020996,1.8958766460418701,2349.3377660900005
9544.0,6.753776550292969,1.373482346534729,2349.5167130029877
9545.0,364.16156005859375,12.635638236999512,2349.731460145995
9546.0,24.07484245300293,2.9425697326660156,2350.012612377992
9547.0,25.13557243347168,3.106114387512207,2350.2197989470005
9548.0,307.5146179199219,14.904753684997559,2350.425682061992
9549.0,600.0813598632812,16.7298583984375,2350.709193649993
9550.0,13.056021690368652,2.009394645690918,2350.8936084029992
9551.0,434.57916259765625,17.166852951049805,2351.08067304999
9552.0,49.29975128173828,3.4207422733306885,2351.233540094996
9553.0,35.98069381713867,3.0354111194610596,2351.4374132049998
9554.0,11.654762268066406,1.2920349836349487,2351.6621097619936
9555.0,10.629924774169922,1.6671168804168701,2351.853602654999
9556.0,36.3682861328125,2.864675998687744,2352.04593548899
9557.0,49.059566497802734,3.3149328231811523,2352.2326832739927
9558.0,26.142688751220703,2.5282223224639893,2352.4146782939933
9559.0,47.74492645263672,4.322902202606201,2352.601343821996
9560.0,32.77994155883789,4.624879837036133,2352.7829524729896
9561.0,16.51994514465332,1.8675925731658936,2352.955209517997
9562.0,25.293987274169922,2.9930689334869385,2353.120788729997
9563.0,36.53899002075195,3.4627439975738525,2353.302794869989
9564.0,210.4474334716797,6.390070915222168,2353.479648957
9565.0,7.283659934997559,1.440359115600586,2353.659260706001
9566.0,6.822216987609863,1.203582525253296,2353.833618756995
9567.0,9.69871997833252,1.8858922719955444,2353.9982016639988
9568.0,10.500129699707031,1.9876480102539062,2354.172743446994
9569.0,6.3206071853637695,1.6832956075668335,2354.353642249989
9570.0,4.628523349761963,1.2759404182434082,2354.57465788399
9571.0,14.331936836242676,2.3812167644500732,2354.753568835993
9572.0,45.870208740234375,3.9831814765930176,2354.927026341
9573.0,9.238729476928711,1.5892497301101685,2355.106179826995
9574.0,6.4242777824401855,1.2834937572479248,2355.2809188709944
9575.0,9.303083419799805,1.6616255044937134,2355.458143685988
9576.0,13.331218719482422,2.0981500148773193,2355.6480486660002
9577.0,407.2822570800781,14.712591171264648,2355.8413880019943
9578.0,28.63079833984375,2.7291836738586426,2356.0138873219985
9579.0,35.27589797973633,4.149992942810059,2356.175179842001
9580.0,7.183887481689453,1.3976863622665405,2356.3444136319886
9581.0,55.05990982055664,4.466340065002441,2356.502948456997
9582.0,63.13608932495117,3.076019525527954,2356.70314957299
9583.0,22.315032958984375,2.5717790126800537,2356.9114724179963
9584.0,44.70372772216797,3.1465790271759033,2357.0788673019997
9585.0,39.74421310424805,2.7771761417388916,2357.243855815992
9586.0,5.631056308746338,1.0075372457504272,2357.414811451992
9587.0,104.65998840332031,4.597764492034912,2357.578092504991
9588.0,12.840099334716797,1.8613309860229492,2357.761921074998
9589.0,402.4470520019531,13.462857246398926,2357.9981661519996
9590.0,18.908920288085938,2.2102468013763428,2358.1866388439958
9591.0,22.659679412841797,2.5020954608917236,2358.359609733001
9592.0,11.68267822265625,1.7704890966415405,2358.558347150989
9593.0,30.160974502563477,2.394322633743286,2358.74284007799
9594.0,22.25765037536621,1.9856419563293457,2358.9343183559977
9595.0,16.3970890045166,1.9152748584747314,2359.1030214069906
9596.0,50.06278610229492,3.5338294506073,2359.3127074099903
9597.0,127.23493957519531,7.9250407218933105,2359.472723392988
9598.0,7.52451753616333,1.5626182556152344,2359.6853363650007
9599.0,38.542213439941406,2.7460262775421143,2359.8710160359915
9600.0,6.046296119689941,1.356136441230774,2360.0362595899933
9601.0,561.192138671875,16.374608993530273,2364.341818552988
9602.0,14.26816177368164,1.614883542060852,2364.5208326389984
9603.0,6.492982387542725,1.4429714679718018,2364.695959419987
9604.0,9.410977363586426,1.733365774154663,2364.891014030989
9605.0,6.730639457702637,1.7368824481964111,2365.07577260799
9606.0,28.102319717407227,2.496417999267578,2365.248935664
9607.0,11.007899284362793,2.051697015762329,2365.681675082
9608.0,5.910979747772217,1.256408929824829,2367.1928450839914
9609.0,11.09420394897461,2.075580596923828,2368.2875722559984
9610.0,19.266254425048828,2.2784063816070557,2368.6696471859905
9611.0,6.059475421905518,1.2330117225646973,2368.8816482989932
9612.0,21.653213500976562,2.213243246078491,2369.073654079999
9613.0,7.176975250244141,1.2616480588912964,2369.246315600991
9614.0,12.979281425476074,1.8525863885879517,2369.423726616995
9615.0,40.93803405761719,3.0533881187438965,2369.62900792899
9616.0,8.512970924377441,1.5863945484161377,2369.8273310609948
9617.0,14.022500038146973,1.8868992328643799,2370.0222148699977
9618.0,42.5302619934082,3.618560791015625,2370.2435261229984
9619.0,13.048651695251465,2.6496706008911133,2370.410020573996
9620.0,46.599849700927734,3.947491407394409,2370.6243712909927
9621.0,21.894554138183594,2.755366086959839,2370.7840178969927
9622.0,37.399139404296875,3.0049257278442383,2370.973744155999
9623.0,76.54010009765625,3.694021463394165,2371.1733699350007
9624.0,6.861427307128906,1.2229208946228027,2371.342535502001
9625.0,29.59899139404297,3.6687729358673096,2371.540624397996
9626.0,14.692339897155762,2.7585415840148926,2371.7131401209917
9627.0,150.5628204345703,6.160659313201904,2371.919185366991
9628.0,29.32594108581543,2.4961724281311035,2372.131728437991
9629.0,21.9117431640625,2.6098451614379883,2372.3212119909876
9630.0,6.560732364654541,1.4459547996520996,2372.5221287780005
9631.0,17.023578643798828,2.4353792667388916,2372.7458087079867
9632.0,50.650699615478516,3.192614793777466,2372.978105008995
9633.0,4.9620041847229,1.3367019891738892,2373.165537901994
9634.0,179.43179321289062,6.987585067749023,2373.3405909129942
9635.0,14.633759498596191,2.6002142429351807,2373.5248755989887
9636.0,28.03489112854004,3.5264840126037598,2373.702902869991
9637.0,22.924057006835938,3.707871675491333,2373.9457349909935
9638.0,29.189790725708008,2.572913646697998,2374.110441879995
9639.0,27.202983856201172,2.938628911972046,2374.3120236889954
9640.0,42.21492385864258,2.884059429168701,2374.5096843319916
9641.0,39.244232177734375,3.53989577293396,2374.721446409996
9642.0,69.83316802978516,4.297063827514648,2374.906912042992
9643.0,5.334327220916748,1.4009199142456055,2375.082895048996
9644.0,8.09792423248291,1.4626009464263916,2375.2612389369897
9645.0,22.082929611206055,2.065974235534668,2375.468190785992
9646.0,25.55133628845215,2.829592704772949,2375.6266841069883
9647.0,7.41373872756958,1.6926639080047607,2375.8586932479957
9648.0,28.3309268951416,3.3625409603118896,2376.057078890997
9649.0,17.358646392822266,1.5483099222183228,2376.2276951859967
9650.0,43.21255874633789,4.682140350341797,2376.4457251799904
9651.0,111.24766540527344,7.738575458526611,2376.6235393679963
9652.0,6.340951442718506,1.251001238822937,2376.8114252899977
9653.0,25.167688369750977,2.3356621265411377,2376.984662371993
9654.0,26.670127868652344,3.305468797683716,2377.154628980992
9655.0,44.17387008666992,3.735055923461914,2377.327615353992
9656.0,7.456753253936768,1.5166932344436646,2377.5493618809996
9657.0,10.012298583984375,1.7085367441177368,2377.776239435989
9658.0,111.98516082763672,7.820528507232666,2377.948258405988
9659.0,34.06925582885742,3.2183337211608887,2378.1424787319993
9660.0,48.40891647338867,3.4489758014678955,2378.3621640169877
9661.0,106.85350036621094,6.229548454284668,2378.547750587997
9662.0,63.0444450378418,4.407227993011475,2378.7097545180004
9663.0,33.7717170715332,3.089442253112793,2378.944316391993
9664.0,33.71894454956055,3.360821485519409,2379.105518692988
9665.0,162.53648376464844,6.0940656661987305,2379.3228919149988
9666.0,42.1954231262207,3.6587109565734863,2379.5158662149915
9667.0,34.70986557006836,4.532433032989502,2379.6743009489874
9668.0,55.03303527832031,3.8003411293029785,2379.915752267989
9669.0,19.419952392578125,2.10416316986084,2380.0872164789907
9670.0,33.29227828979492,3.8021600246429443,2380.259212550998
9671.0,5.670238494873047,1.1998311281204224,2380.4571690289886
9672.0,26.42158317565918,2.712923765182495,2380.6325019349897
9673.0,21.60343360900879,2.4849741458892822,2380.864154586001
9674.0,62.169918060302734,4.414670944213867,2381.06471455899
9675.0,4.837826728820801,1.2617762088775635,2381.240113633001
9676.0,44.566219329833984,3.1299872398376465,2381.461431933989
9677.0,38.32197189331055,3.254182815551758,2381.670939150994
9678.0,54.83241271972656,4.363260269165039,2381.8596308720007
9679.0,6.367558479309082,1.5069345235824585,2382.083730833998
9680.0,23.265783309936523,2.6066408157348633,2382.25224213599
9681.0,20.214963912963867,2.4837779998779297,2382.4581136239867
9682.0,34.53908157348633,2.8614015579223633,2382.658469274
9683.0,28.94956398010254,2.1511144638061523,2382.8432553769962
9684.0,62.415435791015625,4.160707473754883,2383.0153020439902
9685.0,19.159730911254883,2.286146402359009,2383.1978719459876
9686.0,18.088796615600586,2.1324622631073,2383.4090893019893
9687.0,37.52836227416992,2.868288516998291,2383.6200306999963
9688.0,36.02132797241211,2.341231107711792,2383.808278087992
9689.0,79.79256439208984,4.776350021362305,2383.985414869996
9690.0,15.576897621154785,2.115572690963745,2384.183194735
9691.0,15.135576248168945,1.8977339267730713,2384.402137003999
9692.0,437.39727783203125,12.431076049804688,2384.620747944995
9693.0,7.981127738952637,1.2327280044555664,2384.852541627988
9694.0,43.39596176147461,3.999041795730591,2385.087332381998
9695.0,138.03781127929688,6.622481822967529,2385.277758614
9696.0,42.32593536376953,2.6591923236846924,2385.4566463899973
9697.0,35.467445373535156,2.529323101043701,2385.6410250479967
9698.0,42.10917663574219,3.179873466491699,2385.830630010998
9699.0,400.19122314453125,17.468082427978516,2386.028443610994
9700.0,235.1326141357422,7.347182273864746,2386.2188067219977
9701.0,40.8574104309082,3.034245014190674,2390.85259127499
9702.0,14.971288681030273,2.061739206314087,2391.0784301749954
9703.0,13.813104629516602,1.742879033088684,2391.2786733369867
9704.0,15.47746753692627,2.1090431213378906,2391.468238452988
9705.0,205.1501922607422,9.082991600036621,2391.665324756992
9706.0,27.162105560302734,2.4825782775878906,2391.8896262849885
9707.0,49.15937805175781,3.4079551696777344,2392.0783587240003
9708.0,5.725441932678223,1.218222975730896,2392.251868177991
9709.0,5.988749980926514,1.2338135242462158,2392.446172229
9710.0,10.307709693908691,1.5897226333618164,2392.6403767149895
9711.0,7.909440994262695,1.7125877141952515,2392.80476504899
9712.0,7.186482906341553,1.329035758972168,2393.0248112209956
9713.0,62.3797492980957,4.704995155334473,2393.2485961169878
9714.0,7.60684061050415,1.608449101448059,2393.4154049089993
9715.0,6.894424915313721,1.6298142671585083,2393.5789349889965
9716.0,29.29898452758789,2.936516523361206,2393.784170157989
9717.0,23.63254737854004,2.4049313068389893,2394.0206793159887
9718.0,19.134531021118164,2.328909158706665,2394.1865143909963
9719.0,15.461343765258789,1.7174434661865234,2394.3807694729912
9720.0,23.620203018188477,3.155214548110962,2394.587042824991
9721.0,65.19160461425781,4.54243278503418,2394.772951419989
9722.0,12.85468578338623,1.8948880434036255,2394.9482827159954
9723.0,31.2359676361084,3.1115052700042725,2395.133438592995
9724.0,40.95352554321289,3.1150565147399902,2395.331127862999
9725.0,29.73564338684082,2.795482635498047,2395.545451370999
9726.0,7.547188758850098,1.3789803981781006,2395.7349511599896
9727.0,2.4449496269226074,0.8267265558242798,2395.9236000849924
9728.0,6.770381450653076,1.4111528396606445,2396.116873993
9729.0,3.06904673576355,0.9398162961006165,2396.3112012909987
9730.0,107.40556335449219,5.233156681060791,2396.516170220988
9731.0,14.758699417114258,2.4534525871276855,2396.6840615830006
9732.0,24.324949264526367,1.9335867166519165,2396.8794173450005
9733.0,9.06156063079834,1.7983973026275635,2397.073639012
9734.0,34.93752670288086,2.5916037559509277,2397.32536124099
9735.0,164.9709930419922,6.026038646697998,2397.4930299400003
9736.0,15.757060050964355,2.370180368423462,2397.6664565190003
9737.0,7.460844039916992,1.9411568641662598,2397.839475654997
9738.0,28.164958953857422,2.2053756713867188,2398.0061377719976
9739.0,27.117286682128906,2.695208787918091,2398.174704290999
9740.0,41.9648323059082,3.2254109382629395,2398.3607264349994
9741.0,24.707326889038086,3.7035484313964844,2398.5288712119946
9742.0,26.41112518310547,2.6814887523651123,2398.6881661149964
9743.0,29.772104263305664,2.6002187728881836,2398.8797150109895
9744.0,26.175582885742188,3.353203296661377,2399.0759245389927
9745.0,39.454986572265625,3.2390620708465576,2399.2379006109986
9746.0,80.1134033203125,2.921708345413208,2399.4063388359937
9747.0,91.2560806274414,6.007818222045898,2399.5991043799877
9748.0,342.2598876953125,15.735952377319336,2399.805144069993
9749.0,6.587433815002441,1.2886978387832642,2399.9740853719995
9750.0,11.821080207824707,2.26676082611084,2400.155461931994
9751.0,45.153648376464844,2.4641335010528564,2400.3390453549946
9752.0,9.355246543884277,1.6410040855407715,2400.5119521769957
9753.0,72.05442810058594,4.52236270904541,2400.674861375999
9754.0,8.620701789855957,1.6912442445755005,2400.8454786269867
9755.0,23.857473373413086,2.949148416519165,2401.0182340399915
9756.0,8.671416282653809,1.360586404800415,2401.215448237999
9757.0,7.355497360229492,1.5259636640548706,2401.3833482639893
9758.0,38.081993103027344,2.8975560665130615,2401.5696700109984
9759.0,5.3846821784973145,1.3610637187957764,2401.756561907998
9760.0,61.511436462402344,5.675064563751221,2401.939604492989
9761.0,23.671756744384766,2.5368378162384033,2402.1309940309875
9762.0,34.286766052246094,2.893383026123047,2402.284848364987
9763.0,15.46997356414795,2.3782572746276855,2402.4656406369904
9764.0,50.3704833984375,5.0231804847717285,2402.6438194309885
9765.0,4.98451566696167,1.0583860874176025,2402.8311907359894
9766.0,7.57295036315918,1.4514338970184326,2403.0259486899886
9767.0,6.729487895965576,1.3575600385665894,2403.187799032996
9768.0,34.39204406738281,2.6782236099243164,2403.3617802160006
9769.0,36.75701904296875,3.2270123958587646,2403.5578367989947
9770.0,20.173917770385742,2.347294569015503,2403.731467713995
9771.0,368.8612976074219,10.20305347442627,2403.9278413619904
9772.0,30.765029907226562,2.1709909439086914,2404.1002681809914
9773.0,8.370980262756348,1.5591245889663696,2404.318102999998
9774.0,13.222005844116211,1.937203288078308,2404.519170279993
9775.0,35.2094841003418,2.8543283939361572,2404.6919599279936
9776.0,43.37040328979492,2.802520990371704,2404.863499681989
9777.0,22.153602600097656,2.5201070308685303,2405.0297958839947
9778.0,213.01759338378906,9.28052043914795,2405.2012049569894
9779.0,10.103354454040527,1.888301968574524,2405.3825277549913
9780.0,61.477294921875,3.757678508758545,2405.575000984987
9781.0,5.850283145904541,1.1979457139968872,2405.740867460001
9782.0,8.668607711791992,1.413633942604065,2405.9079389919934
9783.0,45.94923782348633,3.485759973526001,2406.09045771799
9784.0,13.181950569152832,1.9557591676712036,2406.273145647996
9785.0,10.958192825317383,2.010209083557129,2406.444603538999
9786.0,24.876815795898438,3.814542293548584,2406.6484700979927
9787.0,10.405007362365723,1.5257049798965454,2406.8336213069997
9788.0,35.87074661254883,2.9032607078552246,2407.007968108999
9789.0,20.065223693847656,2.181403875350952,2407.2286777529953
9790.0,7.354489326477051,1.6553534269332886,2407.412026328995
9791.0,26.676706314086914,2.420844316482544,2407.581723575
9792.0,289.5423583984375,14.346397399902344,2407.7747418949875
9793.0,5.978121757507324,1.1969211101531982,2407.944139055995
9794.0,5.602822780609131,1.152321696281433,2408.11315327599
9795.0,54.352569580078125,4.17152738571167,2408.2977052559872
9796.0,221.06820678710938,9.169804573059082,2408.4729482659895
9797.0,46.98525619506836,3.308006525039673,2408.648953180993
9798.0,35.17905044555664,2.884274482727051,2408.8193963039957
9799.0,38.21482467651367,3.057647943496704,2408.998281048989
9800.0,33.3987922668457,3.034000873565674,2409.1491497779934
9801.0,31.265613555908203,2.8646960258483887,2414.6353829349973
9802.0,25.041126251220703,2.5026907920837402,2414.804795131
9803.0,76.73236846923828,4.375401020050049,2414.9584810009983
9804.0,10.421346664428711,1.7353335618972778,2415.12420510799
9805.0,43.39590835571289,3.222318172454834,2415.3326147849875
9806.0,13.391939163208008,2.017568826675415,2415.4992863829975
9807.0,51.0023078918457,4.821914196014404,2415.778583250998
9808.0,7.920660495758057,1.6336854696273804,2416.075597687988
9809.0,40.37229919433594,3.561940908432007,2416.345096625999
9810.0,26.76058006286621,1.719061017036438,2416.5082023419964
9811.0,15.30677318572998,2.080425977706909,2416.8003665279975
9812.0,24.717166900634766,2.1572461128234863,2417.024666485988
9813.0,11.640728950500488,1.9407438039779663,2417.344694209998
9814.0,12.900440216064453,1.4531805515289307,2417.5126818199933
9815.0,7.312730312347412,1.5972938537597656,2417.72848972099
9816.0,20.316143035888672,2.2617781162261963,2417.903576682991
9817.0,7.630873203277588,1.6637450456619263,2418.0695134699927
9818.0,6.241509437561035,1.1131747961044312,2418.2583004889893
9819.0,62.484432220458984,3.9889626502990723,2418.418939558993
9820.0,7.396600246429443,1.6573309898376465,2418.6999877909984
9821.0,80.88334655761719,4.4309401512146,2418.8767958589888
9822.0,56.79676055908203,2.9848906993865967,2419.155641856996
9823.0,9.027318954467773,1.5902050733566284,2419.4316664179933
9824.0,7.798248767852783,1.375900387763977,2419.6620004759898
9825.0,15.648543357849121,2.0714223384857178,2419.835393690999
9826.0,111.99291229248047,5.408932685852051,2420.0396514739987
9827.0,5.729708194732666,1.315893530845642,2420.249714319987
9828.0,9.966217994689941,1.9306377172470093,2420.4879437739874
9829.0,8.428783416748047,1.5908708572387695,2420.6728826420003
9830.0,7.008601665496826,1.6893517971038818,2420.9213441819884
9831.0,40.452880859375,3.0864899158477783,2421.2667977719975
9832.0,8.596762657165527,1.529341459274292,2421.4808850769914
9833.0,34.243072509765625,3.1194908618927,2421.6824154099886
9834.0,38.578922271728516,3.220287561416626,2422.029929155993
9835.0,7.1904215812683105,1.2982656955718994,2422.1917635069985
9836.0,58.11719512939453,3.2662763595581055,2422.376191131989
9837.0,7.657871246337891,1.359065294265747,2422.620146970992
9838.0,43.20925521850586,3.422739267349243,2422.811358889987
9839.0,47.16144561767578,3.81369948387146,2422.9886816429935
9840.0,6.814599514007568,1.4837919473648071,2423.153028980989
9841.0,42.9229736328125,2.942739486694336,2423.401247722999
9842.0,69.71568298339844,4.721879005432129,2423.6903800019936
9843.0,21.014427185058594,2.2709546089172363,2423.8484818269935
9844.0,84.81928253173828,4.600846290588379,2424.1260560839874
9845.0,35.737213134765625,2.7060232162475586,2424.336613624997
9846.0,434.1941223144531,17.322994232177734,2424.5289170589967
9847.0,517.366455078125,15.333014488220215,2424.753395751992
9848.0,4.779957294464111,1.238327145576477,2424.9310956150002
9849.0,8.792498588562012,1.7107652425765991,2425.124864679994
9850.0,29.759029388427734,2.730562925338745,2425.3534385139938
9851.0,40.90604019165039,3.5873196125030518,2425.5209986499976
9852.0,20.034908294677734,2.1627659797668457,2425.6811627829884
9853.0,25.60778045654297,2.2833964824676514,2425.87002552599
9854.0,5.853524208068848,1.1336860656738281,2426.0831669749896
9855.0,21.113853454589844,2.734069347381592,2426.259171327998
9856.0,65.02852630615234,4.955522537231445,2426.438911783989
9857.0,34.831607818603516,2.938368082046509,2426.6166844379914
9858.0,3.831944227218628,1.072834849357605,2426.7945585269918
9859.0,18.72771453857422,2.634364366531372,2426.974448075998
9860.0,54.12466812133789,3.9733235836029053,2427.1521420139907
9861.0,8.435317039489746,1.7291418313980103,2427.3675904679985
9862.0,23.259098052978516,2.820726156234741,2427.528608272987
9863.0,17.46175765991211,1.8707035779953003,2427.706207281997
9864.0,35.4587287902832,3.825889825820923,2427.886669760992
9865.0,61.63731384277344,5.409265518188477,2428.06365677499
9866.0,12.185623168945312,2.0645408630371094,2428.2515022529988
9867.0,28.76545524597168,2.753819465637207,2428.4265949229884
9868.0,51.20866775512695,3.510768175125122,2428.5979907619912
9869.0,11.754615783691406,2.0642549991607666,2428.778356940995
9870.0,38.962162017822266,2.4721665382385254,2428.9502238239947
9871.0,5.933089733123779,1.2765990495681763,2429.119136702997
9872.0,127.36483764648438,5.915874004364014,2429.285997570987
9873.0,89.57447814941406,5.518429756164551,2429.4998862119974
9874.0,18.425765991210938,2.31760835647583,2429.6895341799973
9875.0,33.692142486572266,3.4294276237487793,2429.868432464995
9876.0,58.74346160888672,3.798640727996826,2430.055690702997
9877.0,15.01795768737793,1.8650834560394287,2430.236134030987
9878.0,8.799885749816895,1.758298397064209,2430.414502088999
9879.0,100.06940460205078,6.526329040527344,2430.5977232000005
9880.0,47.6236686706543,4.534635543823242,2430.7846313259943
9881.0,57.690616607666016,3.241804599761963,2430.9572713800007
9882.0,22.69120979309082,2.088858127593994,2431.1100737219967
9883.0,20.75629234313965,2.39339542388916,2431.288675548989
9884.0,33.520057678222656,3.5496883392333984,2431.465700664994
9885.0,50.94853210449219,3.3160347938537598,2431.6477499449975
9886.0,16.058006286621094,2.4026663303375244,2431.817619755995
9887.0,38.96099853515625,3.5733439922332764,2431.9756917339982
9888.0,26.95081901550293,2.4342923164367676,2432.1637835579895
9889.0,229.5159912109375,8.204842567443848,2432.3415317649924
9890.0,30.464765548706055,1.8465125560760498,2432.5543698089896
9891.0,35.44776153564453,2.5478789806365967,2432.801744122
9892.0,15.614230155944824,1.881159782409668,2432.9802249439963
9893.0,53.636322021484375,3.6857545375823975,2433.1850336450007
9894.0,4.892900466918945,1.1788969039916992,2433.3829630249966
9895.0,23.505369186401367,2.0878491401672363,2433.575346105994
9896.0,6.996495723724365,1.4556845426559448,2433.7670628060005
9897.0,173.734130859375,5.826913833618164,2433.955966239999
9898.0,43.090267181396484,2.8057522773742676,2434.1557711009955
9899.0,18.440858840942383,2.038144588470459,2434.3695174489985
9900.0,23.256099700927734,2.323693037033081,2434.5947932439885
9901.0,45.749332427978516,3.6390016078948975,2439.9333925009996
9902.0,18.64015007019043,3.126530408859253,2440.1252034520003
9903.0,7.366458892822266,1.3668919801712036,2440.3089287059993
9904.0,34.280113220214844,2.8645060062408447,2440.4883356209903
9905.0,15.199033737182617,2.154787302017212,2440.6680780319875
9906.0,28.89638328552246,3.5998003482818604,2440.859479271996
9907.0,39.0689582824707,3.7120468616485596,2441.035428512987
9908.0,13.766931533813477,2.3226685523986816,2441.214673546987
9909.0,28.5355224609375,3.556796073913574,2441.400594273
9910.0,8.540980339050293,1.6650652885437012,2441.576942419997
9911.0,50.40229797363281,3.2098073959350586,2441.777669320989
9912.0,8.97192668914795,1.7143269777297974,2441.9492914909933
9913.0,140.78656005859375,6.497121334075928,2442.167193680987
9914.0,44.677330017089844,2.9021353721618652,2442.339594508987
9915.0,27.039417266845703,2.665281057357788,2442.5135550649866
9916.0,21.040803909301758,3.5384981632232666,2442.6873679009877
9917.0,11.27254581451416,1.845726728439331,2442.852273576995
9918.0,7.410733222961426,1.3639394044876099,2443.016061778995
9919.0,44.00885772705078,3.430999517440796,2443.1824738329888
9920.0,11.113896369934082,1.4307734966278076,2443.340961584996
9921.0,15.893739700317383,2.0971519947052,2443.5076310279983
9922.0,4.526020526885986,1.1256096363067627,2443.669622036992
9923.0,8.706348419189453,1.5279488563537598,2443.857215488999
9924.0,46.01375961303711,4.413685321807861,2444.041005230989
9925.0,61.99176788330078,3.8149890899658203,2444.2329982999945
9926.0,38.35441207885742,3.5493323802948,2444.403713900989
9927.0,124.57657623291016,5.3777875900268555,2444.6114629079966
9928.0,14.846400260925293,2.1720292568206787,2444.806585339
9929.0,74.48881530761719,4.187007427215576,2444.982042096992
9930.0,9.081350326538086,1.5592652559280396,2445.1498868569906
9931.0,13.998767852783203,2.1594831943511963,2445.3336582649936
9932.0,55.7764892578125,4.088468551635742,2445.504739425989
9933.0,605.9172973632812,17.911544799804688,2445.6867453179875
9934.0,10.015541076660156,1.8379780054092407,2445.8684563369898
9935.0,24.074796676635742,2.629145383834839,2446.057180333999
9936.0,29.670318603515625,2.68380069732666,2446.2315091799974
9937.0,32.3274040222168,3.0482850074768066,2446.4139434349927
9938.0,27.955251693725586,2.5226714611053467,2446.5940321519884
9939.0,18.823610305786133,2.029876470565796,2446.775850102
9940.0,22.57505989074707,2.6360740661621094,2446.9987595419952
9941.0,118.52227020263672,5.325148582458496,2447.2130717499967
9942.0,46.00355911254883,2.821685314178467,2447.385683809989
9943.0,11.813132286071777,1.562408208847046,2447.559006355994
9944.0,58.95368957519531,5.466119289398193,2447.7236390909966
9945.0,7.523845195770264,1.1515551805496216,2447.895473398996
9946.0,10.621106147766113,1.875211477279663,2448.080942510991
9947.0,24.472457885742188,2.1740641593933105,2448.2446579089883
9948.0,110.28893280029297,4.769965171813965,2448.4325382109964
9949.0,10.938148498535156,2.2852911949157715,2448.6025272609986
9950.0,8.415716171264648,1.6382811069488525,2448.78810664099
9951.0,28.007152557373047,3.30720591545105,2448.998041021987
9952.0,90.07732391357422,4.913028240203857,2449.1835489739897
9953.0,13.082030296325684,2.1637063026428223,2449.3548632599995
9954.0,10.463403701782227,1.7527636289596558,2449.530171129998
9955.0,16.655961990356445,2.5463035106658936,2449.702756838
9956.0,8.660128593444824,1.474008560180664,2449.8736040119984
9957.0,58.82036209106445,3.4270429611206055,2450.0529527129984
9958.0,19.197717666625977,1.908369541168213,2450.2456743029907
9959.0,4.701745986938477,1.2806029319763184,2450.4264429189934
9960.0,11.83963394165039,2.115976572036743,2450.5922525579954
9961.0,12.072827339172363,1.9959431886672974,2450.777877771994
9962.0,5.8943257331848145,1.473296880722046,2450.970187354993
9963.0,15.645966529846191,1.9448184967041016,2451.149051591987
9964.0,12.814543724060059,1.7620182037353516,2451.329715774991
9965.0,5.580124378204346,1.1953730583190918,2451.5300618529873
9966.0,4.954620361328125,1.097591519355774,2451.694214987001
9967.0,7.7806396484375,1.632228136062622,2451.870337012995
9968.0,4.6773223876953125,1.1129109859466553,2452.0717611189903
9969.0,6.991170406341553,1.9500162601470947,2452.2228574670007
9970.0,63.5604362487793,3.409789800643921,2452.415628199
9971.0,64.09925842285156,3.2969000339508057,2452.6012151469913
9972.0,6.160626411437988,1.4256362915039062,2452.78856583999
9973.0,21.798683166503906,3.4571995735168457,2452.982222478997
9974.0,62.49506759643555,4.076485633850098,2453.1737878860004
9975.0,8.816234588623047,1.5328896045684814,2453.3394965319894
9976.0,11.854218482971191,1.4688034057617188,2453.5238661729963
9977.0,15.601433753967285,2.4098610877990723,2453.686798853989
9978.0,9.733333587646484,1.596447229385376,2453.922299576996
9979.0,24.89595603942871,2.9878127574920654,2454.083006982997
9980.0,39.56077575683594,2.8296258449554443,2454.3047741509945
9981.0,22.981616973876953,2.4198217391967773,2454.522411193
9982.0,8.950149536132812,1.5352318286895752,2454.706108733997
9983.0,54.035194396972656,3.9153892993927,2454.8876664499985
9984.0,6.1768798828125,1.3806824684143066,2455.0673422499967
9985.0,55.17807388305664,3.957927942276001,2455.2278793389996
9986.0,38.15619659423828,3.1950807571411133,2455.4188947359944
9987.0,6.487987041473389,1.4383348226547241,2455.583966512
9988.0,33.22135925292969,2.609492540359497,2455.768241336991
9989.0,51.86560821533203,4.312625408172607,2455.928945869993
9990.0,165.7768096923828,8.621201515197754,2456.1005615449976
9991.0,75.211669921875,6.218183517456055,2456.2718191329914
9992.0,7.46088171005249,1.3599718809127808,2456.4443215659994
9993.0,7.082756996154785,1.4012541770935059,2456.632462581998
9994.0,62.972625732421875,4.2852396965026855,2456.792885324001
9995.0,49.01275634765625,3.369072675704956,2457.0147394979867
9996.0,24.953481674194336,2.9624176025390625,2457.1719567399996
9997.0,69.08063507080078,4.426985740661621,2457.361469905998
9998.0,45.378273010253906,3.6876442432403564,2457.5211150059913
9999.0,37.82988357543945,3.4061553478240967,2457.6815712089883
10000.0,4.554169178009033,1.0117706060409546,2457.882621484998
10001.0,5.875051021575928,1.2534977197647095,2463.5771853529877
10002.0,61.96818542480469,3.961188793182373,2463.747567430997
10003.0,12.110909461975098,1.5912823677062988,2463.9248835359904
10004.0,39.35737228393555,3.1669600009918213,2464.1109237849887
10005.0,7.626881122589111,1.4733715057373047,2464.2737511809974
10006.0,16.094884872436523,2.7098028659820557,2464.455575175991
10007.0,43.44214630126953,3.5536160469055176,2464.6248557329964
10008.0,51.423065185546875,2.995636224746704,2464.9631503249984
10009.0,9.192877769470215,1.6925349235534668,2465.1475333839917
10010.0,44.52735900878906,3.577516794204712,2465.3609207669942
10011.0,14.370856285095215,1.908125877380371,2465.5513290679955
10012.0,18.475908279418945,2.2727386951446533,2465.7427964789968
10013.0,9.081600189208984,1.5871034860610962,2465.955914826991
10014.0,19.148292541503906,2.3204760551452637,2466.1207847959886
10015.0,10.328038215637207,2.161125898361206,2466.295458733992
10016.0,15.935267448425293,2.3022546768188477,2466.4775473479967
10017.0,6.59454870223999,1.3826433420181274,2466.6295645619975
10018.0,25.614063262939453,3.2306835651397705,2466.83431072699
10019.0,57.634849548339844,3.0129339694976807,2467.0258065729868
10020.0,35.65057373046875,2.442440986633301,2467.1979503019975
10021.0,6.60819149017334,1.1746411323547363,2467.3759473719983
10022.0,81.0843276977539,5.298690319061279,2467.565357640997
10023.0,20.1990966796875,2.9621565341949463,2467.7686814229965
10024.0,36.0735969543457,3.2443594932556152,2467.9444205369946
10025.0,414.43359375,17.785118103027344,2468.1404430169932
10026.0,15.677960395812988,2.240325927734375,2468.3302085459873
10027.0,31.284671783447266,2.287738561630249,2468.5208277319907
10028.0,14.905410766601562,2.1388936042785645,2468.7015043199935
10029.0,5.649068355560303,1.2230383157730103,2468.914880997996
10030.0,92.56822204589844,3.771646738052368,2469.099461487989
10031.0,36.686805725097656,3.8411121368408203,2469.277933888996
10032.0,9.483630180358887,1.235744595527649,2469.4731877879967
10033.0,12.274765968322754,1.906512975692749,2469.6884023059974
10034.0,20.29546356201172,2.192354917526245,2469.860634447992
10035.0,7.272849082946777,1.2924624681472778,2470.0522058579954
10036.0,22.54045295715332,2.4638512134552,2470.2434051449964
10037.0,46.2373161315918,3.9572994709014893,2470.4233043699933
10038.0,30.145830154418945,3.7045657634735107,2470.618897080989
10039.0,6.832740783691406,1.1979011297225952,2470.797474660998
10040.0,26.33435821533203,2.2792813777923584,2470.9785196739977
10041.0,90.0958023071289,4.82498025894165,2471.1715896459937
10042.0,8.993762016296387,1.629355549812317,2471.3815867489902
10043.0,629.4364624023438,20.39872932434082,2471.565964914
10044.0,97.81912231445312,5.442062854766846,2471.7356181529904
10045.0,30.202943801879883,3.008943796157837,2471.9356564409973
10046.0,172.61688232421875,10.084149360656738,2472.0984356069966
10047.0,8.95801067352295,1.8877325057983398,2472.264622202987
10048.0,226.75296020507812,7.117808818817139,2472.4407783579954
10049.0,39.956756591796875,4.027982711791992,2472.6284112779977
10050.0,39.484676361083984,4.07310152053833,2472.8165259829984
10051.0,12.911741256713867,2.4238154888153076,2472.9909529430006
10052.0,15.320257186889648,2.137221336364746,2473.1660109589866
10053.0,17.542003631591797,2.003138303756714,2473.3873958679906
10054.0,13.990057945251465,2.105138063430786,2473.6037744279893
10055.0,89.07117462158203,5.32321310043335,2473.805147492996
10056.0,5.68891716003418,1.110026478767395,2473.9768654299987
10057.0,19.674190521240234,1.894498348236084,2474.2171551559877
10058.0,119.68025970458984,5.1297287940979,2474.412253810995
10059.0,25.441133499145508,3.7521121501922607,2474.6112926109927
10060.0,18.684696197509766,2.5541129112243652,2474.7941237819905
10061.0,12.14493465423584,2.0017735958099365,2474.9611631749867
10062.0,9.443413734436035,1.9803816080093384,2475.1484576939984
10063.0,9.214077949523926,1.681887149810791,2475.3303856519924
10064.0,90.04000854492188,4.694672584533691,2475.489014407998
10065.0,16.732376098632812,2.435004949569702,2475.6633298389934
10066.0,279.07110595703125,10.559764862060547,2475.85167758599
10067.0,45.60276412963867,4.682127952575684,2476.0220179319876
10068.0,26.567577362060547,2.5401928424835205,2476.1965257529955
10069.0,77.4771499633789,6.121801376342773,2476.3770128869946
10070.0,4.8747944831848145,1.2209552526474,2476.5445709189953
10071.0,73.33551025390625,4.55263614654541,2476.7147716269974
10072.0,11.274978637695312,1.559601902961731,2476.887176927994
10073.0,7.388311862945557,1.7830688953399658,2477.0549971169967
10074.0,46.518680572509766,3.427830457687378,2477.234717075
10075.0,49.84297561645508,3.6241722106933594,2477.417143375991
10076.0,39.85586929321289,3.2534573078155518,2477.5961095589882
10077.0,56.072914123535156,3.9164271354675293,2477.772540569
10078.0,14.518646240234375,2.1379711627960205,2477.9371116679977
10079.0,185.60218811035156,7.8248610496521,2478.1203403869877
10080.0,246.33116149902344,8.232882499694824,2478.293203976995
10081.0,28.931896209716797,2.683198928833008,2478.476263339995
10082.0,21.025419235229492,2.400378704071045,2478.6566052299895
10083.0,25.895170211791992,2.6910159587860107,2478.8466073129966
10084.0,11.334162712097168,1.8889325857162476,2479.008595592997
10085.0,11.916605949401855,1.6542949676513672,2479.191962002995
10086.0,54.92670440673828,4.200227737426758,2479.3734723339876
10087.0,83.17301177978516,5.795716762542725,2479.5468190379906
10088.0,33.440345764160156,3.6560895442962646,2479.7102376859984
10089.0,9.44726848602295,1.5761876106262207,2479.9031218449963
10090.0,40.5264778137207,4.340263366699219,2480.0898058919993
10091.0,19.751184463500977,2.1586554050445557,2480.2744307129906
10092.0,6.235018730163574,1.415103793144226,2480.4643387749966
10093.0,37.59012222290039,3.614121675491333,2480.644918102
10094.0,24.525381088256836,2.7728946208953857,2480.8258961179963
10095.0,67.54444122314453,4.429572105407715,2480.990932028988
10096.0,7.393779754638672,1.3864896297454834,2481.1712836769875
10097.0,15.273791313171387,2.426196813583374,2481.354890906994
10098.0,7.831581115722656,1.2902904748916626,2481.520058843991
10099.0,22.12323760986328,1.909597635269165,2481.710918470999
10100.0,68.31001281738281,4.731985569000244,2481.899997097993
10101.0,44.607418060302734,4.259076118469238,2486.761647909996
10102.0,6.7176833152771,1.2931116819381714,2486.9556149869895
10103.0,40.95177459716797,3.4196317195892334,2487.116214739988
10104.0,389.8743591308594,13.039032936096191,2487.300215155992
10105.0,29.31779670715332,2.451192855834961,2487.460938266988
10106.0,5.836594104766846,1.2045170068740845,2487.6542526539997
10107.0,46.95648956298828,3.1822235584259033,2487.843843085997
10108.0,24.57097816467285,2.310384511947632,2488.016397387997
10109.0,285.2502136230469,7.12087345123291,2488.2144987619977
10110.0,8.839953422546387,1.6604728698730469,2488.427530456989
10111.0,28.72688102722168,2.784152030944824,2488.6008468999935
10112.0,29.906721115112305,2.496448516845703,2488.7850508489937
10113.0,6.646986484527588,1.4082225561141968,2488.9761100670003
10114.0,45.58451843261719,3.5407874584198,2489.198471426993
10115.0,7.140020370483398,1.5535857677459717,2489.4197843149886
10116.0,8.056584358215332,1.2434890270233154,2489.630958431997
10117.0,20.760578155517578,2.34421443939209,2489.8109659819893
10118.0,164.3832550048828,7.349662780761719,2489.9947146689956
10119.0,21.546539306640625,3.424541473388672,2490.193242110996
10120.0,4.658418655395508,1.1451449394226074,2490.364966740992
10121.0,6.932063102722168,1.2989009618759155,2490.5512577749905
10122.0,25.933635711669922,2.5212366580963135,2490.741356761995
10123.0,11.502635955810547,1.8566266298294067,2490.9679664959986
10124.0,20.951908111572266,2.435110569000244,2491.1402235279966
10125.0,4.215663909912109,0.9015307426452637,2491.312651512999
10126.0,15.520639419555664,1.948131799697876,2491.5034673849877
10127.0,7.471517086029053,1.5817638635635376,2491.66926636899
10128.0,6.117004871368408,1.278146505355835,2491.8397810909955
10129.0,7.8769659996032715,1.4942610263824463,2492.066355705989
10130.0,27.346155166625977,2.6034884452819824,2492.2344985050004
10131.0,27.165599822998047,2.276629686355591,2492.456080131
10132.0,9.369866371154785,1.5628242492675781,2492.6496275120007
10133.0,34.87575912475586,2.9645581245422363,2492.8140417609975
10134.0,22.176040649414062,2.6271369457244873,2493.0331632609887
10135.0,64.84664916992188,4.244938373565674,2493.21573759499
10136.0,9.896082878112793,1.7860373258590698,2493.375827691998
10137.0,8.829858779907227,1.7777191400527954,2493.536337516998
10138.0,60.95332717895508,4.574639320373535,2493.7032046199893
10139.0,56.30607223510742,4.532687664031982,2493.8619350049994
10140.0,30.114879608154297,3.4958178997039795,2494.029591270999
10141.0,16.803401947021484,2.3628149032592773,2494.210510320001
10142.0,5.098615646362305,1.27239990234375,2494.377438287993
10143.0,7.762031555175781,1.3206238746643066,2494.562572223993
10144.0,18.36386489868164,2.842604160308838,2494.7316172339924
10145.0,74.39859008789062,3.9520275592803955,2494.9771762159944
10146.0,15.428304672241211,2.860450029373169,2495.1267988509935
10147.0,11.241217613220215,1.8705819845199585,2495.375096563992
10148.0,5.881166458129883,1.1491934061050415,2495.563332863996
10149.0,57.707637786865234,4.735795021057129,2495.831822395994
10150.0,32.570152282714844,3.062645673751831,2497.409113313988
10151.0,35.79078674316406,3.592496871948242,2498.6661623249965
10152.0,6.425826549530029,1.3357305526733398,2500.529307300996
10153.0,28.898704528808594,2.2397422790527344,2502.018768035996
10154.0,130.42776489257812,6.64252233505249,2503.1833098999923
10155.0,8.111624717712402,1.5697226524353027,2504.353806618994
10156.0,5.445315837860107,1.5196915864944458,2505.211654504994
10157.0,14.618971824645996,1.9813868999481201,2505.426149849998
10158.0,15.088119506835938,1.9438694715499878,2505.6024487319955
10159.0,27.230615615844727,2.4040138721466064,2505.83694530699
10160.0,34.98877716064453,4.191011905670166,2505.9972754459886
10161.0,20.486316680908203,2.320608615875244,2506.2115114769986
10162.0,17.01283073425293,2.2620081901550293,2506.3783902180003
10163.0,16.464540481567383,2.0010480880737305,2506.556084672993
10164.0,29.509435653686523,2.632627010345459,2506.7472060699947
10165.0,258.87939453125,7.230641841888428,2506.9365153209947
10166.0,19.40184783935547,2.4188835620880127,2507.1388471690007
10167.0,489.3636474609375,14.125370979309082,2507.324574377999
10168.0,45.688655853271484,2.990211009979248,2507.4842706469935
10169.0,61.70429229736328,3.1851513385772705,2507.6527356820006
10170.0,6.200944423675537,1.263027548789978,2507.8634689219907
10171.0,39.19948959350586,3.7566239833831787,2508.0572422719997
10172.0,6.505697250366211,1.5655337572097778,2508.2557142820006
10173.0,63.25070571899414,3.9854018688201904,2508.4206026169995
10174.0,6.922317028045654,1.300143837928772,2508.623426096994
10175.0,21.01230812072754,2.109884738922119,2508.7922993169923
10176.0,55.4391975402832,3.9169821739196777,2508.9682566619886
10177.0,14.90492057800293,2.0627071857452393,2509.170905452993
10178.0,42.40807342529297,3.134333372116089,2509.3651304509985
10179.0,40.372772216796875,3.443939447402954,2509.5453119289887
10180.0,21.388530731201172,2.225137948989868,2509.756775942995
10181.0,110.68400573730469,5.209998607635498,2509.913783926997
10182.0,44.016998291015625,3.6050527095794678,2510.139489726993
10183.0,260.7786560058594,14.105329513549805,2510.333853043994
10184.0,19.246156692504883,2.6871867179870605,2510.495120937994
10185.0,98.11419677734375,4.952563762664795,2510.7168762660003
10186.0,14.95996379852295,1.627900242805481,2510.928173250999
10187.0,6.107043266296387,1.2793785333633423,2511.117389160994
10188.0,66.87162780761719,4.0885796546936035,2511.3013471349987
10189.0,44.47262191772461,3.443039894104004,2511.4774037949974
10190.0,6.898258686065674,1.3951541185379028,2511.6971709729987
10191.0,17.957962036132812,2.1255452632904053,2511.9026622749952
10192.0,84.125732421875,5.551039695739746,2512.0828964089887
10193.0,14.004241943359375,2.2522706985473633,2512.277463202001
10194.0,7.994476795196533,1.4566854238510132,2512.452452198995
10195.0,56.98188400268555,4.20858097076416,2512.6480225470004
10196.0,163.7666473388672,7.463593482971191,2512.8308505429886
10197.0,86.80843353271484,5.578866958618164,2513.0252453619905
10198.0,13.522757530212402,1.9265319108963013,2513.2186298239976
10199.0,5.6214518547058105,1.4935071468353271,2513.3967769589945
10200.0,26.741451263427734,2.707080125808716,2513.5773068579874
10201.0,300.9451599121094,9.230741500854492,2518.7157603219966
10202.0,17.62745475769043,1.7590535879135132,2518.897141081994
10203.0,41.17078399658203,4.034978866577148,2519.0819133579935
10204.0,14.675605773925781,2.376713991165161,2519.255871245987
10205.0,19.45661163330078,2.3281965255737305,2519.429252260001
10206.0,13.981375694274902,2.169234275817871,2519.607351570987
10207.0,18.927547454833984,2.283830165863037,2519.794750864996
10208.0,5.811275959014893,1.198631763458252,2519.9713466039975
10209.0,6.506383419036865,1.3059613704681396,2520.1610102039995
10210.0,5.643078804016113,1.19945228099823,2520.3311669449904
10211.0,26.098426818847656,1.547860026359558,2520.488049138992
10212.0,5.019880294799805,0.8723856806755066,2520.668603276994
10213.0,16.848773956298828,2.362389087677002,2520.877316478989
10214.0,10.071586608886719,1.825311303138733,2521.089028053
10215.0,35.79326629638672,2.1109423637390137,2521.313200324992
10216.0,8.067834854125977,1.5857393741607666,2521.504788883991
10217.0,17.844125747680664,2.9649596214294434,2521.7114682149986
10218.0,35.92460250854492,3.1030473709106445,2521.883549948994
10219.0,49.94685363769531,3.6034560203552246,2522.0755924319965
10220.0,25.32854652404785,2.236945390701294,2522.3053788399993
10221.0,34.213993072509766,3.323270320892334,2522.4811321529996
10222.0,47.87226867675781,3.6249661445617676,2522.6566262879933
10223.0,73.19586944580078,4.665832996368408,2522.886259107996
10224.0,5.045454978942871,1.322466254234314,2523.1101493909955
10225.0,554.4998168945312,20.40436363220215,2523.3140540719905
10226.0,27.540781021118164,2.1098012924194336,2523.491791388995
10227.0,84.378173828125,6.216664791107178,2523.716497962989
10228.0,22.94061851501465,2.8015389442443848,2523.922430701001
10229.0,16.52084732055664,2.39918851852417,2524.121500524998
10230.0,104.85645294189453,4.428009986877441,2524.319595967987
10231.0,19.834613800048828,2.362092971801758,2524.5148389839887
10232.0,5.087641716003418,1.3743479251861572,2524.6993883749965
10233.0,29.41573715209961,3.2440555095672607,2524.880466617993
10234.0,51.796600341796875,3.727893829345703,2525.0546892919956
10235.0,9.552908897399902,1.8000718355178833,2525.2194048039964
10236.0,56.30325698852539,3.903715133666992,2525.4122002749937
10237.0,13.282049179077148,1.8749594688415527,2525.629477053997
10238.0,7.885117053985596,1.5278387069702148,2525.7931489990006
10239.0,89.92315673828125,3.732053518295288,2526.0141829059867
10240.0,24.125276565551758,2.259467601776123,2526.299121283999
10241.0,46.99113464355469,3.4124250411987305,2526.595601631998
10242.0,9.581432342529297,1.6342285871505737,2526.8224719879945
10243.0,10.91651725769043,1.4849927425384521,2527.056886440987
10244.0,8.7235746383667,1.7975752353668213,2527.2577400269947
10245.0,35.2705078125,3.9255943298339844,2527.458776544998
10246.0,22.556190490722656,2.910515785217285,2527.6133906049945
10247.0,8.5789155960083,1.9492237567901611,2527.78772504699
10248.0,7.538580417633057,1.6662827730178833,2528.005409599995
10249.0,5.891942501068115,1.256407380104065,2528.2124557669886
10250.0,34.00239562988281,3.021268606185913,2528.4182820369897
10251.0,22.56877899169922,2.3584513664245605,2528.6335359769873
10252.0,6.76755428314209,1.3648370504379272,2528.8629211129883
10253.0,15.762840270996094,2.0317797660827637,2529.0665435789997
10254.0,6.271508693695068,1.544858694076538,2529.2979395820003
10255.0,18.25849723815918,2.699110984802246,2529.5287483959983
10256.0,42.77730178833008,3.5728507041931152,2529.710483771996
10257.0,30.4834041595459,2.8195884227752686,2529.913251670994
10258.0,5.857940673828125,1.2192251682281494,2530.111676203989
10259.0,15.325122833251953,1.839591383934021,2530.3286094439973
10260.0,26.488210678100586,2.603199005126953,2530.499450132993
10261.0,9.426498413085938,1.9474036693572998,2530.6689619919925
10262.0,42.030574798583984,3.2817654609680176,2530.8836973269936
10263.0,19.059734344482422,2.6961300373077393,2531.0478085209907
10264.0,28.395851135253906,2.4752695560455322,2531.2146675139957
10265.0,7.404546737670898,1.4928011894226074,2531.424398500996
10266.0,278.2758483886719,9.695085525512695,2531.6559174110007
10267.0,37.33469009399414,2.8958020210266113,2531.832586297998
10268.0,19.211423873901367,2.226797342300415,2532.0215877789888
10269.0,26.54390525817871,2.701026439666748,2532.199388639987
10270.0,8.717998504638672,1.6281187534332275,2532.3663239549933
10271.0,310.68890380859375,12.605852127075195,2532.5368563049997
10272.0,33.269691467285156,3.3063228130340576,2532.70856169099
10273.0,151.80673217773438,8.041694641113281,2532.901102207994
10274.0,150.90127563476562,6.617071151733398,2533.071394125989
10275.0,6.088769435882568,1.3465226888656616,2533.2454800799896
10276.0,54.5119514465332,3.7060110569000244,2533.473691990992
10277.0,6.148306846618652,1.3948370218276978,2533.707965187001
10278.0,171.17254638671875,6.019330024719238,2533.876151738994
10279.0,19.451290130615234,2.813612461090088,2534.059147328997
10280.0,12.607870101928711,1.4550933837890625,2534.2847916359897
10281.0,85.54588317871094,5.010964393615723,2534.493385233989
10282.0,10.605241775512695,1.4831677675247192,2534.6556520369923
10283.0,41.303184509277344,3.159275531768799,2534.8427347209945
10284.0,7.936905860900879,1.5308758020401,2535.0430325969937
10285.0,18.634166717529297,1.7226433753967285,2535.2284987429884
10286.0,57.30250930786133,5.190664768218994,2535.4256618179934
10287.0,21.470903396606445,2.3976192474365234,2535.6284129979904
10288.0,6.4048333168029785,1.3491333723068237,2535.839752172993
10289.0,57.11833953857422,3.869410514831543,2536.012306325996
10290.0,22.170759201049805,2.251600742340088,2536.2185638519877
10291.0,85.9661636352539,4.558588981628418,2536.398270026999
10292.0,7.596503257751465,1.4686099290847778,2536.5953449129884
10293.0,269.72064208984375,14.033451080322266,2536.7992917719966
10294.0,12.031952857971191,2.1117355823516846,2536.9791680959897
10295.0,5.53495979309082,1.1531827449798584,2537.167817176989
10296.0,245.48329162597656,8.189810752868652,2537.3564494189923
10297.0,23.23509979248047,2.9252636432647705,2537.530407647995
10298.0,36.34658432006836,2.701965808868408,2537.7243082130008
10299.0,26.401147842407227,3.241257905960083,2537.899019507997
10300.0,52.3614616394043,3.5364131927490234,2538.077747392992
10301.0,8.851468086242676,1.5427604913711548,2544.459797286996
10302.0,47.13706588745117,4.900598049163818,2544.6672553909884
10303.0,6.606229305267334,1.394515037536621,2544.8502986620006
10304.0,36.23149871826172,3.0380265712738037,2545.0597120979946
10305.0,4.370915412902832,0.9857537150382996,2545.2494786359894
10306.0,58.775211334228516,4.033245086669922,2545.466348142989
10307.0,34.25493621826172,3.6872692108154297,2545.639066562988
10308.0,187.02198791503906,7.8998637199401855,2545.8319463399966
10309.0,12.81466007232666,1.811220645904541,2546.0183782609965
10310.0,40.30732727050781,4.817403793334961,2546.1884302869876
10311.0,36.376461029052734,2.9767138957977295,2546.42550800099
10312.0,179.57325744628906,4.027693271636963,2546.5997019039933
10313.0,42.731040954589844,4.773066997528076,2546.7811275799904
10314.0,59.618804931640625,3.184337615966797,2546.964134460999
10315.0,7.602790355682373,1.4543453454971313,2547.129857531996
10316.0,6.725838661193848,1.2135915756225586,2547.3297126830003
10317.0,23.73714256286621,1.7934733629226685,2547.5101678999927
10318.0,6.13360071182251,1.510108232498169,2547.7430947309913
10319.0,30.786279678344727,2.7363688945770264,2547.9240954269917
10320.0,43.47554397583008,3.430661201477051,2548.13174617599
10321.0,339.8404541015625,10.864625930786133,2548.4199016549974
10322.0,30.65546417236328,3.744779586791992,2548.5973386449914
10323.0,22.269533157348633,1.9107842445373535,2548.809388195994
10324.0,7.816632270812988,1.6172953844070435,2549.0356801029993
10325.0,40.60411071777344,2.731973886489868,2549.2149958559894
10326.0,66.18296813964844,5.256247520446777,2549.453840590999
10327.0,4.432106971740723,1.1913530826568604,2549.642008743991
10328.0,8.323780059814453,1.802612543106079,2549.8139337679895
10329.0,45.614784240722656,3.555604934692383,2550.030812331999
10330.0,43.082603454589844,3.5711498260498047,2550.2017564849957
10331.0,268.2616271972656,10.44046688079834,2550.4562186149997
10332.0,6.342601776123047,1.3355557918548584,2550.644906988993
10333.0,17.44753074645996,2.9102094173431396,2550.853551606997
10334.0,19.525175094604492,2.400547504425049,2551.0466963849904
10335.0,8.604169845581055,1.5183554887771606,2551.249353508989
10336.0,74.89805603027344,3.752197504043579,2551.4432418719953
10337.0,30.432310104370117,2.8087856769561768,2551.6488790629955
10338.0,179.79791259765625,6.780575752258301,2551.8756547169905
10339.0,8.117410659790039,1.7150319814682007,2552.071446894988
10340.0,4.754876613616943,1.2884215116500854,2552.2487234979926
10341.0,49.239784240722656,3.390354633331299,2552.4451775469934
10342.0,70.55767059326172,4.216058254241943,2552.6475017109915
10343.0,28.073314666748047,2.3307878971099854,2552.841355517987
10344.0,19.906822204589844,2.8063340187072754,2553.042882128997
10345.0,8.710247993469238,1.6335548162460327,2553.204341077988
10346.0,93.36773681640625,5.061343193054199,2553.401711212995
10347.0,23.036239624023438,2.7287564277648926,2553.593491542997
10348.0,13.114044189453125,1.876444697380066,2553.77334331999
10349.0,51.069671630859375,3.7486703395843506,2553.999841782992
10350.0,26.371458053588867,2.5489635467529297,2554.180781489995
10351.0,31.402416229248047,2.477537155151367,2554.3729060740006
10352.0,36.39376449584961,4.3245391845703125,2554.5580726599874
10353.0,31.735382080078125,3.3115971088409424,2554.7274648019957
10354.0,64.38471984863281,5.677788734436035,2554.9010357399966
10355.0,18.71620750427246,2.103212594985962,2555.102025546992
10356.0,19.978862762451172,2.119215965270996,2555.3044550589984
10357.0,189.67735290527344,6.42815637588501,2555.4832090929995
10358.0,5.917341232299805,1.3343605995178223,2555.661122608988
10359.0,11.62505054473877,2.0184288024902344,2555.8528455849882
10360.0,3.780970811843872,0.9440243244171143,2556.0433568279987
10361.0,5.490556716918945,1.197962760925293,2556.2321012049943
10362.0,64.9887924194336,2.630896806716919,2556.4456290659873
10363.0,94.61373138427734,3.991865634918213,2556.634246716989
10364.0,813.0835571289062,20.202234268188477,2556.8109485139867
10365.0,12.403899192810059,1.5305675268173218,2556.9879345319932
10366.0,7.117286205291748,1.8424073457717896,2557.217599894997
10367.0,24.821142196655273,2.624622344970703,2557.3962443479977
10368.0,5.660580158233643,1.2314192056655884,2557.5593224259937
10369.0,13.163131713867188,2.066540479660034,2557.7600735779997
10370.0,37.24928283691406,2.6400163173675537,2557.924905150998
10371.0,6.219525337219238,1.591102957725525,2558.105924146992
10372.0,61.831966400146484,4.228765487670898,2558.2989294869913
10373.0,28.966772079467773,2.338033676147461,2558.4795745729934
10374.0,9.787181854248047,1.8271729946136475,2558.6738061270007
10375.0,416.2248229980469,17.61624526977539,2558.8589406099927
10376.0,17.664045333862305,2.2019786834716797,2559.0439709950006
10377.0,20.087932586669922,2.2891619205474854,2559.2206026009953
10378.0,39.590667724609375,2.030911445617676,2559.403273494987
10379.0,12.956902503967285,2.1441473960876465,2559.588046304998
10380.0,38.20182800292969,3.222350835800171,2559.7566035179916
10381.0,37.72745132446289,3.4631900787353516,2559.9549159689923
10382.0,37.0544319152832,3.566366195678711,2560.1281314779917
10383.0,10.925561904907227,1.7725930213928223,2560.326106845998
10384.0,27.82135009765625,1.9577513933181763,2560.512611713988
10385.0,6.48793363571167,1.3489512205123901,2560.7003796669887
10386.0,4.182553291320801,1.0564758777618408,2560.8845808469923
10387.0,36.55641555786133,3.3471455574035645,2561.052032056992
10388.0,18.65789031982422,1.8568575382232666,2561.235028390991
10389.0,11.957703590393066,1.9385623931884766,2561.401283415995
10390.0,22.688465118408203,2.5797369480133057,2561.5803986809915
10391.0,6.687851428985596,1.2794859409332275,2561.7606236439897
10392.0,32.184940338134766,2.999525785446167,2561.9324407309905
10393.0,6.315923690795898,1.6273853778839111,2562.126814864998
10394.0,26.826976776123047,2.7638063430786133,2562.385677102997
10395.0,21.392641067504883,2.2625646591186523,2562.567662976988
10396.0,57.76289367675781,3.721919536590576,2562.7949379649945
10397.0,11.408550262451172,1.827987551689148,2563.0302866909915
10398.0,6.5363874435424805,1.243890404701233,2563.2232840389916
10399.0,23.589818954467773,2.4802405834198,2563.4090780029946
10400.0,93.93269348144531,4.605987071990967,2563.587707963001
10401.0,18.861482620239258,2.662553310394287,2568.5906614659907
10402.0,936.9500122070312,21.37152099609375,2568.789764107991
10403.0,7.583998680114746,1.4175567626953125,2568.9860508209968
10404.0,9.687628746032715,1.76889169216156,2569.160840949
10405.0,30.66547203063965,3.073350191116333,2569.3248597399943
10406.0,5.965742111206055,1.2546789646148682,2569.5203063689987
10407.0,10.813053131103516,1.6869325637817383,2569.7058339379873
10408.0,12.483942985534668,2.4933133125305176,2569.8572448589985
10409.0,19.42421531677246,2.1562750339508057,2570.04631006399
10410.0,25.897911071777344,2.4034745693206787,2570.220580419991
10411.0,27.858577728271484,2.5956897735595703,2570.391197516001
10412.0,24.0224666595459,2.9369962215423584,2570.5631324799906
10413.0,10.456223487854004,2.029585599899292,2570.7658254049893
10414.0,350.43865966796875,15.747308731079102,2570.9460930939968
10415.0,9.546971321105957,1.8659577369689941,2571.1301555339887
10416.0,6.155279636383057,1.5163071155548096,2571.316230875993
10417.0,23.85481071472168,2.7411439418792725,2571.5052512679977
10418.0,14.346617698669434,2.258676767349243,2571.673621994996
10419.0,24.186758041381836,2.2394237518310547,2571.850029276
10420.0,9.929580688476562,1.7437422275543213,2572.036721735989
10421.0,83.11287689208984,6.812535762786865,2572.2044040789915
10422.0,14.62813949584961,2.0413033962249756,2572.3980234079936
10423.0,32.17420196533203,2.803757905960083,2572.571789691996
10424.0,18.806102752685547,2.1581175327301025,2572.7564893519884
10425.0,57.17563247680664,3.004861831665039,2572.932776140995
10426.0,7.062702178955078,1.1088188886642456,2573.1174597189965
10427.0,35.199623107910156,2.684248447418213,2573.3146090009977
10428.0,68.26576232910156,3.4957780838012695,2573.51260010399
10429.0,6.34050178527832,1.2049604654312134,2573.696143448993
10430.0,26.5782470703125,2.3813703060150146,2573.859889693995
10431.0,103.59860229492188,5.105767726898193,2574.0706150389888
10432.0,47.53184127807617,3.3901352882385254,2574.238689356993
10433.0,17.633909225463867,2.075050115585327,2574.401613283
10434.0,5.212191104888916,1.128193974494934,2574.585532401994
10435.0,29.16904640197754,2.4502973556518555,2574.7914016669965
10436.0,11.04765796661377,2.2659590244293213,2574.9645331899956
10437.0,18.28839874267578,2.375864267349243,2575.1379352509975
10438.0,9.340665817260742,1.756476879119873,2575.352669793996
10439.0,54.168006896972656,3.699944257736206,2575.5363846139953
10440.0,29.55508041381836,3.8658440113067627,2575.708407176993
10441.0,18.4827823638916,2.2247626781463623,2575.8834853269946
10442.0,38.063541412353516,3.2703797817230225,2576.1028627479973
10443.0,7.620334625244141,1.3091689348220825,2576.2882101259893
10444.0,88.44187927246094,4.343098163604736,2576.4747571859916
10445.0,26.014719009399414,3.724903106689453,2576.6445851119934
10446.0,6.3825907707214355,1.3759558200836182,2576.8876340360002
10447.0,22.316356658935547,3.007004737854004,2577.063270980987
10448.0,7.971644878387451,1.5764737129211426,2577.244716589994
10449.0,9.190577507019043,1.5670726299285889,2577.425270612992
10450.0,10.984002113342285,1.6266676187515259,2577.628091061997
10451.0,48.59953308105469,3.6910717487335205,2577.793809903
10452.0,41.831642150878906,3.2173280715942383,2577.962998114992
10453.0,38.073944091796875,2.7046937942504883,2578.14430654599
10454.0,315.82525634765625,8.229970932006836,2578.3073520469916
10455.0,33.67940902709961,3.0047152042388916,2578.4915423659986
10456.0,16.84845542907715,2.04418683052063,2578.6972136169934
10457.0,24.730854034423828,3.039278984069824,2578.8910333129897
10458.0,10.619068145751953,1.9124321937561035,2579.0507411279978
10459.0,72.1663818359375,4.550408363342285,2579.2612549099867
10460.0,11.938530921936035,1.4580692052841187,2579.434864045994
10461.0,41.11473083496094,3.455288887023926,2579.615515928992
10462.0,24.088281631469727,1.9078195095062256,2579.817665404
10463.0,6.720932483673096,1.379712462425232,2580.002520392998
10464.0,5.958183288574219,1.3098253011703491,2580.188773442991
10465.0,7.075364112854004,1.3233922719955444,2580.335752917992
10466.0,4.14838981628418,1.1610482931137085,2580.518133362988
10467.0,48.9685173034668,4.999753952026367,2580.7103870439896
10468.0,5.95813512802124,1.3114690780639648,2580.8765164259967
10469.0,4.617438316345215,1.149234414100647,2581.0888600759936
10470.0,27.8802433013916,3.316067934036255,2581.255869834
10471.0,77.03158569335938,4.792849063873291,2581.492303990992
10472.0,74.2380599975586,3.5120036602020264,2581.639823469988
10473.0,22.65545654296875,2.5914995670318604,2581.8056444609974
10474.0,23.56949234008789,2.1303188800811768,2581.987333441997
10475.0,22.898168563842773,2.9876677989959717,2582.1546417139907
10476.0,29.122526168823242,2.9903531074523926,2582.34576045
10477.0,86.3881607055664,4.559938430786133,2582.5127906839916
10478.0,6.726724147796631,1.5539618730545044,2582.7243762019934
10479.0,25.545391082763672,3.6093389987945557,2582.9112818619906
10480.0,51.548065185546875,3.218461036682129,2583.0848501629953
10481.0,274.42352294921875,14.007100105285645,2583.504349960989
10482.0,90.71012115478516,6.060469150543213,2583.745114238991
10483.0,41.39853286743164,3.8470687866210938,2583.902991357987
10484.0,31.08841323852539,2.460642099380493,2584.13633384899
10485.0,8.051701545715332,1.4937916994094849,2584.3112981640006
10486.0,26.855388641357422,2.767090320587158,2584.570550373988
10487.0,12.637740135192871,2.1047399044036865,2584.7872917549976
10488.0,13.416353225708008,2.384800434112549,2584.94005107299
10489.0,11.207535743713379,1.9354333877563477,2585.190375085993
10490.0,9.716925621032715,1.7701972723007202,2585.368121647989
10491.0,153.7437286376953,6.22383975982666,2585.5697082059924
10492.0,25.712181091308594,2.358893394470215,2585.748749571998
10493.0,46.77754592895508,4.442078113555908,2585.949907445989
10494.0,6.8328094482421875,1.420340895652771,2586.113008638
10495.0,22.094194412231445,2.828598976135254,2586.3311084279994
10496.0,32.48603057861328,2.997420310974121,2586.481789261001
10497.0,20.306589126586914,2.359126329421997,2586.685365665995
10498.0,35.234832763671875,2.2438974380493164,2586.9841093029972
10499.0,22.07661247253418,2.5152440071105957,2587.1489429549983
10500.0,11.786517143249512,2.4732019901275635,2587.3393034159963
10501.0,203.9730682373047,10.154316902160645,2595.8082131819974
10502.0,7.25025749206543,1.7386826276779175,2595.96923368999
10503.0,38.34883117675781,4.461620330810547,2596.1690485589934
10504.0,5.121388912200928,1.0167864561080933,2596.422482483991
10505.0,59.447017669677734,4.171704292297363,2596.6336490369868
10506.0,14.549647331237793,2.463804006576538,2596.7971572019887
10507.0,29.60918617248535,3.281515598297119,2596.9723952130007
10508.0,21.18290138244629,2.4170968532562256,2597.1683475799946
10509.0,23.934173583984375,2.605421781539917,2597.336408274001
10510.0,6.730873107910156,1.4993680715560913,2597.524602502992
10511.0,25.143184661865234,2.048818349838257,2597.7018582009914
10512.0,320.28277587890625,8.26498031616211,2597.890616742996
10513.0,23.966102600097656,2.855557918548584,2598.082031484999
10514.0,24.646892547607422,2.4910542964935303,2598.267429468993
10515.0,5.851071357727051,1.3053227663040161,2598.449334827994
10516.0,9.557757377624512,2.090599536895752,2598.6568124829937
10517.0,31.979351043701172,2.481856346130371,2598.8402557769878
10518.0,6.63055419921875,1.2946367263793945,2599.0022611159948
10519.0,11.299015045166016,1.476089358329773,2599.1851645409915
10520.0,101.66000366210938,5.315263748168945,2599.3987805819925
10521.0,9.358174324035645,1.8619691133499146,2599.5759341589874
10522.0,7.6970438957214355,1.3251593112945557,2599.7581190889905
10523.0,84.49645233154297,5.597977638244629,2599.9490170049976
10524.0,13.19583797454834,1.6469430923461914,2600.1246203129995
10525.0,94.30370330810547,4.98765754699707,2600.2900748709944
10526.0,14.41620922088623,2.041205883026123,2600.493580851995
10527.0,6.544981479644775,1.4853914976119995,2600.7163583719957
10528.0,40.33781051635742,3.5779335498809814,2600.9376920219947
10529.0,48.842891693115234,4.2059125900268555,2601.098472668993
10530.0,5.746263027191162,1.1631579399108887,2601.264850802996
10531.0,61.0760498046875,4.057923793792725,2601.4636956169998
10532.0,6.423433303833008,1.3246827125549316,2601.663334058001
10533.0,21.89439582824707,3.1556546688079834,2601.849551635998
10534.0,133.076416015625,6.107775688171387,2602.0661613859993
10535.0,99.66280364990234,5.630226135253906,2602.2359268029977
10536.0,4.713443756103516,0.9708690643310547,2602.424414107998
10537.0,34.40980529785156,2.854992389678955,2602.619306910987
10538.0,37.770511627197266,3.251375675201416,2602.847278827001
10539.0,46.530860900878906,3.166088581085205,2603.017343579995
10540.0,38.68564224243164,3.1207363605499268,2603.190026308992
10541.0,66.85912322998047,3.737957715988159,2603.3723465459916
10542.0,28.75731086730957,3.038301706314087,2603.543849490001
10543.0,18.041706085205078,2.1927671432495117,2603.732200722996
10544.0,6.2817158699035645,1.2860898971557617,2603.9011297649995
10545.0,60.98332595825195,4.901163101196289,2604.074124583989
10546.0,146.52114868164062,6.152863502502441,2604.2342965149874
10547.0,118.81409454345703,6.79298210144043,2604.4133143479994
10548.0,5.6035003662109375,1.23605215549469,2604.597568289988
10549.0,33.609066009521484,3.625727415084839,2604.7456704809883
10550.0,7.362180233001709,1.1766541004180908,2604.9125554079947
10551.0,12.448296546936035,2.0386269092559814,2605.0924857559876
10552.0,33.342411041259766,2.871389389038086,2605.2647348169994
10553.0,6.500875949859619,1.3231028318405151,2605.4435843699903
10554.0,38.50800323486328,3.1347296237945557,2605.629321122993
10555.0,57.37890625,4.126741886138916,2605.7959484339954
10556.0,18.931655883789062,2.313560962677002,2605.988728544995
10557.0,22.590879440307617,2.5048282146453857,2606.1693588859926
10558.0,44.72633743286133,3.5192723274230957,2606.352555901991
10559.0,28.656986236572266,2.993405342102051,2606.5618522089935
10560.0,33.911659240722656,3.454918622970581,2606.7477801809873
10561.0,42.60834503173828,2.777829647064209,2606.9841583339876
10562.0,25.878589630126953,2.7278895378112793,2607.1604308929964
10563.0,434.3714904785156,16.999004364013672,2607.317429193994
10564.0,5.879386901855469,1.586332082748413,2607.4956646879873
10565.0,7.995542049407959,1.6584974527359009,2607.6713845589984
10566.0,36.0965576171875,2.7929654121398926,2607.8711611079925
10567.0,43.85011291503906,3.574528217315674,2608.0627228899975
10568.0,26.479421615600586,2.3071985244750977,2608.235652167001
10569.0,27.504220962524414,3.1905195713043213,2608.431580345001
10570.0,7.3063063621521,1.4917010068893433,2608.6104962120007
10571.0,20.02352523803711,2.5959246158599854,2608.809397208999
10572.0,14.445314407348633,2.4484751224517822,2608.990274607
10573.0,12.65002155303955,2.3500816822052,2609.1501506919885
10574.0,48.519779205322266,3.7424373626708984,2609.3324467979983
10575.0,14.141589164733887,1.817840814590454,2609.502601906992
10576.0,33.17418670654297,3.521775007247925,2609.6784671929927
10577.0,7.473550796508789,1.3779159784317017,2609.8418750189885
10578.0,47.206878662109375,3.2872605323791504,2610.021886546994
10579.0,8.644933700561523,1.3968111276626587,2610.191706534999
10580.0,110.21624755859375,6.1223955154418945,2610.353745114
10581.0,72.65457916259766,5.346969127655029,2610.5403200339933
10582.0,29.98253631591797,2.666484832763672,2610.720739004988
10583.0,17.469472885131836,2.909787178039551,2610.8934738519893
10584.0,6.544289588928223,1.4110066890716553,2611.0626248719927
10585.0,35.34323501586914,2.586477756500244,2611.2416921699914
10586.0,40.69922637939453,3.606032609939575,2611.4133181719953
10587.0,26.302907943725586,2.831921339035034,2611.5780432689935
10588.0,54.9529914855957,3.801621198654175,2611.749548281994
10589.0,4.549627304077148,1.0456781387329102,2611.9178990809887
10590.0,7.4274582862854,1.5416462421417236,2612.0925527299987
10591.0,26.955623626708984,3.21113657951355,2612.2608304210007
10592.0,138.06658935546875,4.800673007965088,2612.4375638109923
10593.0,20.955839157104492,2.559417486190796,2612.615831299001
10594.0,6.8444504737854,1.2746779918670654,2612.792313029
10595.0,13.939091682434082,2.0103063583374023,2612.970745914994
10596.0,15.49168872833252,2.056002140045166,2613.1347419709928
10597.0,25.943681716918945,2.4314792156219482,2613.3051681529905
10598.0,7.85269021987915,1.5225216150283813,2613.4926817979867
10599.0,6.593017578125,1.2572498321533203,2613.690726872999
10600.0,234.1288604736328,11.099138259887695,2613.86025398699
10601.0,53.04163360595703,2.362513780593872,2618.2177396469924
10602.0,113.63860321044922,5.037153244018555,2618.3870913639985
10603.0,32.46929168701172,3.293273448944092,2618.569989632
10604.0,31.974092483520508,2.9203343391418457,2618.732810852991
10605.0,13.584488868713379,2.2684454917907715,2618.944548809988
10606.0,35.46586990356445,2.9605472087860107,2619.1235387169872
10607.0,29.436553955078125,3.185399293899536,2619.306245271
10608.0,20.590110778808594,2.5099222660064697,2619.487022176996
10609.0,11.162768363952637,1.8121747970581055,2619.659924006992
10610.0,50.70092010498047,3.4373269081115723,2619.8347405169916
10611.0,38.859352111816406,3.475241184234619,2620.0055253850005
10612.0,44.63821029663086,3.624344825744629,2620.167042672998
10613.0,30.707977294921875,2.744259834289551,2620.340302384997
10614.0,15.933924674987793,1.8015484809875488,2620.526211889999
10615.0,46.598018646240234,4.045409679412842,2620.732444794994
10616.0,8.7188138961792,1.1844714879989624,2620.9153588349873
10617.0,7.4872612953186035,1.4867311716079712,2621.1037817279866
10618.0,3.5982046127319336,0.9168834090232849,2621.2857792919967
10619.0,16.860912322998047,2.50136661529541,2621.451547559991
10620.0,13.528234481811523,2.1388766765594482,2621.6303707479965
10621.0,102.5463638305664,6.100510120391846,2621.801573498
10622.0,27.061477661132812,2.7091472148895264,2621.9753505109984
10623.0,30.882665634155273,3.153883934020996,2622.145058435999
10624.0,75.57942199707031,3.864574432373047,2622.3320825479896
10625.0,62.588111877441406,3.827601432800293,2622.5014897340006
10626.0,143.78573608398438,6.818105220794678,2622.707848793987
10627.0,500.37969970703125,18.51435661315918,2622.889991387987
10628.0,38.17894744873047,3.230781078338623,2623.0611429069977
10629.0,10.203593254089355,1.819710373878479,2623.265656527001
10630.0,14.051793098449707,2.344952344894409,2623.4545646299957
10631.0,8.686359405517578,1.3320832252502441,2623.6220704570005
10632.0,50.01095962524414,3.986680746078491,2623.807119469988
10633.0,8.948437690734863,1.7063263654708862,2623.970801366988
10634.0,17.17405891418457,1.8633023500442505,2624.179672555998
10635.0,75.11406707763672,4.0065436363220215,2624.361086236997
10636.0,7.962975978851318,1.5094119310379028,2624.5261337239936
10637.0,58.48358917236328,4.199195384979248,2624.7191419259907
10638.0,20.117382049560547,2.1567294597625732,2624.872903149997
10639.0,23.98015022277832,2.674879550933838,2625.103498624987
10640.0,21.24698257446289,2.0028066635131836,2625.3127132149966
10641.0,4.8994035720825195,1.1378737688064575,2625.474637177991
10642.0,4.89870548248291,1.106360673904419,2625.64740381499
10643.0,30.438709259033203,3.3738224506378174,2625.79513583699
10644.0,103.5413589477539,4.731465816497803,2626.0171805719874
10645.0,5.130997657775879,1.3910399675369263,2626.1808166970004
10646.0,22.18141746520996,2.3137753009796143,2626.3663867989962
10647.0,29.821094512939453,2.3025403022766113,2626.531714779994
10648.0,51.18110275268555,3.4982926845550537,2626.7011603499996
10649.0,19.057392120361328,2.1295719146728516,2626.8679107819917
10650.0,21.230676651000977,1.840948462486267,2627.039160161992
10651.0,84.56461334228516,4.421111583709717,2627.237428994995
10652.0,31.842744827270508,3.3289198875427246,2627.415756051996
10653.0,37.15594482421875,3.08813738822937,2627.6391221559898
10654.0,87.17266845703125,5.550957679748535,2627.796398917999
10655.0,10.929162979125977,1.8958898782730103,2627.9684036489925
10656.0,4.441135406494141,1.229091763496399,2628.171679958992
10657.0,378.8969421386719,12.818090438842773,2628.323278232987
10658.0,25.885345458984375,3.2553768157958984,2628.5166437899898
10659.0,6.76054573059082,1.3506007194519043,2628.682528388992
10660.0,28.52107048034668,3.3090922832489014,2628.935968228994
10661.0,47.58523178100586,2.8121979236602783,2629.099585234988
10662.0,8.046947479248047,1.4498003721237183,2629.2683153510006
10663.0,6.235640048980713,1.2700330018997192,2629.449564137991
10664.0,55.53416442871094,2.872589349746704,2629.6118022859882
10665.0,16.752700805664062,2.1638128757476807,2629.846266156994
10666.0,29.213224411010742,3.6587259769439697,2630.02484536299
10667.0,44.9425163269043,4.575003147125244,2630.1867837979953
10668.0,7.160732269287109,1.1488025188446045,2630.3692943969945
10669.0,18.641141891479492,2.1482527256011963,2630.53334550999
10670.0,11.59734058380127,1.878007411956787,2630.7628877069947
10671.0,6.434081554412842,1.462874412536621,2630.9351955169986
10672.0,27.25030517578125,2.082460880279541,2631.1324836279964
10673.0,22.55377769470215,2.8640804290771484,2631.325573435999
10674.0,29.402799606323242,2.883025646209717,2631.498379850993
10675.0,2.9883861541748047,0.888587236404419,2631.7392671339912
10676.0,158.58277893066406,7.75165319442749,2631.916032461988
10677.0,6.8025970458984375,1.5385932922363281,2632.073286908999
10678.0,21.978710174560547,2.2660634517669678,2632.2452815019933
10679.0,49.86595916748047,3.5218358039855957,2632.4084988079994
10680.0,98.97345733642578,5.386096954345703,2632.6584200590005
10681.0,577.4100952148438,15.665225982666016,2632.822244280993
10682.0,12.387789726257324,1.784909963607788,2632.995074683
10683.0,116.49575805664062,4.317718505859375,2633.148208183993
10684.0,39.93437957763672,3.3300247192382812,2633.3264589789906
10685.0,75.81963348388672,4.201488971710205,2633.526550671988
10686.0,50.03684616088867,2.4590439796447754,2633.687370168991
10687.0,46.55561828613281,3.640251636505127,2633.872407245988
10688.0,49.66353225708008,4.184264183044434,2634.047874450989
10689.0,51.694618225097656,3.4385452270507812,2634.2334902609873
10690.0,27.61787223815918,2.963468074798584,2634.395229345988
10691.0,20.106237411499023,3.074155569076538,2634.5712032070005
10692.0,4.643074035644531,1.2358101606369019,2634.744912584996
10693.0,10.895232200622559,1.628005027770996,2634.912897729999
10694.0,6.036008358001709,1.3921724557876587,2635.0828497779876
10695.0,21.130569458007812,2.4147844314575195,2635.266201237988
10696.0,13.390636444091797,1.6534419059753418,2635.455227421
10697.0,13.503870964050293,1.9348382949829102,2635.621428844999
10698.0,10.031982421875,1.6061021089553833,2635.801780892987
10699.0,5.515124320983887,1.172687292098999,2635.979859906991
10700.0,57.6852912902832,4.6095380783081055,2636.147452696998
10701.0,22.55950355529785,2.0444791316986084,2640.2653549829993
10702.0,19.173748016357422,2.0474963188171387,2640.4288344779925
10703.0,17.07387924194336,1.4844082593917847,2640.604480786991
10704.0,95.79779815673828,5.569542407989502,2640.7733552610007
10705.0,8.921748161315918,1.584415316581726,2640.943592632
10706.0,6.65487813949585,1.1805541515350342,2641.141514607996
10707.0,20.137691497802734,2.0312297344207764,2641.299344008992
10708.0,6.224018573760986,1.3084516525268555,2641.4736157809966
10709.0,25.10580062866211,2.978316307067871,2641.6414952099876
10710.0,42.57651138305664,3.80511474609375,2641.813234148998
10711.0,31.227001190185547,2.579634189605713,2641.9704734339903
10712.0,6.495706081390381,1.2238614559173584,2642.1396207669895
10713.0,41.85720443725586,3.140839099884033,2642.3162870639935
10714.0,34.92935562133789,2.6532630920410156,2642.4917375929945
10715.0,10.312796592712402,1.843559741973877,2642.7028127059893
10716.0,25.199216842651367,2.5375685691833496,2642.8676417929964
10717.0,78.3277359008789,4.666451930999756,2643.0473461340007
10718.0,23.384685516357422,3.6371970176696777,2643.2134083909914
10719.0,6.726892471313477,1.657332420349121,2643.4345151099988
10720.0,11.486248970031738,1.8042497634887695,2643.6642849269992
10721.0,20.427509307861328,3.120913505554199,2643.8314504059963
10722.0,17.32698631286621,2.1805922985076904,2644.001692352991
10723.0,34.2694091796875,3.1013965606689453,2644.1753449769894
10724.0,9.377684593200684,1.7556512355804443,2644.3358385289903
10725.0,6.898703575134277,1.4241679906845093,2644.5188893379964
10726.0,4.8577704429626465,1.0166020393371582,2644.706837434991
10727.0,6.379095554351807,1.4674160480499268,2644.894670319991
10728.0,17.704133987426758,2.1048760414123535,2645.075742489993
10729.0,21.827695846557617,2.8033077716827393,2645.246597552992
10730.0,87.10303497314453,4.3215131759643555,2645.4257982359995
10731.0,8.159470558166504,1.5474872589111328,2645.6029560709867
10732.0,21.889564514160156,2.3640522956848145,2645.764138072991
10733.0,36.54191970825195,3.904925584793091,2645.940580312992
10734.0,98.98356628417969,5.554311275482178,2646.122692688994
10735.0,30.55521011352539,2.6402618885040283,2646.3041469879972
10736.0,5.643395900726318,1.452436089515686,2646.4756086999987
10737.0,19.559621810913086,2.6793112754821777,2646.649268438996
10738.0,22.264780044555664,2.6240508556365967,2646.852900768994
10739.0,9.631193161010742,1.7836668491363525,2647.0627386659908
10740.0,7.156560897827148,1.364344596862793,2647.2407849109877
10741.0,24.98472023010254,3.4560675621032715,2647.4247294729867
10742.0,5.590507507324219,1.2528496980667114,2647.6147131069883
10743.0,16.66486167907715,1.878792643547058,2647.8028196769883
10744.0,16.48040199279785,2.128286361694336,2647.9750817379972
10745.0,25.955429077148438,3.080064535140991,2648.142020922998
10746.0,40.44173812866211,3.749016284942627,2648.316056292999
10747.0,5.972515106201172,1.2062757015228271,2648.510591402999
10748.0,5.056675910949707,1.1907902956008911,2648.678409463988
10749.0,201.4440155029297,6.819182872772217,2648.847619928987
10750.0,15.01021671295166,2.1090757846832275,2649.0246776799904
10751.0,24.519573211669922,2.5423855781555176,2649.2013097159943
10752.0,58.255184173583984,3.391651153564453,2649.370586013989
10753.0,8.58069133758545,1.3658438920974731,2649.5483850109886
10754.0,8.843849182128906,1.4057546854019165,2649.740246992995
10755.0,37.69627380371094,3.2651925086975098,2649.9169387059956
10756.0,39.469181060791016,2.926815986633301,2650.0845080709987
10757.0,30.25248146057129,2.589840888977051,2650.2786945059925
10758.0,57.20924377441406,3.52156400680542,2650.448520629987
10759.0,15.5574369430542,2.2106502056121826,2650.634201199995
10760.0,19.452808380126953,2.136624813079834,2650.8344979589892
10761.0,30.611242294311523,3.541630506515503,2651.0393901679927
10762.0,51.798770904541016,4.158708572387695,2651.2202947719925
10763.0,103.18340301513672,4.323808193206787,2651.402595032996
10764.0,4.072152137756348,1.1380208730697632,2651.6015975459886
10765.0,26.986543655395508,2.4274346828460693,2651.8051343359984
10766.0,59.983558654785156,3.4839842319488525,2651.9854556429927
10767.0,7.078405857086182,1.2978311777114868,2652.1648426299944
10768.0,6.044885158538818,1.0936273336410522,2652.3584548539948
10769.0,24.25894546508789,2.2416677474975586,2652.523236711
10770.0,7.0841875076293945,1.6174238920211792,2652.753040978001
10771.0,157.1611785888672,8.591143608093262,2653.0249604009878
10772.0,22.416269302368164,3.223980188369751,2653.2026391289983
10773.0,65.1998519897461,4.519357681274414,2653.3665645069996
10774.0,33.326045989990234,2.786086320877075,2653.534920360995
10775.0,3.8340816497802734,0.99428391456604,2653.7132034309907
10776.0,39.83086395263672,3.1087563037872314,2653.8869924369938
10777.0,9.406378746032715,1.8042738437652588,2654.063629016993
10778.0,28.295089721679688,2.631706476211548,2654.290863502989
10779.0,21.566007614135742,3.1761703491210938,2654.493766380998
10780.0,117.91007995605469,6.021245002746582,2654.6646687639877
10781.0,37.6276969909668,3.8098936080932617,2654.8358528819954
10782.0,4.717877388000488,1.0097028017044067,2655.0023133409995
10783.0,6.839475631713867,1.256961703300476,2655.189647854
10784.0,6.322988510131836,1.2866439819335938,2655.3465858149866
10785.0,8.544873237609863,1.6357804536819458,2655.5324659269972
10786.0,15.572480201721191,2.07106351852417,2655.728783158993
10787.0,305.6041259765625,14.901410102844238,2655.9155509329867
10788.0,8.548585891723633,1.2969465255737305,2656.08915965099
10789.0,221.7557373046875,12.736757278442383,2656.2819976819883
10790.0,33.08772659301758,2.821533441543579,2656.5034172949963
10791.0,8.534634590148926,1.7848231792449951,2656.713467165988
10792.0,8.869647979736328,1.9033199548721313,2656.8916179399966
10793.0,48.18648147583008,3.6211671829223633,2657.09590781499
10794.0,376.8821716308594,13.195771217346191,2657.2839625439956
10795.0,35.23576736450195,2.979384183883667,2657.4589185980003
10796.0,16.49635124206543,2.1021652221679688,2657.6274302409875
10797.0,36.64021301269531,4.3226165771484375,2657.81876570599
10798.0,23.836515426635742,1.9823497533798218,2658.011820971995
10799.0,6.697580814361572,1.2962839603424072,2658.204576744989
10800.0,33.0059700012207,2.664116382598877,2658.385179013989
10801.0,13.251823425292969,2.265554428100586,2664.7300610050006
10802.0,27.560983657836914,2.9137508869171143,2664.899717866996
10803.0,47.30762481689453,4.423244953155518,2665.2588638929883
10804.0,18.685359954833984,2.076416015625,2665.4787978169916
10805.0,34.56876754760742,2.693228244781494,2665.7130990279984
10806.0,8.246963500976562,1.548337459564209,2665.8834154679935
10807.0,49.335750579833984,3.4530749320983887,2666.05947347499
10808.0,19.951082229614258,2.4618630409240723,2666.237599312997
10809.0,4.634939670562744,1.0975929498672485,2666.38829798199
10810.0,8.552300453186035,1.6966513395309448,2666.565057890999
10811.0,15.479131698608398,2.176964282989502,2666.840962975999
10812.0,6.55894136428833,1.46116304397583,2667.029801710989
10813.0,790.7838134765625,19.164779663085938,2667.199890715987
10814.0,27.488523483276367,2.553056001663208,2667.4765347219945
10815.0,53.18772888183594,3.6654858589172363,2667.7434045669943
10816.0,28.167917251586914,2.5600433349609375,2667.9729310699913
10817.0,359.1142883300781,9.434648513793945,2668.178608729999
10818.0,76.12287139892578,3.8792362213134766,2668.3674468289973
10819.0,20.745155334472656,2.0931785106658936,2668.5951858509943
10820.0,10.110261917114258,1.6012969017028809,2668.8605734099983
10821.0,57.488677978515625,4.790960311889648,2669.010962219996
10822.0,7.988945960998535,1.422999620437622,2669.2085747239908
10823.0,11.355374336242676,1.8853576183319092,2669.4149211549957
10824.0,12.73203182220459,2.1273350715637207,2669.751086570992
10825.0,9.494747161865234,1.1531972885131836,2669.969527418987
10826.0,35.390708923339844,2.981009006500244,2670.1574564139883
10827.0,10.500447273254395,1.4018021821975708,2670.322371612987
10828.0,33.754852294921875,2.627807855606079,2670.490007907996
10829.0,178.85752868652344,8.021493911743164,2670.690544592988
10830.0,22.312776565551758,2.7832415103912354,2670.862304172988
10831.0,5.5872673988342285,1.1724135875701904,2671.0807024639944
10832.0,16.046730041503906,1.7300562858581543,2671.2907558459992
10833.0,5.188837051391602,1.3234317302703857,2671.453490134998
10834.0,44.154563903808594,3.1232991218566895,2671.6992998419882
10835.0,10.87177848815918,1.9176799058914185,2671.879545111995
10836.0,53.04719543457031,3.8149142265319824,2672.048249416999
10837.0,25.900774002075195,2.4203131198883057,2672.2637827
10838.0,19.81224250793457,2.4730184078216553,2672.4434660900006
10839.0,43.483436584472656,3.479318380355835,2672.619304797001
10840.0,41.21772003173828,3.426591634750366,2672.810301420992
10841.0,39.73387908935547,3.5623507499694824,2672.9793190329947
10842.0,30.02314567565918,3.8959801197052,2673.180648370995
10843.0,7.795356750488281,1.4221172332763672,2673.3606752399937
10844.0,12.794200897216797,1.9216986894607544,2673.5603960129956
10845.0,35.120765686035156,3.466647148132324,2673.7357507009874
10846.0,18.64234733581543,2.218052864074707,2673.90209213199
10847.0,7.742217063903809,1.4838212728500366,2674.069110709999
10848.0,31.438701629638672,2.749838352203369,2674.2322407169995
10849.0,18.2680606842041,2.7647507190704346,2674.453368224
10850.0,40.262908935546875,4.829419136047363,2674.6280235759914
10851.0,62.5519905090332,3.108124017715454,2674.7901703789976
10852.0,17.535451889038086,2.4514777660369873,2674.943440529998
10853.0,15.587730407714844,1.5473825931549072,2675.1170394419896
10854.0,44.32742691040039,3.457089900970459,2675.3312153899897
10855.0,45.55259323120117,3.4609527587890625,2675.503473641991
10856.0,16.951190948486328,2.538525104522705,2675.682075520992
10857.0,20.269920349121094,2.509166717529297,2675.886053311988
10858.0,13.914249420166016,1.5211561918258667,2676.053789984988
10859.0,12.705901145935059,2.3110084533691406,2676.232706878989
10860.0,12.654715538024902,1.9269591569900513,2676.4044826559984
10861.0,17.836017608642578,2.3016064167022705,2676.5953775649978
10862.0,33.81465148925781,2.921733856201172,2676.7785412839876
10863.0,30.27677345275879,2.6727466583251953,2676.960918936995
10864.0,11.589042663574219,2.0948994159698486,2677.13019063299
10865.0,19.89925765991211,2.3003695011138916,2677.3279239569965
10866.0,149.37152099609375,3.8598098754882812,2677.500647939989
10867.0,16.7130069732666,2.457017183303833,2677.673993094999
10868.0,57.73366928100586,3.130734920501709,2677.8535355929926
10869.0,28.592247009277344,2.596885919570923,2678.0650745599996
10870.0,28.207870483398438,2.9106152057647705,2678.2649227759975
10871.0,6.718502044677734,1.318743109703064,2678.4442056359985
10872.0,12.42612075805664,1.7963624000549316,2678.6443414370005
10873.0,64.57925415039062,4.636883735656738,2678.856332434996
10874.0,12.820332527160645,1.8953826427459717,2679.0158341779897
10875.0,9.740368843078613,1.6276707649230957,2679.186525747995
10876.0,34.04499816894531,4.024006366729736,2679.3666557339893
10877.0,36.66148376464844,3.0582454204559326,2679.552679165994
10878.0,7.844125747680664,1.6851719617843628,2679.72006413099
10879.0,36.770809173583984,3.2241320610046387,2679.904586632998
10880.0,10.047446250915527,1.771059513092041,2680.0682648179936
10881.0,7.380249977111816,1.6452112197875977,2680.2437829379924
10882.0,22.38636589050293,2.7309646606445312,2680.4388963719975
10883.0,30.575876235961914,3.654210329055786,2680.628927339989
10884.0,4.418247699737549,1.0462334156036377,2680.8017233469873
10885.0,23.078413009643555,3.173433303833008,2680.9994180879876
10886.0,41.50543212890625,3.194404363632202,2681.214620308994
10887.0,5.438328742980957,1.1128761768341064,2681.393412431993
10888.0,25.011402130126953,3.215481758117676,2681.5690911719867
10889.0,38.789180755615234,3.215083122253418,2681.828838387999
10890.0,5.211912155151367,1.169010043144226,2682.021894954989
10891.0,29.09364128112793,2.446384906768799,2682.2099397369893
10892.0,14.331597328186035,1.6598773002624512,2682.3881668899994
10893.0,23.56742286682129,3.3267147541046143,2682.5908723289904
10894.0,7.548743724822998,1.6352436542510986,2682.75338996599
10895.0,22.98993492126465,2.8187761306762695,2682.9421207029955
10896.0,22.648916244506836,2.542879581451416,2683.130937752998
10897.0,11.501992225646973,1.841764211654663,2683.322358556994
10898.0,7.398702621459961,1.6271086931228638,2683.5046292149927
10899.0,49.7011833190918,3.353386640548706,2683.6901860149956
10900.0,10.882003784179688,1.8090940713882446,2683.913898267987
10901.0,9.530875205993652,1.471946120262146,2688.4279038489913
10902.0,12.277161598205566,2.1929898262023926,2688.590910204992
10903.0,12.275837898254395,1.5967671871185303,2688.774907590996
10904.0,385.50628662109375,6.355568885803223,2688.954661358992
10905.0,17.74261474609375,1.4366257190704346,2689.108025012989
10906.0,57.80514144897461,4.365561008453369,2689.2784068779874
10907.0,27.32374382019043,3.838880777359009,2689.4451297569904
10908.0,46.63491439819336,4.698919773101807,2689.6303888519906
10909.0,5.862771511077881,1.4204998016357422,2689.8098690999905
10910.0,6.499030113220215,1.3273574113845825,2689.986531704999
10911.0,39.230953216552734,3.2230746746063232,2690.191477780987
10912.0,33.17041778564453,3.188889265060425,2690.372233007991
10913.0,28.97530746459961,2.7230141162872314,2690.5721548500005
10914.0,10.168228149414062,1.7333760261535645,2690.7687472069956
10915.0,496.9483337402344,15.055386543273926,2690.9560088439903
10916.0,10.612675666809082,1.672399640083313,2691.129154543989
10917.0,14.915225982666016,2.0689144134521484,2691.3268250479887
10918.0,68.48457336425781,4.336421012878418,2691.511080528988
10919.0,23.21573829650879,3.4572458267211914,2691.6803667099884
10920.0,14.737763404846191,2.205932140350342,2691.8515640209953
10921.0,7.904287815093994,1.4776785373687744,2692.0353573589964
10922.0,15.595274925231934,2.204789876937866,2692.2009213189885
10923.0,6.258458614349365,1.245609164237976,2692.3844209189992
10924.0,5.448426246643066,1.2743890285491943,2692.572677273987
10925.0,9.98033618927002,1.5805366039276123,2692.7430848099903
10926.0,30.635217666625977,2.349968671798706,2692.917901680994
10927.0,11.831011772155762,1.8064690828323364,2693.1092901279917
10928.0,6.380004405975342,1.60104501247406,2693.304970277997
10929.0,86.20891571044922,5.3345513343811035,2693.4776529269875
10930.0,15.13272762298584,2.191878318786621,2693.652608656994
10931.0,23.728086471557617,2.4506237506866455,2693.8368315029948
10932.0,12.917689323425293,1.546265959739685,2694.014442610991
10933.0,4.438695907592773,1.184596061706543,2694.181614821995
10934.0,440.5890808105469,18.023067474365234,2694.3695627439884
10935.0,13.984301567077637,2.184781074523926,2694.5772004209866
10936.0,4.985892295837402,1.1273562908172607,2694.7738818819926
10937.0,19.042537689208984,2.728248357772827,2694.9242146350007
10938.0,9.040935516357422,1.6227176189422607,2695.088488158988
10939.0,13.058804512023926,2.0932092666625977,2695.2453640469903
10940.0,22.900480270385742,2.0554423332214355,2695.4087486749922
10941.0,58.038875579833984,3.6158721446990967,2695.5827791349875
10942.0,9.189916610717773,1.7016724348068237,2695.749761382991
10943.0,17.071392059326172,2.18526029586792,2695.916484616988
10944.0,11.450043678283691,1.926081895828247,2696.0944080329937
10945.0,216.4467010498047,5.995058059692383,2696.270449367992
10946.0,68.12482452392578,3.9381961822509766,2696.4427108149976
10947.0,32.97433090209961,3.308377981185913,2696.618748083987
10948.0,30.865894317626953,2.7603378295898438,2696.7990503559995
10949.0,6.711950302124023,1.235356092453003,2696.9584912459977
10950.0,10.610593795776367,1.880001187324524,2697.117581699
10951.0,18.465147018432617,2.346055269241333,2697.286940124992
10952.0,28.628541946411133,4.011715888977051,2697.464911581992
10953.0,30.692092895507812,2.089545726776123,2697.638404952988
10954.0,28.257436752319336,3.0584661960601807,2697.8115562449966
10955.0,5.747222423553467,1.3198670148849487,2697.975362829995
10956.0,51.25430679321289,4.002770900726318,2698.1374000289943
10957.0,20.36933708190918,2.2298691272735596,2698.3027782729914
10958.0,32.701873779296875,2.2683682441711426,2698.495356072992
10959.0,264.36083984375,9.868459701538086,2698.684897271989
10960.0,25.032791137695312,2.9458706378936768,2698.861220537001
10961.0,206.03216552734375,7.640598773956299,2699.08324462999
10962.0,32.679500579833984,3.6690056324005127,2699.272101562994
10963.0,22.433713912963867,2.6350204944610596,2699.444613795
10964.0,16.2503662109375,2.02099609375,2699.6297867809917
10965.0,6.072314262390137,1.3527523279190063,2699.837220642992
10966.0,56.02681350708008,3.896611213684082,2700.0065175459895
10967.0,25.220813751220703,2.5311036109924316,2700.1822280389897
10968.0,31.63323402404785,3.6669232845306396,2700.3590546049963
10969.0,328.375244140625,15.963507652282715,2700.528719084992
10970.0,8.716760635375977,1.6143850088119507,2700.7130677489913
10971.0,5.043031692504883,1.11241614818573,2700.8989212779998
10972.0,34.132503509521484,2.9277141094207764,2701.1052950640005
10973.0,54.066749572753906,3.560814380645752,2701.268371261991
10974.0,71.14920806884766,4.039313793182373,2701.4603952649923
10975.0,14.610628128051758,2.1026391983032227,2701.6347722209903
10976.0,41.393798828125,3.1026811599731445,2701.814476677988
10977.0,25.70876121520996,2.5595831871032715,2701.987084359993
10978.0,7.859806060791016,1.3027830123901367,2702.168314826995
10979.0,141.8185577392578,6.343591690063477,2702.3592046559934
10980.0,43.731204986572266,3.176689386367798,2702.553832701
10981.0,34.0522346496582,2.996351718902588,2702.728297262991
10982.0,72.21137237548828,4.837189674377441,2702.9010226809914
10983.0,40.67655944824219,3.6780779361724854,2703.125002755987
10984.0,10.95051097869873,2.07672119140625,2703.296872668987
10985.0,19.372167587280273,2.2714529037475586,2703.4686010219884
10986.0,47.05380630493164,2.7539899349212646,2703.6615621959936
10987.0,13.017623901367188,2.0939748287200928,2703.838447694987
10988.0,43.24856948852539,3.0062432289123535,2704.030010136994
10989.0,5.303294658660889,1.1466301679611206,2704.1972952119977
10990.0,21.626211166381836,3.118116855621338,2704.37160878499
10991.0,27.347684860229492,2.432032346725464,2704.5452584039886
10992.0,214.4330596923828,9.393434524536133,2704.7072409440007
10993.0,4.700399398803711,1.071015477180481,2704.8920799889893
10994.0,63.851558685302734,3.342149496078491,2705.0544003709947
10995.0,16.2625732421875,1.7983487844467163,2705.255142848997
10996.0,22.6267147064209,2.128929376602173,2705.436295344989
10997.0,12.494290351867676,2.1292645931243896,2705.602019744998
10998.0,6.408083438873291,1.2778122425079346,2705.768371960992
10999.0,6.23984432220459,1.2753708362579346,2705.9328593259997
11000.0,51.402435302734375,4.220816135406494,2706.136192815
11001.0,19.078767776489258,2.113532304763794,2712.5281171349925
11002.0,39.39977264404297,3.141949415206909,2712.737092597992
11003.0,19.84394645690918,2.888343572616577,2712.9428989509906
11004.0,6.9846272468566895,1.482404351234436,2713.093390089998
11005.0,115.73096466064453,6.927205562591553,2713.272290547
11006.0,29.12920570373535,2.5288944244384766,2713.428039008999
11007.0,28.086477279663086,3.0339012145996094,2713.6164352019987
11008.0,63.29589080810547,3.904693365097046,2713.8034877309983
11009.0,6.821319103240967,1.4251182079315186,2714.0203310539946
11010.0,19.886526107788086,2.0356831550598145,2714.2212356959935
11011.0,46.2738037109375,4.755168914794922,2714.381823327989
11012.0,62.42386245727539,4.061821937561035,2714.55884461799
11013.0,129.86573791503906,5.864152431488037,2714.7386885269952
11014.0,4.287746429443359,1.09280264377594,2714.935815577992
11015.0,9.15080738067627,1.9878761768341064,2715.1409887459886
11016.0,41.36618423461914,3.487980365753174,2715.2997963679954
11017.0,41.99460220336914,3.834345817565918,2715.536692666996
11018.0,7.658364772796631,1.5107539892196655,2715.768484672997
11019.0,23.111114501953125,2.8267157077789307,2715.9773874019884
11020.0,8.558951377868652,1.3508468866348267,2716.272827351
11021.0,24.492891311645508,2.3646109104156494,2716.447831654994
11022.0,19.383020401000977,3.3579440116882324,2716.6770037109964
11023.0,11.330102920532227,2.051774263381958,2716.879989149995
11024.0,14.780680656433105,1.9897229671478271,2717.0481966160005
11025.0,10.72209358215332,1.8939005136489868,2717.235070824987
11026.0,10.576295852661133,1.8440887928009033,2717.4028192599944
11027.0,154.76258850097656,8.416010856628418,2717.5678586239956
11028.0,29.68133544921875,2.2965192794799805,2717.7853298769915
11029.0,25.92652702331543,2.5171632766723633,2717.9534345339925
11030.0,5.906925201416016,1.7263010740280151,2718.1621513689897
11031.0,28.83697509765625,2.644176959991455,2718.3357270839915
11032.0,5.6940412521362305,1.1656689643859863,2718.5002169759973
11033.0,25.076108932495117,2.799574375152588,2718.672709690989
11034.0,96.22177124023438,4.990811347961426,2718.8464922649873
11035.0,27.352933883666992,2.6001644134521484,2719.007033581991
11036.0,23.40843391418457,2.6775901317596436,2719.1888008469978
11037.0,16.411502838134766,2.29232120513916,2719.3650670689967
11038.0,5.6467204093933105,0.9997975826263428,2719.5499330969906
11039.0,29.100584030151367,2.8341879844665527,2719.7334167039953
11040.0,150.88778686523438,5.937531471252441,2719.93333602199
11041.0,16.825862884521484,2.012468099594116,2720.0960226419993
11042.0,14.001629829406738,1.9263691902160645,2720.281690732998
11043.0,13.644001960754395,2.0438592433929443,2720.4859396999964
11044.0,91.85498046875,3.09830379486084,2720.711571723994
11045.0,42.74001693725586,3.2556657791137695,2720.9049641149904
11046.0,50.752498626708984,3.5434839725494385,2721.044048604992
11047.0,20.774736404418945,2.4179155826568604,2721.2258587339893
11048.0,19.92599105834961,2.082045555114746,2721.4239162999875
11049.0,19.02792739868164,2.596776008605957,2721.635787245992
11050.0,45.04603576660156,4.414525508880615,2721.8393829599954
11051.0,17.392492294311523,2.2150955200195312,2722.085080329998
11052.0,40.18006134033203,3.884857416152954,2722.2848982939904
11053.0,21.21115493774414,2.3698580265045166,2722.4587607419962
11054.0,62.244171142578125,3.649815320968628,2722.624783141
11055.0,9.830550193786621,1.9321544170379639,2722.8054742789973
11056.0,99.71749877929688,5.229767799377441,2722.9913629319926
11057.0,5.805165767669678,1.1920405626296997,2723.170558754995
11058.0,9.091419219970703,2.00400972366333,2723.3636377839866
11059.0,8.854379653930664,1.5447760820388794,2723.5319333539956
11060.0,4.642312526702881,1.1229753494262695,2723.773431700989
11061.0,6.578090190887451,1.5602428913116455,2723.985375264994
11062.0,8.062146186828613,1.3630504608154297,2724.1967725759896
11063.0,26.439748764038086,2.8246042728424072,2724.405083464997
11064.0,12.517459869384766,1.798018455505371,2724.6197561969893
11065.0,39.82221984863281,2.8922533988952637,2724.8418131239887
11066.0,21.355112075805664,1.8709900379180908,2725.060573992989
11067.0,27.967182159423828,3.2417752742767334,2725.2487120079895
11068.0,45.29523468017578,3.441301107406616,2725.4168971749896
11069.0,40.87826156616211,4.050255298614502,2725.583525858994
11070.0,27.154678344726562,2.5169613361358643,2725.770432639998
11071.0,231.2146453857422,9.401067733764648,2725.986753951991
11072.0,9.998693466186523,1.7732654809951782,2726.1852153969958
11073.0,36.264007568359375,2.9715681076049805,2726.360211755993
11074.0,38.31463623046875,3.881500005722046,2726.579077502989
11075.0,9.389822959899902,1.434922456741333,2726.769933566
11076.0,15.015106201171875,2.0700366497039795,2726.9534667609987
11077.0,20.389610290527344,2.2567572593688965,2727.1508812959946
11078.0,13.683500289916992,1.831713080406189,2727.3372155319958
11079.0,39.59889221191406,2.865973472595215,2727.5125343539985
11080.0,2.925025224685669,0.9212983250617981,2727.6668739119923
11081.0,20.68880844116211,2.908662796020508,2727.830353931
11082.0,9.977009773254395,1.402328610420227,2728.034964276987
11083.0,18.894134521484375,2.523361921310425,2728.2458826849906
11084.0,21.954151153564453,2.5742576122283936,2728.4130182679946
11085.0,21.832754135131836,3.195641279220581,2728.591626784997
11086.0,2.960538387298584,0.9284161329269409,2728.784024317996
11087.0,27.25698471069336,2.3785390853881836,2728.9516157749895
11088.0,280.09521484375,13.837822914123535,2729.14763030599
11089.0,42.97152328491211,3.4257750511169434,2729.323345259996
11090.0,14.459705352783203,2.427190065383911,2729.557921563988
11091.0,26.19287872314453,2.0582282543182373,2729.7223971539934
11092.0,21.687143325805664,3.247433662414551,2729.891281701988
11093.0,32.72132873535156,3.423025608062744,2730.0860427949956
11094.0,329.2203063964844,14.591156959533691,2730.2834094169957
11095.0,8.122654914855957,1.7994173765182495,2730.441701208998
11096.0,7.65242862701416,1.896798014640808,2730.6273900529923
11097.0,6.881017208099365,1.4673104286193848,2730.8109331219894
11098.0,7.788825511932373,1.5655945539474487,2730.9785623419884
11099.0,45.420867919921875,3.5887086391448975,2731.157843647001
11100.0,10.813557624816895,1.7634003162384033,2731.3282604939886
11101.0,95.02447509765625,4.585387706756592,2735.796909398996
11102.0,172.3805694580078,6.451746463775635,2735.9772524699947
11103.0,9.603707313537598,1.3746957778930664,2736.1518325539946
11104.0,33.17817306518555,2.8616981506347656,2736.326190732987
11105.0,61.37618637084961,3.4998958110809326,2736.5071906480007
11106.0,13.582032203674316,2.587390422821045,2736.6793258339894
11107.0,11.632721900939941,1.6659401655197144,2736.865563075
11108.0,36.58033752441406,2.724233627319336,2737.0337704369886
11109.0,9.534218788146973,1.744032382965088,2737.197801584989
11110.0,5.148589134216309,1.1403051614761353,2737.358598141989
11111.0,206.595458984375,8.241203308105469,2737.566604156993
11112.0,26.614139556884766,2.9582901000976562,2737.748787277
11113.0,5.582401752471924,1.161480188369751,2737.9182593219884
11114.0,89.41912078857422,5.700451850891113,2738.0836971729877
11115.0,14.421052932739258,1.5249168872833252,2738.2684574469895
11116.0,8.15899658203125,1.8384395837783813,2738.437437660992
11117.0,10.010247230529785,1.6314796209335327,2738.617144087999
11118.0,66.3384780883789,4.6045002937316895,2738.826970039998
11119.0,17.29875373840332,1.592336893081665,2739.042405325992
11120.0,5.214930534362793,1.3374130725860596,2739.200402426999
11121.0,46.30384063720703,2.9560534954071045,2739.3717374979897
11122.0,30.689647674560547,2.822303533554077,2739.563261639996
11123.0,21.656461715698242,2.8411312103271484,2739.7513907989924
11124.0,42.8598747253418,3.9376256465911865,2739.916617166993
11125.0,66.124755859375,3.6476924419403076,2740.104242959991
11126.0,52.775264739990234,4.5111083984375,2740.310043994992
11127.0,54.90382766723633,3.547410488128662,2740.534946202999
11128.0,6.527651786804199,1.440713882446289,2740.7318579619896
11129.0,12.824958801269531,2.106011390686035,2740.90891175899
11130.0,5.09459114074707,1.1387112140655518,2741.0916162659996
11131.0,46.98663330078125,4.704044342041016,2741.29499947399
11132.0,7.112559795379639,1.4678817987442017,2741.4758442029997
11133.0,28.582462310791016,2.4760396480560303,2741.768359526992
11134.0,8.559635162353516,1.677924394607544,2741.939456256994
11135.0,27.957462310791016,2.044497013092041,2742.1411275479913
11136.0,10.277802467346191,1.7197940349578857,2742.3404609029967
11137.0,5.924546241760254,1.292989730834961,2742.518951384991
11138.0,41.21923828125,3.519730806350708,2742.698020850992
11139.0,160.8327178955078,6.359250545501709,2742.8759079890006
11140.0,4.049516677856445,0.9868893027305603,2743.0374656119966
11141.0,11.134502410888672,1.6409040689468384,2743.21995955499
11142.0,12.162222862243652,2.00919508934021,2743.4179578439944
11143.0,27.70359992980957,2.677187919616699,2743.601835740992
11144.0,5.933638572692871,1.4823729991912842,2743.7809234559973
11145.0,22.107280731201172,2.6590163707733154,2743.9514013279986
11146.0,10.428433418273926,1.8625749349594116,2744.1590196670004
11147.0,49.44293975830078,3.7677228450775146,2744.3231525549927
11148.0,34.93052291870117,3.0275535583496094,2744.5535407709976
11149.0,19.79245948791504,3.3508896827697754,2744.7135934069956
11150.0,131.6751251220703,6.326846122741699,2744.902696952995
11151.0,10.083640098571777,1.3682496547698975,2745.0777459019882
11152.0,25.007495880126953,2.5767693519592285,2745.247034172993
11153.0,27.690980911254883,3.1153836250305176,2745.439131774998
11154.0,37.80409622192383,2.9897236824035645,2745.635129374001
11155.0,17.83966064453125,2.3531394004821777,2745.814327889995
11156.0,19.38496971130371,2.3070547580718994,2745.9661374879943
11157.0,6.770231246948242,1.3017975091934204,2746.1589566299954
11158.0,17.666431427001953,2.170017719268799,2746.341041836
11159.0,45.907875061035156,4.584846019744873,2746.5194970819866
11160.0,29.6579647064209,2.5601677894592285,2746.744395843998
11161.0,14.924803733825684,2.323587656021118,2746.923596878987
11162.0,13.612432479858398,2.1444308757781982,2747.134775129991
11163.0,10.980899810791016,1.967329740524292,2747.2910267199914
11164.0,11.843618392944336,1.5131722688674927,2747.4647202469932
11165.0,10.960912704467773,1.7819887399673462,2747.6088064799987
11166.0,25.45606803894043,2.4378302097320557,2747.7778737519984
11167.0,4.695120334625244,1.293331503868103,2747.957892855993
11168.0,6.480827331542969,1.3965641260147095,2748.1174430289975
11169.0,11.920184135437012,2.105173349380493,2748.31654833199
11170.0,35.92066955566406,2.935371160507202,2748.504573307
11171.0,19.876117706298828,3.295151948928833,2748.67752821499
11172.0,14.28686237335205,1.7536369562149048,2748.8626852279995
11173.0,28.699438095092773,2.804077386856079,2749.0271117279917
11174.0,204.7572784423828,10.162957191467285,2749.2744812119927
11175.0,148.68576049804688,8.319456100463867,2749.454350139
11176.0,9.572216987609863,1.7938865423202515,2749.60541463799
11177.0,11.492301940917969,1.7794320583343506,2749.8857452719967
11178.0,14.494708061218262,1.916676640510559,2750.068675352988
11179.0,431.49072265625,14.154739379882812,2750.262560277988
11180.0,6.8679728507995605,1.3236185312271118,2750.4620925559866
11181.0,13.955650329589844,1.9484665393829346,2750.681142513
11182.0,12.844280242919922,1.844087839126587,2750.8492061419965
11183.0,164.00494384765625,6.023116588592529,2751.042005312993
11184.0,52.4920539855957,4.500640869140625,2751.2191997269983
11185.0,6.296407699584961,1.2796624898910522,2751.3943833609956
11186.0,34.38119125366211,2.725262403488159,2751.623437274
11187.0,12.95096492767334,1.6116746664047241,2751.793928454994
11188.0,57.06100845336914,2.7185304164886475,2751.965234545991
11189.0,22.694496154785156,3.0954182147979736,2752.1929203399923
11190.0,11.471680641174316,1.4857906103134155,2752.355657756998
11191.0,12.745220184326172,2.596541166305542,2752.538338593993
11192.0,25.497278213500977,2.2406482696533203,2752.754968051988
11193.0,47.07862091064453,3.2411246299743652,2752.9128819499892
11194.0,14.325153350830078,1.490545392036438,2753.1085518459877
11195.0,10.402066230773926,1.919768214225769,2753.2830185839994
11196.0,92.69056701660156,5.068427562713623,2753.5232702119974
11197.0,25.76117515563965,2.4020397663116455,2753.7199538129935
11198.0,53.359962463378906,3.966787099838257,2753.883615657993
11199.0,27.221452713012695,2.4380605220794678,2754.0953207779967
11200.0,52.319183349609375,3.9172141551971436,2754.2781252909917
11201.0,7.522082328796387,1.35697340965271,2759.0950521049963
11202.0,5.847261905670166,1.2255367040634155,2759.271552765
11203.0,5.898265838623047,1.2489979267120361,2759.4555865339935
11204.0,127.4090347290039,6.237407207489014,2759.634826071997
11205.0,34.13378143310547,2.7872989177703857,2759.82326052399
11206.0,9.919472694396973,1.3232163190841675,2759.9872238440003
11207.0,96.24443054199219,4.557147026062012,2760.1898297669977
11208.0,8.02077865600586,1.4768413305282593,2760.3716920820007
11209.0,60.537044525146484,3.4553580284118652,2760.5350506859977
11210.0,43.36647415161133,3.070425271987915,2760.730946019001
11211.0,12.057125091552734,1.9801145792007446,2760.934335786995
11212.0,46.816341400146484,3.138834238052368,2761.108800766
11213.0,19.553985595703125,2.162121295928955,2761.281398038991
11214.0,7.541467189788818,1.295850396156311,2761.473602389
11215.0,17.481964111328125,2.50363826751709,2761.67855328499
11216.0,28.20462417602539,3.6920859813690186,2761.859265423991
11217.0,30.11116600036621,2.632770538330078,2762.0374475789868
11218.0,50.57392883300781,3.2939155101776123,2762.254268477991
11219.0,9.466983795166016,1.64015531539917,2762.437004426989
11220.0,19.63021469116211,2.322065830230713,2762.609543941988
11221.0,91.3490219116211,5.021692276000977,2762.7879237409943
11222.0,18.923206329345703,2.0221364498138428,2763.0059159589873
11223.0,7.4143595695495605,1.139519214630127,2763.209059405999
11224.0,26.174686431884766,3.0101513862609863,2763.3866142049956
11225.0,19.242923736572266,2.0821094512939453,2763.606556134997
11226.0,278.5070495605469,10.21463680267334,2763.7957326589967
11227.0,14.319161415100098,1.9500402212142944,2763.975785482995
11228.0,7.997429370880127,1.629939079284668,2764.142140840995
11229.0,23.760040283203125,2.452310800552368,2764.34202674299
11230.0,20.426061630249023,2.043734550476074,2764.507724776995
11231.0,8.587166786193848,1.3143280744552612,2764.6885441119957
11232.0,126.20833587646484,5.906015396118164,2764.8777362919936
11233.0,80.71499633789062,4.129274368286133,2765.0775755489885
11234.0,49.86064910888672,3.7669880390167236,2765.302498495992
11235.0,30.322830200195312,2.686746597290039,2765.513861001993
11236.0,186.00926208496094,5.957584381103516,2765.6992376979906
11237.0,28.286867141723633,2.8017489910125732,2765.8934009779914
11238.0,31.551923751831055,2.694683074951172,2766.086399439999
11239.0,6.715347766876221,1.2421928644180298,2766.286950387992
11240.0,27.973121643066406,2.316216230392456,2766.4750516819913
11241.0,4.6971259117126465,1.3356645107269287,2766.660280775992
11242.0,16.499046325683594,2.067751169204712,2766.838592638989
11243.0,36.11180114746094,3.468007802963257,2767.0061659939965
11244.0,37.4958381652832,3.7116029262542725,2767.2066321919992
11245.0,10.345452308654785,1.662044644355774,2767.3721070739994
11246.0,7.4316606521606445,1.6083300113677979,2767.554425069
11247.0,18.564571380615234,1.677286148071289,2767.7305664759915
11248.0,15.228755950927734,2.2032907009124756,2767.9062769629963
11249.0,40.17557907104492,3.2261948585510254,2768.081920077995
11250.0,74.0537109375,4.406319618225098,2768.261761744987
11251.0,82.23445129394531,5.568421840667725,2768.4459521809913
11252.0,13.192093849182129,1.790966272354126,2768.6226198779914
11253.0,221.3753662109375,12.468924522399902,2768.7928321299987
11254.0,28.720966339111328,2.7891829013824463,2768.969457228988
11255.0,9.72793197631836,1.8299297094345093,2769.1521373279975
11256.0,14.873525619506836,2.1735942363739014,2769.3259189959936
11257.0,560.0300903320312,15.341038703918457,2769.510733659001
11258.0,9.436756134033203,1.8831783533096313,2769.6972241389885
11259.0,44.406982421875,3.7504467964172363,2769.869210113
11260.0,15.481328010559082,1.6339211463928223,2770.042340666987
11261.0,5.497231960296631,1.1365859508514404,2770.2394475779874
11262.0,79.25267028808594,5.186996936798096,2770.412865691993
11263.0,42.1185417175293,2.878740072250366,2770.591063326996
11264.0,27.821420669555664,2.5025172233581543,2770.7838632309868
11265.0,22.897022247314453,2.2963504791259766,2770.952226055
11266.0,23.350557327270508,2.7827441692352295,2771.1106189339916
11267.0,6.371788024902344,1.5106099843978882,2771.3085824429872
11268.0,12.52002239227295,1.499311089515686,2771.4895228979876
11269.0,30.363142013549805,3.3795182704925537,2771.648711501999
11270.0,29.942157745361328,2.2295925617218018,2771.830774214992
11271.0,32.109764099121094,3.0560877323150635,2772.018634947992
11272.0,54.28803253173828,5.267643451690674,2772.200877627998
11273.0,18.642751693725586,1.8318434953689575,2772.3811545319913
11274.0,27.389755249023438,2.5743391513824463,2772.5645828739944
11275.0,17.99767303466797,1.6033778190612793,2772.743276338995
11276.0,6.365156650543213,1.222108006477356,2772.931373949992
11277.0,23.212371826171875,2.8978350162506104,2773.120925143987
11278.0,30.67943000793457,3.681840181350708,2773.293690224993
11279.0,21.269737243652344,2.460900068283081,2773.474592000988
11280.0,5.955965518951416,1.2381874322891235,2773.6531274659937
11281.0,21.43526840209961,3.2393603324890137,2773.8204770890006
11282.0,42.29949951171875,3.518983840942383,2773.9990317449992
11283.0,6.027825832366943,1.5311684608459473,2774.169201667988
11284.0,8.659107208251953,1.2564160823822021,2774.3752087979956
11285.0,14.777313232421875,1.9238396883010864,2774.5537522159866
11286.0,18.774621963500977,2.2958505153656006,2774.7594036089868
11287.0,107.37092590332031,5.110361099243164,2774.9163113449904
11288.0,24.194501876831055,3.575516939163208,2775.0851943889866
11289.0,23.666061401367188,2.6193878650665283,2775.269833203987
11290.0,7.1859564781188965,1.3516416549682617,2775.4426426539867
11291.0,88.94979858398438,5.846704006195068,2775.618141553001
11292.0,39.67558670043945,3.0702319145202637,2775.7928865959984
11293.0,13.122422218322754,2.0642943382263184,2775.9717665869975
11294.0,54.96597671508789,3.6716625690460205,2776.163641000996
11295.0,88.90335083007812,4.30682373046875,2776.3489555409906
11296.0,21.315135955810547,2.4427483081817627,2776.572842401991
11297.0,39.95453643798828,3.974794626235962,2776.771147442996
11298.0,4.688376426696777,1.027656078338623,2776.943628063993
11299.0,46.609474182128906,3.342456817626953,2777.125058079997
11300.0,88.07965850830078,4.9740400314331055,2777.329462979993
11301.0,21.05324363708496,2.4341537952423096,2781.7196826269937
11302.0,40.89848709106445,2.995824098587036,2781.8750386689935
11303.0,5.74139404296875,1.2961935997009277,2782.1106991059933
11304.0,34.832191467285156,3.062995672225952,2782.288289115997
11305.0,14.625000953674316,2.7100515365600586,2782.469538145
11306.0,8.649511337280273,1.9870802164077759,2782.690369361997
11307.0,42.03507995605469,3.4765539169311523,2782.8527601759997
11308.0,80.24555969238281,4.054042339324951,2783.034155919988
11309.0,364.3499755859375,12.684144020080566,2783.198451065997
11310.0,4.036095142364502,1.1753933429718018,2783.3688344269904
11311.0,10.73632526397705,1.8225398063659668,2783.574394500989
11312.0,13.887337684631348,1.8608009815216064,2783.7914013069967
11313.0,12.030327796936035,1.7395731210708618,2783.9645435799903
11314.0,20.191211700439453,1.8405399322509766,2784.180293680998
11315.0,43.73918151855469,3.3367245197296143,2784.342026044993
11316.0,206.15170288085938,8.202376365661621,2784.520056718
11317.0,9.802862167358398,2.264922618865967,2784.748002610999
11318.0,35.61670684814453,3.6424312591552734,2784.9492754559906
11319.0,20.712909698486328,2.4518134593963623,2785.117195051993
11320.0,32.575557708740234,3.2354631423950195,2785.285962609996
11321.0,423.1666564941406,17.33247184753418,2785.457899980989
11322.0,9.320408821105957,1.7269141674041748,2785.6820057570003
11323.0,5.118189334869385,1.2579315900802612,2785.888320676997
11324.0,164.9443359375,7.810680389404297,2786.0485071369912
11325.0,11.865991592407227,1.9199306964874268,2786.2355562819866
11326.0,5.110969543457031,1.2585541009902954,2786.3871301119943
11327.0,23.019468307495117,2.1173722743988037,2786.614334052996
11328.0,17.508853912353516,2.5576651096343994,2786.788125346997
11329.0,62.84380340576172,2.866783380508423,2786.969931543994
11330.0,13.660760879516602,2.1879231929779053,2787.1665891459998
11331.0,33.94652557373047,2.9646482467651367,2787.334717232996
11332.0,87.74766540527344,5.287022590637207,2787.568449145998
11333.0,7.860961437225342,1.6332803964614868,2787.77033684199
11334.0,41.56660461425781,4.211251735687256,2787.9413287319912
11335.0,12.126863479614258,1.85635507106781,2788.137898060988
11336.0,37.364009857177734,3.432905673980713,2788.296789518994
11337.0,8.859789848327637,1.8290317058563232,2788.5237934569886
11338.0,3.7875490188598633,0.9041743278503418,2788.7268214639917
11339.0,66.88973999023438,4.1135077476501465,2788.912067305995
11340.0,88.21378326416016,4.802342414855957,2789.111664055992
11341.0,35.320674896240234,3.497969388961792,2789.3050743979984
11342.0,4.970376491546631,1.1133440732955933,2789.4693666279927
11343.0,16.926687240600586,2.5602872371673584,2789.6757797949977
11344.0,29.050683975219727,2.6632587909698486,2789.8587313519965
11345.0,7.1901469230651855,1.4391716718673706,2790.0241484689905
11346.0,8.522455215454102,1.5445404052734375,2790.230325485987
11347.0,17.794343948364258,2.441516160964966,2790.3991649569944
11348.0,18.235849380493164,1.8125367164611816,2790.5788021719927
11349.0,9.081291198730469,1.9612762928009033,2790.738844151987
11350.0,8.85546588897705,1.4606610536575317,2790.9216538839974
11351.0,32.222450256347656,3.2182297706604004,2791.0940908829944
11352.0,8.68914794921875,1.5276401042938232,2791.2805938319943
11353.0,10.935247421264648,1.407942295074463,2791.524855712996
11354.0,21.468608856201172,3.0056352615356445,2791.674838861989
11355.0,7.162016868591309,1.7074404954910278,2792.0116157969896
11356.0,17.970720291137695,1.763437271118164,2793.6365328129905
11357.0,14.059000015258789,1.995795726776123,2794.6216007499897
11358.0,5.735176086425781,1.2466137409210205,2795.9591746929946
11359.0,91.56456756591797,6.758184432983398,2797.1210747049918
11360.0,7.775166034698486,1.5261517763137817,2798.37706807199
11361.0,20.362424850463867,2.4267446994781494,2800.2026551929885
11362.0,56.04169464111328,3.7013094425201416,2800.39890043599
11363.0,348.49658203125,12.888376235961914,2800.5710559169966
11364.0,14.562980651855469,1.799275517463684,2800.765368938999
11365.0,30.1450138092041,2.47029709815979,2800.9348094809975
11366.0,6.992611885070801,1.6401326656341553,2801.1049599749967
11367.0,32.05930709838867,3.3789548873901367,2801.307406775988
11368.0,4.268621921539307,1.1944572925567627,2801.5007622119883
11369.0,10.835597038269043,1.660535216331482,2801.6794184259925
11370.0,41.51744842529297,3.1276018619537354,2801.8482366779936
11371.0,8.754469871520996,1.6029483079910278,2802.0394904759887
11372.0,26.81981086730957,2.556718349456787,2802.2274632659974
11373.0,20.278135299682617,2.133948802947998,2802.4136062769976
11374.0,24.8981990814209,2.14532208442688,2802.573458986997
11375.0,93.11943054199219,4.781717777252197,2802.7613560159953
11376.0,9.410846710205078,1.7518084049224854,2802.9678268360003
11377.0,133.51487731933594,5.9780778884887695,2803.123401727993
11378.0,70.765380859375,4.629128456115723,2803.323652815001
11379.0,23.26591682434082,2.5474956035614014,2803.499951744001
11380.0,36.31067657470703,2.987567186355591,2803.6777746079897
11381.0,22.983572006225586,2.746617555618286,2803.8550880129915
11382.0,9.156421661376953,1.5555528402328491,2804.0252172749897
11383.0,101.71045684814453,4.949325084686279,2804.222714391988
11384.0,39.81714630126953,3.0440261363983154,2804.4114120999875
11385.0,18.342700958251953,2.0656657218933105,2804.58925173599
11386.0,16.141098022460938,1.56000816822052,2804.761615615993
11387.0,25.381772994995117,2.5200157165527344,2804.957237768991
11388.0,36.036495208740234,3.0857582092285156,2805.1559547719953
11389.0,4.242928504943848,1.1602885723114014,2805.367674631998
11390.0,26.606590270996094,2.628587245941162,2805.5507609959895
11391.0,15.641046524047852,2.4418392181396484,2805.705915945
11392.0,10.865781784057617,1.4284963607788086,2805.886138207992
11393.0,3.8859856128692627,0.9807788133621216,2806.0541744179936
11394.0,19.51399040222168,2.4229061603546143,2806.22654067399
11395.0,16.7828369140625,2.565264940261841,2806.393775972989
11396.0,9.031902313232422,1.6402829885482788,2806.6045662629913
11397.0,9.882331848144531,1.6400253772735596,2806.7708906229964
11398.0,16.53742218017578,2.5040183067321777,2806.969532037998
11399.0,102.4264144897461,6.022478103637695,2807.148330608994
11400.0,4.904331207275391,1.2834852933883667,2807.339561431989
11401.0,167.67030334472656,8.51553726196289,2811.901813609991
11402.0,5.3315229415893555,1.1395289897918701,2812.1119097379997
11403.0,20.244264602661133,2.378041982650757,2812.287346979996
11404.0,10.159835815429688,1.789920449256897,2812.4634252319956
11405.0,454.4583740234375,18.10359001159668,2812.6382717009983
11406.0,66.31449127197266,3.8279714584350586,2812.8186909949873
11407.0,9.104386329650879,1.7204711437225342,2813.0041045869875
11408.0,5.013199806213379,1.3856658935546875,2813.171362447989
11409.0,21.06247901916504,2.696974039077759,2813.3658946099895
11410.0,15.847686767578125,1.5594778060913086,2813.570745234989
11411.0,18.40794563293457,2.2944765090942383,2813.7768267119973
11412.0,13.980256080627441,1.8217192888259888,2813.9741097209917
11413.0,177.0436248779297,7.787124156951904,2814.143972111997
11414.0,40.7519645690918,3.3898532390594482,2814.33609694599
11415.0,8.920080184936523,1.85286545753479,2814.5640484749892
11416.0,5.1541619300842285,1.1295602321624756,2814.776349800988
11417.0,31.432254791259766,2.8192338943481445,2814.9609312039975
11418.0,9.423882484436035,1.6655364036560059,2815.1483721169934
11419.0,5.91254997253418,1.2112911939620972,2815.323558994991
11420.0,277.0884704589844,9.917716979980469,2815.536276984989
11421.0,14.730157852172852,1.85556960105896,2815.755035727998
11422.0,37.06185531616211,3.1382386684417725,2815.9221992509993
11423.0,33.6654167175293,2.740135908126831,2816.0873476799898
11424.0,44.698490142822266,2.8740406036376953,2816.26366212999
11425.0,33.71061706542969,3.540754556655884,2816.4701233349915
11426.0,43.137203216552734,2.9541664123535156,2816.644578798994
11427.0,49.592811584472656,4.22887659072876,2816.8059014939936
11428.0,13.980916976928711,2.2638022899627686,2816.994535847989
11429.0,7.4586944580078125,1.3760216236114502,2817.1590905839985
11430.0,7.923794269561768,1.2152519226074219,2817.3490837019926
11431.0,177.6324005126953,6.034543991088867,2817.519793814994
11432.0,4.257784843444824,1.060931921005249,2817.732889669991
11433.0,17.323450088500977,2.9253342151641846,2817.9158940419875
11434.0,29.753419876098633,2.5518691539764404,2818.0759102309967
11435.0,14.120612144470215,2.024622917175293,2818.2391380849876
11436.0,9.466184616088867,1.7054922580718994,2818.3889000339987
11437.0,53.72398376464844,3.664058208465576,2818.5612064509914
11438.0,6.446377277374268,1.567581057548523,2818.7300019879913
11439.0,3.897942543029785,1.0323035717010498,2818.914500898987
11440.0,15.530550003051758,2.1388633251190186,2819.145663146992
11441.0,15.843791961669922,3.0139718055725098,2819.4525163340004
11442.0,14.21803092956543,1.9537395238876343,2819.636155921995
11443.0,50.57902908325195,2.9833333492279053,2819.8399721999886
11444.0,26.767580032348633,3.0883820056915283,2820.0817998419952
11445.0,17.046106338500977,2.182640790939331,2820.263258756997
11446.0,23.15633773803711,2.4489192962646484,2820.435932504988
11447.0,16.26272201538086,2.381430149078369,2820.6282702789904
11448.0,30.557781219482422,3.3030028343200684,2820.834274429988
11449.0,38.21917724609375,2.840111494064331,2821.085063927996
11450.0,12.931313514709473,1.7155401706695557,2821.2835822569905
11451.0,5.422589302062988,1.1588329076766968,2821.4996678079915
11452.0,5.814095497131348,1.4244000911712646,2821.686742419988
11453.0,25.49664878845215,3.4045498371124268,2821.923971016993
11454.0,9.91273021697998,1.6864923238754272,2822.139250826993
11455.0,4.71539306640625,0.9878852367401123,2822.394969156987
11456.0,25.40092658996582,3.8953192234039307,2822.5895057390007
11457.0,72.83285522460938,5.89279317855835,2822.7867316509946
11458.0,15.758694648742676,2.2950899600982666,2823.0102477689943
11459.0,62.106685638427734,4.072767734527588,2823.2326937089965
11460.0,53.52165985107422,4.413202285766602,2823.40695676599
11461.0,52.1402587890625,3.301118850708008,2823.5985889469885
11462.0,15.517024993896484,2.034388303756714,2823.82240153999
11463.0,31.42811393737793,3.1432552337646484,2824.0307528419944
11464.0,107.16770935058594,5.785775184631348,2824.2135259439965
11465.0,17.449308395385742,2.9273808002471924,2824.4085515849874
11466.0,10.853318214416504,1.8381847143173218,2824.6353874999913
11467.0,13.732020378112793,2.156369924545288,2824.8187371979875
11468.0,5.1172966957092285,1.1488553285598755,2825.0065185119893
11469.0,5.2479448318481445,1.1468076705932617,2825.2189296689903
11470.0,34.035499572753906,2.7254834175109863,2825.436241162999
11471.0,13.642586708068848,2.016735553741455,2825.6073705269955
11472.0,39.200164794921875,2.4087536334991455,2825.77665992899
11473.0,32.94154357910156,3.204672336578369,2825.9655538649968
11474.0,15.135403633117676,2.1912758350372314,2826.145228755995
11475.0,22.909482955932617,2.2527077198028564,2826.3992927609943
11476.0,12.083568572998047,1.8432425260543823,2826.5813057259948
11477.0,19.081850051879883,2.2119364738464355,2826.7640584209876
11478.0,5.600265026092529,1.1862984895706177,2826.9644008609903
11479.0,30.077625274658203,2.648305654525757,2827.1442240339966
11480.0,22.416418075561523,3.4680936336517334,2827.3142971329944
11481.0,13.311450004577637,1.8420907258987427,2827.494989063998
11482.0,37.078819274902344,4.940569877624512,2827.707626495001
11483.0,60.40670394897461,3.0169928073883057,2827.8891171029973
11484.0,3.8479368686676025,1.1332687139511108,2828.079540859995
11485.0,60.687591552734375,3.9657421112060547,2828.236279227989
11486.0,27.727705001831055,3.137143850326538,2828.4642355879914
11487.0,48.95751190185547,3.687608003616333,2828.749370565987
11488.0,133.9507293701172,4.710138320922852,2829.0878367739933
11489.0,47.74312973022461,4.095695972442627,2829.364039600987
11490.0,22.419492721557617,2.3651695251464844,2829.537935577988
11491.0,366.90386962890625,16.419477462768555,2829.747710616997
11492.0,8.587017059326172,1.339216947555542,2829.913814184998
11493.0,54.418357849121094,2.5986034870147705,2830.1752171439875
11494.0,34.559059143066406,3.29080867767334,2830.497048461999
11495.0,31.57073211669922,2.6304001808166504,2830.6684251499973
11496.0,6.062273979187012,1.2625081539154053,2830.9076765219943
11497.0,68.95082092285156,3.683650255203247,2831.098167313001
11498.0,42.99260711669922,3.428938150405884,2831.3584902209986
11499.0,26.85357093811035,3.116786241531372,2831.5573365789896
11500.0,28.668975830078125,2.6292004585266113,2831.7229643389874
11501.0,137.03729248046875,6.60365629196167,2839.204108574995
11502.0,25.113115310668945,2.7039175033569336,2839.3638883719977
11503.0,7.830877780914307,1.2297319173812866,2839.5867178499902
11504.0,34.992671966552734,2.548651695251465,2839.747845338992
11505.0,7.335358142852783,1.316956877708435,2839.9236344719975
11506.0,11.011100769042969,1.7688794136047363,2840.0934335979982
11507.0,28.34309959411621,3.5058352947235107,2840.2894343959924
11508.0,36.59944534301758,2.86325740814209,2840.500720633994
11509.0,37.55885314941406,3.7894346714019775,2840.6580660749896
11510.0,16.009851455688477,2.026488780975342,2841.0353532309964
11511.0,26.850399017333984,2.6275625228881836,2841.2060003819934
11512.0,70.75799560546875,4.018072605133057,2841.3900375059893
11513.0,25.2093505859375,2.886359453201294,2841.572336303987
11514.0,13.181319236755371,1.9837875366210938,2841.7561118489975
11515.0,8.604843139648438,1.3921595811843872,2841.954405063996
11516.0,12.924440383911133,2.1836776733398438,2842.1241415799886
11517.0,21.757732391357422,3.0041730403900146,2842.316789765988
11518.0,6.046667098999023,1.193959355354309,2842.500343858992
11519.0,30.738107681274414,3.361652374267578,2842.68596462399
11520.0,6.315939903259277,1.2534773349761963,2842.875236983993
11521.0,12.178502082824707,2.010176658630371,2843.188394245997
11522.0,58.68006134033203,3.1410181522369385,2843.3862674150005
11523.0,13.315826416015625,1.9253036975860596,2843.576290688987
11524.0,6.315951347351074,1.1536028385162354,2843.7602279239945
11525.0,7.340976715087891,1.2577544450759888,2843.9398787269893
11526.0,2.7918832302093506,0.824314296245575,2844.1339687639993
11527.0,33.16062545776367,2.9649722576141357,2844.3345050479984
11528.0,6.340933322906494,1.062355875968933,2844.616059241991
11529.0,8.52780532836914,1.672688603401184,2844.809310072
11530.0,7.8015336990356445,1.6129987239837646,2844.9922233769903
11531.0,8.512923240661621,2.123198986053467,2845.1724879979884
11532.0,9.16132640838623,1.920339584350586,2845.362657434991
11533.0,5.502365589141846,1.2841675281524658,2845.5533113369893
11534.0,21.61383819580078,1.8844208717346191,2845.7724017250002
11535.0,7.735576152801514,1.4189023971557617,2845.9747554099886
11536.0,147.06063842773438,6.443722248077393,2846.144816691987
11537.0,19.421289443969727,2.2961232662200928,2846.3288380179874
11538.0,31.13372230529785,4.134662628173828,2846.504290218989
11539.0,7.061419486999512,1.5975629091262817,2846.668047545987
11540.0,9.598822593688965,1.4404985904693604,2846.865425071999
11541.0,24.510725021362305,2.3587710857391357,2847.089351530987
11542.0,18.19193458557129,2.446016311645508,2847.311729752997
11543.0,96.65449523925781,6.553646087646484,2847.517771977
11544.0,5.189026832580566,1.1287651062011719,2847.6875698739896
11545.0,61.24811553955078,3.340007781982422,2847.881456735995
11546.0,45.05830383300781,3.166689872741699,2848.0665607489937
11547.0,9.332305908203125,1.8946565389633179,2848.294658802988
11548.0,25.21819496154785,2.571404457092285,2848.5074101200007
11549.0,13.531286239624023,1.7664929628372192,2848.6904303249903
11550.0,31.923141479492188,2.546884536743164,2848.914006794992
11551.0,66.6375961303711,5.521973133087158,2849.1238267679873
11552.0,8.689445495605469,1.62046480178833,2849.292031505989
11553.0,14.175647735595703,1.96851646900177,2849.466753470988
11554.0,42.70588302612305,3.840989351272583,2849.644196687994
11555.0,32.8524055480957,2.7492129802703857,2849.827368872997
11556.0,13.630352973937988,1.667076587677002,2850.012012096995
11557.0,6.384963035583496,1.295927882194519,2850.188486710991
11558.0,8.991362571716309,1.4775060415267944,2850.3883201439894
11559.0,51.68802261352539,3.6308510303497314,2850.6016848119907
11560.0,515.5475463867188,15.753157615661621,2850.812709758
11561.0,7.57034969329834,1.4250284433364868,2851.004900307991
11562.0,20.773874282836914,2.2682547569274902,2851.1843736439914
11563.0,6.049650192260742,1.137467622756958,2851.343612796991
11564.0,6.120936870574951,1.5513590574264526,2851.5158993410005
11565.0,14.075201988220215,2.0266520977020264,2851.7240121389914
11566.0,23.452434539794922,2.7114200592041016,2851.9140408709936
11567.0,20.333345413208008,2.2993786334991455,2852.0905586509907
11568.0,61.44721221923828,3.6590914726257324,2852.3121567229973
11569.0,36.316959381103516,3.186937093734741,2852.4784655969997
11570.0,43.62843704223633,3.8461005687713623,2852.666958939997
11571.0,98.48186492919922,3.760125160217285,2852.8403448609897
11572.0,19.25763511657715,2.083636999130249,2853.0183937519905
11573.0,6.81074333190918,1.392342448234558,2853.198112531987
11574.0,55.3762092590332,4.151729583740234,2853.4158962229994
11575.0,29.541913986206055,3.8170127868652344,2853.6294030839927
11576.0,5.7009782791137695,1.0931763648986816,2853.861413407998
11577.0,13.281479835510254,1.8234535455703735,2854.062194040991
11578.0,19.717741012573242,2.3855082988739014,2854.235471166001
11579.0,352.9874572753906,12.313115119934082,2854.407956199997
11580.0,95.21800994873047,5.852847576141357,2854.5980757249927
11581.0,4.812199115753174,1.1579749584197998,2854.7943094619986
11582.0,20.62923812866211,2.2627525329589844,2854.9961752389936
11583.0,58.507015228271484,3.697312593460083,2855.1717760829924
11584.0,26.399188995361328,2.350306510925293,2855.3473832839954
11585.0,29.182035446166992,3.3271875381469727,2855.514209724992
11586.0,29.100696563720703,3.005110740661621,2855.6814346259926
11587.0,54.170928955078125,3.625577926635742,2855.884469383993
11588.0,11.061145782470703,1.5187678337097168,2856.0440721149935
11589.0,26.08068084716797,3.1148149967193604,2856.2220510849875
11590.0,248.86830139160156,13.754018783569336,2856.404767315995
11591.0,54.985267639160156,2.906813383102417,2856.5855779809935
11592.0,4.33740758895874,0.893100380897522,2856.7537772799988
11593.0,28.144346237182617,2.382699966430664,2856.9266761259933
11594.0,25.481517791748047,2.207329750061035,2857.1581707339938
11595.0,45.582611083984375,3.614095449447632,2857.343789825987
11596.0,7.370978832244873,1.5977387428283691,2857.51355449899
11597.0,75.63521575927734,4.804986953735352,2857.6800221589947
11598.0,7.543221473693848,1.5137673616409302,2857.8746766409895
11599.0,11.81075668334961,1.7917273044586182,2858.0830906749907
11600.0,23.74810028076172,2.8407793045043945,2858.258261140989
11601.0,46.720733642578125,3.7777750492095947,2862.7538557489897
11602.0,15.565011024475098,2.1661438941955566,2862.9230105709867
11603.0,21.03891372680664,2.233739137649536,2863.101204129998
11604.0,4.898595333099365,1.2690668106079102,2863.2616354799975
11605.0,7.577243804931641,1.406086802482605,2863.4291654749977
11606.0,336.78717041015625,11.565141677856445,2863.6180464770005
11607.0,9.212544441223145,1.6620575189590454,2863.8723203299887
11608.0,8.561442375183105,1.311658501625061,2864.0723124270007
11609.0,5.514697551727295,1.2100741863250732,2864.2718058929895
11610.0,20.716182708740234,2.1397619247436523,2864.4583894069947
11611.0,21.310428619384766,2.767587423324585,2864.6551297699916
11612.0,202.0674591064453,9.292977333068848,2864.854243269001
11613.0,49.1142463684082,3.8530702590942383,2865.039964730997
11614.0,14.571386337280273,2.0746607780456543,2865.233857044994
11615.0,9.698507308959961,1.5378957986831665,2865.4206265669927
11616.0,96.26866912841797,4.8908867835998535,2865.597799092997
11617.0,5.921360492706299,1.2178621292114258,2865.8694396069914
11618.0,27.10048484802246,2.698152780532837,2866.050635722
11619.0,20.94571304321289,2.795584201812744,2866.238562762999
11620.0,7.736494541168213,1.6766436100006104,2866.441666672996
11621.0,118.16039276123047,5.478170871734619,2866.655538959996
11622.0,5.610670566558838,1.177914023399353,2866.8331550339935
11623.0,47.882572174072266,3.7216522693634033,2867.0100256089936
11624.0,46.57133865356445,3.8593943119049072,2867.1736622839962
11625.0,15.178265571594238,1.895943522453308,2867.345310366989
11626.0,25.006052017211914,2.113105297088623,2867.4987418429955
11627.0,228.07977294921875,12.789129257202148,2867.674477419001
11628.0,13.580053329467773,2.056079864501953,2867.8549205849995
11629.0,25.35966682434082,2.1165807247161865,2868.024754469996
11630.0,70.49962615966797,4.358560085296631,2868.224728027999
11631.0,35.913429260253906,3.1012799739837646,2868.3998237719934
11632.0,8.255762100219727,1.5471092462539673,2868.5700761869957
11633.0,102.67495727539062,4.371777057647705,2868.7719339739997
11634.0,110.00495910644531,5.282407760620117,2868.956944401987
11635.0,6.167518138885498,1.2298357486724854,2869.1255426319985
11636.0,12.852078437805176,1.8955063819885254,2869.363318356991
11637.0,23.694692611694336,1.9709800481796265,2869.532751407998
11638.0,43.15266418457031,2.9477343559265137,2869.7182118519995
11639.0,25.73102378845215,2.704726457595825,2869.8974105589878
11640.0,4.555112361907959,1.2644050121307373,2870.0646437169926
11641.0,27.57733154296875,3.053346872329712,2870.313160823993
11642.0,15.257397651672363,2.5061919689178467,2870.5010276609974
11643.0,31.230241775512695,2.8811228275299072,2870.6901240699954
11644.0,5.3709330558776855,1.1499359607696533,2870.8890811939928
11645.0,19.75986671447754,2.2324483394622803,2871.0843362129963
11646.0,29.3385066986084,2.5430660247802734,2871.2535640509886
11647.0,45.13022232055664,3.1228437423706055,2871.480089796998
11648.0,51.607425689697266,2.737044095993042,2871.64913314399
11649.0,9.934353828430176,1.7974531650543213,2871.815305415992
11650.0,15.759581565856934,1.987013339996338,2872.0307822619943
11651.0,32.65256118774414,4.033692359924316,2872.1905014249933
11652.0,7.962436676025391,1.5798511505126953,2872.3890475099906
11653.0,53.02189254760742,5.023197174072266,2872.544592134989
11654.0,19.989953994750977,2.2667715549468994,2872.717053880988
11655.0,26.02037811279297,3.8617780208587646,2872.8893841799872
11656.0,19.55615234375,2.266909599304199,2873.0743321119953
11657.0,132.3489990234375,7.056722164154053,2873.3147316329996
11658.0,76.98453521728516,4.164311408996582,2873.4656030049955
11659.0,11.027603149414062,1.77852463722229,2873.692714178993
11660.0,16.787782669067383,2.2157294750213623,2873.8549047459965
11661.0,38.76061248779297,3.3882412910461426,2874.0186850979953
11662.0,19.477956771850586,2.2825911045074463,2874.184635197991
11663.0,35.11846923828125,2.6576168537139893,2874.356597987993
11664.0,58.76982498168945,4.558098793029785,2874.553249035991
11665.0,36.40666580200195,3.3984897136688232,2874.779296137989
11666.0,21.140039443969727,2.3490090370178223,2874.9617049379885
11667.0,33.24321746826172,2.8168179988861084,2875.189061522993
11668.0,25.785009384155273,2.3568971157073975,2875.362396669996
11669.0,13.480786323547363,2.5707626342773438,2875.5274086339923
11670.0,21.81180763244629,2.687767505645752,2875.781482830993
11671.0,21.220653533935547,2.028937578201294,2875.9704322849866
11672.0,7.888854026794434,1.3151804208755493,2876.1555426169944
11673.0,60.5408935546875,5.167727470397949,2876.358612637996
11674.0,26.18561553955078,3.020864963531494,2876.5186692029965
11675.0,6.792805194854736,1.3710949420928955,2876.7526448019926
11676.0,44.358665466308594,4.554539203643799,2876.91791609599
11677.0,41.68720245361328,3.802913188934326,2877.1025925769936
11678.0,31.16442108154297,3.101971387863159,2877.260753509996
11679.0,26.52934455871582,2.3837411403656006,2877.4478422569955
11680.0,50.2327995300293,4.726755619049072,2877.656748234993
11681.0,50.31732177734375,3.587212562561035,2877.8353581919946
11682.0,17.540725708007812,2.0532596111297607,2878.0396264989977
11683.0,241.45584106445312,13.413559913635254,2878.2165380299994
11684.0,9.806252479553223,1.4746681451797485,2878.3849990419985
11685.0,10.013608932495117,1.9747384786605835,2878.609346391997
11686.0,44.413326263427734,3.645439386367798,2878.7684966089873
11687.0,12.789531707763672,2.390806198120117,2878.9645453279954
11688.0,41.01199722290039,3.462897300720215,2879.1357072799874
11689.0,6.0771484375,1.2383509874343872,2879.3811758899974
11690.0,8.130455017089844,1.55885910987854,2879.534637603996
11691.0,47.747257232666016,3.7124416828155518,2879.708775042993
11692.0,12.151853561401367,1.7938058376312256,2879.9359279799974
11693.0,14.802680969238281,2.0598793029785156,2880.1085765369935
11694.0,6.1711506843566895,1.3097692728042603,2880.285175059995
11695.0,20.880859375,2.164716958999634,2880.4467632919986
11696.0,6.11783504486084,1.2206848859786987,2880.6710376499977
11697.0,5.5215606689453125,1.433789610862732,2880.845683855994
11698.0,54.827537536621094,3.6056225299835205,2881.0398543699994
11699.0,38.85588455200195,2.578481674194336,2881.2250177599926
11700.0,87.5615234375,5.5689544677734375,2881.4099024219904
11701.0,7.022494316101074,1.2582210302352905,2885.912133558988
11702.0,28.650114059448242,2.4591989517211914,2886.088812856993
11703.0,17.9422664642334,2.683023691177368,2886.2553610199975
11704.0,38.92066192626953,3.3517355918884277,2886.4668860849924
11705.0,32.501956939697266,2.9980571269989014,2886.6450603379926
11706.0,15.230622291564941,2.235360622406006,2886.8172438779875
11707.0,61.60006332397461,3.7003467082977295,2887.025111915995
11708.0,7.298206329345703,1.6008576154708862,2887.2175236689945
11709.0,22.35256004333496,2.1558568477630615,2887.3846139689995
11710.0,17.662626266479492,3.1321845054626465,2887.5620047339908
11711.0,9.85940933227539,1.2581254243850708,2887.7496556789993
11712.0,44.881500244140625,2.778559923171997,2887.921041816997
11713.0,7.695465087890625,1.4437328577041626,2888.0833512399986
11714.0,7.31163215637207,1.2691102027893066,2888.2585133440007
11715.0,66.92350769042969,4.241146087646484,2888.423574149987
11716.0,8.596381187438965,1.6810210943222046,2888.62293442199
11717.0,128.47987365722656,5.959207534790039,2888.7966371879884
11718.0,331.6091003417969,11.587299346923828,2888.997589705992
11719.0,8.966862678527832,1.674972653388977,2889.1969058019895
11720.0,9.33577823638916,1.3842722177505493,2889.387652514997
11721.0,4.986474990844727,1.10330331325531,2889.5944688369927
11722.0,46.8978385925293,4.424747943878174,2889.7963262559933
11723.0,6.995486736297607,1.2707842588424683,2889.985508711994
11724.0,5.824758052825928,1.2623530626296997,2890.151947811988
11725.0,17.632692337036133,2.1846654415130615,2890.3228112139914
11726.0,57.51531982421875,3.9991800785064697,2890.494755285996
11727.0,38.584754943847656,3.8132381439208984,2890.663446683
11728.0,31.580711364746094,1.7408305406570435,2890.834217814001
11729.0,34.702457427978516,2.8070294857025146,2891.021848488992
11730.0,52.42423629760742,4.300645351409912,2891.218220343988
11731.0,38.224300384521484,3.4727463722229004,2891.4049651789974
11732.0,146.6667022705078,5.9645891189575195,2891.585278264989
11733.0,28.786588668823242,2.974611759185791,2891.804576572991
11734.0,4.950072765350342,1.3583813905715942,2891.97790215
11735.0,5.216259956359863,1.110394835472107,2892.14508690199
11736.0,9.461859703063965,1.9139420986175537,2892.3368758089928
11737.0,26.421594619750977,2.214902639389038,2892.5108339989965
11738.0,11.373991966247559,1.6896727085113525,2892.677043644988
11739.0,23.884746551513672,2.5414135456085205,2892.848556110999
11740.0,37.25893783569336,3.0331082344055176,2893.0061837979883
11741.0,10.084649085998535,1.7699263095855713,2893.173630594989
11742.0,19.227636337280273,2.1733546257019043,2893.3551609449933
11743.0,9.716714859008789,1.380053997039795,2893.5768286709936
11744.0,15.3136568069458,2.0156493186950684,2893.7404549069906
11745.0,28.985549926757812,4.061530113220215,2893.9521922709973
11746.0,10.007612228393555,1.450247883796692,2894.151821129999
11747.0,13.85923957824707,2.454632520675659,2894.3386495369923
11748.0,11.959795951843262,1.5031764507293701,2894.5126342209987
11749.0,19.21627426147461,2.342651605606079,2894.681162996989
11750.0,20.294326782226562,1.959991455078125,2894.890845039001
11751.0,49.928123474121094,4.216233253479004,2895.066803179987
11752.0,9.290654182434082,1.6035507917404175,2895.2438335439947
11753.0,24.3054256439209,2.986448287963867,2895.4274598560005
11754.0,14.29396915435791,2.1191539764404297,2895.6037413369922
11755.0,11.71676254272461,1.7911098003387451,2895.76602896399
11756.0,35.27894973754883,4.4125847816467285,2895.93819013999
11757.0,45.01005554199219,3.4914486408233643,2896.1406287199934
11758.0,22.4356746673584,2.2075374126434326,2896.3508965369983
11759.0,10.138819694519043,1.846615195274353,2896.55181079499
11760.0,15.512734413146973,2.184907913208008,2896.7217520609993
11761.0,206.3128662109375,9.376758575439453,2896.888835260994
11762.0,110.71734619140625,6.033749103546143,2897.0494056099997
11763.0,30.282108306884766,2.380587339401245,2897.2301302009873
11764.0,7.93418550491333,1.4540132284164429,2897.4180745009944
11765.0,248.06637573242188,13.285070419311523,2897.6243475609954
11766.0,8.299409866333008,1.679001808166504,2897.790669969996
11767.0,31.87386703491211,2.7278409004211426,2897.9651333749935
11768.0,50.443817138671875,3.7107772827148438,2898.177403374997
11769.0,27.837570190429688,2.5714237689971924,2898.3463218749966
11770.0,10.291423797607422,1.7653543949127197,2898.5417079100007
11771.0,15.08836841583252,2.050924777984619,2898.7276159019966
11772.0,6.3216776847839355,1.2018269300460815,2898.945355139993
11773.0,85.10076904296875,4.338106632232666,2899.1474500589975
11774.0,15.505902290344238,2.411078691482544,2899.3185045319988
11775.0,27.17947006225586,2.076505422592163,2899.50206892399
11776.0,141.2896728515625,7.5043745040893555,2899.6961129629926
11777.0,61.503814697265625,3.045231342315674,2899.8955787279992
11778.0,39.269805908203125,3.0584213733673096,2900.062856558987
11779.0,127.44745635986328,5.574769496917725,2900.2547590449976
11780.0,23.536231994628906,2.3634254932403564,2900.43548533399
11781.0,5.910735607147217,1.173600435256958,2900.622127720999
11782.0,165.77012634277344,5.205760478973389,2900.8077731039957
11783.0,16.126598358154297,1.889572262763977,2900.981347503999
11784.0,18.63376235961914,2.070132255554199,2901.1814144279924
11785.0,24.54974937438965,2.489921808242798,2901.384730785998
11786.0,9.265619277954102,2.0112099647521973,2901.558801209001
11787.0,13.946636199951172,1.6898748874664307,2901.7898299149965
11788.0,6.656949996948242,1.1239885091781616,2902.0073073999956
11789.0,13.162897109985352,1.7973052263259888,2902.201788874998
11790.0,29.19232940673828,3.131089210510254,2902.3962116249895
11791.0,33.41149139404297,3.697911500930786,2902.596091375992
11792.0,46.18120574951172,3.045546293258667,2902.8099106599984
11793.0,5.034948348999023,1.2026171684265137,2902.996806694995
11794.0,6.222579479217529,1.2870430946350098,2903.190731191993
11795.0,15.704745292663574,2.2313435077667236,2903.411757844995
11796.0,6.54945707321167,1.4307610988616943,2903.591905216992
11797.0,11.85145092010498,1.8829162120819092,2903.7668483619927
11798.0,42.07073974609375,4.4122748374938965,2903.989800367999
11799.0,120.5242919921875,5.320849895477295,2904.1604759009933
11800.0,21.546419143676758,2.254059076309204,2904.364624896989
11801.0,29.303375244140625,2.9349279403686523,2915.405062765989
11802.0,10.209433555603027,1.6232011318206787,2915.5992650729895
11803.0,7.128620147705078,1.7792832851409912,2915.7453960860003
11804.0,31.419586181640625,2.8089327812194824,2915.9500758299982
11805.0,7.408397197723389,1.508448600769043,2916.127957646997
11806.0,33.79619216918945,3.1438584327697754,2916.3087003569963
11807.0,144.24130249023438,6.708012580871582,2916.503480950996
11808.0,18.986431121826172,2.628710985183716,2916.6619294329867
11809.0,8.499701499938965,1.4464362859725952,2916.9315104220004
11810.0,5.3539581298828125,1.1728335618972778,2917.1021707639884
11811.0,10.16008472442627,1.8649998903274536,2917.312528934999
11812.0,73.17301177978516,4.182317733764648,2917.523638240993
11813.0,17.008848190307617,2.4636855125427246,2917.7026449299883
11814.0,22.167882919311523,2.720813035964966,2917.969213999997
11815.0,18.30019187927246,2.125912666320801,2918.2009694000008
11816.0,39.528717041015625,3.405017614364624,2918.382455064988
11817.0,82.90605926513672,4.7819132804870605,2918.5662596149923
11818.0,55.52129364013672,4.942346572875977,2918.7499283039942
11819.0,7.993161678314209,1.4721590280532837,2918.9178680009936
11820.0,55.40426254272461,3.734515905380249,2919.1457456589997
11821.0,47.15250015258789,5.183139801025391,2919.3595512939937
11822.0,4.2464985847473145,0.9349355697631836,2919.5192434509954
11823.0,25.565635681152344,2.4331820011138916,2919.7107205489883
11824.0,44.71767044067383,2.397617816925049,2919.866898993001
11825.0,178.0129852294922,6.597759246826172,2920.0837251949997
11826.0,5.736302375793457,1.3051037788391113,2920.2750215939886
11827.0,39.3782844543457,3.3076417446136475,2920.436075900987
11828.0,34.85723114013672,2.677586317062378,2920.674109476997
11829.0,22.664901733398438,2.1367695331573486,2920.885249289
11830.0,64.54666137695312,3.1212921142578125,2921.0598208039883
11831.0,42.991634368896484,3.303525447845459,2921.298674728998
11832.0,24.091779708862305,2.549069404602051,2921.4713249829947
11833.0,13.698877334594727,2.087364912033081,2921.655714329987
11834.0,23.536056518554688,3.4235122203826904,2921.9396941999876
11835.0,20.894622802734375,2.2353601455688477,2922.1372555979906
11836.0,591.5427856445312,17.318422317504883,2922.297029630994
11837.0,7.811690807342529,1.3693093061447144,2922.48707218199
11838.0,7.265800476074219,1.4953012466430664,2922.6522083259915
11839.0,10.721563339233398,2.2163610458374023,2922.84234949699
11840.0,60.03851318359375,3.6748344898223877,2923.005056721988
11841.0,7.538283348083496,1.388864278793335,2923.1712041110004
11842.0,50.43882751464844,3.886671543121338,2923.3277682379994
11843.0,2.6268928050994873,0.7992228865623474,2923.496273219993
11844.0,9.106012344360352,1.818575382232666,2923.7109160619875
11845.0,68.32097625732422,4.280190944671631,2923.8907360059966
11846.0,30.022781372070312,3.441791534423828,2924.0877612829936
11847.0,22.02661895751953,2.0278067588806152,2924.2608801509923
11848.0,41.88119125366211,3.3158130645751953,2924.4341409369954
11849.0,103.43605041503906,5.518702030181885,2924.6173779959936
11850.0,12.0700044631958,1.9036672115325928,2924.834382513989
11851.0,38.48823547363281,3.7130751609802246,2925.061302946997
11852.0,22.04350471496582,2.635495662689209,2925.220547359
11853.0,28.70167350769043,2.4834887981414795,2925.3924542739987
11854.0,45.95512390136719,2.8539414405822754,2925.5902248069906
11855.0,22.414817810058594,2.031374454498291,2925.746035807999
11856.0,6.3435258865356445,1.0663844347000122,2925.907598277001
11857.0,9.19189739227295,1.5483202934265137,2926.05801648699
11858.0,3.8608264923095703,0.9731634259223938,2926.2245726119872
11859.0,10.093504905700684,1.705814242362976,2926.408694644997
11860.0,68.59349060058594,4.38835334777832,2926.594449168988
11861.0,47.77826690673828,3.6882240772247314,2926.768895411995
11862.0,15.006927490234375,2.3973820209503174,2926.9906056670006
11863.0,42.054927825927734,3.9589309692382812,2927.199128780994
11864.0,76.51953887939453,4.684754848480225,2927.3622754529933
11865.0,20.468727111816406,2.5955536365509033,2927.5388648730004
11866.0,56.480377197265625,2.8536856174468994,2927.7596838659956
11867.0,29.85479164123535,2.796292304992676,2927.925382193993
11868.0,18.563936233520508,2.243427038192749,2928.0897829239984
11869.0,12.911961555480957,2.130544900894165,2928.259754289
11870.0,9.461877822875977,1.5103180408477783,2928.4450917219947
11871.0,35.66448974609375,2.5644474029541016,2928.683461955996
11872.0,14.259957313537598,1.9665896892547607,2928.9061269259983
11873.0,22.591064453125,2.5938687324523926,2929.1304278369935
11874.0,23.663101196289062,3.2120862007141113,2929.2982730410004
11875.0,15.055696487426758,1.575158715248108,2929.510629395998
11876.0,13.859619140625,2.180799961090088,2929.7106974219932
11877.0,38.351627349853516,2.308584451675415,2929.885772793001
11878.0,6.348913192749023,1.2559446096420288,2930.0573100119946
11879.0,7.313381195068359,1.3703800439834595,2930.2389081589936
11880.0,9.347509384155273,1.6994445323944092,2930.427955539999
11881.0,15.735837936401367,2.20017409324646,2930.597637353989
11882.0,7.208150863647461,1.367400884628296,2930.776707691999
11883.0,4.319966793060303,1.1493699550628662,2930.986361147996
11884.0,9.974570274353027,1.7300081253051758,2931.192931888989
11885.0,11.682510375976562,2.0177299976348877,2931.3723222729895
11886.0,42.992916107177734,3.3819494247436523,2931.5425719299965
11887.0,6.94753360748291,1.339979648590088,2931.723783331996
11888.0,8.177840232849121,1.4801840782165527,2931.9061948140006
11889.0,34.5374641418457,2.8734521865844727,2932.1514274559886
11890.0,348.9186096191406,15.76419448852539,2932.3488138329994
11891.0,6.458130359649658,1.5306055545806885,2932.5454660709947
11892.0,26.84910011291504,2.31243634223938,2932.745575848996
11893.0,80.89096069335938,4.9841179847717285,2932.966474312998
11894.0,54.326568603515625,3.818774938583374,2933.1492874760006
11895.0,75.2544174194336,3.977017879486084,2933.3072678249882
11896.0,19.76174545288086,1.8231470584869385,2933.541840342994
11897.0,4.594372749328613,0.983737587928772,2933.7340823569975
11898.0,3.4528260231018066,0.993226170539856,2933.9103189509915
11899.0,5.826344966888428,1.3501274585723877,2934.1103787879983
11900.0,4.068512916564941,1.0065420866012573,2934.31037767799
11901.0,6.244347095489502,1.285030484199524,2939.092175215992
11902.0,18.104816436767578,2.598649740219116,2939.248520299996
11903.0,41.530704498291016,3.270695209503174,2939.412591370987
11904.0,232.10830688476562,7.249279975891113,2939.613995098989
11905.0,6.605172157287598,1.6286612749099731,2939.799934816998
11906.0,5.395898818969727,1.1961435079574585,2939.974944868998
11907.0,21.93328857421875,2.2556755542755127,2940.164395336993
11908.0,28.34921646118164,2.5460500717163086,2940.3419181770005
11909.0,14.682872772216797,1.5583217144012451,2940.519665691987
11910.0,7.34903621673584,1.345560073852539,2940.791388726997
11911.0,63.12162399291992,4.403417587280273,2941.0156546419894
11912.0,27.65380859375,2.75199294090271,2941.236286938991
11913.0,29.600799560546875,3.2883994579315186,2941.417959620987
11914.0,26.269027709960938,2.9672231674194336,2941.653696283989
11915.0,6.345832824707031,1.6037657260894775,2941.9343129359913
11916.0,24.939298629760742,2.60863995552063,2942.1220387549984
11917.0,36.197021484375,2.818747043609619,2942.297405086996
11918.0,22.996187210083008,2.559126615524292,2942.465160790991
11919.0,52.49156188964844,5.155119895935059,2942.640105049999
11920.0,462.8340759277344,17.90240478515625,2942.8217072489933
11921.0,20.45819664001465,2.0730412006378174,2942.98553084
11922.0,35.87826919555664,3.9893453121185303,2943.1649593659968
11923.0,46.10401916503906,3.259207248687744,2943.348515559992
11924.0,30.2504940032959,3.3774454593658447,2943.5354064619896
11925.0,17.182531356811523,2.560788154602051,2943.7232523389976
11926.0,9.030922889709473,1.7908073663711548,2943.921348275995
11927.0,7.354273796081543,1.389061689376831,2944.0824705949926
11928.0,29.13375473022461,2.439317226409912,2944.251523653991
11929.0,11.043061256408691,1.8976666927337646,2944.4296908469987
11930.0,25.838401794433594,2.3026933670043945,2944.589400964993
11931.0,5.949349403381348,1.1480170488357544,2944.7786803369963
11932.0,9.315450668334961,1.4588916301727295,2944.9651534099976
11933.0,4.682513236999512,1.0922722816467285,2945.1897660849936
11934.0,99.19087982177734,5.464760780334473,2945.384298947989
11935.0,13.611550331115723,1.9618350267410278,2945.5534751369996
11936.0,4.07806921005249,1.0202524662017822,2945.765451016996
11937.0,78.96505737304688,4.244676113128662,2945.9647049259947
11938.0,30.685537338256836,3.145568609237671,2946.1414989490004
11939.0,7.027318477630615,1.5801604986190796,2946.300679551001
11940.0,7.806382656097412,1.430830478668213,2946.490710690996
11941.0,12.230524063110352,1.9994337558746338,2946.714492877989
11942.0,26.56719970703125,2.883507013320923,2946.93557098
11943.0,74.34200286865234,4.75966739654541,2947.1118286439887
11944.0,15.639108657836914,2.371676445007324,2947.341694977993
11945.0,85.75688171386719,3.724435329437256,2947.550731692987
11946.0,60.67927932739258,3.6620445251464844,2947.8097739980003
11947.0,11.331321716308594,1.8324633836746216,2948.0191633520008
11948.0,122.15908813476562,7.955142974853516,2948.2216182759876
11949.0,4.836820602416992,1.0533431768417358,2948.403496567
11950.0,12.139323234558105,1.9844567775726318,2948.5809406469925
11951.0,52.78060531616211,4.795792102813721,2948.769673338
11952.0,37.18766403198242,3.275866985321045,2949.011374397989
11953.0,46.074039459228516,5.259179592132568,2949.211855699992
11954.0,27.254507064819336,2.501558303833008,2949.380909141997
11955.0,82.39727020263672,4.227608680725098,2949.5583078989876
11956.0,12.971895217895508,2.155787944793701,2949.7703917939943
11957.0,5.8959736824035645,1.3958832025527954,2949.9621314510005
11958.0,106.89257049560547,5.328948020935059,2950.1604680849996
11959.0,8.77043342590332,1.7333307266235352,2950.3283707079972
11960.0,63.610233306884766,3.659576177597046,2950.5193122469936
11961.0,121.89288330078125,5.8607258796691895,2950.7210312199895
11962.0,34.7686882019043,2.808791399002075,2950.9034263249923
11963.0,5.046274185180664,1.4047788381576538,2951.0842482359876
11964.0,248.9043731689453,4.695603370666504,2951.2738017809897
11965.0,219.32571411132812,8.891292572021484,2951.4781793829898
11966.0,39.68440628051758,3.1312482357025146,2951.70414627
11967.0,5.537240982055664,1.4795856475830078,2951.913829152996
11968.0,38.6335563659668,3.302279233932495,2952.1352283229935
11969.0,59.653289794921875,4.344936847686768,2952.2806478669954
11970.0,7.907081127166748,1.520817756652832,2952.524523311993
11971.0,374.0480651855469,11.870657920837402,2952.6885483199876
11972.0,174.26763916015625,6.61592435836792,2952.976576461995
11973.0,10.228416442871094,1.5565451383590698,2953.220062016
11974.0,90.66756439208984,3.7478339672088623,2953.4144079239923
11975.0,19.526105880737305,1.9675593376159668,2953.64124538099
11976.0,13.31716251373291,1.9124689102172852,2953.8824199699884
11977.0,16.78350257873535,2.1135387420654297,2954.04655983299
11978.0,39.7624397277832,2.8976964950561523,2954.2714074559917
11979.0,10.817597389221191,1.671511173248291,2954.4418532099953
11980.0,18.149948120117188,2.095076084136963,2954.6056267649983
11981.0,5.2942399978637695,1.1455258131027222,2954.870746556
11982.0,92.6627197265625,5.860076904296875,2955.090221596998
11983.0,21.941633224487305,3.213771343231201,2955.2426065809996
11984.0,22.361684799194336,2.719731330871582,2955.4821581689903
11985.0,4.446857452392578,1.129883050918579,2955.770276714
11986.0,8.621264457702637,1.5285948514938354,2955.9431237139943
11987.0,23.6800537109375,2.9419875144958496,2956.201392283998
11988.0,25.445537567138672,3.565782308578491,2956.4737837629946
11989.0,19.22431182861328,3.0352652072906494,2956.6570245279872
11990.0,38.23463439941406,2.476486921310425,2956.8844311669964
11991.0,5.02840518951416,1.0421233177185059,2957.0733043949876
11992.0,52.638458251953125,3.6180260181427,2957.2416430779995
11993.0,61.640830993652344,3.5567970275878906,2957.438571956998
11994.0,30.03024673461914,2.9784369468688965,2957.618678899991
11995.0,16.009117126464844,2.176335334777832,2957.7830749909917
11996.0,6.394735336303711,1.3038749694824219,2957.933700399997
11997.0,15.9326753616333,2.220712423324585,2958.1521940370003
11998.0,44.86971664428711,3.5474047660827637,2958.3179161459993
11999.0,38.73711395263672,4.427492141723633,2958.4982748740003
12000.0,7.694550037384033,1.5472913980484009,2958.6785803899984
12001.0,291.92559814453125,10.745174407958984,2965.4000578599953
12002.0,24.099824905395508,2.3790743350982666,2965.6135954169877
12003.0,6.990085601806641,1.3237173557281494,2965.8097652419965
12004.0,38.99781799316406,2.6572794914245605,2965.9615718229907
12005.0,14.198686599731445,1.9846690893173218,2966.142403506994
12006.0,6.5618486404418945,1.414562702178955,2966.330180178993
12007.0,38.295101165771484,3.49690580368042,2966.5355112760008
12008.0,34.4250602722168,2.6747260093688965,2966.728554369998
12009.0,37.386234283447266,2.9903993606567383,2966.9172700199997
12010.0,56.55711364746094,5.328765869140625,2967.0917546109995
12011.0,9.32816219329834,2.177018880844116,2967.2900889289886
12012.0,41.60457229614258,3.6214897632598877,2967.475647924992
12013.0,9.593582153320312,1.420399785041809,2967.6446054169937
12014.0,42.39128494262695,3.227869987487793,2967.838563788988
12015.0,58.08986282348633,4.06777811050415,2968.0414434559934
12016.0,3.561849594116211,0.9442650675773621,2968.2191323089937
12017.0,32.176185607910156,3.0377016067504883,2968.3914194429963
12018.0,6.275803565979004,1.4159939289093018,2968.5909270400007
12019.0,43.64555358886719,3.2467288970947266,2968.775276027998
12020.0,95.34862518310547,6.026432514190674,2968.957118681996
12021.0,59.53797149658203,3.970228672027588,2969.1191957650008
12022.0,13.419090270996094,1.921073079109192,2969.32284736399
12023.0,4.691438674926758,0.9718058705329895,2969.5049033409887
12024.0,28.82615852355957,2.7417209148406982,2969.6978145579924
12025.0,39.88713455200195,3.243835926055908,2969.877583151989
12026.0,39.953369140625,3.0422377586364746,2970.0603183549974
12027.0,18.37537384033203,2.271003484725952,2970.263783353992
12028.0,88.91478729248047,4.718857765197754,2970.4630994899926
12029.0,14.842276573181152,2.597522735595703,2970.635904590992
12030.0,19.79248809814453,2.6995952129364014,2970.8433925399877
12031.0,5.812530517578125,1.2196637392044067,2971.026656931994
12032.0,158.09048461914062,3.8726866245269775,2971.207170169
12033.0,13.780360221862793,1.7689498662948608,2971.37451550299
12034.0,12.395439147949219,1.5760117769241333,2971.5805618209997
12035.0,12.157624244689941,1.7014259099960327,2971.76250364499
12036.0,28.294410705566406,2.767116069793701,2971.9360415329866
12037.0,6.00481653213501,1.4533272981643677,2972.119103592995
12038.0,46.13202667236328,3.178755760192871,2972.299489607991
12039.0,25.630016326904297,2.495980739593506,2972.506690598995
12040.0,17.31049156188965,2.1514854431152344,2972.7046366919967
12041.0,43.658390045166016,3.101519823074341,2972.881126782988
12042.0,21.901504516601562,2.35908842086792,2973.0839512409875
12043.0,41.91072463989258,3.069676399230957,2973.2670852070005
12044.0,5.63886833190918,1.0173405408859253,2973.435497127997
12045.0,17.29593849182129,1.961520791053772,2973.6132432859886
12046.0,11.03725528717041,1.936801552772522,2973.780685204998
12047.0,5.80401611328125,1.1393898725509644,2973.9881130719878
12048.0,5.966498851776123,1.2584739923477173,2974.1575622709934
12049.0,9.308173179626465,1.5797843933105469,2974.327353886998
12050.0,11.82958984375,2.0533559322357178,2974.523523931988
12051.0,4.478906154632568,1.1408648490905762,2974.722623566995
12052.0,10.160527229309082,2.0679774284362793,2974.925417748993
12053.0,106.88905334472656,5.359136581420898,2975.139531170993
12054.0,18.761112213134766,1.8445132970809937,2975.3479934559873
12055.0,22.725234985351562,2.960340976715088,2975.5421182249993
12056.0,24.13892364501953,2.427734375,2975.712304941
12057.0,21.543758392333984,2.669367790222168,2975.8938885819953
12058.0,6.80836296081543,1.5208784341812134,2976.0718359109887
12059.0,24.987688064575195,2.240541934967041,2976.2885390049923
12060.0,13.141786575317383,1.9329670667648315,2976.457632257996
12061.0,30.161876678466797,2.222883462905884,2976.6391966719966
12062.0,26.116439819335938,2.353654146194458,2976.8069263009966
12063.0,24.242006301879883,2.332866668701172,2976.982687866999
12064.0,35.62623596191406,3.70880126953125,2977.1775879319903
12065.0,43.708526611328125,3.247788429260254,2977.3332106029993
12066.0,7.007485866546631,1.7254842519760132,2977.52767216599
12067.0,146.83045959472656,7.441599369049072,2977.693186526987
12068.0,4.371397495269775,1.2047278881072998,2977.891853020992
12069.0,25.418684005737305,2.046328067779541,2978.1046835079906
12070.0,34.324893951416016,3.5728399753570557,2978.3226097559964
12071.0,9.56616497039795,1.7328537702560425,2978.4935955109977
12072.0,60.2036018371582,3.3717100620269775,2978.6700311049935
12073.0,26.327919006347656,3.2814130783081055,2978.9860585549904
12074.0,5.641599655151367,1.2178583145141602,2979.1607077329973
12075.0,19.5656681060791,2.019761562347412,2979.3662732269877
12076.0,14.041814804077148,2.0155961513519287,2979.5672318309953
12077.0,8.989380836486816,1.6261060237884521,2979.7797004909953
12078.0,40.88861846923828,2.916140079498291,2979.946505173997
12079.0,9.222715377807617,1.6656911373138428,2980.118518192001
12080.0,9.889235496520996,1.8852757215499878,2980.307849881996
12081.0,15.455491065979004,2.1161398887634277,2980.484529062989
12082.0,262.9588623046875,9.82168197631836,2980.678608546994
12083.0,11.080965042114258,2.1717138290405273,2980.8700511669886
12084.0,51.456119537353516,4.974909782409668,2981.032665170991
12085.0,57.882568359375,5.172998428344727,2981.2100772369886
12086.0,23.668651580810547,2.269376516342163,2981.383216244998
12087.0,21.00509262084961,2.8972067832946777,2981.5627680920006
12088.0,215.0274200439453,6.42744255065918,2981.7301657770004
12089.0,62.30190658569336,3.318992853164673,2981.9116329529934
12090.0,36.913333892822266,3.437915325164795,2982.0922607529938
12091.0,11.863961219787598,1.8090709447860718,2982.264167021989
12092.0,14.171548843383789,2.159010410308838,2982.448582937999
12093.0,6.2310709953308105,1.3307912349700928,2982.6108110969944
12094.0,7.539333820343018,1.6230056285858154,2982.7841581899993
12095.0,33.64795684814453,2.6801540851593018,2982.960563777
12096.0,11.678153991699219,2.147991180419922,2983.1309899379994
12097.0,4.659095287322998,1.2285091876983643,2983.3151823160006
12098.0,20.079387664794922,2.5635130405426025,2983.4951947579975
12099.0,10.71608829498291,1.9288578033447266,2983.6922050819994
12100.0,19.77791976928711,2.6422410011291504,2983.8516650300007
12101.0,10.608434677124023,1.548702359199524,2992.0717895489943
12102.0,77.36424255371094,3.7360994815826416,2992.235201973992
12103.0,6.213668346405029,1.2949700355529785,2992.4233970779896
12104.0,14.960596084594727,2.3050949573516846,2992.5798011129955
12105.0,3.490556478500366,1.0315728187561035,2992.747147337999
12106.0,10.67434310913086,1.913813829421997,2992.9428988059954
12107.0,26.408905029296875,1.9462144374847412,2993.188493306996
12108.0,21.811140060424805,2.116201400756836,2993.3631531339925
12109.0,7.62373685836792,1.6835906505584717,2993.533940230991
12110.0,6.391151428222656,1.1454015970230103,2993.7172608099936
12111.0,13.893911361694336,1.9686108827590942,2993.903864338994
12112.0,5.34326171875,1.0519598722457886,2994.112439160992
12113.0,14.63796329498291,1.5060778856277466,2994.3112808369915
12114.0,77.54973602294922,4.0541534423828125,2994.495277482987
12115.0,30.95307159423828,3.5227203369140625,2994.7063607159944
12116.0,32.7997932434082,2.6393606662750244,2994.8918642469944
12117.0,53.40904998779297,2.8146629333496094,2995.075499481987
12118.0,21.439090728759766,2.6009418964385986,2995.2768072659965
12119.0,29.935462951660156,2.5450172424316406,2995.441893033989
12120.0,355.6277160644531,16.234106063842773,2995.606890985
12121.0,30.559894561767578,2.5761678218841553,2995.7810398909933
12122.0,6.015219211578369,1.3103771209716797,2995.9760678249877
12123.0,70.18226623535156,4.22137975692749,2996.172768749995
12124.0,17.730581283569336,2.086719274520874,2996.3593139619916
12125.0,314.0110778808594,15.024137496948242,2996.522025251994
12126.0,215.95143127441406,8.996383666992188,2996.764108410993
12127.0,25.75935173034668,2.807810068130493,2996.9484946489974
12128.0,66.51689147949219,4.245275497436523,2997.1181216609984
12129.0,15.693252563476562,1.8046956062316895,2997.2976569309976
12130.0,11.00985050201416,1.9179632663726807,2997.444890089988
12131.0,30.09769630432129,2.717907667160034,2997.598805372996
12132.0,41.02046585083008,3.3226478099823,2997.7790882589907
12133.0,83.24456787109375,4.651016712188721,2997.9803486849996
12134.0,29.49701499938965,2.9785773754119873,2998.1507882659935
12135.0,32.79240417480469,2.5372555255889893,2998.369459484995
12136.0,27.97443199157715,2.8980424404144287,2998.5523063049914
12137.0,17.320402145385742,2.6297760009765625,2998.7204057749914
12138.0,35.40797805786133,3.304079294204712,2998.9731617959915
12139.0,23.84967041015625,2.352313756942749,2999.1621428559883
12140.0,8.94031047821045,1.5015549659729004,2999.321864253987
12141.0,22.179601669311523,2.0261788368225098,2999.5683437169937
12142.0,61.028968811035156,3.399111270904541,2999.7716300019965
12143.0,6.507691383361816,1.179929256439209,2999.9286394179944
12144.0,9.199481964111328,1.663015604019165,3000.108889414987
12145.0,24.850221633911133,3.5446248054504395,3000.291307235995
12146.0,22.06291389465332,2.378664970397949,3000.4750306679925
12147.0,15.704432487487793,1.56268310546875,3000.670002269995
12148.0,7.561083793640137,1.5565245151519775,3000.842474689998
12149.0,7.424368381500244,1.480160117149353,3001.070651545
12150.0,5.0423407554626465,1.1822329759597778,3001.2586567079998
12151.0,31.678972244262695,2.869723081588745,3001.4337303409993
12152.0,19.453371047973633,1.9488829374313354,3001.63408708699
12153.0,5.482113361358643,1.3789266347885132,3001.8571722389897
12154.0,40.26530456542969,3.1351819038391113,3002.028515618993
12155.0,23.234834671020508,2.077807903289795,3002.2403436229943
12156.0,37.340335845947266,3.2816500663757324,3002.456014010997
12157.0,32.679786682128906,2.267878293991089,3002.6406167179957
12158.0,39.82164001464844,4.552778720855713,3002.821104898001
12159.0,409.4866027832031,11.94077205657959,3003.021657427991
12160.0,38.63376998901367,3.82997727394104,3003.1874684929935
12161.0,36.794681549072266,2.1453516483306885,3003.3950105319964
12162.0,56.40316390991211,3.5842955112457275,3003.583499525994
12163.0,21.16507339477539,2.8565852642059326,3003.735089252994
12164.0,32.41381072998047,2.7044665813446045,3003.9710755549895
12165.0,31.833524703979492,3.804271697998047,3004.146840193993
12166.0,20.81642723083496,2.230393648147583,3004.3267489689897
12167.0,22.43505096435547,2.837916135787964,3004.4982402339956
12168.0,23.171262741088867,1.9546606540679932,3004.6677478549973
12169.0,8.30307388305664,1.5067044496536255,3004.865018051991
12170.0,6.511312961578369,1.330581784248352,3005.036119654993
12171.0,42.31198501586914,3.1890599727630615,3005.263082155987
12172.0,4.391987323760986,1.0359200239181519,3005.4523513869935
12173.0,15.719532012939453,2.130507469177246,3005.6246822139947
12174.0,98.79190826416016,4.819230079650879,3005.820815854997
12175.0,10.043554306030273,1.2877706289291382,3005.998869427989
12176.0,7.093527317047119,1.3953027725219727,3006.2311776569986
12177.0,47.48868179321289,3.700401544570923,3006.400141688995
12178.0,7.011878490447998,1.2734256982803345,3006.57048369899
12179.0,44.53749465942383,2.574183225631714,3006.803591890988
12180.0,66.83592987060547,3.3144500255584717,3006.973387342994
12181.0,35.67527770996094,2.741318464279175,3007.1768536960008
12182.0,10.957338333129883,1.6579341888427734,3007.4104281459877
12183.0,6.757457733154297,1.3240216970443726,3007.5730582760007
12184.0,21.81204605102539,3.2348172664642334,3007.7293255799887
12185.0,5.888272285461426,1.3511663675308228,3007.9328552719962
12186.0,31.39462661743164,2.634114980697632,3008.106775504988
12187.0,39.000572204589844,3.0055203437805176,3008.3857714329934
12188.0,91.13076782226562,5.424900531768799,3008.5312372240005
12189.0,74.3853988647461,3.967538833618164,3008.7008764599886
12190.0,28.702791213989258,2.125652313232422,3008.9013591229887
12191.0,57.10774612426758,2.7169189453125,3009.1309238279937
12192.0,5.397850036621094,1.2147680521011353,3009.3019016229955
12193.0,8.922536849975586,1.7757481336593628,3009.506399175996
12194.0,31.78647232055664,2.817239999771118,3009.7174261239998
12195.0,174.50494384765625,4.145878314971924,3009.911566113995
12196.0,10.545978546142578,1.4633474349975586,3010.0755850610003
12197.0,56.28753662109375,5.12965726852417,3010.249027518992
12198.0,21.95118522644043,2.773940086364746,3010.418396361987
12199.0,6.59560489654541,1.2945685386657715,3010.5852564919915
12200.0,19.579072952270508,2.491753339767456,3010.7437654739915
12201.0,137.95416259765625,5.858401775360107,3015.573551090987
12202.0,9.115850448608398,1.7978696823120117,3015.736009973989
12203.0,13.639695167541504,1.9609482288360596,3015.9050208059925
12204.0,8.841117858886719,1.5228499174118042,3016.078733292001
12205.0,26.613765716552734,2.356996536254883,3016.245417883998
12206.0,8.819681167602539,1.2774815559387207,3016.4271663619875
12207.0,3.546638250350952,1.0355899333953857,3016.5821473219985
12208.0,6.908915996551514,1.4023514986038208,3016.792379554987
12209.0,12.925819396972656,1.8226765394210815,3016.965879211988
12210.0,28.912736892700195,3.0081212520599365,3017.1503321989876
12211.0,42.75458908081055,3.8424460887908936,3017.3207636749867
12212.0,84.14755249023438,3.616636037826538,3017.4966012660007
12213.0,9.761452674865723,1.4187763929367065,3017.6678192929976
12214.0,8.36229133605957,1.2556407451629639,3017.8388935759867
12215.0,10.418174743652344,1.7136322259902954,3018.0388000189996
12216.0,25.720293045043945,3.322700262069702,3018.220893286998
12217.0,35.84675979614258,2.9087584018707275,3018.426282950997
12218.0,14.538040161132812,1.9828609228134155,3018.605763542
12219.0,5.987563610076904,1.5904293060302734,3018.772307009989
12220.0,147.59825134277344,4.939547061920166,3018.953380673993
12221.0,15.838113784790039,1.9298981428146362,3019.1047856229998
12222.0,21.394874572753906,2.390164375305176,3019.2758939199994
12223.0,96.9191665649414,5.3495965003967285,3019.443409829997
12224.0,25.341611862182617,3.5254740715026855,3019.634515395999
12225.0,4.894053936004639,1.1762086153030396,3019.8336924609903
12226.0,10.316458702087402,1.6353343725204468,3020.0211323849944
12227.0,13.273980140686035,1.8531694412231445,3020.2001520099875
12228.0,7.176812648773193,1.498428463935852,3020.3877717569994
12229.0,80.65198516845703,4.037105560302734,3020.566959961987
12230.0,5.55750036239624,1.262414813041687,3020.774197049992
12231.0,154.15919494628906,7.392143726348877,3020.932169708991
12232.0,13.489755630493164,1.8581639528274536,3021.148032033001
12233.0,22.828474044799805,2.824894428253174,3021.3333952809917
12234.0,21.622535705566406,2.3254644870758057,3021.522577532989
12235.0,5.017217636108398,1.282775640487671,3021.7130838390003
12236.0,52.76602554321289,3.5724799633026123,3021.88970700599
12237.0,74.34464263916016,4.029451370239258,3022.0557896949904
12238.0,40.152191162109375,3.199732780456543,3022.2331088569917
12239.0,20.46419334411621,2.5259523391723633,3022.431305041988
12240.0,7.061835765838623,1.3822815418243408,3022.627381022001
12241.0,44.17607879638672,3.0111074447631836,3022.888724094999
12242.0,26.540515899658203,2.4567179679870605,3023.071497902987
12243.0,7.9273576736450195,1.5075924396514893,3023.298775793999
12244.0,6.026176452636719,1.0183840990066528,3023.51968849299
12245.0,22.174571990966797,2.4747889041900635,3023.737887680996
12246.0,173.58392333984375,7.621606349945068,3023.9505689859943
12247.0,48.51520538330078,4.403120517730713,3024.1271532269893
12248.0,8.410628318786621,1.5695456266403198,3024.3452760599903
12249.0,8.090437889099121,1.6674861907958984,3024.5219413429877
12250.0,198.5037384033203,7.94258451461792,3024.6807892489887
12251.0,18.0633602142334,2.1576051712036133,3024.9238597229996
12252.0,29.625272750854492,3.2507247924804688,3025.1625775110006
12253.0,7.514779567718506,1.8689019680023193,3025.3579260929982
12254.0,6.346197128295898,1.1494940519332886,3025.5929343709868
12255.0,27.21231460571289,2.396488666534424,3025.777426525994
12256.0,34.730224609375,3.447659730911255,3025.9513863959874
12257.0,17.50607681274414,3.138680934906006,3026.145755503996
12258.0,53.930152893066406,5.453634738922119,3026.369300200997
12259.0,29.205928802490234,2.5078563690185547,3026.5929143899994
12260.0,3.2659292221069336,1.000415325164795,3026.7825184139947
12261.0,2.878807306289673,0.8672768473625183,3026.972955595993
12262.0,33.464691162109375,2.717491626739502,3027.1542617649975
12263.0,41.18183135986328,3.2087349891662598,3027.3216478359973
12264.0,16.302776336669922,2.1794521808624268,3027.4960700230004
12265.0,30.46068000793457,2.706965208053589,3027.684078989987
12266.0,52.8000373840332,5.090909957885742,3027.887719171995
12267.0,31.13857078552246,2.531919002532959,3028.1250847939955
12268.0,29.32345962524414,3.7173476219177246,3028.3338186499896
12269.0,26.52303123474121,2.9788687229156494,3028.591321421991
12270.0,13.160839080810547,1.857382893562317,3028.7810836299905
12271.0,47.52308654785156,3.565769672393799,3028.959596446992
12272.0,21.500577926635742,2.2883384227752686,3029.1509976009984
12273.0,22.928285598754883,2.4399571418762207,3029.310932427994
12274.0,64.497314453125,3.8881988525390625,3029.480451880998
12275.0,91.39495849609375,5.6602582931518555,3029.6866065219947
12276.0,5.542651176452637,1.1962039470672607,3029.9022095199907
12277.0,6.166634559631348,1.2303447723388672,3030.066857205995
12278.0,72.92626953125,4.621650695800781,3030.227947784995
12279.0,4.45200252532959,1.222800374031067,3030.445433460991
12280.0,552.1813354492188,16.148006439208984,3030.736033227993
12281.0,51.132469177246094,3.6956655979156494,3030.9732374949963
12282.0,14.92265796661377,1.8387632369995117,3031.2236023570003
12283.0,32.955875396728516,2.8672380447387695,3031.4434329409996
12284.0,4.939698696136475,1.134683609008789,3031.6268233289884
12285.0,34.01898956298828,3.5797276496887207,3031.808382595991
12286.0,41.07938003540039,3.3141212463378906,3032.0107796859957
12287.0,17.10665512084961,2.54270339012146,3032.202903283993
12288.0,7.26324462890625,1.6557464599609375,3032.3690393449942
12289.0,22.46381950378418,2.290804386138916,3032.547691600994
12290.0,11.55156421661377,1.776231288909912,3032.7461077229964
12291.0,8.662932395935059,1.339714765548706,3032.9194601089985
12292.0,10.007173538208008,2.167124032974243,3033.0812055429997
12293.0,33.9217529296875,3.4293127059936523,3033.2593820539914
12294.0,7.940999984741211,1.5658164024353027,3033.4243554999994
12295.0,8.540207862854004,1.5205978155136108,3033.5809566959942
12296.0,6.462106227874756,1.4857641458511353,3033.748171964995
12297.0,131.63648986816406,7.134441375732422,3033.9258210889966
12298.0,38.57990264892578,3.930341958999634,3034.096386856996
12299.0,3.5808708667755127,0.9620996117591858,3034.261492767997
12300.0,43.48833084106445,2.8789474964141846,3034.430113276001
12301.0,12.260721206665039,1.9238617420196533,3040.3867722079885
12302.0,19.42201042175293,2.5737054347991943,3040.5567109689873
12303.0,37.26906967163086,3.1312241554260254,3040.7428731869877
12304.0,5.63749885559082,1.5185654163360596,3040.952283412
12305.0,8.72514820098877,1.8605372905731201,3041.11924421
12306.0,5.2859392166137695,1.1033343076705933,3041.335875804987
12307.0,238.0479278564453,9.28286075592041,3041.5146287349926
12308.0,11.91805362701416,1.7447690963745117,3041.6866416659905
12309.0,6.059127330780029,1.2920327186584473,3041.8609725860006
12310.0,53.27021789550781,4.5875749588012695,3042.027730212998
12311.0,18.68465805053711,1.743934988975525,3042.2181258909986
12312.0,249.90945434570312,13.333168983459473,3042.388725066994
12313.0,48.16878128051758,3.5840022563934326,3042.5870337829983
12314.0,37.336971282958984,2.877880573272705,3042.819069721998
12315.0,59.12618637084961,3.352114677429199,3042.9967304979946
12316.0,9.297806739807129,1.898071050643921,3043.194277275994
12317.0,24.599475860595703,3.7815558910369873,3043.3624118519947
12318.0,14.032175064086914,2.1305091381073,3043.524238801998
12319.0,253.72706604003906,13.537431716918945,3043.7182707689935
12320.0,16.66131591796875,1.7978490591049194,3043.8984532600007
12321.0,27.20884895324707,3.45131778717041,3044.113683960997
12322.0,13.586716651916504,1.6272622346878052,3044.285065335993
12323.0,10.161665916442871,1.8286678791046143,3044.447709588989
12324.0,16.53664207458496,2.354247570037842,3044.63331316899
12325.0,4.951401233673096,1.2801967859268188,3044.8036474969995
12326.0,149.4085235595703,6.638166904449463,3045.032105279999
12327.0,20.554710388183594,1.883144736289978,3045.1999009339925
12328.0,5.700395584106445,1.1978983879089355,3045.3598482629895
12329.0,10.174002647399902,1.8927929401397705,3045.5727888999972
12330.0,33.92164611816406,3.007962703704834,3045.748293892
12331.0,10.424371719360352,1.8605546951293945,3045.9484112509963
12332.0,15.008340835571289,2.0124900341033936,3046.126932692001
12333.0,112.95985412597656,5.929618835449219,3046.295167608987
12334.0,39.22573471069336,2.738213539123535,3046.4764271099993
12335.0,12.799166679382324,2.0096542835235596,3046.638103041987
12336.0,27.886632919311523,2.842824935913086,3046.8119598109915
12337.0,60.353790283203125,3.9059832096099854,3046.9722082689987
12338.0,5.807346820831299,1.488686203956604,3047.1785729169933
12339.0,8.462047576904297,1.9557939767837524,3047.3517935009877
12340.0,33.135196685791016,2.735399007797241,3047.541160714987
12341.0,9.567444801330566,1.572824478149414,3047.7469003769947
12342.0,10.959721565246582,1.3029894828796387,3047.944523922997
12343.0,41.16262435913086,3.6380412578582764,3048.1133191239933
12344.0,10.731054306030273,1.8981744050979614,3048.3275350819895
12345.0,7.572640419006348,1.725023865699768,3048.525693263
12346.0,20.494918823242188,2.442946434020996,3048.7832179219986
12347.0,23.856340408325195,2.7825169563293457,3048.993673808989
12348.0,62.025577545166016,2.924623727798462,3049.159048591988
12349.0,80.34449768066406,5.056593418121338,3049.33128441
12350.0,10.289844512939453,1.7252912521362305,3049.5351901510003
12351.0,24.131752014160156,2.721541404724121,3049.726487666994
12352.0,6.135394096374512,1.2268940210342407,3049.9437294629897
12353.0,18.139808654785156,2.1601309776306152,3050.126637533991
12354.0,25.982879638671875,3.0608115196228027,3050.325114951993
12355.0,87.48458862304688,4.997128486633301,3050.519869306998
12356.0,38.37980651855469,2.7571232318878174,3050.7974341289955
12357.0,41.0186882019043,3.0927977561950684,3050.991129363989
12358.0,12.995474815368652,2.1612472534179688,3051.1950299249875
12359.0,42.67768859863281,3.0270488262176514,3051.42090028699
12360.0,4.990057945251465,1.0044857263565063,3051.6501665609976
12361.0,17.924123764038086,2.1564695835113525,3051.890443476994
12362.0,21.581527709960938,2.6200571060180664,3052.0502788589947
12363.0,16.699655532836914,2.2323756217956543,3052.2131980229897
12364.0,9.51241683959961,1.319417119026184,3052.4172263269866
12365.0,5.013493061065674,1.131523847579956,3052.5854546089977
12366.0,8.410215377807617,1.676805853843689,3052.783657159991
12367.0,13.396276473999023,1.8802961111068726,3052.973651961991
12368.0,81.44489288330078,4.907543182373047,3053.202006925989
12369.0,581.3681640625,19.69002342224121,3053.3634490069962
12370.0,9.436065673828125,1.808415412902832,3053.537890372987
12371.0,9.750343322753906,1.4055957794189453,3053.7430308429903
12372.0,248.41204833984375,8.453834533691406,3053.922726891993
12373.0,56.624000549316406,3.8581626415252686,3054.1286632809934
12374.0,24.429615020751953,2.643792152404785,3054.2897066999867
12375.0,5.83101224899292,1.0274667739868164,3054.4512839050003
12376.0,21.52033805847168,2.876497507095337,3054.6396571929945
12377.0,12.938209533691406,1.7528040409088135,3054.8161740489886
12378.0,36.323665618896484,2.652052164077759,3054.9926872689975
12379.0,33.075714111328125,3.5617077350616455,3055.1590808409965
12380.0,54.46186447143555,3.906378746032715,3055.3355573109875
12381.0,38.378868103027344,3.630964517593384,3055.501583595993
12382.0,38.573455810546875,4.266634941101074,3055.705737299999
12383.0,249.73983764648438,7.4936747550964355,3055.890235350991
12384.0,30.56527328491211,2.795297384262085,3056.0861062299955
12385.0,23.600879669189453,2.207390308380127,3056.276261351988
12386.0,15.522699356079102,1.6711769104003906,3056.4896732299967
12387.0,25.194969177246094,2.442988157272339,3056.670101183001
12388.0,47.63810729980469,4.173768043518066,3056.833936140989
12389.0,6.6294050216674805,1.2219767570495605,3057.0325647049904
12390.0,5.239376068115234,1.1618049144744873,3057.238808338996
12391.0,24.048633575439453,2.5350985527038574,3057.4077169699885
12392.0,14.678627014160156,1.8355965614318848,3057.577947398997
12393.0,134.3651885986328,7.845948696136475,3057.7822355059907
12394.0,36.93750762939453,3.526628255844116,3057.9953147669876
12395.0,21.668121337890625,2.5234060287475586,3058.1660081419977
12396.0,17.946224212646484,1.82107412815094,3058.3266211679875
12397.0,582.474853515625,16.2109375,3058.5123481939954
12398.0,26.45499038696289,2.480644702911377,3058.6934969959984
12399.0,38.71745300292969,4.059150218963623,3058.905210537996
12400.0,15.524942398071289,1.7854957580566406,3059.0698848929896
12401.0,11.566119194030762,2.1853017807006836,3063.8995918479923
12402.0,58.79365158081055,3.966282606124878,3064.071579290001
12403.0,26.630685806274414,2.0342838764190674,3064.2400908540003
12404.0,37.126861572265625,2.7066714763641357,3064.414833791001
12405.0,7.705356121063232,1.6440473794937134,3064.582903698989
12406.0,8.45937442779541,1.6956580877304077,3064.752201449999
12407.0,11.729228019714355,1.6999541521072388,3064.9237544729986
12408.0,42.72138977050781,3.066629409790039,3065.110597549996
12409.0,23.758214950561523,2.2042694091796875,3065.303460059993
12410.0,5.7856926918029785,1.5480765104293823,3065.4941433919885
12411.0,29.10386848449707,3.1206982135772705,3065.654422208987
12412.0,54.74164962768555,3.5119197368621826,3065.870112011995
12413.0,27.644927978515625,3.133535385131836,3066.1752367849986
12414.0,24.552751541137695,2.8684024810791016,3066.425755830991
12415.0,25.043161392211914,2.7377636432647705,3066.6551610499882
12416.0,9.541327476501465,1.6643015146255493,3066.8786947219924
12417.0,32.415061950683594,2.7383482456207275,3067.0560026489984
12418.0,10.624946594238281,1.345713496208191,3067.3702418579924
12419.0,17.90692901611328,2.4508039951324463,3067.672875955992
12420.0,35.34564971923828,2.4314775466918945,3067.87996144699
12421.0,23.163673400878906,2.0518031120300293,3068.064867361987
12422.0,10.48083782196045,1.7523250579833984,3068.279723028987
12423.0,23.463363647460938,2.6865992546081543,3068.4683395499887
12424.0,6.067528247833252,1.209916353225708,3068.650749224995
12425.0,7.496843338012695,1.6342661380767822,3068.8475808619987
12426.0,21.804838180541992,1.7796828746795654,3069.033968524993
12427.0,95.08617401123047,5.073183059692383,3069.2370981860004
12428.0,24.581600189208984,3.695308208465576,3069.3934186609986
12429.0,28.40494155883789,2.178325653076172,3069.559123602987
12430.0,5.224998474121094,1.1793947219848633,3069.78866100499
12431.0,8.78586196899414,1.8236522674560547,3070.172959756994
12432.0,18.845441818237305,2.976836919784546,3070.4129332689918
12433.0,138.23707580566406,5.7985124588012695,3070.593170344
12434.0,5.1374359130859375,0.9852694869041443,3070.8456392429944
12435.0,5.433536052703857,1.3103349208831787,3071.0277874629974
12436.0,41.60976028442383,3.752110242843628,3071.255292718997
12437.0,23.274503707885742,3.388490676879883,3071.463005548998
12438.0,38.67967224121094,3.1695406436920166,3071.615282103987
12439.0,26.809804916381836,2.982851028442383,3071.857119202992
12440.0,45.85578536987305,3.704489231109619,3072.0517539719876
12441.0,31.559219360351562,3.2280850410461426,3072.2530010519986
12442.0,6.673710346221924,1.2632135152816772,3072.432471461987
12443.0,42.71129608154297,3.2442257404327393,3072.6250759799877
12444.0,26.601533889770508,2.0108184814453125,3072.7833483479917
12445.0,3.831900119781494,1.080962896347046,3072.9844429059885
12446.0,5.697995662689209,1.1348769664764404,3073.213658982
12447.0,44.24446487426758,3.5039896965026855,3073.4188212929876
12448.0,10.178053855895996,1.6564569473266602,3073.6515231889935
12449.0,68.83922576904297,5.3402814865112305,3073.8419315219944
12450.0,6.372017860412598,1.317981481552124,3074.0876034959947
12451.0,17.088157653808594,3.145662784576416,3074.306672113991
12452.0,6.981991767883301,1.3084787130355835,3074.5360633959936
12453.0,6.157624244689941,1.3217953443527222,3074.7773128919944
12454.0,10.611510276794434,1.4690511226654053,3074.9446998269996
12455.0,381.8648376464844,16.460397720336914,3075.1213835289964
12456.0,43.491844177246094,4.603272914886475,3075.374790803995
12457.0,9.548118591308594,1.3405218124389648,3075.5892877320002
12458.0,15.314607620239258,1.9063174724578857,3075.8193055599986
12459.0,64.89806365966797,4.318882465362549,3075.992035806994
12460.0,36.8596305847168,2.9799702167510986,3076.1820320989937
12461.0,9.314563751220703,1.6980544328689575,3076.3464214369887
12462.0,5.6595916748046875,1.198286533355713,3076.533943344999
12463.0,49.653682708740234,4.081996440887451,3076.749801517988
12464.0,36.06869125366211,3.392634153366089,3076.9314135999884
12465.0,133.12130737304688,5.8414740562438965,3077.0839252179867
12466.0,9.144330024719238,1.5945250988006592,3077.2466379619873
12467.0,6.016790390014648,1.1516412496566772,3077.4083259559993
12468.0,14.621819496154785,2.4170162677764893,3077.6523973899893
12469.0,14.946735382080078,2.8938422203063965,3077.812179146
12470.0,9.362740516662598,1.3828057050704956,3078.1075397649984
12471.0,114.6925048828125,5.200539588928223,3078.295470662997
12472.0,166.87835693359375,6.228889465332031,3078.5002909609902
12473.0,7.1012701988220215,1.548921823501587,3078.690318838999
12474.0,58.21857833862305,4.557087421417236,3078.912170828
12475.0,22.138591766357422,1.9139435291290283,3079.1586062809947
12476.0,5.377062797546387,1.1864421367645264,3079.350845404988
12477.0,25.01017189025879,2.454683780670166,3079.5431067600002
12478.0,28.073108673095703,2.5617311000823975,3079.7328239439958
12479.0,42.5941276550293,3.289419651031494,3079.9130258639925
12480.0,35.7879638671875,2.967663526535034,3080.100026932996
12481.0,105.00658416748047,7.292143821716309,3080.2627350519906
12482.0,16.144620895385742,2.121198892593384,3080.4335596210003
12483.0,10.871016502380371,1.6749918460845947,3080.654817010989
12484.0,33.67535400390625,2.8742053508758545,3080.8511673839967
12485.0,380.1324157714844,11.678817749023438,3081.0197965919942
12486.0,25.896034240722656,2.4958980083465576,3081.193731811989
12487.0,7.121330261230469,1.1761524677276611,3081.377878217987
12488.0,24.033367156982422,2.3474411964416504,3081.6138528189913
12489.0,26.291873931884766,2.5361456871032715,3081.771169222993
12490.0,13.781844139099121,1.652295470237732,3081.9577967109944
12491.0,36.5442008972168,2.136756181716919,3082.1211232869973
12492.0,328.8472595214844,11.005902290344238,3082.284082756989
12493.0,253.85284423828125,13.494568824768066,3082.5361698869965
12494.0,6.550848484039307,1.4941518306732178,3082.744174219988
12495.0,40.260074615478516,3.4150257110595703,3082.895352774998
12496.0,4.417209625244141,1.1659883260726929,3083.084326997996
12497.0,20.147016525268555,2.2912113666534424,3083.257589052999
12498.0,17.16143798828125,1.7136781215667725,3083.488368566992
12499.0,27.987546920776367,2.396256446838379,3083.6556582269986
12500.0,328.111083984375,14.892302513122559,3083.8440617759916
12501.0,40.25434875488281,3.3977646827697754,3090.1908064140007
12502.0,31.5372314453125,2.7781875133514404,3090.3613519909995
12503.0,45.301048278808594,3.358976364135742,3090.5571318229922
12504.0,104.2935791015625,4.581596851348877,3090.733819461995
12505.0,40.83327865600586,4.733740329742432,3090.926926122993
12506.0,8.094491958618164,1.593976616859436,3091.1452923219913
12507.0,7.829413890838623,1.5570628643035889,3091.3202521549974
12508.0,52.77680969238281,4.1632866859436035,3091.494252296994
12509.0,5.284359931945801,1.3595998287200928,3091.680245356998
12510.0,116.82176971435547,6.062991619110107,3091.8596752909943
12511.0,19.111164093017578,1.9239106178283691,3092.0510205409955
12512.0,39.71619415283203,3.331578016281128,3092.2311020709894
12513.0,11.8264741897583,2.0099453926086426,3092.466380435988
12514.0,5.427266597747803,1.2025196552276611,3092.6828399629885
12515.0,28.671340942382812,2.6687376499176025,3092.893516930999
12516.0,11.022371292114258,1.4366375207901,3093.0581164589967
12517.0,36.37053298950195,3.6857898235321045,3093.242372916997
12518.0,14.254889488220215,1.9973500967025757,3093.4299580199877
12519.0,7.32960319519043,1.4246625900268555,3093.6211875939916
12520.0,37.451412200927734,4.121527671813965,3093.8060302619997
12521.0,8.348259925842285,1.9953352212905884,3093.99824069599
12522.0,8.340681076049805,1.5958541631698608,3094.1737528879894
12523.0,36.03791427612305,4.223255157470703,3094.3656205649895
12524.0,23.291439056396484,2.845292329788208,3094.556400627989
12525.0,88.96725463867188,5.732316970825195,3094.751557809999
12526.0,26.101274490356445,2.248602867126465,3094.942532435991
12527.0,6.333624362945557,1.4991216659545898,3095.137942014
12528.0,51.0803337097168,3.5282106399536133,3095.348298330995
12529.0,31.356428146362305,2.7758445739746094,3095.5269418649987
12530.0,10.71196460723877,1.624652624130249,3095.6978093419893
12531.0,4.578312873840332,1.2587671279907227,3095.8855722009903
12532.0,9.264674186706543,1.8029264211654663,3096.059432587994
12533.0,5.839461326599121,1.0920324325561523,3096.2587703809986
12534.0,88.52630615234375,5.793152809143066,3096.4485395849915
12535.0,109.36932373046875,4.222481727600098,3096.6326249139966
12536.0,79.31465911865234,5.532674312591553,3096.803506842989
12537.0,47.43686294555664,4.205837726593018,3097.000820844987
12538.0,24.081592559814453,3.1098084449768066,3097.1844193799916
12539.0,5.462917804718018,1.1735433340072632,3097.3595179179974
12540.0,21.32839012145996,3.007452964782715,3097.548640336987
12541.0,44.97100830078125,3.1253488063812256,3097.7208561169973
12542.0,5.614745616912842,1.1634652614593506,3097.8920409929997
12543.0,13.60853385925293,1.773419737815857,3098.122767512992
12544.0,13.758198738098145,2.184953451156616,3098.28247042399
12545.0,39.84685516357422,3.567228317260742,3098.4444389729906
12546.0,34.38084411621094,2.6704394817352295,3098.6182652499992
12547.0,32.95994567871094,3.26827335357666,3098.804419322987
12548.0,9.762643814086914,1.638234257698059,3098.96582414399
12549.0,49.96757507324219,3.660560369491577,3099.1588396369916
12550.0,62.68540573120117,3.893393039703369,3099.347622887988
12551.0,24.897865295410156,2.2970893383026123,3099.5387078679923
12552.0,37.771236419677734,2.9986345767974854,3099.7218984569918
12553.0,25.12456512451172,2.6295061111450195,3099.9173893049883
12554.0,9.19239330291748,1.6770386695861816,3100.091232343999
12555.0,21.188119888305664,2.273416757583618,3100.2603669819946
12556.0,15.611806869506836,1.8996272087097168,3100.447677109987
12557.0,6.246228218078613,1.1527615785598755,3100.6158334489883
12558.0,54.48285675048828,3.2304840087890625,3100.8092200669926
12559.0,10.803326606750488,1.4658273458480835,3101.0114138149947
12560.0,42.00807571411133,3.7188687324523926,3101.2170446439995
12561.0,7.705533504486084,1.4313316345214844,3101.4055948289897
12562.0,12.004222869873047,1.8596044778823853,3101.589078485995
12563.0,4.647012233734131,1.0833369493484497,3101.7565125260007
12564.0,18.309568405151367,3.2728216648101807,3101.988767703995
12565.0,38.359561920166016,4.149351119995117,3102.166732282989
12566.0,9.46723461151123,1.630683422088623,3102.3384013959876
12567.0,35.83420944213867,2.997852325439453,3102.5251611369895
12568.0,78.85420227050781,4.212667465209961,3102.7524449829943
12569.0,5.816843509674072,1.2091423273086548,3102.9474759269942
12570.0,37.617218017578125,3.2315618991851807,3103.1261113509972
12571.0,18.67551040649414,2.6037867069244385,3103.316645353989
12572.0,53.9526252746582,2.9092226028442383,3103.522285219995
12573.0,46.97494888305664,4.202785015106201,3103.7034287409915
12574.0,38.35841751098633,3.315157175064087,3103.9230068749894
12575.0,6.505901336669922,1.1134185791015625,3104.1112778069946
12576.0,18.89020347595215,2.5940611362457275,3104.315611657992
12577.0,16.249225616455078,2.0615756511688232,3104.482126791001
12578.0,7.157872200012207,1.3884458541870117,3104.6649572280003
12579.0,16.226511001586914,1.4646707773208618,3104.832858429989
12580.0,32.331783294677734,2.64412784576416,3105.0043479419983
12581.0,4.107367038726807,0.8912447094917297,3105.2051043659885
12582.0,4.980459690093994,1.3935445547103882,3105.3800989699957
12583.0,17.929561614990234,1.9352993965148926,3105.5444101149915
12584.0,83.19274139404297,6.400922775268555,3105.722686953988
12585.0,5.659226417541504,1.1883782148361206,3105.9225114859873
12586.0,16.009931564331055,2.005549907684326,3106.0989484859892
12587.0,8.561872482299805,1.7321525812149048,3106.281136364996
12588.0,6.776432514190674,1.473664402961731,3106.453990347989
12589.0,17.020286560058594,2.163118600845337,3106.6310418020003
12590.0,18.3034725189209,2.4979047775268555,3106.844080892988
12591.0,21.912639617919922,2.1551427841186523,3107.0641498479963
12592.0,26.08763313293457,2.7542731761932373,3107.2434829679987
12593.0,10.385868072509766,1.7459914684295654,3107.421071770994
12594.0,134.11752319335938,6.019966125488281,3107.6001920189883
12595.0,35.0465202331543,3.90643310546875,3107.791749488999
12596.0,93.96788787841797,5.379449844360352,3107.9616282009956
12597.0,33.42705535888672,2.6041605472564697,3108.1313163390005
12598.0,12.066774368286133,1.5743231773376465,3108.343995641
12599.0,51.89101028442383,3.104114055633545,3108.5274413089937
12600.0,181.7959442138672,7.118549823760986,3108.7291466799943
12601.0,5.6990861892700195,1.262783169746399,3113.7642060239887
12602.0,25.71187973022461,2.765676259994507,3113.935701492999
12603.0,42.89919662475586,2.734449625015259,3114.128666713994
12604.0,37.818912506103516,3.1735424995422363,3114.35164648699
12605.0,30.74291229248047,3.1825613975524902,3114.5630349809944
12606.0,16.377038955688477,1.9091229438781738,3114.7642853949947
12607.0,6.729050159454346,1.339154601097107,3114.9347582240007
12608.0,36.009403228759766,3.70331072807312,3115.1510363199923
12609.0,9.319439888000488,1.5115164518356323,3115.3524389359955
12610.0,13.64976978302002,2.2394211292266846,3115.639843224999
12611.0,12.03614330291748,1.9140397310256958,3116.0307475709997
12612.0,26.696353912353516,2.386028528213501,3116.5300412379875
12613.0,161.68515014648438,3.9040651321411133,3117.010586302
12614.0,21.337387084960938,2.504729986190796,3117.2116100339917
12615.0,5.6024651527404785,1.1721657514572144,3117.4477752609964
12616.0,32.20823669433594,3.3537302017211914,3117.8144848329976
12617.0,15.112048149108887,2.107999086380005,3118.1218708969973
12618.0,63.046600341796875,4.363651275634766,3118.4158301889984
12619.0,6.598327159881592,1.3507884740829468,3118.6389597919915
12620.0,4.747696876525879,1.0800113677978516,3118.8171734689968
12621.0,8.523624420166016,1.5212831497192383,3118.9824540059926
12622.0,43.93562316894531,3.5474934577941895,3119.136326560998
12623.0,26.93241310119629,3.282466411590576,3119.3681530589965
12624.0,20.517662048339844,2.2197067737579346,3119.5554426689923
12625.0,27.07366180419922,2.342256784439087,3119.726727949994
12626.0,13.060220718383789,1.7200109958648682,3119.8945893950004
12627.0,31.967784881591797,2.8756232261657715,3120.1706561879982
12628.0,6.871921062469482,1.2742798328399658,3120.407090997993
12629.0,19.050939559936523,2.302934408187866,3120.561283567993
12630.0,18.06232261657715,1.8322510719299316,3120.821659674999
12631.0,23.238563537597656,2.924105167388916,3120.9933253369963
12632.0,32.203712463378906,3.2743351459503174,3121.279728042995
12633.0,12.72331714630127,2.227689504623413,3121.587369599991
12634.0,23.215330123901367,2.591655731201172,3121.8478613729967
12635.0,35.59583282470703,2.493806838989258,3122.088375514999
12636.0,53.737037658691406,3.367471218109131,3122.2955316379957
12637.0,20.248979568481445,2.419830560684204,3122.541302529993
12638.0,145.14169311523438,5.2396626472473145,3122.846662261989
12639.0,35.26897430419922,2.9128262996673584,3123.013438094
12640.0,7.221593379974365,1.2505602836608887,3123.326464200989
12641.0,6.681809425354004,1.317555546760559,3123.5717528789974
12642.0,13.016888618469238,2.39084792137146,3123.8599207099905
12643.0,4.459931373596191,0.9736655354499817,3124.0397844629915
12644.0,46.42913055419922,4.563711166381836,3124.330808171988
12645.0,33.736351013183594,3.1426069736480713,3124.5688715369906
12646.0,24.594913482666016,3.0437815189361572,3124.7072134229966
12647.0,11.997956275939941,2.271368980407715,3125.1325759139872
12648.0,32.392372131347656,2.7269067764282227,3125.464050757
12649.0,7.112587928771973,1.4457615613937378,3125.679438346997
12650.0,23.3494873046875,2.078298330307007,3126.0434089399932
12651.0,64.7357406616211,4.5173797607421875,3126.2921037989872
12652.0,60.049476623535156,4.03560733795166,3126.57555175999
12653.0,101.14655303955078,5.183871746063232,3126.770996827996
12654.0,17.85211753845215,1.8796800374984741,3127.0747059179994
12655.0,39.880836486816406,3.481935739517212,3127.2815430499904
12656.0,8.23720645904541,1.6732031106948853,3127.444043078998
12657.0,357.0909118652344,11.352057456970215,3127.774741629997
12658.0,16.316303253173828,1.8003333806991577,3127.9763342439983
12659.0,42.13937759399414,2.352149724960327,3128.204130030994
12660.0,10.110153198242188,1.9217288494110107,3128.380097166999
12661.0,12.062748908996582,1.7066611051559448,3128.749038850001
12662.0,21.438621520996094,2.934605360031128,3128.9886469359917
12663.0,28.96531105041504,2.3522849082946777,3129.3037720809953
12664.0,90.77042388916016,5.526156902313232,3129.8709601689916
12665.0,26.300601959228516,2.566110372543335,3130.242249591989
12666.0,77.68318939208984,4.896236419677734,3130.437072842993
12667.0,31.06316566467285,3.179359197616577,3130.7868772719958
12668.0,351.91064453125,12.107575416564941,3131.188643907997
12669.0,3.959961175918579,1.1143532991409302,3131.4460042889987
12670.0,11.41450309753418,2.0092735290527344,3131.622213798997
12671.0,14.122093200683594,2.082648992538452,3131.858043281987
12672.0,5.21000862121582,1.1059190034866333,3132.034198287991
12673.0,20.45619010925293,2.5085251331329346,3132.2357835759904
12674.0,9.091805458068848,1.569482445716858,3132.442498340999
12675.0,51.4736442565918,4.7111382484436035,3132.726110549993
12676.0,7.255886077880859,1.5059019327163696,3132.966999953991
12677.0,18.414846420288086,1.943502426147461,3133.1824546360003
12678.0,88.38884735107422,4.787670612335205,3133.438083199988
12679.0,11.396202087402344,1.8622559309005737,3133.7521764899866
12680.0,221.244384765625,12.676045417785645,3134.006838132991
12681.0,44.26033401489258,3.788736581802368,3134.153139762988
12682.0,29.809717178344727,3.6218345165252686,3134.3159364539897
12683.0,27.468299865722656,2.7930870056152344,3134.494456578992
12684.0,25.20151138305664,2.9128193855285645,3134.7686334499886
12685.0,6.052521705627441,1.2969093322753906,3134.985594196987
12686.0,13.018580436706543,1.8000072240829468,3135.2793754140002
12687.0,6.3176774978637695,1.1633929014205933,3135.4622800869984
12688.0,38.33360290527344,4.406359672546387,3135.795239744999
12689.0,20.41473388671875,1.692306399345398,3135.966703936996
12690.0,17.82823944091797,2.3031225204467773,3136.267996740993
12691.0,9.440732955932617,1.6559131145477295,3136.422422685995
12692.0,43.45822525024414,4.084352970123291,3136.62801606
12693.0,17.54153823852539,1.8696541786193848,3136.8962933899893
12694.0,37.641605377197266,3.2947230339050293,3137.096113073989
12695.0,11.35111141204834,2.030582904815674,3137.2914864489867
12696.0,133.22723388671875,5.999706268310547,3137.4493295389984
12697.0,21.82516098022461,2.1861345767974854,3137.6585014469892
12698.0,12.586156845092773,1.890619158744812,3137.8890527159965
12699.0,8.419264793395996,1.5263721942901611,3138.1068202709866
12700.0,55.74984359741211,4.326684951782227,3138.2885791789886
12701.0,6.869388580322266,1.5327779054641724,3144.4273894299986
12702.0,18.417407989501953,2.5866897106170654,3144.6682661769883
12703.0,40.03680419921875,3.7011756896972656,3144.8941582879925
12704.0,26.496124267578125,2.6155877113342285,3145.0891746599955
12705.0,11.362853050231934,1.7832635641098022,3145.262501316989
12706.0,8.832864761352539,1.3179773092269897,3145.4489161859965
12707.0,4.93557071685791,1.35612154006958,3145.71238617599
12708.0,17.1518611907959,3.0216541290283203,3145.939814718993
12709.0,29.43227195739746,4.084823131561279,3146.125697860989
12710.0,5.047102451324463,1.0787792205810547,3146.3202548749978
12711.0,42.367191314697266,3.348268747329712,3146.512041953989
12712.0,13.53248119354248,1.953047513961792,3146.7291296959884
12713.0,9.841696739196777,1.7935386896133423,3146.9633718080004
12714.0,57.77946853637695,4.738253116607666,3147.1807515149994
12715.0,6.363605499267578,1.2696280479431152,3147.388005086992
12716.0,205.7028350830078,7.786052703857422,3147.571025689991
12717.0,11.201119422912598,1.4755452871322632,3147.750219460999
12718.0,40.649715423583984,3.34110689163208,3147.955584947995
12719.0,8.065017700195312,1.4108608961105347,3148.1434869689983
12720.0,23.383214950561523,2.2012977600097656,3148.3587155409914
12721.0,243.3079376220703,13.295262336730957,3148.530289210001
12722.0,52.44333267211914,3.5784318447113037,3148.7232527759916
12723.0,16.09619140625,2.013484239578247,3148.935681528994
12724.0,15.976493835449219,2.1123883724212646,3149.116420567996
12725.0,15.406002044677734,1.7498635053634644,3149.288109680987
12726.0,7.841475009918213,1.3166099786758423,3149.47409191099
12727.0,9.216182708740234,1.3633898496627808,3149.6561488399893
12728.0,87.87362670898438,4.637256145477295,3149.8822975609946
12729.0,101.79422760009766,4.974100589752197,3150.088865941987
12730.0,9.264928817749023,1.6877245903015137,3150.2729439979885
12731.0,148.06930541992188,5.71626091003418,3150.4277084969945
12732.0,16.02340316772461,2.06813383102417,3150.6190924389957
12733.0,123.60707092285156,4.6515421867370605,3150.800894731001
12734.0,17.64947509765625,2.595839023590088,3151.0090914739994
12735.0,32.92053985595703,2.3815059661865234,3151.2222605799907
12736.0,17.047073364257812,1.9406121969223022,3151.462558753992
12737.0,67.75222778320312,3.212925910949707,3151.63795208199
12738.0,32.5452880859375,2.7286479473114014,3151.8313633629878
12739.0,62.28035354614258,4.311065673828125,3152.041739764987
12740.0,14.527216911315918,1.9200793504714966,3152.2428085289866
12741.0,74.57725524902344,4.834442615509033,3152.4317058960005
12742.0,15.29792594909668,2.002619743347168,3152.6307955049997
12743.0,5.96053409576416,1.0448271036148071,3152.8661293039913
12744.0,7.731892108917236,1.6488875150680542,3153.0571222979925
12745.0,30.46028709411621,2.746527671813965,3153.2448107229866
12746.0,45.318424224853516,2.8692877292633057,3153.410996922001
12747.0,46.33242416381836,3.465423583984375,3153.5690218719974
12748.0,5.504904270172119,1.1680766344070435,3153.7497792079957
12749.0,20.159849166870117,2.2030065059661865,3153.902501088989
12750.0,74.27965545654297,4.538265228271484,3154.0806549089903
12751.0,15.561515808105469,2.297072649002075,3154.254160035998
12752.0,12.194741249084473,1.7790788412094116,3154.430452253
12753.0,66.4483642578125,4.187623023986816,3154.6417345619993
12754.0,30.354293823242188,3.4094061851501465,3154.8271549359924
12755.0,7.380807399749756,1.3669087886810303,3155.0001014989975
12756.0,8.215012550354004,1.5641037225723267,3155.196861559991
12757.0,44.91042709350586,3.5110180377960205,3155.430834822997
12758.0,94.36505126953125,5.112273216247559,3155.724120845989
12759.0,18.64636993408203,2.227759838104248,3157.390849734991
12760.0,12.572929382324219,1.6117209196090698,3158.765538638996
12761.0,48.196224212646484,2.6274194717407227,3158.945373947994
12762.0,154.85621643066406,7.135205268859863,3159.1587813919905
12763.0,21.162229537963867,2.874356985092163,3159.3535280840006
12764.0,35.69235610961914,3.281458854675293,3159.5485395699943
12765.0,6.013897895812988,1.4112377166748047,3159.736442426991
12766.0,136.11474609375,6.310158729553223,3159.935354550995
12767.0,13.146814346313477,1.7341437339782715,3160.1295020779944
12768.0,5.097350120544434,1.1316167116165161,3160.3039313709887
12769.0,29.20840072631836,2.687006711959839,3160.482233502
12770.0,20.728715896606445,3.2293131351470947,3160.678397754993
12771.0,6.771378517150879,1.441463828086853,3160.874936149994
12772.0,20.368389129638672,1.82969331741333,3161.0871177099907
12773.0,18.6745548248291,1.9583913087844849,3161.2442398799903
12774.0,30.96189308166504,2.5374016761779785,3161.4622259359894
12775.0,9.818114280700684,1.7482917308807373,3161.6350534359954
12776.0,12.436123847961426,1.9058884382247925,3161.834137504993
12777.0,21.72512435913086,2.308654308319092,3162.042153118993
12778.0,7.941535472869873,1.2598812580108643,3162.2531453949923
12779.0,18.328929901123047,2.227248191833496,3162.489349143987
12780.0,30.130971908569336,2.5402681827545166,3162.68053143
12781.0,6.933917999267578,1.2263152599334717,3162.858472797001
12782.0,7.100127220153809,1.1833295822143555,3163.0466259979876
12783.0,15.236937522888184,1.8347835540771484,3163.2389275659953
12784.0,38.01028060913086,2.9542887210845947,3163.4914837899996
12785.0,14.21808910369873,1.6924368143081665,3163.6579140709946
12786.0,19.961294174194336,2.0350348949432373,3163.854345722997
12787.0,57.35836410522461,4.535312175750732,3164.1275753529917
12788.0,4.097945690155029,1.1363767385482788,3164.35145439599
12789.0,67.94509887695312,4.2603068351745605,3164.534045399996
12790.0,23.459470748901367,2.698220729827881,3164.7393664239935
12791.0,5.848105430603027,1.3258211612701416,3164.949112530987
12792.0,24.610931396484375,2.3736321926116943,3165.1871577799902
12793.0,50.09785461425781,3.83339524269104,3165.366776575989
12794.0,3.6812658309936523,1.0424984693527222,3165.592525531989
12795.0,12.67291259765625,1.917110800743103,3165.772736696992
12796.0,2.9888415336608887,0.8697493076324463,3165.97563570099
12797.0,8.18621826171875,1.7504693269729614,3166.159638033001
12798.0,6.371140956878662,1.0563273429870605,3166.4759124249977
12799.0,27.179162979125977,2.804044723510742,3166.66910711299
12800.0,6.311550140380859,1.396000623703003,3166.846581516991
12801.0,68.0369644165039,4.225022315979004,3174.583140431001
12802.0,6.152930736541748,1.3620877265930176,3174.8605574469984
12803.0,19.316267013549805,2.4411678314208984,3175.0491722109873
12804.0,13.498444557189941,2.023078680038452,3175.275174874987
12805.0,20.437772750854492,2.6511898040771484,3175.5089652649913
12806.0,5.972312927246094,1.3652980327606201,3175.6782484849973
12807.0,11.05554485321045,1.733201503753662,3176.0138127039972
12808.0,33.697731018066406,2.989670991897583,3176.199847316995
12809.0,7.232574462890625,1.6859781742095947,3176.3626247609936
12810.0,11.137044906616211,1.7077561616897583,3176.534577188999
12811.0,15.093681335449219,2.9989349842071533,3176.7576555319974
12812.0,18.323650360107422,2.490713119506836,3176.959509346998
12813.0,71.8970718383789,4.6095123291015625,3177.126330661995
12814.0,295.1141357421875,9.487540245056152,3177.357656565
12815.0,11.004167556762695,1.8264589309692383,3177.611585171995
12816.0,52.25117111206055,4.838527202606201,3177.8605572829983
12817.0,53.58704376220703,2.689784049987793,3178.044930866992
12818.0,7.5101542472839355,1.3508192300796509,3178.2602016929886
12819.0,251.1868438720703,7.55928897857666,3178.493325907999
12820.0,9.451590538024902,1.5395574569702148,3178.7400330229866
12821.0,15.223033905029297,2.461951732635498,3178.923568096987
12822.0,14.531286239624023,2.295743942260742,3179.189403554992
12823.0,9.122359275817871,1.5166151523590088,3179.4720181469893
12824.0,5.371762752532959,1.1687343120574951,3179.755016679992
12825.0,37.72888946533203,3.0538241863250732,3179.9209641769994
12826.0,6.994938373565674,1.18276047706604,3180.150554811
12827.0,12.955304145812988,1.920120120048523,3180.3050131619966
12828.0,13.637287139892578,1.7602379322052002,3180.4841024759953
12829.0,17.47060203552246,2.5697617530822754,3180.6731524450006
12830.0,4.389840126037598,0.9183533191680908,3180.843113447001
12831.0,44.9223518371582,3.511383533477783,3181.06050789899
12832.0,30.043886184692383,2.609062910079956,3181.2413193440007
12833.0,5.461490154266357,1.1454412937164307,3181.494620860991
12834.0,6.1163177490234375,1.5981885194778442,3181.82176819499
12835.0,9.240313529968262,1.5764026641845703,3181.9744206909963
12836.0,5.192146301269531,1.3304131031036377,3182.1990273569972
12837.0,9.505866050720215,1.713232398033142,3182.4559364609886
12838.0,24.756511688232422,3.349247694015503,3182.622539548989
12839.0,6.740520000457764,1.210727572441101,3182.924038058991
12840.0,294.177490234375,14.688775062561035,3183.1160958199907
12841.0,10.683001518249512,1.8736326694488525,3183.3257216130005
12842.0,248.35809326171875,6.3377814292907715,3183.547672345987
12843.0,4.279789447784424,1.1528313159942627,3183.736295871
12844.0,37.830711364746094,3.2330222129821777,3183.9638316759956
12845.0,251.36947631835938,13.643498420715332,3184.1284807249904
12846.0,5.551610946655273,1.2972561120986938,3184.367504405993
12847.0,21.071508407592773,3.1351187229156494,3184.5586681709974
12848.0,24.349193572998047,2.712475299835205,3184.7729528989876
12849.0,56.39832305908203,4.302885055541992,3184.948095874992
12850.0,60.085113525390625,3.3177003860473633,3185.1639515299903
12851.0,8.884897232055664,2.000554084777832,3185.3479443489923
12852.0,28.22847557067871,4.126569747924805,3185.51105215399
12853.0,21.313770294189453,2.1983776092529297,3185.698346758989
12854.0,6.954794883728027,1.3335963487625122,3185.88948781199
12855.0,4.906688213348389,1.1669520139694214,3186.1064845869987
12856.0,27.046781539916992,2.394981622695923,3186.3253117759887
12857.0,4.295835971832275,1.0083307027816772,3186.5205063969915
12858.0,32.638153076171875,2.815927743911743,3186.7400652049982
12859.0,24.664352416992188,2.3965065479278564,3186.925781175989
12860.0,7.571572303771973,1.2735276222229004,3187.1479950599896
12861.0,46.01301574707031,3.3726062774658203,3187.3399996259977
12862.0,31.507526397705078,2.426875114440918,3187.5254313329933
12863.0,17.455881118774414,1.8560967445373535,3187.7105353939987
12864.0,10.360301971435547,1.7352495193481445,3187.8873338529957
12865.0,12.09823989868164,1.696711540222168,3188.1261818519997
12866.0,17.568408966064453,1.6570696830749512,3188.303594662997
12867.0,23.28450584411621,2.231915235519409,3188.5751980409987
12868.0,11.9400053024292,1.8180204629898071,3188.757479708991
12869.0,42.83871841430664,3.7748773097991943,3189.006065181995
12870.0,20.753456115722656,2.6128756999969482,3189.217009012995
12871.0,28.669889450073242,2.6547741889953613,3189.4194337149966
12872.0,35.66106033325195,3.103912353515625,3189.6109348269965
12873.0,49.64933776855469,3.5302717685699463,3189.777499808988
12874.0,24.554039001464844,2.418625831604004,3189.973524504996
12875.0,4.685479164123535,1.110818862915039,3190.166643940989
12876.0,40.07185363769531,2.746645212173462,3190.3984909589926
12877.0,8.414681434631348,1.2901983261108398,3190.628147269992
12878.0,29.443103790283203,2.519343137741089,3190.844812529991
12879.0,13.18184757232666,1.7812345027923584,3191.028706311001
12880.0,35.72895431518555,3.009014129638672,3191.252790667
12881.0,6.250166416168213,1.3093985319137573,3191.4818351489957
12882.0,49.45805358886719,3.4612081050872803,3191.6436350389995
12883.0,16.857450485229492,2.088900089263916,3191.8313902029913
12884.0,19.149232864379883,1.977067470550537,3191.989057393992
12885.0,38.73709487915039,3.618668556213379,3192.192936730993
12886.0,45.23060607910156,3.241539239883423,3192.3857322269905
12887.0,24.802682876586914,3.015868663787842,3192.599575335
12888.0,55.42897415161133,3.4554460048675537,3192.7936495729955
12889.0,21.589595794677734,1.749116063117981,3192.9710124539997
12890.0,169.69569396972656,6.137940406799316,3193.1974075049948
12891.0,13.498068809509277,2.309384822845459,3193.401121414994
12892.0,13.17156982421875,2.264885663986206,3193.5778765699943
12893.0,63.417686462402344,3.57816481590271,3193.747609211001
12894.0,14.963804244995117,1.865113615989685,3193.916588469001
12895.0,8.747248649597168,1.6894725561141968,3194.10714131
12896.0,30.53533363342285,2.567654609680176,3194.2818337189965
12897.0,5.271472454071045,1.1843944787979126,3194.4900746929925
12898.0,32.699302673339844,3.1697299480438232,3194.6961700169923
12899.0,7.250473976135254,1.1164765357971191,3194.881005225994
12900.0,91.85921478271484,6.734447002410889,3195.1068572229997
12901.0,30.846208572387695,2.7291512489318848,3201.1736329129926
12902.0,47.04435348510742,2.979133129119873,3201.3740758130007
12903.0,20.793895721435547,2.0851809978485107,3201.6074071559997
12904.0,6.026714324951172,1.263184666633606,3201.837139092997
12905.0,4.229283332824707,1.0511735677719116,3202.0133617769898
12906.0,177.802978515625,6.917251110076904,3202.218494971996
12907.0,52.957271575927734,4.230141639709473,3202.441867374
12908.0,9.556052207946777,1.6749377250671387,3202.636409895
12909.0,33.86225509643555,3.1561439037323,3202.8235725970007
12910.0,113.55747985839844,5.942483425140381,3203.036145057995
12911.0,16.1799373626709,1.426056981086731,3203.2370387429983
12912.0,112.95618438720703,4.096270561218262,3203.4191233159945
12913.0,9.532620429992676,1.7040464878082275,3203.607082994
12914.0,28.441164016723633,2.7398502826690674,3203.8100328309956
12915.0,10.829558372497559,1.7196561098098755,3204.0566928799963
12916.0,37.464786529541016,3.6307694911956787,3204.2439220239903
12917.0,25.080734252929688,2.9151611328125,3204.43390915099
12918.0,6.904306411743164,1.3399919271469116,3204.5854500669957
12919.0,27.030427932739258,2.3586432933807373,3204.7929430899967
12920.0,24.035276412963867,1.9423644542694092,3204.9733061409934
12921.0,5.6642961502075195,1.1386287212371826,3205.1651124319906
12922.0,345.3857116699219,11.776416778564453,3205.331681370997
12923.0,43.32693862915039,3.3658015727996826,3205.539876622992
12924.0,8.814538955688477,1.6645545959472656,3205.7497114409925
12925.0,76.33200073242188,4.164548397064209,3205.9485143689963
12926.0,13.173171997070312,2.5521862506866455,3206.146844389994
12927.0,4.686555862426758,1.2484372854232788,3206.393485326
12928.0,211.01705932617188,11.747937202453613,3206.626715800987
12929.0,19.7338809967041,2.2184951305389404,3206.8479431129963
12930.0,31.741098403930664,2.61466383934021,3207.0126586449915
12931.0,8.32257080078125,1.6487345695495605,3207.226413714001
12932.0,10.122333526611328,1.8646037578582764,3207.4685024609935
12933.0,39.81792449951172,3.329533576965332,3207.690376434999
12934.0,41.629329681396484,3.6269161701202393,3207.8849224179867
12935.0,46.88083267211914,3.760531187057495,3208.131197498995
12936.0,21.464677810668945,2.7394628524780273,3208.470406802997
12937.0,6.0089521408081055,1.3668348789215088,3208.7171671319957
12938.0,7.066476821899414,1.5112265348434448,3208.9334831659944
12939.0,23.402332305908203,1.827036738395691,3209.149410539001
12940.0,6.184597492218018,1.1773974895477295,3209.3390886549896
12941.0,7.376557350158691,1.5188820362091064,3209.581688915001
12942.0,95.60823059082031,5.576362609863281,3209.8120337180007
12943.0,28.914531707763672,3.2492868900299072,3210.0189136379922
12944.0,34.216651916503906,3.0131750106811523,3210.2116977989936
12945.0,16.691120147705078,2.0266029834747314,3210.401719843998
12946.0,5.8573079109191895,1.2338690757751465,3210.6021616009966
12947.0,4.175451755523682,1.1740573644638062,3210.8064621989906
12948.0,31.81622886657715,3.337878704071045,3210.9805347889924
12949.0,19.405683517456055,2.3220293521881104,3211.178746632999
12950.0,5.434196472167969,1.1823381185531616,3211.4207119309867
12951.0,33.74845504760742,2.9690327644348145,3211.591864792994
12952.0,40.20600509643555,3.147202730178833,3211.7705179769982
12953.0,8.395732879638672,1.2532076835632324,3212.0589691289933
12954.0,11.285209655761719,1.406625509262085,3212.274045598999
12955.0,4.621598720550537,0.9185360670089722,3212.4666530939867
12956.0,36.61865234375,3.517003297805786,3212.652475089999
12957.0,144.92752075195312,6.788705825805664,3212.8288332419907
12958.0,12.21655559539795,1.8664551973342896,3213.0100945999875
12959.0,44.01401901245117,3.467921018600464,3213.192889711994
12960.0,50.35551834106445,2.6063482761383057,3213.404710124989
12961.0,86.03722381591797,5.813478946685791,3213.693667178988
12962.0,201.58726501464844,8.269643783569336,3213.9024758359883
12963.0,41.104610443115234,2.7408652305603027,3214.099318083987
12964.0,22.916723251342773,2.2833011150360107,3214.2792382189946
12965.0,15.19357681274414,2.302391529083252,3214.4564195509884
12966.0,21.724502563476562,2.6491856575012207,3214.630360992989
12967.0,25.629640579223633,2.548947811126709,3214.799715601999
12968.0,17.850502014160156,2.40067195892334,3215.0334398749983
12969.0,6.765698432922363,1.25215482711792,3215.202953139
12970.0,9.263094902038574,1.6238796710968018,3215.4987112099916
12971.0,12.702568054199219,1.9586275815963745,3215.728807208987
12972.0,4.6441473960876465,1.2049095630645752,3215.921142258987
12973.0,24.503684997558594,2.8913774490356445,3216.117127829988
12974.0,12.207982063293457,1.5933103561401367,3216.2896597849904
12975.0,7.458920478820801,1.423682451248169,3216.5321430719923
12976.0,97.70221710205078,5.196638107299805,3216.707433849995
12977.0,18.747404098510742,3.155971050262451,3216.9196144799935
12978.0,6.390362739562988,1.4256086349487305,3217.1660832029884
12979.0,23.28553009033203,2.6721084117889404,3217.335509225988
12980.0,15.747458457946777,2.3994946479797363,3217.612815390996
12981.0,35.774898529052734,4.239147186279297,3217.764068976001
12982.0,27.125696182250977,2.299154043197632,3217.9753848669934
12983.0,8.162078857421875,1.9029605388641357,3218.2156361089874
12984.0,24.1873779296875,3.0097665786743164,3218.400939065992
12985.0,75.43610382080078,5.047458648681641,3218.631050993994
12986.0,16.306434631347656,1.9463130235671997,3218.857139062995
12987.0,12.044337272644043,1.8452341556549072,3219.0596660479932
12988.0,39.75491714477539,2.8318870067596436,3219.234874196991
12989.0,3.8514254093170166,0.9645906686782837,3219.4372812129877
12990.0,131.6266632080078,6.258882999420166,3219.6097934189893
12991.0,125.25251770019531,6.374833583831787,3219.8598977509973
12992.0,58.06546401977539,2.8304786682128906,3220.011637245989
12993.0,10.533928871154785,1.5051144361495972,3220.209496312993
12994.0,6.11634635925293,1.2847932577133179,3220.419896236999
12995.0,10.374127388000488,1.6528232097625732,3220.6268808489986
12996.0,34.15614700317383,2.903290033340454,3220.8617678679875
12997.0,4.082352161407471,1.196143388748169,3221.085454070999
12998.0,37.98911666870117,3.2429487705230713,3221.2268614149943
12999.0,28.546340942382812,2.042365074157715,3221.4092229399976
13000.0,7.779073715209961,1.4091277122497559,3221.5601721429994
13001.0,65.02620697021484,4.541745662689209,3230.131656477999
13002.0,34.005523681640625,3.2803142070770264,3230.3107295139926
13003.0,6.527096271514893,1.5032061338424683,3230.5126290379994
13004.0,35.451934814453125,2.7099695205688477,3230.6949240839895
13005.0,18.645959854125977,3.1763505935668945,3230.902705760993
13006.0,2.2430906295776367,0.7567221522331238,3231.071724317997
13007.0,33.04397201538086,2.868110418319702,3231.279864527998
13008.0,7.04618501663208,1.3904194831848145,3231.5634764069982
13009.0,31.98441505432129,3.2531514167785645,3231.751689383993
13010.0,10.580984115600586,1.831357717514038,3231.922141334988
13011.0,8.150799751281738,1.7554007768630981,3232.110953996991
13012.0,9.894586563110352,1.3506240844726562,3232.3213974809914
13013.0,19.01230239868164,2.421915054321289,3232.5199002549925
13014.0,55.089176177978516,3.899319648742676,3232.6831467049924
13015.0,8.546672821044922,1.6748485565185547,3232.8711639599933
13016.0,16.026933670043945,2.295234203338623,3233.024895192997
13017.0,91.01301574707031,5.900731563568115,3233.207027867
13018.0,7.455079078674316,1.549084186553955,3233.379754769994
13019.0,90.89926147460938,4.352810859680176,3233.561644837988
13020.0,14.093949317932129,1.4426109790802002,3233.7806564209895
13021.0,272.51715087890625,13.780879974365234,3233.953771921995
13022.0,229.78482055664062,7.148175239562988,3234.125134509988
13023.0,11.112287521362305,1.7560608386993408,3234.3337332619994
13024.0,35.4206428527832,2.9401016235351562,3234.5191720289877
13025.0,38.94485092163086,2.4488422870635986,3234.719882364996
13026.0,10.788471221923828,1.7144783735275269,3234.911790526996
13027.0,36.63105010986328,4.3125715255737305,3235.139630872989
13028.0,31.00644302368164,2.6581616401672363,3235.3442186159955
13029.0,12.663385391235352,1.44386887550354,3235.5311704880005
13030.0,27.46563720703125,2.470672130584717,3235.7318663279875
13031.0,57.63368225097656,4.017542362213135,3235.9284267499897
13032.0,88.21456909179688,4.496828556060791,3236.1928261249996
13033.0,4.044895172119141,1.06753408908844,3236.393935166998
13034.0,47.612586975097656,3.7147278785705566,3236.6420422139927
13035.0,17.05828285217285,2.1723649501800537,3236.829048717991
13036.0,17.512325286865234,2.07698392868042,3236.9855167729984
13037.0,117.55174255371094,4.462813377380371,3237.2012404999987
13038.0,7.1378984451293945,1.3546983003616333,3237.376720152999
13039.0,22.58382225036621,2.447272777557373,3237.56633704
13040.0,44.3709831237793,3.714519500732422,3237.720540192997
13041.0,10.347932815551758,1.466322422027588,3237.8963929739984
13042.0,90.47293853759766,3.2902474403381348,3238.10845498
13043.0,9.690088272094727,1.7960973978042603,3238.297001185987
13044.0,16.146013259887695,1.559517502784729,3238.4780492309947
13045.0,18.230125427246094,2.1368775367736816,3238.667182029996
13046.0,22.880218505859375,2.8543918132781982,3238.897911232998
13047.0,5.745859622955322,1.179553508758545,3239.0745737749967
13048.0,24.3481388092041,2.9922220706939697,3239.245656649
13049.0,151.6715545654297,5.217471599578857,3239.4540501640004
13050.0,30.102998733520508,3.025237560272217,3239.6946457039885
13051.0,7.380125045776367,1.4402356147766113,3239.9004912039964
13052.0,7.901721954345703,1.3318430185317993,3240.0912169639923
13053.0,20.713516235351562,2.1651532649993896,3240.277201910998
13054.0,22.958669662475586,2.374907970428467,3240.4637387029943
13055.0,19.401962280273438,2.5619711875915527,3240.6366097099963
13056.0,9.982333183288574,1.634545922279358,3240.856880466992
13057.0,8.922557830810547,1.597956895828247,3241.052538074
13058.0,7.499046802520752,1.4027408361434937,3241.2372473619907
13059.0,27.884706497192383,3.1211752891540527,3241.391971823992
13060.0,37.013885498046875,4.230368137359619,3241.602770802987
13061.0,24.52000617980957,2.2209134101867676,3241.768292624998
13062.0,5.043484687805176,1.1835898160934448,3241.9658125409915
13063.0,49.76427459716797,3.5892183780670166,3242.1562435459928
13064.0,43.54014587402344,4.62319803237915,3242.423410022995
13065.0,18.524921417236328,2.1975762844085693,3242.649283529987
13066.0,6.5851874351501465,1.2648013830184937,3242.8562282459898
13067.0,35.26640701293945,2.2741146087646484,3243.0850574099895
13068.0,22.209487915039062,2.8171613216400146,3243.2504645399895
13069.0,35.64609909057617,2.6652896404266357,3243.4359158089937
13070.0,20.218881607055664,2.463378429412842,3243.618609416997
13071.0,11.703021049499512,2.451071262359619,3243.855227824999
13072.0,34.68674850463867,2.9201066493988037,3244.075368381993
13073.0,21.696990966796875,2.6609742641448975,3244.2531467239896
13074.0,7.319896221160889,1.2802150249481201,3244.4615263659944
13075.0,24.918607711791992,2.441406488418579,3244.6492406239995
13076.0,142.47677612304688,6.732754230499268,3244.8235630149866
13077.0,108.0623550415039,5.358269214630127,3245.013073514987
13078.0,10.825240135192871,1.9685230255126953,3245.2109052329906
13079.0,10.261606216430664,1.9511206150054932,3245.376021941993
13080.0,30.26490592956543,2.374800443649292,3245.5620398549945
13081.0,40.674346923828125,2.893644094467163,3245.7422577539983
13082.0,4.130587577819824,1.2067511081695557,3246.0257093819964
13083.0,17.54534339904785,2.292422294616699,3246.3381879709923
13084.0,28.877573013305664,2.12829852104187,3246.551475950997
13085.0,86.51348114013672,7.2473530769348145,3246.752046098991
13086.0,36.78510665893555,3.8498435020446777,3246.912630723993
13087.0,17.230724334716797,2.046703815460205,3247.0980017429974
13088.0,40.52119445800781,2.9948136806488037,3247.3129407879896
13089.0,24.16728401184082,2.763561248779297,3247.5005471879995
13090.0,95.57659912109375,4.040350437164307,3247.7124318009883
13091.0,17.36233901977539,2.004859685897827,3247.9196857039933
13092.0,6.6997599601745605,1.113944172859192,3248.092102894996
13093.0,32.312198638916016,3.4521796703338623,3248.2972842509917
13094.0,69.40819549560547,4.302702903747559,3248.5128581030003
13095.0,106.25303649902344,5.502913951873779,3248.683111196995
13096.0,27.98018455505371,2.5683839321136475,3248.850694227993
13097.0,9.531976699829102,1.5675708055496216,3249.119182162991
13098.0,129.0352325439453,4.404993534088135,3249.3212730109954
13099.0,80.67129516601562,4.148179531097412,3249.6406762059923
13100.0,20.807987213134766,2.2178473472595215,3249.836215873991
13101.0,57.43601608276367,5.163011074066162,3256.5765924559964
13102.0,4.688036918640137,1.0655694007873535,3256.829971286992
13103.0,67.41650390625,3.9713661670684814,3257.072296728991
13104.0,216.01950073242188,12.736047744750977,3257.3743166019995
13105.0,5.851991176605225,1.135012149810791,3257.603162871994
13106.0,12.403007507324219,2.0616190433502197,3257.7970859459892
13107.0,98.24374389648438,5.395069122314453,3258.0105007839884
13108.0,8.986471176147461,1.6034319400787354,3258.279155160999
13109.0,6.914481163024902,1.2682138681411743,3258.4881642719993
13110.0,6.517173767089844,1.0994904041290283,3258.7025650519936
13111.0,4.007500171661377,1.0626044273376465,3258.933481093991
13112.0,12.65346908569336,1.915347695350647,3259.144194027991
13113.0,10.259990692138672,1.5184556245803833,3259.3073162069923
13114.0,17.917198181152344,2.203094959259033,3259.730157678001
13115.0,26.232614517211914,2.578653335571289,3260.093018843996
13116.0,6.9615559577941895,1.3333227634429932,3260.2782896789868
13117.0,89.1856918334961,4.697538375854492,3260.4607680560002
13118.0,7.400543689727783,1.539573073387146,3260.647972445993
13119.0,48.87958908081055,3.3407299518585205,3260.8380224719876
13120.0,5.8612470626831055,1.3133500814437866,3261.1802989159914
13121.0,14.343494415283203,1.7430633306503296,3261.517897685
13122.0,59.09695053100586,4.240199089050293,3261.755244196989
13123.0,6.378313064575195,1.2998771667480469,3262.0733459159965
13124.0,26.522655487060547,2.4395885467529297,3262.3338680119923
13125.0,19.646554946899414,2.4210803508758545,3262.4984513129893
13126.0,24.263208389282227,2.8005666732788086,3262.7432824879943
13127.0,11.692008018493652,1.5708810091018677,3262.9510400729923
13128.0,59.50587844848633,3.2304134368896484,3263.12749662
13129.0,244.59225463867188,13.43818473815918,3263.3186479389988
13130.0,21.84612464904785,3.3717763423919678,3263.4871221309877
13131.0,27.087263107299805,2.683448076248169,3263.814949091
13132.0,16.2310791015625,2.0303714275360107,3264.082153901996
13133.0,15.313642501831055,2.3539681434631348,3264.270386278993
13134.0,101.42842102050781,4.777665138244629,3264.4946345009957
13135.0,19.858661651611328,2.20267915725708,3264.721812830001
13136.0,137.65623474121094,6.828697204589844,3264.9664747679926
13137.0,44.591556549072266,2.4042775630950928,3265.180829025994
13138.0,3.533033847808838,1.0106351375579834,3265.357680061992
13139.0,43.183753967285156,3.573364496231079,3265.5810519980005
13140.0,6.462345123291016,1.4296833276748657,3265.740186064999
13141.0,7.3917436599731445,1.4259113073349,3265.971141142989
13142.0,82.81979370117188,4.880086898803711,3266.196061329989
13143.0,6.406304836273193,1.2251445055007935,3266.370995327001
13144.0,67.93592071533203,3.6941046714782715,3266.6457796299946
13145.0,17.661075592041016,2.2285728454589844,3266.838213906987
13146.0,96.56802368164062,4.254758358001709,3267.0124267859937
13147.0,7.666405200958252,1.4685916900634766,3267.2331232799916
13148.0,24.4862060546875,2.287024974822998,3267.441841126987
13149.0,5.165643215179443,1.0732841491699219,3267.6040212579974
13150.0,10.02565860748291,2.2416207790374756,3267.8192588609963
13151.0,6.211588382720947,1.3607535362243652,3268.0061454940005
13152.0,14.033801078796387,2.252410411834717,3268.1753205849964
13153.0,20.28145408630371,2.5907082557678223,3268.3595558099914
13154.0,28.604328155517578,3.299126386642456,3268.5354124119913
13155.0,19.06073570251465,3.2029573917388916,3268.744246724993
13156.0,3.5365116596221924,0.993278980255127,3268.9127465899946
13157.0,6.570668697357178,1.373711109161377,3269.190130004994
13158.0,24.963008880615234,2.2280311584472656,3269.3874088439916
13159.0,11.87431812286377,1.871639609336853,3269.5607721269917
13160.0,17.529020309448242,1.5708026885986328,3269.774115715991
13161.0,28.799522399902344,3.180619239807129,3269.9703382939915
13162.0,7.982134819030762,1.258324384689331,3270.134822647
13163.0,6.272171974182129,1.2262837886810303,3270.3392529720004
13164.0,4.9033002853393555,0.9951144456863403,3270.540972390998
13165.0,12.535209655761719,2.112830638885498,3270.7443169859907
13166.0,13.963973999023438,1.7725164890289307,3270.9438984109875
13167.0,16.785757064819336,2.260226011276245,3271.1219260549988
13168.0,35.32931900024414,3.108762502670288,3271.3196393299877
13169.0,15.914661407470703,2.350963830947876,3271.5319548879925
13170.0,42.58993148803711,3.2987916469573975,3271.759575644988
13171.0,8.855188369750977,1.7355639934539795,3271.9293450839905
13172.0,14.964993476867676,2.3428874015808105,3272.134156991
13173.0,14.258943557739258,1.8992787599563599,3272.295444470001
13174.0,24.060514450073242,2.2894110679626465,3272.484529371999
13175.0,46.64521789550781,3.3631627559661865,3272.714807061988
13176.0,3.883695125579834,1.0032118558883667,3272.887174753996
13177.0,18.963090896606445,2.0415446758270264,3273.101291826999
13178.0,32.57828140258789,2.7795073986053467,3273.2948689679906
13179.0,28.3433780670166,2.3129868507385254,3273.469517155987
13180.0,56.702701568603516,3.702086925506592,3273.7047266289883
13181.0,25.021087646484375,2.382106304168701,3273.8819446069974
13182.0,5.970657825469971,1.1884814500808716,3274.073060320996
13183.0,14.94854736328125,1.3301132917404175,3274.2653490129887
13184.0,20.96027946472168,2.6473217010498047,3274.4455948059913
13185.0,9.263680458068848,1.6390198469161987,3274.627756062997
13186.0,35.71110153198242,2.4007620811462402,3274.8312940619944
13187.0,23.27512550354004,2.8765692710876465,3275.025732819995
13188.0,22.07053565979004,2.100489854812622,3275.1997015819943
13189.0,15.596195220947266,2.22655987739563,3275.3805705319974
13190.0,333.2114562988281,11.230778694152832,3275.5777455529897
13191.0,8.504973411560059,1.5804399251937866,3275.7613278909994
13192.0,18.088651657104492,1.4856983423233032,3275.9338400979905
13193.0,197.19329833984375,6.698483467102051,3276.1072643539956
13194.0,6.642632484436035,1.2980741262435913,3276.2866133719945
13195.0,37.938995361328125,3.348870277404785,3276.4563666009926
13196.0,34.085693359375,3.656285285949707,3276.6416656189976
13197.0,26.395750045776367,2.3322250843048096,3276.8050758169993
13198.0,11.510512351989746,1.8563275337219238,3276.996169563994
13199.0,63.760887145996094,4.17421817779541,3277.167189778993
13200.0,11.475138664245605,2.1363437175750732,3277.35270394299
13201.0,23.018749237060547,2.328674793243408,3284.775693449992
13202.0,89.28797912597656,5.2987236976623535,3286.6375839129905
13203.0,22.551025390625,2.4142978191375732,3287.380807552996
13204.0,312.05633544921875,11.159746170043945,3287.8707729029993
13205.0,53.130332946777344,4.321958541870117,3288.6147602299898
13206.0,28.19654655456543,2.5161709785461426,3288.906531072993
13207.0,5.79583215713501,1.473895788192749,3289.1914756469923
13208.0,6.204014778137207,1.6398862600326538,3289.412271693989
13209.0,44.96043014526367,3.5024778842926025,3289.5918255949946
13210.0,7.590944290161133,1.1339973211288452,3289.7855087149946
13211.0,46.00314712524414,3.0576772689819336,3290.1657839149993
13212.0,9.078177452087402,1.5177065134048462,3290.3518257019896
13213.0,17.580472946166992,1.7910149097442627,3290.565800004988
13214.0,30.438955307006836,3.3591833114624023,3290.790342788998
13215.0,71.90331268310547,4.627191066741943,3291.0596450599987
13216.0,176.211181640625,7.25939416885376,3291.2828799839917
13217.0,8.644341468811035,1.6075092554092407,3291.5329184579896
13218.0,25.281339645385742,2.2196757793426514,3291.89116782599
13219.0,9.119985580444336,1.7866346836090088,3292.2712742079893
13220.0,15.91226863861084,1.9245716333389282,3292.5821758429956
13221.0,6.271291255950928,1.3766614198684692,3292.9436171749985
13222.0,285.18505859375,10.14990520477295,3293.2876765779947
13223.0,44.39818572998047,3.78831148147583,3293.45171313599
13224.0,30.816503524780273,3.2033958435058594,3293.6362800869974
13225.0,12.761250495910645,2.2236328125,3293.862302740992
13226.0,8.098199844360352,1.4252063035964966,3294.1566757789988
13227.0,26.43915367126465,2.589939594268799,3294.4267901679996
13228.0,21.520751953125,2.9783060550689697,3294.6975627369975
13229.0,28.033973693847656,2.6317477226257324,3294.9499964279967
13230.0,17.25424575805664,2.1965649127960205,3295.158537598996
13231.0,13.695576667785645,1.9606367349624634,3295.418059915988
13232.0,44.60079574584961,3.3352489471435547,3295.747687621988
13233.0,36.14578628540039,3.54240345954895,3296.072326245994
13234.0,68.2854995727539,3.2848219871520996,3296.4938657829916
13235.0,213.69129943847656,12.42330265045166,3296.6705312029953
13236.0,16.05817413330078,2.0128414630889893,3296.9721584329964
13237.0,36.896240234375,2.6954383850097656,3297.5142299349973
13238.0,4.649023056030273,1.071325659751892,3297.7596330539964
13239.0,5.177629470825195,1.0725047588348389,3298.2235303859925
13240.0,30.6397705078125,2.5311784744262695,3298.689592345996
13241.0,10.80435848236084,2.0919251441955566,3298.968408895991
13242.0,8.23816967010498,1.4721156358718872,3299.313602270995
13243.0,12.34598159790039,1.6321957111358643,3299.643298881987
13244.0,5.989256858825684,1.2213329076766968,3299.9438000529917
13245.0,53.38261795043945,3.5825624465942383,3300.2337131219974
13246.0,25.41248321533203,2.9527981281280518,3300.480605787001
13247.0,56.3360481262207,3.687614679336548,3300.699508246995
13248.0,4.867738246917725,0.9798953533172607,3300.903160028989
13249.0,7.371459484100342,1.7407625913619995,3301.144855181992
13250.0,4.426063060760498,1.0591881275177002,3301.3468868269993
13251.0,26.97258186340332,2.8414814472198486,3301.514064966992
13252.0,12.63896656036377,1.9103822708129883,3301.720913320998
13253.0,13.843050956726074,1.9924877882003784,3301.8949607449904
13254.0,34.442623138427734,2.9599838256835938,3302.098245080997
13255.0,24.635377883911133,2.3035354614257812,3302.3113694299973
13256.0,21.56639862060547,2.4584310054779053,3302.465868280997
13257.0,55.31270980834961,3.644603729248047,3302.6960066169995
13258.0,30.288013458251953,2.405303478240967,3302.8746781009977
13259.0,10.802135467529297,1.3374615907669067,3303.043676035988
13260.0,6.825180530548096,1.4943028688430786,3303.2410047289886
13261.0,27.866283416748047,2.4929187297821045,3303.416214107987
13262.0,10.438154220581055,1.3178437948226929,3303.5771859489905
13263.0,39.356788635253906,3.3572263717651367,3303.736529427988
13264.0,5.329559803009033,1.1053619384765625,3303.919844313001
13265.0,160.0473175048828,6.960556983947754,3304.1206850069866
13266.0,238.97579956054688,8.906085968017578,3304.3753384859883
13267.0,62.30948257446289,3.61462140083313,3304.5643965089985
13268.0,13.72925090789795,2.1231393814086914,3304.7401973629894
13269.0,9.53906536102295,1.3605868816375732,3304.926013971999
13270.0,23.998889923095703,2.706308364868164,3305.1003745279886
13271.0,10.050824165344238,1.7768800258636475,3305.2931745489914
13272.0,33.60377502441406,2.071143865585327,3305.594879775992
13273.0,46.01331329345703,3.881824493408203,3305.873401203993
13274.0,9.649007797241211,1.3981192111968994,3306.025779333999
13275.0,37.90237045288086,2.672006368637085,3306.2535180829873
13276.0,46.03096389770508,3.3606984615325928,3306.44065556
13277.0,14.870715141296387,1.721346378326416,3306.680186340993
13278.0,71.94869995117188,3.998741388320923,3306.8667117129953
13279.0,10.745925903320312,1.7491908073425293,3307.043593000999
13280.0,27.93824577331543,4.132627487182617,3307.317149620998
13281.0,26.59685516357422,3.264038562774658,3307.5569602670002
13282.0,133.31341552734375,5.450629234313965,3307.767637632991
13283.0,14.157037734985352,1.8526477813720703,3308.0586642989947
13284.0,151.59237670898438,7.151817321777344,3308.2601020739967
13285.0,7.731235504150391,1.196005940437317,3308.6072317439975
13286.0,22.151691436767578,2.2807295322418213,3308.8494253429963
13287.0,34.90873718261719,2.994657278060913,3309.213588432991
13288.0,7.072497367858887,1.4261349439620972,3309.539182952998
13289.0,26.407215118408203,2.5340569019317627,3309.7837708259904
13290.0,5.639327049255371,1.0738482475280762,3310.0896377899917
13291.0,5.450038909912109,1.0701466798782349,3310.4647590889945
13292.0,26.238414764404297,2.2305822372436523,3310.7437190909986
13293.0,65.71430206298828,4.3057332038879395,3311.003659944996
13294.0,9.576709747314453,1.7453807592391968,3311.315026184995
13295.0,58.13917541503906,4.30089807510376,3311.501883856996
13296.0,4.702273845672607,1.089355230331421,3311.9450228569913
13297.0,15.280380249023438,1.767703890800476,3312.2292086809903
13298.0,7.774530410766602,1.5430893898010254,3312.6664783519955
13299.0,60.975425720214844,3.652103900909424,3313.342748655996
13300.0,51.285621643066406,5.094214916229248,3313.705230473992
13301.0,3.9249775409698486,0.9199422001838684,3324.7719194129895
13302.0,44.66139602661133,3.8532161712646484,3324.977383652993
13303.0,34.07794189453125,2.5145511627197266,3325.18143628299
13304.0,3.8931243419647217,1.0871096849441528,3325.374578644987
13305.0,24.33517074584961,3.055126190185547,3325.607595714988
13306.0,38.08137893676758,3.1445157527923584,3325.8211184129905
13307.0,9.2859468460083,1.6922948360443115,3325.985292255995
13308.0,57.340396881103516,3.4681317806243896,3326.2224822009885
13309.0,9.316336631774902,1.3977707624435425,3326.3993176910008
13310.0,6.917643070220947,1.1246544122695923,3326.690379599997
13311.0,54.6612434387207,4.510000228881836,3326.8897960429895
13312.0,15.692065238952637,2.361584186553955,3327.0505169299868
13313.0,19.100690841674805,2.06585431098938,3327.189724513999
13314.0,9.61612606048584,1.7412842512130737,3327.36716187399
13315.0,93.04442596435547,5.900016784667969,3327.5836504179897
13316.0,11.690864562988281,1.9389221668243408,3327.798807729996
13317.0,28.822486877441406,2.7893428802490234,3327.98428230999
13318.0,6.8092122077941895,1.6770175695419312,3328.148466587998
13319.0,22.03384017944336,2.674769639968872,3328.356267059993
13320.0,65.86983489990234,4.009612560272217,3328.485898296989
13321.0,6.128855228424072,1.4352508783340454,3328.7226810680004
13322.0,15.141459465026855,1.9974669218063354,3328.960531703997
13323.0,22.005342483520508,2.7405731678009033,3329.109845839994
13324.0,32.14838790893555,2.7307724952697754,3329.283805518993
13325.0,38.370155334472656,3.425114631652832,3329.4891995869984
13326.0,45.12181854248047,3.3838326930999756,3329.717732663994
13327.0,27.174829483032227,2.7750942707061768,3330.016205284992
13328.0,45.56385040283203,3.1434264183044434,3330.50151051399
13329.0,6.411452770233154,1.2831376791000366,3330.6841073749965
13330.0,12.446471214294434,2.093003988265991,3330.92208673399
13331.0,9.485079765319824,1.8506654500961304,3331.1162223329884
13332.0,8.67028522491455,1.547479271888733,3331.3890909499896
13333.0,24.845645904541016,2.104205846786499,3331.567721612999
13334.0,68.50701141357422,4.710615634918213,3331.7939605680003
13335.0,14.361132621765137,1.5754413604736328,3331.980523553997
13336.0,8.452560424804688,1.6293843984603882,3332.164837936987
13337.0,29.765605926513672,3.3568785190582275,3332.3501441650005
13338.0,44.3198356628418,3.8712713718414307,3332.602679124
13339.0,56.25815963745117,3.6742260456085205,3332.818353609997
13340.0,156.39170837402344,6.753201007843018,3333.009411096995
13341.0,30.85196876525879,3.1289992332458496,3333.200145080991
13342.0,4.1850152015686035,1.0971708297729492,3333.4195029099938
13343.0,73.51901245117188,4.686115741729736,3333.6117175819963
13344.0,9.235228538513184,1.5017222166061401,3333.776285777989
13345.0,467.4289855957031,14.77108383178711,3333.977901441991
13346.0,55.728843688964844,3.7298333644866943,3334.1809314540005
13347.0,24.731958389282227,2.2205045223236084,3334.3858653249918
13348.0,3.857889413833618,1.0365480184555054,3334.593300856999
13349.0,4.892129421234131,1.0296958684921265,3334.7853776529955
13350.0,37.96779251098633,2.360114574432373,3334.94596416899
13351.0,7.864828586578369,1.5035908222198486,3335.116284666001
13352.0,5.958077430725098,1.2876290082931519,3335.331788104988
13353.0,10.718674659729004,1.4684662818908691,3335.533287483995
13354.0,35.00385284423828,2.8784711360931396,3335.7203826039913
13355.0,34.87939453125,3.5082225799560547,3335.906185019994
13356.0,5.461943626403809,1.10590398311615,3336.1062841719977
13357.0,7.885298252105713,1.4515899419784546,3336.336695616992
13358.0,72.45391082763672,3.482556104660034,3336.5465806499997
13359.0,45.01498031616211,2.3791751861572266,3336.757418718
13360.0,42.00230407714844,2.6940455436706543,3336.937943883997
13361.0,30.900936126708984,2.431614398956299,3337.1144931949966
13362.0,15.526957511901855,2.353548288345337,3337.3344161559944
13363.0,25.599721908569336,2.8304028511047363,3337.548506423991
13364.0,6.148456573486328,1.1995099782943726,3337.726355862993
13365.0,34.26140213012695,3.039287805557251,3337.9036676599935
13366.0,15.39354419708252,1.7368463277816772,3338.116196843999
13367.0,10.067556381225586,1.8054484128952026,3338.2901604379877
13368.0,5.846738815307617,1.1379036903381348,3338.4725808090006
13369.0,25.54667091369629,2.035306692123413,3338.68444821499
13370.0,22.27140235900879,2.6488306522369385,3338.8791225369932
13371.0,42.2031135559082,3.4284229278564453,3339.060693702995
13372.0,9.445979118347168,1.6805932521820068,3339.244837077
13373.0,26.181554794311523,2.396268606185913,3339.5845061929867
13374.0,24.19794273376465,2.9385745525360107,3339.761943626989
13375.0,6.043694496154785,1.172751545906067,3339.9354206309945
13376.0,54.95963668823242,3.5989458560943604,3340.121800608991
13377.0,6.542974472045898,1.2534592151641846,3340.3190565449913
13378.0,26.863727569580078,2.88669490814209,3340.5086755879893
13379.0,337.9455871582031,11.583657264709473,3340.6983151899913
13380.0,29.225933074951172,2.3462650775909424,3340.898807753998
13381.0,30.537986755371094,2.082735300064087,3341.1079644579877
13382.0,9.412263870239258,1.951819658279419,3341.2997805579944
13383.0,10.080912590026855,1.4673727750778198,3341.546443299987
13384.0,25.38661003112793,2.748441219329834,3341.743321085989
13385.0,16.77213478088379,2.0895140171051025,3341.9081283019914
13386.0,4.5320234298706055,1.0451653003692627,3342.081820422987
13387.0,6.458355903625488,1.4032169580459595,3342.2614707719913
13388.0,6.939756393432617,1.3943089246749878,3342.456843818989
13389.0,20.02384376525879,3.177375078201294,3342.63671455899
13390.0,21.758522033691406,1.928389072418213,3342.831104497993
13391.0,21.20992660522461,2.2459208965301514,3342.989737541997
13392.0,24.42253875732422,2.356048107147217,3343.1804226620006
13393.0,11.473039627075195,2.3218257427215576,3343.357888664992
13394.0,49.50259017944336,3.918421745300293,3343.558347839993
13395.0,15.750099182128906,2.0404200553894043,3343.7623461139883
13396.0,4.971099376678467,1.3446474075317383,3343.933536986995
13397.0,27.130146026611328,2.6413681507110596,3344.138855189987
13398.0,12.03142261505127,1.8063207864761353,3344.2976879089983
13399.0,6.226541996002197,1.3451815843582153,3344.501299721989
13400.0,17.280941009521484,2.1457066535949707,3344.6856908779882
13401.0,12.588117599487305,1.4622572660446167,3352.1049691279914
13402.0,29.637451171875,2.584118366241455,3352.27594005999
13403.0,71.94175720214844,3.8553597927093506,3352.464009295989
13404.0,48.04364776611328,5.329433917999268,3352.6367519779888
13405.0,15.951332092285156,1.9505301713943481,3352.81213337199
13406.0,7.340985298156738,1.3993710279464722,3352.9794125519984
13407.0,3.880887031555176,0.9326412677764893,3353.162873013993
13408.0,31.521202087402344,3.8283133506774902,3353.346843522988
13409.0,16.38252067565918,1.802262783050537,3353.5522901259974
13410.0,28.50271987915039,3.925640106201172,3353.7155236219987
13411.0,19.614521026611328,2.6523873805999756,3353.9055013129982
13412.0,49.454261779785156,3.4570422172546387,3354.1236601759883
13413.0,272.76629638671875,13.869000434875488,3354.3112434359937
13414.0,230.75314331054688,9.673490524291992,3354.5070204989897
13415.0,38.51034164428711,4.198318004608154,3354.6800887449936
13416.0,49.24435806274414,3.353365898132324,3354.895108771001
13417.0,36.088199615478516,2.6388094425201416,3355.06136630899
13418.0,31.23371696472168,2.5698494911193848,3355.226653039994
13419.0,8.391939163208008,1.5294992923736572,3355.450373487998
13420.0,7.3031229972839355,1.7771540880203247,3355.6306991699967
13421.0,10.836993217468262,1.7620404958724976,3355.8396484179975
13422.0,76.14419555664062,4.08089017868042,3356.0121424049867
13423.0,29.856969833374023,2.163140296936035,3356.228673475998
13424.0,262.14068603515625,13.774467468261719,3356.398958875987
13425.0,10.54380989074707,1.7700680494308472,3356.563385755988
13426.0,19.476890563964844,1.8576271533966064,3356.736434027989
13427.0,13.6375150680542,1.887434482574463,3356.9336668999895
13428.0,55.61775588989258,4.405929088592529,3357.1035623709904
13429.0,19.622846603393555,1.8969032764434814,3357.2755525529938
13430.0,55.465187072753906,3.9492180347442627,3357.489664372988
13431.0,11.98035717010498,2.0523853302001953,3357.666218655999
13432.0,7.153600215911865,1.3813942670822144,3357.825876338
13433.0,12.073248863220215,1.9691529273986816,3358.037953645995
13434.0,5.759610176086426,1.224616289138794,3358.2678075239965
13435.0,67.91425323486328,4.060891151428223,3358.4554606599995
13436.0,174.5285186767578,7.944962024688721,3358.6294046319963
13437.0,35.85050964355469,3.8915998935699463,3358.812126135992
13438.0,3.806751251220703,1.0755279064178467,3358.9788694799936
13439.0,31.755701065063477,2.804374933242798,3359.149956438996
13440.0,41.6759147644043,3.339531660079956,3359.3194933409977
13441.0,6.234156608581543,1.2907840013504028,3359.494180855996
13442.0,8.805021286010742,1.988411545753479,3359.681527953988
13443.0,141.091796875,4.8387250900268555,3359.88165635099
13444.0,5.886911392211914,1.22951078414917,3360.055583025998
13445.0,6.516057968139648,1.3146294355392456,3360.2583906809887
13446.0,40.077484130859375,3.525655746459961,3360.4453421099897
13447.0,7.742958068847656,1.234373927116394,3360.6481611179915
13448.0,12.948564529418945,1.9501183032989502,3360.8203850169957
13449.0,131.4965362548828,5.674152851104736,3361.001293754991
13450.0,42.672061920166016,3.274505615234375,3361.1773650359974
13451.0,51.282649993896484,3.4735684394836426,3361.341007565992
13452.0,4.628549098968506,1.2628332376480103,3361.522126055992
13453.0,8.38855266571045,1.745359182357788,3361.6955243970006
13454.0,17.120859146118164,2.226933717727661,3361.886354728995
13455.0,457.6993103027344,14.203882217407227,3362.085707746999
13456.0,298.36151123046875,13.642068862915039,3362.252090650989
13457.0,12.301183700561523,2.0310699939727783,3362.453069030991
13458.0,16.68507957458496,2.060474395751953,3362.6073572859896
13459.0,26.1844425201416,2.7733168601989746,3362.830386276997
13460.0,12.616832733154297,2.015448570251465,3363.0658835840004
13461.0,55.318511962890625,3.750997304916382,3363.273069866991
13462.0,118.68345642089844,5.336676120758057,3363.503966127988
13463.0,27.242067337036133,2.345620632171631,3363.715383881994
13464.0,37.602542877197266,3.617605209350586,3363.893542054997
13465.0,34.20838928222656,3.1414101123809814,3364.0871924359963
13466.0,37.40869903564453,3.1867761611938477,3364.2507343799953
13467.0,25.941076278686523,3.178142547607422,3364.4817046349926
13468.0,20.642427444458008,2.4285731315612793,3364.6786986519874
13469.0,19.30251121520996,2.7434909343719482,3364.8391787349974
13470.0,20.156110763549805,2.5375587940216064,3365.061563515992
13471.0,51.63945007324219,3.3801052570343018,3365.280689553998
13472.0,37.067726135253906,3.035335063934326,3365.486687028999
13473.0,10.572935104370117,1.8237570524215698,3365.68952005099
13474.0,6.783777236938477,1.2714282274246216,3365.9177469559945
13475.0,8.732322692871094,1.3372505903244019,3366.092718148997
13476.0,11.133503913879395,1.767520546913147,3366.313736046999
13477.0,48.350101470947266,3.381916046142578,3366.533199280995
13478.0,92.65780639648438,5.252220153808594,3366.719816700992
13479.0,39.46392822265625,3.6177139282226562,3366.918340996999
13480.0,159.0480499267578,8.104353904724121,3367.146946219
13481.0,19.71488380432129,2.6695563793182373,3367.319841815988
13482.0,4.162569046020508,1.0397138595581055,3367.488649082996
13483.0,19.312257766723633,2.0138306617736816,3367.705259754992
13484.0,6.3568034172058105,1.5602120161056519,3367.862066968999
13485.0,12.253899574279785,1.5247386693954468,3368.0242232449964
13486.0,4.8883376121521,1.3398535251617432,3368.192316149987
13487.0,27.635852813720703,3.029790163040161,3368.4006029689917
13488.0,37.6250114440918,2.9497337341308594,3368.607344619988
13489.0,10.286741256713867,1.7278251647949219,3368.8032798679924
13490.0,4.721218585968018,1.0107710361480713,3369.0188281989977
13491.0,25.549823760986328,2.347297430038452,3369.221541630992
13492.0,61.13587951660156,5.405348300933838,3369.408562268989
13493.0,10.091277122497559,1.875916600227356,3369.607123070993
13494.0,34.757469177246094,2.404989242553711,3369.8038572449877
13495.0,32.93909454345703,2.852470636367798,3369.9819378239918
13496.0,43.821895599365234,5.152307510375977,3370.2173035089945
13497.0,8.248510360717773,1.4880988597869873,3370.3905938629905
13498.0,4.8660407066345215,1.0661734342575073,3370.5653074329894
13499.0,36.535945892333984,3.1229448318481445,3370.752078531994
13500.0,15.874730110168457,2.0024516582489014,3370.9512210379908
13501.0,25.15774917602539,2.0393714904785156,3376.9425119299995
13502.0,5.60078763961792,1.1484017372131348,3377.126309332991
13503.0,82.14422607421875,4.904356002807617,3377.3353551239998
13504.0,22.24920082092285,2.1811087131500244,3377.5318375819916
13505.0,40.283843994140625,3.618992328643799,3377.7280828229996
13506.0,7.137297630310059,1.512239933013916,3377.9142321959953
13507.0,30.25621795654297,2.6106607913970947,3378.098608342989
13508.0,6.245901584625244,1.31608247756958,3378.2991072909936
13509.0,13.254982948303223,1.9522017240524292,3378.518682430993
13510.0,8.779726028442383,1.5458707809448242,3378.705384736997
13511.0,19.447874069213867,2.260605573654175,3378.9450918090006
13512.0,18.8539981842041,2.1535160541534424,3379.1393323029915
13513.0,9.612914085388184,1.4835222959518433,3379.3071750859963
13514.0,45.16046905517578,3.2769432067871094,3379.4771810169914
13515.0,8.879692077636719,1.8251975774765015,3379.6561858249916
13516.0,70.81754302978516,4.767759323120117,3379.9085968589934
13517.0,25.562461853027344,2.125352382659912,3380.108721037992
13518.0,13.808184623718262,2.1187567710876465,3380.267821328991
13519.0,36.342220306396484,4.296674728393555,3380.4479110019893
13520.0,33.68202590942383,3.3588290214538574,3380.642878694998
13521.0,16.168365478515625,1.6320130825042725,3380.818716400987
13522.0,9.098479270935059,1.6179158687591553,3381.010338704
13523.0,41.93661880493164,2.818838119506836,3381.1539617949893
13524.0,10.308770179748535,1.8700485229492188,3381.323715469989
13525.0,37.967193603515625,3.0557518005371094,3381.519238987996
13526.0,7.400634765625,1.2181626558303833,3381.716166469996
13527.0,120.85773468017578,5.436391830444336,3381.8782992679917
13528.0,4.283263206481934,0.9394931197166443,3382.065106531998
13529.0,22.71018409729004,2.883451223373413,3382.245809936998
13530.0,47.851417541503906,3.244678497314453,3382.4575387449877
13531.0,14.111810684204102,1.4614918231964111,3382.6608362789993
13532.0,234.1063232421875,13.406696319580078,3382.874353508989
13533.0,12.032052040100098,1.9740686416625977,3383.0660944049887
13534.0,4.1652116775512695,1.1696947813034058,3383.26276241499
13535.0,25.484270095825195,2.619943141937256,3383.4685298449913
13536.0,6.679464817047119,1.4078692197799683,3383.6538498419977
13537.0,17.02142333984375,1.6496533155441284,3383.8283830779983
13538.0,5.198634147644043,1.133506417274475,3384.0001560519886
13539.0,47.599544525146484,3.3845226764678955,3384.169045098999
13540.0,4.897589206695557,1.3301703929901123,3384.3760426299996
13541.0,5.99680233001709,1.2347179651260376,3384.5516798659955
13542.0,49.7371826171875,3.294280767440796,3384.730351149992
13543.0,23.872684478759766,2.6075501441955566,3384.8917344179936
13544.0,36.7176628112793,3.1924757957458496,3385.070927348992
13545.0,27.994226455688477,2.4188015460968018,3385.2555159839976
13546.0,58.57682418823242,6.047866344451904,3385.4235141349927
13547.0,4.8359808921813965,1.0695329904556274,3385.597093186996
13548.0,16.73574447631836,1.55611252784729,3385.8094113879924
13549.0,9.168089866638184,1.3060134649276733,3385.9915444979997
13550.0,8.1720609664917,1.6829339265823364,3386.198116751999
13551.0,53.79927062988281,3.770871877670288,3386.386335269999
13552.0,38.54570770263672,3.1412248611450195,3386.577826517998
13553.0,6.943679332733154,1.5382344722747803,3386.7748478619906
13554.0,38.63383102416992,2.833939552307129,3386.951764380996
13555.0,98.96389770507812,4.709177494049072,3387.111929916995
13556.0,80.3145980834961,4.26950740814209,3387.3078637649887
13557.0,30.528532028198242,2.72586727142334,3387.504684530999
13558.0,18.47266387939453,2.3172566890716553,3387.762031954
13559.0,7.1665544509887695,1.2387391328811646,3387.9433372299973
13560.0,18.323989868164062,1.6630103588104248,3388.1540996080003
13561.0,30.825546264648438,2.3570356369018555,3388.373013349992
13562.0,31.66771697998047,3.281897783279419,3388.5598316849937
13563.0,32.352359771728516,2.522367477416992,3388.7472766059946
13564.0,19.303298950195312,1.8480873107910156,3388.9450378369947
13565.0,10.05566120147705,1.3382714986801147,3389.1602954299888
13566.0,5.833340644836426,1.5108799934387207,3389.3617171959922
13567.0,185.52760314941406,5.492977142333984,3389.5333093149966
13568.0,29.253944396972656,3.0043516159057617,3389.710736886991
13569.0,30.37507438659668,1.9709891080856323,3389.9162009909924
13570.0,19.769994735717773,2.7669644355773926,3390.1138914019975
13571.0,17.760223388671875,2.1271049976348877,3390.3091749479936
13572.0,7.432018756866455,1.4345324039459229,3390.468852699996
13573.0,10.614121437072754,1.3002369403839111,3390.661184394994
13574.0,118.275146484375,4.914450645446777,3390.859672458988
13575.0,7.006241798400879,1.431815505027771,3391.1024590799934
13576.0,6.917940616607666,1.2627166509628296,3391.4613364899997
13577.0,31.031782150268555,2.5387797355651855,3391.6941077579977
13578.0,7.096716403961182,1.286332368850708,3391.9168187589967
13579.0,6.0174055099487305,1.325576901435852,3392.1037411559955
13580.0,18.120704650878906,2.1605992317199707,3392.27187611899
13581.0,31.229341506958008,3.6103155612945557,3392.4603348099918
13582.0,29.240638732910156,2.7013325691223145,3392.645366851997
13583.0,23.380693435668945,2.578580141067505,3392.8327091969986
13584.0,56.42555618286133,2.7784929275512695,3393.043703569987
13585.0,27.639862060546875,2.823052167892456,3393.2620712329954
13586.0,12.756836891174316,1.89450204372406,3393.4522379619884
13587.0,88.19939422607422,2.727095127105713,3393.642022093991
13588.0,100.52359008789062,7.1099419593811035,3393.8268177629943
13589.0,12.554642677307129,1.9628753662109375,3394.0172063139908
13590.0,7.891552925109863,1.4415580034255981,3394.179194956989
13591.0,12.53007698059082,1.592158555984497,3394.3556383639952
13592.0,8.186897277832031,1.5277185440063477,3394.5524970349943
13593.0,21.585052490234375,1.9354883432388306,3394.74083260099
13594.0,46.85658645629883,3.356999397277832,3394.904046686992
13595.0,170.97323608398438,6.83958101272583,3395.0827981949988
13596.0,15.579557418823242,1.6653964519500732,3395.2758832189866
13597.0,15.04690933227539,2.7894487380981445,3395.441324246989
13598.0,10.338204383850098,1.7089186906814575,3395.6238265069987
13599.0,23.2320499420166,2.8548424243927,3395.8576119669888
13600.0,10.126765251159668,2.1908578872680664,3396.0472586879914
13601.0,25.879322052001953,2.2107717990875244,3400.721069758991
13602.0,4.944881916046143,0.9846643209457397,3400.8993815569993
13603.0,11.850801467895508,1.4264618158340454,3401.0684976919874
13604.0,27.362329483032227,3.0124058723449707,3401.2767581529915
13605.0,90.81640625,4.955289363861084,3401.4451935169927
13606.0,46.532135009765625,2.6027238368988037,3401.6375405869912
13607.0,58.34907531738281,4.098620414733887,3401.835911214992
13608.0,30.76555824279785,3.152992010116577,3402.0340068919904
13609.0,8.765597343444824,1.3667566776275635,3402.1885093929886
13610.0,10.076358795166016,1.7585424184799194,3402.3835397349903
13611.0,58.05698013305664,2.6159112453460693,3402.5640587259986
13612.0,38.28712463378906,2.7187721729278564,3402.738794991994
13613.0,11.922792434692383,1.8636542558670044,3402.9338115689898
13614.0,21.96950912475586,2.438164234161377,3403.0977537579893
13615.0,29.943300247192383,3.365445375442505,3403.3417369189992
13616.0,115.70769500732422,3.0545153617858887,3403.5540271309874
13617.0,7.9703779220581055,1.4700875282287598,3403.73879531899
13618.0,33.80370330810547,3.2813076972961426,3403.9577674389875
13619.0,35.73015594482422,2.804631233215332,3404.149280881
13620.0,12.447821617126465,2.0693411827087402,3404.3221835229924
13621.0,30.84259605407715,2.2843542098999023,3404.5719687679957
13622.0,12.230223655700684,1.8998273611068726,3404.773470246
13623.0,26.09598159790039,3.561715602874756,3404.94396453799
13624.0,9.588793754577637,1.543299674987793,3405.112354527999
13625.0,21.08812713623047,2.1841371059417725,3405.2746477219916
13626.0,26.39873504638672,3.238262891769409,3405.4559131649876
13627.0,35.83434295654297,3.119185447692871,3405.6466779969924
13628.0,156.87562561035156,10.81330394744873,3405.867015908996
13629.0,11.577178001403809,1.7279986143112183,3406.0716305940005
13630.0,22.702390670776367,3.0814895629882812,3406.2209303759882
13631.0,9.610685348510742,1.4662858247756958,3406.4483609969902
13632.0,13.85416030883789,1.9773558378219604,3406.6274910699867
13633.0,26.09978675842285,2.8271546363830566,3406.792995800992
13634.0,3.8727359771728516,1.0955979824066162,3406.9394124239916
13635.0,31.430770874023438,3.1400489807128906,3407.1210099889868
13636.0,25.60771942138672,2.0585880279541016,3407.2901613329886
13637.0,12.560556411743164,2.1044201850891113,3407.456213038997
13638.0,44.92301940917969,3.460737705230713,3407.6573560619872
13639.0,31.477375030517578,3.059011936187744,3407.8253456809907
13640.0,4.023383140563965,0.9315686225891113,3408.0520487959875
13641.0,37.37843704223633,4.823826313018799,3408.2081085669925
13642.0,10.515339851379395,1.455640196800232,3408.3766827379877
13643.0,20.86815643310547,2.6938273906707764,3408.603162827989
13644.0,20.833789825439453,2.3031511306762695,3408.762452406998
13645.0,29.484973907470703,3.7687487602233887,3409.0199254129984
13646.0,9.039176940917969,1.6675738096237183,3409.253521434992
13647.0,9.192404747009277,1.914949655532837,3409.4432087149908
13648.0,6.025869846343994,1.3626712560653687,3409.646480452997
13649.0,6.839694499969482,1.8782994747161865,3409.8517664829997
13650.0,28.6335506439209,3.950181484222412,3410.029513638001
13651.0,14.774435997009277,2.2569189071655273,3410.259154963991
13652.0,75.06007385253906,5.06654167175293,3410.446999652995
13653.0,4.353321075439453,0.9774610996246338,3410.629255612992
13654.0,31.058061599731445,2.747068166732788,3410.8516690069955
13655.0,37.35869216918945,3.440753936767578,3411.012082132991
13656.0,7.149272918701172,1.2958924770355225,3411.280759631991
13657.0,25.521385192871094,2.3484461307525635,3411.4511347869993
13658.0,19.537708282470703,1.9899288415908813,3411.6607533439965
13659.0,41.159393310546875,2.8048408031463623,3411.8030571579875
13660.0,5.840157985687256,1.1717666387557983,3412.021206475998
13661.0,10.51235294342041,1.794032335281372,3412.1839226919983
13662.0,25.622541427612305,2.5753257274627686,3412.398753728994
13663.0,8.711676597595215,1.6794023513793945,3412.774885256993
13664.0,48.84210205078125,3.2198848724365234,3413.026510120995
13665.0,32.330055236816406,2.525899887084961,3413.246384536993
13666.0,45.20832061767578,3.7459604740142822,3413.4367255889956
13667.0,35.70846939086914,2.579289197921753,3413.6446823109873
13668.0,6.1547627449035645,1.4256668090820312,3413.843648525988
13669.0,5.630839824676514,1.2863625288009644,3414.1110127669963
13670.0,34.370059967041016,3.0961251258850098,3414.3618781279947
13671.0,43.424556732177734,3.7851016521453857,3414.653651110988
13672.0,19.184717178344727,2.6989595890045166,3414.851550562991
13673.0,2.6557865142822266,0.7566696405410767,3415.005616129987
13674.0,74.77564239501953,3.8723702430725098,3415.189625406987
13675.0,5.797913074493408,1.15739905834198,3415.3682269619894
13676.0,116.77825164794922,5.481908321380615,3415.5843200999952
13677.0,18.901060104370117,2.567678928375244,3415.7467715799867
13678.0,31.770999908447266,3.1020092964172363,3415.9277108370006
13679.0,17.63944435119629,2.3728344440460205,3416.1158125759976
13680.0,189.36285400390625,7.760395050048828,3416.315524968988
13681.0,9.149956703186035,1.7646446228027344,3416.487067016991
13682.0,40.11830139160156,3.0711188316345215,3416.682433795999
13683.0,13.979106903076172,1.5850582122802734,3416.8681712649995
13684.0,22.80124282836914,2.1547086238861084,3417.0386522749905
13685.0,37.471595764160156,3.333594799041748,3417.2250087099965
13686.0,6.116346836090088,1.338118314743042,3417.4094962259987
13687.0,292.59783935546875,10.631723403930664,3417.5900064669986
13688.0,10.09089183807373,1.661025881767273,3417.785789411995
13689.0,13.022809982299805,2.0553550720214844,3417.96272046199
13690.0,8.390267372131348,1.3472779989242554,3418.140866067988
13691.0,32.40495681762695,2.5720887184143066,3418.3274440489913
13692.0,9.902060508728027,1.8372888565063477,3418.516499417994
13693.0,22.664329528808594,2.314340591430664,3418.701280385998
13694.0,9.36751937866211,1.788944959640503,3418.8718563859875
13695.0,44.959510803222656,3.1051862239837646,3419.0268704179907
13696.0,8.653141975402832,1.8708847761154175,3419.227504493989
13697.0,25.509681701660156,3.0367183685302734,3419.4466631349933
13698.0,20.075550079345703,1.6761053800582886,3419.637481744998
13699.0,164.8768768310547,5.936819553375244,3419.812255642988
13700.0,9.523009300231934,1.402905821800232,3419.9976074649894
13701.0,28.63260269165039,2.3961234092712402,3428.360201296993
13702.0,5.281979084014893,1.0850179195404053,3428.5387683649897
13703.0,18.204599380493164,1.715819239616394,3428.736332150991
13704.0,5.339101314544678,1.1769014596939087,3428.9140879869956
13705.0,40.69438171386719,3.504939079284668,3429.1233710449887
13706.0,5.263126373291016,1.433743953704834,3429.3060391939944
13707.0,16.328439712524414,2.009902238845825,3429.4757503339933
13708.0,128.16488647460938,7.647422790527344,3429.6642863659945
13709.0,34.669517517089844,2.8884003162384033,3429.846283048988
13710.0,34.321319580078125,2.7181191444396973,3430.053224612988
13711.0,167.56959533691406,11.177963256835938,3430.2342594709917
13712.0,13.926896095275879,1.424025297164917,3430.3982575400005
13713.0,45.08787536621094,3.6904664039611816,3430.5743691299867
13714.0,37.84897232055664,3.8516056537628174,3430.7698890639876
13715.0,8.741130828857422,1.6402885913848877,3430.950002133992
13716.0,43.13108444213867,4.64017391204834,3431.1286113839888
13717.0,13.74233627319336,1.753482460975647,3431.3542138209887
13718.0,30.734888076782227,2.706085443496704,3431.519740920994
13719.0,7.861363887786865,1.3284153938293457,3431.7211307679972
13720.0,40.39624786376953,3.4790093898773193,3431.906632364
13721.0,32.345481872558594,2.1550211906433105,3432.0795107349986
13722.0,8.246450424194336,1.6453759670257568,3432.230680402994
13723.0,20.6920108795166,2.3636269569396973,3432.4120040349953
13724.0,29.324695587158203,2.7873783111572266,3432.634909493994
13725.0,297.647216796875,7.382907390594482,3432.869939295997
13726.0,22.26154899597168,2.6816651821136475,3433.0558315349917
13727.0,112.7300796508789,5.864190101623535,3433.2436481479963
13728.0,24.587068557739258,2.2938497066497803,3433.4681700749934
13729.0,12.938838958740234,1.6540223360061646,3433.6527666149923
13730.0,30.461193084716797,2.7045950889587402,3433.8424691809923
13731.0,7.975335597991943,1.6812186241149902,3434.0342461949913
13732.0,68.566650390625,3.9798500537872314,3434.2943910569884
13733.0,42.0097770690918,2.925935745239258,3434.523305849987
13734.0,49.862388610839844,3.7285218238830566,3434.689642063997
13735.0,25.326622009277344,4.008700370788574,3434.8789641559997
13736.0,30.38425064086914,3.21226167678833,3435.079845617991
13737.0,197.8885498046875,7.591374397277832,3435.2857248910004
13738.0,15.860757827758789,2.083575963973999,3435.458625689993
13739.0,7.468286991119385,1.3836520910263062,3435.7305053109885
13740.0,27.423749923706055,2.3321242332458496,3435.924305870998
13741.0,30.3029727935791,3.113490581512451,3436.091542543989
13742.0,5.543644428253174,1.0730507373809814,3436.26156952999
13743.0,339.98779296875,11.30375862121582,3436.4438024909905
13744.0,31.944843292236328,2.4718496799468994,3436.6714924449916
13745.0,47.5314826965332,2.830173969268799,3436.8846626719896
13746.0,12.844379425048828,1.9830284118652344,3437.0867861669976
13747.0,59.474281311035156,4.948902606964111,3437.27333030499
13748.0,8.125676155090332,1.6953859329223633,3437.4772731569974
13749.0,8.640117645263672,1.4299196004867554,3437.7085615349934
13750.0,3.3704984188079834,0.8278070092201233,3437.893645600998
13751.0,5.8738884925842285,1.180355429649353,3438.088302106
13752.0,28.893308639526367,2.476813554763794,3438.32534553
13753.0,10.209273338317871,1.6559911966323853,3438.529540787
13754.0,26.62092399597168,2.283514976501465,3438.7024361929944
13755.0,5.260967254638672,1.11750328540802,3438.857657678993
13756.0,31.162036895751953,3.329827070236206,3439.01979942499
13757.0,12.089728355407715,2.223544120788574,3439.1910317159927
13758.0,22.400548934936523,2.287277936935425,3439.415040126987
13759.0,12.070762634277344,1.7834316492080688,3439.5406821669894
13760.0,8.183382987976074,1.593169927597046,3439.6900098089973
13761.0,56.3880500793457,3.98439621925354,3439.8253149879893
13762.0,4.001865386962891,1.0879805088043213,3439.9500611969997
13763.0,254.86962890625,13.491286277770996,3440.0884777289903
13764.0,32.27379608154297,3.1137020587921143,3440.213756387995
13765.0,11.799737930297852,1.7949635982513428,3440.331956531998
13766.0,17.458831787109375,2.0591304302215576,3440.4585398859926
13767.0,5.809606075286865,1.1760348081588745,3440.601586116987
13768.0,44.35143280029297,3.5008981227874756,3440.8087661499885
13769.0,26.82426643371582,2.5784072875976562,3440.939469289995
13770.0,33.66093444824219,3.2200069427490234,3441.073072222993
13771.0,8.817625999450684,1.5977439880371094,3441.205008482997
13772.0,7.296045303344727,1.4707777500152588,3441.3484064589866
13773.0,4.618206977844238,1.0714772939682007,3441.4803892329946
13774.0,25.050453186035156,2.571085214614868,3441.614423327992
13775.0,5.581930160522461,1.2247782945632935,3441.7462888839946
13776.0,26.084577560424805,3.0239570140838623,3441.8711652499915
13777.0,8.672880172729492,1.5828508138656616,3442.003378196998
13778.0,11.370832443237305,1.719045877456665,3442.1304513840005
13779.0,4.0714874267578125,1.1100322008132935,3442.259621734993
13780.0,166.6412353515625,7.128854751586914,3442.3903050519875
13781.0,23.77412986755371,2.534899950027466,3442.510506597988
13782.0,23.535322189331055,2.309196949005127,3442.6314522339962
13783.0,16.635696411132812,1.7052440643310547,3442.7640711079875
13784.0,50.45698165893555,3.910862922668457,3442.8914917849906
13785.0,39.26495361328125,3.391374349594116,3443.0276609360008
13786.0,38.22304153442383,3.602633476257324,3443.1543189349904
13787.0,4.99605131149292,1.1327009201049805,3443.2960956709867
13788.0,45.86564636230469,4.071017742156982,3443.4343342599896
13789.0,9.985298156738281,1.7814271450042725,3443.592696401989
13790.0,33.59916687011719,2.7727713584899902,3443.7204269309877
13791.0,9.84705924987793,1.5535091161727905,3443.863228175993
13792.0,22.381858825683594,1.8780362606048584,3443.997183624
13793.0,67.97372436523438,3.7809865474700928,3444.1445473299973
13794.0,5.7759575843811035,1.125313639640808,3444.279025372991
13795.0,6.801454067230225,1.33012855052948,3444.4206867199973
13796.0,5.523530960083008,1.23612642288208,3444.5616758849937
13797.0,211.10382080078125,12.676114082336426,3444.7131092069903
13798.0,14.26392936706543,1.3622533082962036,3444.8504048529867
13799.0,6.325464725494385,1.1181126832962036,3444.991703421998
13800.0,8.645356178283691,1.7511554956436157,3445.133543169999
13801.0,25.55339241027832,2.9703874588012695,3449.31422591499
13802.0,258.6984558105469,7.15109395980835,3449.4554563079873
13803.0,21.664735794067383,2.6323184967041016,3449.582962941
13804.0,39.189876556396484,3.0877926349639893,3449.731201799994
13805.0,5.65727424621582,1.1080856323242188,3449.8631641009997
13806.0,38.28828430175781,3.3133435249328613,3450.014076609994
13807.0,6.539371967315674,1.3606178760528564,3450.14351944199
13808.0,408.52642822265625,13.541154861450195,3450.2714589089883
13809.0,7.132032871246338,1.432563304901123,3450.4061881239904
13810.0,6.512936592102051,1.0361380577087402,3450.5351302029885
13811.0,20.819730758666992,2.842956066131592,3450.677210996
13812.0,22.285545349121094,2.743307113647461,3450.803314126999
13813.0,33.46094512939453,3.884101152420044,3450.933680577
13814.0,47.675968170166016,3.6058509349823,3451.0638341919985
13815.0,20.808292388916016,2.516392230987549,3451.186193718997
13816.0,5.652331352233887,1.1251121759414673,3451.3178209469916
13817.0,5.9162702560424805,1.2356919050216675,3451.436878964989
13818.0,17.735904693603516,2.759573459625244,3451.572547688993
13819.0,35.96836853027344,3.4902584552764893,3451.6993503409903
13820.0,37.978755950927734,2.6428513526916504,3451.8515733649983
13821.0,11.926908493041992,1.9966206550598145,3451.983905561996
13822.0,73.87837219238281,4.903496742248535,3452.1161611999996
13823.0,265.3669128417969,8.086797714233398,3452.2508330449928
13824.0,7.170811653137207,1.6237763166427612,3452.392189769991
13825.0,49.732208251953125,3.5600759983062744,3452.5313187669963
13826.0,30.91510772705078,2.6717336177825928,3452.663872592995
13827.0,121.91929626464844,5.548046112060547,3452.8015106989915
13828.0,38.84562301635742,4.571126461029053,3452.931724435999
13829.0,5.487449645996094,1.11741042137146,3453.0722104419983
13830.0,19.95888900756836,2.3203489780426025,3453.2068208359997
13831.0,9.906221389770508,1.5247665643692017,3453.3562045589933
13832.0,11.75857162475586,1.8346648216247559,3453.478135336991
13833.0,7.129181385040283,1.7561620473861694,3453.610333133998
13834.0,50.107421875,2.5263214111328125,3453.7459503449936
13835.0,33.4625129699707,3.161508321762085,3453.8834150129987
13836.0,44.013336181640625,3.1146204471588135,3454.020748643001
13837.0,44.891300201416016,2.65633225440979,3454.1728900989983
13838.0,70.86395263671875,4.196176528930664,3454.303565358001
13839.0,32.46208953857422,2.7701263427734375,3454.420371139
13840.0,9.787678718566895,1.5068507194519043,3454.5538416359923
13841.0,85.23292541503906,5.5689568519592285,3454.682454321999
13842.0,23.528728485107422,1.9786533117294312,3454.821041627991
13843.0,18.90731430053711,2.738391399383545,3454.9627820519963
13844.0,33.10353469848633,2.3261656761169434,3455.1607095049985
13845.0,17.545570373535156,2.131688356399536,3455.2951830419915
13846.0,3.1915249824523926,0.9639194011688232,3455.43692552
13847.0,17.71279525756836,2.0476999282836914,3455.5715434059966
13848.0,12.818158149719238,1.4644652605056763,3455.7067419589875
13849.0,31.731582641601562,3.3601720333099365,3455.841883326997
13850.0,31.974424362182617,2.797367572784424,3455.9681758779916
13851.0,42.459835052490234,4.122008800506592,3456.097122184001
13852.0,27.421810150146484,2.70644474029541,3456.215442089
13853.0,43.11467361450195,4.412877559661865,3456.362464477992
13854.0,24.988618850708008,3.7281923294067383,3456.4881428279914
13855.0,16.25120735168457,2.594829559326172,3456.6066220409994
13856.0,30.782737731933594,2.8323962688446045,3456.739165742998
13857.0,155.03173828125,8.334322929382324,3456.8694342089875
13858.0,43.16305923461914,4.555597305297852,3456.994141035
13859.0,18.62122344970703,1.8641494512557983,3457.1209033549967
13860.0,17.718791961669922,2.341603994369507,3457.244404136989
13861.0,8.506112098693848,1.2910630702972412,3457.363728051001
13862.0,41.03221893310547,4.121708869934082,3457.507068934996
13863.0,8.538686752319336,1.2967045307159424,3457.6306233439973
13864.0,34.230281829833984,3.0562479496002197,3457.7792107959976
13865.0,25.786142349243164,2.575949192047119,3457.909257504987
13866.0,31.166088104248047,3.2154126167297363,3458.026336550989
13867.0,18.459644317626953,1.5704903602600098,3458.160208748988
13868.0,7.230723857879639,1.5773789882659912,3458.288558512999
13869.0,79.91057586669922,3.6303598880767822,3458.410671597987
13870.0,5.3438825607299805,0.9980505108833313,3458.5508043059963
13871.0,33.587867736816406,2.867414712905884,3458.675789643996
13872.0,58.401485443115234,4.438882827758789,3458.8218683669984
13873.0,18.467390060424805,1.8790652751922607,3458.9794215149886
13874.0,7.330209732055664,1.5530167818069458,3459.099819916999
13875.0,4.434194564819336,0.9645711183547974,3459.2282180399925
13876.0,7.513799667358398,1.3889989852905273,3459.360579217988
13877.0,8.4271879196167,1.7026447057724,3459.480710516
13878.0,5.81580924987793,1.239150047302246,3459.598740838992
13879.0,16.095590591430664,1.8740607500076294,3459.7382847909903
13880.0,8.460029602050781,2.064408779144287,3459.8558013089933
13881.0,5.543501377105713,1.3785796165466309,3459.9706552649877
13882.0,18.884714126586914,2.39007306098938,3460.1070379739976
13883.0,39.63042068481445,4.528418064117432,3460.2249164120003
13884.0,22.401893615722656,3.0895254611968994,3460.3379275619955
13885.0,79.20941162109375,5.001465797424316,3460.46542540699
13886.0,12.992480278015137,1.7662166357040405,3460.592182016
13887.0,42.41521072387695,2.9699854850769043,3460.725493654987
13888.0,8.13368034362793,1.5418559312820435,3460.8528409599967
13889.0,7.870782375335693,1.4804604053497314,3460.982306034988
13890.0,30.10873031616211,3.518977642059326,3461.139807339001
13891.0,32.49110412597656,2.5468671321868896,3461.2657730879873
13892.0,44.91423797607422,3.4761509895324707,3461.390515644991
13893.0,6.515349864959717,1.3873294591903687,3461.5109326709935
13894.0,15.593313217163086,2.0327091217041016,3461.629797005997
13895.0,33.472198486328125,2.7863664627075195,3461.7702750889875
13896.0,12.639618873596191,2.1363866329193115,3461.9061648289935
13897.0,17.684843063354492,1.965976357460022,3462.0316884209897
13898.0,32.432098388671875,3.402019500732422,3462.1558789519913
13899.0,7.927918910980225,1.5032011270523071,3462.2947526299977
13900.0,33.52916717529297,3.0075695514678955,3462.4191443419986
13901.0,63.670875549316406,2.4875049591064453,3465.9583934279945
13902.0,7.086503505706787,1.3816009759902954,3466.084199480989
13903.0,243.8365936279297,9.47435474395752,3466.213154881989
13904.0,111.7834243774414,5.589145660400391,3466.35644259899
13905.0,10.01296615600586,1.701979398727417,3466.475104772995
13906.0,5.615625381469727,1.2237238883972168,3466.6098972670006
13907.0,4.936171054840088,1.1522563695907593,3466.732795486998
13908.0,26.16026496887207,2.9340198040008545,3466.865407224992
13909.0,7.775794506072998,1.4305357933044434,3466.996184140997
13910.0,16.760679244995117,2.150028944015503,3467.1137297359965
13911.0,432.8052673339844,12.241463661193848,3467.2534539849876
13912.0,12.950735092163086,2.1223349571228027,3467.3894152629946
13913.0,9.69952392578125,1.7826663255691528,3467.5172944829974
13914.0,30.739458084106445,2.3793461322784424,3467.645797369987
13915.0,8.416733741760254,1.2795493602752686,3467.7736153959995
13916.0,47.7121696472168,2.9019150733947754,3467.8918923719903
13917.0,139.21243286132812,5.998830318450928,3468.018797115001
13918.0,15.172091484069824,1.9230047464370728,3468.170441121998
13919.0,5.623524188995361,1.5225872993469238,3468.2882360929943
13920.0,37.55991744995117,2.3267133235931396,3468.409150235995
13921.0,41.484031677246094,3.6225688457489014,3468.5346998749883
13922.0,30.36170768737793,2.5936148166656494,3468.6548966249975
13923.0,3.7078537940979004,0.9140170812606812,3468.7844935579924
13924.0,21.01352310180664,2.222683906555176,3468.9239821139927
13925.0,14.385024070739746,2.134578227996826,3469.058178100997
13926.0,75.892578125,2.7860374450683594,3469.1836302019947
13927.0,7.503566265106201,1.8765239715576172,3469.2969685999997
13928.0,38.68256759643555,3.2366840839385986,3469.4260182659928
13929.0,34.93350601196289,3.064812183380127,3469.5713868839957
13930.0,608.4376220703125,17.51285743713379,3469.694052818988
13931.0,8.01685905456543,1.3166764974594116,3469.8282157749927
13932.0,5.987457275390625,1.3689488172531128,3469.9534286609996
13933.0,23.055017471313477,2.901258945465088,3470.0960040599894
13934.0,14.449911117553711,1.9075762033462524,3470.2413442299876
13935.0,15.99954605102539,1.9914699792861938,3470.364205477992
13936.0,224.7238311767578,9.349245071411133,3470.4959201689926
13937.0,19.044790267944336,2.1277365684509277,3470.629142944992
13938.0,16.471391677856445,1.8956502676010132,3470.7630064889963
13939.0,4.021378040313721,1.0063767433166504,3470.880162813992
13940.0,167.63165283203125,10.119301795959473,3471.002256415988
13941.0,8.824568748474121,1.4769136905670166,3471.1612925759982
13942.0,40.13033676147461,3.964308023452759,3471.276293938994
13943.0,34.37019348144531,2.9534201622009277,3471.390462163996
13944.0,7.319654941558838,1.401597023010254,3471.517231733
13945.0,25.400890350341797,2.5662362575531006,3471.641055011991
13946.0,26.817594528198242,2.547623872756958,3471.7744532789948
13947.0,111.61968994140625,5.255077362060547,3471.914139755987
13948.0,187.33790588378906,6.1961236000061035,3472.0520331459993
13949.0,12.273265838623047,2.0587515830993652,3472.1834097829997
13950.0,22.873809814453125,2.7449865341186523,3472.337673749993
13951.0,5.6089935302734375,1.0732628107070923,3472.4611839029967
13952.0,3.961001396179199,1.1700489521026611,3472.5837228969904
13953.0,149.0087127685547,6.087397575378418,3472.7227961669996
13954.0,4.5189948081970215,1.2685880661010742,3472.8540001169895
13955.0,4.936825752258301,1.107285737991333,3473.0002103989973
13956.0,20.129785537719727,2.9099280834198,3473.1353731929994
13957.0,16.734142303466797,2.6024057865142822,3473.2522931379935
13958.0,13.389798164367676,1.9013491868972778,3473.3744760779955
13959.0,28.941984176635742,2.33294677734375,3473.50374725899
13960.0,12.717324256896973,1.912772297859192,3473.6376614839974
13961.0,10.068930625915527,1.698055624961853,3473.791158551001
13962.0,45.37344741821289,3.8560757637023926,3473.9302862779878
13963.0,34.775726318359375,2.761258602142334,3474.084091134995
13964.0,10.73888111114502,1.738023042678833,3474.215434777987
13965.0,5.008869647979736,1.0526028871536255,3474.340611498992
13966.0,32.0384521484375,3.0138168334960938,3474.475808962001
13967.0,28.047075271606445,2.6199591159820557,3474.6301472259947
13968.0,28.43088722229004,2.8488941192626953,3474.769426301995
13969.0,21.278121948242188,2.155400037765503,3474.886665507991
13970.0,5.446515083312988,1.45754075050354,3475.022645202989
13971.0,71.58475494384766,3.868896245956421,3475.1445368319983
13972.0,8.3682222366333,1.485090970993042,3475.269909417999
13973.0,8.614880561828613,1.4983059167861938,3475.4061038959917
13974.0,16.584970474243164,2.4411885738372803,3475.542137001001
13975.0,30.18764877319336,2.554884195327759,3475.6700859939883
13976.0,78.28269958496094,5.48933219909668,3475.8157966849976
13977.0,8.029263496398926,1.5794981718063354,3475.948293712994
13978.0,16.43619155883789,1.9739549160003662,3476.069924942989
13979.0,6.005312919616699,1.2017090320587158,3476.1993675419944
13980.0,33.04086685180664,2.4252138137817383,3476.322238861001
13981.0,17.21100616455078,2.045208692550659,3476.454154327992
13982.0,47.29300308227539,3.667874813079834,3476.576287981996
13983.0,6.699112415313721,1.2037608623504639,3476.7297916969983
13984.0,62.30394744873047,4.106203556060791,3476.8616863029893
13985.0,27.614959716796875,2.616546154022217,3476.9961168879963
13986.0,14.108709335327148,1.5026841163635254,3477.1304964339943
13987.0,29.9272403717041,3.532395124435425,3477.2766803409904
13988.0,7.396113872528076,1.36711585521698,3477.406735725992
13989.0,16.398733139038086,1.9676719903945923,3477.551934684001
13990.0,5.588111400604248,1.170650601387024,3477.684468345993
13991.0,12.145223617553711,1.960500955581665,3477.8240487919975
13992.0,212.04409790039062,12.299455642700195,3477.9565321909904
13993.0,26.77410125732422,3.6268985271453857,3478.100016403987
13994.0,24.59567642211914,2.4710805416107178,3478.2368912269885
13995.0,42.77733612060547,3.4151782989501953,3478.373387132
13996.0,34.35392379760742,3.0319926738739014,3478.5081223369925
13997.0,8.17426872253418,1.2709747552871704,3478.6433537529956
13998.0,78.54269409179688,5.066908359527588,3478.782487466
13999.0,17.762760162353516,2.2121026515960693,3478.9421732129995
14000.0,21.586414337158203,2.49843692779541,3479.0811525659956
14001.0,23.296985626220703,3.8169162273406982,3483.3943863959867
14002.0,6.7863545417785645,1.5227020978927612,3483.541631488988
14003.0,91.24022674560547,5.379759311676025,3483.6787466079986
14004.0,11.820266723632812,1.7107653617858887,3483.825697331995
14005.0,16.977645874023438,2.049652576446533,3483.955587778997
14006.0,7.9869704246521,1.490747094154358,3484.099899287001
14007.0,11.4287109375,1.7854158878326416,3484.254909755997
14008.0,4.04082727432251,1.1080642938613892,3484.3849398979946
14009.0,9.785268783569336,1.7762928009033203,3484.519485726996
14010.0,4.698280334472656,0.9164275527000427,3484.645760560001
14011.0,9.758949279785156,1.6009687185287476,3484.7845955269877
14012.0,17.558881759643555,1.9709594249725342,3484.9125118039956
14013.0,6.843836307525635,1.4354346990585327,3485.0301523479866
14014.0,25.887741088867188,1.8439905643463135,3485.1619106709986
14015.0,39.42374038696289,2.575547933578491,3485.2916828749876
14016.0,5.265539646148682,1.1115140914916992,3485.428092263988
14017.0,89.92882537841797,4.361076831817627,3485.5622954459977
14018.0,51.09829330444336,3.635349750518799,3485.706207448995
14019.0,4.854635715484619,1.3018906116485596,3485.8340975549945
14020.0,4.574126720428467,0.9565631747245789,3485.9841063919885
14021.0,221.18626403808594,9.52025032043457,3486.117222804998
14022.0,25.2507381439209,2.6734044551849365,3486.24181965999
14023.0,7.804717540740967,1.5293059349060059,3486.377134520997
14024.0,31.99699592590332,3.952744483947754,3486.5060239239974
14025.0,15.500372886657715,2.0480918884277344,3486.65107743899
14026.0,30.541250228881836,2.613109588623047,3486.7697313009994
14027.0,5.069035053253174,1.0860401391983032,3486.906638542001
14028.0,20.44515037536621,2.629478693008423,3487.039241224993
14029.0,108.96096801757812,5.284657001495361,3487.154824232988
14030.0,46.81447982788086,3.984636068344116,3487.26541308999
14031.0,5.886743545532227,1.05631422996521,3487.383090907999
14032.0,45.87401580810547,2.9361095428466797,3487.5136469259887
14033.0,8.49159049987793,1.775534749031067,3487.6466277309955
14034.0,8.189525604248047,1.7334692478179932,3487.767124952996
14035.0,20.179492950439453,2.517470598220825,3487.8800064789975
14036.0,7.656980037689209,1.3490992784500122,3488.012142695996
14037.0,10.460172653198242,1.381873607635498,3488.1396980579884
14038.0,356.2557373046875,9.872699737548828,3488.2539642599877
14039.0,24.647844314575195,2.832258701324463,3488.3766222429986
14040.0,8.742905616760254,1.3925920724868774,3488.5043818529957
14041.0,11.052666664123535,1.7032314538955688,3488.636995888999
14042.0,44.5493049621582,3.5902066230773926,3488.7794102889893
14043.0,50.49919128417969,5.347087860107422,3488.910331370993
14044.0,250.79464721679688,9.285135269165039,3489.047798003987
14045.0,41.04481506347656,3.2652833461761475,3489.178610480987
14046.0,5.259723663330078,1.1468706130981445,3489.308736289997
14047.0,10.563577651977539,1.7054215669631958,3489.430579296997
14048.0,19.620710372924805,1.899983286857605,3489.5601204609993
14049.0,24.163673400878906,2.6620819568634033,3489.6912276649964
14050.0,55.237606048583984,3.7418670654296875,3489.818354124989
14051.0,13.566317558288574,1.82852303981781,3489.935731651989
14052.0,100.24868774414062,5.012646675109863,3490.0666053199966
14053.0,47.35067367553711,4.652646541595459,3490.199078560996
14054.0,27.515512466430664,2.3034684658050537,3490.3271023790003
14055.0,14.887067794799805,2.2871785163879395,3490.450400993999
14056.0,33.402381896972656,3.1970341205596924,3490.5847622309957
14057.0,6.272963047027588,1.3329890966415405,3490.7083747430006
14058.0,10.709762573242188,1.7723783254623413,3490.856666209991
14059.0,27.13566017150879,2.710458517074585,3490.9971388689883
14060.0,9.711605072021484,1.972365140914917,3491.111683086987
14061.0,9.110983848571777,1.6987855434417725,3491.237865956995
14062.0,5.459804058074951,1.191534399986267,3491.3682097489946
14063.0,45.824222564697266,3.6420233249664307,3491.4847877619904
14064.0,102.18164825439453,6.44067907333374,3491.6177190889866
14065.0,5.30475378036499,1.102439045906067,3491.7374062829913
14066.0,5.257303237915039,1.1161787509918213,3491.871289699993
14067.0,9.120756149291992,1.6434413194656372,3492.0079548599897
14068.0,274.6116943359375,14.399941444396973,3492.138559412997
14069.0,14.370763778686523,2.202209949493408,3492.259250741001
14070.0,38.03914260864258,3.917696714401245,3492.3810884569975
14071.0,34.08320236206055,2.6494433879852295,3492.5083410389925
14072.0,4.484245300292969,1.0195828676223755,3492.6392310309893
14073.0,14.64554214477539,1.6271573305130005,3492.761872302988
14074.0,18.41554832458496,2.256105422973633,3492.913078655998
14075.0,15.819892883300781,2.150717258453369,3493.0417623599933
14076.0,16.155187606811523,2.864258289337158,3493.200843184997
14077.0,15.885433197021484,2.413346529006958,3493.353323356001
14078.0,21.158254623413086,2.0286264419555664,3493.4846769519936
14079.0,22.346851348876953,2.2946219444274902,3493.6481742869946
14080.0,36.856781005859375,3.1049468517303467,3493.76927104099
14081.0,5.138837814331055,1.3839826583862305,3493.8997998949926
14082.0,23.334787368774414,2.2647788524627686,3494.036396736992
14083.0,5.450424671173096,1.256455659866333,3494.1551337779965
14084.0,6.207354545593262,1.0807517766952515,3494.2828635299957
14085.0,17.62195587158203,3.0686051845550537,3494.419294205989
14086.0,26.980485916137695,2.4479637145996094,3494.548224795988
14087.0,25.625732421875,3.099961757659912,3494.6830957489874
14088.0,61.71421432495117,4.271735191345215,3494.814410589999
14089.0,7.371860027313232,1.3893356323242188,3494.9376118149958
14090.0,31.334033966064453,2.9243996143341064,3495.063726408989
14091.0,18.702098846435547,2.205552101135254,3495.212000645988
14092.0,6.300344944000244,1.2734557390213013,3495.3458822190005
14093.0,31.293411254882812,2.5072693824768066,3495.4718642399966
14094.0,9.04334545135498,1.567857027053833,3495.6109209369897
14095.0,11.443011283874512,1.8003950119018555,3495.7580422600004
14096.0,47.49063491821289,2.44743013381958,3495.9338319300005
14097.0,35.07738494873047,2.558030605316162,3496.0697202879965
14098.0,10.752284049987793,1.6922248601913452,3496.221906156992
14099.0,3.8841726779937744,0.9816325306892395,3496.3641577389935
14100.0,42.947174072265625,3.8101770877838135,3496.5154008519894
14101.0,37.89034652709961,3.104447603225708,3500.7409209499892
14102.0,10.682048797607422,1.6202365159988403,3500.904252677996
14103.0,48.92558288574219,3.817317485809326,3501.041207969989
14104.0,11.759788513183594,2.1796555519104004,3501.204042030993
14105.0,78.18598175048828,4.90421724319458,3501.3402642049914
14106.0,41.25130844116211,3.22349214553833,3501.4609593959904
14107.0,14.807637214660645,1.5003819465637207,3501.590752542994
14108.0,31.151174545288086,2.9594171047210693,3501.7402805989987
14109.0,117.06963348388672,6.244655609130859,3501.924308409987
14110.0,216.9978790283203,12.309374809265137,3502.057328964991
14111.0,14.072891235351562,2.4086408615112305,3502.2063736889977
14112.0,43.502838134765625,3.2877681255340576,3502.3972540859977
14113.0,5.502493858337402,1.147840142250061,3502.5777913789934
14114.0,25.29204559326172,2.851597785949707,3502.806384283991
14115.0,259.0870666503906,9.736473083496094,3502.986145428993
14116.0,17.256916046142578,2.0023550987243652,3503.143630901992
14117.0,3.793801784515381,1.142657995223999,3503.2819601899973
14118.0,32.986976623535156,3.1256284713745117,3503.4146551719896
14119.0,39.0568962097168,4.502371311187744,3503.531879629998
14120.0,317.10809326171875,11.090165138244629,3503.6869432889944
14121.0,135.3226318359375,6.144713401794434,3503.8096016859927
14122.0,11.739559173583984,1.4999085664749146,3504.0481595259917
14123.0,24.26197052001953,2.081965684890747,3504.2307573139988
14124.0,10.194682121276855,1.789199948310852,3504.3728571519896
14125.0,5.342349529266357,1.1318669319152832,3504.493750169
14126.0,42.96826171875,3.7403321266174316,3504.612737532996
14127.0,7.289632320404053,1.4022283554077148,3504.74317940099
14128.0,91.57877349853516,2.9983134269714355,3504.8807605829934
14129.0,54.54796600341797,4.57551383972168,3505.015388846994
14130.0,7.4403076171875,1.5314006805419922,3505.179162731991
14131.0,20.31806182861328,2.572262763977051,3505.30421206099
14132.0,52.93470764160156,4.293997287750244,3505.4241513949964
14133.0,30.180177688598633,3.0587666034698486,3505.5578282700008
14134.0,96.29991149902344,5.0943756103515625,3505.6922893049923
14135.0,19.371671676635742,1.949409008026123,3505.833940019991
14136.0,6.091156005859375,1.6900566816329956,3505.976189449997
14137.0,11.02589225769043,1.5141578912734985,3506.096561829996
14138.0,224.19139099121094,7.417027950286865,3506.222121599989
14139.0,39.73674011230469,3.0449106693267822,3506.3587176459987
14140.0,25.024551391601562,2.0838348865509033,3506.477004569999
14141.0,17.930850982666016,2.3034753799438477,3506.607343860989
14142.0,61.56264114379883,4.089138031005859,3506.7455408749956
14143.0,22.63873291015625,2.6034536361694336,3506.8808430189965
14144.0,67.1630859375,3.9222524166107178,3507.0352481309965
14145.0,15.365028381347656,1.5813789367675781,3507.166918017989
14146.0,6.666418075561523,1.1174383163452148,3507.324175741989
14147.0,29.584266662597656,3.575195550918579,3507.4632008039916
14148.0,8.807243347167969,1.472007155418396,3507.621439797993
14149.0,5.264640808105469,1.0995705127716064,3507.7784253839927
14150.0,13.415143013000488,2.2196335792541504,3507.9267488059995
14151.0,10.466523170471191,1.9591474533081055,3508.0969085779943
14152.0,5.147222995758057,1.3132009506225586,3508.247147217
14153.0,29.223379135131836,2.2936813831329346,3508.383576246997
14154.0,4.656816005706787,1.04010009765625,3508.5701330859883
14155.0,5.707152366638184,1.4111484289169312,3508.919439432997
14156.0,46.2624626159668,2.3802130222320557,3509.089481991992
14157.0,13.55455207824707,1.6982734203338623,3509.2598752279882
14158.0,61.89388656616211,4.140212059020996,3509.4345441539917
14159.0,4.768333435058594,1.1903468370437622,3509.595135572992
14160.0,5.852485656738281,1.204092025756836,3509.8455441650003
14161.0,13.497416496276855,1.9299595355987549,3510.065436983001
14162.0,19.452980041503906,2.5563600063323975,3510.2153081079887
14163.0,16.623849868774414,2.2571849822998047,3510.4314707039885
14164.0,9.369071006774902,1.342211365699768,3510.5861755929946
14165.0,6.573324680328369,1.369059443473816,3510.7807790959923
14166.0,132.6215362548828,5.8123555183410645,3510.909349272988
14167.0,19.910905838012695,1.8289498090744019,3511.101719606988
14168.0,16.72007179260254,2.2620749473571777,3511.244547973998
14169.0,52.73468017578125,3.2334280014038086,3511.4325697780005
14170.0,7.5353875160217285,1.4759547710418701,3511.602731573992
14171.0,7.0424957275390625,1.4673880338668823,3511.837083911989
14172.0,309.2593078613281,14.350869178771973,3511.98278604199
14173.0,27.957996368408203,2.1813690662384033,3512.1867473739985
14174.0,3.838960647583008,0.910203754901886,3512.3183956079884
14175.0,8.151269912719727,1.6815006732940674,3512.481695112001
14176.0,7.446430206298828,1.473799467086792,3512.618145708999
14177.0,35.263832092285156,2.7755961418151855,3512.7835718079878
14178.0,9.653606414794922,1.7397043704986572,3512.9212215829903
14179.0,11.066171646118164,2.2840707302093506,3513.05789027999
14180.0,14.042811393737793,1.9356181621551514,3513.2291216769954
14181.0,5.15866756439209,1.1488323211669922,3513.4955037559994
14182.0,117.05371856689453,5.979757785797119,3513.684116682998
14183.0,23.27054214477539,2.4695096015930176,3513.88207570299
14184.0,53.14103698730469,3.396564245223999,3514.0584429789888
14185.0,9.164381980895996,1.4341233968734741,3514.2518217489996
14186.0,2.9333138465881348,0.8757218718528748,3514.4334440329985
14187.0,7.413603782653809,1.4333741664886475,3514.6108061599953
14188.0,27.363723754882812,2.5631766319274902,3514.8898710209905
14189.0,15.274832725524902,2.0645174980163574,3515.057177947994
14190.0,16.7849063873291,1.9982821941375732,3515.3004613179946
14191.0,5.424531936645508,1.4497580528259277,3515.433402999988
14192.0,97.09292602539062,4.725087642669678,3515.6590797429963
14193.0,21.357282638549805,2.085357427597046,3515.877062003987
14194.0,6.725437641143799,1.7316348552703857,3516.062719493988
14195.0,43.79301071166992,2.95249080657959,3516.2347316239902
14196.0,6.6940507888793945,1.4146606922149658,3516.4085143479897
14197.0,5.8072099685668945,1.1787457466125488,3516.563032923994
14198.0,154.70407104492188,6.737834930419922,3516.7635693799966
14199.0,18.09491729736328,2.1086013317108154,3516.9241936469916
14200.0,7.0009846687316895,1.4929375648498535,3517.153998662994
14201.0,24.55437469482422,2.9885809421539307,3526.428799737987
14202.0,72.06114196777344,3.5501372814178467,3526.616824533994
14203.0,66.51901245117188,3.8153738975524902,3526.795248429
14204.0,44.79756546020508,3.60115909576416,3526.988039852993
14205.0,2.6820120811462402,0.8211532831192017,3527.182453556001
14206.0,27.636350631713867,3.118962049484253,3527.3767153809895
14207.0,10.528853416442871,1.6541471481323242,3527.578224382989
14208.0,34.31917190551758,2.8860206604003906,3527.7512871139916
14209.0,5.586767673492432,1.1313055753707886,3527.9050637249893
14210.0,15.308723449707031,2.088050127029419,3528.083172298997
14211.0,12.316535949707031,1.5214653015136719,3528.259106357
14212.0,45.9338493347168,3.0482163429260254,3528.4329337909876
14213.0,18.148025512695312,2.0302393436431885,3528.611206439993
14214.0,15.538511276245117,1.8425723314285278,3528.789600605989
14215.0,36.698055267333984,2.1680729389190674,3528.962272505989
14216.0,141.269287109375,7.519063949584961,3529.157435763991
14217.0,43.709651947021484,3.404662609100342,3529.3485362059873
14218.0,30.116552352905273,2.527143955230713,3529.527530966996
14219.0,39.9826545715332,3.301602840423584,3529.6861210999923
14220.0,41.11967468261719,3.993405342102051,3529.9048803319893
14221.0,55.28329849243164,3.879833221435547,3530.1059724689985
14222.0,18.953561782836914,2.559372901916504,3530.283067350989
14223.0,30.96860122680664,3.1417627334594727,3530.5042746289982
14224.0,6.11496639251709,1.2572423219680786,3530.724770019995
14225.0,17.00530433654785,2.453390121459961,3530.9491727559944
14226.0,84.86531066894531,4.709728240966797,3531.1200364399992
14227.0,41.87668228149414,2.8882250785827637,3531.2958142949938
14228.0,42.93231964111328,2.952810764312744,3531.501508743997
14229.0,6.512716293334961,1.2852946519851685,3531.67288054699
14230.0,19.501657485961914,2.4577720165252686,3531.8333990089886
14231.0,34.689239501953125,2.648972749710083,3531.999563435995
14232.0,19.161170959472656,3.152523994445801,3532.1765818269923
14233.0,35.13616180419922,3.0376622676849365,3532.3341283189948
14234.0,44.631492614746094,3.1252591609954834,3532.4971954649955
14235.0,8.401869773864746,1.518444299697876,3532.683892683999
14236.0,38.431793212890625,2.769528388977051,3532.865088936989
14237.0,6.9099907875061035,1.5129163265228271,3533.0387233419897
14238.0,5.489086627960205,1.1169108152389526,3533.206950642998
14239.0,10.717270851135254,1.8007373809814453,3533.376490139999
14240.0,5.523409843444824,1.0687428712844849,3533.558073250999
14241.0,28.67743492126465,3.5815539360046387,3533.7235716219875
14242.0,10.503567695617676,1.6621208190917969,3533.924063061
14243.0,9.180414199829102,1.5146139860153198,3534.104145127989
14244.0,45.38427734375,3.6653077602386475,3534.2746557889914
14245.0,7.783117771148682,1.5157575607299805,3534.4667931189906
14246.0,106.37846374511719,4.659457683563232,3534.6781998779916
14247.0,10.23215103149414,2.332476854324341,3534.885332987993
14248.0,19.68266487121582,2.7270939350128174,3535.0838892399915
14249.0,24.267690658569336,2.1792831420898438,3535.2493258859904
14250.0,19.512958526611328,2.0941169261932373,3535.42807927799
14251.0,27.075002670288086,2.5701160430908203,3535.609120501991
14252.0,27.68117904663086,3.261610984802246,3535.7669485339866
14253.0,32.50864028930664,2.556340217590332,3535.94275536199
14254.0,38.31421661376953,2.994486093521118,3536.145349062994
14255.0,228.7811737060547,10.134844779968262,3536.3530203929986
14256.0,7.10148811340332,1.3147408962249756,3536.5236560099875
14257.0,31.591449737548828,3.332573175430298,3536.715063085998
14258.0,3.728818416595459,0.8777285814285278,3536.9130283289996
14259.0,37.323272705078125,3.8781745433807373,3537.0720468299987
14260.0,10.663346290588379,1.956487774848938,3537.2519714829978
14261.0,20.806625366210938,2.5045602321624756,3537.4445937919954
14262.0,20.863754272460938,3.4545881748199463,3537.6396497019887
14263.0,20.26287841796875,2.0253818035125732,3537.813653139994
14264.0,27.29922866821289,3.0701606273651123,3537.9916303899954
14265.0,45.748382568359375,3.187084197998047,3538.1606141739903
14266.0,13.0685453414917,1.9652249813079834,3538.376870299995
14267.0,32.43153762817383,3.3304684162139893,3538.561742659993
14268.0,13.148676872253418,1.9584095478057861,3538.7272893369955
14269.0,33.81956481933594,3.084040880203247,3538.9128405899974
14270.0,13.229134559631348,1.7618727684020996,3539.094014670991
14271.0,24.38822364807129,2.7232823371887207,3539.27428998299
14272.0,7.916019439697266,1.4497531652450562,3539.452638429997
14273.0,276.2664794921875,8.588568687438965,3539.622666272
14274.0,8.228791236877441,1.467699646949768,3539.789562591992
14275.0,26.535247802734375,3.070103645324707,3539.984667067998
14276.0,7.249096393585205,1.5075085163116455,3540.140973073998
14277.0,46.63680648803711,4.4393744468688965,3540.29748506099
14278.0,6.884916305541992,1.7821979522705078,3540.463889226987
14279.0,19.45453643798828,1.6736034154891968,3540.649869005996
14280.0,24.16326332092285,2.91873836517334,3540.83416333099
14281.0,76.03002166748047,4.8081231117248535,3541.016726335991
14282.0,10.499404907226562,1.397322654724121,3541.1833675649978
14283.0,26.090667724609375,2.9904117584228516,3541.3492384729907
14284.0,62.85956954956055,3.8051085472106934,3541.5088827109867
14285.0,11.188288688659668,1.6024746894836426,3541.6713723959983
14286.0,23.416536331176758,3.2632319927215576,3541.84207113499
14287.0,4.574425220489502,1.0236239433288574,3542.0168243489898
14288.0,36.78875732421875,2.818852186203003,3542.1951085549954
14289.0,7.078575611114502,1.443161964416504,3542.3549013029988
14290.0,8.700550079345703,1.6209715604782104,3542.5330007879966
14291.0,5.982966423034668,1.124900460243225,3542.7187023259903
14292.0,10.624125480651855,1.8433812856674194,3542.8744667529973
14293.0,103.80913543701172,4.758520603179932,3543.044908480995
14294.0,7.635940074920654,1.3030502796173096,3543.2157132079883
14295.0,6.661879062652588,1.5469568967819214,3543.3707632389996
14296.0,1.8991951942443848,0.6796665787696838,3543.5510313019913
14297.0,16.445068359375,1.6984612941741943,3543.7473295269883
14298.0,24.503578186035156,3.9723334312438965,3543.9361440399953
14299.0,85.67853546142578,2.949462413787842,3544.11405340099
14300.0,34.12843704223633,2.155174493789673,3544.302697645995
14301.0,13.292327880859375,1.8790709972381592,3551.9441504319984
14302.0,57.92271423339844,3.579251766204834,3552.1924746079894
14303.0,9.475607872009277,1.384893536567688,3552.362475103
14304.0,6.349942684173584,1.5932711362838745,3552.515029666989
14305.0,7.717889785766602,1.4825764894485474,3552.6790202150005
14306.0,31.353967666625977,2.457817792892456,3552.8524961939984
14307.0,48.214813232421875,3.608276605606079,3553.047777972999
14308.0,20.18315887451172,2.132112741470337,3553.205558638001
14309.0,6.048906326293945,1.1943975687026978,3553.3858589459996
14310.0,4.987063884735107,1.3525283336639404,3553.5490409099875
14311.0,21.806232452392578,2.131390333175659,3553.7374675269966
14312.0,24.23301887512207,2.201409101486206,3553.9111462049914
14313.0,31.10375213623047,2.529327154159546,3554.142515982996
14314.0,7.81933069229126,1.5721240043640137,3554.370249529995
14315.0,41.722957611083984,3.1903202533721924,3554.558934193992
14316.0,12.112495422363281,2.438610553741455,3554.7622742649983
14317.0,12.21000862121582,1.5006176233291626,3554.947205296994
14318.0,68.97296142578125,4.209834098815918,3555.132361204989
14319.0,51.150142669677734,3.7143890857696533,3555.344464154987
14320.0,83.81752014160156,4.561143398284912,3555.493864313001
14321.0,325.69500732421875,14.491917610168457,3555.818519960987
14322.0,23.786697387695312,2.145190715789795,3555.999848185995
14323.0,23.054943084716797,2.518730640411377,3556.182103831001
14324.0,5.6025848388671875,1.130604863166809,3556.451686785993
14325.0,8.092082977294922,1.719912052154541,3556.5947260709945
14326.0,17.13157081604004,2.007084846496582,3556.7803028859926
14327.0,36.04925537109375,3.198617458343506,3556.9563613279897
14328.0,60.455841064453125,3.1090705394744873,3557.1760264769982
14329.0,18.758920669555664,2.290360927581787,3557.4047574559954
14330.0,14.381842613220215,2.280700206756592,3557.6364917259925
14331.0,139.43650817871094,7.877577304840088,3557.82280723899
14332.0,5.575755596160889,1.0743598937988281,3558.002061727995
14333.0,527.824951171875,16.132339477539062,3558.171662772991
14334.0,25.674541473388672,2.817356586456299,3558.360810940998
14335.0,128.77249145507812,5.742415904998779,3558.511578968988
14336.0,7.186404228210449,1.40281081199646,3558.680760359988
14337.0,6.406911849975586,1.2951090335845947,3558.90965510199
14338.0,10.66462516784668,2.0320990085601807,3559.131543451993
14339.0,16.150440216064453,1.7849557399749756,3559.2674053480005
14340.0,27.827688217163086,4.23286247253418,3559.434922020999
14341.0,20.136333465576172,2.630587100982666,3559.605341502989
14342.0,48.30709457397461,3.8725600242614746,3559.7871707919985
14343.0,9.289544105529785,1.849967360496521,3559.972269545993
14344.0,8.42419147491455,1.5369993448257446,3560.133549885999
14345.0,2.837308645248413,0.9044190645217896,3560.3723917889874
14346.0,8.17160415649414,1.4079623222351074,3560.55122489699
14347.0,9.728193283081055,1.6405746936798096,3560.719698461995
14348.0,9.85205364227295,1.3886131048202515,3560.9159137629904
14349.0,11.095680236816406,1.7023550271987915,3561.104721070995
14350.0,50.047672271728516,3.7171247005462646,3561.2975755049993
14351.0,18.0524845123291,2.107011318206787,3561.4838399449945
14352.0,64.01394653320312,3.883962869644165,3561.6469005049876
14353.0,276.2454833984375,10.925599098205566,3561.88785278899
14354.0,12.172317504882812,1.909672737121582,3562.065540479991
14355.0,12.296913146972656,1.5923831462860107,3562.229377094991
14356.0,11.369626998901367,1.615519404411316,3562.4599244059937
14357.0,23.45728302001953,2.4328651428222656,3562.6536760929885
14358.0,22.54422378540039,2.258126735687256,3562.8150035989966
14359.0,6.2924017906188965,1.1955152750015259,3562.9640856279875
14360.0,70.30729675292969,4.457540988922119,3563.127449066
14361.0,138.45802307128906,6.975465774536133,3563.317095691993
14362.0,21.300121307373047,2.6918067932128906,3563.5035391959973
14363.0,6.938336372375488,1.1554028987884521,3563.695308094
14364.0,472.1280822753906,14.563774108886719,3563.899276785989
14365.0,36.8355598449707,2.5055930614471436,3564.059996497992
14366.0,11.745331764221191,2.179361343383789,3564.2986639070004
14367.0,295.8201904296875,12.49221420288086,3564.468308226991
14368.0,6.037276744842529,1.2083262205123901,3564.704926377992
14369.0,17.145219802856445,2.282893657684326,3564.8606709199958
14370.0,11.301589012145996,1.3807473182678223,3565.071586654987
14371.0,5.493340015411377,1.11447012424469,3565.2408349659963
14372.0,18.76864242553711,2.153709650039673,3565.3909127209918
14373.0,38.39985275268555,3.229085683822632,3565.535521794998
14374.0,40.263362884521484,3.142197847366333,3565.8113876549905
14375.0,108.06452941894531,4.914097785949707,3566.062457259992
14376.0,6.250122547149658,1.6697137355804443,3566.2095971489907
14377.0,73.05704498291016,4.0896830558776855,3566.3980718139937
14378.0,21.671817779541016,2.188135862350464,3566.541362800999
14379.0,8.899784088134766,1.3501774072647095,3566.755314785987
14380.0,16.852920532226562,2.1080338954925537,3566.9377779700008
14381.0,5.385927677154541,1.0139224529266357,3567.1025188119966
14382.0,3.658212900161743,0.900903582572937,3567.301925718988
14383.0,3.326104164123535,0.936130940914154,3567.465365333992
14384.0,39.22747802734375,3.5722343921661377,3567.670705231998
14385.0,20.598209381103516,2.4833621978759766,3567.8100725609984
14386.0,24.09307289123535,2.2096402645111084,3567.9643993039936
14387.0,46.608428955078125,3.4343292713165283,3568.126157622988
14388.0,52.419769287109375,2.8819894790649414,3568.3491416809993
14389.0,6.908507347106934,1.5058735609054565,3568.5552983119996
14390.0,43.365135192871094,3.746298313140869,3568.7557573800004
14391.0,51.342063903808594,3.973726272583008,3568.9732582989964
14392.0,17.6339168548584,1.9911469221115112,3569.1807177009905
14393.0,214.97064208984375,12.26597785949707,3569.3605872209882
14394.0,20.584829330444336,2.36671781539917,3569.5387288259953
14395.0,9.742061614990234,1.7875995635986328,3569.754745429993
14396.0,12.669134140014648,1.8447883129119873,3569.9410574609938
14397.0,35.24412155151367,2.5696916580200195,3570.1658637139917
14398.0,27.03751564025879,2.8170650005340576,3570.3584626069933
14399.0,8.325340270996094,1.204992651939392,3570.5396864219947
14400.0,7.491287708282471,1.3961683511734009,3570.7242624520004
14401.0,9.472111701965332,1.795810341835022,3577.266047410987
14402.0,38.42343521118164,3.213385581970215,3577.487933119992
14403.0,3.1872398853302,0.9402608871459961,3577.679322377997
14404.0,5.8705034255981445,1.2603604793548584,3577.9122317449946
14405.0,14.679967880249023,1.912180781364441,3578.137462521001
14406.0,100.88624572753906,5.094061374664307,3578.394779033988
14407.0,6.621147155761719,1.3492292165756226,3578.5960375769937
14408.0,22.697635650634766,2.6740469932556152,3578.776709845988
14409.0,3.621022939682007,1.051696538925171,3578.995010218001
14410.0,15.149435997009277,2.457498550415039,3579.1658692039928
14411.0,34.3701171875,4.668877601623535,3579.3684082499967
14412.0,161.06629943847656,6.853908538818359,3579.607582668992
14413.0,30.206857681274414,2.9232563972473145,3579.817289655999
14414.0,29.46902847290039,2.356215000152588,3580.047338373988
14415.0,27.477201461791992,2.15604829788208,3580.2762930759927
14416.0,23.937856674194336,2.876845359802246,3580.509248739996
14417.0,5.584410190582275,1.567558765411377,3580.7156086819887
14418.0,72.32719421386719,3.747699499130249,3580.9409411059896
14419.0,19.765535354614258,3.019631862640381,3581.1117113699875
14420.0,12.804377555847168,1.7645260095596313,3581.315414673998
14421.0,28.426855087280273,2.5028860569000244,3581.5562401029892
14422.0,13.408742904663086,1.9996585845947266,3581.7499659919995
14423.0,29.29816246032715,2.4126060009002686,3581.913845571995
14424.0,6.446736812591553,1.32694411277771,3582.0849280389957
14425.0,58.43854904174805,3.918475866317749,3582.267459098992
14426.0,34.6788444519043,3.2295279502868652,3582.44621091499
14427.0,21.3488826751709,1.52559494972229,3582.6496348189976
14428.0,8.161859512329102,1.2541310787200928,3582.823727267998
14429.0,38.63360595703125,3.03159761428833,3583.005412761995
14430.0,3.8608813285827637,1.126841425895691,3583.193381510995
14431.0,65.32135009765625,4.0560455322265625,3583.376746834998
14432.0,250.87353515625,13.487899780273438,3583.547035853
14433.0,13.791938781738281,1.5167689323425293,3583.7414421489957
14434.0,76.8998031616211,4.3813371658325195,3583.9219316809904
14435.0,86.27257537841797,5.184300899505615,3584.0972132719908
14436.0,12.773679733276367,1.4825080633163452,3584.2894413689937
14437.0,31.984132766723633,2.6465048789978027,3584.475520588996
14438.0,6.144511699676514,1.2465026378631592,3584.6410267409956
14439.0,7.2294440269470215,1.4818663597106934,3584.808512863994
14440.0,4.617578983306885,1.0439223051071167,3584.9968741219927
14441.0,70.24562072753906,3.279391050338745,3585.19162944
14442.0,24.962095260620117,2.485286235809326,3585.3578461669968
14443.0,56.32733154296875,4.12075138092041,3585.5185543179978
14444.0,12.909098625183105,2.2109272480010986,3585.6749998519954
14445.0,25.722219467163086,2.2351768016815186,3585.8569570919935
14446.0,10.563397407531738,1.1915253400802612,3586.033516913987
14447.0,48.859683990478516,3.7610268592834473,3586.2311544159893
14448.0,11.85511589050293,1.4945839643478394,3586.51417794
14449.0,9.48459529876709,1.6234910488128662,3586.686448952998
14450.0,6.695741653442383,1.5195180177688599,3586.8598779530003
14451.0,42.85360336303711,4.207561492919922,3587.0394635569974
14452.0,40.58566665649414,2.5038795471191406,3587.206782522
14453.0,8.279556274414062,1.5399216413497925,3587.379273819999
14454.0,74.01307678222656,4.761356353759766,3587.5715855699964
14455.0,46.06144714355469,2.600707769393921,3587.753301044999
14456.0,37.66774368286133,3.59472918510437,3587.9207438679878
14457.0,30.985260009765625,3.407994270324707,3588.0972871699923
14458.0,110.64556884765625,4.611757755279541,3588.256171082001
14459.0,9.394719123840332,1.6611781120300293,3588.4187558509875
14460.0,8.137884140014648,1.521302580833435,3588.575771536998
14461.0,24.837474822998047,2.6622214317321777,3588.74533754999
14462.0,14.313185691833496,1.9163942337036133,3588.9408561939927
14463.0,29.649961471557617,2.770707845687866,3589.1159041599894
14464.0,16.546804428100586,1.5948375463485718,3589.2806801059924
14465.0,13.483841896057129,1.93729829788208,3589.459934396
14466.0,22.787263870239258,3.0274975299835205,3589.62287756399
14467.0,6.162456035614014,1.1697083711624146,3589.7935105020006
14468.0,40.45847702026367,4.474839687347412,3589.977744716991
14469.0,98.49911499023438,4.042335033416748,3590.1402605919866
14470.0,20.036277770996094,2.5033915042877197,3590.3075480699918
14471.0,5.173084259033203,1.1017122268676758,3590.502472780994
14472.0,5.398465633392334,1.2520986795425415,3590.6721631909895
14473.0,29.904632568359375,2.9244508743286133,3590.8448541439866
14474.0,20.696002960205078,1.8938010931015015,3591.015043446998
14475.0,272.7412109375,8.653487205505371,3591.2143943479896
14476.0,7.384671211242676,1.4541071653366089,3591.4114140429883
14477.0,11.179003715515137,1.6055916547775269,3591.633816443995
14478.0,369.33831787109375,12.261544227600098,3591.7981154949957
14479.0,6.4185261726379395,1.0506778955459595,3591.9612990339956
14480.0,193.61410522460938,8.709421157836914,3592.1487367829977
14481.0,26.57337188720703,2.723989725112915,3592.321734612997
14482.0,74.2734375,5.050136089324951,3592.485922681997
14483.0,13.62663459777832,2.0542073249816895,3592.661914008
14484.0,10.091394424438477,1.5648250579833984,3592.824819841
14485.0,35.84629821777344,3.764667510986328,3592.9996119649877
14486.0,55.91203308105469,4.039203643798828,3593.1725023649924
14487.0,12.122906684875488,2.0744736194610596,3593.350400669995
14488.0,23.730594635009766,2.3689165115356445,3593.5275010719924
14489.0,33.71305847167969,3.0582480430603027,3593.731074692987
14490.0,8.536702156066895,1.2492094039916992,3593.917216336995
14491.0,24.335771560668945,2.402364492416382,3594.088380118992
14492.0,10.657231330871582,1.9626648426055908,3594.254500584997
14493.0,32.613189697265625,2.836928129196167,3594.4656524210004
14494.0,20.77703285217285,2.5797464847564697,3594.633750902998
14495.0,71.56423950195312,4.664414882659912,3594.8293707329867
14496.0,33.929115295410156,3.2947769165039062,3595.0238503199944
14497.0,21.817537307739258,1.9115071296691895,3595.2038324059977
14498.0,208.22503662109375,7.1638503074646,3595.39082291699
14499.0,31.651901245117188,2.6030609607696533,3595.580068534997
14500.0,27.22121238708496,2.7963876724243164,3595.767972457994
14501.0,11.778132438659668,1.7607460021972656,3601.8023116689874
14502.0,14.191326141357422,2.291201114654541,3601.985801967996
14503.0,35.41579818725586,2.16241717338562,3602.150227303995
14504.0,15.997312545776367,1.5112740993499756,3602.3894471719977
14505.0,15.838981628417969,2.4862513542175293,3602.569438865001
14506.0,19.366037368774414,2.0055153369903564,3602.730701080989
14507.0,10.967723846435547,1.6272979974746704,3603.023082296
14508.0,29.72891616821289,3.6394827365875244,3603.2099561349896
14509.0,7.463799476623535,1.573074460029602,3603.4026045569917
14510.0,31.439144134521484,2.867635726928711,3603.6219199079933
14511.0,14.705904006958008,2.6614887714385986,3603.8148136009986
14512.0,6.754576206207275,1.3683279752731323,3604.012097148996
14513.0,16.4984073638916,2.277977705001831,3604.2675194699987
14514.0,43.151893615722656,3.0326502323150635,3604.4272194679943
14515.0,21.176158905029297,1.8982186317443848,3604.6310096379893
14516.0,14.40732479095459,1.973298192024231,3604.7883611669968
14517.0,346.99481201171875,15.27926254272461,3605.0001839999895
14518.0,53.218910217285156,3.797271966934204,3605.1518334819993
14519.0,7.051330089569092,1.3360801935195923,3605.3066504789895
14520.0,37.75349807739258,2.7850944995880127,3605.4621557189967
14521.0,12.484164237976074,2.0045182704925537,3605.657201885988
14522.0,5.789743900299072,1.4333209991455078,3605.8405407529935
14523.0,5.0625529289245605,1.1070700883865356,3606.002136807001
14524.0,28.40578269958496,2.533360004425049,3606.1749451499927
14525.0,5.200201511383057,1.349374771118164,3606.334816612987
14526.0,22.861711502075195,2.5583853721618652,3606.5658419669926
14527.0,7.3000874519348145,1.1847875118255615,3606.7755133839964
14528.0,33.405433654785156,2.8733584880828857,3606.9625571809884
14529.0,72.9036636352539,3.6230392456054688,3607.2131027219875
14530.0,57.476871490478516,3.7821736335754395,3607.384026668995
14531.0,9.307957649230957,1.639137864112854,3607.5986674799933
14532.0,40.775760650634766,3.1624066829681396,3607.8253063009906
14533.0,6.882224082946777,1.270055890083313,3608.0507730120007
14534.0,4.549036979675293,1.0443204641342163,3608.239888031996
14535.0,67.57987976074219,6.19393253326416,3608.513798216998
14536.0,101.56822967529297,4.227092742919922,3608.7055638689926
14537.0,8.781681060791016,1.507402777671814,3608.874254325987
14538.0,9.816110610961914,1.6002906560897827,3609.074155934999
14539.0,7.527528285980225,1.5730518102645874,3609.2475495249964
14540.0,46.935096740722656,4.127321243286133,3609.4950904419966
14541.0,4.664922714233398,1.2051434516906738,3609.653636456991
14542.0,26.216339111328125,2.686868906021118,3609.810853965988
14543.0,23.23892593383789,2.2612836360931396,3609.968550763995
14544.0,11.365342140197754,1.8475216627120972,3610.1389226559986
14545.0,8.140874862670898,1.2622015476226807,3610.299764083
14546.0,16.29121208190918,2.1146602630615234,3610.4783562839875
14547.0,5.593451023101807,1.295103907585144,3610.6860358709964
14548.0,15.86019229888916,1.804774522781372,3610.844322697987
14549.0,16.566606521606445,2.7359933853149414,3611.0165745559934
14550.0,6.336569786071777,1.4413901567459106,3611.1853593720007
14551.0,7.012111663818359,1.3040030002593994,3611.3564662889985
14552.0,12.316142082214355,1.6611570119857788,3611.521628385992
14553.0,12.742293357849121,1.9861867427825928,3611.6947750379913
14554.0,278.0633544921875,10.176945686340332,3611.8496377539996
14555.0,12.006768226623535,1.9073622226715088,3612.0215216279903
14556.0,36.037540435791016,3.070556163787842,3612.1923191349924
14557.0,16.928579330444336,1.7104192972183228,3612.3665069159906
14558.0,14.060199737548828,1.7655266523361206,3612.5419324989925
14559.0,29.845441818237305,2.5211920738220215,3612.724935042992
14560.0,22.179773330688477,2.0728464126586914,3613.0248286709975
14561.0,25.828516006469727,2.7443020343780518,3613.194465676992
14562.0,60.55653381347656,2.8486673831939697,3613.3666106729943
14563.0,41.46305465698242,2.6610095500946045,3613.569349526995
14564.0,8.527722358703613,1.4071170091629028,3613.8251632209867
14565.0,131.15847778320312,7.201045513153076,3614.0578954499942
14566.0,4.762452602386475,0.9195600152015686,3614.240931181994
14567.0,93.86140441894531,4.402066230773926,3614.442283010998
14568.0,15.48704719543457,2.167177438735962,3614.626939347989
14569.0,25.323802947998047,2.992896795272827,3614.8378695389983
14570.0,43.77534103393555,3.450376510620117,3614.994400951997
14571.0,46.03733444213867,3.580843210220337,3615.182039708001
14572.0,17.833251953125,2.2129666805267334,3615.405596981989
14573.0,13.611027717590332,2.147707462310791,3615.5973791799915
14574.0,21.085796356201172,3.2865490913391113,3615.7950173069985
14575.0,45.21562576293945,3.459200859069824,3615.966874376987
14576.0,7.488090991973877,1.4373365640640259,3616.144696532996
14577.0,29.74140739440918,2.5693976879119873,3616.3341983360006
14578.0,5.307625770568848,1.0386930704116821,3616.5397405279946
14579.0,41.446990966796875,2.905795097351074,3616.7359147919924
14580.0,40.188743591308594,3.0829246044158936,3616.9228999229963
14581.0,22.995378494262695,2.1402502059936523,3617.1022284270002
14582.0,10.593594551086426,1.6440904140472412,3617.3026600449957
14583.0,87.83148956298828,4.662178993225098,3617.461541783996
14584.0,31.15231704711914,2.456369161605835,3617.6358214489883
14585.0,31.437990188598633,2.8662991523742676,3617.832402720989
14586.0,76.30842590332031,2.7294859886169434,3618.028738453999
14587.0,71.7618408203125,3.963942050933838,3618.2264092979894
14588.0,10.847893714904785,1.8469948768615723,3618.417335355989
14589.0,132.95834350585938,6.196226596832275,3618.5930987829925
14590.0,8.305646896362305,1.634787678718567,3618.7639719059953
14591.0,39.043983459472656,2.814100742340088,3618.925627284989
14592.0,19.296916961669922,1.7600420713424683,3619.082428716996
14593.0,3.3315234184265137,0.900079071521759,3619.2767404959886
14594.0,44.17647933959961,3.598515033721924,3619.4406409749936
14595.0,6.641227722167969,1.3145486116409302,3619.6200830949965
14596.0,165.7937469482422,7.278387069702148,3619.8363197319995
14597.0,130.14419555664062,5.954540729522705,3620.016672375001
14598.0,10.948018074035645,1.9541311264038086,3620.204575538999
14599.0,9.371374130249023,1.3641072511672974,3620.3773376249883
14600.0,13.494446754455566,2.1151466369628906,3620.5831410419923
14601.0,7.7286696434021,1.603986382484436,3625.2123029789946
14602.0,23.86746597290039,3.1480019092559814,3625.3898498329945
14603.0,21.049619674682617,2.1740963459014893,3625.5591350319883
14604.0,20.70834732055664,2.432138681411743,3625.7471745309886
14605.0,18.87005043029785,1.8620541095733643,3625.920149321988
14606.0,8.092657089233398,1.7317028045654297,3626.0940672539873
14607.0,79.04519653320312,5.257867813110352,3626.2801036929886
14608.0,16.745765686035156,2.140540599822998,3626.461829914988
14609.0,6.836403846740723,1.3352155685424805,3626.6543983059964
14610.0,38.549224853515625,2.4176812171936035,3626.8307963839907
14611.0,40.29214859008789,3.0198304653167725,3626.9904329239944
14612.0,32.502037048339844,2.807586431503296,3627.1780239569925
14613.0,301.7417907714844,10.8112211227417,3627.3523710939917
14614.0,15.059879302978516,2.190303087234497,3627.5399544179963
14615.0,325.26129150390625,15.099949836730957,3627.719137490989
14616.0,3.844054698944092,1.1016733646392822,3627.9391330689978
14617.0,15.882514953613281,2.138519287109375,3628.1579300469893
14618.0,5.881989002227783,1.2721574306488037,3628.3410251319874
14619.0,8.138212203979492,1.246975302696228,3628.516204804997
14620.0,20.444644927978516,2.3000805377960205,3628.6795743999974
14621.0,17.71146583557129,2.50943660736084,3628.8761874229967
14622.0,18.39339256286621,2.5778775215148926,3629.0728549779888
14623.0,18.552152633666992,1.9354864358901978,3629.3124978509877
14624.0,15.432019233703613,2.1264808177948,3629.539613542991
14625.0,9.523025512695312,1.5622472763061523,3629.72047148399
14626.0,28.367277145385742,2.410174608230591,3629.882353885987
14627.0,12.6992769241333,2.5614449977874756,3630.0843262449926
14628.0,32.68220901489258,3.333458185195923,3630.264552701992
14629.0,4.2737040519714355,1.1319953203201294,3630.4222199679934
14630.0,28.248647689819336,2.9867420196533203,3630.614241860996
14631.0,8.54524040222168,1.4658994674682617,3630.7912092759943
14632.0,26.8623104095459,2.8916313648223877,3630.951497994989
14633.0,5.7638630867004395,1.0814502239227295,3631.117662362987
14634.0,34.9671516418457,2.0786514282226562,3631.3573533509916
14635.0,7.507171154022217,1.3700534105300903,3631.564279209997
14636.0,19.268985748291016,2.4048666954040527,3631.7656696679915
14637.0,4.868819236755371,1.3172457218170166,3631.9343850779987
14638.0,19.79021644592285,3.323810338973999,3632.112493952998
14639.0,115.53804016113281,5.510443210601807,3632.297405253994
14640.0,24.99604606628418,2.4383673667907715,3632.466526780001
14641.0,5.88578462600708,1.6171365976333618,3632.669960897998
14642.0,11.168824195861816,1.8071225881576538,3632.934532988991
14643.0,16.455242156982422,2.184718608856201,3633.1407604829874
14644.0,6.357327938079834,1.3277912139892578,3633.3178173859924
14645.0,157.61302185058594,8.64236831665039,3633.5025184179976
14646.0,24.931987762451172,2.83150577545166,3633.7259476789914
14647.0,39.05976486206055,2.8962807655334473,3633.9262646739953
14648.0,6.463118076324463,1.4319405555725098,3634.1208600719983
14649.0,23.16962242126465,2.8795828819274902,3634.314072303998
14650.0,12.207051277160645,1.8612009286880493,3634.4863209199975
14651.0,8.256037712097168,1.3367024660110474,3634.7153317839984
14652.0,27.546689987182617,2.4512813091278076,3634.916301620993
14653.0,8.877578735351562,1.4229891300201416,3635.1142848399904
14654.0,5.034778118133545,1.2740644216537476,3635.4337501769915
14655.0,55.15404510498047,4.655417442321777,3635.6231508929923
14656.0,5.967352390289307,1.2434532642364502,3635.867660800999
14657.0,46.477046966552734,3.1795849800109863,3636.036339646991
14658.0,4.277469158172607,1.1549173593521118,3636.2562805469934
14659.0,53.544498443603516,3.500335931777954,3636.4761730389873
14660.0,6.1290483474731445,1.478836178779602,3636.6444457049947
14661.0,31.965984344482422,2.5697970390319824,3636.8766784599866
14662.0,34.652191162109375,3.2743053436279297,3637.1086195049866
14663.0,8.272698402404785,1.8173906803131104,3637.2710962909914
14664.0,58.41933059692383,4.278482437133789,3637.485182973993
14665.0,32.94869613647461,2.831634283065796,3637.662174758996
14666.0,4.853278160095215,1.1029690504074097,3637.832130830997
14667.0,5.16721248626709,1.1116071939468384,3638.074674960997
14668.0,19.53176498413086,2.0735924243927,3638.2751293979964
14669.0,33.9564094543457,2.820175886154175,3638.447648395988
14670.0,16.633316040039062,1.5536786317825317,3638.6796719999984
14671.0,5.647561073303223,1.1844652891159058,3638.952618372001
14672.0,46.7635383605957,2.5600197315216064,3639.116989741
14673.0,4.809578895568848,1.0176458358764648,3639.322840055989
14674.0,34.39834213256836,2.7388782501220703,3639.5490705279954
14675.0,2.028090476989746,0.6956555247306824,3639.7095292859885
14676.0,27.92897605895996,2.2982337474823,3639.9635426319874
14677.0,6.1420817375183105,1.3872005939483643,3640.181827798995
14678.0,23.563003540039062,2.811396598815918,3640.4175270269916
14679.0,12.683253288269043,1.7206000089645386,3640.617419883987
14680.0,31.109786987304688,3.933218240737915,3640.7977017359954
14681.0,4.600548267364502,0.9601567983627319,3640.961370842997
14682.0,9.718634605407715,2.006307363510132,3641.212148608989
14683.0,6.832103252410889,1.3602509498596191,3641.403504495989
14684.0,91.08732604980469,4.96323823928833,3641.608768533988
14685.0,7.2580389976501465,1.2848906517028809,3641.7790909679898
14686.0,4.391667366027832,1.0905817747116089,3641.9536502769915
14687.0,17.665695190429688,2.153641939163208,3642.149180749999
14688.0,25.19550132751465,3.0400338172912598,3642.3463720979926
14689.0,152.32029724121094,6.412225246429443,3642.5104520749883
14690.0,7.116879940032959,1.7610477209091187,3642.7434281889873
14691.0,265.4242248535156,7.454229354858398,3642.9372082029877
14692.0,10.80263614654541,2.240499973297119,3643.1245506279956
14693.0,25.31670570373535,2.4505302906036377,3643.337600412997
14694.0,42.02101516723633,3.4405078887939453,3645.214815294996
14695.0,48.978939056396484,4.917631149291992,3646.5432341609994
14696.0,14.263711929321289,1.6367897987365723,3646.778134764987
14697.0,13.667542457580566,1.8014379739761353,3646.998380934994
14698.0,5.34271240234375,1.152603268623352,3647.5214291469892
14699.0,40.5986442565918,3.824406385421753,3647.994441563991
14700.0,8.149945259094238,1.5339267253875732,3648.252966
14701.0,8.365641593933105,1.5558003187179565,3656.4320765199955
14702.0,19.383813858032227,1.7282044887542725,3656.61802407699
14703.0,25.039941787719727,2.27018404006958,3656.797941681987
14704.0,167.94773864746094,10.993156433105469,3656.982941752998
14705.0,21.135995864868164,2.4231412410736084,3657.1477199459914
14706.0,48.86775207519531,3.430030584335327,3657.348261697989
14707.0,7.812968730926514,1.4415255784988403,3657.5292490439897
14708.0,195.74575805664062,9.289130210876465,3657.7045280699967
14709.0,9.278207778930664,1.574475646018982,3657.8928583879897
14710.0,10.692032814025879,1.6417628526687622,3658.0910257799987
14711.0,32.04176330566406,2.765167474746704,3658.262623631992
14712.0,18.482580184936523,2.825319290161133,3658.444152060998
14713.0,11.967957496643066,1.6949996948242188,3658.6176283620007
14714.0,16.765249252319336,2.3649840354919434,3658.7913986919884
14715.0,42.9142951965332,3.5406503677368164,3658.9477735769906
14716.0,25.290668487548828,3.864736318588257,3659.116592134
14717.0,35.641300201416016,3.3810839653015137,3659.3096812379954
14718.0,11.327554702758789,1.4784960746765137,3659.5301296499965
14719.0,30.348909378051758,2.7997965812683105,3659.717529780988
14720.0,13.210583686828613,1.877679705619812,3659.9338552739937
14721.0,7.739363193511963,1.4205830097198486,3660.1134887980006
14722.0,16.732330322265625,1.6460411548614502,3660.3052303359873
14723.0,20.248991012573242,3.392090082168579,3660.475001778992
14724.0,5.242103576660156,1.1006118059158325,3660.6635597989953
14725.0,108.40312957763672,5.227412700653076,3660.8400668469985
14726.0,5.488016605377197,1.1190882921218872,3661.0094709699915
14727.0,47.160091400146484,2.9638471603393555,3661.194557824987
14728.0,73.62528991699219,4.842026233673096,3661.369132698994
14729.0,106.31481170654297,5.321132659912109,3661.541744625996
14730.0,6.672818660736084,1.3259284496307373,3661.7142138419877
14731.0,20.80306053161621,3.5348458290100098,3661.889533773996
14732.0,6.070103645324707,1.132931113243103,3662.093103894993
14733.0,7.695545196533203,1.4544994831085205,3662.261196970998
14734.0,74.87428283691406,4.78499174118042,3662.438382786
14735.0,28.341970443725586,2.695639133453369,3662.6209192609967
14736.0,5.48684024810791,1.1406580209732056,3662.8320890829928
14737.0,28.15105628967285,2.2278430461883545,3663.0152600619913
14738.0,9.101362228393555,2.1140780448913574,3663.2083702919917
14739.0,57.680519104003906,2.393282175064087,3663.3796720519895
14740.0,6.101924896240234,1.3493800163269043,3663.556223426989
14741.0,20.980056762695312,2.2368240356445312,3663.7510127669957
14742.0,8.644137382507324,1.508959174156189,3663.937341482
14743.0,3.559607744216919,0.8452113270759583,3664.1440305759897
14744.0,16.436635971069336,2.1701464653015137,3664.3054767389985
14745.0,96.43806457519531,5.078249931335449,3664.4681617509923
14746.0,53.70149612426758,5.055753707885742,3664.642835751991
14747.0,22.622766494750977,2.597310781478882,3664.8333427709877
14748.0,10.156136512756348,1.6533538103103638,3665.0118731149996
14749.0,38.049415588378906,3.4637553691864014,3665.202512290998
14750.0,335.134033203125,15.608087539672852,3665.4234521189937
14751.0,41.955692291259766,3.8552041053771973,3665.6266884549987
14752.0,8.619815826416016,2.071112871170044,3665.846736593987
14753.0,29.229549407958984,3.4485535621643066,3666.0822902479995
14754.0,34.7293815612793,3.2948102951049805,3666.388147960999
14755.0,9.6337890625,1.657412052154541,3666.5845976089913
14756.0,7.65321683883667,1.5091429948806763,3666.7819427149952
14757.0,5.604081153869629,1.3829216957092285,3667.0041416479944
14758.0,4.39353084564209,0.9491363763809204,3667.2139581029915
14759.0,12.431999206542969,1.9279781579971313,3667.43715795099
14760.0,6.254948616027832,1.3931242227554321,3667.6239074289915
14761.0,17.153152465820312,2.220719337463379,3667.796280974988
14762.0,6.009130954742432,1.3307136297225952,3668.049848166993
14763.0,6.047511100769043,1.078324556350708,3668.2460344379942
14764.0,18.403833389282227,2.557624101638794,3668.4413595829974
14765.0,6.820444583892822,1.7178196907043457,3668.6896632579883
14766.0,18.72775650024414,2.717897415161133,3668.8838647059893
14767.0,34.08213424682617,3.2257487773895264,3669.100448979996
14768.0,127.86195373535156,5.760448932647705,3669.2963002179895
14769.0,20.15270233154297,2.5646891593933105,3669.5115092529886
14770.0,25.4719295501709,2.754193067550659,3669.6961425899935
14771.0,43.67652893066406,3.450425386428833,3669.860441306999
14772.0,18.461427688598633,2.1586971282958984,3670.0656274639914
14773.0,11.262840270996094,1.6192988157272339,3670.2895239729987
14774.0,17.102706909179688,1.7825051546096802,3670.50417057499
14775.0,49.00970458984375,3.623584508895874,3670.72842741599
14776.0,6.8916096687316895,1.3370598554611206,3670.933779460989
14777.0,13.92247486114502,2.0643036365509033,3671.138200811998
14778.0,7.075783729553223,1.3744670152664185,3671.373908897993
14779.0,169.74696350097656,5.282118797302246,3671.61750317899
14780.0,11.462625503540039,2.497237205505371,3671.860270306992
14781.0,31.281721115112305,2.049867868423462,3672.0989942789893
14782.0,23.364131927490234,2.701979398727417,3672.3052107849944
14783.0,10.811168670654297,1.4153103828430176,3672.4858932019997
14784.0,2.7145752906799316,0.8081836700439453,3672.650405665001
14785.0,191.73306274414062,7.593786716461182,3672.84407588499
14786.0,18.62886619567871,2.247596263885498,3673.0468683039944
14787.0,69.68061065673828,4.453127384185791,3673.247194010997
14788.0,32.093685150146484,2.7918448448181152,3673.45532530699
14789.0,51.15426254272461,4.551919460296631,3673.665873140999
14790.0,13.913494110107422,1.6875959634780884,3673.8856376929907
14791.0,6.630527973175049,1.4103102684020996,3674.091024012989
14792.0,13.315786361694336,2.0538461208343506,3674.2968908639887
14793.0,26.051847457885742,2.4200146198272705,3674.469759606989
14794.0,26.39532470703125,2.4360928535461426,3674.657908260997
14795.0,51.36887741088867,2.9372987747192383,3674.8427000949887
14796.0,37.86116409301758,2.6212894916534424,3675.06959290299
14797.0,109.94223022460938,4.9597086906433105,3675.2708306509885
14798.0,18.114816665649414,2.4412853717803955,3675.4556057979935
14799.0,5.215671062469482,1.1293505430221558,3675.6321018799936
14800.0,20.575719833374023,2.230269193649292,3675.8047819369967
14801.0,5.3625593185424805,1.4639034271240234,3680.433112865998
14802.0,271.24664306640625,14.061782836914062,3680.595965039989
14803.0,22.180212020874023,3.0613272190093994,3680.770916210997
14804.0,89.5657958984375,4.709493160247803,3680.957696418991
14805.0,19.268341064453125,2.2200303077697754,3681.146180384996
14806.0,6.390684604644775,1.213410496711731,3681.3432624359993
14807.0,6.944783687591553,1.2813271284103394,3681.5430530879967
14808.0,20.93416976928711,2.129127264022827,3681.732634490996
14809.0,39.54306411743164,3.8518142700195312,3681.9051287529874
14810.0,14.693639755249023,2.0027575492858887,3682.086908915997
14811.0,19.88210105895996,1.9251145124435425,3682.2997595969937
14812.0,6.43326997756958,1.2706011533737183,3682.480555969989
14813.0,5.973837852478027,1.1899198293685913,3682.769501502
14814.0,8.577454566955566,1.487214207649231,3682.9525776859955
14815.0,102.71235656738281,3.6195144653320312,3683.1712657379976
14816.0,41.02275848388672,3.0640056133270264,3683.330250171988
14817.0,21.3371524810791,2.0989720821380615,3683.6689486019895
14818.0,20.87495994567871,2.319671392440796,3683.8978903529933
14819.0,333.9742431640625,10.90723991394043,3684.1088300720003
14820.0,5.947653770446777,1.1714345216751099,3684.354033149997
14821.0,13.96023178100586,1.7428746223449707,3684.880483515997
14822.0,26.382465362548828,2.5676589012145996,3685.3287452919903
14823.0,302.19244384765625,10.726917266845703,3685.506911526987
14824.0,30.43049430847168,2.786865234375,3685.742110371997
14825.0,9.210333824157715,1.591200828552246,3685.981634230993
14826.0,17.4738712310791,2.153352975845337,3686.253649522987
14827.0,8.321914672851562,1.5802336931228638,3687.6475560219988
14828.0,26.07772445678711,2.6060950756073,3689.2014998509985
14829.0,27.336811065673828,2.8640220165252686,3690.4538625649875
14830.0,4.101862907409668,1.0552141666412354,3690.6210124200006
14831.0,21.114904403686523,2.166304111480713,3690.8232830060006
14832.0,7.8158440589904785,1.4453341960906982,3691.0515943079954
14833.0,8.012968063354492,1.2995885610580444,3691.2508502199926
14834.0,65.9994888305664,3.6892149448394775,3691.4461253799964
14835.0,163.89085388183594,7.2949090003967285,3691.6055591490003
14836.0,46.35929870605469,4.050519943237305,3691.788444753998
14837.0,29.6743221282959,2.2651290893554688,3691.9852544579917
14838.0,161.70169067382812,5.614350318908691,3692.1588763699983
14839.0,62.83591079711914,4.283297538757324,3692.339586590999
14840.0,39.96584701538086,3.5694730281829834,3692.725872646988
14841.0,151.01422119140625,5.057413578033447,3693.014299383998
14842.0,50.15220260620117,3.4467933177948,3693.3695702299883
14843.0,6.084813594818115,1.0751467943191528,3693.5755602110003
14844.0,60.96406173706055,3.8654751777648926,3693.767066092987
14845.0,16.756816864013672,1.8065392971038818,3694.0181664049887
14846.0,7.667750358581543,1.303375482559204,3694.227557677994
14847.0,32.14091873168945,2.560044527053833,3694.46502375399
14848.0,26.657766342163086,2.9651825428009033,3694.7552535569994
14849.0,15.364280700683594,1.981210708618164,3694.964515986998
14850.0,19.537809371948242,2.104954719543457,3695.1286793109903
14851.0,64.52338409423828,3.6405975818634033,3695.3087107299943
14852.0,16.063339233398438,1.5887843370437622,3695.516745691988
14853.0,41.16526412963867,3.316854953765869,3695.770222870997
14854.0,26.160083770751953,3.006638765335083,3696.0387237359973
14855.0,8.562740325927734,1.441851258277893,3696.236580647994
14856.0,4.917544841766357,1.064864993095398,3696.4521331799915
14857.0,15.033367156982422,1.920312523841858,3696.7679982739937
14858.0,12.880767822265625,2.079573392868042,3697.0044147159933
14859.0,14.678268432617188,2.3647866249084473,3697.160524257997
14860.0,14.07769775390625,1.7581846714019775,3697.3890967849875
14861.0,64.45662689208984,4.65373420715332,3697.5897645229998
14862.0,18.662811279296875,1.9704630374908447,3697.8037961169903
14863.0,7.605955600738525,1.3977216482162476,3697.99709698699
14864.0,23.764432907104492,3.0530524253845215,3698.1883925579896
14865.0,38.56395721435547,2.6757187843322754,3698.3729925199877
14866.0,37.4857063293457,2.975680112838745,3698.564040999001
14867.0,26.287019729614258,2.1338346004486084,3698.7431370419945
14868.0,28.760852813720703,3.67256236076355,3698.9792231829924
14869.0,35.37409591674805,3.016352415084839,3699.125686950996
14870.0,75.94297790527344,3.796293258666992,3699.2759910899913
14871.0,11.417412757873535,1.5235635042190552,3699.4370374449936
14872.0,35.14075469970703,2.952742576599121,3699.6198972079874
14873.0,7.968776226043701,1.489556908607483,3699.838850325992
14874.0,13.453722953796387,1.7014342546463013,3700.067373615995
14875.0,27.14504623413086,2.686438798904419,3700.238027469997
14876.0,7.821735382080078,1.348696231842041,3700.420998212998
14877.0,8.516190528869629,1.6863230466842651,3700.6005414909887
14878.0,29.428813934326172,2.3949429988861084,3700.8116625029943
14879.0,13.119244575500488,1.8139687776565552,3700.987451964
14880.0,24.35518455505371,2.776481866836548,3701.198591821987
14881.0,22.15583610534668,2.1185314655303955,3701.369682285993
14882.0,8.054314613342285,1.7301400899887085,3701.5464081339887
14883.0,311.0818176269531,10.267841339111328,3701.7553136200004
14884.0,8.243110656738281,1.374701738357544,3701.914504094995
14885.0,6.824765682220459,1.5645363330841064,3702.100653539994
14886.0,16.71035385131836,2.138054370880127,3702.287608756
14887.0,6.478067874908447,1.2863200902938843,3702.477038824989
14888.0,7.821009635925293,1.35750150680542,3702.658757530997
14889.0,6.549257278442383,1.2895509004592896,3702.8403025939915
14890.0,24.395000457763672,3.252514600753784,3703.026753925995
14891.0,8.980792999267578,1.5718865394592285,3703.20052314199
14892.0,22.12763023376465,2.389335870742798,3703.361739783999
14893.0,21.091510772705078,2.270934820175171,3703.548597085988
14894.0,24.214473724365234,2.0443274974823,3703.731695259994
14895.0,6.761903285980225,1.4753344058990479,3703.919564989992
14896.0,5.796724319458008,1.0943373441696167,3704.09746767499
14897.0,6.460378646850586,1.3554359674453735,3704.2796621099988
14898.0,7.696516990661621,1.4791555404663086,3704.481265986993
14899.0,6.541287899017334,1.3176392316818237,3704.633770483997
14900.0,31.349313735961914,3.1556198596954346,3704.818625628992
14901.0,5.34483003616333,1.0659760236740112,3709.7221539149905
14902.0,34.26906967163086,3.0951476097106934,3709.9181567679916
14903.0,11.942460060119629,1.9101084470748901,3710.1118906499905
14904.0,24.62841033935547,2.586479902267456,3710.2835884109954
14905.0,5.984403133392334,1.2382392883300781,3710.4567858809896
14906.0,5.977704048156738,1.151016354560852,3710.6311084359913
14907.0,10.69948959350586,1.3907465934753418,3710.859403602997
14908.0,8.329957962036133,1.631879210472107,3711.0392852499936
14909.0,4.9359049797058105,0.9798528552055359,3711.224275829998
14910.0,5.987961292266846,1.1567225456237793,3711.4318900139915
14911.0,6.016145706176758,1.4770678281784058,3711.639716247999
14912.0,37.324710845947266,3.3306500911712646,3711.836069315992
14913.0,6.787618160247803,1.3860151767730713,3712.0665791499923
14914.0,20.860855102539062,2.242161750793457,3712.252764799996
14915.0,7.716940879821777,1.2609496116638184,3712.4587135359907
14916.0,139.11183166503906,6.633786678314209,3712.661538660992
14917.0,11.498468399047852,1.6663302183151245,3712.937390588995
14918.0,6.956794738769531,1.2600317001342773,3713.1268993799895
14919.0,186.01068115234375,6.260946750640869,3713.3455133929965
14920.0,17.29611587524414,2.06081485748291,3713.5936786370003
14921.0,19.595834732055664,3.314810276031494,3713.791450429999
14922.0,4.0108113288879395,1.0733006000518799,3713.993990621995
14923.0,6.263944625854492,1.280701756477356,3714.180171041997
14924.0,43.573089599609375,2.744013786315918,3714.3690238309937
14925.0,23.82980728149414,2.5447847843170166,3714.560716866996
14926.0,25.136306762695312,2.5273916721343994,3714.796658148989
14927.0,21.522489547729492,2.3706159591674805,3715.028738313995
14928.0,7.312878608703613,1.3752081394195557,3715.2246391329973
14929.0,18.64616584777832,1.70997154712677,3715.3975625969906
14930.0,31.755056381225586,3.8300585746765137,3715.5723402629956
14931.0,46.83576202392578,2.8280088901519775,3715.7606206380005
14932.0,10.891234397888184,1.8485065698623657,3715.9375240959926
14933.0,95.74650573730469,5.073449611663818,3716.1146770869964
14934.0,29.08975601196289,3.1584057807922363,3716.2895047099883
14935.0,220.6917266845703,8.348068237304688,3716.441597887999
14936.0,20.711822509765625,2.1966638565063477,3716.6229131
14937.0,5.6129913330078125,1.1441099643707275,3716.8086326449993
14938.0,35.219242095947266,2.6777257919311523,3716.9754720229976
14939.0,22.108802795410156,2.6101086139678955,3717.147732157988
14940.0,4.369053363800049,1.1258423328399658,3717.331612322989
14941.0,43.539485931396484,3.1549735069274902,3717.5358046740002
14942.0,3.85321044921875,1.0045771598815918,3717.7117117469897
14943.0,34.16211700439453,2.6588547229766846,3717.881699281992
14944.0,136.2603302001953,6.0918869972229,3718.079372957989
14945.0,13.30714225769043,1.752596139907837,3718.248192384999
14946.0,14.944293975830078,1.9872809648513794,3718.4305244019924
14947.0,464.8668518066406,17.519187927246094,3718.6135571310006
14948.0,59.902984619140625,4.355574131011963,3718.7850600079983
14949.0,32.202362060546875,3.0056917667388916,3718.935121988994
14950.0,12.963438034057617,1.8226897716522217,3719.11608212399
14951.0,6.340483665466309,1.3361866474151611,3719.280900957994
14952.0,17.878372192382812,2.7464988231658936,3719.454047400999
14953.0,28.669389724731445,2.2989015579223633,3719.6472951469914
14954.0,16.268625259399414,1.9365301132202148,3719.8461145679903
14955.0,5.556811809539795,1.0880612134933472,3720.0422845039866
14956.0,4.771242618560791,1.2684390544891357,3720.2586235579947
14957.0,13.384095191955566,1.513801097869873,3720.4984458389954
14958.0,4.9676194190979,1.1186579465866089,3720.6843764119985
14959.0,16.983516693115234,2.39077091217041,3720.8802602729993
14960.0,10.370072364807129,1.4722214937210083,3721.0428156409907
14961.0,7.134793758392334,1.289744257926941,3721.263607476998
14962.0,23.796056747436523,2.3021910190582275,3721.439961593991
14963.0,4.762324810028076,1.2256983518600464,3721.5997344189964
14964.0,36.245906829833984,2.6392011642456055,3721.791540170001
14965.0,4.800679683685303,1.0258374214172363,3721.957044283001
14966.0,17.569238662719727,2.041221857070923,3722.1357183479995
14967.0,6.358155250549316,1.7095822095870972,3722.3226912109967
14968.0,10.532398223876953,1.8035807609558105,3722.525830875995
14969.0,18.102272033691406,1.9734469652175903,3722.702929054998
14970.0,37.220890045166016,3.3983571529388428,3722.9056027769984
14971.0,39.24497604370117,2.8781328201293945,3723.1652063910005
14972.0,7.568516254425049,1.5160343647003174,3723.3914351509884
14973.0,40.75856399536133,3.3322911262512207,3723.5664688789984
14974.0,17.836938858032227,1.9770264625549316,3723.7489131449984
14975.0,14.231422424316406,2.295684576034546,3723.9389348369878
14976.0,169.28709411621094,7.236080169677734,3724.113125885997
14977.0,23.658523559570312,2.228151559829712,3724.282408468993
14978.0,38.410743713378906,3.0141000747680664,3724.4613107329933
14979.0,7.459011077880859,1.8872486352920532,3724.66652465699
14980.0,19.357072830200195,2.4953176975250244,3724.8872292939923
14981.0,24.625682830810547,2.3655383586883545,3725.0934828030004
14982.0,26.875314712524414,2.5218513011932373,3725.2936082589877
14983.0,16.909576416015625,1.8357205390930176,3725.49546144699
14984.0,10.541135787963867,1.8154628276824951,3725.67491279199
14985.0,14.488035202026367,1.8195793628692627,3725.8547570230003
14986.0,8.195926666259766,1.3144398927688599,3726.064278396996
14987.0,62.016151428222656,2.437291145324707,3726.258308263001
14988.0,7.637389183044434,1.394644021987915,3726.420584519001
14989.0,103.81570434570312,4.9901933670043945,3726.6477133029985
14990.0,11.142741203308105,1.866492509841919,3726.9072768159967
14991.0,11.385916709899902,1.6658343076705933,3727.0989597659936
14992.0,21.609874725341797,2.3693177700042725,3727.3339044049935
14993.0,45.00462341308594,3.4728055000305176,3727.5143739409978
14994.0,21.481571197509766,2.5213756561279297,3727.682903488996
14995.0,23.45147705078125,1.5210331678390503,3727.9208780369954
14996.0,38.563507080078125,2.7967121601104736,3728.090431593999
14997.0,40.83037567138672,4.027343273162842,3728.304894912988
14998.0,10.847949028015137,1.6544743776321411,3728.4810016109986
14999.0,37.122291564941406,3.1384077072143555,3728.6379019189917
15000.0,68.0276107788086,4.091849327087402,3728.842529978996
