step,loss,epe,elapsed_seconds
1.0,3893.004150390625,123.36312103271484,4.96092855000461
2.0,3867.372802734375,123.0010757446289,5.253204596010619
3.0,3905.294189453125,125.53108215332031,5.542497989008552
4.0,3480.73876953125,116.12751007080078,5.848229415001697
5.0,5044.30908203125,148.7846221923828,6.1711833529989235
6.0,5105.7646484375,149.71603393554688,6.480352340004174
7.0,3834.868896484375,122.17030334472656,6.786469318001764
8.0,3686.9267578125,119.35798645019531,7.090243188999011
9.0,4155.63525390625,127.18531036376953,7.392503490002127
10.0,4231.21044921875,135.54750061035156,7.700625459008734
11.0,4314.2451171875,131.72430419921875,8.000947220003582
12.0,4822.35888671875,148.00320434570312,8.307069048008998
13.0,3902.683349609375,122.41036987304688,8.59605086800002
14.0,5172.44287109375,152.78810119628906,8.900337295010104
15.0,5529.27294921875,158.23780822753906,9.468835129009676
16.0,4480.58251953125,139.95164489746094,9.768612687010318
17.0,3052.394775390625,104.87078094482422,10.083352159999777
18.0,3790.541748046875,126.12873077392578,10.387830019011744
19.0,2485.322509765625,96.23117065429688,10.698172836011508
20.0,2580.31689453125,97.08658599853516,10.992744905001018
21.0,2095.040283203125,86.6593246459961,11.290614844008815
22.0,2037.1556396484375,87.7064208984375,11.59266819000186
23.0,2445.132080078125,95.17504119873047,11.89716524501273
24.0,1957.650146484375,85.46013641357422,12.199940215999959
25.0,2310.105224609375,97.89324951171875,12.511152606006362
26.0,1783.92626953125,76.8301773071289,12.814653297013137
27.0,1385.5816650390625,68.59548950195312,13.117825493012788
28.0,1333.432373046875,63.97529220581055,13.418984954012558
29.0,1872.0423583984375,83.39533996582031,13.72813066400704
30.0,864.7076416015625,50.48350143432617,14.034757428002195
31.0,1527.470703125,77.01634216308594,14.333171102000051
32.0,823.8163452148438,53.77016830444336,14.639838924005744
33.0,338.49639892578125,30.735694885253906,14.946438193001086
34.0,665.9633178710938,45.19338607788086,15.25813958600338
35.0,843.3081665039062,54.13349151611328,15.56835949201195
36.0,970.1275634765625,59.39390563964844,15.868333063001046
37.0,691.1207275390625,48.069759368896484,16.16954983799951
38.0,676.202880859375,46.144859313964844,16.471165849012323
39.0,783.1734619140625,50.632686614990234,16.781247859005816
40.0,595.5123291015625,38.07265090942383,17.084035343010328
41.0,415.804931640625,33.69309997558594,17.353499018005095
42.0,393.5218200683594,33.25602340698242,17.660241645004135
43.0,520.056884765625,34.26604080200195,17.976059935012017
44.0,759.7051391601562,47.573890686035156,18.274887917010346
45.0,560.47802734375,42.12630081176758,18.584662322013173
46.0,310.1236267089844,28.91144371032715,18.905680444004247
47.0,709.9964599609375,46.30934524536133,19.21724193400587
48.0,1007.0430297851562,54.49470901489258,19.51521825999953
49.0,487.2364501953125,34.38975524902344,19.800206414001877
50.0,688.6126098632812,39.79912567138672,20.100192666010116
51.0,580.766357421875,36.534061431884766,20.399051567001152
52.0,433.80865478515625,33.285118103027344,20.72043563600164
53.0,418.9895935058594,34.423397064208984,21.01560900300683
54.0,513.2456665039062,35.49137496948242,21.32303805000265
55.0,393.2891845703125,33.904354095458984,21.638823387009325
56.0,508.7691650390625,35.855098724365234,21.93949009400967
57.0,96.07594299316406,13.914179801940918,22.2640290690033
58.0,507.45391845703125,37.47423553466797,22.561591617006343
59.0,476.6822509765625,38.43065643310547,22.863409249010147
60.0,240.17445373535156,25.109312057495117,23.170768841009703
61.0,545.5894775390625,37.9464225769043,23.482685134003987
62.0,441.5118408203125,36.88547134399414,23.798796036004205
63.0,526.2798461914062,42.44163513183594,24.1064713030064
64.0,584.408935546875,41.39684295654297,24.42416253501142
65.0,396.05474853515625,34.51821517944336,24.749643107003067
66.0,382.9488525390625,29.064085006713867,25.082097853010055
67.0,215.2425079345703,24.081188201904297,25.410213713999838
68.0,194.8465118408203,23.027515411376953,25.718952706010896
69.0,370.9707336425781,30.38920783996582,26.027836539011332
70.0,441.7364501953125,37.15639877319336,26.327373243009788
71.0,310.44512939453125,24.575098037719727,26.62188810200314
72.0,486.0740966796875,38.92686462402344,26.924604743006057
73.0,432.68292236328125,35.23199462890625,27.2268454820005
74.0,359.62213134765625,32.924888610839844,27.536473502012086
75.0,397.08203125,33.51951599121094,27.843601994012715
76.0,328.30389404296875,32.04370880126953,28.153136820008513
77.0,333.6353454589844,29.405681610107422,28.438425509011722
78.0,278.0029296875,27.15131187438965,28.738078221009346
79.0,334.116455078125,28.648529052734375,29.04141433200857
80.0,205.731201171875,22.65214729309082,29.348436267013312
81.0,426.68670654296875,32.56296920776367,29.653015797011903
82.0,215.29440307617188,22.7896785736084,29.958704190008575
83.0,347.5225830078125,28.2012882232666,30.261428288999014
84.0,515.8203125,38.35096740722656,30.574762102012755
85.0,228.9667205810547,24.70441246032715,30.86121607699897
86.0,187.20741271972656,21.463134765625,31.1695824060007
87.0,143.46473693847656,18.893497467041016,31.4666490410018
88.0,174.885009765625,20.269136428833008,31.769022660999326
89.0,246.73475646972656,24.270402908325195,32.089204058007454
90.0,118.83985900878906,16.52732276916504,32.386559185004444
91.0,300.2259826660156,27.415966033935547,32.69823099201312
92.0,236.83724975585938,22.42305564880371,33.02288605000649
93.0,200.24478149414062,21.72073745727539,33.31163385701075
94.0,180.35867309570312,20.641633987426758,33.61013180601003
95.0,143.90428161621094,18.678796768188477,33.90174112500972
96.0,245.66555786132812,26.333412170410156,34.18953248600883
97.0,388.2561340332031,29.642465591430664,34.48392016001162
98.0,427.279052734375,33.536521911621094,34.76975716800371
99.0,177.02342224121094,19.190044403076172,35.07026314700488
100.0,202.9393768310547,22.693927764892578,35.36639188500703
101.0,295.0923767089844,27.432600021362305,41.56018387700897
102.0,223.61001586914062,22.968461990356445,41.86151454001083
103.0,367.46551513671875,33.03249740600586,42.168096116001834
104.0,241.26937866210938,26.263954162597656,42.47799304401269
105.0,114.3321533203125,16.514965057373047,42.769961723999586
106.0,175.944091796875,21.52711296081543,43.091387243999634
107.0,187.21031188964844,22.279399871826172,43.40849168600107
108.0,162.677490234375,19.108625411987305,43.723183631009306
109.0,109.47666931152344,14.915240287780762,44.03743966500042
110.0,180.2836456298828,21.374540328979492,44.31551777799905
111.0,206.16159057617188,22.79086685180664,44.62814518700179
112.0,167.2802734375,19.891313552856445,44.94277340700501
113.0,94.38824462890625,14.606224060058594,45.24429890399915
114.0,323.4036865234375,30.16338539123535,45.55264683101268
115.0,225.78579711914062,18.797937393188477,45.84776746100397
116.0,89.33885192871094,13.25851821899414,46.162303775010514
117.0,290.3447570800781,28.822240829467773,46.49005978900823
118.0,214.40719604492188,21.802486419677734,46.804686586008756
119.0,214.552001953125,18.15803337097168,47.102611557013006
120.0,115.81989288330078,16.07770538330078,47.40191374300048
121.0,206.9274139404297,21.73676872253418,47.686058359002345
122.0,205.41888427734375,20.01605224609375,48.0369796330051
123.0,169.04893493652344,20.368009567260742,48.32962341900566
124.0,371.6806640625,30.193832397460938,48.62586102299974
125.0,164.45677185058594,21.337175369262695,48.936352800010354
126.0,306.46746826171875,32.865028381347656,49.274144602008164
127.0,230.90362548828125,25.98316764831543,49.59676845801005
128.0,101.74905395507812,14.924457550048828,49.92894148800406
129.0,224.0605010986328,22.505178451538086,50.222390339011326
130.0,151.89385986328125,19.869667053222656,50.52785670400772
131.0,131.65049743652344,16.9547119140625,50.825659479000024
132.0,167.9666290283203,21.23300552368164,51.135853238010895
133.0,125.59323120117188,17.302391052246094,51.44145006200415
134.0,171.47894287109375,19.45820426940918,51.76195834900136
135.0,152.98387145996094,19.82356071472168,52.09728698601248
136.0,110.86451721191406,15.903120040893555,52.408477154007414
137.0,122.52560424804688,16.84934425354004,52.70597148399975
138.0,110.1043930053711,16.045028686523438,52.996101048003766
139.0,275.8951416015625,27.264867782592773,53.29923277700436
140.0,106.27145385742188,15.58388614654541,53.60459967001225
141.0,286.4137268066406,29.21345329284668,53.943401962009375
142.0,63.7213249206543,10.821351051330566,54.259099704999244
143.0,169.26312255859375,19.98222541809082,54.58989446700434
144.0,78.19149780273438,12.192333221435547,54.89427214801253
145.0,181.83673095703125,21.08635139465332,55.19160808900779
146.0,359.882080078125,34.8964729309082,55.50607806100743
147.0,140.78541564941406,17.578500747680664,55.79794130400114
148.0,112.99105834960938,15.877169609069824,56.1060789720068
149.0,124.47610473632812,16.08472442626953,56.40447484901233
150.0,150.77316284179688,17.57106590270996,56.689793185010785
151.0,151.90823364257812,19.195964813232422,56.98262660601176
152.0,276.9913024902344,24.677003860473633,57.27019716599898
153.0,109.82019805908203,15.929838180541992,57.566585994005436
154.0,184.5676727294922,20.944961547851562,57.85354064400599
155.0,190.6099395751953,21.98778533935547,58.13345483300509
156.0,265.46588134765625,22.63003158569336,58.41925242599973
157.0,201.52566528320312,23.254741668701172,58.70356138200441
158.0,127.38385009765625,17.081775665283203,59.007586260006065
159.0,116.10618591308594,17.077346801757812,59.31033586100966
160.0,210.4638671875,24.63801383972168,59.61443364000297
161.0,295.51763916015625,27.702125549316406,59.922754295010236
162.0,185.7337646484375,22.198680877685547,60.22276334100752
163.0,117.2274169921875,16.222267150878906,60.520767640002305
164.0,318.3971862792969,31.02556037902832,60.81898598700354
165.0,225.24496459960938,26.034645080566406,61.1066188380064
166.0,175.2078857421875,21.11078453063965,61.40051470200706
167.0,83.55792236328125,13.186147689819336,61.71771850201185
168.0,68.8757095336914,11.57138729095459,62.01961107100942
169.0,146.12124633789062,19.237125396728516,62.33574136000243
170.0,55.90163803100586,10.905571937561035,62.64260163001018
171.0,47.464080810546875,9.844196319580078,62.935119233006844
172.0,178.15048217773438,20.73029899597168,63.23840315200505
173.0,317.66900634765625,29.658716201782227,63.52139867001097
174.0,475.6625671386719,34.81194305419922,63.81465364700125
175.0,71.346435546875,11.806106567382812,64.1028567480098
176.0,335.3671875,23.054426193237305,64.4082066030096
177.0,176.28518676757812,20.66427993774414,64.71121023200976
178.0,295.6254577636719,21.024118423461914,65.00304261400015
179.0,114.97846984863281,16.885238647460938,65.30495633200917
180.0,446.8206787109375,34.266578674316406,65.59654226001294
181.0,158.2609405517578,18.944116592407227,65.90053298400017
182.0,465.487548828125,36.94530487060547,66.21898957200756
183.0,88.23100280761719,14.429717063903809,66.53034265700262
184.0,106.85133361816406,15.650450706481934,66.83241940900916
185.0,118.48574829101562,14.953964233398438,67.14004240900977
186.0,87.0802001953125,14.458074569702148,67.46161757300433
187.0,154.7444305419922,20.49968719482422,67.76158794200455
188.0,190.52572631835938,22.248584747314453,68.05944089400873
189.0,208.11683654785156,22.861526489257812,68.41145957101253
190.0,103.91909790039062,15.5530424118042,68.74375971700647
191.0,172.940673828125,20.28860855102539,69.07621991200722
192.0,167.5406494140625,16.330062866210938,69.40943981500459
193.0,86.19269561767578,13.857660293579102,69.71239754999988
194.0,116.36446380615234,16.1196231842041,69.99942470400129
195.0,159.22390747070312,20.194747924804688,70.2860392069997
196.0,331.31683349609375,28.978832244873047,70.5826496820082
197.0,85.50907135009766,13.651337623596191,70.88211509300163
198.0,194.8411102294922,22.39717674255371,71.19125593100034
199.0,163.71995544433594,19.999427795410156,71.50138230400626
200.0,242.7835235595703,23.087570190429688,71.80943747601123
201.0,173.5791015625,20.93590545654297,78.07222026100499
202.0,191.53704833984375,23.04737663269043,78.37322577300074
203.0,126.46317291259766,16.289844512939453,78.7018460810068
204.0,161.55209350585938,17.58087730407715,78.99266605199955
205.0,181.66192626953125,21.60334014892578,79.28610168900923
206.0,86.62382507324219,13.774466514587402,79.58419062300527
207.0,323.5280456542969,25.050430297851562,79.89414983900497
208.0,132.1199951171875,17.42864227294922,80.2263099970005
209.0,338.0201721191406,31.58419418334961,80.59908070000529
210.0,114.03224182128906,15.65709114074707,80.90448391900281
211.0,102.6905746459961,14.950501441955566,81.20979942800477
212.0,145.7580108642578,17.7810001373291,81.50299980700947
213.0,71.86923217773438,11.721888542175293,81.79202155800886
214.0,99.66860961914062,14.187792778015137,82.07632446600473
215.0,169.44989013671875,22.00550651550293,82.3744232290046
216.0,113.83613586425781,16.71837615966797,82.71169951200136
217.0,76.22904968261719,12.367989540100098,83.00789067801088
218.0,111.15872955322266,14.010832786560059,83.30957913900784
219.0,227.22119140625,24.680465698242188,83.60271286900388
220.0,160.51675415039062,16.271820068359375,83.91480441400199
221.0,68.92029571533203,11.780131340026855,84.22471708100056
222.0,484.4744873046875,34.84050369262695,84.52093405100459
223.0,442.6442565917969,40.7758903503418,84.82467029200052
224.0,255.1043243408203,25.633136749267578,85.13695787799952
225.0,135.623046875,18.24259376525879,85.43567964700924
226.0,173.81002807617188,17.958072662353516,85.73979629699897
227.0,293.0199890136719,24.52150535583496,86.04827640800795
228.0,319.81500244140625,31.55510902404785,86.33546949800802
229.0,139.7919158935547,19.42246437072754,86.64993210301327
230.0,100.41094207763672,15.208013534545898,86.96358145700651
231.0,185.1720733642578,19.16160774230957,87.30078593600774
232.0,149.47137451171875,20.011144638061523,87.60160738800187
233.0,139.75515747070312,18.378036499023438,87.89002151500608
234.0,165.5884552001953,21.06258201599121,88.19831869700283
235.0,316.7337951660156,32.90721893310547,88.50037695201172
236.0,391.48785400390625,36.76984405517578,88.79816025700711
237.0,432.6728820800781,39.50258255004883,89.1099222460034
238.0,296.283203125,30.88930892944336,89.4318559680105
239.0,145.82952880859375,20.29694175720215,89.7472084910114
240.0,205.63973999023438,25.09552764892578,90.07724996800243
241.0,169.23785400390625,20.83497428894043,90.3676438620023
242.0,153.57626342773438,19.00885772705078,90.64855885200086
243.0,224.63800048828125,22.63935089111328,90.96078078300343
244.0,95.26950073242188,14.974210739135742,91.25614725801279
245.0,96.90342712402344,15.649724006652832,91.5637490520021
246.0,91.83719635009766,14.305538177490234,91.848031653004
247.0,100.20512390136719,15.632308006286621,92.1547319960082
248.0,120.59187316894531,17.61893081665039,92.45827004800958
249.0,132.9578094482422,15.451031684875488,92.79052457401122
250.0,112.18081665039062,15.658740997314453,93.11508419101301
251.0,57.00103759765625,10.369485855102539,93.41688698700455
252.0,119.03385925292969,15.893847465515137,93.73923831600405
253.0,110.39046478271484,15.908632278442383,94.03974699800892
254.0,146.51390075683594,19.632762908935547,94.33594518899918
255.0,219.42066955566406,23.802764892578125,94.63015618101053
256.0,68.44380950927734,12.023633003234863,94.95273653500772
257.0,127.47311401367188,16.846893310546875,95.27033785900858
258.0,177.90426635742188,21.864192962646484,95.56125200400129
259.0,95.26139068603516,14.387303352355957,95.86375917900295
260.0,391.95440673828125,37.47047424316406,96.22456142000738
261.0,110.14518737792969,14.551100730895996,96.53969428600976
262.0,96.68621826171875,15.480132102966309,96.85319610200531
263.0,249.49331665039062,27.119626998901367,97.18613149800512
264.0,125.24906921386719,16.88558578491211,97.50343975301075
265.0,102.49880981445312,15.528674125671387,97.83213803599938
266.0,72.67447662353516,12.807806968688965,98.12348027901317
267.0,129.73927307128906,15.611078262329102,98.42091681300371
268.0,257.00640869140625,25.792236328125,98.75878861400997
269.0,147.46878051757812,19.304838180541992,99.08533841300232
270.0,60.9068489074707,11.347960472106934,99.41349724101019
271.0,136.41500854492188,17.715641021728516,99.72641476000717
272.0,88.846435546875,14.06274127960205,100.06877790800354
273.0,223.6722412109375,23.543699264526367,100.36698795600387
274.0,209.85189819335938,22.554689407348633,100.70146661400213
275.0,164.66534423828125,20.86445426940918,101.01253525500942
276.0,136.57431030273438,17.594858169555664,101.32765273300174
277.0,171.98748779296875,22.395015716552734,101.6485082690051
278.0,252.66494750976562,28.371990203857422,101.9684483880119
279.0,92.62665557861328,13.153260231018066,102.2728392870049
280.0,228.07955932617188,25.889686584472656,102.56432597400271
281.0,118.9542236328125,16.68297576904297,102.86152239600779
282.0,42.482330322265625,8.661027908325195,103.16994612100825
283.0,57.38017654418945,10.692153930664062,103.4663942240004
284.0,59.31888961791992,11.476810455322266,103.75947786601319
285.0,150.46151733398438,18.623096466064453,104.07116209001106
286.0,46.692405700683594,9.410144805908203,104.41758693200245
287.0,182.23829650878906,21.714458465576172,104.73203347100934
288.0,231.97677612304688,27.359455108642578,105.02342758400482
289.0,268.8125,28.322383880615234,105.31831718300236
290.0,105.44619750976562,14.458072662353516,105.67114720100653
291.0,146.73529052734375,18.470117568969727,106.01331751199905
292.0,295.7434997558594,23.941164016723633,106.30180955400283
293.0,116.6312255859375,16.893173217773438,106.6566044200008
294.0,80.63207244873047,12.624768257141113,106.95347420701
295.0,134.44900512695312,18.19332504272461,107.26811917001032
296.0,158.58724975585938,19.5111083984375,107.55850550701143
297.0,123.26685333251953,16.73074722290039,107.85537838601158
298.0,80.57827758789062,12.979818344116211,108.1807899280102
299.0,107.10393524169922,14.752716064453125,108.47749128700525
300.0,163.4529571533203,20.840152740478516,108.79842285400082
301.0,172.0618896484375,21.86730194091797,114.89522206300171
302.0,49.296058654785156,10.023713111877441,115.19220524901175
303.0,447.7173767089844,31.72063636779785,115.5240961840027
304.0,183.92855834960938,22.72242546081543,115.83719628000108
305.0,101.31393432617188,14.029129981994629,116.14612579801178
306.0,273.8696594238281,26.296669006347656,116.46170009300113
307.0,429.7109069824219,34.0346565246582,116.75331128500693
308.0,94.35755157470703,15.38420581817627,117.07678175800538
309.0,108.31813049316406,16.215723037719727,117.38133335100429
310.0,164.8673095703125,17.810598373413086,117.68064775200037
311.0,161.10653686523438,19.355558395385742,117.96637996500067
312.0,105.95916748046875,14.443928718566895,118.25374523201026
313.0,76.66761779785156,12.501585006713867,118.55000802900759
314.0,124.83384704589844,15.003698348999023,118.83456231800665
315.0,64.0681381225586,11.574321746826172,119.1378139740118
316.0,142.96839904785156,18.90755271911621,119.45072442600213
317.0,144.74142456054688,19.126371383666992,119.75266052701045
318.0,100.48407745361328,15.503072738647461,120.041660272007
319.0,53.83702850341797,10.647326469421387,120.34950106400356
320.0,73.74796295166016,13.071687698364258,120.65896990700276
321.0,93.78834533691406,14.388849258422852,120.95433404600772
322.0,138.32781982421875,17.846643447875977,121.25240196600498
323.0,67.8973159790039,11.652889251708984,121.54101441700186
324.0,65.29769134521484,11.452262878417969,121.8402701360028
325.0,215.86451721191406,23.092554092407227,122.18006090300332
326.0,129.82884216308594,17.601116180419922,122.48510602500755
327.0,42.29447555541992,8.370241165161133,122.77683654401335
328.0,56.38862228393555,10.12118148803711,123.08120879600756
329.0,160.4682159423828,19.67441177368164,123.39439886101172
330.0,341.40924072265625,33.83464050292969,123.71631891900324
331.0,120.55935668945312,15.541193008422852,124.01811250200262
332.0,161.5979461669922,18.004207611083984,124.33600485700299
333.0,70.83645629882812,11.776305198669434,124.63833111801068
334.0,201.88217163085938,22.551013946533203,124.94081902901235
335.0,86.81871795654297,13.85879135131836,125.2335545340029
336.0,182.8550262451172,22.779251098632812,125.54643687700445
337.0,191.0580291748047,22.832956314086914,125.83359217100951
338.0,171.46331787109375,19.966455459594727,126.12939927300613
339.0,112.82738494873047,16.8375244140625,126.42853172900504
340.0,208.88522338867188,22.774023056030273,126.73208516401064
341.0,165.8728790283203,21.226747512817383,127.05003123900678
342.0,167.6576385498047,21.836772918701172,127.35600079900178
343.0,436.54547119140625,33.640594482421875,127.69604691200948
344.0,174.0736083984375,21.421566009521484,127.99126883700956
345.0,148.94061279296875,19.982439041137695,128.3036769980099
346.0,96.69477081298828,13.425849914550781,128.61862765200203
347.0,94.70133209228516,14.411080360412598,128.9142226940021
348.0,132.70408630371094,17.752315521240234,129.23059874100727
349.0,111.13563537597656,16.55866241455078,129.5968212690059
350.0,56.328189849853516,10.557594299316406,129.88544727700355
351.0,95.59345245361328,14.4669771194458,130.1744919490011
352.0,63.18843078613281,11.339217185974121,130.4745213210117
353.0,60.399940490722656,9.96357250213623,130.75955934599915
354.0,103.640625,15.993387222290039,131.05843202500546
355.0,223.720703125,26.412137985229492,131.36320945101033
356.0,76.00749206542969,12.949116706848145,131.67723218500032
357.0,72.60059356689453,12.793584823608398,131.9689565430017
358.0,446.821533203125,36.707096099853516,132.2716495610075
359.0,184.4966583251953,18.31667709350586,132.5624114650127
360.0,382.8504943847656,30.827594757080078,132.86564537700906
361.0,162.42311096191406,21.61368751525879,133.1884300790116
362.0,130.42295837402344,16.258895874023438,133.49563035600295
363.0,58.12975311279297,10.911909103393555,133.79220043901296
364.0,200.1090087890625,20.633474349975586,134.08900616300525
365.0,80.2636947631836,13.439732551574707,134.3875844280119
366.0,330.5410461425781,22.924997329711914,134.67834750399925
367.0,99.64675903320312,15.682616233825684,134.9684688180132
368.0,181.8613739013672,22.788036346435547,135.26778194600774
369.0,108.89756774902344,16.35407829284668,135.5696643070114
370.0,246.86822509765625,27.530006408691406,135.87078119200305
371.0,102.06293487548828,14.033526420593262,136.16916290301015
372.0,178.23770141601562,22.92040252685547,136.46961697400548
373.0,262.75152587890625,28.066701889038086,136.77961951401085
374.0,126.74405670166016,17.78437042236328,137.08044906900614
375.0,72.29161834716797,11.544365882873535,137.3700842380058
376.0,218.39306640625,25.651290893554688,137.67256485500548
377.0,59.52244567871094,11.122998237609863,137.97997669799952
378.0,93.74049377441406,14.126346588134766,138.2920307450113
379.0,118.71469116210938,16.494136810302734,138.61821983900154
380.0,83.79530334472656,14.730748176574707,138.92157293201308
381.0,75.38888549804688,12.926735877990723,139.22073382099916
382.0,61.33924865722656,11.288483619689941,139.53177323800628
383.0,57.956905364990234,9.976438522338867,139.8331324669998
384.0,155.65797424316406,18.436872482299805,140.13685633000568
385.0,875.94677734375,60.21807098388672,140.43480718901264
386.0,483.19622802734375,32.445987701416016,140.7272033699992
387.0,344.78680419921875,29.498884201049805,141.0136021740036
388.0,503.103759765625,34.32970428466797,141.3143662980001
389.0,280.31201171875,29.52420997619629,141.59708070701163
390.0,48.644046783447266,9.352649688720703,141.8864437040029
391.0,34.46964645385742,7.698132514953613,142.19502167899918
392.0,169.16827392578125,21.021106719970703,142.48434362800617
393.0,76.12068176269531,12.515606880187988,142.8020815290074
394.0,108.7403564453125,15.995590209960938,143.11389747400244
395.0,85.83163452148438,13.674751281738281,143.40145166800357
396.0,111.54476928710938,16.15804100036621,143.6931189349998
397.0,99.61203002929688,15.259654998779297,143.98198158301238
398.0,136.6005859375,18.242713928222656,144.26600249799958
399.0,73.407958984375,12.96723747253418,144.55903276000754
400.0,310.18280029296875,30.954647064208984,144.8610484689998
401.0,125.14369201660156,17.81561279296875,151.32164265900792
402.0,181.15953063964844,21.12434959411621,151.63679483300075
403.0,163.422607421875,21.196977615356445,151.97972099100298
404.0,97.93910217285156,14.724541664123535,152.2915539759997
405.0,171.89649963378906,19.739646911621094,152.63319797700387
406.0,175.38156127929688,21.400333404541016,152.93750842699956
407.0,235.4894561767578,27.939104080200195,153.2709506329993
408.0,298.6271057128906,30.41021156311035,153.58302211599948
409.0,198.8762664794922,24.52347183227539,153.91772711000522
410.0,154.12847900390625,20.572608947753906,154.23263207300624
411.0,85.02616882324219,13.67137336730957,154.55163012600678
412.0,199.44451904296875,23.48277473449707,154.87081596000644
413.0,281.94219970703125,28.486738204956055,155.2011683180026
414.0,66.0257797241211,11.448456764221191,155.5351800100034
415.0,59.89481735229492,10.960354804992676,155.8590180230094
416.0,58.41465759277344,10.971521377563477,156.1589531530044
417.0,254.46461486816406,18.66018295288086,156.4473882970051
418.0,433.2406921386719,35.995765686035156,156.73659227399912
419.0,57.155094146728516,10.908928871154785,157.0479256700055
420.0,53.50054168701172,10.548836708068848,157.40273921500193
421.0,158.5699462890625,22.172874450683594,157.73204670000996
422.0,328.9730529785156,29.85700225830078,158.0310634510097
423.0,171.08468627929688,21.380380630493164,158.3266507510125
424.0,46.67595672607422,9.821146965026855,158.62630459900538
425.0,69.79732513427734,11.427505493164062,158.93012298000394
426.0,41.63097381591797,8.040508270263672,159.22967776701262
427.0,71.91966247558594,12.294305801391602,159.5367776839994
428.0,52.39995574951172,9.041080474853516,159.82511741301278
429.0,94.75259399414062,13.379494667053223,160.13456995600427
430.0,119.75918579101562,16.248306274414062,160.45009649300482
431.0,226.84239196777344,25.63911247253418,160.78035620501032
432.0,76.04817199707031,12.494197845458984,161.08652681700187
433.0,66.52465057373047,11.823114395141602,161.3933012970083
434.0,51.82067108154297,9.450989723205566,161.69910737300233
435.0,151.6790008544922,20.055261611938477,162.00532821500383
436.0,73.51718139648438,10.986096382141113,162.29597726100474
437.0,44.9608154296875,8.99538803100586,162.61005619500065
438.0,60.56163787841797,10.874844551086426,162.89753741300956
439.0,83.00965118408203,11.822405815124512,163.206303302999
440.0,58.96783447265625,10.837120056152344,163.50474256400776
441.0,211.20982360839844,26.336227416992188,163.7953643540095
442.0,133.26434326171875,18.404842376708984,164.09038831100042
443.0,70.1655502319336,11.756824493408203,164.3793539130129
444.0,48.78156280517578,10.1253662109375,164.66171890500118
445.0,153.54283142089844,19.452943801879883,164.96224793000147
446.0,74.94639587402344,13.013683319091797,165.2562293939991
447.0,129.18406677246094,18.347148895263672,165.60654215900286
448.0,108.29696655273438,15.709935188293457,165.89795859801234
449.0,69.795654296875,11.21994400024414,166.21808197000064
450.0,149.3509521484375,20.18229103088379,166.566480849011
451.0,304.97174072265625,24.672319412231445,166.88614484100253
452.0,101.00540161132812,15.828431129455566,167.19330451500718
453.0,71.52003479003906,12.218545913696289,167.4997071079997
454.0,58.921592712402344,10.317419052124023,167.79638749700098
455.0,81.6115951538086,11.528362274169922,168.10878136400424
456.0,226.9496612548828,24.316967010498047,168.44212970000808
457.0,162.5269775390625,19.115802764892578,168.75046155400923
458.0,53.03256607055664,9.94102668762207,169.0957453430019
459.0,199.04736328125,21.252403259277344,169.40332248000777
460.0,152.30206298828125,19.68859100341797,169.71076374901168
461.0,124.7252197265625,15.630858421325684,170.01773958200647
462.0,84.59362030029297,13.205967903137207,170.32580900700123
463.0,42.08603286743164,8.75355339050293,170.64233739400515
464.0,54.74506378173828,10.080470085144043,170.95740648500214
465.0,57.26042556762695,10.782764434814453,171.2453410140006
466.0,84.29264068603516,13.060718536376953,171.55048008001177
467.0,115.0572509765625,16.709205627441406,171.8626317770104
468.0,97.97196960449219,15.5283203125,172.20232534200477
469.0,84.37551879882812,13.447040557861328,172.49382540500665
470.0,76.46047973632812,10.881664276123047,172.7932891500095
471.0,82.076171875,13.278152465820312,173.1034635899996
472.0,68.11324310302734,11.957144737243652,173.41221765099908
473.0,154.52618408203125,20.479440689086914,173.6934552790044
474.0,80.51274108886719,13.382974624633789,173.98020379300578
475.0,167.9363250732422,21.922636032104492,174.30332305699994
476.0,225.1240234375,22.797496795654297,174.60671977800666
477.0,84.68894958496094,12.936233520507812,174.92552300500392
478.0,41.972816467285156,9.453352928161621,175.21367558999918
479.0,143.6287841796875,17.65648651123047,175.52920625000843
480.0,77.40284729003906,13.628808975219727,175.83001866401173
481.0,33.01294708251953,7.301234245300293,176.12865915401198
482.0,276.5474548339844,30.97493553161621,176.4343430900044
483.0,163.7196807861328,12.426666259765625,176.73051684501115
484.0,299.232666015625,31.951038360595703,177.0210010800074
485.0,280.3172607421875,25.13118553161621,177.31541053800902
486.0,72.21414947509766,12.336946487426758,177.60501846601255
487.0,95.19853210449219,14.048083305358887,177.9001022750017
488.0,64.34687042236328,11.976296424865723,178.21608538299915
489.0,46.61078643798828,9.23080825805664,178.5171151490067
490.0,154.69776916503906,19.6621036529541,178.80905121500837
491.0,75.16342163085938,13.938532829284668,179.10327760300424
492.0,79.31246948242188,12.740488052368164,179.42251087201294
493.0,63.85153579711914,11.775936126708984,179.72115571000904
494.0,189.16610717773438,22.23328971862793,180.03892192000058
495.0,183.76614379882812,17.4642276763916,180.34395081800176
496.0,61.34284591674805,11.47175121307373,180.64605711601325
497.0,88.80792236328125,14.02413558959961,180.93998029200884
498.0,108.00912475585938,15.715575218200684,181.23538046100293
499.0,257.3163146972656,24.703229904174805,181.53945442700933
500.0,109.84239196777344,16.518312454223633,181.84816670299915
501.0,93.17565155029297,14.376055717468262,188.07246383000165
502.0,87.59140014648438,14.005278587341309,188.38203485200938
503.0,99.30443572998047,13.260252952575684,188.69530344101076
504.0,90.12643432617188,13.883013725280762,188.9929200750048
505.0,144.84384155273438,17.81357765197754,189.29963944100018
506.0,123.52594757080078,15.967668533325195,189.59419953500037
507.0,123.18203735351562,16.793813705444336,189.89332075499988
508.0,97.69963073730469,14.765603065490723,190.19065213600697
509.0,46.16764831542969,9.2504243850708,190.50733325300098
510.0,88.03084564208984,13.843779563903809,190.79728007300582
511.0,320.48028564453125,23.004972457885742,191.08620830600557
512.0,50.66195297241211,10.323198318481445,191.38668763700116
513.0,172.21060180664062,18.700300216674805,191.68161937000696
514.0,192.2101593017578,23.59784507751465,191.9757223790075
515.0,52.74144744873047,10.148357391357422,192.26321569700667
516.0,45.165836334228516,9.053410530090332,192.55839458400442
517.0,144.63446044921875,19.8355770111084,192.8409440730029
518.0,125.31521606445312,17.468374252319336,193.13384843400854
519.0,54.96895217895508,10.053199768066406,193.4361575380026
520.0,34.79043197631836,7.600108623504639,193.74143295800604
521.0,292.6075744628906,24.71893882751465,194.04801656100608
522.0,50.595863342285156,10.304997444152832,194.3746821930108
523.0,74.1796646118164,11.73408031463623,194.67630451801233
524.0,83.80364990234375,12.588436126708984,194.97156280900526
525.0,118.20479583740234,15.430095672607422,195.2566554070072
526.0,68.2601547241211,11.246899604797363,195.5624520429992
527.0,47.657386779785156,9.40876293182373,195.85774719501205
528.0,79.85601806640625,12.834604263305664,196.1682736940129
529.0,70.9576416015625,11.75163459777832,196.47020466400136
530.0,53.259002685546875,10.082645416259766,196.7719459640066
531.0,67.20453643798828,11.327829360961914,197.07588356100314
532.0,95.77902221679688,13.5571928024292,197.38044152200746
533.0,62.40450668334961,12.24178695678711,197.6840994660015
534.0,67.25006103515625,10.350180625915527,197.96795139100868
535.0,74.73296356201172,12.491764068603516,198.2727634890034
536.0,60.70566940307617,10.777729988098145,198.58561858000758
537.0,147.01368713378906,19.873964309692383,198.88726253301138
538.0,108.91470336914062,16.268369674682617,199.19123663500068
539.0,69.81385803222656,11.57349967956543,199.4972461120051
540.0,85.88798522949219,11.798454284667969,199.79281976500351
541.0,92.18817138671875,14.106611251831055,200.08735580201028
542.0,74.51339721679688,11.731781959533691,200.41121513600228
543.0,71.54074096679688,11.649297714233398,200.71224717001314
544.0,500.84747314453125,43.45380783081055,201.0191893529991
545.0,178.81874084472656,22.249446868896484,201.34965286801162
546.0,45.5614128112793,8.774538040161133,201.66321864099882
547.0,209.11114501953125,24.300941467285156,201.9703780330019
548.0,33.118019104003906,7.6128058433532715,202.27193789400917
549.0,38.77831268310547,8.618856430053711,202.58826158801094
550.0,260.4174499511719,28.01548194885254,202.91511318300036
551.0,372.5174255371094,31.617794036865234,203.22955942800036
552.0,31.628173828125,7.118949890136719,203.5318168130034
553.0,78.21855926513672,13.884675025939941,203.83651249900868
554.0,79.7350082397461,12.77642822265625,204.14824866200797
555.0,79.20567321777344,12.498517036437988,204.46500728400133
556.0,65.724609375,11.950736999511719,204.76648314901104
557.0,45.703834533691406,9.061745643615723,205.07695071600028
558.0,112.77076721191406,16.981952667236328,205.3733670960064
559.0,139.69790649414062,19.886157989501953,205.67302647700126
560.0,192.7327880859375,22.843608856201172,205.99280902500323
561.0,91.4176254272461,13.836116790771484,206.3001820770005
562.0,214.65359497070312,20.78657341003418,206.58851501499885
563.0,394.751953125,33.41295623779297,206.88805163600773
564.0,208.56298828125,19.767093658447266,207.1975136030087
565.0,62.87234115600586,12.058016777038574,207.49852454900974
566.0,57.85456085205078,9.982710838317871,207.80755447900447
567.0,43.311546325683594,8.719083786010742,208.12358215200948
568.0,82.61621856689453,13.196179389953613,208.45226117600396
569.0,111.61439514160156,16.98644256591797,208.77256706800836
570.0,108.61387634277344,13.67073917388916,209.0692647160031
571.0,121.92271423339844,17.26314926147461,209.39774788900104
572.0,38.54561233520508,7.918086051940918,209.70538425000268
573.0,146.76856994628906,18.337093353271484,210.01092592300847
574.0,98.506103515625,14.04123592376709,210.29761722200783
575.0,181.7542724609375,23.236316680908203,210.597646137001
576.0,73.69160461425781,11.356783866882324,210.89406735201192
577.0,142.3113555908203,17.09738540649414,211.19245167000918
578.0,41.99489212036133,8.026205062866211,211.48702241700084
579.0,80.30801391601562,12.841200828552246,211.80116453100345
580.0,85.99725341796875,14.140131950378418,212.1149056400027
581.0,30.30290985107422,6.584824085235596,212.43767213300453
582.0,86.5383529663086,14.326664924621582,212.7464330280054
583.0,348.3917236328125,29.383121490478516,213.04116179300763
584.0,64.41683197021484,12.061057090759277,213.3569213400042
585.0,50.08335494995117,9.689925193786621,213.65829745501105
586.0,104.46218872070312,15.751375198364258,213.96433124200848
587.0,144.60665893554688,18.8316593170166,214.26102158401045
588.0,42.08208465576172,8.378495216369629,214.55781079600274
589.0,86.77153778076172,12.430912017822266,214.86065504100407
590.0,181.34835815429688,20.487829208374023,215.1631459860073
591.0,50.012535095214844,8.912406921386719,215.4721781190019
592.0,202.47006225585938,21.137277603149414,215.77431071200408
593.0,39.75920486450195,7.982073783874512,216.07178758800728
594.0,247.90167236328125,24.61097526550293,216.37704914501228
595.0,77.32972717285156,13.053725242614746,216.6944094960054
596.0,105.21414947509766,15.446910858154297,217.0073608560051
597.0,129.04107666015625,17.498821258544922,217.30278727100813
598.0,125.8109130859375,16.384689331054688,217.6099702979991
599.0,27.046348571777344,6.462096214294434,217.919544829012
600.0,88.81300354003906,14.192819595336914,218.2136641620018
601.0,188.1630859375,16.02351188659668,224.56096283601073
602.0,48.23631286621094,8.795434951782227,224.86103964201175
603.0,315.4555969238281,33.37706756591797,225.16007799901126
604.0,24.847795486450195,5.747204303741455,225.46902944300382
605.0,77.8772201538086,13.226860046386719,225.78111974100466
606.0,107.37826538085938,16.66861915588379,226.0848186390067
607.0,77.46061706542969,13.458711624145508,226.38685399400129
608.0,43.380653381347656,8.77635669708252,226.68044284899952
609.0,52.915245056152344,9.369503021240234,226.97855929800426
610.0,56.990169525146484,10.017040252685547,227.3075557060074
611.0,79.73697662353516,12.564004898071289,227.63079574100266
612.0,167.1576690673828,20.920616149902344,227.9452637790091
613.0,109.72726440429688,16.23596954345703,228.25698127000942
614.0,64.97175598144531,11.239927291870117,228.57864291600708
615.0,47.37977600097656,9.446259498596191,228.9538004710048
616.0,118.48744201660156,17.24943733215332,229.3315929320088
617.0,185.7210693359375,23.453651428222656,229.72655036700598
618.0,109.73558044433594,15.44238567352295,230.10123507500975
619.0,38.116641998291016,7.915438652038574,230.4271333180077
620.0,28.760475158691406,6.2912163734436035,230.7382436850021
621.0,36.82574462890625,7.122364521026611,231.04000568800257
622.0,36.04603958129883,7.8433146476745605,231.37186161300633
623.0,146.58740234375,18.874046325683594,231.7037968299992
624.0,149.06700134277344,21.260007858276367,232.06217009101238
625.0,88.7584228515625,12.221324920654297,232.36731480401068
626.0,520.4205932617188,45.03877639770508,232.67691085299884
627.0,447.74554443359375,39.33231735229492,233.07216887500545
628.0,66.22242736816406,10.705123901367188,233.37217855500057
629.0,66.31877899169922,11.563820838928223,233.7072632920026
630.0,62.888023376464844,11.248250007629395,234.03781942100613
631.0,31.62679672241211,7.196658611297607,234.38016795901058
632.0,24.372343063354492,5.459712505340576,234.7037599880132
633.0,70.38113403320312,12.00495433807373,235.05761760901078
634.0,39.89338684082031,8.22634220123291,235.3742124910059
635.0,48.133018493652344,9.219246864318848,235.67025980100152
636.0,159.78213500976562,20.454933166503906,235.9772940820112
637.0,145.6589813232422,19.497093200683594,236.32617509400006
638.0,41.97691345214844,8.283343315124512,236.62115674601228
639.0,44.945777893066406,8.667397499084473,236.9227190540114
640.0,34.69001007080078,7.610635757446289,237.29320669001027
641.0,26.91105079650879,6.210013389587402,237.62609834500472
642.0,40.0395622253418,8.013124465942383,237.9318207900069
643.0,84.10585021972656,12.172623634338379,238.2394438390038
644.0,135.0830535888672,18.513444900512695,238.54892356100027
645.0,62.23565673828125,10.651636123657227,238.84098063400597
646.0,88.88954162597656,13.719595909118652,239.16294273899985
647.0,81.45316314697266,12.174809455871582,239.47704960800183
648.0,151.33213806152344,20.604808807373047,239.80136619700352
649.0,62.53681945800781,9.779576301574707,240.11674266699993
650.0,36.59385681152344,7.871060848236084,240.4151753220067
651.0,45.78418731689453,8.91956615447998,240.71172874201147
652.0,41.21592712402344,8.274208068847656,241.01409568400413
653.0,34.92066192626953,7.685957908630371,241.3174366680032
654.0,47.84314727783203,9.228135108947754,241.6121586770023
655.0,23.27930450439453,5.893230438232422,241.9778232730023
656.0,297.22576904296875,27.34227180480957,242.30195694899885
657.0,97.69931030273438,10.697999954223633,242.58693033600866
658.0,105.98099517822266,15.656303405761719,242.90430660100537
659.0,76.97267150878906,11.729208946228027,243.19602142900112
660.0,35.57461166381836,7.428690433502197,243.5000312480115
661.0,110.68370819091797,14.846318244934082,243.80293600300502
662.0,62.49761962890625,10.320069313049316,244.1095865360112
663.0,92.69647216796875,14.236593246459961,244.4167136370088
664.0,30.295501708984375,6.751367092132568,244.7150803280092
665.0,32.449188232421875,6.919687271118164,245.0033056550019
666.0,211.94998168945312,20.168176651000977,245.34982337401016
667.0,61.498817443847656,8.622678756713867,245.70713819700177
668.0,39.86861038208008,7.400238513946533,246.0263419890107
669.0,30.64251708984375,6.910783767700195,246.3427863750112
670.0,120.23324584960938,17.04547119140625,246.68006745800085
671.0,49.64383316040039,8.521345138549805,246.99466965600732
672.0,249.2615966796875,27.452285766601562,247.31200489700132
673.0,25.94644546508789,6.211735725402832,247.61760623000737
674.0,160.3209686279297,16.50290870666504,247.93321635900065
675.0,37.58821105957031,7.998722553253174,248.24672770799953
676.0,33.59648513793945,6.266653537750244,248.55258845099888
677.0,91.47464752197266,13.57110595703125,248.88293820800027
678.0,70.63313293457031,11.342015266418457,249.22542410800816
679.0,94.40264892578125,13.73465633392334,249.5792808690021
680.0,86.57844543457031,12.36721420288086,249.88038054300705
681.0,105.19801330566406,15.69462776184082,250.22265315501136
682.0,80.0440902709961,13.996147155761719,250.79144490300678
683.0,44.538108825683594,8.31030559539795,251.13432059400657
684.0,70.00390625,11.018354415893555,251.4380364670069
685.0,61.82118225097656,11.116449356079102,251.7447794230102
686.0,93.93696594238281,14.081576347351074,252.0581930430053
687.0,43.125938415527344,7.904382705688477,252.38716807700985
688.0,62.64728546142578,10.083369255065918,252.6875842360023
689.0,58.49110412597656,9.339791297912598,252.98549596700468
690.0,53.28744888305664,9.972745895385742,253.26369592901028
691.0,43.562522888183594,8.409255027770996,253.56766277299903
692.0,42.00475311279297,8.608400344848633,253.87837345201115
693.0,35.87682342529297,7.3790602684021,254.1851109660056
694.0,67.75843811035156,10.458844184875488,254.50335983300465
695.0,322.29595947265625,28.52755355834961,254.80584634499974
696.0,337.4612121582031,30.034080505371094,255.12212738800736
697.0,60.05875015258789,10.170385360717773,255.43178507800621
698.0,508.37322998046875,38.76919937133789,255.76123668601213
699.0,79.57819366455078,9.689470291137695,256.057455770002
700.0,113.49290466308594,17.222244262695312,256.3523276160122
701.0,90.00747680664062,13.234085083007812,262.39669344900176
702.0,100.24024963378906,14.229137420654297,262.7001191830059
703.0,39.05549621582031,8.389556884765625,263.005382029005
704.0,111.90872192382812,16.08191680908203,263.31759704000433
705.0,155.4779510498047,18.61311912536621,263.6059979950078
706.0,74.40669250488281,13.162863731384277,263.9205679620063
707.0,285.18414306640625,29.240373611450195,264.21307815601176
708.0,133.8726043701172,17.548526763916016,264.5209188010049
709.0,109.60798645019531,15.402353286743164,264.8410269760061
710.0,102.47899627685547,12.734210968017578,265.13650359300664
711.0,61.08000183105469,10.462259292602539,265.44464027301
712.0,55.430023193359375,9.454078674316406,265.72281273500994
713.0,262.7093505859375,25.818037033081055,266.0303247300035
714.0,171.16104125976562,18.471721649169922,266.3205824010074
715.0,85.81261444091797,13.294373512268066,266.64025519401184
716.0,48.235015869140625,9.337382316589355,266.9256547570112
717.0,89.7549057006836,12.858980178833008,267.2076193150133
718.0,116.96746063232422,15.92744255065918,267.51437675800116
719.0,34.679481506347656,7.489035606384277,267.8368289150094
720.0,58.426429748535156,8.73717212677002,268.13089309200586
721.0,40.793487548828125,8.60486888885498,268.42195837100735
722.0,210.08999633789062,22.344215393066406,268.7182744120073
723.0,99.732177734375,13.415830612182617,269.0229564100009
724.0,61.640464782714844,9.858356475830078,269.3201239530026
725.0,25.495235443115234,6.1578898429870605,269.6122920320049
726.0,34.37664794921875,7.2837347984313965,269.92454807300237
727.0,41.971946716308594,8.566267013549805,270.25525993500196
728.0,37.33496856689453,8.0520601272583,270.5585304929991
729.0,26.739971160888672,6.219555854797363,270.86068752199935
730.0,28.489864349365234,6.54233455657959,271.1570392510039
731.0,40.176666259765625,8.155813217163086,271.4621828620002
732.0,21.5830135345459,5.301117420196533,271.7611549370049
733.0,158.89259338378906,16.651437759399414,272.056049515013
734.0,143.03106689453125,15.210000038146973,272.35391539700504
735.0,64.13034057617188,10.960299491882324,272.6570810050034
736.0,47.589412689208984,9.312389373779297,272.9542172090005
737.0,43.22496795654297,8.497807502746582,273.25782876100857
738.0,97.90170288085938,15.351659774780273,273.5603601370094
739.0,57.91936492919922,9.665748596191406,273.848596448006
740.0,75.93550872802734,10.711438179016113,274.1586782240047
741.0,67.64373016357422,11.316569328308105,274.47662309600855
742.0,21.549419403076172,5.025165557861328,274.7714076110133
743.0,33.83027648925781,6.596377372741699,275.0627989330096
744.0,35.208763122558594,6.922958850860596,275.35341785701166
745.0,70.6347427368164,10.229788780212402,275.6485419150122
746.0,92.28227233886719,13.030020713806152,275.95044620700355
747.0,90.98601531982422,13.633091926574707,276.26449102000333
748.0,22.744461059570312,5.392616271972656,276.5850009230053
749.0,128.8070068359375,17.295284271240234,276.8991302450013
750.0,42.39750289916992,8.018842697143555,277.2012170720118
751.0,36.9352912902832,7.697506904602051,277.4968525360018
752.0,41.72843551635742,8.75277328491211,277.7998313440039
753.0,48.55647277832031,9.180079460144043,278.13142176800466
754.0,57.38257598876953,9.873480796813965,278.4639012760017
755.0,114.630615234375,15.166810989379883,278.7643460600084
756.0,17.039865493774414,4.279214382171631,279.0642383900122
757.0,61.1804313659668,11.048542976379395,279.4108961380116
758.0,40.99116516113281,8.26612377166748,279.75980085700576
759.0,60.15349197387695,9.118224143981934,280.06319308601087
760.0,30.63660430908203,6.481987953186035,280.3575599550095
761.0,26.86172103881836,5.995859146118164,280.6585160130053
762.0,28.221500396728516,5.738682270050049,280.9797481580026
763.0,127.92916107177734,17.43638038635254,281.31110122099926
764.0,29.469539642333984,6.512564182281494,281.63306007900974
765.0,35.53228759765625,6.680114269256592,281.93508941800974
766.0,104.62548828125,15.527097702026367,282.2365558770107
767.0,65.33618927001953,9.583189964294434,282.53096582900616
768.0,25.311077117919922,5.4940714836120605,282.8695642130042
769.0,57.590232849121094,9.293737411499023,283.2088130720076
770.0,82.57767486572266,14.194849014282227,283.51639460200386
771.0,127.78819274902344,16.136098861694336,283.83417003300565
772.0,181.9070281982422,19.28873062133789,284.1335514829989
773.0,140.71987915039062,18.272476196289062,284.4416050350119
774.0,247.7471160888672,18.7462100982666,284.76642395800445
775.0,122.2520523071289,17.227890014648438,285.0602153380023
776.0,43.026893615722656,9.100126266479492,285.36221290500544
777.0,25.14516830444336,5.927247047424316,285.65397123301227
778.0,47.4490966796875,7.539547920227051,285.977184702002
779.0,32.78295135498047,6.810556411743164,286.2842785170069
780.0,93.1315689086914,14.383021354675293,286.5981872440025
781.0,24.452354431152344,5.7192206382751465,286.9375434540125
782.0,37.369728088378906,6.965680122375488,287.2502673840063
783.0,277.7065124511719,28.330955505371094,287.55030440501287
784.0,107.13719940185547,15.881454467773438,287.8731095680123
785.0,167.0723419189453,20.729585647583008,288.17215096800646
786.0,110.7392578125,15.143073081970215,288.4877849260083
787.0,64.84613800048828,10.654980659484863,288.77817025000695
788.0,36.422576904296875,7.474489212036133,289.11515485300333
789.0,79.48829650878906,12.721589088439941,289.44277788201
790.0,145.09381103515625,18.806541442871094,289.7639711590018
791.0,118.9591064453125,14.570510864257812,290.0742447090015
792.0,65.78056335449219,10.88310718536377,290.3740313779999
793.0,66.6062240600586,11.192829132080078,290.69261756000924
794.0,42.33307647705078,8.392436981201172,290.9815461469989
795.0,88.6026611328125,14.602282524108887,291.2933519060025
796.0,36.76881790161133,7.435794353485107,291.592001336001
797.0,33.31801986694336,6.686867713928223,291.90461690400844
798.0,104.25935363769531,13.128107070922852,292.19050000500283
799.0,87.19627380371094,14.34111213684082,292.4897450720018
800.0,70.75125122070312,12.108246803283691,292.79066759299894
801.0,22.2026424407959,4.907844543457031,298.913961563012
802.0,32.39881134033203,6.799520015716553,299.22213758200814
803.0,74.498291015625,12.572046279907227,299.5107787450106
804.0,59.273067474365234,10.59860897064209,299.82842084900767
805.0,48.04781723022461,8.697457313537598,300.1361264280131
806.0,21.308971405029297,5.237989902496338,300.4417775670008
807.0,54.49894332885742,9.53129768371582,300.7385158610123
808.0,46.56866455078125,8.278156280517578,301.0569585580088
809.0,38.08476638793945,6.823705673217773,301.347177928008
810.0,41.578086853027344,7.578534126281738,301.6340016680042
811.0,27.289031982421875,6.499115467071533,301.9318879580096
812.0,81.52853393554688,12.035645484924316,302.2191218720109
813.0,149.1091766357422,13.436605453491211,302.5206856920122
814.0,45.361751556396484,8.528336524963379,302.8265556920087
815.0,33.728206634521484,6.378421306610107,303.1339653150062
816.0,120.75257873535156,14.751622200012207,303.42642246100877
817.0,39.0924072265625,7.522618770599365,303.717428191012
818.0,32.66319274902344,6.836434364318848,304.02341542200884
819.0,34.03876495361328,7.679659366607666,304.3178024640074
820.0,70.1195068359375,11.181537628173828,304.6158865160105
821.0,121.44039916992188,17.08744239807129,304.9270731650031
822.0,91.71449279785156,11.443671226501465,305.2310747230076
823.0,22.4788875579834,4.811379909515381,305.52409615200304
824.0,100.81900024414062,14.271559715270996,305.82641050001257
825.0,71.92996215820312,10.889910697937012,306.1156491370057
826.0,77.95913696289062,11.247907638549805,306.4201948500122
827.0,71.52214050292969,11.657315254211426,306.71778938701027
828.0,42.960304260253906,8.404840469360352,307.01663389800524
829.0,54.75402069091797,9.776053428649902,307.31475425101235
830.0,27.559158325195312,6.170363426208496,307.6149477720028
831.0,91.82015228271484,12.444280624389648,307.9209675970051
832.0,73.7284164428711,11.735029220581055,308.2172146590019
833.0,98.28572845458984,14.242996215820312,308.51431495000725
834.0,119.9440689086914,15.252575874328613,308.79914433701197
835.0,55.56998825073242,9.550806045532227,309.10568181100825
836.0,91.71658325195312,9.559285163879395,309.40899446600815
837.0,19.48381805419922,4.5449957847595215,309.767092479
838.0,38.73806381225586,7.665022373199463,310.1489119580074
839.0,42.13929748535156,6.983040809631348,310.4529481970094
840.0,55.22661590576172,9.406431198120117,310.7463660650101
841.0,47.11225128173828,9.206372261047363,311.0546162570099
842.0,108.87480163574219,12.944731712341309,311.35575969101046
843.0,71.21454620361328,12.136632919311523,311.66015479199996
844.0,70.39995574951172,11.09454345703125,311.96348533600394
845.0,32.57652282714844,6.853910446166992,312.2676960079989
846.0,97.91649627685547,11.461737632751465,312.55818150501
847.0,31.754573822021484,6.421645641326904,312.8596282740036
848.0,31.46624183654785,7.029720783233643,313.17963503301144
849.0,23.240360260009766,5.204216957092285,313.49164562700025
850.0,17.998233795166016,4.402425765991211,313.8097141239996
851.0,40.59563446044922,6.654204845428467,314.10066879101214
852.0,120.3829345703125,14.090803146362305,314.41230534701026
853.0,24.58222198486328,5.462989330291748,314.72668744801194
854.0,131.2086181640625,14.293937683105469,315.06769287001225
855.0,24.386871337890625,5.783574104309082,315.3618040250003
856.0,121.92073059082031,11.34202766418457,315.6716050180112
857.0,26.31002426147461,5.82769250869751,315.9764384810114
858.0,93.08099365234375,12.432879447937012,316.2882469840115
859.0,53.30560302734375,9.280023574829102,316.5817858740047
860.0,68.09431457519531,9.930054664611816,316.88596826601133
861.0,70.23922729492188,11.386299133300781,317.1846820589999
862.0,108.29032897949219,15.818483352661133,317.4965096759988
863.0,27.52541732788086,6.344730854034424,317.8019659540005
864.0,82.08447265625,12.431487083435059,318.104854781006
865.0,60.93389892578125,11.379251480102539,318.3955592679995
866.0,105.88371276855469,15.3274564743042,318.68845502400654
867.0,36.90388107299805,6.8085222244262695,319.00934263301315
868.0,83.37364196777344,11.850274085998535,319.3138490690035
869.0,185.78099060058594,20.128578186035156,319.6265323700063
870.0,93.24307250976562,15.465160369873047,319.9293732600054
871.0,160.9115753173828,18.519948959350586,320.2257513630029
872.0,87.75941467285156,12.888272285461426,320.5269300370128
873.0,176.26937866210938,21.608684539794922,320.8379077520076
874.0,182.0762176513672,22.108379364013672,321.14555206800287
875.0,137.30795288085938,16.713197708129883,321.45241329600685
876.0,47.620391845703125,9.14518928527832,321.7588481260027
877.0,100.51594543457031,14.19581413269043,322.0601455700089
878.0,104.63803100585938,14.058673858642578,322.364619415006
879.0,63.08273696899414,11.43776798248291,322.6600465740048
880.0,30.33930015563965,7.379179000854492,322.97129679300997
881.0,32.02892303466797,6.551309585571289,323.27150339100626
882.0,144.9808349609375,19.612205505371094,323.5867604610103
883.0,17.438796997070312,4.3114848136901855,323.8806973860046
884.0,50.22036361694336,7.948676109313965,324.1757104110002
885.0,331.5055236816406,28.580095291137695,324.4805134769995
886.0,354.1080322265625,30.415386199951172,324.78289721401234
887.0,127.43205261230469,18.976844787597656,325.0860613780096
888.0,90.13494110107422,13.252825736999512,325.4109052290005
889.0,51.88880157470703,8.4425630569458,325.71397389699996
890.0,166.55740356445312,22.51401138305664,326.007433605002
891.0,330.4144287109375,31.299497604370117,326.29197681300866
892.0,45.27464294433594,7.828634262084961,326.58313101300155
893.0,147.86720275878906,14.471379280090332,326.89093575401057
894.0,47.745418548583984,8.072815895080566,327.18844935300876
895.0,93.41974639892578,14.31082820892334,327.49367469199933
896.0,228.77548217773438,25.54313850402832,327.8082914520055
897.0,51.06330871582031,10.257084846496582,328.1149653520115
898.0,175.07803344726562,20.141151428222656,328.42343020800035
899.0,86.7821044921875,13.823210716247559,328.7219547860004
900.0,92.47236633300781,14.364715576171875,329.02280739300477
901.0,233.09152221679688,24.590194702148438,335.23609496500285
902.0,72.88406372070312,11.91983699798584,335.553068453999
903.0,45.34186553955078,7.7378716468811035,335.8616816630092
904.0,24.140380859375,4.940231800079346,336.1755723850074
905.0,344.09515380859375,35.21183776855469,336.47812646999955
906.0,13.432860374450684,3.7194855213165283,336.77670841100917
907.0,95.2134780883789,12.404607772827148,337.08441522700014
908.0,183.75006103515625,22.681072235107422,337.4019332790049
909.0,27.7685489654541,6.023525238037109,337.70441595101147
910.0,140.48980712890625,19.15787124633789,338.0180745180114
911.0,21.65721321105957,5.129179000854492,338.34128814100404
912.0,208.1674041748047,24.39180564880371,338.657769663012
913.0,36.44501495361328,7.227715969085693,338.9612137560034
914.0,81.36045837402344,10.906119346618652,339.28577208300703
915.0,26.39303207397461,5.710118293762207,339.58802587100945
916.0,25.416316986083984,6.270499229431152,339.8901420750044
917.0,44.11985778808594,8.327402114868164,340.1859585860075
918.0,29.10543441772461,6.4603657722473145,340.5107782170089
919.0,39.43035888671875,8.070788383483887,340.8176744210068
920.0,92.6439208984375,10.845237731933594,341.1431321800046
921.0,34.311100006103516,7.122814178466797,341.4621874870063
922.0,61.324974060058594,9.808958053588867,341.8079962890042
923.0,12.052712440490723,3.272169589996338,342.1098843640066
924.0,18.53180503845215,4.476808547973633,342.42261798000254
925.0,36.24950408935547,7.30893087387085,342.7190077450068
926.0,51.7023811340332,9.69725227355957,343.0173026840057
927.0,173.5491485595703,21.325225830078125,343.32635822299926
928.0,27.148178100585938,5.942360877990723,343.65369853201264
929.0,66.40644836425781,11.547101020812988,343.9694094150036
930.0,57.085105895996094,9.927667617797852,344.27882276600576
931.0,59.095558166503906,9.310941696166992,344.61111654600245
932.0,43.43779373168945,7.471921443939209,345.01567971199984
933.0,35.806373596191406,7.577463150024414,345.317809057
934.0,89.0756607055664,14.482619285583496,345.6235467600054
935.0,51.05074691772461,8.698302268981934,345.93970455900126
936.0,65.01145935058594,9.323094367980957,346.2545626909996
937.0,28.360158920288086,6.021780967712402,346.55481052500545
938.0,142.6847381591797,16.9091739654541,346.86189346801257
939.0,28.80213737487793,5.877817630767822,347.1819035790104
940.0,63.469635009765625,10.203863143920898,347.4930507300014
941.0,24.730838775634766,5.17402982711792,347.78988131201186
942.0,42.33833312988281,7.154716968536377,348.1018037130125
943.0,31.20462989807129,6.015594005584717,348.40656280300755
944.0,65.24000549316406,9.611958503723145,348.72399878500437
945.0,31.612545013427734,6.501846790313721,349.0154882650095
946.0,83.95480346679688,11.069357872009277,349.33496513200225
947.0,21.258445739746094,4.739125728607178,349.6303207900055
948.0,63.667327880859375,11.393310546875,349.9308399240108
949.0,25.19495391845703,5.5590925216674805,350.2412104570103
950.0,101.09425354003906,10.643373489379883,350.5467679220019
951.0,176.04200744628906,21.935937881469727,350.8499579010095
952.0,45.07264709472656,7.672979831695557,351.1501235230098
953.0,32.89951705932617,6.93939208984375,351.4505253620009
954.0,54.9241943359375,9.991140365600586,351.74243553500855
955.0,37.10784912109375,7.733736038208008,352.0356803700124
956.0,64.42697143554688,11.120490074157715,352.3403510280041
957.0,53.845863342285156,9.048235893249512,352.62904409100884
958.0,233.443115234375,26.782081604003906,352.91550631300197
959.0,49.762550354003906,8.117865562438965,353.2550043880037
960.0,36.77333450317383,7.98799991607666,353.5510703010077
961.0,104.45889282226562,12.232751846313477,353.85060942400014
962.0,65.01704406738281,10.856202125549316,354.1714234640094
963.0,127.52992248535156,17.53036117553711,354.4723365660029
964.0,58.252410888671875,9.137602806091309,354.7772205850051
965.0,55.464683532714844,8.007196426391602,355.089928469999
966.0,20.27577781677246,5.043813228607178,355.41408349300036
967.0,18.169837951660156,4.203780651092529,355.72143598500406
968.0,28.17620849609375,5.711545944213867,356.0407029830094
969.0,53.04175567626953,8.710992813110352,356.3425601860072
970.0,57.24736022949219,9.850021362304688,356.6541837650002
971.0,32.529762268066406,6.168712615966797,356.95638057400356
972.0,14.484563827514648,3.41841983795166,357.3004153500078
973.0,14.16738224029541,3.5247128009796143,357.59902136000164
974.0,24.38773536682129,5.132435321807861,357.89426914400246
975.0,170.4296875,18.61908531188965,358.2139515190065
976.0,24.517181396484375,5.551469802856445,358.5201330120035
977.0,25.581356048583984,5.526091575622559,358.82667431401205
978.0,67.22969055175781,11.83041000366211,359.13229431600485
979.0,22.12542724609375,5.330428600311279,359.43324353201024
980.0,19.369159698486328,4.315525531768799,359.75551700301
981.0,36.83823013305664,6.5167951583862305,360.07054014501045
982.0,43.706199645996094,7.927578449249268,360.3720272470091
983.0,59.58171081542969,9.674256324768066,360.70165129301313
984.0,21.722963333129883,4.793989181518555,361.0012533550034
985.0,21.56554412841797,4.667352199554443,361.2999048160127
986.0,59.67460632324219,10.859161376953125,361.6034277150029
987.0,48.953853607177734,8.266485214233398,362.0182007350086
988.0,29.464508056640625,6.370614528656006,362.31622303600307
989.0,119.229736328125,15.655566215515137,362.66899147900403
990.0,45.68116760253906,8.435430526733398,362.98015432301327
991.0,84.40853881835938,13.567695617675781,363.30043717801163
992.0,101.3634262084961,15.301067352294922,363.59314437500143
993.0,45.57917022705078,7.902946472167969,363.90397390400176
994.0,171.24697875976562,18.991594314575195,364.209310612001
995.0,38.1207389831543,7.886638164520264,364.4975749870064
996.0,54.18986511230469,8.499493598937988,364.79196810700523
997.0,90.54086303710938,13.075167655944824,365.090317744005
998.0,48.936309814453125,8.614108085632324,365.40485656000965
999.0,103.42154693603516,15.806350708007812,365.68825050099986
1000.0,87.12409210205078,11.636340141296387,365.99224153401155
1001.0,40.10586929321289,8.405067443847656,372.5596925569989
1002.0,75.65605926513672,11.596698760986328,372.850967647013
1003.0,74.14263153076172,11.35833740234375,373.1541649580031
1004.0,27.05238914489746,5.954644203186035,373.4651403600001
1005.0,16.046161651611328,3.7389912605285645,373.76250172700384
1006.0,63.49908447265625,10.757307052612305,374.0662593980087
1007.0,13.216409683227539,3.601731300354004,374.3508452990063
1008.0,58.51084899902344,9.155978202819824,374.652801343007
1009.0,61.10101318359375,9.885946273803711,374.9410477550118
1010.0,83.36125183105469,11.16348648071289,375.247159423001
1011.0,83.08367156982422,9.492365837097168,375.5592501020001
1012.0,201.951171875,18.677980422973633,375.86221627000486
1013.0,72.67632293701172,10.840137481689453,376.1767873640056
1014.0,35.73096466064453,6.319892883300781,376.49159951000183
1015.0,29.49620819091797,6.070899963378906,376.79524963500444
1016.0,123.93016815185547,16.453716278076172,377.11096465100127
1017.0,139.61013793945312,14.690037727355957,377.42138765600976
1018.0,395.2198486328125,34.81742477416992,377.72226502200647
1019.0,52.42622375488281,8.309155464172363,378.02936377101287
1020.0,17.448549270629883,4.304994106292725,378.3263976020098
1021.0,172.78616333007812,19.81200408935547,378.6378304259997
1022.0,82.4765853881836,11.25561237335205,378.95239087200025
1023.0,42.38795471191406,7.870728969573975,379.2622747760033
1024.0,31.020954132080078,6.48410177230835,379.6030709470069
1025.0,23.537729263305664,5.260756969451904,379.90479625000444
1026.0,95.27438354492188,12.232353210449219,380.2474152650102
1027.0,114.85134887695312,14.041600227355957,380.5783349320118
1028.0,20.6015567779541,4.546180248260498,380.8719751640019
1029.0,59.408363342285156,10.516996383666992,381.1750209890015
1030.0,18.318517684936523,4.462773323059082,381.497659132001
1031.0,14.973085403442383,3.752903699874878,381.81124216401076
1032.0,48.726810455322266,8.301045417785645,382.122326599012
1033.0,59.76775360107422,11.235891342163086,382.4270679820038
1034.0,34.071624755859375,6.344598770141602,382.7172996820009
1035.0,138.0558319091797,15.010048866271973,383.0396620620013
1036.0,284.13543701171875,30.225767135620117,383.3490624650003
1037.0,28.342174530029297,6.026788711547852,383.6532612370065
1038.0,19.928512573242188,5.145715236663818,383.9463544580067
1039.0,31.45891571044922,6.51785135269165,384.24174375900475
1040.0,158.23568725585938,17.803449630737305,384.557681618011
1041.0,64.99301147460938,8.818625450134277,384.8495245790109
1042.0,94.24467468261719,13.879576683044434,385.1611393980129
1043.0,27.41761016845703,6.3191304206848145,385.48057131501264
1044.0,98.31133270263672,11.430059432983398,385.78470246100915
1045.0,29.65331268310547,6.752033233642578,386.0891001400014
1046.0,65.0914306640625,9.811349868774414,386.3950327550119
1047.0,35.216468811035156,5.90240478515625,386.69157325501146
1048.0,29.004878997802734,6.318754196166992,387.01124803200946
1049.0,54.28031921386719,10.142253875732422,387.3102252079989
1050.0,73.88290405273438,10.664048194885254,387.61640335200354
1051.0,38.452789306640625,7.12044620513916,387.9323690029996
1052.0,23.30564308166504,5.302179336547852,388.2507301630103
1053.0,105.78803253173828,12.304625511169434,388.5313248770108
1054.0,96.42921447753906,14.39582347869873,388.8132095690089
1055.0,45.18926239013672,7.202063083648682,389.0934202570061
1056.0,25.604358673095703,5.404849529266357,389.3926204820018
1057.0,64.09561157226562,10.736879348754883,389.7079145489988
1058.0,40.04278564453125,7.686462879180908,390.0110006310133
1059.0,20.966392517089844,4.863511562347412,390.31129531600163
1060.0,44.64772415161133,7.424563884735107,390.61204380700656
1061.0,45.80271530151367,8.063356399536133,390.9166821260005
1062.0,21.591426849365234,4.74338960647583,391.2135360670072
1063.0,15.317062377929688,3.9944474697113037,391.49915021500783
1064.0,95.04290008544922,8.115504264831543,391.8051010700001
1065.0,27.61661148071289,5.574914932250977,392.1092329600069
1066.0,41.729583740234375,8.361068725585938,392.40460254400386
1067.0,17.103252410888672,3.823725700378418,392.69797881699924
1068.0,69.76458740234375,10.871253967285156,393.0096778770094
1069.0,137.02830505371094,18.595674514770508,393.36216714400507
1070.0,63.15154266357422,10.550904273986816,393.70657232501253
1071.0,162.34603881835938,19.242708206176758,394.06641681000474
1072.0,133.8873748779297,18.475446701049805,394.435162742011
1073.0,49.08149719238281,8.601237297058105,394.76144537801156
1074.0,52.81146240234375,8.475991249084473,395.22753325800295
1075.0,49.43113708496094,8.387947082519531,395.61335558201245
1076.0,52.01250457763672,9.221802711486816,395.96899976000714
1077.0,79.37581634521484,9.927390098571777,396.2868465440115
1078.0,49.09271240234375,7.739802360534668,396.6041251770075
1079.0,37.6339111328125,7.598083019256592,396.9086209470115
1080.0,168.14833068847656,21.263378143310547,397.1930718470103
1081.0,17.13481330871582,3.9396419525146484,397.4890701520053
1082.0,12.12207317352295,3.142690658569336,397.7879871840123
1083.0,44.250450134277344,8.432303428649902,398.0990289590118
1084.0,62.75921630859375,9.480658531188965,398.4027599250112
1085.0,38.6064453125,7.843488693237305,398.7266236889991
1086.0,117.467529296875,12.904977798461914,399.0526768920099
1087.0,65.08751678466797,11.144647598266602,399.36307377500634
1088.0,125.48084259033203,12.619766235351562,399.6967025769991
1089.0,56.67262268066406,8.361090660095215,400.0271653380041
1090.0,66.77338409423828,9.749268531799316,400.32449828200333
1091.0,39.433143615722656,6.833487510681152,400.64497149700765
1092.0,57.22187042236328,9.910147666931152,400.95808121901064
1093.0,29.71832275390625,5.754150390625,401.2501749840012
1094.0,52.370994567871094,9.48928451538086,401.54180688000633
1095.0,41.10152053833008,8.04854679107666,401.8272228880087
1096.0,39.763031005859375,6.898517608642578,402.12949565700546
1097.0,19.095420837402344,4.694774627685547,402.4640006300033
1098.0,31.06072235107422,7.088351249694824,402.797618386001
1099.0,100.66394805908203,15.92227554321289,403.1476042800059
1100.0,93.26180267333984,11.861955642700195,403.4370075570041
1101.0,28.829818725585938,6.084028244018555,410.1074803090014
1102.0,28.493419647216797,5.976185321807861,410.42485681700055
1103.0,26.258319854736328,6.1330437660217285,410.7252758100076
1104.0,32.235252380371094,7.15183162689209,411.041754580001
1105.0,46.96950912475586,8.563179016113281,411.36307114300143
1106.0,247.58984375,24.531991958618164,411.66478102101246
1107.0,25.24142837524414,5.842773914337158,411.9852039610123
1108.0,19.589401245117188,4.982198238372803,412.2970621120039
1109.0,86.50477600097656,9.85166072845459,412.5857640780014
1110.0,26.44683074951172,5.8278045654296875,412.9017141920049
1111.0,93.64525604248047,11.938777923583984,413.2054845500097
1112.0,85.37362670898438,13.670546531677246,413.50626593400375
1113.0,45.693199157714844,7.227594375610352,413.80825085300603
1114.0,19.509998321533203,4.972370147705078,414.1028362770012
1115.0,47.14134216308594,7.237231731414795,414.4333908690023
1116.0,28.37738037109375,5.76414680480957,414.7550697050028
1117.0,17.381793975830078,3.8393194675445557,415.080200470009
1118.0,21.950599670410156,4.647503852844238,415.371708539009
1119.0,48.64606857299805,8.199322700500488,415.6732853930007
1120.0,33.04796600341797,6.2930402755737305,415.97079121701245
1121.0,84.18306732177734,11.570231437683105,416.2842589520005
1122.0,17.704200744628906,4.328636169433594,416.5937483200105
1123.0,38.007564544677734,7.692530632019043,416.88385593300336
1124.0,38.762298583984375,7.6060099601745605,417.1869616220065
1125.0,68.4097900390625,10.385903358459473,417.49612430699926
1126.0,73.65604400634766,11.876322746276855,417.80473222600995
1127.0,81.39228820800781,11.610147476196289,418.1156352320104
1128.0,57.8905143737793,9.177773475646973,418.4047284469998
1129.0,114.0831527709961,14.728133201599121,418.6998300980049
1130.0,99.19544219970703,13.275458335876465,419.0148407240049
1131.0,37.21687316894531,8.505075454711914,419.3096386540128
1132.0,21.734966278076172,5.691094875335693,419.6067391079996
1133.0,43.4283447265625,8.880293846130371,419.89972611601115
1134.0,47.209693908691406,10.044417381286621,420.22158013599983
1135.0,370.3249206542969,36.75087356567383,420.5079635830043
1136.0,34.132667541503906,7.51114559173584,420.8149709020072
1137.0,44.177154541015625,9.488542556762695,421.10085878300015
1138.0,40.19477081298828,8.440590858459473,421.4196788900008
1139.0,14.686832427978516,3.6113040447235107,421.73632998400717
1140.0,57.844093322753906,9.916417121887207,422.0429741590051
1141.0,93.49830627441406,11.244606018066406,422.35246858200117
1142.0,75.93437957763672,11.685505867004395,422.6400075679994
1143.0,85.01315307617188,11.500936508178711,422.938668281
1144.0,115.23817443847656,14.222716331481934,423.2526295530115
1145.0,97.17501831054688,11.001558303833008,423.5655790880119
1146.0,53.8245964050293,8.3131103515625,423.86104623200663
1147.0,13.739688873291016,3.8567516803741455,424.15716647400404
1148.0,26.279617309570312,5.305044174194336,424.4615838190075
1149.0,12.147282600402832,3.3282554149627686,424.7517734830035
1150.0,24.61286163330078,5.5008039474487305,425.0375252110098
1151.0,97.98567199707031,14.73633861541748,425.34872146800626
1152.0,72.05778503417969,12.262177467346191,425.6551821450121
1153.0,43.162818908691406,5.163999557495117,425.9573609180079
1154.0,122.87690734863281,17.989032745361328,426.27011770800164
1155.0,78.43620300292969,10.614283561706543,426.5674115319998
1156.0,76.37751007080078,12.21237564086914,426.8658121710032
1157.0,67.89726257324219,11.225479125976562,427.1573567070009
1158.0,118.13177490234375,16.050058364868164,427.4832376330014
1159.0,129.05079650878906,12.997326850891113,427.79601905000163
1160.0,45.29548263549805,7.424196243286133,428.10011648100044
1161.0,14.93726921081543,4.04652738571167,428.3952308690059
1162.0,80.18936157226562,11.941080093383789,428.6888367960055
1163.0,50.21538543701172,8.126376152038574,428.9854072230082
1164.0,74.3491439819336,11.634589195251465,429.27688900000066
1165.0,30.32246971130371,6.013016700744629,429.5914019949996
1166.0,53.812896728515625,8.448127746582031,429.90237067900307
1167.0,36.356239318847656,6.500638484954834,430.20965311500186
1168.0,61.988487243652344,11.258329391479492,430.51824904201203
1169.0,13.567322731018066,3.5692391395568848,430.84822650501155
1170.0,33.52920913696289,7.0310773849487305,431.17769557400607
1171.0,23.986827850341797,5.355347633361816,431.47677622501215
1172.0,22.525691986083984,5.385541915893555,431.77161718900607
1173.0,30.868513107299805,6.393321514129639,432.0678272790101
1174.0,152.25062561035156,15.204065322875977,432.37672839401057
1175.0,24.922348022460938,5.8095808029174805,432.72009603100014
1176.0,40.983428955078125,8.61104679107666,433.0248861780128
1177.0,26.77865982055664,6.38197660446167,433.3194180790015
1178.0,29.22273063659668,6.254715919494629,433.6614471010107
1179.0,62.32158660888672,10.231184005737305,433.96865609500674
1180.0,48.80793762207031,7.973750591278076,434.2897708790115
1181.0,28.51782989501953,5.503643989562988,434.6197070830094
1182.0,13.883956909179688,3.6041061878204346,434.9223069340078
1183.0,22.382993698120117,4.744015693664551,435.23256774900074
1184.0,40.27564239501953,7.141787052154541,435.52877336001256
1185.0,237.79190063476562,24.783174514770508,435.81749082500755
1186.0,311.60821533203125,28.725576400756836,436.12141446700844
1187.0,56.56914520263672,9.061620712280273,436.42488105500524
1188.0,44.77141571044922,7.085984230041504,436.7134055200004
1189.0,29.18238067626953,5.435235977172852,437.02299877900805
1190.0,33.15435791015625,6.1529741287231445,437.34665848901204
1191.0,38.494224548339844,6.547424793243408,437.65635173700866
1192.0,105.2025146484375,12.972268104553223,437.9435260330065
1193.0,75.84925842285156,12.51353931427002,438.26586074000807
1194.0,46.282901763916016,8.45862102508545,438.5574577940133
1195.0,33.093204498291016,7.1586432456970215,438.8585441280011
1196.0,34.65025329589844,6.754440784454346,439.15124980600376
1197.0,151.14561462402344,17.537988662719727,439.46354055700067
1198.0,29.58079719543457,6.25358772277832,439.75767109201115
1199.0,40.11652374267578,7.332089900970459,440.050170292001
1200.0,20.3885555267334,4.759599208831787,440.3557207670092
1201.0,77.94705963134766,11.687898635864258,446.56531752701267
1202.0,24.330474853515625,5.582862854003906,446.863925165002
1203.0,14.045058250427246,3.5225467681884766,447.15004888801195
1204.0,95.24547576904297,14.354395866394043,447.4539511210023
1205.0,19.896512985229492,4.391293525695801,447.76882019400364
1206.0,36.059669494628906,7.029118061065674,448.0683642600052
1207.0,19.38456153869629,4.237807750701904,448.3790282730042
1208.0,16.526212692260742,4.061378002166748,448.71230581900454
1209.0,36.54396057128906,7.315370559692383,449.0211691959994
1210.0,26.16259765625,5.587798118591309,449.3533177890058
1211.0,232.29623413085938,28.283864974975586,449.64648300201225
1212.0,93.61437225341797,14.641203880310059,449.9480470000126
1213.0,42.44308090209961,8.184892654418945,450.2460562710039
1214.0,186.05532836914062,19.929109573364258,450.5627886430011
1215.0,37.9566764831543,7.99772310256958,450.8720331920049
1216.0,114.70101928710938,14.223698616027832,451.17058333801106
1217.0,71.36576080322266,11.67637825012207,451.47968929901253
1218.0,70.06194305419922,9.477510452270508,451.7745591999992
1219.0,53.60390853881836,8.755056381225586,452.09447858801286
1220.0,51.894805908203125,7.972678184509277,452.3977809460048
1221.0,123.82223510742188,11.579080581665039,452.7122749800037
1222.0,77.95423889160156,11.675950050354004,453.02549415100657
1223.0,19.48828887939453,5.030783653259277,453.354232786005
1224.0,57.809486389160156,10.02782917022705,453.64901333001035
1225.0,226.54937744140625,23.41059112548828,453.9480325980112
1226.0,31.516651153564453,6.730082988739014,454.22766065401083
1227.0,19.673572540283203,4.7379069328308105,454.54501976500615
1228.0,17.42733383178711,4.125982761383057,454.856748989012
1229.0,172.3751220703125,23.392580032348633,455.15446606501064
1230.0,16.487096786499023,3.91789174079895,455.45342743700894
1231.0,43.693687438964844,8.370475769042969,455.7715015010035
1232.0,19.916576385498047,4.621099948883057,456.08839882900065
1233.0,54.6380729675293,10.477997779846191,456.40363801400235
1234.0,29.603862762451172,5.09028959274292,456.709852444008
1235.0,115.01255798339844,12.239245414733887,457.0259359920019
1236.0,65.60884094238281,9.83600902557373,457.34947877201193
1237.0,35.79157257080078,6.365940570831299,457.6604533110076
1238.0,68.72679138183594,11.452281951904297,457.98679778299993
1239.0,111.38846588134766,12.547272682189941,458.28125331600313
1240.0,107.89541625976562,13.389732360839844,458.58910541700607
1241.0,140.7307891845703,16.84668731689453,458.89316610401147
1242.0,74.10327911376953,9.620027542114258,459.2151740940026
1243.0,153.77378845214844,18.065454483032227,459.5095398580015
1244.0,19.16515350341797,4.673927307128906,459.82144631400297
1245.0,80.8197021484375,11.047507286071777,460.13883347800584
1246.0,96.9241943359375,14.689281463623047,460.4395212310046
1247.0,60.01676940917969,9.217528343200684,460.7424206390133
1248.0,35.895347595214844,7.140705108642578,461.0394366640103
1249.0,64.05352783203125,10.483091354370117,461.34436343901325
1250.0,33.663516998291016,7.43154764175415,461.64140335901175
1251.0,35.201541900634766,7.456664085388184,461.9263760380127
1252.0,38.53934860229492,6.672656536102295,462.23516456100333
1253.0,29.478233337402344,6.752467155456543,462.5416889190092
1254.0,15.145410537719727,3.780137062072754,462.8452348130086
1255.0,40.423728942871094,6.9418044090271,463.13613605000137
1256.0,36.3696403503418,6.741588115692139,463.46376660199894
1257.0,53.054588317871094,8.344608306884766,463.78122533200076
1258.0,31.63355255126953,6.479051113128662,464.0916272110044
1259.0,92.90558624267578,12.436822891235352,464.3917065370042
1260.0,42.76966857910156,7.969661235809326,464.71235970901034
1261.0,57.54271697998047,10.01870346069336,465.01680852100253
1262.0,67.62602996826172,10.455124855041504,465.3250343450054
1263.0,15.034513473510742,3.7449393272399902,465.62835882700165
1264.0,58.953857421875,9.897100448608398,465.93204956001136
1265.0,109.83121490478516,12.411416053771973,466.2340402550035
1266.0,65.31330871582031,10.139167785644531,466.5489223970071
1267.0,25.66637420654297,5.130718231201172,466.86934691701026
1268.0,12.520429611206055,3.226011276245117,467.16029962200264
1269.0,19.77147674560547,4.193170547485352,467.4486961720104
1270.0,41.44538879394531,7.1624627113342285,467.7536170180101
1271.0,205.87071228027344,22.21510124206543,468.0469944450015
1272.0,53.0972785949707,10.039523124694824,468.34951476300193
1273.0,21.480098724365234,4.814291954040527,468.6770912820066
1274.0,24.008277893066406,5.484614372253418,468.9685821640014
1275.0,24.58517837524414,4.983915328979492,469.2804630640021
1276.0,15.996255874633789,3.8074703216552734,469.6156700540014
1277.0,16.239673614501953,3.9325013160705566,469.92462284100475
1278.0,47.364864349365234,8.364054679870605,470.20972290000645
1279.0,52.83450698852539,7.676232814788818,470.498373748007
1280.0,19.757951736450195,4.429581165313721,470.8217231010058
1281.0,124.87776184082031,15.84792423248291,471.1260560610099
1282.0,19.787384033203125,5.031419277191162,471.4206347569998
1283.0,34.26139831542969,6.221273899078369,471.73188821200165
1284.0,73.35899353027344,11.26998519897461,472.02306501600833
1285.0,24.7526912689209,5.37585973739624,472.333685976002
1286.0,48.66093826293945,9.388910293579102,472.63894213200547
1287.0,20.274513244628906,4.822231769561768,472.9283561020129
1288.0,35.586490631103516,5.942507743835449,473.21662933200423
1289.0,81.754638671875,11.270086288452148,473.50622192400624
1290.0,28.854419708251953,5.918353080749512,473.7878458250052
1291.0,31.716903686523438,6.234371185302734,474.0924736720044
1292.0,25.779022216796875,5.110138416290283,474.3862255020067
1293.0,20.98431396484375,4.516820907592773,474.7088917360088
1294.0,76.91014862060547,8.866663932800293,475.0116462480073
1295.0,28.128883361816406,5.6218647956848145,475.3114690479997
1296.0,26.807687759399414,6.1095499992370605,475.62198676000116
1297.0,55.67439270019531,9.248693466186523,475.92534209700534
1298.0,36.269630432128906,6.480456829071045,476.2387712010095
1299.0,20.433834075927734,4.8028035163879395,476.5286505520053
1300.0,17.654949188232422,4.184089660644531,476.82145293900976
1301.0,21.730426788330078,5.049173355102539,482.9869007560046
1302.0,32.228431701660156,5.810114860534668,483.2913583720074
1303.0,14.228610038757324,3.6356124877929688,483.5953475300048
1304.0,19.690553665161133,4.453587055206299,483.8961521690071
1305.0,63.323707580566406,11.596970558166504,484.20732454200333
1306.0,50.014747619628906,8.336640357971191,484.50843210601306
1307.0,29.828134536743164,5.95186185836792,484.8126895410096
1308.0,77.11398315429688,11.517290115356445,485.11224348800897
1309.0,52.098087310791016,8.288090705871582,485.4088983380061
1310.0,17.652843475341797,4.36140251159668,485.704347307008
1311.0,57.713233947753906,10.255043029785156,486.01074970500486
1312.0,54.22159957885742,7.695348262786865,486.3050775800075
1313.0,79.98845672607422,11.089953422546387,486.6012928179989
1314.0,22.899993896484375,5.069844722747803,486.90830603100767
1315.0,12.300151824951172,3.2569286823272705,487.2137741780025
1316.0,36.442359924316406,7.061729431152344,487.5077413810068
1317.0,15.149203300476074,3.8963100910186768,487.80675770500966
1318.0,100.85115051269531,8.0936279296875,488.10939854200114
1319.0,51.31918716430664,7.631155014038086,488.4152952850127
1320.0,26.43994903564453,5.2086501121521,488.72653891000664
1321.0,12.269674301147461,3.204819440841675,489.0317543440033
1322.0,17.325244903564453,4.513720989227295,489.3368839180039
1323.0,28.898094177246094,6.313061714172363,489.6366119380109
1324.0,69.64024353027344,11.561751365661621,489.9240710599988
1325.0,66.25154876708984,10.731659889221191,490.23330568701203
1326.0,31.68109703063965,6.421606540679932,490.5383820380084
1327.0,139.7675018310547,16.058589935302734,490.84609814900614
1328.0,30.762516021728516,6.513821601867676,491.14893659800873
1329.0,36.46147918701172,6.976439952850342,491.45976750900445
1330.0,15.544965744018555,3.591810703277588,491.7664528010064
1331.0,30.72125244140625,5.7847771644592285,492.0815542360069
1332.0,68.00244140625,12.21216106414795,492.3884512370132
1333.0,44.67217254638672,8.414229393005371,492.69700287900923
1334.0,31.682445526123047,5.975130081176758,493.0005928590108
1335.0,29.16530418395996,5.238366603851318,493.3125522920018
1336.0,32.101524353027344,5.660531520843506,493.6179929970094
1337.0,58.71113586425781,11.47904109954834,493.92798908000987
1338.0,34.592227935791016,6.148587226867676,494.246180097005
1339.0,11.344377517700195,3.0330469608306885,494.5514957560081
1340.0,29.116308212280273,5.458250045776367,494.87992253700213
1341.0,68.92251586914062,9.297354698181152,495.19640659401193
1342.0,62.619850158691406,9.519194602966309,495.51025931400363
1343.0,18.71856689453125,4.7708024978637695,495.8137704180117
1344.0,37.97285461425781,4.996867656707764,496.110515487002
1345.0,45.17119598388672,7.626940727233887,496.4094557540084
1346.0,36.772003173828125,6.795501232147217,496.70625899601146
1347.0,25.275718688964844,5.8226094245910645,497.0027709980059
1348.0,71.33820343017578,11.284160614013672,497.3065222560108
1349.0,34.31883239746094,7.125828266143799,497.6061956810008
1350.0,16.8403263092041,4.18266487121582,497.90453701501247
1351.0,80.51658630371094,9.63863468170166,498.19569667200267
1352.0,17.24185562133789,4.03036642074585,498.50308528600726
1353.0,34.28855895996094,6.619541645050049,498.8331695990055
1354.0,32.37854766845703,5.895753383636475,499.1398053330049
1355.0,48.939659118652344,8.331778526306152,499.4332883140014
1356.0,19.335737228393555,4.286050319671631,499.7383460710116
1357.0,37.246150970458984,6.305408954620361,500.03086212900234
1358.0,15.993661880493164,3.8746559619903564,500.3379682550003
1359.0,23.77242088317871,4.950720310211182,500.66398136700445
1360.0,13.723821640014648,3.308504819869995,500.971235850011
1361.0,51.969871520996094,7.570891380310059,501.2929434710095
1362.0,100.13584899902344,13.44627857208252,501.5848826760048
1363.0,44.740108489990234,6.875494003295898,501.9021774420107
1364.0,25.405683517456055,5.278807640075684,502.1895960210095
1365.0,15.355897903442383,3.905900239944458,502.4883115870034
1366.0,51.776100158691406,8.595146179199219,502.8012676930084
1367.0,14.164521217346191,3.5915355682373047,503.10418260100414
1368.0,11.949281692504883,3.1517672538757324,503.3903044200124
1369.0,23.845489501953125,5.100800037384033,503.6993356770108
1370.0,43.417015075683594,7.39850378036499,504.00563050300116
1371.0,37.30608367919922,7.642556190490723,504.30846084801306
1372.0,19.467876434326172,4.85653829574585,504.62041199700616
1373.0,51.092533111572266,8.248629570007324,504.94179100000474
1374.0,17.422046661376953,3.9434967041015625,505.2469461540022
1375.0,146.0911407470703,16.44281768798828,505.53700225200737
1376.0,27.836170196533203,5.788426399230957,505.8562658840092
1377.0,34.072872161865234,5.929130554199219,506.17302420501073
1378.0,26.015682220458984,5.457671165466309,506.47342690100777
1379.0,110.18016815185547,15.1080904006958,506.76861894900503
1380.0,28.11387825012207,5.794377326965332,507.06895142100984
1381.0,124.443115234375,9.113834381103516,507.3774600230099
1382.0,21.574357986450195,4.596893787384033,507.671353755999
1383.0,40.740447998046875,6.068554401397705,507.9777009910031
1384.0,223.38809204101562,26.535987854003906,508.294688037
1385.0,104.68267822265625,13.016146659851074,508.6707297390094
1386.0,78.63282775878906,10.093233108520508,508.9718614450103
1387.0,59.25267028808594,9.228191375732422,509.29185462600435
1388.0,26.353050231933594,5.457012176513672,509.60032237900305
1389.0,30.532085418701172,6.2184858322143555,509.9045985039993
1390.0,52.539852142333984,9.539602279663086,510.19958315000986
1391.0,61.866943359375,9.058395385742188,510.50179905901314
1392.0,19.427940368652344,4.757214546203613,510.7991125450062
1393.0,46.46183776855469,7.315948009490967,511.0946671890124
1394.0,22.92799949645996,5.398397445678711,511.4109311550128
1395.0,166.90725708007812,21.568023681640625,511.7119003340049
1396.0,34.07014846801758,4.335460662841797,512.0344010020053
1397.0,73.47259521484375,10.99890422821045,512.3252750840038
1398.0,80.87104797363281,11.447176933288574,512.6170151060069
1399.0,21.763944625854492,5.032158851623535,512.9283102230111
1400.0,17.306974411010742,3.8364877700805664,513.23653965001
1401.0,17.19983673095703,4.208282470703125,519.211679762011
1402.0,82.38762664794922,10.213829040527344,519.5261156180059
1403.0,23.763694763183594,5.352997779846191,519.8352624890103
1404.0,48.430755615234375,9.782462120056152,520.151009964
1405.0,33.211490631103516,6.244626998901367,520.4723174710089
1406.0,47.045166015625,8.083694458007812,520.7961942360125
1407.0,45.65553283691406,8.6007719039917,521.0953925520007
1408.0,29.271142959594727,6.342371940612793,521.4057744510064
1409.0,13.503988265991211,3.3585262298583984,521.704687409001
1410.0,20.532808303833008,4.6747941970825195,522.0180770930019
1411.0,57.83039093017578,10.212435722351074,522.3169171000045
1412.0,98.47953033447266,13.632383346557617,522.6272793850076
1413.0,150.20164489746094,19.647489547729492,522.9289618320036
1414.0,54.99445343017578,10.202081680297852,523.2250086810091
1415.0,41.068397521972656,8.195788383483887,523.5539549940004
1416.0,14.465216636657715,3.637970209121704,523.8728331050079
1417.0,148.10662841796875,17.20693588256836,524.1725820660067
1418.0,48.828582763671875,7.579995155334473,524.4893510250113
1419.0,46.866966247558594,9.10150146484375,524.8042351650074
1420.0,41.136566162109375,6.574875831604004,525.1089062890096
1421.0,43.230323791503906,7.200704097747803,525.4355386500101
1422.0,140.4906005859375,15.991735458374023,525.7456328150001
1423.0,17.96297264099121,4.117848873138428,526.0312743280083
1424.0,21.032175064086914,4.813868522644043,526.3390057420038
1425.0,36.493473052978516,5.728176116943359,526.6725944909995
1426.0,18.214473724365234,4.4033637046813965,526.9746527040115
1427.0,65.06063842773438,8.996847152709961,527.2947553400008
1428.0,32.69654083251953,6.339237689971924,527.6167813040083
1429.0,56.77949905395508,8.609249114990234,527.9252739710064
1430.0,143.24468994140625,15.872994422912598,528.2169607260003
1431.0,36.057064056396484,6.1436872482299805,528.5652542860043
1432.0,61.030357360839844,8.70684814453125,529.0739952830045
1433.0,28.46177864074707,6.330485820770264,529.3629174189991
1434.0,120.38687133789062,13.686477661132812,529.7006605410133
1435.0,57.634681701660156,9.932817459106445,530.0060202210007
1436.0,25.70745849609375,5.564260959625244,530.3107854280097
1437.0,50.49121856689453,8.29747200012207,530.6061708810012
1438.0,41.19980239868164,7.087852478027344,530.8864657920058
1439.0,15.190166473388672,3.364365816116333,531.1783782690036
1440.0,23.26971435546875,4.923371315002441,531.4794474580121
1441.0,32.26349639892578,6.111663341522217,531.802625870012
1442.0,7.85437536239624,2.211962938308716,532.1265537040017
1443.0,45.688385009765625,6.950161933898926,532.4249994850106
1444.0,22.57952308654785,4.781617641448975,532.7390088490065
1445.0,11.505030632019043,3.0142264366149902,533.0237178230018
1446.0,28.100542068481445,5.256526947021484,533.3274268870009
1447.0,14.182605743408203,3.6006414890289307,533.6201328340103
1448.0,24.313873291015625,5.560976505279541,533.928140308999
1449.0,40.88173294067383,6.957099914550781,534.2395734710008
1450.0,14.203592300415039,3.4140636920928955,534.5270060280018
1451.0,15.912415504455566,4.334719657897949,534.8346825510089
1452.0,97.21224975585938,10.596824645996094,535.1404839120078
1453.0,13.858589172363281,3.4047765731811523,535.4304584890051
1454.0,109.36557006835938,11.079588890075684,535.722532069005
1455.0,101.44467163085938,11.017826080322266,536.0071078900073
1456.0,19.591041564941406,4.836807727813721,536.2871979980118
1457.0,64.88465881347656,9.904533386230469,536.590687888005
1458.0,77.1277084350586,11.930137634277344,536.8786323620006
1459.0,342.8233642578125,29.82552146911621,537.1670931590052
1460.0,105.30706787109375,13.670633316040039,537.4823612629989
1461.0,32.76942825317383,6.255047798156738,537.7861276420008
1462.0,30.640844345092773,5.535404682159424,538.0867791390046
1463.0,25.65947723388672,5.396858215332031,538.4059135360003
1464.0,38.65978240966797,7.347461223602295,538.7063261709991
1465.0,42.53112030029297,6.735537528991699,538.9975626000087
1466.0,32.361080169677734,5.580585956573486,539.3041309040127
1467.0,92.90068054199219,11.366372108459473,539.6046189850022
1468.0,149.9505615234375,16.075517654418945,539.9293984930118
1469.0,100.16610717773438,12.338173866271973,540.2371140840114
1470.0,70.09518432617188,9.457968711853027,540.5414702410053
1471.0,25.298480987548828,5.483596324920654,540.8567070429999
1472.0,102.53844451904297,12.317689895629883,541.1568026830064
1473.0,22.1413516998291,4.352508544921875,541.449803031006
1474.0,21.883296966552734,4.929055690765381,541.7515354909992
1475.0,47.06495666503906,8.218738555908203,542.0540507200058
1476.0,162.86224365234375,19.183744430541992,542.3553041430132
1477.0,78.76827239990234,13.009931564331055,542.6473542270105
1478.0,66.46773529052734,11.576427459716797,542.9418597770127
1479.0,33.402015686035156,6.666958332061768,543.2571486020024
1480.0,29.426902770996094,6.444899559020996,543.5653550940042
1481.0,21.53563690185547,4.667674541473389,543.8564427670062
1482.0,110.28250885009766,11.969467163085938,544.1553304140107
1483.0,32.087276458740234,6.064788341522217,544.4601201020123
1484.0,12.387617111206055,3.1282448768615723,544.7776950640109
1485.0,22.553951263427734,4.601831912994385,545.0791290250054
1486.0,21.229345321655273,4.420533180236816,545.3682753169996
1487.0,13.54502010345459,3.2657504081726074,545.7020925260003
1488.0,18.333892822265625,4.005033016204834,546.0266517530108
1489.0,18.2203369140625,4.064122200012207,546.3317487070017
1490.0,196.90509033203125,18.810068130493164,546.641453676013
1491.0,63.25468444824219,8.708109855651855,546.9263198980043
1492.0,91.02346801757812,10.016274452209473,547.2232497040095
1493.0,53.467041015625,7.881861686706543,547.5209468240064
1494.0,12.672831535339355,3.5109832286834717,547.816536052007
1495.0,23.96263885498047,5.595346927642822,548.1118241720105
1496.0,53.025367736816406,8.792288780212402,548.4192233089998
1497.0,18.832115173339844,4.633780479431152,548.7275405020046
1498.0,135.16610717773438,14.592263221740723,549.0407738940121
1499.0,45.608848571777344,7.891321659088135,549.3457603130082
1500.0,25.140945434570312,4.907484531402588,549.668210763004
1501.0,24.246030807495117,4.83456563949585,556.0502063890017
1502.0,39.86345291137695,6.849013328552246,556.3498900970008
1503.0,37.43711853027344,6.067134380340576,556.6491583560128
1504.0,26.37217903137207,5.95659875869751,556.9485284270049
1505.0,20.40488052368164,4.894111156463623,557.2511683740013
1506.0,195.36361694335938,21.8939208984375,557.5577287600026
1507.0,21.454757690429688,4.826318740844727,557.8448017990013
1508.0,11.998273849487305,3.2597835063934326,558.135951586999
1509.0,64.56683349609375,9.711007118225098,558.4474086460104
1510.0,67.65634155273438,10.54731559753418,558.7524622810015
1511.0,11.714609146118164,2.919992208480835,559.043888871005
1512.0,14.55518627166748,3.7776644229888916,559.3359628460021
1513.0,118.01174926757812,12.831778526306152,559.6222650999989
1514.0,12.261945724487305,3.075981855392456,559.9277125570079
1515.0,31.326745986938477,6.958128452301025,560.2386436910019
1516.0,34.90655517578125,5.695454120635986,560.5508440160047
1517.0,16.48996353149414,4.170884132385254,560.8617454760097
1518.0,35.02920913696289,7.138419151306152,561.167815947003
1519.0,51.220149993896484,9.263921737670898,561.4660828550113
1520.0,61.016029357910156,10.208425521850586,561.7612514770008
1521.0,69.1238784790039,9.963008880615234,562.0594819800026
1522.0,14.66069221496582,3.8917133808135986,562.364777559007
1523.0,9.517237663269043,2.638756275177002,562.6827664230077
1524.0,12.168899536132812,3.268489360809326,562.9821544970036
1525.0,47.988426208496094,8.301976203918457,563.2689475619991
1526.0,11.937284469604492,3.3848512172698975,563.5772346760059
1527.0,17.284862518310547,4.228794097900391,563.8683468119998
1528.0,45.29023742675781,8.972179412841797,564.1834001220122
1529.0,13.509763717651367,3.4471042156219482,564.4863344790065
1530.0,25.736663818359375,5.441671371459961,564.7843152030109
1531.0,55.11662673950195,9.268126487731934,565.0842237890029
1532.0,121.51483154296875,12.597579956054688,565.3720426300133
1533.0,41.53498077392578,8.51574993133545,565.6700552310067
1534.0,52.06223678588867,9.363593101501465,565.9663409630011
1535.0,32.82502746582031,5.559329509735107,566.2804024050129
1536.0,29.259334564208984,5.43918514251709,566.5725260489999
1537.0,35.836814880371094,7.39285945892334,566.911892892007
1538.0,53.413818359375,7.741937637329102,567.2219319300057
1539.0,73.39330291748047,11.018289566040039,567.5222298120061
1540.0,62.35417175292969,11.506083488464355,567.8331147569988
1541.0,31.941253662109375,6.004255771636963,568.1340171690099
1542.0,28.122299194335938,5.693014621734619,568.4164158290077
1543.0,13.600146293640137,3.4061391353607178,568.7185384340119
1544.0,34.6964225769043,6.374764442443848,569.0192309070117
1545.0,11.418417930603027,3.0605297088623047,569.3351986610069
1546.0,32.054134368896484,6.4289960861206055,569.6472509010055
1547.0,33.324710845947266,6.039759159088135,569.9436808099999
1548.0,29.378694534301758,5.768096923828125,570.250688457003
1549.0,42.00107955932617,6.163074016571045,570.5456591820111
1550.0,233.83209228515625,27.25975799560547,570.8780911270005
1551.0,11.349898338317871,2.967494010925293,571.1763297040015
1552.0,41.63810729980469,4.8375983238220215,571.4811244940065
1553.0,60.31733703613281,9.135883331298828,571.7652126310131
1554.0,66.17349243164062,9.7838716506958,572.0540076940088
1555.0,64.13729858398438,7.8807783126831055,572.3526495580008
1556.0,16.965652465820312,4.129217624664307,572.6816593020048
1557.0,50.14514923095703,7.312338829040527,573.011101193013
1558.0,66.95512390136719,9.771921157836914,573.3356724780024
1559.0,37.99308776855469,6.752958297729492,573.6416166859999
1560.0,46.15220642089844,8.116253852844238,573.9437907680112
1561.0,55.65229797363281,7.7182464599609375,574.2264536930015
1562.0,27.170856475830078,5.182310104370117,574.5174931880028
1563.0,19.22710418701172,4.37587308883667,574.8187038169999
1564.0,20.13198471069336,4.8226399421691895,575.1102005810098
1565.0,15.129560470581055,3.6693153381347656,575.4196137570107
1566.0,18.993799209594727,4.309720993041992,575.7014065140102
1567.0,17.554370880126953,4.2375922203063965,576.0461299170129
1568.0,77.98436737060547,12.283021926879883,576.334095187005
1569.0,21.604707717895508,5.2725324630737305,576.6234043020086
1570.0,39.55902862548828,7.503679275512695,576.9203418410034
1571.0,37.797149658203125,7.155249118804932,577.2310872730013
1572.0,48.69053649902344,7.658874034881592,577.5282386640029
1573.0,16.821794509887695,3.8571560382843018,577.8410041200113
1574.0,26.471755981445312,5.065729141235352,578.1553991320106
1575.0,18.58826446533203,3.9186458587646484,578.4494251340075
1576.0,40.403587341308594,7.214754581451416,578.7572868970019
1577.0,70.51148986816406,8.443496704101562,579.0900799950032
1578.0,12.55502986907959,3.448399543762207,579.4100196430081
1579.0,7.971226692199707,2.3461050987243652,579.6938901880058
1580.0,35.342796325683594,5.530946254730225,580.0095050450036
1581.0,105.00776672363281,12.224886894226074,580.3017661860067
1582.0,24.36404800415039,5.439026355743408,580.621455475004
1583.0,144.37779235839844,20.55401611328125,580.9046183580067
1584.0,54.353363037109375,8.475851058959961,581.2265265260066
1585.0,41.54271697998047,8.179975509643555,581.5373883960128
1586.0,42.595069885253906,7.831996917724609,581.8342926120094
1587.0,22.00712013244629,5.080761432647705,582.1370450540126
1588.0,24.50711441040039,4.990839958190918,582.4219311110064
1589.0,18.506338119506836,4.61630392074585,582.7406066780095
1590.0,79.83810424804688,11.59622573852539,583.0302485700086
1591.0,51.772850036621094,8.686261177062988,583.3343524190132
1592.0,48.40778350830078,7.893081188201904,583.6427608939994
1593.0,53.758270263671875,9.547384262084961,583.9299889000104
1594.0,15.882040977478027,4.084218502044678,584.2149805420049
1595.0,24.245864868164062,5.269902229309082,584.503974036008
1596.0,20.008541107177734,4.651247501373291,584.8348003150022
1597.0,17.35573959350586,4.313249588012695,585.130665255012
1598.0,23.130733489990234,5.289772987365723,585.4439998460002
1599.0,20.224529266357422,4.382083415985107,585.7381017890002
1600.0,13.249715805053711,3.8584444522857666,586.0286795490101
1601.0,38.33721160888672,6.334138870239258,592.1305939940066
1602.0,22.722747802734375,4.528390884399414,592.4648109350092
1603.0,16.246118545532227,4.030917167663574,592.7601915330015
1604.0,62.491050720214844,8.240525245666504,593.0452652110107
1605.0,14.13443660736084,3.599116563796997,593.3530439110036
1606.0,38.10176086425781,6.7652482986450195,593.6822358220088
1607.0,22.683046340942383,4.2704997062683105,593.9755757920066
1608.0,85.37561798095703,10.161802291870117,594.2763518200081
1609.0,27.633312225341797,6.557599067687988,594.5801388800028
1610.0,36.66346740722656,6.872384071350098,594.8879166950064
1611.0,22.644344329833984,4.721863269805908,595.1822454150097
1612.0,12.58488655090332,3.25642728805542,595.472313825012
1613.0,29.439226150512695,5.660518169403076,595.7682727850042
1614.0,81.16815185546875,11.041387557983398,596.0590671050013
1615.0,12.42802619934082,3.470808267593384,596.3720211489999
1616.0,28.16452407836914,5.439875602722168,596.6720137930097
1617.0,42.78002166748047,7.213284492492676,596.9699560480076
1618.0,22.54727554321289,4.890268325805664,597.2757584540086
1619.0,65.77072143554688,8.992029190063477,597.5731329580012
1620.0,108.9038314819336,11.137378692626953,597.869334493007
1621.0,47.76805114746094,8.534280776977539,598.1876673470106
1622.0,60.82770538330078,9.920924186706543,598.4703216120106
1623.0,36.58769226074219,6.526609420776367,598.7820709140069
1624.0,56.19061279296875,9.385210990905762,599.078145906009
1625.0,43.60932922363281,8.07264232635498,599.3676961080055
1626.0,13.753549575805664,3.46498966217041,599.6701267169992
1627.0,42.42875671386719,7.18701696395874,599.9612282490125
1628.0,86.2623062133789,10.571438789367676,600.280501376008
1629.0,29.525856018066406,5.279198169708252,600.5872976150131
1630.0,17.423385620117188,4.3445725440979,600.8919482700003
1631.0,10.2650728225708,2.8776378631591797,601.1966662460036
1632.0,14.587141036987305,3.746736764907837,601.5094950310013
1633.0,18.339811325073242,4.4065728187561035,601.8030365940067
1634.0,35.39923858642578,6.227992057800293,602.1023610030097
1635.0,23.32352638244629,5.14765739440918,602.3999744400062
1636.0,11.207763671875,2.8066647052764893,602.6900768640044
1637.0,24.554039001464844,5.429089069366455,602.9769384220126
1638.0,29.612857818603516,6.388689994812012,603.2827760950022
1639.0,27.458301544189453,5.280525207519531,603.5849727960012
1640.0,9.030908584594727,2.420778274536133,603.8729044580105
1641.0,21.123762130737305,4.6648664474487305,604.1966253890132
1642.0,59.13353729248047,9.483136177062988,604.487424484003
1643.0,25.29534149169922,5.414378643035889,604.7722916970088
1644.0,24.340930938720703,4.680330753326416,605.0759212090052
1645.0,33.56584167480469,6.26570987701416,605.3866032840015
1646.0,10.442361831665039,2.9303719997406006,605.6751519310055
1647.0,102.32250213623047,8.687821388244629,605.9756242920121
1648.0,21.957199096679688,4.7223968505859375,606.272681582006
1649.0,58.975624084472656,7.555323123931885,606.5776126290002
1650.0,74.62470245361328,6.85264778137207,606.8746692929999
1651.0,71.29881286621094,11.20222282409668,607.1601369370037
1652.0,30.00448226928711,6.149198532104492,607.494934471004
1653.0,11.932779312133789,3.115117311477661,607.8049402580073
1654.0,12.26336669921875,3.4070115089416504,608.1089021180087
1655.0,8.57683277130127,2.5385048389434814,608.3973986040073
1656.0,20.175148010253906,4.516851425170898,608.714505150012
1657.0,33.56745147705078,7.731522083282471,609.0177822680125
1658.0,51.446044921875,8.188092231750488,609.3127230400132
1659.0,13.487892150878906,3.469870090484619,609.626002036006
1660.0,25.543773651123047,4.685660362243652,609.9159599310078
1661.0,33.0596809387207,6.171200752258301,610.2019688160071
1662.0,7.716846942901611,2.1101739406585693,610.5058900550066
1663.0,97.60932922363281,15.211877822875977,610.8075715410087
1664.0,18.027633666992188,4.461080074310303,611.1117096470116
1665.0,148.60623168945312,15.211831092834473,611.4030838230101
1666.0,19.195457458496094,4.41962194442749,611.7001086970122
1667.0,313.26776123046875,33.748844146728516,612.0180117070122
1668.0,45.43914794921875,7.743309020996094,612.3210836340004
1669.0,33.4271125793457,7.032888412475586,612.613661645999
1670.0,24.810054779052734,5.286262512207031,612.9098547390022
1671.0,28.220722198486328,5.880572319030762,613.2209402860026
1672.0,42.03260040283203,7.5910115242004395,613.5125285300019
1673.0,94.11744689941406,8.299267768859863,613.8053753740096
1674.0,17.585664749145508,3.9491167068481445,614.1030771790101
1675.0,38.808834075927734,6.6867828369140625,614.4012081990077
1676.0,22.42532730102539,4.990912914276123,614.6958094670117
1677.0,11.777053833007812,2.9977962970733643,615.0059327589988
1678.0,44.51058578491211,8.250404357910156,615.3041673370026
1679.0,56.1278076171875,9.641904830932617,615.612843009003
1680.0,50.297828674316406,7.983508110046387,615.9269690450019
1681.0,13.207416534423828,3.3742504119873047,616.2232588800107
1682.0,38.22344207763672,6.001060485839844,616.5298618830129
1683.0,11.300010681152344,2.863616943359375,616.8508915060083
1684.0,36.47047424316406,7.57405948638916,617.1530149620085
1685.0,203.62078857421875,25.968671798706055,617.4772711469996
1686.0,34.622169494628906,6.28862190246582,617.777588789002
1687.0,17.336992263793945,4.539510250091553,618.0624532710062
1688.0,28.302553176879883,5.990577220916748,618.3605842840043
1689.0,36.05743408203125,8.136910438537598,618.6810029790067
1690.0,38.86186218261719,6.688727855682373,618.9817640020046
1691.0,30.624656677246094,6.3064117431640625,619.2753537950048
1692.0,75.78298950195312,12.526944160461426,619.5793105600023
1693.0,61.429996490478516,9.280537605285645,619.8717445340008
1694.0,39.39240646362305,7.969177722930908,620.167134303003
1695.0,26.12116813659668,6.026102542877197,620.4660160500061
1696.0,63.07282257080078,9.848128318786621,620.7676876190089
1697.0,36.65251159667969,6.394041061401367,621.0818859100109
1698.0,125.58490753173828,13.317525863647461,621.4098262810003
1699.0,7.575773239135742,2.144515037536621,621.7153303430096
1700.0,52.040374755859375,7.546975135803223,622.0020565150044
1701.0,20.393665313720703,4.766962051391602,628.1743811190099
1702.0,137.9781036376953,15.372654914855957,628.5956672960019
1703.0,35.49346160888672,6.013562202453613,628.9031104060123
1704.0,53.48328399658203,9.323416709899902,629.2069780250022
1705.0,37.998817443847656,6.947167873382568,629.5161996020033
1706.0,14.013492584228516,3.5441408157348633,629.8216037380043
1707.0,79.73539733886719,10.162388801574707,630.1080366620008
1708.0,29.493106842041016,6.3715410232543945,630.4108573539997
1709.0,173.02410888671875,17.092023849487305,630.6951151540125
1710.0,69.70262908935547,9.413952827453613,630.997351929007
1711.0,22.15414047241211,5.340396404266357,631.2857234969997
1712.0,59.86648941040039,8.838289260864258,631.5944077840104
1713.0,16.550901412963867,3.60546875,631.9098263230117
1714.0,18.432571411132812,4.412670612335205,632.2161240780115
1715.0,12.926734924316406,3.604773998260498,632.5031639160006
1716.0,27.067873001098633,5.264819622039795,632.7943490760081
1717.0,18.266687393188477,4.265872478485107,633.0862111010065
1718.0,88.50382995605469,10.225841522216797,633.4013899070123
1719.0,24.580841064453125,4.6130170822143555,633.696324731005
1720.0,17.99843978881836,4.282558917999268,633.9767653390008
1721.0,40.1445198059082,6.549699783325195,634.2828079169994
1722.0,48.07472229003906,9.412433624267578,634.586569318999
1723.0,49.882240295410156,7.845385551452637,634.8952274600015
1724.0,18.186725616455078,4.638510227203369,635.1991339360102
1725.0,14.801824569702148,3.8485262393951416,635.519449244006
1726.0,18.651241302490234,4.018477916717529,635.8299705890095
1727.0,55.3802490234375,9.469657897949219,636.1312416300061
1728.0,25.154781341552734,4.861453533172607,636.4303402580117
1729.0,31.029617309570312,5.689119338989258,636.7268330549996
1730.0,40.67552947998047,6.735105037689209,637.0239791290078
1731.0,19.122703552246094,4.022637367248535,637.3261649040069
1732.0,33.021514892578125,5.7679877281188965,637.6302687950083
1733.0,14.273404121398926,3.350876569747925,637.9349510950124
1734.0,14.655973434448242,3.832927703857422,638.2348003060033
1735.0,23.81463623046875,4.47602653503418,638.5425278059993
1736.0,119.21916198730469,18.033187866210938,638.8495198760065
1737.0,11.101845741271973,3.143733501434326,639.163813444
1738.0,56.72730255126953,10.812623977661133,639.4773731390014
1739.0,127.87104797363281,14.442121505737305,639.7718585320108
1740.0,33.05573272705078,6.893288612365723,640.0851421630068
1741.0,45.488868713378906,6.893390655517578,640.3915441240097
1742.0,15.334644317626953,3.589463472366333,640.683455646009
1743.0,37.35882568359375,6.677978992462158,640.9957433570089
1744.0,28.853044509887695,5.875383377075195,641.2872578530078
1745.0,11.73657512664795,2.915180206298828,641.6014921450114
1746.0,22.882099151611328,4.714468479156494,641.8841878920066
1747.0,16.384798049926758,3.7445919513702393,642.185674820008
1748.0,25.041839599609375,5.410247802734375,642.4836678220017
1749.0,18.16826057434082,4.114608287811279,642.7780163960124
1750.0,81.47347259521484,13.1909761428833,643.0711405950133
1751.0,10.182669639587402,2.640657901763916,643.3751730010117
1752.0,8.558540344238281,2.4738376140594482,643.6839730520005
1753.0,13.621915817260742,3.442979574203491,643.9855501000129
1754.0,50.66725158691406,8.265642166137695,644.2884370950051
1755.0,19.007963180541992,4.639247894287109,644.5927835140028
1756.0,36.565650939941406,6.059905529022217,644.9008100610081
1757.0,14.198676109313965,3.8627309799194336,645.1872746660083
1758.0,15.566777229309082,3.940723180770874,645.484007201012
1759.0,62.86263656616211,9.099430084228516,645.7773865130002
1760.0,82.02201843261719,9.894177436828613,646.0762857880036
1761.0,34.27580261230469,7.091254234313965,646.3685346970015
1762.0,146.09201049804688,16.53549575805664,646.6610017700004
1763.0,39.687416076660156,6.416720867156982,646.946600937008
1764.0,30.843685150146484,6.980837345123291,647.2517487980076
1765.0,35.99563217163086,7.624715328216553,647.5765465290024
1766.0,146.3148193359375,14.903899192810059,647.8653116940113
1767.0,20.607173919677734,4.726122856140137,648.1649214240024
1768.0,26.617942810058594,5.670414924621582,648.4730830640037
1769.0,11.995084762573242,3.176198720932007,648.7769586850045
1770.0,49.429298400878906,7.329404354095459,649.0667323790112
1771.0,238.52496337890625,22.26449966430664,649.3752098480036
1772.0,31.501083374023438,5.581533432006836,649.6698911190033
1773.0,86.2121810913086,11.377873420715332,649.9732121240086
1774.0,13.561525344848633,3.2005083560943604,650.266006771999
1775.0,55.55058288574219,7.59552526473999,650.5716983310122
1776.0,11.566176414489746,2.9670279026031494,650.868510106011
1777.0,12.573015213012695,3.113135576248169,651.1547504480113
1778.0,20.932907104492188,4.446901798248291,651.4402297730121
1779.0,38.37450408935547,5.881267070770264,651.741798824005
1780.0,20.46259117126465,4.174872398376465,652.0635943710076
1781.0,14.358006477355957,3.4975171089172363,652.3689688380109
1782.0,27.504871368408203,5.066845417022705,652.6675164050102
1783.0,34.08940505981445,5.947240352630615,652.9717308010004
1784.0,29.491592407226562,6.144003391265869,653.2803760100069
1785.0,66.49955749511719,9.332903861999512,653.5838822070073
1786.0,23.600309371948242,4.782877445220947,653.8721745490038
1787.0,15.018670082092285,3.783872127532959,654.1789840080019
1788.0,43.360023498535156,6.632087230682373,654.4896476330032
1789.0,27.813648223876953,5.863300800323486,654.8356568080053
1790.0,40.873138427734375,6.7836174964904785,655.1425210310117
1791.0,32.859657287597656,6.299363136291504,655.449902887005
1792.0,60.59503936767578,7.59500789642334,655.7445001410088
1793.0,13.99081039428711,3.4297587871551514,656.0467629370105
1794.0,36.828521728515625,7.0099897384643555,656.3449371790048
1795.0,24.263721466064453,4.425622940063477,656.6649749400094
1796.0,14.901480674743652,3.547964096069336,656.9631723450002
1797.0,133.78846740722656,13.491683959960938,657.2545087480103
1798.0,19.329498291015625,4.254025936126709,657.5714445460035
1799.0,21.689680099487305,4.146401882171631,657.8617634350085
1800.0,19.7110538482666,4.809592247009277,658.1629133500101
1801.0,58.00129699707031,8.236113548278809,664.0684046560054
1802.0,16.110633850097656,4.1740546226501465,664.3972772720008
1803.0,40.80479431152344,7.60300350189209,664.7009153440013
1804.0,20.7240047454834,4.583663463592529,665.0024797810038
1805.0,13.977066040039062,3.659970283508301,665.2977554370009
1806.0,32.34975051879883,6.451879024505615,665.5930153180088
1807.0,17.436172485351562,4.27761173248291,665.8803770610102
1808.0,34.547691345214844,6.375428199768066,666.1724813830078
1809.0,19.41714096069336,3.815739154815674,666.4772307450039
1810.0,15.05376148223877,3.653343915939331,666.7850122990058
1811.0,15.074373245239258,3.5355639457702637,667.088578756011
1812.0,47.120521545410156,5.782646179199219,667.381296809006
1813.0,45.404869079589844,9.327853202819824,667.6798854640074
1814.0,22.44658660888672,4.939703464508057,667.9604632900009
1815.0,29.595434188842773,5.444438934326172,668.245695221005
1816.0,12.940303802490234,3.4003775119781494,668.5522017430048
1817.0,26.705402374267578,5.011617183685303,668.8608040969993
1818.0,22.983617782592773,4.856787204742432,669.191856770005
1819.0,47.24275207519531,6.863728046417236,669.5054015550122
1820.0,14.50777530670166,3.803072452545166,669.825791293013
1821.0,63.83138656616211,9.363130569458008,670.1170281680097
1822.0,95.59447479248047,8.201759338378906,670.4193029870075
1823.0,75.64511108398438,9.047478675842285,670.7160470390081
1824.0,23.95584487915039,4.907629013061523,671.0169116430043
1825.0,17.897125244140625,4.4043073654174805,671.3362123010011
1826.0,35.02464294433594,6.706488609313965,671.6540387470013
1827.0,14.560262680053711,3.6597704887390137,671.9617688730068
1828.0,24.732730865478516,4.2986907958984375,672.2437147279998
1829.0,17.887310028076172,3.882861375808716,672.5452775290032
1830.0,52.174476623535156,7.989560127258301,672.863657067006
1831.0,46.31690216064453,6.791860580444336,673.1667295910011
1832.0,78.26860046386719,12.001226425170898,673.4820075860043
1833.0,650.0005493164062,51.458866119384766,673.7995717880112
1834.0,296.610107421875,26.503671646118164,674.0903990610095
1835.0,25.029937744140625,5.47412633895874,674.3998573490098
1836.0,13.264415740966797,3.2471070289611816,674.7141828980093
1837.0,29.08835792541504,5.6548004150390625,675.0333653600101
1838.0,16.024066925048828,4.046423435211182,675.3302887770114
1839.0,15.343669891357422,3.518928289413452,675.6205820770119
1840.0,15.489058494567871,3.9664039611816406,675.9293328600033
1841.0,75.7233657836914,9.317769050598145,676.2268053389998
1842.0,101.02384948730469,12.304835319519043,676.5564476490108
1843.0,13.523736000061035,3.136948585510254,676.8682823510026
1844.0,16.19182777404785,3.5729691982269287,677.1644505680015
1845.0,52.776588439941406,8.379432678222656,677.462842427005
1846.0,42.130882263183594,7.150177478790283,677.7471802400105
1847.0,13.753097534179688,3.412132978439331,678.0267024019995
1848.0,42.50736999511719,6.741768836975098,678.3261110630119
1849.0,45.577606201171875,8.52944278717041,678.625736025002
1850.0,20.292987823486328,4.579757213592529,678.9117791770113
1851.0,14.035066604614258,3.552452325820923,679.2273735150084
1852.0,46.974388122558594,8.286989212036133,679.5155198150023
1853.0,15.339325904846191,3.487478017807007,679.8209001260111
1854.0,18.52029800415039,3.9225573539733887,680.1175061240065
1855.0,27.676494598388672,5.225005149841309,680.4207738910045
1856.0,21.99856948852539,5.338603973388672,680.7257152390084
1857.0,10.827153205871582,2.828650951385498,681.0203983360116
1858.0,71.23626708984375,9.122546195983887,681.3072380500089
1859.0,14.4663667678833,3.5973563194274902,681.643084166004
1860.0,62.98564147949219,9.164582252502441,681.9521961330029
1861.0,53.18791580200195,8.304499626159668,682.2460813070065
1862.0,20.053024291992188,4.797119140625,682.547138132999
1863.0,23.404651641845703,5.264817237854004,682.8620420710067
1864.0,12.086418151855469,3.0860023498535156,683.1583596359997
1865.0,12.378030776977539,3.0406832695007324,683.4614982740022
1866.0,33.747615814208984,7.058709144592285,683.7546285370045
1867.0,12.316844940185547,2.80368971824646,684.0479837849998
1868.0,17.155773162841797,3.867595672607422,684.3448560340039
1869.0,37.184974670410156,7.5111236572265625,684.6668582210114
1870.0,36.114540100097656,7.1660475730896,684.9713452170108
1871.0,51.575408935546875,8.084485054016113,685.2852097520081
1872.0,31.160079956054688,6.467216491699219,685.5818052800023
1873.0,20.722055435180664,4.241454124450684,685.8996202240087
1874.0,12.547839164733887,3.2398581504821777,686.1911563900067
1875.0,77.56575775146484,8.812843322753906,686.487383988002
1876.0,15.086174011230469,3.670738935470581,686.7829897650081
1877.0,18.158552169799805,4.248181343078613,687.0722469280008
1878.0,12.960916519165039,3.8327383995056152,687.3726915600128
1879.0,60.010650634765625,8.728151321411133,687.6767505860043
1880.0,20.16590690612793,4.2807111740112305,688.0057801950024
1881.0,12.356514930725098,3.3922059535980225,688.2934243960044
1882.0,11.94118881225586,3.536167860031128,688.593620464002
1883.0,226.47073364257812,27.859294891357422,688.8935534910124
1884.0,23.131893157958984,4.982194423675537,689.1845821320021
1885.0,11.051560401916504,2.721511125564575,689.4807979770121
1886.0,14.524054527282715,3.064810276031494,689.7889194270101
1887.0,42.133602142333984,5.694860458374023,690.0892662560072
1888.0,24.72029685974121,4.696863174438477,690.3946262300014
1889.0,15.328194618225098,3.5419540405273438,690.6982953910046
1890.0,16.900165557861328,3.725306272506714,691.0081697210117
1891.0,127.26629638671875,14.656930923461914,691.3154776470037
1892.0,23.996633529663086,5.305263042449951,691.620106731003
1893.0,55.58244705200195,9.4583101272583,691.9379159259988
1894.0,29.427711486816406,5.434133052825928,692.2389589780068
1895.0,41.168128967285156,7.385046482086182,692.5411993710004
1896.0,15.998619079589844,4.115352153778076,692.831632780013
1897.0,32.214691162109375,5.489854335784912,693.1330000590096
1898.0,48.115352630615234,7.814773082733154,693.4392025280104
1899.0,8.560892105102539,2.3811724185943604,693.7516845080099
1900.0,7.06082820892334,2.035374879837036,694.0569700519991
1901.0,78.72526550292969,10.258600234985352,700.25800591601
1902.0,13.05091667175293,3.172541379928589,700.5649453790102
1903.0,68.18529510498047,9.768474578857422,700.870552657012
1904.0,84.73784637451172,10.394022941589355,701.1769835330051
1905.0,27.45924949645996,5.392245769500732,701.4944027960009
1906.0,41.96302032470703,6.690820217132568,701.7979110400047
1907.0,56.62394714355469,8.850560188293457,702.1086035500048
1908.0,19.794002532958984,4.004565715789795,702.4098901040124
1909.0,12.188475608825684,3.3447489738464355,702.7043867180037
1910.0,72.05912780761719,12.90776252746582,702.9886387070001
1911.0,29.600814819335938,5.890635967254639,703.290271816004
1912.0,11.895210266113281,3.219606637954712,703.5905961950048
1913.0,43.756370544433594,7.357674598693848,703.9019450269989
1914.0,48.34587097167969,6.759854316711426,704.2122899400129
1915.0,74.11026763916016,9.796415328979492,704.5049347060121
1916.0,18.30983543395996,4.062656402587891,704.7976656070095
1917.0,14.55530071258545,3.208773612976074,705.0825163219997
1918.0,12.440648078918457,3.3120226860046387,705.3965981040092
1919.0,13.252395629882812,3.655569314956665,705.7071848500054
1920.0,27.029176712036133,4.756341457366943,706.0131929240015
1921.0,39.77855682373047,5.862421035766602,706.318668967011
1922.0,19.24808120727539,4.382192611694336,706.6093645190122
1923.0,11.87592601776123,2.969738006591797,706.9190605840122
1924.0,21.031253814697266,4.72559118270874,707.2298876640125
1925.0,11.068827629089355,2.896289110183716,707.5227459950111
1926.0,27.390764236450195,5.262393951416016,707.8165612740122
1927.0,11.239909172058105,2.9955716133117676,708.1085492490092
1928.0,10.103161811828613,2.893836259841919,708.405847742004
1929.0,10.387443542480469,2.9022960662841797,708.7112971320021
1930.0,26.297439575195312,4.674704074859619,708.999519969002
1931.0,15.954093933105469,4.050807476043701,709.2847383860062
1932.0,37.80392074584961,6.125753402709961,709.5801209220081
1933.0,13.86590576171875,3.3870327472686768,709.8661131880071
1934.0,13.606067657470703,3.3335344791412354,710.1594484470115
1935.0,21.676349639892578,4.594737529754639,710.4644791270111
1936.0,10.994325637817383,3.0162057876586914,710.7684791560023
1937.0,35.50190353393555,6.0185394287109375,711.0801917930075
1938.0,39.15701675415039,5.85828971862793,711.3766534650058
1939.0,42.12599563598633,7.749640941619873,711.6827112460014
1940.0,46.269073486328125,6.542052745819092,712.0062500210042
1941.0,164.04063415527344,17.30783462524414,712.301350313006
1942.0,29.212127685546875,5.854708194732666,712.5914506330009
1943.0,98.15261840820312,9.475787162780762,712.9027350940014
1944.0,15.764738082885742,3.608834743499756,713.2024949740007
1945.0,15.837678909301758,4.067916393280029,713.5165558470035
1946.0,13.84087085723877,2.977937698364258,713.825302177007
1947.0,14.112545013427734,3.2414355278015137,714.1353847440041
1948.0,26.723438262939453,4.769809246063232,714.4223117720103
1949.0,21.73194122314453,4.4638190269470215,714.7352749359998
1950.0,36.61460876464844,7.392257213592529,715.0274355770089
1951.0,67.38346862792969,10.976847648620605,715.3309508280072
1952.0,236.28187561035156,28.05939292907715,715.6356540380075
1953.0,23.401264190673828,5.380769729614258,715.9219009310036
1954.0,23.579986572265625,4.851203441619873,716.2280460420006
1955.0,15.086512565612793,3.5388412475585938,716.526588978013
1956.0,114.06901550292969,11.715441703796387,716.8295594939991
1957.0,29.613391876220703,5.751758098602295,717.1383108930022
1958.0,10.698969841003418,2.9609622955322266,717.450819427002
1959.0,64.52367401123047,9.453667640686035,717.7537058540038
1960.0,12.019885063171387,2.914761543273926,718.0562848810077
1961.0,21.770694732666016,4.813143253326416,718.3587238629989
1962.0,31.373432159423828,6.4193596839904785,718.6756903240021
1963.0,30.594024658203125,5.5961503982543945,718.9780830939999
1964.0,103.25509643554688,13.156956672668457,719.280329553003
1965.0,28.132286071777344,4.928356170654297,719.565031628008
1966.0,56.06475067138672,7.758297920227051,719.8712833680038
1967.0,21.670228958129883,4.1017069816589355,720.1730756140023
1968.0,41.8958740234375,6.283390522003174,720.4746743910073
1969.0,106.42440795898438,11.084954261779785,720.780927912012
1970.0,33.64282989501953,6.317093372344971,721.0692864660086
1971.0,80.27374267578125,11.481739044189453,721.3520056120033
1972.0,213.754638671875,21.80586051940918,721.646914929006
1973.0,36.29041290283203,7.6579508781433105,721.9507006990025
1974.0,15.879508018493652,3.5506279468536377,722.2638922460028
1975.0,146.03224182128906,14.329585075378418,722.5568031880102
1976.0,27.857444763183594,5.200865745544434,722.874788718007
1977.0,25.91981315612793,4.773799419403076,723.1794636240083
1978.0,16.15323257446289,3.5102429389953613,723.4751553480019
1979.0,19.64004135131836,4.6417555809021,723.7642206430028
1980.0,21.040897369384766,5.311549186706543,724.0615864580031
1981.0,9.51634407043457,2.5239768028259277,724.3514849330095
1982.0,15.695687294006348,3.435447931289673,724.6420187690092
1983.0,14.545219421386719,3.684767484664917,724.9356691200082
1984.0,15.043132781982422,3.23052716255188,725.2548527239996
1985.0,7.646438121795654,2.172753095626831,725.5810089990118
1986.0,21.986000061035156,4.523839473724365,725.8898219500115
1987.0,12.235254287719727,3.239142417907715,726.2162972180085
1988.0,9.8734130859375,2.433014154434204,726.5116026200121
1989.0,10.866409301757812,2.672559976577759,726.8235761810065
1990.0,13.172040939331055,3.2753570079803467,727.1142067190085
1991.0,290.8113708496094,31.396347045898438,727.4057211000036
1992.0,49.13277053833008,6.733729362487793,727.7044632440084
1993.0,23.83176040649414,5.206150531768799,727.9973542600055
1994.0,18.079254150390625,3.809612274169922,728.2919961610023
1995.0,37.68212127685547,6.893024444580078,728.6097038920125
1996.0,29.94422149658203,4.967331886291504,728.9141653090046
1997.0,9.281864166259766,2.5095012187957764,729.2153488050099
1998.0,10.886178970336914,2.843224287033081,729.5133901970112
1999.0,16.912212371826172,3.5425965785980225,729.8317176270066
2000.0,37.13419723510742,7.077692985534668,730.1255475590006
2001.0,15.587332725524902,3.2844648361206055,736.7224023090093
2002.0,89.69928741455078,13.215936660766602,737.0161392510054
2003.0,38.63352584838867,6.616754531860352,737.3210155420093
2004.0,20.515548706054688,4.698309421539307,737.6144890390133
2005.0,49.6825065612793,8.450695037841797,737.9188576170127
2006.0,26.369136810302734,5.908555507659912,738.2225107700069
2007.0,21.44797706604004,4.577218055725098,738.5289207300084
2008.0,16.99907875061035,4.577682971954346,738.8244475780084
2009.0,19.28362274169922,4.542088985443115,739.12514027
2010.0,54.05702209472656,7.275645732879639,739.4247466880042
2011.0,51.66734313964844,8.206098556518555,739.7319786860025
2012.0,15.226991653442383,3.6814119815826416,740.0229564160109
2013.0,88.7369155883789,10.639881134033203,740.3123584700079
2014.0,70.62907409667969,7.245798110961914,740.6175480090023
2015.0,51.80980682373047,10.385872840881348,740.9455813700042
2016.0,17.279329299926758,4.433442115783691,741.2464633560012
2017.0,41.62310028076172,7.871431350708008,741.5364119940059
2018.0,37.87952423095703,6.475029945373535,741.8426173520129
2019.0,11.825940132141113,3.0803775787353516,742.1363001720019
2020.0,21.43096160888672,3.8059144020080566,742.4509308480046
2021.0,9.891761779785156,2.3799960613250732,742.7527598490124
2022.0,36.82411193847656,6.514031410217285,743.0550888700091
2023.0,11.161295890808105,2.6127688884735107,743.3494855800091
2024.0,59.57179260253906,7.244965553283691,743.6390146510093
2025.0,12.996986389160156,3.1582343578338623,743.9372572640132
2026.0,71.25672912597656,9.677680969238281,744.229627187
2027.0,24.18596649169922,5.209205627441406,744.5366067400028
2028.0,16.871458053588867,3.5250439643859863,744.8392296480015
2029.0,40.10570526123047,6.612892150878906,745.139900470007
2030.0,33.96680450439453,6.369947910308838,745.465906094003
2031.0,31.87706756591797,5.777431488037109,745.781883484
2032.0,87.81405639648438,9.823395729064941,746.0830992320116
2033.0,40.08378982543945,6.570193290710449,746.3972008230048
2034.0,10.223570823669434,2.7635834217071533,746.7134299669997
2035.0,29.95685577392578,5.235620021820068,747.0088607240032
2036.0,7.2216291427612305,2.0660390853881836,747.304525383006
2037.0,22.187265396118164,4.068018913269043,747.6206000650127
2038.0,8.409111022949219,2.2193174362182617,747.9335218880005
2039.0,10.127979278564453,2.3590023517608643,748.2544422860083
2040.0,30.916723251342773,5.296704292297363,748.5424815100123
2041.0,48.835594177246094,6.632943153381348,748.8408372670092
2042.0,9.432535171508789,2.308394432067871,749.1443480370071
2043.0,18.787429809570312,4.081446647644043,749.4310697210021
2044.0,9.190444946289062,2.3493895530700684,749.7550995740021
2045.0,50.03778839111328,7.886775970458984,750.071530412999
2046.0,24.479516983032227,4.227443218231201,750.3595116190118
2047.0,132.538330078125,15.6361665725708,750.6859657250025
2048.0,38.72249221801758,6.943885803222656,750.9934511880128
2049.0,30.46413230895996,6.2160820960998535,751.3025513620087
2050.0,15.083322525024414,3.5715088844299316,751.6183227850124
2051.0,76.29835510253906,10.44943618774414,751.9089440970129
2052.0,12.580046653747559,3.2642593383789062,752.2217976850079
2053.0,23.111637115478516,4.643423557281494,752.5106541070127
2054.0,43.077919006347656,6.491638660430908,752.823588010011
2055.0,14.740434646606445,3.886476755142212,753.1236241080042
2056.0,26.922780990600586,5.138731479644775,753.4376080350048
2057.0,54.30967712402344,8.307387351989746,753.7589033460099
2058.0,54.83047866821289,10.589841842651367,754.0512368560012
2059.0,38.1229362487793,7.248400688171387,754.3779446020053
2060.0,16.144939422607422,3.605105400085449,754.7034638600016
2061.0,18.467784881591797,4.240912437438965,755.0226715739991
2062.0,28.73332977294922,6.060023784637451,755.3255644650053
2063.0,11.58241081237793,3.2399251461029053,755.6146183340024
2064.0,28.359766006469727,5.003669261932373,755.8998567830131
2065.0,35.49176788330078,6.786661148071289,756.2338412160025
2066.0,27.92388153076172,5.206669330596924,756.5322265319992
2067.0,16.6015625,3.1280548572540283,756.8671514220041
2068.0,19.213890075683594,4.018762111663818,757.1931421410118
2069.0,16.921031951904297,3.921274423599243,757.4956649880041
2070.0,31.61697006225586,5.382817268371582,757.8161608200026
2071.0,31.662952423095703,5.6380462646484375,758.1228563550103
2072.0,42.802818298339844,8.655948638916016,758.4251284240017
2073.0,27.78497314453125,5.060800552368164,758.7240825320041
2074.0,18.65221405029297,4.041855812072754,759.0399794580007
2075.0,66.54999542236328,8.450519561767578,759.3350175290107
2076.0,18.483749389648438,4.38934326171875,759.6363813150092
2077.0,12.043539047241211,3.2100541591644287,759.9307419090037
2078.0,89.46751403808594,9.401961326599121,760.2453158480057
2079.0,19.200714111328125,4.483437538146973,760.5333722790092
2080.0,42.34575653076172,5.936574459075928,760.837935278003
2081.0,12.473344802856445,3.212735891342163,761.1384444560099
2082.0,24.769569396972656,3.7727484703063965,761.4256687940069
2083.0,17.209514617919922,3.534651279449463,761.7210812980047
2084.0,37.125282287597656,5.9162821769714355,762.0211258980125
2085.0,28.134716033935547,5.300207614898682,762.3142088280001
2086.0,23.36133575439453,4.5364251136779785,762.6268879710115
2087.0,13.48103141784668,3.384150981903076,763.0197515480104
2088.0,70.65724182128906,8.469768524169922,763.3313517850038
2089.0,12.079648971557617,3.2544140815734863,763.659953757
2090.0,33.531349182128906,6.112133502960205,763.9653786039999
2091.0,37.792198181152344,7.601318836212158,764.3030544630019
2092.0,31.4174861907959,5.3415141105651855,764.6121186920063
2093.0,15.65937614440918,4.193960189819336,764.9521783360105
2094.0,20.7023868560791,4.999187469482422,765.280265843001
2095.0,175.5171356201172,18.461627960205078,765.574802521005
2096.0,20.441463470458984,5.0726237297058105,765.888850768999
2097.0,13.176724433898926,3.3728158473968506,766.181374746011
2098.0,47.764244079589844,7.743817329406738,766.4834618660097
2099.0,26.946533203125,5.9077324867248535,766.7851942260022
2100.0,20.145370483398438,3.9094648361206055,767.0832796040049
2101.0,34.13517761230469,6.048092842102051,773.1929829630099
2102.0,19.72142791748047,4.891160488128662,773.4975224100053
2103.0,111.85621643066406,11.062688827514648,773.7944413680088
2104.0,11.000446319580078,2.882256507873535,774.079362140008
2105.0,78.68914031982422,8.24702262878418,774.373982205012
2106.0,17.468738555908203,3.600867509841919,774.6727577590063
2107.0,43.60198211669922,6.359010219573975,774.9583921830053
2108.0,24.630624771118164,4.688904762268066,775.246588702008
2109.0,17.826274871826172,4.142444133758545,775.5460407490027
2110.0,24.70851707458496,5.216570854187012,775.856480211005
2111.0,71.26068115234375,9.239727973937988,776.1560179410008
2112.0,11.05137825012207,2.939743995666504,776.4694301170093
2113.0,28.42934226989746,5.35212516784668,776.765024747001
2114.0,91.91220092773438,11.236810684204102,777.0664866070001
2115.0,10.031389236450195,2.4242429733276367,777.3858138659998
2116.0,51.36568832397461,8.903348922729492,777.6812717960129
2117.0,67.7623291015625,8.565560340881348,777.9717833910108
2118.0,72.53791046142578,6.365088939666748,778.280349949011
2119.0,9.911934852600098,2.5612196922302246,778.6008147640096
2120.0,23.404495239257812,4.686108589172363,778.8996740510047
2121.0,15.173165321350098,3.464181423187256,779.1843235030101
2122.0,53.9572639465332,7.562802314758301,779.4819289370062
2123.0,65.70865631103516,8.748122215270996,779.7880082040065
2124.0,14.510907173156738,3.4521238803863525,780.0860712010035
2125.0,35.8179931640625,5.715660095214844,780.3918453140068
2126.0,12.078374862670898,3.010715961456299,780.6857342120056
2127.0,11.013174057006836,2.7115871906280518,780.9861450660101
2128.0,17.147464752197266,4.212620258331299,781.2972665310081
2129.0,145.70997619628906,9.475579261779785,781.60605201
2130.0,11.122884750366211,2.805272340774536,781.8962717399991
2131.0,11.707106590270996,2.880965232849121,782.179863162004
2132.0,28.08677101135254,5.154619216918945,782.4858071680064
2133.0,30.789108276367188,4.478643894195557,782.8000695880037
2134.0,25.23671531677246,4.638465404510498,783.105611735009
2135.0,41.334869384765625,7.630212306976318,783.4048027450044
2136.0,25.545032501220703,5.479709148406982,783.6949536180036
2137.0,8.418595314025879,2.200990915298462,784.0059678170073
2138.0,33.0914306640625,6.240273952484131,784.3239062970097
2139.0,116.63993835449219,13.682188987731934,784.6149324750004
2140.0,25.801509857177734,4.758843421936035,784.9207744700107
2141.0,31.3059024810791,6.478692054748535,785.2314891360002
2142.0,19.009910583496094,4.055609226226807,785.5308612390072
2143.0,47.854248046875,7.762638568878174,785.833622664999
2144.0,146.09503173828125,15.784790992736816,786.1331557750091
2145.0,14.989810943603516,4.041957378387451,786.4488368530001
2146.0,30.462383270263672,6.625236511230469,786.7635405960027
2147.0,11.212042808532715,2.8460490703582764,787.0596055839997
2148.0,32.322608947753906,6.067684650421143,787.357583355013
2149.0,40.35086441040039,6.357095718383789,787.6621801240108
2150.0,20.364830017089844,4.987796306610107,787.9573594280082
2151.0,29.77568817138672,5.792863845825195,788.2533409630123
2152.0,30.272483825683594,5.246376037597656,788.5682024800044
2153.0,106.02864837646484,16.47225570678711,788.87654217401
2154.0,27.30508041381836,5.7069902420043945,789.1776218870073
2155.0,19.252662658691406,4.314820289611816,789.4971182720037
2156.0,64.67512512207031,9.862873077392578,789.8001605630125
2157.0,31.459957122802734,5.339101791381836,790.106484354008
2158.0,27.598987579345703,5.439404010772705,790.4030811800039
2159.0,112.68141174316406,15.94405746459961,790.6995765430038
2160.0,11.262593269348145,2.669029474258423,790.9932831750048
2161.0,38.735939025878906,4.665048122406006,791.2977446910081
2162.0,13.031283378601074,3.0102570056915283,791.6186377330014
2163.0,16.108985900878906,3.9746432304382324,791.917371427
2164.0,28.806285858154297,5.042519569396973,792.2316433840024
2165.0,8.81680679321289,2.409489631652832,792.5395527580113
2166.0,19.647533416748047,4.204108715057373,792.833323660001
2167.0,26.70018196105957,5.307907581329346,793.122965876013
2168.0,40.112144470214844,6.605340003967285,793.4975289400027
2169.0,99.04063415527344,13.507904052734375,793.7996095679991
2170.0,12.289344787597656,2.8692851066589355,794.1085011390096
2171.0,79.81269073486328,9.998400688171387,794.4115803890018
2172.0,25.628175735473633,4.949095726013184,794.7190161540057
2173.0,71.28265380859375,12.642913818359375,795.0107599480107
2174.0,14.110723495483398,3.29620099067688,795.3148997520038
2175.0,13.393136978149414,3.433112859725952,795.6125107970001
2176.0,39.58917236328125,5.593770980834961,795.910673958002
2177.0,18.047332763671875,4.107860565185547,796.2338502990024
2178.0,39.821624755859375,4.659834861755371,796.5286549840093
2179.0,31.526790618896484,5.415112495422363,796.8271379210055
2180.0,19.04518699645996,3.9495363235473633,797.1298327600089
2181.0,14.897655487060547,3.813469409942627,797.4311179770011
2182.0,8.905181884765625,2.461235761642456,797.7276543600019
2183.0,59.15404510498047,8.62051773071289,798.0534214290092
2184.0,15.150062561035156,3.1433372497558594,798.3579805340123
2185.0,15.498651504516602,4.017927169799805,798.6768260860117
2186.0,44.53031921386719,6.447910785675049,798.9938624050119
2187.0,36.71662139892578,5.776967525482178,799.302360185
2188.0,18.552906036376953,4.359698295593262,799.6058969450096
2189.0,48.16147232055664,7.398861408233643,799.9057736100076
2190.0,30.0687255859375,5.2651567459106445,800.2194476240111
2191.0,18.31184196472168,4.037517070770264,800.5548385130096
2192.0,83.24219512939453,10.609735488891602,800.8809328070056
2193.0,38.237884521484375,5.850608825683594,801.1933362850104
2194.0,30.281494140625,5.1736741065979,801.5044029810088
2195.0,16.456218719482422,3.8970999717712402,801.8092827660003
2196.0,21.823314666748047,5.110111713409424,802.1178496300126
2197.0,39.29087829589844,6.61253547668457,802.4160849480104
2198.0,147.36590576171875,21.152259826660156,802.7344575770112
2199.0,6.902477741241455,1.8249773979187012,803.0380927940132
2200.0,11.449076652526855,2.948016405105591,803.3431689499994
2201.0,9.946271896362305,2.5571348667144775,810.8696884689998
2202.0,9.108036041259766,2.2823078632354736,811.1701872640115
2203.0,11.592763900756836,2.682832717895508,811.466748634004
2204.0,46.109371185302734,6.357321262359619,811.7582057810068
2205.0,16.717344284057617,3.7887308597564697,812.0710353700124
2206.0,44.61422348022461,7.043839931488037,812.39853291701
2207.0,15.50949478149414,3.5252974033355713,812.7097444020037
2208.0,23.06570816040039,4.931546211242676,813.0094219080056
2209.0,26.17437171936035,5.6891350746154785,813.3341131620109
2210.0,82.20708465576172,11.434062957763672,813.6588061060029
2211.0,70.73088073730469,11.923818588256836,813.9864033650083
2212.0,57.53834533691406,7.461371421813965,814.3744526830124
2213.0,73.86224365234375,8.392255783081055,814.7169971180119
2214.0,99.18977355957031,11.25954818725586,815.0203734100069
2215.0,14.840189933776855,3.299882650375366,815.3634534980083
2216.0,131.52293395996094,18.860166549682617,815.7204629010084
2217.0,62.89928436279297,8.205976486206055,816.0910833500093
2218.0,35.841949462890625,6.080807209014893,816.4077536010009
2219.0,15.56777572631836,3.8900623321533203,816.7359457790008
2220.0,147.48330688476562,17.558862686157227,817.1234569990047
2221.0,24.081315994262695,4.711155891418457,817.4979633510084
2222.0,58.58172607421875,8.25386905670166,818.0057388570131
2223.0,10.311004638671875,2.889066457748413,818.4933291630005
2224.0,23.994380950927734,3.8113813400268555,818.817051326012
2225.0,34.21448516845703,6.131805896759033,819.1635280420014
2226.0,14.466769218444824,3.2896130084991455,819.5190148310066
2227.0,26.955305099487305,4.951391696929932,819.8525652370008
2228.0,44.02250671386719,6.61271858215332,820.196902242009
2229.0,157.8153076171875,16.679765701293945,820.5262829109997
2230.0,14.566269874572754,3.5776684284210205,820.8309029060038
2231.0,14.51319408416748,3.3350415229797363,821.1334102090041
2232.0,43.1693000793457,6.233764171600342,821.4467308440071
2233.0,29.713260650634766,5.407279014587402,821.7796765030071
2234.0,7.286149978637695,1.9166271686553955,822.0860274020088
2235.0,67.87043762207031,9.229485511779785,822.3915896399994
2236.0,10.341147422790527,2.565490484237671,822.6931845790095
2237.0,53.20103454589844,8.314729690551758,823.0059060600033
2238.0,17.362606048583984,4.594063758850098,823.3308432910126
2239.0,17.144372940063477,3.4075522422790527,823.6482193780103
2240.0,56.55299377441406,7.209280967712402,823.9611783560104
2241.0,79.0733413696289,10.092808723449707,824.2874006050115
2242.0,41.30894088745117,7.125338554382324,824.5913744280115
2243.0,26.518657684326172,5.360282897949219,824.9057336960104
2244.0,28.750179290771484,5.021824359893799,825.2169744530111
2245.0,127.71355438232422,14.069849967956543,825.5880751010118
2246.0,12.539325714111328,3.0898220539093018,825.8895459990017
2247.0,11.788557052612305,3.2043323516845703,826.2000504760072
2248.0,17.169946670532227,3.9217917919158936,826.4921388570074
2249.0,26.905410766601562,4.7123894691467285,826.8019339650054
2250.0,19.526397705078125,4.357779026031494,827.1145945480093
2251.0,26.363384246826172,5.445544719696045,827.4212847810122
2252.0,17.85721206665039,4.122186183929443,827.7158942090027
2253.0,59.89769744873047,8.570420265197754,828.0176334730058
2254.0,22.20055389404297,5.166091442108154,828.3251705000002
2255.0,28.21628189086914,4.641819953918457,828.6442816240015
2256.0,14.424274444580078,3.4054651260375977,829.0109086180018
2257.0,9.550924301147461,2.4797492027282715,829.3166996159998
2258.0,42.89918899536133,9.270821571350098,829.6226548330014
2259.0,33.05129623413086,5.883942127227783,829.9515243200003
2260.0,51.03973388671875,7.654316425323486,830.2821022370044
2261.0,35.592681884765625,5.86457633972168,830.595781986005
2262.0,6.77878475189209,1.8560938835144043,830.8964320390078
2263.0,15.880670547485352,4.097115993499756,831.2193965960032
2264.0,12.952534675598145,3.498483419418335,831.5302572210057
2265.0,8.347538948059082,2.3735475540161133,831.8458351470035
2266.0,21.873977661132812,4.7550740242004395,832.1540746210085
2267.0,34.53860855102539,5.2523369789123535,832.4580980380124
2268.0,30.160490036010742,5.0025954246521,832.8059645050089
2269.0,12.238523483276367,2.808647871017456,833.1236694430117
2270.0,22.101112365722656,4.021134376525879,833.4354187320132
2271.0,16.79808807373047,3.977661371231079,833.7587773460109
2272.0,50.13335418701172,7.123692035675049,834.0635173190094
2273.0,33.60451889038086,5.831162929534912,834.3726199170051
2274.0,19.40114974975586,3.8901262283325195,834.6769902830129
2275.0,11.248698234558105,2.7605578899383545,834.9796728940128
2276.0,26.557289123535156,5.10606050491333,835.2670521430118
2277.0,19.190837860107422,3.977344036102295,835.556959597001
2278.0,23.24966812133789,4.56891393661499,835.8693276770064
2279.0,36.837493896484375,6.834080219268799,836.1602344700077
2280.0,12.741296768188477,2.7924375534057617,836.5072994910006
2281.0,16.997838973999023,3.4139466285705566,836.849126096
2282.0,44.78575897216797,6.3170881271362305,837.1542010520061
2283.0,18.543813705444336,4.163235664367676,837.4433262540115
2284.0,29.877742767333984,6.654959201812744,837.75158964601
2285.0,47.67959976196289,7.883688449859619,838.0697601280117
2286.0,40.16676330566406,6.585407733917236,838.3805888820061
2287.0,12.5233793258667,3.325052499771118,838.6817227170104
2288.0,15.19262409210205,3.5191543102264404,838.978582746
2289.0,14.629212379455566,3.6238672733306885,839.2784592070093
2290.0,11.45851993560791,2.8314809799194336,839.5896741830074
2291.0,26.105260848999023,6.075728893280029,839.8825269299996
2292.0,24.01675796508789,5.683554172515869,840.1801817890082
2293.0,12.799180030822754,3.2882204055786133,840.505982253002
2294.0,28.775192260742188,6.124282360076904,840.8051810010074
2295.0,13.457590103149414,3.3494365215301514,841.1121982320037
2296.0,11.45775032043457,2.911529779434204,841.4201258940011
2297.0,26.53722381591797,5.730653285980225,841.731778841
2298.0,39.34019470214844,6.850139141082764,842.0212593200122
2299.0,39.13755798339844,6.556168079376221,842.3256856450025
2300.0,20.02657699584961,4.643179893493652,842.634572067007
2301.0,8.104247093200684,2.110185146331787,849.041436694999
2302.0,58.83268737792969,7.831780433654785,849.3472491040011
2303.0,67.3482894897461,8.671401023864746,849.6608954750118
2304.0,103.68852996826172,10.950091361999512,849.9864946590096
2305.0,11.41528606414795,2.702437162399292,850.2943628479989
2306.0,73.31561279296875,8.123727798461914,850.6152322560083
2307.0,20.74952507019043,4.307606220245361,850.9193937439995
2308.0,22.940519332885742,5.20859956741333,851.2316385870072
2309.0,34.4354248046875,6.359457492828369,851.5618092580116
2310.0,34.55230712890625,5.384235382080078,851.8693867990078
2311.0,24.010162353515625,5.319980144500732,852.1780925470084
2312.0,49.93000793457031,8.416045188903809,852.4775066810107
2313.0,24.889480590820312,5.660282611846924,852.7982405190123
2314.0,127.46514129638672,14.516397476196289,853.1554886390077
2315.0,34.06458282470703,7.503424644470215,853.4707343440095
2316.0,21.902263641357422,4.800580978393555,853.7856748920021
2317.0,12.518836975097656,3.148683786392212,854.2019172380096
2318.0,24.843460083007812,4.5959038734436035,854.5124242260063
2319.0,17.460250854492188,3.7858059406280518,854.9452866080101
2320.0,45.46695327758789,8.122603416442871,855.2625747650018
2321.0,17.266437530517578,3.1917858123779297,855.5764972239995
2322.0,50.186737060546875,7.5348005294799805,855.8968309910124
2323.0,12.224422454833984,2.6805944442749023,856.2187902790029
2324.0,203.16458129882812,25.440698623657227,856.5299709220126
2325.0,55.972206115722656,7.343911170959473,856.8984374670108
2326.0,52.81104278564453,8.405646324157715,857.2152632940124
2327.0,16.62094497680664,3.26120662689209,857.5005706530064
2328.0,14.762859344482422,3.0567429065704346,857.8281465670007
2329.0,36.97999572753906,6.207412242889404,858.1358503680094
2330.0,65.92056274414062,8.02949333190918,858.4888337260054
2331.0,29.944488525390625,6.215257167816162,858.8061350089993
2332.0,23.341373443603516,5.571402549743652,859.1054022000026
2333.0,92.3853759765625,9.6574068069458,859.4526581190003
2334.0,17.772581100463867,4.0735015869140625,859.8191291870025
2335.0,31.03022003173828,4.8590779304504395,860.1297855510056
2336.0,10.810449600219727,2.987525224685669,860.4196031050087
2337.0,8.25125503540039,2.2635624408721924,860.7205468230095
2338.0,25.41177749633789,5.087737083435059,861.0090905899997
2339.0,28.632219314575195,5.563488483428955,861.3166034210008
2340.0,10.353809356689453,2.799933910369873,861.6201215809997
2341.0,44.016815185546875,8.608417510986328,861.9179577960022
2342.0,33.32469177246094,5.627529144287109,862.2217365890101
2343.0,35.744144439697266,6.859036445617676,862.5223403070122
2344.0,15.825862884521484,4.194817543029785,862.8132994010084
2345.0,91.75028991699219,9.930402755737305,863.1036562650115
2346.0,122.9253158569336,13.997747421264648,863.4052795870084
2347.0,12.254720687866211,3.0694453716278076,863.7163395740063
2348.0,33.26496887207031,7.68662166595459,864.0174217770109
2349.0,21.685131072998047,4.294811248779297,864.3083982079988
2350.0,154.918212890625,21.828540802001953,864.6242356400035
2351.0,22.90185546875,4.821532249450684,864.9283441470034
2352.0,103.67254638671875,12.406628608703613,865.2258105630026
2353.0,72.31822204589844,10.260676383972168,865.5311544380093
2354.0,22.2950439453125,5.689338684082031,865.8605316680041
2355.0,37.04088592529297,7.130839824676514,866.1549612980016
2356.0,16.275400161743164,4.27947998046875,866.4796803110075
2357.0,16.010828018188477,3.7242658138275146,866.7777550640021
2358.0,46.10564422607422,6.959823131561279,867.0723393790104
2359.0,26.44453239440918,5.2474141120910645,867.3688404090062
2360.0,41.84761428833008,5.811566352844238,867.675095167011
2361.0,15.426311492919922,3.80238676071167,867.9738838790072
2362.0,14.321645736694336,3.12791109085083,868.2859453640122
2363.0,21.234947204589844,4.701416969299316,868.6053240270121
2364.0,24.10931396484375,4.7140583992004395,868.909450200008
2365.0,15.952681541442871,3.6514055728912354,869.2122953040089
2366.0,10.002328872680664,2.638336658477783,869.5190282130061
2367.0,43.93363952636719,7.510025978088379,869.8248063940118
2368.0,87.67947387695312,10.0094575881958,870.135151407012
2369.0,13.364723205566406,3.3507907390594482,870.4511128260056
2370.0,15.031145095825195,3.5841522216796875,870.7561166460073
2371.0,160.8001708984375,16.020606994628906,871.0741891590005
2372.0,49.967376708984375,7.366705894470215,871.4519198160124
2373.0,13.929521560668945,3.701195478439331,871.8072957830009
2374.0,51.361724853515625,7.294302463531494,872.105803576007
2375.0,18.261119842529297,4.018363952636719,872.4221421580005
2376.0,25.951223373413086,5.083927154541016,872.7272206000052
2377.0,36.3065185546875,6.4827094078063965,873.0562762440095
2378.0,13.360831260681152,3.1657118797302246,873.3616507210099
2379.0,23.550067901611328,4.77534294128418,873.6704888480017
2380.0,33.87885284423828,5.52315092086792,873.9766699410102
2381.0,26.900989532470703,4.7645955085754395,874.2503492370015
2382.0,77.10562896728516,9.162496566772461,874.5510634450038
2383.0,83.12371063232422,11.035266876220703,874.8954838430072
2384.0,51.11561584472656,8.609171867370605,875.2066128200095
2385.0,27.645401000976562,5.630942344665527,875.5066564970039
2386.0,46.93316650390625,6.285216808319092,875.7937382840028
2387.0,19.50774383544922,4.054327487945557,876.1002999160119
2388.0,25.721179962158203,5.3321123123168945,876.4260969870083
2389.0,9.493803024291992,2.734037399291992,876.7256959700026
2390.0,17.984085083007812,3.7509539127349854,877.0209241110133
2391.0,25.642248153686523,4.827591419219971,877.3204391090112
2392.0,23.70099449157715,4.814604759216309,877.640368228007
2393.0,8.919672012329102,2.143833637237549,877.9500193840067
2394.0,41.84968948364258,6.407316207885742,878.6740368419996
2395.0,14.06017780303955,3.3226430416107178,879.3423897210014
2396.0,61.9237174987793,8.237958908081055,879.8571208900103
2397.0,19.004426956176758,3.96462082862854,880.1688593740109
2398.0,37.528053283691406,6.853420734405518,880.9060799639992
2399.0,60.18659210205078,8.278633117675781,881.8224687210022
2400.0,16.824718475341797,4.3646345138549805,882.3163773230044
2401.0,16.927404403686523,3.932835578918457,889.4622435680067
2402.0,33.173179626464844,7.608537197113037,889.7768478500075
2403.0,28.583282470703125,6.029969692230225,890.0998092840018
2404.0,19.410682678222656,3.8250815868377686,890.4050844890007
2405.0,40.558441162109375,6.262265205383301,890.7291740910005
2406.0,11.752431869506836,3.048454523086548,891.0921901230031
2407.0,112.6811294555664,13.18905258178711,891.4507211010059
2408.0,17.292579650878906,3.6530795097351074,891.7845406060078
2409.0,24.803342819213867,4.667117595672607,892.146806484001
2410.0,68.92993927001953,10.818442344665527,892.5312149080128
2411.0,21.340084075927734,4.328135013580322,892.8821929990081
2412.0,24.342498779296875,5.173879146575928,893.2082955780061
2413.0,30.027381896972656,5.369037628173828,893.546631204008
2414.0,98.10134887695312,10.48099422454834,893.8557008040079
2415.0,8.681530952453613,2.311206102371216,894.1565773730108
2416.0,31.767255783081055,6.026930332183838,894.4676397980074
2417.0,10.609725952148438,2.7930476665496826,894.806002538011
2418.0,20.77353286743164,5.078188419342041,895.13692600801
2419.0,14.759088516235352,3.5678036212921143,895.4499028400023
2420.0,15.010760307312012,3.5099847316741943,895.8103318290086
2421.0,32.45877456665039,4.871367454528809,896.113905582999
2422.0,19.160554885864258,3.720580816268921,896.4077828420122
2423.0,12.572659492492676,3.1678078174591064,896.7028077340074
2424.0,32.77149200439453,5.371269226074219,896.9951065100031
2425.0,19.414268493652344,4.803982734680176,897.3146452100045
2426.0,17.876432418823242,4.525027275085449,897.6439929250046
2427.0,14.855175018310547,3.8186278343200684,897.9817711280048
2428.0,10.16778564453125,2.3713788986206055,898.3078916220111
2429.0,48.640296936035156,8.743752479553223,898.6160385160038
2430.0,99.99993133544922,12.105133056640625,898.9191982190096
2431.0,11.758838653564453,2.82783842086792,899.2256273430103
2432.0,49.245094299316406,7.41484260559082,899.5447684490064
2433.0,14.446884155273438,4.168769359588623,899.8527077430044
2434.0,18.387849807739258,3.9299161434173584,900.187548189002
2435.0,50.145545959472656,7.751599311828613,900.4879242190073
2436.0,9.084556579589844,2.4682130813598633,900.7948370180093
2437.0,30.015464782714844,4.802312850952148,901.0923327860073
2438.0,23.351032257080078,4.852911472320557,901.3976248860126
2439.0,162.9505157470703,23.13563346862793,901.6957881560083
2440.0,21.026920318603516,4.533003807067871,901.9941236800078
2441.0,13.521170616149902,3.6471621990203857,902.3026767020056
2442.0,10.999876022338867,2.879364490509033,902.6130700600042
2443.0,26.9045467376709,4.7381792068481445,902.9356791030004
2444.0,9.318079948425293,2.3883578777313232,903.287846348001
2445.0,36.904422760009766,5.672664642333984,903.5953164060047
2446.0,8.365737915039062,2.2637197971343994,903.8957454720075
2447.0,33.147254943847656,5.209325313568115,904.199023461013
2448.0,11.388653755187988,3.2404329776763916,904.5027026870084
2449.0,10.010380744934082,2.87235951423645,904.7999109960074
2450.0,11.537530899047852,3.0791707038879395,905.097711000999
2451.0,17.637788772583008,3.696711778640747,905.4055337290047
2452.0,6.689882278442383,1.9432860612869263,905.6976330700127
2453.0,43.621788024902344,5.588812828063965,905.9801650770096
2454.0,16.338483810424805,4.299267768859863,906.2840013330133
2455.0,30.11924934387207,5.399819374084473,906.5825442269997
2456.0,11.293681144714355,3.2478976249694824,906.9005968500132
2457.0,76.85352325439453,8.148345947265625,907.2575942280091
2458.0,9.17508316040039,2.153860569000244,907.5789922650001
2459.0,26.545799255371094,5.583362579345703,907.9004493430111
2460.0,18.4619197845459,3.312145948410034,908.1936382540007
2461.0,25.809913635253906,4.9633097648620605,908.508682455009
2462.0,28.903919219970703,4.807476997375488,908.8360123390012
2463.0,83.38091278076172,8.497858047485352,909.1299995800073
2464.0,63.90834426879883,7.618081092834473,909.4435385760007
2465.0,7.280193328857422,2.075242757797241,909.7182873710117
2466.0,19.149730682373047,3.938368320465088,910.0025410500093
2467.0,47.30001449584961,6.721077919006348,910.2852997100126
2468.0,44.21966552734375,5.980991363525391,910.5664893360081
2469.0,32.570404052734375,6.145336151123047,910.8612367140013
2470.0,64.75521850585938,8.47945499420166,911.1453003800125
2471.0,21.463031768798828,3.6226096153259277,911.4386122660071
2472.0,84.81703186035156,8.961037635803223,911.7367954200017
2473.0,33.46350860595703,5.392461776733398,912.0187951280095
2474.0,33.41719055175781,4.828458309173584,912.288900798012
2475.0,12.853411674499512,3.45581316947937,912.580320345005
2476.0,11.873610496520996,2.9508743286132812,912.8680099650082
2477.0,24.254310607910156,4.880861282348633,913.1424532500096
2478.0,17.370811462402344,3.4327573776245117,913.4180311400123
2479.0,32.14815902709961,5.222285747528076,913.6924442420132
2480.0,9.058146476745605,2.312765598297119,913.978546548009
2481.0,24.93590545654297,5.209691524505615,914.255734536011
2482.0,8.820280075073242,2.3338255882263184,914.5318330000009
2483.0,28.565895080566406,6.5364789962768555,914.8032655710122
2484.0,58.97770690917969,8.687357902526855,915.0712369380053
2485.0,50.907859802246094,7.586973190307617,915.3390320750041
2486.0,25.627681732177734,5.171814918518066,915.6228379700042
2487.0,10.217802047729492,2.6896610260009766,915.8894153340079
2488.0,29.960525512695312,5.739595890045166,916.160809093999
2489.0,29.460189819335938,6.138937473297119,916.4311652700126
2490.0,20.290454864501953,4.508721828460693,916.7263422579999
2491.0,114.537841796875,13.51897144317627,917.0076755580085
2492.0,18.971025466918945,3.7890210151672363,917.2868211200112
2493.0,53.398380279541016,7.855706214904785,917.5570173730084
2494.0,29.54802703857422,5.261186122894287,917.8208022940089
2495.0,27.001312255859375,5.326061725616455,918.101442780011
2496.0,18.465850830078125,4.708426475524902,918.3853429260053
2497.0,53.677528381347656,8.307906150817871,918.6651828750037
2498.0,26.653881072998047,4.191162109375,918.9356949409994
2499.0,20.494747161865234,3.9985907077789307,919.2123943629995
2500.0,11.899754524230957,2.962843179702759,919.4824721520126
2501.0,29.312931060791016,5.436493396759033,925.5265265860071
2502.0,11.992180824279785,3.1543161869049072,925.7947840370034
2503.0,16.620952606201172,4.04982852935791,926.1156954990001
2504.0,20.445415496826172,4.986664772033691,926.4031316140026
2505.0,48.643795013427734,7.378319263458252,926.6807490540086
2506.0,16.109235763549805,3.537349224090576,926.9507554630109
2507.0,19.103252410888672,4.159143447875977,927.2195225200121
2508.0,11.688297271728516,3.061713933944702,927.4983611180069
2509.0,19.832128524780273,4.329262733459473,927.7739099669998
2510.0,25.011775970458984,4.337324142456055,928.052990051001
2511.0,33.55659866333008,4.933048248291016,928.3379269080033
2512.0,11.494720458984375,2.936253547668457,928.6082031140104
2513.0,64.03047943115234,9.175668716430664,928.89370001301
2514.0,33.51802444458008,6.34080696105957,929.1641713270074
2515.0,37.009498596191406,7.306427001953125,929.4351573180029
2516.0,49.870548248291016,8.397513389587402,929.7138951310044
2517.0,46.191993713378906,7.261490345001221,929.9923495360126
2518.0,20.49264907836914,4.130943775177002,930.2599600450048
2519.0,59.693382263183594,7.947290897369385,930.5552480840124
2520.0,7.293713092803955,1.9421145915985107,930.8356011880096
2521.0,15.446601867675781,3.2498459815979004,931.107791692004
2522.0,12.867168426513672,3.2637627124786377,931.3870855600107
2523.0,33.735267639160156,5.463000297546387,931.6778851170093
2524.0,18.833818435668945,3.882033586502075,931.9506467660103
2525.0,13.547612190246582,3.530355930328369,932.223169445002
2526.0,126.10020446777344,14.076725006103516,932.4906747450004
2527.0,10.498453140258789,2.4505910873413086,932.7633224900055
2528.0,15.683979988098145,3.275484085083008,933.0368216740026
2529.0,32.7071647644043,5.765301704406738,933.3174675290065
2530.0,34.39508056640625,5.914514064788818,933.5997387660027
2531.0,66.42890930175781,10.049802780151367,933.8833610940055
2532.0,40.03253936767578,6.931889057159424,934.1618990270072
2533.0,8.190155029296875,2.251945734024048,934.4425048710109
2534.0,30.6844425201416,5.99153470993042,934.7197621800005
2535.0,17.35433578491211,4.413191318511963,935.0020807030087
2536.0,24.5902099609375,4.384515762329102,935.3002835710067
2537.0,19.458507537841797,3.977828025817871,935.6092851300054
2538.0,14.972707748413086,3.472540855407715,935.8887561810116
2539.0,8.931299209594727,2.2915256023406982,936.1841450710053
2540.0,19.176128387451172,4.365027904510498,936.4727739140071
2541.0,24.235912322998047,4.702300071716309,936.759000681006
2542.0,30.377843856811523,4.262284755706787,937.0278299660131
2543.0,36.32954788208008,6.811947822570801,937.3114344790083
2544.0,46.830482482910156,5.435356140136719,937.5944386720075
2545.0,34.7068977355957,5.555493354797363,937.8713207980036
2546.0,6.497730255126953,1.7094640731811523,938.1604709870007
2547.0,83.7102279663086,9.006348609924316,938.4508444490057
2548.0,92.2177734375,14.561172485351562,938.7403277560079
2549.0,12.156539916992188,3.0547420978546143,939.0244004560082
2550.0,91.98135375976562,13.496925354003906,939.3060152410035
2551.0,27.290790557861328,6.0005364418029785,939.5871998160001
2552.0,28.376373291015625,5.7916154861450195,939.8715554630035
2553.0,68.1236572265625,10.289052963256836,940.1497124849993
2554.0,36.28203582763672,7.303300380706787,940.4294252480031
2555.0,90.58680725097656,10.60993766784668,940.7184620780026
2556.0,30.8996524810791,6.069173336029053,940.9855446300062
2557.0,62.65673065185547,8.616848945617676,941.2510052410071
2558.0,54.544525146484375,7.680741786956787,941.5318060950085
2559.0,47.205596923828125,6.940267086029053,941.7937448220036
2560.0,11.411093711853027,2.521728038787842,942.0671098160092
2561.0,57.70301818847656,9.291646957397461,942.3466469590057
2562.0,28.873088836669922,6.298907279968262,942.632055176
2563.0,108.15867614746094,12.366463661193848,942.9310372100008
2564.0,11.905799865722656,2.9701011180877686,943.21714707301
2565.0,9.764473915100098,2.4180924892425537,943.5269599240128
2566.0,9.96489429473877,2.427884578704834,943.8143191140116
2567.0,20.455673217773438,4.489651203155518,944.0927365810057
2568.0,16.307621002197266,4.0239691734313965,944.3866484060127
2569.0,88.82339477539062,10.393925666809082,944.683402309005
2570.0,16.016178131103516,3.8395674228668213,944.9654718750098
2571.0,72.28776550292969,8.194327354431152,945.2445424890029
2572.0,17.11614990234375,4.229530334472656,945.5347068289993
2573.0,20.69253158569336,4.2828474044799805,945.8159591340082
2574.0,25.421607971191406,4.48249626159668,946.1028406240075
2575.0,16.510618209838867,4.024213790893555,946.3866257110058
2576.0,32.009033203125,4.964510440826416,946.6683822120103
2577.0,50.71657180786133,7.180368900299072,946.9502687140048
2578.0,34.90357971191406,5.523182392120361,947.2406774750125
2579.0,12.472736358642578,2.8275814056396484,947.5280775670108
2580.0,8.515679359436035,2.5066962242126465,947.8215334359993
2581.0,9.51595401763916,2.497981071472168,948.1083229740034
2582.0,15.687253952026367,3.086568832397461,948.3971813009994
2583.0,14.348194122314453,3.4534120559692383,948.6973827350012
2584.0,34.54640579223633,4.522707462310791,948.969127037999
2585.0,32.042930603027344,4.994379043579102,949.2396573380101
2586.0,36.70652770996094,5.766882419586182,949.537472572003
2587.0,53.89368438720703,6.314862251281738,949.8176563680026
2588.0,7.221679210662842,1.9813430309295654,950.0993201450037
2589.0,6.41909122467041,1.7954355478286743,950.3704667130078
2590.0,9.902435302734375,2.680992364883423,950.6454007070133
2591.0,49.39364242553711,5.624813556671143,950.9265043330088
2592.0,49.42726135253906,7.471420764923096,951.2082045330026
2593.0,133.79823303222656,17.70193862915039,951.4882590130001
2594.0,55.97967529296875,7.755983352661133,951.752484118013
2595.0,39.85504150390625,8.205757141113281,952.0210604880122
2596.0,28.915050506591797,4.501538276672363,952.2990360340045
2597.0,42.919708251953125,8.66186237335205,952.5801011940057
2598.0,23.237384796142578,4.302716255187988,952.8533340400027
2599.0,10.808597564697266,2.537806749343872,953.1329743720125
2600.0,15.22270393371582,3.7770843505859375,953.4356696220057
2601.0,27.16527557373047,4.588573932647705,959.0295321830054
2602.0,22.441600799560547,4.46155309677124,959.3177124230133
2603.0,63.652992248535156,9.383976936340332,959.5855833220121
2604.0,34.27296447753906,5.328733921051025,959.8692103620124
2605.0,25.559879302978516,4.714142799377441,960.1369222680078
2606.0,21.712421417236328,4.234128952026367,960.4434989900037
2607.0,49.65852355957031,8.30622673034668,960.739003434006
2608.0,14.699098587036133,3.7497570514678955,961.0170857800113
2609.0,9.512174606323242,2.4215445518493652,961.2988041960052
2610.0,29.326915740966797,5.045783519744873,961.5739598770015
2611.0,128.3914337158203,14.755901336669922,961.8566328349989
2612.0,28.087284088134766,4.91593599319458,962.1329028510081
2613.0,23.593017578125,4.2260026931762695,962.4013460830029
2614.0,7.6857452392578125,2.0655014514923096,962.6752050300129
2615.0,46.69061279296875,8.36549186706543,962.94750376101
2616.0,34.26019287109375,5.5302605628967285,963.2226681760076
2617.0,12.724764823913574,2.7688732147216797,963.498039713013
2618.0,27.230514526367188,4.962911605834961,963.7520224809996
2619.0,14.419824600219727,3.623204231262207,964.0079919950076
2620.0,21.239099502563477,4.046609401702881,964.2722459890065
2621.0,28.174535751342773,6.344088554382324,964.5378303370089
2622.0,51.08576965332031,7.743819713592529,964.8046469090041
2623.0,10.644227981567383,2.7521843910217285,965.0714991840068
2624.0,22.722919464111328,3.856292963027954,965.3357893700013
2625.0,30.206409454345703,5.216250896453857,965.601603854011
2626.0,14.90107250213623,3.3388800621032715,965.8651553360105
2627.0,76.97998046875,10.530317306518555,966.1440832710068
2628.0,13.456663131713867,3.189772367477417,966.4137663790025
2629.0,65.94367980957031,6.290042877197266,966.6843481260003
2630.0,24.205547332763672,4.712144374847412,966.9571337460075
2631.0,26.04885482788086,5.015561103820801,967.2258072490076
2632.0,21.151504516601562,4.048765659332275,967.4977039390069
2633.0,73.53980255126953,9.807707786560059,967.7553643580031
2634.0,29.59123992919922,4.380740165710449,968.0194755200064
2635.0,10.001678466796875,2.628797769546509,968.2907988049992
2636.0,20.79246711730957,4.271560192108154,968.5461966980074
2637.0,40.34065246582031,5.917977333068848,968.8336999450112
2638.0,28.89809799194336,4.824901580810547,969.0871637710079
2639.0,12.844371795654297,3.0662479400634766,969.3479069800087
2640.0,18.86166763305664,4.679922103881836,969.6279653650126
2641.0,109.29999542236328,10.417840957641602,969.8801818870124
2642.0,11.244820594787598,3.0421948432922363,970.1611306760024
2643.0,9.043464660644531,2.3003580570220947,970.432237718007
2644.0,8.138446807861328,2.2420475482940674,970.6980835680006
2645.0,14.008281707763672,2.9425406455993652,970.9582494400092
2646.0,15.76257038116455,3.4852285385131836,971.2242393370107
2647.0,126.02040100097656,18.99310874938965,971.5088948270131
2648.0,55.36754608154297,5.560902118682861,971.76447087001
2649.0,33.76203536987305,5.215724945068359,972.0349024650059
2650.0,9.072164535522461,2.265141010284424,972.2946044160053
2651.0,24.312021255493164,4.383667469024658,972.5685091880005
2652.0,25.677181243896484,4.730051040649414,972.8363849110028
2653.0,10.350957870483398,2.5724196434020996,973.1073849840031
2654.0,25.88523292541504,4.893248558044434,973.3768428440089
2655.0,20.230098724365234,3.803290605545044,973.6572749290062
2656.0,12.74411392211914,3.3787970542907715,973.9256333570083
2657.0,15.399518966674805,3.750046491622925,974.2011334690033
2658.0,13.200239181518555,2.6594886779785156,974.4658244520106
2659.0,12.936367988586426,3.107473850250244,974.7311343470064
2660.0,14.506746292114258,3.4811747074127197,975.0008477150113
2661.0,53.137351989746094,6.465340614318848,975.2575111250044
2662.0,16.421445846557617,3.3197574615478516,975.5293639600131
2663.0,39.653263092041016,7.329719543457031,975.7774234130047
2664.0,14.463661193847656,3.74214243888855,976.0363137509994
2665.0,16.97954750061035,3.585719585418701,976.2875826240052
2666.0,12.151063919067383,3.061800718307495,976.5416756630002
2667.0,14.101987838745117,3.0120058059692383,976.796706152003
2668.0,27.037490844726562,5.777073383331299,977.0534646790038
2669.0,9.311041831970215,2.3827426433563232,977.328714741001
2670.0,39.79001235961914,6.06511116027832,977.6118229890126
2671.0,29.636178970336914,5.484984397888184,977.903532545999
2672.0,38.92546844482422,6.531553268432617,978.174265611
2673.0,26.036218643188477,5.456199645996094,978.4565888890065
2674.0,30.695167541503906,5.495190143585205,978.7349429680035
2675.0,11.700824737548828,2.728841543197632,979.0102485160023
2676.0,66.37113952636719,7.229349136352539,979.2652710360126
2677.0,62.49627685546875,8.102951049804688,979.5373604449996
2678.0,17.566951751708984,3.4101076126098633,979.8064627170097
2679.0,7.6751813888549805,1.922031283378601,980.0584865080018
2680.0,7.955471038818359,2.236769199371338,980.3127908510069
2681.0,18.93553352355957,4.057738780975342,980.579624326012
2682.0,32.72926330566406,4.9603447914123535,980.8530038320023
2683.0,26.732664108276367,5.239146709442139,981.1129427570122
2684.0,11.705625534057617,2.9735567569732666,981.3716922390013
2685.0,30.468624114990234,5.797360897064209,981.6477598830097
2686.0,12.12697696685791,2.7001750469207764,981.9033428560069
2687.0,12.415584564208984,3.1079230308532715,982.1713102310023
2688.0,70.83975219726562,8.650012969970703,982.4424575470039
2689.0,47.56657409667969,6.720329284667969,982.7260239770112
2690.0,9.179981231689453,2.5235767364501953,982.9894978660013
2691.0,7.163473129272461,2.066009759902954,983.2427598280046
2692.0,17.98249053955078,3.613459348678589,983.5034189370053
2693.0,8.382722854614258,2.064098358154297,983.7653979130118
2694.0,35.66387176513672,6.0733723640441895,984.0294779490068
2695.0,36.32009506225586,6.379532337188721,984.2778460289992
2696.0,5.835657596588135,1.5595871210098267,984.5397819190111
2697.0,43.18101501464844,6.3597588539123535,984.7984423580056
2698.0,15.98742389678955,3.9537971019744873,985.0681254190131
2699.0,8.961441040039062,2.407120943069458,985.3292128220055
2700.0,31.599964141845703,6.223872661590576,985.5922852710064
2701.0,176.10830688476562,23.504953384399414,991.0610151639994
2702.0,138.23365783691406,14.419710159301758,991.331532909011
2703.0,128.81845092773438,14.276118278503418,991.6077294090064
2704.0,10.008417129516602,2.3369197845458984,991.8788990130124
2705.0,29.105472564697266,4.915614604949951,992.1524825470115
2706.0,12.206121444702148,2.8723793029785156,992.4162386280077
2707.0,15.76478385925293,3.627756357192993,992.6864222180011
2708.0,37.26434326171875,6.927736759185791,992.9578980930091
2709.0,15.62750244140625,3.426751136779785,993.2634351300076
2710.0,19.33321762084961,3.8953096866607666,993.5484959590103
2711.0,23.014244079589844,5.0015411376953125,993.8026534830133
2712.0,19.77362823486328,3.9644625186920166,994.0710010000039
2713.0,26.32766342163086,4.621028900146484,994.3265661820042
2714.0,18.338348388671875,4.311389923095703,994.5832092340133
2715.0,40.24816131591797,6.334433078765869,994.8237075729994
2716.0,67.94549560546875,7.234813690185547,995.0749990980112
2717.0,43.00636291503906,6.855419158935547,995.3375449350133
2718.0,101.62113952636719,11.597716331481934,995.5995489060006
2719.0,43.83882141113281,7.53006649017334,995.8718072220072
2720.0,33.95793914794922,6.678872108459473,996.1460381790093
2721.0,21.388427734375,4.870937347412109,996.411490835002
2722.0,104.4287109375,15.803598403930664,996.6797567489994
2723.0,39.23650360107422,7.035093784332275,996.9336845310027
2724.0,15.8096923828125,3.8225603103637695,997.1856656290038
2725.0,27.44145393371582,5.344728946685791,997.460552058008
2726.0,20.19709014892578,4.480803966522217,997.7181489740033
2727.0,86.1285171508789,9.01718521118164,997.9713467149995
2728.0,9.393089294433594,2.3474385738372803,998.2373552089994
2729.0,10.314925193786621,2.7579989433288574,998.5053324110049
2730.0,10.95190143585205,2.7762441635131836,998.7666449350072
2731.0,29.016345977783203,4.705691337585449,999.0291214960016
2732.0,31.792226791381836,4.607740879058838,999.2784142570017
2733.0,119.88368225097656,17.799358367919922,999.5348266000074
2734.0,15.83187484741211,3.0894367694854736,999.7910445670132
2735.0,53.054283142089844,7.40431022644043,1000.0545156050066
2736.0,6.563178539276123,1.7505642175674438,1000.2972299290122
2737.0,24.67835807800293,5.57814359664917,1000.5684585520066
2738.0,9.1273775100708,2.3155405521392822,1000.8332440990052
2739.0,43.26964569091797,7.13477087020874,1001.0867076470022
2740.0,58.331634521484375,8.874298095703125,1001.3703585650073
2741.0,32.314414978027344,5.535386562347412,1001.6359384610114
2742.0,15.123437881469727,3.0547807216644287,1001.9078893400001
2743.0,12.286277770996094,2.864638090133667,1002.1857811630034
2744.0,14.100086212158203,3.256275177001953,1002.4552221730119
2745.0,23.31190299987793,4.467657089233398,1002.718884545
2746.0,9.496785163879395,2.530963659286499,1003.0093089700094
2747.0,11.939105987548828,3.2758800983428955,1003.2821210990078
2748.0,7.54606294631958,1.9233204126358032,1003.5617631210043
2749.0,10.747071266174316,2.607710361480713,1003.8224913160084
2750.0,28.385847091674805,6.153738498687744,1004.078153696013
2751.0,22.136356353759766,4.134978294372559,1004.3434775470087
2752.0,16.335092544555664,3.5968973636627197,1004.6112584980001
2753.0,17.542184829711914,4.0076727867126465,1004.8720015700092
2754.0,8.496709823608398,2.087592601776123,1005.1328053970065
2755.0,40.59978485107422,6.81503438949585,1005.401703075011
2756.0,45.87510681152344,6.597914218902588,1005.6587242390087
2757.0,9.928667068481445,2.4142889976501465,1005.913277715008
2758.0,8.587868690490723,2.3097286224365234,1006.1651260850049
2759.0,113.12059020996094,17.656686782836914,1006.4253905520018
2760.0,29.386478424072266,5.475820541381836,1006.682068442009
2761.0,17.73617172241211,3.754844903945923,1006.9341432970105
2762.0,55.929771423339844,8.623231887817383,1007.2134287500085
2763.0,4.489360332489014,1.3033322095870972,1007.4806391599996
2764.0,96.80660247802734,10.117585182189941,1007.7521954200056
2765.0,17.084489822387695,3.561471700668335,1008.0302671100071
2766.0,24.573482513427734,5.094325542449951,1008.3059971640032
2767.0,78.2784423828125,9.049017906188965,1008.5659100470075
2768.0,30.725223541259766,4.713733196258545,1008.836038473004
2769.0,8.190624237060547,2.17110276222229,1009.0977972310066
2770.0,20.064157485961914,4.006994247436523,1009.3626480310049
2771.0,79.09945678710938,8.850106239318848,1009.6290599470085
2772.0,17.02763557434082,3.4574296474456787,1009.8961244790116
2773.0,27.51041030883789,5.039562702178955,1010.1493653900106
2774.0,24.419496536254883,3.8723723888397217,1010.412355819004
2775.0,16.683517456054688,3.7556676864624023,1010.679286936007
2776.0,22.83132553100586,4.232522487640381,1010.9338621260104
2777.0,10.751625061035156,3.0698461532592773,1011.1880414200132
2778.0,29.2145938873291,4.849310874938965,1011.4465325300116
2779.0,10.344420433044434,2.577451467514038,1011.7099476490112
2780.0,166.59181213378906,16.474796295166016,1011.9883560490125
2781.0,13.56389045715332,2.647900104522705,1012.2695024730056
2782.0,11.656316757202148,2.693452835083008,1012.5308968540048
2783.0,10.020641326904297,2.6196556091308594,1012.7948146190029
2784.0,36.66109085083008,6.095783710479736,1013.0606915970129
2785.0,39.347259521484375,5.875691890716553,1013.3225815840124
2786.0,67.68385314941406,7.910254955291748,1013.5827092740074
2787.0,9.18677806854248,2.654848337173462,1013.8454724280018
2788.0,32.19740295410156,5.8861165046691895,1014.0982414590108
2789.0,15.107283592224121,3.693540096282959,1014.3497970250028
2790.0,26.493518829345703,5.501577377319336,1014.6070823930058
2791.0,24.548961639404297,4.804275989532471,1014.8607187460002
2792.0,18.63463592529297,4.1645941734313965,1015.107947528013
2793.0,30.75765609741211,6.10780143737793,1015.3558858510078
2794.0,33.84141540527344,7.014399528503418,1015.6110799099988
2795.0,9.373672485351562,2.634178876876831,1015.8709161470033
2796.0,17.897111892700195,4.335022449493408,1016.1295729810081
2797.0,53.029624938964844,8.07236099243164,1016.385188559012
2798.0,14.466486930847168,3.808863639831543,1016.6534956420073
2799.0,40.924312591552734,5.926324844360352,1016.9199125950108
2800.0,33.516319274902344,5.733194828033447,1017.1684983430023
2801.0,44.48405456542969,8.30032730102539,1022.6890038640122
2802.0,19.740751266479492,3.849398612976074,1022.9368913220096
2803.0,112.71022033691406,10.583311080932617,1023.1950881520024
2804.0,33.94785690307617,6.945438385009766,1023.4614040540037
2805.0,8.363109588623047,1.9675110578536987,1023.7314990120067
2806.0,13.673225402832031,3.1915533542633057,1023.9965053920023
2807.0,15.876867294311523,4.010314464569092,1024.262714403012
2808.0,48.63317108154297,7.8559722900390625,1024.5385542970034
2809.0,8.968277931213379,2.3727102279663086,1024.8362629400071
2810.0,123.72760009765625,14.367774963378906,1025.1039820700098
2811.0,12.881973266601562,3.4037418365478516,1025.3767341170023
2812.0,8.749868392944336,2.161428689956665,1025.6251513410098
2813.0,14.738441467285156,3.776552200317383,1025.8797914480092
2814.0,50.493499755859375,7.733113765716553,1026.1372507230117
2815.0,58.689903259277344,8.57801628112793,1026.419545984012
2816.0,35.53803253173828,5.708918571472168,1026.6832412330114
2817.0,39.508872985839844,6.889278411865234,1026.9362090840004
2818.0,92.94483184814453,10.939016342163086,1027.1887265650003
2819.0,35.83595275878906,5.819328308105469,1027.4593049329997
2820.0,41.78069305419922,7.030916690826416,1027.726038421999
2821.0,23.667505264282227,3.7546541690826416,1027.988909798005
2822.0,18.32408332824707,4.7219696044921875,1028.247191308008
2823.0,50.88109588623047,6.176154613494873,1028.5057501070114
2824.0,17.6374568939209,4.690067291259766,1028.7689934600057
2825.0,10.719213485717773,2.4168124198913574,1029.0331535959995
2826.0,41.50261306762695,5.66884708404541,1029.2945343770116
2827.0,50.11569595336914,6.721018314361572,1029.5621846270078
2828.0,23.21916961669922,4.406589984893799,1029.8194275910064
2829.0,8.649706840515137,2.0612611770629883,1030.075268985005
2830.0,22.42774200439453,4.750992774963379,1030.339509758007
2831.0,13.544702529907227,3.363738775253296,1030.6021956510085
2832.0,18.537328720092773,4.118687152862549,1030.8692105400114
2833.0,15.538776397705078,3.4883384704589844,1031.12056523301
2834.0,36.8800048828125,5.564850330352783,1031.3777158510056
2835.0,27.12824249267578,6.378893852233887,1031.6389268680068
2836.0,9.466815948486328,2.2738378047943115,1031.8949178360053
2837.0,17.780527114868164,3.8221073150634766,1032.142012974
2838.0,21.924060821533203,3.4805195331573486,1032.3993840620096
2839.0,17.372821807861328,3.894618511199951,1032.6647846920096
2840.0,77.30044555664062,9.613895416259766,1032.919710623013
2841.0,92.2357177734375,10.83737850189209,1033.1884428420017
2842.0,20.930402755737305,3.6926536560058594,1033.4592398420064
2843.0,62.00390625,8.223469734191895,1033.7348849280097
2844.0,34.776702880859375,5.336223602294922,1033.9960695720074
2845.0,24.00361442565918,5.364795684814453,1034.246291606003
2846.0,64.02896881103516,8.86633014678955,1034.5068587370042
2847.0,64.5809097290039,9.40921401977539,1034.7679313219996
2848.0,10.524717330932617,2.5656425952911377,1035.0468015799997
2849.0,35.25981140136719,5.910906791687012,1035.3236322240118
2850.0,43.39015197753906,7.1232075691223145,1035.5949112210074
2851.0,85.99276733398438,9.197529792785645,1035.8577469670126
2852.0,35.904441833496094,6.416438579559326,1036.1285466260015
2853.0,12.95899486541748,3.7324886322021484,1036.3857404070004
2854.0,12.10653305053711,3.1887574195861816,1036.6716382350132
2855.0,7.807304859161377,2.051448106765747,1036.9315550040046
2856.0,9.734580993652344,2.321716070175171,1037.1895522980049
2857.0,43.33937454223633,8.790254592895508,1037.4472642520122
2858.0,61.739990234375,7.157787799835205,1037.7125344830129
2859.0,45.93366241455078,6.4689130783081055,1037.9808258150006
2860.0,24.63735580444336,4.997584819793701,1038.238647805003
2861.0,31.149717330932617,5.294001579284668,1038.5154413890123
2862.0,13.041208267211914,2.887050151824951,1038.78116738901
2863.0,25.25973129272461,4.8109307289123535,1039.0690288910118
2864.0,14.771332740783691,3.2756402492523193,1039.3354187080113
2865.0,30.570724487304688,5.426784515380859,1039.6035979920125
2866.0,7.150349140167236,2.025940179824829,1039.864715639007
2867.0,12.1414794921875,2.8520853519439697,1040.1225624840008
2868.0,13.22933578491211,3.571824073791504,1040.3894191490108
2869.0,16.917865753173828,3.210252046585083,1040.638918806013
2870.0,22.847309112548828,5.443004608154297,1040.9002651180053
2871.0,28.685758590698242,5.09743595123291,1041.1584517910087
2872.0,9.800275802612305,2.373800754547119,1041.427259353004
2873.0,14.793535232543945,3.399221658706665,1041.704347840001
2874.0,22.089519500732422,4.7022528648376465,1041.9769049419992
2875.0,16.168392181396484,3.891371011734009,1042.242304178013
2876.0,25.430208206176758,4.711607933044434,1042.5189948930056
2877.0,9.940901756286621,2.468735933303833,1042.7721154270112
2878.0,13.932791709899902,3.4138219356536865,1043.029967776005
2879.0,19.509437561035156,3.711186408996582,1043.2930557970103
2880.0,11.635087966918945,3.054323434829712,1043.5743759020115
2881.0,39.182838439941406,4.506750106811523,1043.8281805750012
2882.0,29.70574188232422,4.777454376220703,1044.1001015190122
2883.0,18.539215087890625,4.698575019836426,1044.353330553
2884.0,14.895467758178711,3.372748851776123,1044.6101677219995
2885.0,18.648685455322266,3.554722309112549,1044.8607201880077
2886.0,130.78890991210938,15.339038848876953,1045.113419428002
2887.0,20.961929321289062,4.484218597412109,1045.3843551810132
2888.0,103.72107696533203,12.676340103149414,1045.6529029180092
2889.0,19.34518814086914,4.137995719909668,1045.9220808250102
2890.0,38.42240524291992,6.105138778686523,1046.1825295380113
2891.0,22.251367568969727,4.426743984222412,1046.428558204003
2892.0,23.7657527923584,4.440650939941406,1046.6834970800119
2893.0,8.041656494140625,1.9660757780075073,1046.9397204580018
2894.0,23.631616592407227,5.319849967956543,1047.192588484002
2895.0,44.48361587524414,8.294110298156738,1047.4604462810094
2896.0,56.835350036621094,6.641086101531982,1047.7232036630012
2897.0,22.837963104248047,4.690645217895508,1047.989788114006
2898.0,22.163349151611328,5.048779487609863,1048.254463819001
2899.0,147.79591369628906,16.50054931640625,1048.5170881850063
2900.0,8.902190208435059,2.224515914916992,1048.7794528860104
2901.0,24.834548950195312,4.939809799194336,1054.2876922300056
2902.0,140.6345977783203,16.01272201538086,1054.557285133007
2903.0,13.910544395446777,3.5760135650634766,1054.830115566001
2904.0,10.090657234191895,2.927719831466675,1055.0999118390027
2905.0,33.38013458251953,5.702446460723877,1055.3576600170054
2906.0,16.558414459228516,3.799809455871582,1055.6275821800082
2907.0,8.052433967590332,2.410510540008545,1055.902667058006
2908.0,80.16346740722656,10.385481834411621,1056.1533552420005
2909.0,24.212749481201172,5.1530046463012695,1056.4054896310117
2910.0,27.1114444732666,4.993265151977539,1056.6715133170073
2911.0,27.408878326416016,4.94118070602417,1056.9384024900064
2912.0,14.707624435424805,3.5492708683013916,1057.1851679000101
2913.0,15.758235931396484,3.5024986267089844,1057.4511892709997
2914.0,7.511032581329346,2.0962040424346924,1057.7103896820045
2915.0,29.064807891845703,5.358560562133789,1057.9709189320129
2916.0,76.7711181640625,7.469235897064209,1058.2355221630132
2917.0,12.314619064331055,2.8793931007385254,1058.511333226008
2918.0,17.70378875732422,3.905956983566284,1058.7624171450007
2919.0,20.184799194335938,3.932563543319702,1059.017915059012
2920.0,47.377689361572266,6.340849876403809,1059.2762712340045
2921.0,54.815486907958984,6.5860795974731445,1059.5439193670027
2922.0,8.231965065002441,2.1431119441986084,1059.8082918470027
2923.0,9.604805946350098,2.566162347793579,1060.0798452040035
2924.0,10.594358444213867,2.7879669666290283,1060.346844795
2925.0,26.012014389038086,4.698742389678955,1060.6066940460005
2926.0,22.33263397216797,4.125626087188721,1060.8597493060079
2927.0,8.146551132202148,2.2622978687286377,1061.1243676260056
2928.0,18.514183044433594,3.6795854568481445,1061.3979974350077
2929.0,12.691096305847168,3.6357316970825195,1061.6664738590043
2930.0,13.474416732788086,2.6942734718322754,1061.925560447009
2931.0,142.98095703125,20.812538146972656,1062.203672914009
2932.0,11.575911521911621,3.19953989982605,1062.4975579230086
2933.0,41.93769073486328,5.408115863800049,1062.7482893910055
2934.0,11.22441577911377,3.1269376277923584,1063.0054964630108
2935.0,20.928016662597656,3.579981565475464,1063.2591844750132
2936.0,73.6374740600586,8.439513206481934,1063.5199680060032
2937.0,56.799949645996094,7.660097599029541,1063.780670802007
2938.0,19.655773162841797,4.708104610443115,1064.0511743730021
2939.0,13.001543045043945,3.166699171066284,1064.3062010980066
2940.0,74.33092498779297,12.209578514099121,1064.5711607470002
2941.0,12.626626968383789,2.88244366645813,1064.834212687012
2942.0,22.28923797607422,4.327021598815918,1065.0984840560122
2943.0,12.731355667114258,3.331380844116211,1065.3532105840131
2944.0,24.580364227294922,5.248176574707031,1065.6165662400017
2945.0,23.46243667602539,4.484279632568359,1065.8846399250033
2946.0,7.3031768798828125,1.86106276512146,1066.1471278190002
2947.0,13.303535461425781,3.475635051727295,1066.4112017900043
2948.0,7.338347434997559,1.9524402618408203,1066.687761674999
2949.0,19.582584381103516,4.142033576965332,1066.9583327530127
2950.0,52.096229553222656,6.863078594207764,1067.224380027008
2951.0,35.18513870239258,5.643766403198242,1067.488289275003
2952.0,33.952239990234375,5.104563236236572,1067.7510138890066
2953.0,56.36601638793945,7.921558856964111,1068.0130231320072
2954.0,9.037368774414062,2.3881611824035645,1068.2760672959994
2955.0,11.736703872680664,2.886829376220703,1068.5452449580043
2956.0,34.941558837890625,5.602731227874756,1068.8067609990103
2957.0,14.219818115234375,3.693761110305786,1069.0626229840127
2958.0,7.172585964202881,1.9501063823699951,1069.3282728750055
2959.0,40.56893539428711,8.342817306518555,1069.5981317120022
2960.0,10.669631004333496,2.7395737171173096,1069.8756118870078
2961.0,71.44822692871094,7.553381443023682,1070.1566383050085
2962.0,42.8477783203125,8.211869239807129,1070.4234677370114
2963.0,12.706573486328125,3.233492374420166,1070.6806259800069
2964.0,61.52048873901367,9.252205848693848,1070.9436691360024
2965.0,49.058143615722656,7.384122371673584,1071.196712749006
2966.0,11.41936206817627,2.727177381515503,1071.4658167190064
2967.0,21.996746063232422,4.6274333000183105,1071.7302176049998
2968.0,16.25287628173828,3.4883553981781006,1072.0001711190125
2969.0,32.479774475097656,5.890618801116943,1072.2670506020077
2970.0,61.49122619628906,7.769959449768066,1072.522981925009
2971.0,31.417213439941406,6.073120594024658,1072.7821316790069
2972.0,32.762184143066406,6.303797721862793,1073.0421316150023
2973.0,18.021560668945312,4.47952938079834,1073.2995759610058
2974.0,20.808494567871094,4.442262649536133,1073.5615500070126
2975.0,22.31951904296875,3.9820663928985596,1073.818444679011
2976.0,10.10086727142334,2.3789196014404297,1074.07085594401
2977.0,8.165802955627441,2.1888973712921143,1074.3143829190085
2978.0,57.55531311035156,6.5798845291137695,1074.5690978440107
2979.0,31.734745025634766,4.805592060089111,1074.8516086490126
2980.0,256.1700439453125,19.507667541503906,1075.1055265400064
2981.0,19.79410171508789,4.272812366485596,1075.3661567550007
2982.0,7.656201362609863,1.767409086227417,1075.6422879640013
2983.0,83.02989196777344,11.004290580749512,1075.8965693670034
2984.0,69.50267028808594,9.239599227905273,1076.1440114300058
2985.0,10.520469665527344,2.4524102210998535,1076.3974948640098
2986.0,24.576547622680664,4.69312858581543,1076.6612563890085
2987.0,30.215116500854492,4.958514213562012,1076.9180685210013
2988.0,10.829216003417969,2.4265499114990234,1077.1767531850055
2989.0,50.82054901123047,7.635252475738525,1077.440198167009
2990.0,13.477849960327148,3.417358875274658,1077.7255440950103
2991.0,15.61735725402832,3.1723389625549316,1077.9889746960107
2992.0,12.05636215209961,2.964777946472168,1078.2582321890077
2993.0,16.423192977905273,3.5068681240081787,1078.5319858840085
2994.0,104.93643951416016,10.722196578979492,1078.787768293012
2995.0,28.724830627441406,6.003011226654053,1079.0537918820046
2996.0,40.987159729003906,6.518375873565674,1079.3143688120035
2997.0,79.28700256347656,9.349215507507324,1079.5692471930088
2998.0,13.591175079345703,3.1270885467529297,1079.8456929340027
2999.0,9.470440864562988,2.2887165546417236,1080.1175427490089
3000.0,20.42161750793457,4.016766548156738,1080.3847237510054
3001.0,26.720848083496094,4.9266743659973145,1086.181012991001
3002.0,8.616639137268066,2.3133950233459473,1086.4388341720041
3003.0,23.643360137939453,5.289516448974609,1086.7313995510049
3004.0,21.649734497070312,4.455465793609619,1087.002239376001
3005.0,24.793800354003906,4.510230541229248,1087.275611295001
3006.0,14.936690330505371,2.6798951625823975,1087.5436410310067
3007.0,7.113842010498047,2.085883617401123,1087.8084339940106
3008.0,35.56373977661133,5.924159049987793,1088.0689953690016
3009.0,24.57535743713379,4.847229480743408,1088.330464855011
3010.0,13.280760765075684,3.1840765476226807,1088.6157744930097
3011.0,14.256793022155762,2.973529577255249,1088.8821380900044
3012.0,29.917823791503906,6.153025150299072,1089.1414560590056
3013.0,8.266380310058594,2.2172861099243164,1089.4161530340061
3014.0,34.409339904785156,5.61647891998291,1089.691556632999
3015.0,52.995609283447266,7.534735202789307,1089.952842556013
3016.0,14.993341445922852,3.3557660579681396,1090.219499703002
3017.0,17.586944580078125,4.469859600067139,1090.4891096420033
3018.0,18.927000045776367,4.123324871063232,1090.742650256012
3019.0,13.859981536865234,3.4951863288879395,1091.0011290969996
3020.0,9.599839210510254,2.233997106552124,1091.2529009660066
3021.0,25.147308349609375,5.61756706237793,1091.5121833740122
3022.0,18.142000198364258,3.371307134628296,1091.7776826850022
3023.0,58.180233001708984,10.662741661071777,1092.0434829790029
3024.0,40.46196365356445,5.263570785522461,1092.302337001005
3025.0,15.8335542678833,3.5338964462280273,1092.5537974290055
3026.0,57.79552459716797,7.858664035797119,1092.8199675890064
3027.0,10.75549030303955,2.2573277950286865,1093.085167519006
3028.0,26.42161750793457,4.7213850021362305,1093.3476376430044
3029.0,54.6109619140625,7.159311294555664,1093.6190472170128
3030.0,55.687477111816406,8.003279685974121,1093.8691423850105
3031.0,15.728461265563965,3.5828349590301514,1094.1245674370002
3032.0,49.41130828857422,7.388206958770752,1094.3978193110088
3033.0,9.108518600463867,2.5390336513519287,1094.657120119009
3034.0,54.279319763183594,5.492012977600098,1094.9303944999992
3035.0,9.763991355895996,2.303731679916382,1095.1945193230058
3036.0,28.669002532958984,4.2687177658081055,1095.470540817012
3037.0,9.849905014038086,2.8113179206848145,1095.7523877700005
3038.0,8.18189525604248,2.252359628677368,1096.045229276002
3039.0,8.964272499084473,2.1391170024871826,1096.3261456510081
3040.0,15.699094772338867,3.3807947635650635,1096.6058462560031
3041.0,16.608659744262695,3.3957109451293945,1096.87267095501
3042.0,18.610685348510742,4.037812232971191,1097.1534138819989
3043.0,28.475093841552734,4.870102405548096,1097.4223233350058
3044.0,17.43061637878418,3.9355247020721436,1097.6772621080017
3045.0,25.564777374267578,5.376088619232178,1097.941386867009
3046.0,16.34563446044922,3.5982930660247803,1098.2103890319995
3047.0,8.447280883789062,2.1820385456085205,1098.4862779370014
3048.0,8.872928619384766,2.3593099117279053,1098.7409079240024
3049.0,13.94764232635498,3.527362108230591,1099.001743810004
3050.0,20.06284523010254,4.320394039154053,1099.2580337850086
3051.0,26.859943389892578,4.853930950164795,1099.5287794520118
3052.0,8.46642017364502,2.122553825378418,1099.9863935660105
3053.0,14.726530075073242,3.5393314361572266,1100.414161282999
3054.0,20.116893768310547,4.067616939544678,1100.7290056610072
3055.0,29.990507125854492,4.556963920593262,1100.9921743560117
3056.0,7.509876251220703,1.9774307012557983,1101.259566822002
3057.0,72.90242767333984,8.426081657409668,1101.5477819750085
3058.0,7.375036239624023,2.068354606628418,1101.8320707630046
3059.0,22.22020721435547,4.473735332489014,1102.1062827870046
3060.0,95.12576293945312,10.142407417297363,1102.3728569080122
3061.0,10.167243003845215,2.6836252212524414,1102.6770795520133
3062.0,19.018888473510742,3.68955397605896,1102.9301372670016
3063.0,28.89984130859375,4.369748115539551,1103.470324400012
3064.0,45.55372619628906,6.886682987213135,1103.7390994730085
3065.0,30.104896545410156,5.492478847503662,1104.0206640370016
3066.0,18.42121124267578,3.5932199954986572,1104.2932689340087
3067.0,7.158565044403076,1.856926441192627,1104.5825362500036
3068.0,33.237369537353516,4.7280802726745605,1104.844708124001
3069.0,11.33576774597168,2.8160383701324463,1105.1000392720016
3070.0,40.68916320800781,7.005958080291748,1105.3706906730076
3071.0,16.680200576782227,4.156127452850342,1105.6370751050126
3072.0,9.079608917236328,2.003852128982544,1105.9026982570067
3073.0,44.47476577758789,6.218886375427246,1106.1719222840038
3074.0,10.09339714050293,2.5531513690948486,1106.4623822050053
3075.0,28.406238555908203,5.177500247955322,1106.7613471070072
3076.0,14.738676071166992,3.1610257625579834,1107.0640463669988
3077.0,22.601024627685547,4.602853775024414,1107.3494874280004
3078.0,177.03005981445312,23.354276657104492,1107.6869979900075
3079.0,27.256256103515625,4.357977390289307,1107.9717377240013
3080.0,30.420551300048828,5.4419989585876465,1108.268497890007
3081.0,15.40709114074707,3.3841495513916016,1108.5694862310047
3082.0,42.93136978149414,6.812118053436279,1108.8607340520102
3083.0,80.65643310546875,9.487114906311035,1109.1284752400097
3084.0,6.608997821807861,1.6851847171783447,1109.3999959140056
3085.0,95.19306945800781,11.353124618530273,1109.7424427130027
3086.0,8.508103370666504,2.002309799194336,1110.0351255179994
3087.0,23.696762084960938,4.329521179199219,1110.3195120279997
3088.0,11.88805103302002,3.1706461906433105,1110.6203852540057
3089.0,8.836385726928711,2.5220422744750977,1110.9164648240112
3090.0,6.1193132400512695,1.6216574907302856,1111.1981566590111
3091.0,24.036840438842773,4.5813069343566895,1111.476122172011
3092.0,22.76901626586914,4.2860541343688965,1111.7422325070074
3093.0,13.804789543151855,3.4988348484039307,1111.9976843180048
3094.0,14.150781631469727,3.5304131507873535,1112.2511610860092
3095.0,101.02967834472656,8.149958610534668,1112.5122645740048
3096.0,32.251983642578125,4.962329387664795,1112.767835539009
3097.0,35.34502410888672,3.8593909740448,1113.0349361120025
3098.0,67.00196838378906,8.280171394348145,1113.310207145012
3099.0,36.49740219116211,5.772945404052734,1113.5668630460132
3100.0,11.297806739807129,2.4564571380615234,1113.8361159940105
3101.0,10.480461120605469,2.7354094982147217,1119.661738944007
3102.0,18.569246292114258,3.7073795795440674,1119.9084921169997
3103.0,13.64714241027832,3.3378076553344727,1120.1578091990086
3104.0,31.392112731933594,5.643631935119629,1120.4120164490014
3105.0,17.511791229248047,3.3887717723846436,1120.7127347700007
3106.0,7.349213123321533,2.084554433822632,1120.9750182120042
3107.0,49.33716583251953,7.133523464202881,1121.221358752009
3108.0,14.891136169433594,3.082432746887207,1121.4789332110086
3109.0,32.23937225341797,5.329400539398193,1121.7275006170094
3110.0,17.287708282470703,3.9748528003692627,1121.9730190180126
3111.0,10.757286071777344,2.659433603286743,1122.222347551011
3112.0,42.15076446533203,6.603531360626221,1122.467543101011
3113.0,51.180362701416016,7.247894763946533,1122.7650467050116
3114.0,12.524316787719727,3.2850143909454346,1123.071617943002
3115.0,33.68916702270508,5.452357769012451,1123.3510029669997
3116.0,39.433807373046875,8.213603019714355,1123.619792010999
3117.0,17.640892028808594,3.653425455093384,1123.8783196940058
3118.0,12.804080963134766,2.965993881225586,1124.131692851006
3119.0,16.901111602783203,3.186493396759033,1124.3911234810075
3120.0,10.635270118713379,3.0446460247039795,1124.680798721005
3121.0,45.9641227722168,6.674006938934326,1124.96109153
3122.0,14.433187484741211,3.185511589050293,1125.2500402340083
3123.0,6.940159797668457,1.8930964469909668,1125.5603730870062
3124.0,69.1795654296875,10.03986930847168,1125.8964585230133
3125.0,41.55061721801758,6.846170425415039,1126.1850743079995
3126.0,41.398162841796875,7.0570807456970215,1126.461690770011
3127.0,11.622461318969727,2.861311435699463,1126.758853929001
3128.0,24.239978790283203,4.211962699890137,1127.0564099550102
3129.0,6.754926681518555,2.0750327110290527,1127.3500506060082
3130.0,80.35047149658203,12.589926719665527,1127.6504095260025
3131.0,54.276039123535156,8.878992080688477,1127.9290434050054
3132.0,16.696739196777344,3.445829391479492,1128.2371572150005
3133.0,60.751190185546875,7.464268684387207,1128.5243670030031
3134.0,16.56505584716797,3.716841459274292,1128.842768890012
3135.0,7.712027549743652,1.9943777322769165,1129.213272219
3136.0,15.351335525512695,3.2744174003601074,1129.76634242
3137.0,10.09499740600586,2.7786855697631836,1130.233614969009
3138.0,16.958133697509766,3.5701239109039307,1130.7035521610087
3139.0,8.743836402893066,2.1727986335754395,1131.0259670770029
3140.0,16.927005767822266,4.4269208908081055,1131.3513861060055
3141.0,8.77745246887207,2.3321900367736816,1131.7478306910052
3142.0,48.19508361816406,6.906089782714844,1132.280150038001
3143.0,15.639248847961426,3.740065813064575,1132.7682684169995
3144.0,17.134262084960938,3.245711088180542,1133.1050248240063
3145.0,6.843693733215332,1.8522870540618896,1133.4237221690128
3146.0,8.64428997039795,2.370377779006958,1133.7052168490045
3147.0,26.608644485473633,5.4002366065979,1133.997021260002
3148.0,12.938919067382812,2.9664857387542725,1134.2952306860097
3149.0,16.680500030517578,4.28869104385376,1134.5971738549997
3150.0,15.356903076171875,3.2334580421447754,1134.8984541600075
3151.0,6.537005424499512,1.801727056503296,1135.1998997300107
3152.0,39.75659942626953,5.67722749710083,1135.517158187009
3153.0,13.895284652709961,2.975278377532959,1135.8290840980044
3154.0,23.147493362426758,4.255631446838379,1136.129501634001
3155.0,36.804229736328125,6.269856929779053,1136.4426989450003
3156.0,23.1121826171875,4.518075942993164,1136.7399695480126
3157.0,24.83051300048828,4.71453332901001,1137.050621404007
3158.0,9.702764511108398,2.6471006870269775,1137.3341598800034
3159.0,49.837364196777344,7.46428918838501,1137.6341146470077
3160.0,226.0411376953125,27.724885940551758,1137.9296250890038
3161.0,12.695110321044922,3.314889430999756,1138.2260159150028
3162.0,19.044490814208984,3.6740822792053223,1138.522375532004
3163.0,38.291717529296875,5.582396507263184,1138.8122610810096
3164.0,149.36328125,16.49103355407715,1139.1058049190033
3165.0,36.046844482421875,7.304839611053467,1139.4195115270122
3166.0,18.13174819946289,3.3923630714416504,1139.7101895430096
3167.0,8.296271324157715,2.2335000038146973,1140.0288335500081
3168.0,24.032115936279297,6.227157115936279,1140.4098069930042
3169.0,9.365827560424805,2.4743595123291016,1140.707802638004
3170.0,24.572914123535156,4.187046051025391,1141.0332547660073
3171.0,50.88867950439453,7.066131114959717,1141.3323774410092
3172.0,27.944293975830078,4.51752233505249,1141.6472724030027
3173.0,23.264711380004883,5.221028804779053,1141.9425024930097
3174.0,8.80594253540039,2.224668502807617,1142.2470934930025
3175.0,22.580245971679688,4.340115070343018,1142.573916964
3176.0,11.695035934448242,2.5605595111846924,1142.9768811500107
3177.0,22.236846923828125,4.125479221343994,1143.2719733840058
3178.0,15.024587631225586,3.451216697692871,1143.5843667750014
3179.0,6.312537670135498,1.6439683437347412,1143.863135920008
3180.0,22.59821128845215,5.016003131866455,1144.1421535460104
3181.0,22.016555786132812,5.144624710083008,1144.4452509870025
3182.0,26.63333511352539,4.769808769226074,1144.747792678012
3183.0,33.00444793701172,6.209151744842529,1145.0759375400085
3184.0,37.84217071533203,6.544851303100586,1145.3872069080098
3185.0,26.967071533203125,5.169654369354248,1145.7601685820118
3186.0,14.21709156036377,2.997023582458496,1146.0651106730074
3187.0,13.543428421020508,3.1985440254211426,1146.3455820110103
3188.0,5.92779016494751,1.532084345817566,1146.6421425370063
3189.0,32.38192367553711,4.56064510345459,1146.9610127600026
3190.0,44.63026428222656,7.326886177062988,1147.3002856730018
3191.0,34.35569381713867,6.780787944793701,1147.6189467910008
3192.0,7.913858413696289,2.1502737998962402,1147.9244599180092
3193.0,21.661087036132812,4.226316928863525,1148.1963255190058
3194.0,91.65975952148438,11.198745727539062,1148.4782428860053
3195.0,174.8396759033203,18.496665954589844,1148.7646112560033
3196.0,11.128982543945312,2.654081344604492,1149.0417182790115
3197.0,16.768798828125,3.8914711475372314,1149.3430696400028
3198.0,28.795791625976562,6.527585506439209,1149.6680580050015
3199.0,65.91268920898438,7.159291744232178,1149.9507334480004
3200.0,20.378562927246094,3.839385747909546,1150.2508007750002
3201.0,36.61833953857422,5.407530784606934,1156.6888802940084
3202.0,6.749055862426758,1.9079893827438354,1156.9785381200054
3203.0,7.575191974639893,2.0063297748565674,1157.2670886300039
3204.0,11.286703109741211,3.157341480255127,1157.5667179890006
3205.0,13.710712432861328,2.760854721069336,1157.892490712009
3206.0,59.51689529418945,6.926656246185303,1158.2075641539996
3207.0,8.936271667480469,2.2517788410186768,1158.538494450011
3208.0,29.819625854492188,5.451825141906738,1158.885229808002
3209.0,32.85460662841797,6.2756218910217285,1159.208857679012
3210.0,8.701201438903809,1.9848519563674927,1159.5063213480025
3211.0,14.672473907470703,3.6764519214630127,1159.8237821280054
3212.0,20.18094253540039,4.222907066345215,1160.1071405170078
3213.0,8.862252235412598,2.301604747772217,1160.4136347800086
3214.0,9.552947998046875,2.179123640060425,1160.702978442001
3215.0,11.623342514038086,3.171516180038452,1161.0172972500004
3216.0,27.37471580505371,4.973611354827881,1161.354982349003
3217.0,21.929882049560547,3.986006259918213,1161.649597546013
3218.0,36.26354217529297,5.8877339363098145,1161.9470814010128
3219.0,8.650564193725586,2.2878546714782715,1162.2461040290073
3220.0,54.71553039550781,7.626025199890137,1162.5408234830102
3221.0,29.01801300048828,6.361618995666504,1162.8140781100083
3222.0,11.303112030029297,3.0972402095794678,1163.1096921390126
3223.0,34.65552520751953,5.318008899688721,1163.4523873800063
3224.0,13.648962020874023,2.612051486968994,1163.7544683300075
3225.0,9.361512184143066,2.5790934562683105,1164.057852693004
3226.0,95.08726501464844,10.435258865356445,1164.3341010170116
3227.0,18.03723907470703,4.021693706512451,1164.610806075012
3228.0,15.111617088317871,3.4557535648345947,1164.8931737050007
3229.0,45.80160140991211,6.74838399887085,1165.2113064440055
3230.0,47.63280487060547,6.924861431121826,1165.5885224970116
3231.0,26.52056121826172,5.254495143890381,1165.9637281440082
3232.0,18.60464096069336,4.487703800201416,1166.377315745005
3233.0,144.35337829589844,13.784170150756836,1166.764691608012
3234.0,21.417097091674805,4.363076210021973,1167.0638580660016
3235.0,10.872371673583984,2.852822780609131,1167.4095811190055
3236.0,50.74388122558594,9.665532112121582,1167.706563306012
3237.0,9.62335205078125,2.48344087600708,1168.0203437570017
3238.0,8.562044143676758,2.3425185680389404,1168.3709688890085
3239.0,30.057661056518555,4.888779640197754,1168.6794125849992
3240.0,19.435041427612305,4.406476020812988,1168.985992368005
3241.0,12.669991493225098,3.639259099960327,1169.302352306011
3242.0,19.1737060546875,4.324046611785889,1169.5974150230031
3243.0,21.70672607421875,4.052166938781738,1169.9085070260044
3244.0,32.69996643066406,5.765617370605469,1170.21305399001
3245.0,40.519676208496094,6.058581352233887,1170.5271922009997
3246.0,7.234114646911621,1.929879903793335,1170.8215882670047
3247.0,53.16709899902344,6.956793785095215,1171.127954882002
3248.0,14.513679504394531,3.2224233150482178,1171.4189061750076
3249.0,17.921894073486328,3.098954916000366,1171.705178039003
3250.0,6.921985149383545,1.9152237176895142,1171.9921603780094
3251.0,46.26858901977539,6.874551296234131,1172.2949784920056
3252.0,19.742462158203125,4.4740095138549805,1172.616987404006
3253.0,53.389617919921875,6.044025421142578,1172.9928268130025
3254.0,39.309898376464844,6.998223304748535,1173.3560578300094
3255.0,24.813419342041016,5.9894938468933105,1173.695254508013
3256.0,64.4163818359375,8.958194732666016,1173.9806493210053
3257.0,58.057151794433594,8.44992733001709,1174.2674078300042
3258.0,122.78333282470703,14.07674503326416,1174.5711380200082
3259.0,26.319814682006836,5.696042060852051,1174.8754263870069
3260.0,16.37396812438965,3.516129732131958,1175.1637704720051
3261.0,29.591259002685547,5.140129566192627,1175.4691971580032
3262.0,16.72840118408203,3.74709153175354,1175.7506410770002
3263.0,8.580246925354004,2.034947633743286,1176.0478918230074
3264.0,130.00823974609375,14.364198684692383,1176.3476199670113
3265.0,6.886094093322754,1.9037655591964722,1176.6266337140114
3266.0,23.628299713134766,4.239744663238525,1176.9630206000002
3267.0,9.880563735961914,2.799914598464966,1177.2791694110056
3268.0,29.75472640991211,5.861287593841553,1177.5876153780118
3269.0,9.448813438415527,2.6250033378601074,1177.8895161750115
3270.0,93.76777648925781,11.734650611877441,1178.1838404670125
3271.0,115.6297836303711,13.071185111999512,1178.479130510008
3272.0,14.841005325317383,3.3334743976593018,1178.7617563509993
3273.0,15.47198486328125,3.4764373302459717,1179.0433077170019
3274.0,19.946680068969727,4.53093147277832,1179.3644262279995
3275.0,22.346023559570312,4.562080383300781,1179.6735656500096
3276.0,10.817270278930664,2.8666791915893555,1179.9581973960012
3277.0,45.625274658203125,8.532397270202637,1180.265119749005
3278.0,20.860614776611328,4.016548156738281,1180.5587475690118
3279.0,8.181133270263672,2.048668622970581,1180.876746105001
3280.0,9.876697540283203,2.7673583030700684,1181.1766699620057
3281.0,18.83942413330078,3.682141065597534,1181.4654140040075
3282.0,22.11090850830078,4.199443340301514,1181.747408249008
3283.0,9.07858943939209,2.4235546588897705,1182.0407037000114
3284.0,17.02080535888672,3.337062358856201,1182.3253973750107
3285.0,10.792224884033203,2.436713695526123,1182.6426808110118
3286.0,20.90068817138672,4.139033794403076,1182.9479876520054
3287.0,30.0411319732666,5.14544153213501,1183.2516130860022
3288.0,12.6681489944458,3.4216160774230957,1183.5638101090008
3289.0,17.876819610595703,3.917557954788208,1183.8569408170006
3290.0,7.931755065917969,1.8820619583129883,1184.1511081950011
3291.0,34.32683563232422,5.607480049133301,1184.430478639013
3292.0,11.288544654846191,2.9334473609924316,1184.7352025130094
3293.0,42.51433563232422,6.155239105224609,1185.0258136000048
3294.0,7.461162567138672,1.987831473350525,1185.306537152006
3295.0,8.710378646850586,2.303159236907959,1185.6153796190047
3296.0,18.649202346801758,4.323755741119385,1185.8997179730068
3297.0,10.558920860290527,2.6703951358795166,1186.1868844950077
3298.0,11.317710876464844,2.8700766563415527,1186.475446307013
3299.0,118.89724731445312,18.353294372558594,1186.8441565660032
3300.0,27.322311401367188,5.630195617675781,1187.1345339360123
3301.0,6.890677452087402,1.8837058544158936,1193.513626164
3302.0,10.323203086853027,2.5863049030303955,1193.8019845130038
3303.0,16.432815551757812,3.332125425338745,1194.090833609007
3304.0,103.79413604736328,11.501456260681152,1194.382532825999
3305.0,38.68886947631836,5.6802778244018555,1194.6734168350085
3306.0,11.92100715637207,2.3402371406555176,1194.9665829340083
3307.0,52.8068733215332,7.445030689239502,1195.2583119300107
3308.0,26.98468017578125,5.107571601867676,1195.5540719540004
3309.0,13.248279571533203,3.788308620452881,1195.8530909649999
3310.0,65.08436584472656,7.997926235198975,1196.1448271840054
3311.0,20.621042251586914,5.137951850891113,1196.458278243008
3312.0,9.5383939743042,2.4662058353424072,1196.7618033850013
3313.0,30.04429817199707,4.75566291809082,1197.0476439420017
3314.0,163.30462646484375,16.18593978881836,1197.3370832510118
3315.0,20.782625198364258,3.8844752311706543,1197.6168452570128
3316.0,72.21636962890625,7.914970874786377,1197.9113377239992
3317.0,13.066814422607422,2.341407537460327,1198.2009582500032
3318.0,47.7297477722168,7.454697608947754,1198.4796382580098
3319.0,12.67558765411377,2.8964998722076416,1198.7796156370023
3320.0,12.05378532409668,2.801548719406128,1199.0588371750055
3321.0,8.278685569763184,1.9811851978302002,1199.3591231669998
3322.0,8.509421348571777,2.2287349700927734,1199.6796255890076
3323.0,39.12022018432617,5.4173712730407715,1199.9645966509997
3324.0,5.018731594085693,1.3748449087142944,1200.2411792870116
3325.0,27.604393005371094,5.249818801879883,1200.5295450820122
3326.0,32.32149124145508,4.745695114135742,1200.8290754949994
3327.0,55.12388610839844,7.515498161315918,1201.1269259840046
3328.0,15.915678977966309,3.0062496662139893,1201.4344324900012
3329.0,16.915016174316406,3.7256462574005127,1201.7320075770112
3330.0,36.19880294799805,5.960450649261475,1202.033477969002
3331.0,15.250001907348633,3.177304267883301,1202.3495065310126
3332.0,11.981316566467285,3.03020977973938,1202.6406913090032
3333.0,16.10150146484375,2.7619972229003906,1202.9434960460057
3334.0,18.779081344604492,4.217860698699951,1203.22172610501
3335.0,79.54299926757812,11.257963180541992,1203.5166971230065
3336.0,19.23634910583496,3.512956380844116,1203.8073189740098
3337.0,17.90695571899414,3.8311710357666016,1204.0941278840037
3338.0,15.675653457641602,3.288344383239746,1204.3707205390092
3339.0,23.813077926635742,5.074079990386963,1204.6677815820003
3340.0,19.00812530517578,3.5495338439941406,1204.9633838620066
3341.0,37.39964294433594,6.8357648849487305,1205.2567157779995
3342.0,38.35747528076172,5.619788646697998,1205.558249558002
3343.0,10.82623291015625,2.707361936569214,1205.856672799011
3344.0,39.603118896484375,5.830048561096191,1206.1686279330024
3345.0,31.690181732177734,4.834507465362549,1206.4511214480008
3346.0,27.338592529296875,4.473302841186523,1206.7422119780094
3347.0,9.769205093383789,2.621490716934204,1207.0243099350046
3348.0,66.44207763671875,7.539167404174805,1207.314573319003
3349.0,7.13867712020874,1.8298661708831787,1207.590132043013
3350.0,15.216569900512695,3.30466365814209,1207.9102026530018
3351.0,31.358854293823242,4.741694927215576,1208.1987704500061
3352.0,37.95069122314453,6.399622440338135,1208.5031705680012
3353.0,17.97677230834961,4.021425247192383,1208.7932482730102
3354.0,12.735902786254883,3.188547372817993,1209.0975386500068
3355.0,6.003974914550781,1.626815676689148,1209.3808345420111
3356.0,38.091949462890625,5.774585723876953,1209.6723141719995
3357.0,15.306090354919434,3.0076258182525635,1209.9653360110096
3358.0,15.949443817138672,3.6721622943878174,1210.2463047810015
3359.0,48.843467712402344,6.133278846740723,1210.5522262890008
3360.0,20.102378845214844,3.984606981277466,1210.8484896280133
3361.0,11.431209564208984,3.094208002090454,1211.1191716890025
3362.0,63.745235443115234,11.765162467956543,1211.4267368800065
3363.0,15.66971206665039,3.2955784797668457,1211.736383526004
3364.0,12.797701835632324,3.39957857131958,1212.0349337160005
3365.0,39.30258560180664,5.909294128417969,1212.3435101860086
3366.0,84.24029541015625,10.691559791564941,1212.6349272950029
3367.0,27.615020751953125,5.317171573638916,1212.9213024990022
3368.0,21.483749389648438,4.507659912109375,1213.216707355008
3369.0,10.020350456237793,2.791468381881714,1213.523065870002
3370.0,17.470335006713867,3.472616195678711,1213.8043745290051
3371.0,10.261364936828613,2.8034861087799072,1214.07952561001
3372.0,10.480925559997559,2.6355695724487305,1214.383429752008
3373.0,21.49710464477539,4.163519382476807,1214.6817352790094
3374.0,17.24332046508789,3.932582139968872,1214.9741014270112
3375.0,47.250118255615234,7.854364395141602,1215.2600928489992
3376.0,8.666604995727539,2.264772653579712,1215.5466901150066
3377.0,9.209275245666504,2.487781524658203,1215.8276898059994
3378.0,30.807880401611328,4.212906837463379,1216.1241256659996
3379.0,20.716053009033203,4.669775485992432,1216.4198070920102
3380.0,24.236547470092773,4.217280864715576,1216.7035663280112
3381.0,28.389789581298828,4.771132469177246,1216.986408733006
3382.0,41.83561706542969,6.411972999572754,1217.2655843829998
3383.0,10.986159324645996,2.7848269939422607,1217.5579654100002
3384.0,7.069736480712891,1.962979793548584,1217.8337056420132
3385.0,40.65209197998047,6.038567066192627,1218.114563851006
3386.0,36.868892669677734,5.04171085357666,1218.3972736770083
3387.0,79.55070495605469,8.087267875671387,1218.7060271640075
3388.0,8.338180541992188,2.0358386039733887,1218.9920305280102
3389.0,26.215396881103516,6.061534404754639,1219.292704078005
3390.0,47.150760650634766,6.684805870056152,1219.5889027560042
3391.0,38.136802673339844,5.5939621925354,1219.8676274830068
3392.0,21.363483428955078,3.9014809131622314,1220.16933265001
3393.0,16.039106369018555,3.863253593444824,1220.468704496001
3394.0,51.11960983276367,6.955936908721924,1220.7545839600061
3395.0,21.0366268157959,3.6675426959991455,1221.054247224005
3396.0,15.311590194702148,3.1707279682159424,1221.3527886430093
3397.0,31.73564910888672,4.92671537399292,1221.6506276280124
3398.0,25.605194091796875,4.879964828491211,1221.9415222880052
3399.0,19.57723617553711,3.876556873321533,1222.2805352880096
3400.0,36.455596923828125,5.945080757141113,1222.624289600004
3401.0,11.573959350585938,2.69685435295105,1228.740763092006
3402.0,28.24974250793457,5.118893146514893,1229.0302888110018
3403.0,5.969305992126465,1.633600115776062,1229.3332151140057
3404.0,13.506017684936523,3.059601068496704,1229.646663350999
3405.0,39.42976379394531,4.583323001861572,1229.9582014650077
3406.0,15.236032485961914,3.811497211456299,1230.253290749999
3407.0,84.75691223144531,9.796833038330078,1230.5718197750102
3408.0,23.51249885559082,4.291636943817139,1230.848458020002
3409.0,36.34210205078125,6.201129913330078,1231.1353368600103
3410.0,15.270662307739258,3.1598217487335205,1231.4283719090017
3411.0,21.640018463134766,3.703001022338867,1231.7207291170052
3412.0,6.957225799560547,1.85020911693573,1232.0134082060104
3413.0,8.45892333984375,2.285212516784668,1232.3121063420112
3414.0,67.6639404296875,11.934244155883789,1232.6279340010078
3415.0,8.569146156311035,2.1605966091156006,1232.9301325630076
3416.0,27.25509262084961,4.536671161651611,1233.2402833040105
3417.0,24.12814712524414,4.718847751617432,1233.5392477310088
3418.0,10.106278419494629,2.2895891666412354,1233.8407134350127
3419.0,24.518312454223633,5.19275426864624,1234.1168629680033
3420.0,11.278692245483398,2.745295763015747,1234.4177170850016
3421.0,22.33771514892578,4.454716205596924,1234.7427411000099
3422.0,13.054539680480957,2.851627826690674,1235.0262634990067
3423.0,40.336761474609375,7.69047737121582,1235.3118038790126
3424.0,35.254310607910156,6.946688175201416,1235.620064335002
3425.0,15.995721817016602,3.7582881450653076,1235.9149282510043
3426.0,8.191250801086426,1.9104368686676025,1236.216126356012
3427.0,25.173343658447266,5.074058532714844,1236.542811670006
3428.0,24.876453399658203,4.824563980102539,1236.9266742400068
3429.0,25.642669677734375,4.107762813568115,1237.2248349740112
3430.0,57.818695068359375,7.905992031097412,1237.5493834270019
3431.0,38.53519821166992,6.495325088500977,1237.8107663730043
3432.0,16.17792510986328,3.2873826026916504,1238.0763484110066
3433.0,15.015159606933594,2.732126474380493,1238.3432517430047
3434.0,36.80660629272461,5.603094577789307,1238.761628614011
3435.0,11.063316345214844,2.4319674968719482,1239.5593503750133
3436.0,8.136382102966309,2.038270950317383,1239.938689341012
3437.0,9.166007041931152,2.1989998817443848,1240.2573039950075
3438.0,19.444629669189453,3.7504074573516846,1240.5904337880056
3439.0,4.075767517089844,1.1817939281463623,1240.8771069230133
3440.0,35.095123291015625,5.5172271728515625,1241.1797850660078
3441.0,9.361963272094727,2.3063783645629883,1241.5041807870002
3442.0,12.666707992553711,2.8553640842437744,1241.8626348680118
3443.0,7.3838300704956055,1.9669055938720703,1242.169738853001
3444.0,13.45828628540039,3.3411779403686523,1242.4687405700097
3445.0,13.157020568847656,3.1823463439941406,1242.7985388160014
3446.0,10.714017868041992,2.748256206512451,1243.095183122001
3447.0,32.80488967895508,5.388405799865723,1243.3848032120004
3448.0,17.94322967529297,3.0669636726379395,1243.688708185
3449.0,57.74929428100586,6.73855447769165,1243.9988486200018
3450.0,8.740723609924316,2.509486675262451,1244.3143355490029
3451.0,12.916141510009766,3.391126871109009,1244.6185375950008
3452.0,18.426483154296875,4.0535993576049805,1244.9136008560017
3453.0,24.846670150756836,4.0599236488342285,1245.1990386770049
3454.0,11.752622604370117,2.5349185466766357,1245.4781788500113
3455.0,13.052450180053711,3.008697271347046,1245.7620848420047
3456.0,19.13851547241211,3.851989507675171,1246.068439278999
3457.0,11.534035682678223,2.5727131366729736,1246.3513640029996
3458.0,16.27583122253418,3.938239336013794,1246.6512673260004
3459.0,18.489208221435547,4.0530595779418945,1246.9383411910094
3460.0,9.078219413757324,2.260085105895996,1247.2333179130073
3461.0,8.530570983886719,1.9707318544387817,1247.521411145004
3462.0,19.414817810058594,4.411659240722656,1247.804510017013
3463.0,23.466047286987305,4.112435817718506,1248.0930086940061
3464.0,39.93555450439453,5.45028018951416,1248.3878110720107
3465.0,5.179226398468018,1.3710163831710815,1248.6678870680043
3466.0,9.011931419372559,2.134984016418457,1248.9676088859997
3467.0,27.531845092773438,4.350153923034668,1249.2618894590123
3468.0,21.606689453125,4.069328784942627,1249.54558932301
3469.0,102.61963653564453,12.39260482788086,1249.8378979090048
3470.0,11.163026809692383,2.8782389163970947,1250.1250194950117
3471.0,10.108135223388672,2.4325952529907227,1250.404387692004
3472.0,14.025339126586914,2.901231050491333,1250.7021346390102
3473.0,13.787313461303711,3.424567699432373,1250.9939010700036
3474.0,64.9781494140625,7.912951946258545,1251.2863458930078
3475.0,11.725271224975586,2.57435941696167,1251.5816280090075
3476.0,12.73361587524414,3.2271182537078857,1251.8509806580114
3477.0,23.093616485595703,4.75925874710083,1252.1343086270062
3478.0,8.816649436950684,2.6217315196990967,1252.4246794920036
3479.0,28.65470314025879,5.078835487365723,1252.7072584510024
3480.0,31.395709991455078,5.256083965301514,1252.9963896730042
3481.0,30.964717864990234,5.37434720993042,1253.2841932550073
3482.0,46.036476135253906,6.752213001251221,1253.5634779240063
3483.0,19.375574111938477,3.4841299057006836,1253.838918184003
3484.0,8.094632148742676,2.0559070110321045,1254.1320940820005
3485.0,61.53388214111328,8.830680847167969,1254.425601646013
3486.0,55.730072021484375,10.435775756835938,1254.7199382500112
3487.0,51.093780517578125,8.379133224487305,1255.0111191820033
3488.0,40.76453399658203,6.843908309936523,1255.3244782180118
3489.0,8.38740062713623,2.1475813388824463,1255.6170584260108
3490.0,8.69847297668457,2.2700750827789307,1255.9036232600047
3491.0,14.694759368896484,2.5554749965667725,1256.200665321012
3492.0,39.30686569213867,5.031888961791992,1256.4988806520123
3493.0,81.77435302734375,13.515849113464355,1256.7792374280107
3494.0,8.350791931152344,2.405452013015747,1257.067484654006
3495.0,7.310832977294922,1.9826241731643677,1257.3602545370086
3496.0,14.790143966674805,3.4465410709381104,1257.654401356005
3497.0,17.432270050048828,3.914628267288208,1257.9248402240046
3498.0,42.88463592529297,6.767813682556152,1258.2196645040094
3499.0,28.030250549316406,5.319203853607178,1258.5151963500102
3500.0,76.00408172607422,8.531526565551758,1258.804555175011
3501.0,34.2479248046875,5.63661003112793,1265.0552704319998
3502.0,23.426929473876953,4.676784992218018,1265.3596757020132
3503.0,7.444931983947754,1.9559718370437622,1265.6480230980087
3504.0,31.908098220825195,4.840780735015869,1265.9466424330021
3505.0,35.40189743041992,5.724920749664307,1266.2460110970133
3506.0,14.112157821655273,3.698784828186035,1266.5421882210067
3507.0,14.336143493652344,3.472771167755127,1266.8430148670013
3508.0,60.533302307128906,10.935493469238281,1267.1486795600067
3509.0,10.370647430419922,2.7495126724243164,1267.4714418150106
3510.0,114.42662048339844,12.925093650817871,1267.7617725290038
3511.0,18.036048889160156,3.3160412311553955,1268.051588635004
3512.0,20.147846221923828,3.8648879528045654,1268.326846135009
3513.0,11.365955352783203,2.7806715965270996,1268.6225007400062
3514.0,87.37625885009766,6.553658962249756,1268.9252578350133
3515.0,16.618629455566406,3.317643880844116,1269.2197195800109
3516.0,7.327417373657227,1.84086012840271,1269.5023525480065
3517.0,27.709030151367188,5.322671890258789,1269.7950930220104
3518.0,104.13529968261719,12.497757911682129,1270.0804213480005
3519.0,37.129207611083984,5.774334907531738,1270.3704947510123
3520.0,14.714447021484375,3.763545513153076,1270.6643645880104
3521.0,21.802417755126953,4.000764846801758,1270.9737458670133
3522.0,61.07438278198242,7.262963771820068,1271.3074663540028
3523.0,6.32852840423584,1.7737798690795898,1271.6127985680068
3524.0,27.129352569580078,4.970554828643799,1271.941829649004
3525.0,56.872642517089844,7.211076736450195,1272.2271941370127
3526.0,6.823081970214844,1.8682698011398315,1272.532183289004
3527.0,26.81322479248047,4.503983497619629,1272.8419925500057
3528.0,11.993488311767578,2.9611732959747314,1273.1258600220026
3529.0,9.211324691772461,2.2918221950531006,1273.4564675950096
3530.0,10.026922225952148,2.73706316947937,1273.8563423690066
3531.0,7.481244087219238,1.9000288248062134,1274.1618338080007
3532.0,9.860072135925293,2.231837511062622,1274.4832770400099
3533.0,42.02279281616211,6.644747257232666,1274.7754155670118
3534.0,8.653494834899902,2.2257819175720215,1275.081789984004
3535.0,45.941410064697266,7.334295272827148,1275.3852547230053
3536.0,31.313480377197266,4.314239501953125,1275.7134237260034
3537.0,9.44576644897461,2.5160415172576904,1276.0594506380003
3538.0,33.982086181640625,5.615568161010742,1276.3585754430096
3539.0,9.762449264526367,2.700050115585327,1276.653324977
3540.0,21.595720291137695,4.868189334869385,1276.9746614890028
3541.0,44.26496887207031,6.654780387878418,1277.2807099440106
3542.0,18.90639877319336,3.5389301776885986,1277.6005649410072
3543.0,38.55161666870117,4.410328388214111,1277.9054820580059
3544.0,6.551924228668213,1.9309030771255493,1278.2527224590012
3545.0,7.833980560302734,1.9634616374969482,1278.5473340250028
3546.0,105.90475463867188,16.160459518432617,1278.8534318220045
3547.0,42.13736343383789,6.984761714935303,1279.143428604002
3548.0,8.979972839355469,2.195966958999634,1279.4371664200007
3549.0,16.444103240966797,3.3476858139038086,1279.7422988790058
3550.0,24.696407318115234,4.074916362762451,1280.0344680660055
3551.0,30.245941162109375,4.900044918060303,1280.335887792011
3552.0,15.897266387939453,3.733415365219116,1280.6262674370082
3553.0,12.775943756103516,3.119396448135376,1280.911462108008
3554.0,39.4632568359375,5.345887660980225,1281.228216702002
3555.0,17.789241790771484,3.7186291217803955,1281.5397050480096
3556.0,13.326353073120117,3.22183895111084,1281.836816645009
3557.0,19.32815933227539,4.5571088790893555,1282.114689494003
3558.0,9.721994400024414,2.4929134845733643,1282.4265719550021
3559.0,7.354852676391602,1.8561688661575317,1282.7417762640107
3560.0,21.05414390563965,3.837158441543579,1283.078389221002
3561.0,15.156637191772461,2.7436840534210205,1283.3838453730132
3562.0,51.52239227294922,7.887619495391846,1283.6783457580023
3563.0,82.40933227539062,9.746190071105957,1283.970028005002
3564.0,803.6000366210938,52.392799377441406,1284.2470484170044
3565.0,39.84526824951172,7.04770040512085,1284.5489009650046
3566.0,54.82526779174805,7.9870524406433105,1284.8254629380099
3567.0,105.98236083984375,12.72870922088623,1285.1137538230105
3568.0,23.776973724365234,3.8530473709106445,1285.4002437520103
3569.0,30.041584014892578,5.336254119873047,1285.6784778410074
3570.0,11.861238479614258,3.123340129852295,1285.9578140560043
3571.0,14.567986488342285,3.944600820541382,1286.2345231300133
3572.0,26.10689926147461,4.3721160888671875,1286.5377554880106
3573.0,61.12238311767578,8.477341651916504,1286.8234226610075
3574.0,41.68634033203125,6.845609188079834,1287.1065418850048
3575.0,17.745737075805664,3.2503817081451416,1287.4132306060055
3576.0,45.442901611328125,6.015219211578369,1287.7117203430098
3577.0,10.235079765319824,2.504667282104492,1287.9963571100088
3578.0,114.12814331054688,10.774370193481445,1288.291216950005
3579.0,4.5295209884643555,1.2644323110580444,1288.6033091280115
3580.0,13.61366081237793,2.869466543197632,1288.8957397370104
3581.0,12.865245819091797,2.8766791820526123,1289.225830563999
3582.0,33.92886734008789,5.522066116333008,1289.5216112880007
3583.0,12.486722946166992,2.8807244300842285,1289.8252704980114
3584.0,8.330747604370117,2.1603517532348633,1290.1321171480085
3585.0,136.4568328857422,14.894933700561523,1290.4269097840006
3586.0,7.583380699157715,1.8283860683441162,1290.7406820590113
3587.0,39.30382537841797,5.448635101318359,1291.078722988008
3588.0,71.52568054199219,7.4498491287231445,1291.3783630410035
3589.0,7.881155490875244,2.1936652660369873,1291.6716403710016
3590.0,69.16724395751953,7.867198467254639,1292.0041410750127
3591.0,64.10897827148438,10.38320255279541,1292.3145775230078
3592.0,17.139598846435547,3.796631336212158,1292.6224628180062
3593.0,9.060758590698242,2.515455961227417,1292.920895993011
3594.0,67.81962585449219,10.31655502319336,1293.2732266540115
3595.0,27.356555938720703,5.18362283706665,1293.5980808210006
3596.0,45.93500518798828,7.082498550415039,1293.920638378011
3597.0,46.73220443725586,8.613165855407715,1294.2521104220068
3598.0,30.802520751953125,5.536073207855225,1294.566067881009
3599.0,19.18604850769043,4.103818416595459,1294.8560088920058
3600.0,17.3151798248291,4.442866325378418,1295.1589367250126
3601.0,27.624610900878906,4.998547554016113,1301.863385048011
3602.0,43.018653869628906,6.788998603820801,1302.1667145500105
3603.0,16.954952239990234,4.005102634429932,1302.453664879009
3604.0,17.8928279876709,3.468235969543457,1302.741153601004
3605.0,9.172614097595215,2.503274440765381,1303.0301094330061
3606.0,36.16409683227539,4.989129066467285,1303.3208470310055
3607.0,13.608431816101074,3.155316114425659,1303.6421912720107
3608.0,62.58362579345703,6.6414794921875,1303.927633735002
3609.0,26.587017059326172,4.923746585845947,1304.228090182005
3610.0,19.671676635742188,4.32442569732666,1304.5880939590133
3611.0,10.676520347595215,2.558558225631714,1304.8885862210009
3612.0,8.947978973388672,2.3201069831848145,1305.165269781006
3613.0,21.608932495117188,4.348217010498047,1305.4440760960133
3614.0,81.72749328613281,8.854593276977539,1305.7501295340044
3615.0,19.614089965820312,4.397999286651611,1306.0539786430018
3616.0,38.35482406616211,5.711594104766846,1306.3406517200056
3617.0,50.60909652709961,7.299729347229004,1306.6428048260132
3618.0,38.14518356323242,5.686560153961182,1306.9339146980055
3619.0,10.957623481750488,2.8265061378479004,1307.2295120970084
3620.0,12.32409954071045,3.100996494293213,1307.5252971700102
3621.0,8.473648071289062,2.2085161209106445,1307.8330192690046
3622.0,88.03619384765625,10.926446914672852,1308.2243876830034
3623.0,17.351181030273438,3.885000228881836,1308.585418282004
3624.0,26.961658477783203,5.537484169006348,1308.9303831680008
3625.0,10.719643592834473,2.491922616958618,1309.2109519270016
3626.0,256.1119689941406,25.077707290649414,1309.4987523660093
3627.0,39.74151611328125,6.88384485244751,1309.7870786320127
3628.0,55.98237609863281,7.042313575744629,1310.0860493970104
3629.0,9.760652542114258,2.5257513523101807,1310.3795021430124
3630.0,19.210296630859375,3.7954797744750977,1310.676958437005
3631.0,86.95563507080078,10.34023666381836,1310.971698964
3632.0,147.72035217285156,15.347810745239258,1311.255522116
3633.0,16.270700454711914,3.3798608779907227,1311.5621887279995
3634.0,25.612165451049805,5.5867018699646,1311.857905776007
3635.0,16.81485366821289,4.247260093688965,1312.1481474050088
3636.0,8.200579643249512,1.8581037521362305,1312.4618100040097
3637.0,5.943000316619873,1.6405858993530273,1312.777398118007
3638.0,33.50102996826172,4.708994388580322,1313.0529669000098
3639.0,9.184178352355957,2.6040661334991455,1313.3379065129993
3640.0,17.718542098999023,4.141583442687988,1313.6195540379995
3641.0,18.754894256591797,4.294363021850586,1313.9053132080007
3642.0,8.92771053314209,2.544620990753174,1314.1902759900113
3643.0,7.3391571044921875,2.2142333984375,1314.4890286230075
3644.0,47.68251037597656,6.8984856605529785,1314.7704219250008
3645.0,40.209815979003906,6.436150550842285,1315.0592231050105
3646.0,38.094566345214844,5.474619388580322,1315.3512225890008
3647.0,6.582498550415039,1.8416566848754883,1315.6672997749993
3648.0,62.79011535644531,8.404106140136719,1315.9583569820097
3649.0,20.98750877380371,3.5845415592193604,1316.2709903330106
3650.0,14.247415542602539,3.143005132675171,1316.6377549480094
3651.0,16.360462188720703,3.3481574058532715,1316.9673061000067
3652.0,112.75794982910156,18.097028732299805,1317.2816069590044
3653.0,7.19242000579834,1.9061436653137207,1317.800348500008
3654.0,17.309946060180664,4.167537212371826,1318.0948863700032
3655.0,13.287910461425781,2.8715012073516846,1318.4120029520127
3656.0,31.08740234375,5.22516393661499,1318.7090738260013
3657.0,34.77190017700195,4.9338698387146,1319.0523845040007
3658.0,6.79960298538208,1.8548320531845093,1319.36477977701
3659.0,11.986677169799805,3.0101675987243652,1319.6620371040044
3660.0,10.049844741821289,2.168426036834717,1319.9616234690038
3661.0,26.10867691040039,4.957606315612793,1320.2422401710064
3662.0,12.075008392333984,2.8820369243621826,1320.53949707
3663.0,18.393272399902344,3.8710007667541504,1320.8584559330047
3664.0,18.96575927734375,3.2238667011260986,1321.1486914120032
3665.0,22.666574478149414,4.561931610107422,1321.4834597490117
3666.0,11.755949020385742,3.225614547729492,1321.7718902670022
3667.0,18.801286697387695,3.4174201488494873,1322.0679006610007
3668.0,6.92801570892334,1.655773639678955,1322.3666829580034
3669.0,40.0268669128418,7.203122138977051,1322.6795854230004
3670.0,7.533102512359619,1.943434476852417,1322.961898321999
3671.0,20.18707275390625,4.38873291015625,1323.2404238620074
3672.0,24.284252166748047,4.341961860656738,1323.5541605540056
3673.0,16.137542724609375,3.1891837120056152,1323.8548984230001
3674.0,320.4487609863281,27.964637756347656,1324.1358987109998
3675.0,33.312034606933594,5.425675868988037,1324.4107278220035
3676.0,14.649179458618164,3.398138999938965,1324.6965288010106
3677.0,28.594337463378906,5.253787994384766,1324.9858252900012
3678.0,8.554106712341309,1.9522342681884766,1325.2637672609999
3679.0,16.965015411376953,3.2507779598236084,1325.5544840040093
3680.0,13.309711456298828,3.466033935546875,1325.8565899370005
3681.0,36.259700775146484,6.143490791320801,1326.1468574370083
3682.0,6.420986652374268,1.570117473602295,1326.4245169170026
3683.0,12.622889518737793,2.2695538997650146,1326.720703944011
3684.0,18.473613739013672,3.838228464126587,1327.014398778003
3685.0,9.518877029418945,2.337245225906372,1327.3042020020075
3686.0,8.744937896728516,2.1095528602600098,1327.5857814850024
3687.0,14.304082870483398,3.2725820541381836,1327.8780762680108
3688.0,6.989431858062744,1.8976188898086548,1328.178646004002
3689.0,120.52827453613281,13.525079727172852,1328.4694475460128
3690.0,11.842700958251953,2.7613582611083984,1328.753860391007
3691.0,8.038694381713867,2.0069475173950195,1329.0386648120038
3692.0,6.678147315979004,1.9572594165802002,1329.3160642370058
3693.0,30.31201171875,4.5434770584106445,1329.589249069002
3694.0,6.6733317375183105,1.8070427179336548,1329.870196830001
3695.0,67.47172546386719,9.169129371643066,1330.1680911420117
3696.0,63.15379333496094,8.082242965698242,1330.4763506529998
3697.0,19.904170989990234,4.1248602867126465,1330.7686289480043
3698.0,102.80948638916016,11.93299388885498,1331.070083632003
3699.0,41.34605026245117,6.409670352935791,1331.3567648610042
3700.0,36.21074676513672,4.9874491691589355,1331.6352534879989
3701.0,38.88486099243164,5.807419300079346,1337.5874271700013
3702.0,42.11598205566406,6.103714942932129,1337.8830150390131
3703.0,26.142087936401367,4.291413307189941,1338.1624320850096
3704.0,17.823619842529297,3.3409197330474854,1338.4638607369998
3705.0,14.994861602783203,3.7605817317962646,1338.755536117009
3706.0,7.393270492553711,1.8706666231155396,1339.0405855990102
3707.0,7.215517044067383,1.8665586709976196,1339.3801470030012
3708.0,11.311203956604004,2.747079372406006,1339.6688024590112
3709.0,11.788999557495117,3.2199795246124268,1339.9445147850056
3710.0,90.97457885742188,15.114526748657227,1340.229618792
3711.0,27.262516021728516,5.20804500579834,1340.5204900470126
3712.0,19.15102767944336,3.7669637203216553,1340.8223766360024
3713.0,23.19527244567871,4.5199294090271,1341.1056336330075
3714.0,19.932117462158203,3.858581781387329,1341.4320210930018
3715.0,12.409910202026367,2.8016653060913086,1341.7287724500056
3716.0,10.80179214477539,2.0940744876861572,1342.0110406530002
3717.0,20.821834564208984,3.7650387287139893,1342.308579663004
3718.0,22.446060180664062,3.9811623096466064,1342.605832236004
3719.0,30.9636287689209,6.100179672241211,1342.909788022007
3720.0,30.795190811157227,5.429353713989258,1343.2132841880084
3721.0,10.173288345336914,2.036355972290039,1343.515598006008
3722.0,6.9704461097717285,1.9568257331848145,1343.798036719003
3723.0,19.793365478515625,3.841836452484131,1344.0751853500115
3724.0,10.565851211547852,2.6594743728637695,1344.3755453810008
3725.0,8.383468627929688,2.1843175888061523,1344.703467697007
3726.0,22.155738830566406,3.947341203689575,1345.0003760600084
3727.0,12.961017608642578,2.684013605117798,1345.2947678640048
3728.0,7.569208145141602,1.9739896059036255,1345.5877161120006
3729.0,14.516307830810547,3.1258456707000732,1345.8565159860009
3730.0,34.670101165771484,5.658876895904541,1346.1624356870016
3731.0,26.564414978027344,5.45790958404541,1346.4547804790054
3732.0,35.79533386230469,7.692030429840088,1346.734255140007
3733.0,35.30724334716797,6.280863285064697,1347.0228053280007
3734.0,14.545989990234375,3.348372220993042,1347.318279145009
3735.0,68.25289916992188,7.656897068023682,1347.6063337270025
3736.0,12.164138793945312,3.1853625774383545,1347.8825340420008
3737.0,15.700258255004883,3.4881277084350586,1348.1779946250026
3738.0,13.084210395812988,3.178206443786621,1348.4656332160084
3739.0,19.990081787109375,3.993375778198242,1348.745945874005
3740.0,12.144878387451172,3.0594403743743896,1349.045846552006
3741.0,18.24148178100586,3.004357099533081,1349.3335462770046
3742.0,11.375115394592285,2.660305976867676,1349.611096948007
3743.0,15.970817565917969,3.8018157482147217,1349.880722079004
3744.0,22.822072982788086,4.122557640075684,1350.1663093270035
3745.0,22.40077018737793,3.951566219329834,1350.4365478850086
3746.0,17.214351654052734,3.1620819568634033,1350.7229691079992
3747.0,30.57288932800293,5.326815605163574,1351.0135937410087
3748.0,50.81980514526367,7.465219497680664,1351.3067467090004
3749.0,32.97278594970703,6.036911487579346,1351.6045875030104
3750.0,14.195491790771484,3.615553379058838,1351.8948071220075
3751.0,22.74123191833496,3.9067325592041016,1352.1867976310023
3752.0,24.018409729003906,4.0348405838012695,1352.4616919880064
3753.0,48.60345458984375,6.818638801574707,1352.7466981580073
3754.0,10.262396812438965,2.6241865158081055,1353.0383984340006
3755.0,39.36975860595703,5.91024923324585,1353.3126161430118
3756.0,19.44670295715332,3.6219677925109863,1353.6114516130037
3757.0,92.8342514038086,15.783113479614258,1353.9090938650043
3758.0,24.143531799316406,4.988813877105713,1354.1862160500023
3759.0,6.029852390289307,1.4992116689682007,1354.4894685550098
3760.0,11.367179870605469,2.3579015731811523,1354.7772446070012
3761.0,9.537697792053223,2.5544235706329346,1355.0522237860132
3762.0,61.131385803222656,7.782032012939453,1355.32964234901
3763.0,54.866458892822266,7.829047203063965,1355.612291013007
3764.0,9.969377517700195,2.3319194316864014,1355.8888029590016
3765.0,16.094097137451172,3.2158701419830322,1356.1881595870072
3766.0,9.006961822509766,2.2160420417785645,1356.472907207004
3767.0,19.494457244873047,3.380789279937744,1356.7642904800014
3768.0,32.260860443115234,5.313401699066162,1357.0393867210078
3769.0,66.39472198486328,6.801800727844238,1357.3322140680102
3770.0,14.65013599395752,3.7049288749694824,1357.6210844720044
3771.0,6.932159423828125,1.7690073251724243,1357.9043632009998
3772.0,9.167082786560059,2.288782835006714,1358.194105446004
3773.0,9.705488204956055,2.3022940158843994,1358.4936218850053
3774.0,14.671161651611328,3.5128190517425537,1358.7856469750113
3775.0,41.60160446166992,6.313265323638916,1359.0751654769992
3776.0,15.043638229370117,3.5665833950042725,1359.3486908690102
3777.0,13.609395027160645,2.8859200477600098,1359.6350858880032
3778.0,18.32332992553711,3.202092170715332,1359.9138128370105
3779.0,5.68599796295166,1.5832204818725586,1360.2052987300121
3780.0,66.21266174316406,7.543107509613037,1360.482856942006
3781.0,6.640047550201416,1.7286702394485474,1360.7773259900132
3782.0,28.20697784423828,5.142121315002441,1361.0489541420102
3783.0,71.30148315429688,8.15966796875,1361.3312053880072
3784.0,66.43944549560547,8.958197593688965,1361.6213911000086
3785.0,23.630373001098633,4.418200492858887,1361.9096959520102
3786.0,31.161338806152344,4.648818492889404,1362.1836802120088
3787.0,12.637460708618164,3.0447261333465576,1362.4749052370025
3788.0,12.725722312927246,2.7797839641571045,1362.7689547620103
3789.0,24.056217193603516,5.533708572387695,1363.0581789630087
3790.0,13.491198539733887,2.622731924057007,1363.3475809790107
3791.0,34.36128234863281,7.330246925354004,1363.6312581210077
3792.0,12.334918975830078,3.421029567718506,1363.9075237420038
3793.0,18.899669647216797,4.002974510192871,1364.1841178760078
3794.0,72.01277160644531,7.761078834533691,1364.474208892003
3795.0,11.795982360839844,3.048673152923584,1364.7525028460077
3796.0,21.228219985961914,4.798826217651367,1365.026372132008
3797.0,17.606182098388672,4.6298723220825195,1365.3354038020043
3798.0,21.759740829467773,4.067419528961182,1365.624606325
3799.0,48.10900115966797,8.188624382019043,1365.9092046690057
3800.0,20.96097183227539,4.25496768951416,1366.2329360990116
3801.0,24.126049041748047,4.71117639541626,1372.2024309740082
3802.0,9.449739456176758,2.242067575454712,1372.4916487690061
3803.0,25.629901885986328,4.8800225257873535,1372.7778416010115
3804.0,19.383251190185547,3.6875627040863037,1373.061051473007
3805.0,34.563514709472656,5.7104573249816895,1373.356654415009
3806.0,11.22700309753418,2.652390956878662,1373.6345336470113
3807.0,12.889659881591797,2.944882869720459,1373.9262895249994
3808.0,15.357980728149414,3.0827040672302246,1374.1978858200018
3809.0,10.247725486755371,2.4726669788360596,1374.4808507400012
3810.0,5.50627326965332,1.3974499702453613,1374.7631915439997
3811.0,14.070870399475098,3.0408668518066406,1375.0601486119995
3812.0,8.392769813537598,1.8425183296203613,1375.3391962130117
3813.0,35.705299377441406,5.197676658630371,1375.636945877006
3814.0,23.996997833251953,4.161917686462402,1375.9331325090025
3815.0,94.458251953125,11.351147651672363,1376.216286490002
3816.0,30.846031188964844,6.351489543914795,1376.5106676880096
3817.0,9.584915161132812,2.5790154933929443,1376.7956067060004
3818.0,14.228572845458984,2.8594696521759033,1377.0781279530056
3819.0,28.154664993286133,4.332888126373291,1377.3523609469994
3820.0,23.972393035888672,4.701564311981201,1377.638630803005
3821.0,14.694742202758789,3.1162638664245605,1377.9268228770088
3822.0,8.407081604003906,2.2799997329711914,1378.1996429830033
3823.0,45.4879150390625,6.630931854248047,1378.4906575030036
3824.0,10.509101867675781,2.8276865482330322,1378.777064703012
3825.0,7.760679244995117,2.0548205375671387,1379.0704615110008
3826.0,10.881322860717773,2.3947954177856445,1379.3561299540015
3827.0,9.274372100830078,2.6557774543762207,1379.6305288080039
3828.0,21.964452743530273,3.987169027328491,1379.90230990501
3829.0,22.972705841064453,4.36579704284668,1380.1787803160114
3830.0,43.82135772705078,6.010247707366943,1380.4477569050068
3831.0,37.03194808959961,5.631657123565674,1380.7560061490076
3832.0,21.86716079711914,4.262982368469238,1381.0300154730066
3833.0,20.19094467163086,3.1347169876098633,1381.3039401600108
3834.0,11.415681838989258,2.755279779434204,1381.59155869401
3835.0,16.11577606201172,3.391528606414795,1381.8917106139997
3836.0,8.869428634643555,2.5271196365356445,1382.1695597330108
3837.0,42.843505859375,6.667539119720459,1382.4546676620084
3838.0,16.22064971923828,3.302622079849243,1382.7594010620087
3839.0,57.87507247924805,6.036319732666016,1383.0455546900048
3840.0,6.7431721687316895,1.7495776414871216,1383.32058539
3841.0,30.280906677246094,4.500848293304443,1383.6225363109988
3842.0,8.131247520446777,1.896035075187683,1383.9095172640082
3843.0,53.41659927368164,6.282341003417969,1384.1970529890095
3844.0,33.27573776245117,5.121335506439209,1384.5030375760107
3845.0,19.966449737548828,3.6401259899139404,1384.7943037370133
3846.0,7.369802951812744,1.989517092704773,1385.1010922100104
3847.0,24.761581420898438,4.382824897766113,1385.3942255240108
3848.0,18.54035186767578,3.317378520965576,1385.6607045030105
3849.0,12.848397254943848,2.453911066055298,1385.9487108090107
3850.0,37.08846664428711,6.849407196044922,1386.2181717950007
3851.0,10.28329849243164,2.673693895339966,1386.5134959340066
3852.0,12.304231643676758,3.0466392040252686,1386.7890356900025
3853.0,5.211594104766846,1.5589613914489746,1387.0601056270098
3854.0,9.972128868103027,2.52201771736145,1387.3398477320006
3855.0,16.51078224182129,3.535250425338745,1387.6239407800022
3856.0,27.795082092285156,5.408977508544922,1387.9086487120076
3857.0,34.90961837768555,5.431212425231934,1388.195319920007
3858.0,11.462641716003418,2.966996431350708,1388.4842950480088
3859.0,32.42780303955078,5.788361072540283,1388.7707728180103
3860.0,72.34915161132812,7.633828639984131,1389.055880920001
3861.0,41.76966094970703,6.461331367492676,1389.3358988570108
3862.0,14.257896423339844,3.224613666534424,1389.6217409600067
3863.0,28.1442928314209,5.263247489929199,1389.8965389290097
3864.0,18.554973602294922,4.172790050506592,1390.1813681970089
3865.0,12.910993576049805,3.1462454795837402,1390.4640399990021
3866.0,27.696094512939453,4.413972854614258,1390.7518173350109
3867.0,6.531936168670654,1.6441506147384644,1391.0249635370128
3868.0,22.487640380859375,3.8238420486450195,1391.301033271011
3869.0,60.69801330566406,7.706280708312988,1391.5903114350076
3870.0,54.13426208496094,6.656387805938721,1391.8623213329993
3871.0,6.088467597961426,1.7441128492355347,1392.1460466030112
3872.0,11.223400115966797,2.4337544441223145,1392.4400192250032
3873.0,13.922182083129883,3.100945234298706,1392.721690824008
3874.0,29.89574432373047,5.455766677856445,1393.0003255449992
3875.0,27.86354637145996,5.577622890472412,1393.2785507640074
3876.0,33.94768524169922,4.436268329620361,1393.5672422230127
3877.0,46.76020812988281,6.037587642669678,1393.8544461550046
3878.0,7.441596031188965,1.8624500036239624,1394.1491679419996
3879.0,85.02513885498047,13.654642105102539,1394.4609322890028
3880.0,95.00992584228516,11.1943998336792,1394.7749568190047
3881.0,8.191984176635742,2.4458069801330566,1395.0873817610118
3882.0,42.72855758666992,6.455422878265381,1395.36994666401
3883.0,21.47866439819336,4.253359794616699,1395.6612323270092
3884.0,9.616938591003418,2.1832025051116943,1395.9325019160024
3885.0,88.10118103027344,9.214435577392578,1396.2275751920097
3886.0,53.89122009277344,8.319622039794922,1396.4978248260013
3887.0,16.613929748535156,3.423380136489868,1396.7923468360095
3888.0,9.54397964477539,2.0538296699523926,1397.0720082340122
3889.0,16.4959716796875,3.757500410079956,1397.3746931060014
3890.0,13.748048782348633,2.673124313354492,1397.6670161990041
3891.0,60.465293884277344,7.341336727142334,1397.9463156700076
3892.0,13.85504150390625,3.167212724685669,1398.2453666960064
3893.0,50.70466613769531,5.95970344543457,1398.5449766780075
3894.0,35.07064437866211,6.8944196701049805,1398.8259329590073
3895.0,21.847362518310547,4.381961345672607,1399.1147866890096
3896.0,34.73918151855469,5.590157508850098,1399.39595065701
3897.0,9.647238731384277,2.2925217151641846,1399.714856237013
3898.0,41.934967041015625,5.808794021606445,1400.008777250012
3899.0,26.434452056884766,4.747859001159668,1400.3093745410006
3900.0,40.26224899291992,5.123581409454346,1400.6142458899994
3901.0,9.02738094329834,2.406921863555908,1406.3230417840095
3902.0,16.89630699157715,3.4728353023529053,1406.6229617720091
3903.0,60.43280029296875,6.819402694702148,1406.9119315499993
3904.0,24.205097198486328,5.893818378448486,1407.2012527309998
3905.0,28.010059356689453,5.312671661376953,1407.486559328012
3906.0,16.664113998413086,3.551609992980957,1407.7790721580095
3907.0,30.192506790161133,5.084285736083984,1408.0680186930113
3908.0,37.65199279785156,6.275991916656494,1408.3438066330127
3909.0,8.071012496948242,2.098783016204834,1408.6279232980014
3910.0,8.578661918640137,2.1451163291931152,1408.8994444440032
3911.0,14.54434585571289,3.6440346240997314,1409.1745702190092
3912.0,46.98316192626953,6.1288604736328125,1409.4645462940098
3913.0,20.013565063476562,3.6101651191711426,1409.7435456500098
3914.0,8.496827125549316,2.042445659637451,1410.039097079003
3915.0,33.069923400878906,5.195639133453369,1410.3196772720112
3916.0,13.069913864135742,2.9716885089874268,1410.5982553210051
3917.0,11.109586715698242,2.9416093826293945,1410.8686485250073
3918.0,8.340660095214844,2.4800143241882324,1411.148100549006
3919.0,11.287312507629395,2.7608797550201416,1411.4312401150091
3920.0,13.770942687988281,3.472402572631836,1411.7273185180093
3921.0,17.934268951416016,3.9734437465667725,1412.0079781550012
3922.0,7.715806484222412,2.1188457012176514,1412.3022632810025
3923.0,14.257137298583984,2.99410343170166,1412.5869761870126
3924.0,10.363418579101562,2.3455944061279297,1412.8655248740106
3925.0,9.500921249389648,2.379394769668579,1413.1694794220093
3926.0,9.60120677947998,2.640688180923462,1413.4677469840099
3927.0,11.9700345993042,2.8497371673583984,1413.752363698004
3928.0,20.500398635864258,3.0916051864624023,1414.0472924710048
3929.0,38.92791748046875,6.595788478851318,1414.3345344990084
3930.0,9.255099296569824,2.490461587905884,1414.6243129710056
3931.0,15.580883026123047,3.8797569274902344,1414.9069875810092
3932.0,41.39644241333008,8.329923629760742,1415.2035702840076
3933.0,17.48000144958496,4.1070556640625,1415.4770141470071
3934.0,14.623405456542969,3.1672072410583496,1415.7578990559996
3935.0,32.0914192199707,4.821927070617676,1416.0353946060059
3936.0,11.532788276672363,2.4627482891082764,1416.3301807640091
3937.0,16.157732009887695,3.6718223094940186,1416.6036599549989
3938.0,27.361034393310547,4.256175994873047,1416.8895035970054
3939.0,36.90151596069336,5.235978603363037,1417.1669346180133
3940.0,14.564053535461426,3.4616541862487793,1417.4502487900027
3941.0,13.869696617126465,2.8053390979766846,1417.7474017880013
3942.0,16.896751403808594,3.1454224586486816,1418.0382244700013
3943.0,194.36001586914062,24.08909797668457,1418.321746653004
3944.0,11.766343116760254,2.897449016571045,1418.6018291430082
3945.0,32.70277786254883,5.838124752044678,1418.8998190780112
3946.0,13.875090599060059,2.681511163711548,1419.1900834620028
3947.0,32.06806945800781,5.81477689743042,1419.4742623220081
3948.0,3.8776731491088867,1.107262134552002,1419.7594158600114
3949.0,6.779905319213867,1.6713255643844604,1420.0345838540088
3950.0,5.670331954956055,1.5478261709213257,1420.3142661170132
3951.0,61.00640869140625,6.024158954620361,1420.5976850870065
3952.0,35.086360931396484,5.428499698638916,1420.8771422850114
3953.0,32.911922454833984,5.925792217254639,1421.1507981880131
3954.0,55.634437561035156,7.60145902633667,1421.4201671460032
3955.0,7.463110446929932,1.822292447090149,1421.7060720360023
3956.0,11.537210464477539,2.953057050704956,1421.9908019240102
3957.0,8.234395980834961,1.924851894378662,1422.263764304007
3958.0,26.249114990234375,4.243424892425537,1422.55728773
3959.0,61.376861572265625,7.497114658355713,1422.8412524420128
3960.0,6.744359970092773,1.6727076768875122,1423.113356397007
3961.0,13.119333267211914,3.011200189590454,1423.4191407120088
3962.0,16.173316955566406,3.3189024925231934,1423.7359902110038
3963.0,23.79630470275879,5.542964935302734,1424.024238255006
3964.0,48.1661376953125,7.027248382568359,1424.3123879840132
3965.0,27.370384216308594,4.764623641967773,1424.596512329008
3966.0,117.5000228881836,13.843610763549805,1424.8808149090037
3967.0,15.466991424560547,3.2583680152893066,1425.1685329280008
3968.0,17.589717864990234,3.300124406814575,1425.4729681780009
3969.0,11.594157218933105,2.5375912189483643,1425.7802251300018
3970.0,19.313995361328125,4.185234069824219,1426.075301003002
3971.0,35.23102569580078,5.488552570343018,1426.3623827500123
3972.0,75.37042236328125,8.261054992675781,1426.665109810012
3973.0,9.698195457458496,2.4335110187530518,1426.9423435430072
3974.0,11.851507186889648,3.0071523189544678,1427.2251257850003
3975.0,39.98577880859375,4.98108434677124,1427.527088368006
3976.0,14.67723274230957,3.1938414573669434,1427.8234963600116
3977.0,16.5439453125,3.404416084289551,1428.1093337130005
3978.0,19.850215911865234,3.706719398498535,1428.3918835960067
3979.0,17.36670684814453,3.438967227935791,1428.7770808790083
3980.0,23.19824981689453,4.566786289215088,1429.0972228760074
3981.0,11.324846267700195,2.7183871269226074,1429.4146818360023
3982.0,7.386172771453857,1.9217782020568848,1429.715213743999
3983.0,8.859246253967285,2.65761399269104,1429.9973595920019
3984.0,37.9030876159668,5.984896183013916,1430.2739845830074
3985.0,4.150831699371338,1.188477873802185,1430.5457643539994
3986.0,9.53299617767334,2.3617167472839355,1430.8185574310046
3987.0,7.480546474456787,1.9014209508895874,1431.0985942830011
3988.0,14.72571086883545,3.2222931385040283,1431.364026316005
3989.0,20.206233978271484,4.072890281677246,1431.6602488610079
3990.0,14.443674087524414,3.004154920578003,1431.95164049101
3991.0,8.697799682617188,2.244450330734253,1432.2407992160006
3992.0,13.988045692443848,3.62144136428833,1432.536891160009
3993.0,21.9678955078125,3.951580762863159,1432.8218482950033
3994.0,45.10190200805664,6.34920072555542,1433.092583354999
3995.0,8.161188125610352,2.3023080825805664,1433.3655643200036
3996.0,47.505821228027344,6.815279483795166,1433.669954091005
3997.0,40.28981018066406,5.904012203216553,1433.9483009430114
3998.0,7.247107982635498,2.0179929733276367,1434.2305089889996
3999.0,144.62159729003906,14.54437255859375,1434.5151691620122
4000.0,125.52821350097656,13.902969360351562,1434.808450416007
4001.0,15.084038734436035,2.7595057487487793,1441.0483347240079
4002.0,15.585447311401367,2.8695716857910156,1441.3349983880034
4003.0,6.625858783721924,1.7599910497665405,1441.6017766959994
4004.0,7.90238618850708,2.0025081634521484,1441.8828021310037
4005.0,10.41722297668457,2.4811885356903076,1442.1576729410008
4006.0,11.879859924316406,2.5186734199523926,1442.434814401
4007.0,107.27224731445312,15.767105102539062,1442.7339600960113
4008.0,19.502201080322266,5.023614406585693,1443.0200730200013
4009.0,44.281673431396484,5.365112781524658,1443.3016479620128
4010.0,6.154260635375977,1.6991065740585327,1443.5807251940132
4011.0,51.631805419921875,6.835443496704102,1443.869953736008
4012.0,16.57921028137207,3.8062899112701416,1444.141759651
4013.0,51.42672348022461,7.790116310119629,1444.4183786670037
4014.0,29.826725006103516,6.084562301635742,1444.6924518440064
4015.0,19.382652282714844,3.6213533878326416,1444.981856148006
4016.0,10.070446014404297,2.4559013843536377,1445.2653343270067
4017.0,70.45887756347656,8.770559310913086,1445.5706104850105
4018.0,10.862244606018066,2.5549263954162598,1445.8796330920013
4019.0,36.63036346435547,5.721423149108887,1446.1602806130104
4020.0,7.86612606048584,2.17508864402771,1446.461688869007
4021.0,7.084698677062988,1.8971710205078125,1446.7471953790082
4022.0,8.0828218460083,1.913926601409912,1447.0347010620026
4023.0,14.288125991821289,3.0986099243164062,1447.307370628012
4024.0,29.693592071533203,4.819438934326172,1447.5973482270056
4025.0,25.555580139160156,4.446999549865723,1447.874200218008
4026.0,100.28617858886719,11.4231538772583,1448.154318786008
4027.0,22.606931686401367,4.523993968963623,1448.4718373640062
4028.0,23.90941619873047,4.276032447814941,1448.763426361009
4029.0,17.20110321044922,3.0775952339172363,1449.0437036830117
4030.0,67.74910736083984,7.055708885192871,1449.3295549760078
4031.0,13.756446838378906,2.594487190246582,1449.6186531700077
4032.0,7.7368388175964355,2.0776805877685547,1449.8994585220062
4033.0,19.559688568115234,3.7044012546539307,1450.1814333330112
4034.0,22.086532592773438,3.8887603282928467,1450.4690500780125
4035.0,16.37042236328125,3.0039749145507812,1450.7471470520104
4036.0,34.59088897705078,6.279545307159424,1451.0311927030125
4037.0,26.824371337890625,4.274130821228027,1451.3075021469995
4038.0,14.834840774536133,3.60260272026062,1451.5850264370092
4039.0,13.870847702026367,3.6094810962677,1451.8714035470039
4040.0,18.095901489257812,3.5246827602386475,1452.1526401850133
4041.0,6.897368431091309,1.8699973821640015,1452.4410346880031
4042.0,9.135747909545898,2.2020697593688965,1452.7326483159995
4043.0,64.75222778320312,9.217732429504395,1453.0107098440058
4044.0,9.436781883239746,2.6068217754364014,1453.2874383050075
4045.0,28.75798225402832,4.8675217628479,1453.5804450490105
4046.0,9.251418113708496,2.473066568374634,1453.868491125002
4047.0,11.544852256774902,3.2882635593414307,1454.163384806001
4048.0,7.645654678344727,2.03314471244812,1454.4483412020054
4049.0,11.113983154296875,2.812647819519043,1454.7450120270078
4050.0,17.598834991455078,3.63150954246521,1455.01981119001
4051.0,32.3372802734375,4.826681613922119,1455.2985775180132
4052.0,13.411938667297363,3.0169365406036377,1455.5773310290097
4053.0,29.591861724853516,5.021249771118164,1455.8714771390078
4054.0,39.85773849487305,6.20422887802124,1456.151355991009
4055.0,87.7295913696289,11.652802467346191,1456.435750086006
4056.0,33.330482482910156,4.923115253448486,1456.7272011390014
4057.0,9.27192211151123,2.4505763053894043,1457.0133180270059
4058.0,7.998290538787842,1.9088051319122314,1457.2929195950128
4059.0,14.006927490234375,3.240286111831665,1457.565249479012
4060.0,21.069473266601562,3.7524609565734863,1457.8395438660082
4061.0,28.614912033081055,4.547189712524414,1458.1285878830095
4062.0,18.479957580566406,3.508629322052002,1458.3992902770115
4063.0,12.894983291625977,2.9159369468688965,1458.6881733990012
4064.0,12.41412353515625,2.5056886672973633,1458.9844481190084
4065.0,10.46165943145752,2.6609091758728027,1459.2745983870118
4066.0,17.567026138305664,4.036132335662842,1459.5615224990033
4067.0,12.447447776794434,2.6782095432281494,1459.8484110910067
4068.0,7.412672996520996,1.835024118423462,1460.1339875670092
4069.0,67.33367156982422,7.7173261642456055,1460.4103834780108
4070.0,84.38703918457031,8.3218355178833,1460.7103112379991
4071.0,21.165651321411133,3.9101336002349854,1460.9852049710025
4072.0,15.572632789611816,3.3867061138153076,1461.2656176440069
4073.0,22.490154266357422,4.750918388366699,1461.5485164050042
4074.0,11.546443939208984,2.975048065185547,1461.8325733750098
4075.0,12.193089485168457,2.472606897354126,1462.114093370008
4076.0,8.503986358642578,2.399437427520752,1462.4131238830014
4077.0,23.199676513671875,4.090471267700195,1462.7031177300087
4078.0,7.376150131225586,1.9227218627929688,1462.9935371910105
4079.0,19.856975555419922,3.5059664249420166,1463.2657671839988
4080.0,17.30772590637207,3.252800464630127,1463.5498608240014
4081.0,30.77569007873535,5.174433708190918,1463.830434694013
4082.0,51.764556884765625,7.123942852020264,1464.1346891940047
4083.0,12.483909606933594,3.137002468109131,1464.423494639006
4084.0,5.824253082275391,1.7567142248153687,1464.7034790820035
4085.0,11.28659439086914,3.2078604698181152,1464.9929473000084
4086.0,10.912742614746094,2.8185904026031494,1465.2756471330067
4087.0,47.04397201538086,5.868026256561279,1465.5480922999996
4088.0,8.50491714477539,2.000577211380005,1465.8403473900107
4089.0,6.103013038635254,1.7179862260818481,1466.1316121220007
4090.0,35.98565673828125,5.580090045928955,1466.4113066670106
4091.0,20.04940414428711,3.2382912635803223,1466.6890975310089
4092.0,25.799236297607422,3.7824056148529053,1466.976643714006
4093.0,72.9292221069336,9.513978958129883,1467.2687758000102
4094.0,11.702293395996094,3.029853582382202,1467.5976403720124
4095.0,7.5093913078308105,1.853589415550232,1467.9485268170101
4096.0,20.237552642822266,3.995487689971924,1468.2972586649994
4097.0,77.1982650756836,10.035897254943848,1468.6203187339997
4098.0,6.6782546043396,1.7814210653305054,1468.9255955960107
4099.0,20.047256469726562,3.4786455631256104,1469.2230316580099
4100.0,16.237407684326172,3.69823956489563,1469.5275095170073
4101.0,26.779701232910156,4.9523115158081055,1475.8711703920126
4102.0,39.40925979614258,8.485806465148926,1476.1457498550008
4103.0,10.409921646118164,2.4011542797088623,1476.4608920880128
4104.0,14.946894645690918,3.0520193576812744,1476.7409293210076
4105.0,9.68756103515625,2.3766167163848877,1477.0263950880035
4106.0,8.833498001098633,2.194003105163574,1477.3235566540097
4107.0,10.22186279296875,2.4017333984375,1477.612127548011
4108.0,100.88607788085938,6.706297397613525,1477.8972334220016
4109.0,20.831531524658203,3.7210845947265625,1478.1873944820109
4110.0,19.068016052246094,3.767462968826294,1478.4646873029997
4111.0,29.051054000854492,4.63792085647583,1478.7464124800026
4112.0,37.43717956542969,5.92855167388916,1479.0263454740052
4113.0,11.686707496643066,2.9570698738098145,1479.3031160910032
4114.0,66.22734832763672,11.866911888122559,1479.594618040006
4115.0,64.55684661865234,11.464532852172852,1479.9014145200053
4116.0,36.066097259521484,5.361187934875488,1480.1804205420049
4117.0,46.13702392578125,7.386372089385986,1480.4859681660018
4118.0,33.11758804321289,5.6323652267456055,1480.7667219020077
4119.0,16.69122886657715,3.6517419815063477,1481.04965769501
4120.0,61.102787017822266,6.95744514465332,1481.341202021009
4121.0,16.171297073364258,3.6726319789886475,1481.645219449012
4122.0,34.27772521972656,5.15419864654541,1481.9511293370015
4123.0,9.695182800292969,2.382178544998169,1482.2439239960077
4124.0,21.91970443725586,3.8310546875,1482.5255949679995
4125.0,15.735109329223633,3.6481611728668213,1482.8336991930119
4126.0,13.453887939453125,2.769629716873169,1483.121621475002
4127.0,14.544170379638672,3.010282516479492,1483.4203528370126
4128.0,15.506452560424805,4.118859767913818,1483.7134600490099
4129.0,28.592988967895508,4.9092020988464355,1483.9893281530094
4130.0,6.387306213378906,1.6341774463653564,1484.3233172030014
4131.0,36.7601432800293,5.821919918060303,1484.6422648510052
4132.0,15.809926986694336,3.531439781188965,1484.930489618011
4133.0,8.336808204650879,1.9788150787353516,1485.2128395600012
4134.0,11.896427154541016,2.882230758666992,1485.522239901009
4135.0,27.15437889099121,4.358798503875732,1485.8017696989991
4136.0,15.364788055419922,3.5540120601654053,1486.089654180003
4137.0,18.78441619873047,4.1135687828063965,1486.376463255001
4138.0,18.189014434814453,4.366398334503174,1486.6633550630067
4139.0,29.852890014648438,4.646454334259033,1486.9476706370042
4140.0,5.165226936340332,1.3274956941604614,1487.241808014005
4141.0,305.63665771484375,25.531435012817383,1487.5218540980131
4142.0,13.660066604614258,2.760120391845703,1487.8146338720107
4143.0,35.16558074951172,5.457756996154785,1488.099295668013
4144.0,28.281475067138672,4.802398204803467,1488.3895979560039
4145.0,6.7166748046875,1.6708906888961792,1488.6761026520107
4146.0,18.85430908203125,4.677955150604248,1488.9603351090045
4147.0,88.76240539550781,10.926063537597656,1489.25635496201
4148.0,24.63801383972168,4.11482048034668,1489.552083431001
4149.0,39.369049072265625,6.3607354164123535,1489.8389084520022
4150.0,10.089090347290039,2.3970820903778076,1490.143243123006
4151.0,24.270299911499023,4.29392671585083,1490.4348379000003
4152.0,12.966257095336914,2.8914482593536377,1490.7083934230031
4153.0,12.653928756713867,3.4876835346221924,1491.0071522170037
4154.0,11.893037796020508,3.2511770725250244,1491.293837810008
4155.0,20.696821212768555,3.3023581504821777,1491.5783409490105
4156.0,10.18537712097168,2.218076229095459,1491.8641692740057
4157.0,16.825626373291016,3.3086702823638916,1492.1500820560032
4158.0,20.7034912109375,4.062732696533203,1492.4248985520098
4159.0,9.405313491821289,2.68216609954834,1492.7031191820133
4160.0,5.788575172424316,1.5160601139068604,1492.98360048201
4161.0,20.851381301879883,4.015652179718018,1493.2635286100121
4162.0,7.642096519470215,1.88668692111969,1493.5608367770037
4163.0,42.98640060424805,6.116952896118164,1493.849326800002
4164.0,5.13841438293457,1.4677581787109375,1494.1170888290071
4165.0,39.48405075073242,5.750190734863281,1494.399729266006
4166.0,176.9510040283203,17.437374114990234,1494.7043741200032
4167.0,16.735797882080078,3.972776174545288,1495.0336516590032
4168.0,25.472225189208984,4.13267183303833,1495.317026454999
4169.0,6.930365562438965,1.7767784595489502,1495.594838295001
4170.0,8.819414138793945,2.5171797275543213,1495.8856660210004
4171.0,42.37972640991211,5.606617450714111,1496.1730839680095
4172.0,8.215177536010742,2.341914415359497,1496.4603660840075
4173.0,16.525068283081055,3.6005542278289795,1496.731080935002
4174.0,88.90534210205078,9.027079582214355,1497.0043892480026
4175.0,17.15542984008789,3.3964600563049316,1497.287018801013
4176.0,84.78460693359375,8.498350143432617,1497.569616667999
4177.0,13.01308822631836,2.8296048641204834,1497.8469066600082
4178.0,26.777084350585938,5.00995397567749,1498.1354567450035
4179.0,16.711517333984375,3.088926315307617,1498.4068638830067
4180.0,16.996864318847656,4.513181209564209,1498.7083287999994
4181.0,8.602202415466309,2.27181077003479,1498.9836523400008
4182.0,10.074845314025879,2.9327569007873535,1499.275017508
4183.0,14.89993667602539,3.262984037399292,1499.5729743580014
4184.0,50.881103515625,7.953514099121094,1499.8681329840038
4185.0,34.867645263671875,4.797616004943848,1500.1572423830075
4186.0,96.91889953613281,15.429125785827637,1500.441079798009
4187.0,17.190454483032227,3.0764572620391846,1500.7509639330092
4188.0,69.73981475830078,11.96242904663086,1501.0248459540016
4189.0,19.774694442749023,3.911296844482422,1501.3011814600031
4190.0,15.38605785369873,3.513944149017334,1501.5919013370003
4191.0,12.863537788391113,2.9409778118133545,1501.8871677760035
4192.0,25.738967895507812,6.190846920013428,1502.1857756770041
4193.0,75.78733825683594,10.090882301330566,1502.4668562709994
4194.0,56.280548095703125,6.669671535491943,1502.767996762006
4195.0,20.712303161621094,4.345418453216553,1503.0632495460013
4196.0,25.13841438293457,4.266969680786133,1503.3494904270046
4197.0,40.364891052246094,5.8130598068237305,1503.6420387680118
4198.0,19.927370071411133,3.9496192932128906,1503.927404836999
4199.0,20.595855712890625,3.849093437194824,1504.2207557350048
4200.0,14.677360534667969,3.0753209590911865,1504.5100167300116
4201.0,7.6935224533081055,2.0812745094299316,1510.3425537600124
4202.0,6.462178707122803,1.57066810131073,1510.6288920500083
4203.0,12.691036224365234,2.947396755218506,1510.9155631320027
4204.0,28.557693481445312,4.401458263397217,1511.2027519900003
4205.0,48.49079895019531,7.481540679931641,1511.4802410630073
4206.0,5.458850860595703,1.4449701309204102,1511.755633904002
4207.0,14.663557052612305,2.858664035797119,1512.0243011740095
4208.0,8.18824577331543,2.09407901763916,1512.298636313004
4209.0,9.716845512390137,2.3255198001861572,1512.5934717380005
4210.0,33.05348205566406,5.709224700927734,1512.886634161012
4211.0,49.18144226074219,7.438632488250732,1513.1757240040024
4212.0,21.86697006225586,3.8125391006469727,1513.463884732002
4213.0,45.325008392333984,5.46577787399292,1513.7546225000115
4214.0,11.605278015136719,3.0876448154449463,1514.0566787920106
4215.0,16.88146209716797,3.839623212814331,1514.342606907012
4216.0,58.46833801269531,6.7315850257873535,1514.6314554000128
4217.0,16.751155853271484,3.270845890045166,1514.9113325830112
4218.0,30.728897094726562,5.035427570343018,1515.2109087270073
4219.0,23.264223098754883,4.392010688781738,1515.510665697002
4220.0,26.70107078552246,4.656601428985596,1515.798363793001
4221.0,18.950870513916016,3.8554441928863525,1516.0896144440048
4222.0,9.71405029296875,2.488950490951538,1516.3687686440098
4223.0,24.327831268310547,4.357892036437988,1516.6553803380084
4224.0,16.190372467041016,3.9943602085113525,1516.9356964690087
4225.0,11.502594947814941,2.688337802886963,1517.2502875290083
4226.0,15.01205825805664,2.9375641345977783,1517.5697629200004
4227.0,31.030834197998047,5.004861354827881,1517.8902615080005
4228.0,7.346223831176758,1.9122533798217773,1518.1894117760094
4229.0,11.529111862182617,2.9628028869628906,1518.4760093510122
4230.0,46.63835144042969,6.6470723152160645,1518.789441506
4231.0,5.020269870758057,1.3704034090042114,1519.1247973280115
4232.0,6.638797283172607,1.8851088285446167,1519.426479947011
4233.0,15.395631790161133,3.587137460708618,1519.737351283009
4234.0,15.409523010253906,3.1829283237457275,1520.0237544320116
4235.0,16.094078063964844,3.5897271633148193,1520.315509663007
4236.0,18.907886505126953,3.686204195022583,1520.5910244510014
4237.0,28.793004989624023,4.1037421226501465,1520.8932604750007
4238.0,9.979666709899902,2.5918941497802734,1521.1928402370104
4239.0,17.854656219482422,3.6445517539978027,1521.5019419710006
4240.0,30.08332061767578,4.7108049392700195,1521.8131682509993
4241.0,38.00780487060547,6.669778823852539,1522.1070788479992
4242.0,9.421514511108398,2.608088254928589,1522.396402538012
4243.0,17.136882781982422,3.536522150039673,1522.677752937001
4244.0,31.66897964477539,6.520441055297852,1522.9650278050103
4245.0,12.338886260986328,2.5834908485412598,1523.2742914050032
4246.0,3.249838352203369,0.9210289716720581,1523.8771809980099
4247.0,30.00153350830078,5.775222301483154,1524.240577441
4248.0,36.962223052978516,5.20971155166626,1524.5543081659998
4249.0,44.96105194091797,6.2391037940979,1524.8715162180015
4250.0,21.9493408203125,3.6991169452667236,1525.165107650013
4251.0,17.061214447021484,3.5762174129486084,1525.5102456950117
4252.0,50.131080627441406,6.902986526489258,1525.8221261710132
4253.0,26.599227905273438,5.471438884735107,1526.122376667001
4254.0,121.04776000976562,11.388760566711426,1526.4320558309992
4255.0,34.91448211669922,6.093565464019775,1526.7728280380106
4256.0,37.2432746887207,5.479417324066162,1527.1170978940063
4257.0,7.938632965087891,1.973257064819336,1527.4606421070057
4258.0,11.75762939453125,2.1992945671081543,1527.8284398800024
4259.0,16.510433197021484,2.7247676849365234,1528.1408287140075
4260.0,8.830634117126465,2.156310796737671,1528.4547736090026
4261.0,8.497652053833008,2.136909246444702,1528.7749836850126
4262.0,24.693344116210938,4.268007755279541,1529.0751510440023
4263.0,6.832354545593262,1.7078949213027954,1529.4302913460124
4264.0,7.68702507019043,1.9212573766708374,1529.7645972810133
4265.0,5.497701644897461,1.615275263786316,1530.1242845850065
4266.0,26.111289978027344,4.43396520614624,1530.5927792150032
4267.0,13.996641159057617,3.294677495956421,1530.9261360160017
4268.0,24.514389038085938,4.043271064758301,1531.3235493500106
4269.0,71.4923324584961,9.40200424194336,1531.6859060420102
4270.0,21.502544403076172,4.353116989135742,1531.996223418013
4271.0,9.28031063079834,2.3578083515167236,1532.3638934110058
4272.0,13.510984420776367,2.8090920448303223,1532.8996468580008
4273.0,42.49364471435547,4.891219139099121,1533.271762910008
4274.0,9.215158462524414,2.008319616317749,1533.7105309670005
4275.0,98.69890594482422,11.478516578674316,1534.143703578011
4276.0,9.602997779846191,2.6884076595306396,1534.5070728230057
4277.0,74.886962890625,9.585816383361816,1534.8212588210008
4278.0,23.80069351196289,4.2919745445251465,1535.198447326009
4279.0,10.65716552734375,2.353715181350708,1535.6395319870062
4280.0,21.66881561279297,4.215373992919922,1536.042079331004
4281.0,18.379894256591797,3.4266517162323,1536.5070221930073
4282.0,9.697898864746094,2.6349079608917236,1536.8107213180047
4283.0,8.149209022521973,1.992170810699463,1537.110567280004
4284.0,9.099964141845703,2.2296228408813477,1537.4388484350056
4285.0,6.4408440589904785,1.6012992858886719,1537.767339833008
4286.0,20.928417205810547,3.6940157413482666,1538.1098392620042
4287.0,6.7976298332214355,1.7668709754943848,1538.4507113020081
4288.0,12.730381965637207,3.13097882270813,1538.7653516030114
4289.0,79.66275024414062,13.671900749206543,1539.112311185003
4290.0,8.599575996398926,1.989524245262146,1539.454533221011
4291.0,12.095376968383789,3.0342540740966797,1539.836459105005
4292.0,16.293277740478516,3.1248817443847656,1540.1724912520003
4293.0,20.7937068939209,5.118953704833984,1540.5725432820036
4294.0,20.393436431884766,4.23664665222168,1540.8552130050084
4295.0,5.612025260925293,1.6403634548187256,1541.1782162200107
4296.0,56.76598358154297,6.86355447769165,1541.4721669610008
4297.0,11.466415405273438,2.6173973083496094,1541.8182973229996
4298.0,53.054466247558594,8.090298652648926,1542.1757079730014
4299.0,18.76270866394043,2.7635574340820312,1542.4780895560107
4300.0,13.27434253692627,2.772325038909912,1542.777889871999
4301.0,9.835237503051758,2.4467315673828125,1551.0624463160057
4302.0,12.067688941955566,2.666818857192993,1551.381209432002
4303.0,114.43608093261719,12.182625770568848,1551.6986442449997
4304.0,11.846345901489258,2.845768451690674,1552.0435214050085
4305.0,5.780980110168457,1.5123302936553955,1552.3575645680103
4306.0,15.287507057189941,3.518312692642212,1552.6803991910128
4307.0,80.89165496826172,9.80794620513916,1553.0202208200062
4308.0,26.11632537841797,5.250673770904541,1553.3528156970133
4309.0,6.426644802093506,1.590348720550537,1553.6942434880038
4310.0,9.13611125946045,2.104306697845459,1554.0260111080133
4311.0,10.352493286132812,2.6223011016845703,1554.3110250200116
4312.0,54.12241744995117,8.000470161437988,1554.641169718001
4313.0,16.858638763427734,2.362042188644409,1554.9816157820023
4314.0,32.05937576293945,5.752647399902344,1555.3106228160032
4315.0,13.810370445251465,3.0360100269317627,1555.6734495380078
4316.0,109.42877960205078,10.355267524719238,1556.0653562110092
4317.0,10.657278060913086,2.3900363445281982,1556.4235854950093
4318.0,14.690458297729492,3.0518012046813965,1556.8083954080066
4319.0,15.633064270019531,3.5329439640045166,1557.2059652700118
4320.0,14.809284210205078,2.997642755508423,1557.5322410600056
4321.0,48.97096252441406,6.429879665374756,1557.8601055550098
4322.0,18.284957885742188,3.5551114082336426,1558.1792308000004
4323.0,12.890152931213379,3.371668815612793,1558.546563322001
4324.0,87.25874328613281,9.455348014831543,1558.9884375920083
4325.0,53.36323165893555,6.841000556945801,1559.301931178008
4326.0,6.9986066818237305,1.8721609115600586,1559.6014229490102
4327.0,23.777572631835938,4.129204750061035,1559.892323889013
4328.0,36.404563903808594,6.194952487945557,1560.1866364140005
4329.0,10.130812644958496,2.3857340812683105,1560.4897513060132
4330.0,36.19294738769531,5.187283515930176,1560.8760274970118
4331.0,32.83407974243164,5.239706516265869,1561.271090966009
4332.0,23.78986930847168,3.933762550354004,1561.6239980450046
4333.0,16.498458862304688,3.2132067680358887,1562.059763917001
4334.0,8.794891357421875,1.9785337448120117,1562.4268357360124
4335.0,17.858898162841797,4.084883689880371,1562.7954496460006
4336.0,30.692562103271484,5.475329875946045,1563.1425624930125
4337.0,10.542098045349121,2.76189923286438,1563.5568328080117
4338.0,53.609771728515625,5.9445271492004395,1563.991745603009
4339.0,19.712120056152344,3.670236825942993,1564.3922187520075
4340.0,22.728797912597656,4.126298427581787,1564.725131831001
4341.0,7.54115104675293,1.974789023399353,1565.039608652005
4342.0,22.003070831298828,3.9619040489196777,1565.3715964880103
4343.0,52.658424377441406,8.095535278320312,1565.688107865004
4344.0,28.80154800415039,5.489633083343506,1566.0035124140122
4345.0,18.794410705566406,3.719961643218994,1566.3281051130034
4346.0,20.349472045898438,3.5653505325317383,1566.6470483540033
4347.0,11.645753860473633,2.822409152984619,1566.9234878530115
4348.0,8.645914077758789,2.171959161758423,1567.2074783420103
4349.0,5.102293491363525,1.3245534896850586,1567.5583525530092
4350.0,11.235919952392578,2.8846960067749023,1567.878306454004
4351.0,16.293758392333984,3.682393789291382,1568.2044989540009
4352.0,13.173150062561035,3.2850453853607178,1568.5644444450008
4353.0,9.70091438293457,2.353215217590332,1568.8486183460045
4354.0,24.219030380249023,6.095401287078857,1569.1763555690122
4355.0,28.09436798095703,4.576231002807617,1569.5252910000127
4356.0,11.546804428100586,3.074394702911377,1569.9133261660027
4357.0,19.539134979248047,3.9100568294525146,1570.2385352450074
4358.0,4.33502721786499,1.1751396656036377,1570.5835537910025
4359.0,50.320953369140625,6.2936577796936035,1570.8985964330059
4360.0,9.970338821411133,2.6572930812835693,1571.2180548000033
4361.0,8.693696022033691,2.069425344467163,1571.52801295901
4362.0,9.7759370803833,2.085190534591675,1571.8218810830003
4363.0,28.72692108154297,5.174728870391846,1572.178957635013
4364.0,43.34255599975586,5.9770612716674805,1572.5495293679996
4365.0,58.64969253540039,8.613916397094727,1572.9964202350093
4366.0,29.757465362548828,6.735138416290283,1573.439372976005
4367.0,37.84416198730469,5.981625556945801,1573.8581728610006
4368.0,21.714473724365234,4.127439975738525,1574.3946436840051
4369.0,9.760892868041992,2.4080300331115723,1574.9394348339993
4370.0,31.290672302246094,5.561068058013916,1575.2737493270106
4371.0,14.593290328979492,3.11712646484375,1575.5918345220125
4372.0,21.82080841064453,3.9068431854248047,1576.0917034459999
4373.0,125.85928344726562,13.585723876953125,1576.4579945300065
4374.0,20.734037399291992,3.734949827194214,1576.7996642100043
4375.0,29.521059036254883,5.049386024475098,1577.120204101011
4376.0,7.615288734436035,1.846402883529663,1577.5181610360014
4377.0,29.297435760498047,5.390539646148682,1577.8597063320049
4378.0,47.07619094848633,6.474239826202393,1578.2144272730075
4379.0,113.34991455078125,13.67201042175293,1578.576523093012
4380.0,14.9097261428833,3.3980751037597656,1578.900229581006
4381.0,33.16609191894531,6.25406551361084,1579.2498417710012
4382.0,12.778610229492188,3.1974430084228516,1579.5593614780082
4383.0,45.35133361816406,6.089015007019043,1579.8514395570091
4384.0,10.893935203552246,2.909273862838745,1580.1484266800107
4385.0,24.658166885375977,4.431006908416748,1580.4609901410004
4386.0,42.01551055908203,7.090433120727539,1580.7797432210064
4387.0,58.587249755859375,6.983729362487793,1581.081583768013
4388.0,7.78070068359375,2.0515010356903076,1581.3583148390026
4389.0,11.610631942749023,3.2275004386901855,1581.6749286039994
4390.0,24.012428283691406,4.023279666900635,1581.9664992700127
4391.0,18.70789337158203,3.626554489135742,1582.2436639619991
4392.0,30.23660659790039,4.768396377563477,1582.5450963580079
4393.0,36.030540466308594,5.20917272567749,1582.8310708950012
4394.0,6.2826032638549805,1.5630635023117065,1583.1124896030087
4395.0,9.425787925720215,2.6127512454986572,1583.4080816070054
4396.0,26.975025177001953,4.666571617126465,1583.6923400720116
4397.0,34.80838394165039,5.7692365646362305,1583.975516659004
4398.0,18.05949592590332,2.9667670726776123,1584.271815537999
4399.0,5.147073268890381,1.4333813190460205,1584.6115097730071
4400.0,14.589324951171875,3.0567519664764404,1584.9092896229995
4401.0,23.892772674560547,4.770746231079102,1591.112920702013
4402.0,30.71928596496582,4.195246696472168,1591.408022293006
4403.0,9.271461486816406,2.119861602783203,1591.6945961400052
4404.0,12.805036544799805,2.7864010334014893,1592.0100460149988
4405.0,11.434349060058594,2.6539790630340576,1592.2940286580124
4406.0,12.83718204498291,2.9994587898254395,1592.58375527701
4407.0,15.344022750854492,3.1991512775421143,1592.8740175270068
4408.0,38.263771057128906,7.219820022583008,1593.1938376980106
4409.0,13.44822883605957,2.512638568878174,1593.526094626999
4410.0,15.099615097045898,3.196521043777466,1593.8214206170087
4411.0,19.80901336669922,4.421056270599365,1594.1383532900072
4412.0,15.906871795654297,3.2731289863586426,1594.4444805820094
4413.0,23.797611236572266,5.123122215270996,1594.736945132012
4414.0,15.511330604553223,3.0992672443389893,1595.0218971180002
4415.0,19.601608276367188,3.901723623275757,1595.3198253360024
4416.0,29.860488891601562,5.649979114532471,1595.6632625690108
4417.0,11.01950454711914,2.223860263824463,1595.9902313100029
4418.0,18.719078063964844,3.0561699867248535,1596.2824435130024
4419.0,3.874328851699829,1.121155023574829,1596.6061141540122
4420.0,13.648160934448242,2.7786614894866943,1596.900731138012
4421.0,12.293270111083984,2.8084726333618164,1597.2202654020075
4422.0,34.24367141723633,6.255717754364014,1597.525365969006
4423.0,5.404751777648926,1.321351170539856,1597.8399109279999
4424.0,32.9699592590332,4.788637638092041,1598.143004700003
4425.0,8.083824157714844,1.9716793298721313,1598.4472630010132
4426.0,8.372007369995117,2.265629291534424,1598.7696461010055
4427.0,9.112427711486816,2.1789519786834717,1599.0675226770109
4428.0,11.016495704650879,2.598381280899048,1599.3620236740098
4429.0,15.209354400634766,3.048506498336792,1599.6816212590056
4430.0,8.941507339477539,2.2884602546691895,1599.9791575120034
4431.0,27.839271545410156,5.608591079711914,1600.2629298340034
4432.0,28.19481658935547,4.873116493225098,1600.5461705500056
4433.0,12.173222541809082,2.8841099739074707,1600.8304181060084
4434.0,7.983128547668457,1.958539605140686,1601.1148389709997
4435.0,21.203128814697266,3.3967275619506836,1601.4089490690094
4436.0,22.69135284423828,3.820925712585449,1601.7069332780084
4437.0,38.239280700683594,5.461434364318848,1602.0002567030024
4438.0,13.430356979370117,3.1182613372802734,1602.2949508910096
4439.0,21.78213882446289,4.0351457595825195,1602.5887325479998
4440.0,5.842479228973389,1.6212166547775269,1602.8761272590054
4441.0,38.35174560546875,5.254207134246826,1603.163375656004
4442.0,31.339611053466797,4.443821430206299,1603.4746232239995
4443.0,7.534675598144531,1.757229208946228,1603.7809553650004
4444.0,18.29840087890625,3.815782308578491,1604.0863840520033
4445.0,17.99534797668457,3.4892072677612305,1604.380079671013
4446.0,11.98951530456543,2.852421760559082,1604.6936717019998
4447.0,47.99671936035156,5.418275356292725,1605.0916569719993
4448.0,15.156381607055664,3.1557464599609375,1605.3862784830126
4449.0,14.96694278717041,3.5572123527526855,1605.6871845440037
4450.0,16.112890243530273,3.0307962894439697,1605.9697941250051
4451.0,8.059259414672852,2.0269665718078613,1606.2481869750045
4452.0,50.17591857910156,10.39814281463623,1606.5229779940128
4453.0,10.690255165100098,2.5827603340148926,1606.8259158040019
4454.0,20.24787139892578,3.52016544342041,1607.1381512130029
4455.0,31.030147552490234,4.966031074523926,1607.419431169008
4456.0,8.918720245361328,2.2242839336395264,1607.699018956002
4457.0,7.755473613739014,2.3722751140594482,1608.0085149600054
4458.0,5.590296745300293,1.5386077165603638,1608.3058494450088
4459.0,24.811519622802734,4.35914945602417,1608.6033098920016
4460.0,33.18456268310547,5.735505104064941,1608.901532065007
4461.0,205.65133666992188,17.91616439819336,1609.2097627470066
4462.0,13.714052200317383,3.046987533569336,1609.5149330530112
4463.0,40.89561462402344,8.41321086883545,1609.8060794880003
4464.0,15.2044677734375,3.2399115562438965,1610.0901861240127
4465.0,18.123994827270508,3.6413748264312744,1610.3752681780024
4466.0,7.656651973724365,2.0713977813720703,1610.6775461110083
4467.0,14.280153274536133,2.422332525253296,1610.9642764860037
4468.0,8.027725219726562,2.2274720668792725,1611.2437878340133
4469.0,144.14407348632812,9.441637992858887,1611.5342262900085
4470.0,8.11375617980957,2.116426467895508,1611.8075707410026
4471.0,16.15131950378418,4.1061692237854,1612.0988997910026
4472.0,7.695366859436035,1.8188458681106567,1612.392333914002
4473.0,14.80073070526123,2.840620517730713,1612.6966682519997
4474.0,6.442811012268066,1.880367398262024,1612.9802053650055
4475.0,8.25731372833252,1.8545291423797607,1613.2659129370004
4476.0,28.097806930541992,4.3906965255737305,1613.5683939330047
4477.0,10.67715835571289,2.6842806339263916,1613.854029263006
4478.0,25.729137420654297,3.9228434562683105,1614.156111690012
4479.0,45.798866271972656,7.171874523162842,1614.462802375012
4480.0,9.711243629455566,2.580791473388672,1614.7586137059989
4481.0,10.350341796875,2.63280987739563,1615.0370926090109
4482.0,22.577835083007812,4.219797611236572,1615.3301642680017
4483.0,11.976871490478516,2.2733707427978516,1615.6441322760074
4484.0,25.258817672729492,3.9359514713287354,1615.9262801450095
4485.0,20.57678985595703,4.095212459564209,1616.2095949610084
4486.0,19.49445343017578,4.104043960571289,1616.5095970550028
4487.0,7.316786289215088,1.8733835220336914,1616.8105849890126
4488.0,15.390416145324707,3.9118216037750244,1617.1045259390085
4489.0,15.196754455566406,2.9420652389526367,1617.390221136011
4490.0,28.286216735839844,4.564769744873047,1617.6737492520042
4491.0,24.244525909423828,3.9849328994750977,1617.9656919460103
4492.0,10.932478904724121,3.0448808670043945,1618.272821134
4493.0,31.734878540039062,5.673967361450195,1618.5595852030092
4494.0,8.160826683044434,1.9652048349380493,1618.8363259030011
4495.0,32.039127349853516,5.749207496643066,1619.1253637480113
4496.0,5.432027339935303,1.3946691751480103,1619.4127826200129
4497.0,18.373497009277344,4.3485107421875,1619.7029555129993
4498.0,14.145784378051758,3.258326768875122,1619.9824779770133
4499.0,20.407535552978516,3.5451173782348633,1620.2855281100055
4500.0,11.205480575561523,2.52004075050354,1620.5802508300112
4501.0,6.448554039001465,1.703829050064087,1627.0236008400097
4502.0,13.78475570678711,2.6568472385406494,1627.3240592479997
4503.0,7.4502763748168945,1.8494969606399536,1627.606761314004
4504.0,11.453329086303711,2.466452121734619,1627.9044626030081
4505.0,6.832383155822754,1.8259657621383667,1628.203002195005
4506.0,21.387903213500977,4.34920597076416,1628.4836122240085
4507.0,24.90533447265625,4.591230869293213,1628.788021957007
4508.0,31.531274795532227,5.702724456787109,1629.0771981040016
4509.0,9.19741439819336,2.3234169483184814,1629.3913283900038
4510.0,18.816110610961914,4.077611446380615,1629.6800180819992
4511.0,10.676615715026855,2.290444850921631,1629.9766845630074
4512.0,8.008452415466309,1.8901585340499878,1630.3479554740043
4513.0,11.400049209594727,2.3638672828674316,1630.6317723470129
4514.0,15.525985717773438,3.0085208415985107,1630.9163521930022
4515.0,31.020143508911133,4.772716045379639,1631.2486172589997
4516.0,10.524274826049805,2.861954927444458,1631.5661100580037
4517.0,20.354223251342773,3.628861427307129,1631.855735887002
4518.0,15.555002212524414,3.49503231048584,1632.1781521939993
4519.0,40.13882064819336,6.834589004516602,1632.5538363880041
4520.0,15.778814315795898,3.0753815174102783,1632.875354859003
4521.0,20.479114532470703,3.9266974925994873,1633.1933162950008
4522.0,24.137920379638672,3.8590009212493896,1633.5355168250098
4523.0,9.430412292480469,2.751539945602417,1634.1477253129997
4524.0,22.388717651367188,3.8092057704925537,1634.548516928
4525.0,13.784810066223145,3.676517963409424,1635.0378084360127
4526.0,38.88624954223633,4.343054294586182,1635.476094733007
4527.0,8.795896530151367,2.2459793090820312,1635.7885853449989
4528.0,8.458992004394531,2.1264326572418213,1636.0871050900023
4529.0,37.859989166259766,5.87007999420166,1636.3849520540098
4530.0,24.83071517944336,4.966346263885498,1636.664316282011
4531.0,30.215789794921875,4.390537738800049,1636.9522420790017
4532.0,27.31667709350586,5.616436004638672,1637.2435652749991
4533.0,19.121898651123047,3.5864880084991455,1637.5342638150032
4534.0,10.357499122619629,2.4603219032287598,1637.8240412970044
4535.0,9.290726661682129,2.650667190551758,1638.1206635090057
4536.0,10.920000076293945,2.575805425643921,1638.424311064009
4537.0,82.14248657226562,8.237918853759766,1638.76736707901
4538.0,7.371661186218262,1.9025912284851074,1639.0933425750118
4539.0,7.500065803527832,2.321481466293335,1639.3889061060036
4540.0,11.650010108947754,2.663165330886841,1639.6987234140106
4541.0,39.17003631591797,5.410646915435791,1639.9827684230113
4542.0,11.318944931030273,3.3842318058013916,1640.2646415970084
4543.0,92.50059509277344,10.977066040039062,1640.5421317510045
4544.0,12.577082633972168,2.961353302001953,1640.8338466820132
4545.0,19.1822566986084,3.153132677078247,1641.116652257013
4546.0,44.20001983642578,6.287579536437988,1641.4044533960114
4547.0,10.366154670715332,3.111192464828491,1641.6965649449994
4548.0,7.5822248458862305,1.8684089183807373,1641.99686401301
4549.0,9.718274116516113,2.379960298538208,1642.2936084970133
4550.0,16.444034576416016,2.2934954166412354,1642.5944016170106
4551.0,45.34477615356445,7.1474785804748535,1642.9175112800003
4552.0,18.88528823852539,3.675363302230835,1643.2113145280018
4553.0,103.90217590332031,11.061375617980957,1643.4985130100104
4554.0,37.243385314941406,6.37300968170166,1643.7966154160094
4555.0,19.952003479003906,3.702817440032959,1644.0741127630026
4556.0,7.950382232666016,1.9660481214523315,1644.3616540640069
4557.0,10.65225601196289,2.813295602798462,1644.6390425320133
4558.0,17.689735412597656,3.4269349575042725,1644.9239193280082
4559.0,14.853933334350586,3.560363531112671,1645.2126340260002
4560.0,46.35304260253906,6.587605953216553,1645.494432211999
4561.0,15.767312049865723,2.8847718238830566,1645.7922958660056
4562.0,32.373878479003906,4.655435085296631,1646.0974622030044
4563.0,89.2358169555664,8.39584732055664,1646.4046591510123
4564.0,8.470006942749023,2.2286531925201416,1646.6887834930094
4565.0,57.615333557128906,6.7095513343811035,1646.9724330630124
4566.0,5.8766398429870605,1.6465513706207275,1647.2513508310076
4567.0,10.128562927246094,2.538912057876587,1647.5425676360028
4568.0,41.70425796508789,5.777159690856934,1647.8417624650028
4569.0,4.685172080993652,1.3259278535842896,1648.1338995500118
4570.0,10.562780380249023,2.5516018867492676,1648.4175447140005
4571.0,20.52166748046875,3.9641273021698,1648.7395771529991
4572.0,79.86792755126953,9.966080665588379,1649.021521683011
4573.0,79.65339660644531,8.317328453063965,1649.3109746960108
4574.0,141.34951782226562,15.2669095993042,1649.6002757950046
4575.0,6.50257682800293,1.641776204109192,1649.8871088350134
4576.0,22.775020599365234,4.461364269256592,1650.1723960030067
4577.0,19.33930778503418,3.861847400665283,1650.4643698840082
4578.0,6.186984539031982,1.6786248683929443,1650.743842395008
4579.0,49.717445373535156,5.982363224029541,1651.032140868003
4580.0,35.915653228759766,6.185886859893799,1651.3231564820017
4581.0,50.511817932128906,9.146818161010742,1651.6142258030013
4582.0,10.255273818969727,2.5517849922180176,1651.8975842930085
4583.0,12.223031044006348,2.5112521648406982,1652.1898564639996
4584.0,24.385379791259766,5.35931921005249,1652.4783594230103
4585.0,14.218576431274414,3.0013973712921143,1652.7745543540077
4586.0,9.42037582397461,2.339376926422119,1653.0757170660072
4587.0,10.494885444641113,2.744257688522339,1653.368092707009
4588.0,40.363059997558594,5.946031093597412,1653.6614566909993
4589.0,16.082792282104492,3.1472504138946533,1653.9591945749999
4590.0,52.30054473876953,5.880735874176025,1654.275284080999
4591.0,43.02005386352539,6.114754676818848,1654.588305220008
4592.0,78.53495788574219,9.737634658813477,1654.8873709260079
4593.0,27.837814331054688,5.136286735534668,1655.1735110350128
4594.0,18.5897216796875,3.8827669620513916,1655.5364713000017
4595.0,31.666168212890625,5.282176494598389,1655.8333430740022
4596.0,80.8976821899414,13.707619667053223,1656.1486429060024
4597.0,21.546222686767578,5.53183126449585,1656.4395718260057
4598.0,22.464832305908203,4.3569016456604,1656.7423491110094
4599.0,8.065855026245117,2.1013031005859375,1657.0364562360046
4600.0,38.42816162109375,5.608367919921875,1657.3328133890027
4601.0,44.59751892089844,6.615323543548584,1663.2526486040006
4602.0,29.342376708984375,4.8111748695373535,1663.551664797007
4603.0,24.15288543701172,4.257182598114014,1663.8483869510092
4604.0,7.7720465660095215,2.1312673091888428,1664.1315653290076
4605.0,7.691595077514648,2.003589153289795,1664.4256031480036
4606.0,26.517253875732422,4.150979995727539,1664.7100286130008
4607.0,6.428707599639893,1.6035841703414917,1665.0009914399998
4608.0,32.506675720214844,5.227563381195068,1665.2906967320014
4609.0,15.001317024230957,3.536437511444092,1665.5737494500063
4610.0,7.548272132873535,1.9874188899993896,1665.8696311620006
4611.0,25.282636642456055,4.617405414581299,1666.162324474004
4612.0,21.735719680786133,4.050583362579346,1666.44172196
4613.0,6.545732498168945,1.6012253761291504,1666.7407841570093
4614.0,41.25458908081055,6.262767791748047,1667.031915989006
4615.0,29.147533416748047,5.620843887329102,1667.3127971420035
4616.0,24.613086700439453,4.781176567077637,1667.6188893380022
4617.0,12.210692405700684,3.267688512802124,1667.9105860990094
4618.0,16.4722900390625,3.211517095565796,1668.2130185190035
4619.0,6.495449066162109,1.7700660228729248,1668.5258192430047
4620.0,10.982804298400879,2.465034008026123,1668.8233817370055
4621.0,5.82479190826416,1.7278974056243896,1669.1063629650016
4622.0,20.74429702758789,4.532542705535889,1669.393821577003
4623.0,29.447372436523438,5.07487678527832,1669.6927069369995
4624.0,7.250812530517578,1.7986745834350586,1669.984520270009
4625.0,42.88478469848633,6.617247581481934,1670.2696866790066
4626.0,12.047950744628906,2.4616103172302246,1670.569766369008
4627.0,14.564508438110352,2.6831367015838623,1670.8625154210022
4628.0,19.35724639892578,3.7801709175109863,1671.149664536002
4629.0,52.23582077026367,9.467158317565918,1671.459908187011
4630.0,6.0893425941467285,1.4695097208023071,1671.7416449590091
4631.0,4.69151496887207,1.267888069152832,1672.0177029740007
4632.0,20.531919479370117,3.726090908050537,1672.295107101003
4633.0,49.78662109375,6.63507604598999,1672.583585172004
4634.0,12.788541793823242,3.2186524868011475,1672.8790166360122
4635.0,9.459823608398438,2.4067070484161377,1673.166061410011
4636.0,14.364545822143555,3.1828649044036865,1673.45981006301
4637.0,45.01795959472656,6.2834930419921875,1673.7524123050098
4638.0,18.307167053222656,3.9628119468688965,1674.03899387001
4639.0,25.77489471435547,4.806142330169678,1674.329759693006
4640.0,22.546249389648438,4.521396636962891,1674.6182545830088
4641.0,10.960783004760742,2.530651569366455,1674.9064312340051
4642.0,22.41354751586914,3.7152843475341797,1675.1972851820028
4643.0,10.631912231445312,2.7086613178253174,1675.4846231990086
4644.0,9.6453857421875,2.4989466667175293,1675.759763492999
4645.0,26.357873916625977,4.2900800704956055,1676.0344097260095
4646.0,19.820159912109375,3.631549596786499,1676.3363462350098
4647.0,13.188194274902344,3.150566577911377,1676.6360183479992
4648.0,18.926515579223633,3.56825852394104,1676.9286431380024
4649.0,15.117140769958496,3.152214765548706,1677.2146487840073
4650.0,16.291589736938477,3.3532557487487793,1677.510147042005
4651.0,20.47631072998047,3.8136391639709473,1677.7833406310092
4652.0,16.544536590576172,3.55147647857666,1678.067961120003
4653.0,10.141221046447754,2.294567346572876,1678.343259885005
4654.0,23.378280639648438,4.860127925872803,1678.6467186000082
4655.0,18.501676559448242,3.2095611095428467,1678.9438232970133
4656.0,6.4962263107299805,1.6810026168823242,1679.250197403002
4657.0,10.777177810668945,2.796278476715088,1679.5864327720046
4658.0,6.229388236999512,1.6897372007369995,1679.8701785880112
4659.0,29.8289794921875,4.488567352294922,1680.1553371390037
4660.0,17.36368179321289,3.7462944984436035,1680.4295138110028
4661.0,5.581967353820801,1.4816168546676636,1680.725013932999
4662.0,33.538665771484375,5.374338150024414,1681.0228591850027
4663.0,47.783626556396484,6.7366228103637695,1681.307820121001
4664.0,9.655134201049805,2.468259334564209,1681.5858380600112
4665.0,9.800256729125977,2.3697457313537598,1681.8765836740058
4666.0,15.285480499267578,3.071610450744629,1682.157532725003
4667.0,27.084136962890625,4.443614959716797,1682.4369735490036
4668.0,11.125593185424805,2.8325583934783936,1682.7233632080024
4669.0,11.696786880493164,3.130601167678833,1682.9946911060106
4670.0,21.194446563720703,4.308061122894287,1683.278716426008
4671.0,37.14659118652344,5.334218978881836,1683.5587122900033
4672.0,7.564288139343262,1.929038643836975,1683.8572313450131
4673.0,7.529047012329102,2.0581390857696533,1684.1504017530096
4674.0,9.697429656982422,2.6080894470214844,1684.4525050369994
4675.0,31.12296485900879,5.142857074737549,1684.748395585004
4676.0,66.22649383544922,9.60730266571045,1685.0298908210098
4677.0,17.652957916259766,4.118117809295654,1685.3098433880077
4678.0,5.753869533538818,1.5509377717971802,1685.604999126008
4679.0,28.656635284423828,4.472236156463623,1685.9425608860038
4680.0,6.48390531539917,1.5698474645614624,1686.3065236920083
4681.0,41.739261627197266,4.958937168121338,1686.6195642370003
4682.0,22.350055694580078,4.990688323974609,1686.8997293400025
4683.0,34.6661491394043,5.145447731018066,1687.1760445200052
4684.0,26.22543716430664,4.485156536102295,1687.4475205050112
4685.0,9.774019241333008,2.785743474960327,1687.7427941640053
4686.0,43.952457427978516,6.238598346710205,1688.0381625890004
4687.0,34.14057922363281,5.531341075897217,1688.333559726001
4688.0,32.15016174316406,5.000284194946289,1688.6370988560084
4689.0,18.9237003326416,3.602473735809326,1688.9519641880033
4690.0,10.76582145690918,2.716029405593872,1689.2405746310105
4691.0,30.854022979736328,5.444015979766846,1689.5453262480005
4692.0,34.36903762817383,5.2441205978393555,1689.833404488003
4693.0,44.24557113647461,5.33491325378418,1690.1136666520033
4694.0,43.67238235473633,5.909830093383789,1690.404599889007
4695.0,70.46415710449219,12.408960342407227,1690.6821978350054
4696.0,31.256389617919922,4.939176082611084,1690.9833409320127
4697.0,47.465450286865234,7.650502681732178,1691.269225437005
4698.0,9.389411926269531,2.4650073051452637,1691.5650588780118
4699.0,64.07197570800781,11.132631301879883,1691.872618141002
4700.0,14.561643600463867,3.450991153717041,1692.1587203939998
4701.0,19.52298355102539,3.906087875366211,1698.0275507520128
4702.0,26.61724090576172,4.439199924468994,1698.330968305003
4703.0,12.423017501831055,2.712764263153076,1698.6333952460118
4704.0,31.285083770751953,4.736945152282715,1698.9152249710023
4705.0,56.61988830566406,10.435066223144531,1699.201915001002
4706.0,10.047115325927734,2.4634175300598145,1699.4955953850003
4707.0,26.36638641357422,5.242270469665527,1699.7988623080018
4708.0,24.923751831054688,4.729279518127441,1700.1262522930047
4709.0,18.08902359008789,3.6817939281463623,1700.4033901860093
4710.0,52.01211166381836,4.948967456817627,1700.6813380439999
4711.0,6.693698406219482,1.9124019145965576,1700.980094523009
4712.0,20.539587020874023,3.593792676925659,1701.2650911189994
4713.0,145.9027099609375,17.802385330200195,1701.5807700389996
4714.0,31.659469604492188,5.016901969909668,1701.8727877330093
4715.0,31.946374893188477,5.20966100692749,1702.1483632360032
4716.0,46.57965850830078,7.368488788604736,1702.4437619340024
4717.0,12.061878204345703,3.0935611724853516,1702.7324147930049
4718.0,13.676133155822754,2.8104453086853027,1703.0308127419994
4719.0,4.478963851928711,1.2692430019378662,1703.3044224540063
4720.0,8.595649719238281,2.1223626136779785,1703.6095398480102
4721.0,19.564430236816406,3.697026491165161,1703.9058171040087
4722.0,6.965389251708984,1.620935320854187,1704.198386226999
4723.0,12.299651145935059,2.77201509475708,1704.490495793012
4724.0,34.409149169921875,6.031487464904785,1704.7880859680008
4725.0,13.29864501953125,2.58178448677063,1705.0741126050125
4726.0,16.500980377197266,2.985701322555542,1705.3750333320058
4727.0,38.96628952026367,5.470494747161865,1705.6874355280015
4728.0,12.707881927490234,3.3364901542663574,1705.98149723401
4729.0,17.964223861694336,3.595313310623169,1706.2650762470003
4730.0,11.306892395019531,2.495357036590576,1706.559422810009
4731.0,14.236120223999023,3.1573381423950195,1706.8572168190003
4732.0,20.991851806640625,4.593726634979248,1707.1461487630004
4733.0,12.283994674682617,2.602125883102417,1707.4260385600064
4734.0,15.453577995300293,2.514159917831421,1707.7107218510064
4735.0,4.844711780548096,1.3408327102661133,1707.9988138800109
4736.0,15.793224334716797,3.398942708969116,1708.2793142320006
4737.0,13.635351181030273,3.667963981628418,1708.5655512939993
4738.0,6.097569942474365,1.6594821214675903,1708.860254419007
4739.0,21.481529235839844,3.7646710872650146,1709.1619853400043
4740.0,5.495915412902832,1.5376266241073608,1709.453194220012
4741.0,5.27537202835083,1.519318699836731,1709.7633940090018
4742.0,23.450984954833984,4.111999034881592,1710.0759476050007
4743.0,169.33168029785156,16.098880767822266,1710.3556744930102
4744.0,6.319753646850586,1.4503594636917114,1710.6589224810014
4745.0,17.935792922973633,3.3508553504943848,1710.9534546350042
4746.0,8.852428436279297,2.6764492988586426,1711.2314937699994
4747.0,21.092937469482422,4.148876190185547,1711.510611071004
4748.0,12.96749496459961,3.1401689052581787,1711.7973230160133
4749.0,9.140451431274414,2.2956302165985107,1712.0712460640061
4750.0,29.298519134521484,4.782427787780762,1712.3569846940081
4751.0,6.630297660827637,1.7155526876449585,1712.66412282901
4752.0,38.80055236816406,6.618449687957764,1712.9552377260115
4753.0,11.198659896850586,2.6337602138519287,1713.2428082950064
4754.0,10.318231582641602,1.8313958644866943,1713.5269605030044
4755.0,74.83052062988281,8.81130599975586,1713.8237080810068
4756.0,7.8967390060424805,1.9450284242630005,1714.124576096001
4757.0,7.994218826293945,2.072916030883789,1714.413467950013
4758.0,190.0608367919922,19.531888961791992,1714.7148271010083
4759.0,7.693571090698242,1.814570426940918,1715.004893387013
4760.0,67.25067901611328,7.800052642822266,1715.2895022560115
4761.0,16.12139892578125,3.2634756565093994,1715.577356173002
4762.0,12.835729598999023,2.8895773887634277,1715.8641954720079
4763.0,17.080549240112305,4.000437259674072,1716.1513501130103
4764.0,25.18020248413086,4.144430160522461,1716.4523259270063
4765.0,15.889307022094727,3.150455951690674,1716.746403535013
4766.0,38.71126174926758,4.394036293029785,1717.0514088870113
4767.0,9.278898239135742,2.309771776199341,1717.3543782839988
4768.0,10.70779037475586,2.8597636222839355,1717.639010933999
4769.0,21.338653564453125,3.9405860900878906,1717.9410589200124
4770.0,20.031185150146484,4.034261703491211,1718.2169106860092
4771.0,17.21501922607422,3.6822822093963623,1718.511527892013
4772.0,18.729652404785156,4.096187114715576,1718.7964127490122
4773.0,79.55866241455078,8.23792839050293,1719.0751034470013
4774.0,14.09201431274414,3.785386085510254,1719.3781733550131
4775.0,10.665576934814453,2.7072250843048096,1719.6711425070098
4776.0,9.334521293640137,2.500138282775879,1719.9563501800003
4777.0,21.339385986328125,3.6267662048339844,1720.262606660006
4778.0,7.986361503601074,2.3484389781951904,1720.56068296601
4779.0,153.39501953125,15.379602432250977,1720.840311951004
4780.0,13.656187057495117,3.0799708366394043,1721.1241965070076
4781.0,37.210750579833984,5.8261237144470215,1721.4026498029998
4782.0,8.074822425842285,2.06441593170166,1721.6786476820125
4783.0,19.475257873535156,4.563365936279297,1721.9632856490061
4784.0,13.271930694580078,2.568061113357544,1722.2496078140102
4785.0,11.511423110961914,2.4168856143951416,1722.5385443770065
4786.0,7.745753765106201,1.9419615268707275,1722.8212150559993
4787.0,34.96106719970703,5.782049655914307,1723.0923680760025
4788.0,9.250965118408203,2.1308107376098633,1723.3819450470037
4789.0,7.849103927612305,2.1862103939056396,1723.7029387640068
4790.0,15.076440811157227,3.072831153869629,1723.98215540401
4791.0,24.861934661865234,4.070716381072998,1724.2684667930007
4792.0,5.955071449279785,1.4847548007965088,1724.5624896210065
4793.0,8.336294174194336,2.187570095062256,1724.8575467310002
4794.0,28.874162673950195,3.3250908851623535,1725.1494714100118
4795.0,6.206058979034424,1.5961447954177856,1725.4483671550115
4796.0,23.947975158691406,4.800413131713867,1725.7487514690001
4797.0,6.993749618530273,1.7922344207763672,1726.0325908300001
4798.0,75.54431915283203,10.038991928100586,1726.3225578710117
4799.0,22.35125160217285,4.147773742675781,1726.6505289380002
4800.0,15.861654281616211,2.5641372203826904,1726.9290904670052
4801.0,17.63128662109375,3.4552700519561768,1733.3659766519995
4802.0,55.24090576171875,5.392029762268066,1733.6575351520005
4803.0,20.222957611083984,3.5414438247680664,1733.932408795008
4804.0,8.21006965637207,2.077580213546753,1734.2114577370085
4805.0,14.901395797729492,3.5296857357025146,1734.5126694570063
4806.0,25.18100929260254,4.273491859436035,1734.8179578140116
4807.0,6.771836757659912,1.6776241064071655,1735.0989384540007
4808.0,7.266879558563232,1.8214406967163086,1735.3886929120054
4809.0,28.429216384887695,4.710242748260498,1735.7194248360029
4810.0,10.404006958007812,2.7782721519470215,1736.0012226950057
4811.0,26.018085479736328,4.593993186950684,1736.2855426330061
4812.0,91.41500091552734,11.336718559265137,1736.565944217
4813.0,32.278564453125,5.43965482711792,1736.8579326020117
4814.0,5.493160724639893,1.5240691900253296,1737.151279992002
4815.0,90.79899597167969,8.767680168151855,1737.4522102300107
4816.0,10.763212203979492,2.503141403198242,1737.7416934470093
4817.0,36.400421142578125,6.050739288330078,1738.0248293650075
4818.0,12.262075424194336,2.8433287143707275,1738.3077356020076
4819.0,15.600203514099121,3.6430723667144775,1738.5908103340043
4820.0,25.4921817779541,4.5078301429748535,1738.8702383120108
4821.0,12.721073150634766,2.744837999343872,1739.168295373005
4822.0,14.899759292602539,3.483577251434326,1739.4609785310022
4823.0,17.116243362426758,3.594285488128662,1739.7435229980038
4824.0,13.75235366821289,3.0740485191345215,1740.046289787002
4825.0,32.57514190673828,5.246779918670654,1740.3494908850116
4826.0,6.910238742828369,1.8887676000595093,1740.6450645639998
4827.0,12.867416381835938,2.6214370727539062,1740.9298494520044
4828.0,14.742755889892578,3.1310441493988037,1741.2296489910077
4829.0,14.573775291442871,3.2797446250915527,1741.5255919190095
4830.0,37.807281494140625,5.786479473114014,1741.8199859190063
4831.0,13.884519577026367,3.039245843887329,1742.108232373008
4832.0,10.873416900634766,2.836801052093506,1742.4079798700113
4833.0,23.002784729003906,4.45189905166626,1742.6864239380084
4834.0,18.441625595092773,3.4601364135742188,1742.966854081009
4835.0,6.486834526062012,1.584656834602356,1743.2639119530068
4836.0,5.606996059417725,1.5485103130340576,1743.5797069320106
4837.0,8.764631271362305,2.3728017807006836,1743.8703855080093
4838.0,66.79103088378906,8.554728507995605,1744.143207467001
4839.0,19.096275329589844,3.657041549682617,1744.4304846300074
4840.0,38.18887710571289,7.027615547180176,1744.7111956190056
4841.0,16.24618911743164,3.071591854095459,1745.0095051740063
4842.0,8.856217384338379,2.1715316772460938,1745.304502473009
4843.0,26.486108779907227,5.590786933898926,1745.616553372005
4844.0,11.674123764038086,2.4844794273376465,1745.9282154210086
4845.0,54.46755599975586,6.012681007385254,1746.2012198310113
4846.0,37.694358825683594,5.0023369789123535,1746.4696564810001
4847.0,40.8314208984375,5.9557695388793945,1746.727471420003
4848.0,28.612159729003906,5.536167621612549,1747.000769088001
4849.0,79.28736877441406,15.16106128692627,1747.2609634800028
4850.0,63.61517333984375,8.613082885742188,1747.5321411980112
4851.0,13.985836029052734,3.1307904720306396,1747.7994343190076
4852.0,35.827762603759766,5.13327169418335,1748.047415617999
4853.0,27.374351501464844,4.9026384353637695,1748.3202626650018
4854.0,24.535306930541992,3.9969708919525146,1748.5982726910006
4855.0,3.908855438232422,1.143391489982605,1748.9094120380032
4856.0,37.19320297241211,5.086636543273926,1749.195019880004
4857.0,23.83510971069336,4.171524524688721,1749.5089396149997
4858.0,12.014261245727539,2.681711196899414,1749.7969059630123
4859.0,23.334014892578125,4.081035614013672,1750.0651046010025
4860.0,10.23347282409668,2.685920000076294,1750.3326348590053
4861.0,10.39078140258789,2.72109317779541,1750.6428826070041
4862.0,14.888626098632812,3.1828644275665283,1751.0027660640044
4863.0,7.953085899353027,1.801674723625183,1751.2702104350028
4864.0,32.946136474609375,5.1020989418029785,1751.5299024950073
4865.0,53.164527893066406,6.830423355102539,1751.8117085740087
4866.0,21.704776763916016,3.9642417430877686,1752.1224396840116
4867.0,14.922006607055664,3.152557849884033,1752.4155524140078
4868.0,7.567489147186279,2.099729299545288,1752.7135561030009
4869.0,11.028543472290039,2.5645031929016113,1752.9957443160092
4870.0,7.4724531173706055,1.9316576719284058,1753.2811166480096
4871.0,36.76753234863281,5.434704303741455,1753.574118130011
4872.0,9.890397071838379,2.2845730781555176,1753.8777958590072
4873.0,9.631712913513184,2.7644686698913574,1754.1541508250084
4874.0,11.824637413024902,2.919646978378296,1754.4366098669998
4875.0,51.340728759765625,6.021451950073242,1754.7206705620047
4876.0,24.113576889038086,4.856286525726318,1755.0111510010029
4877.0,20.301513671875,3.515826463699341,1755.3011582830077
4878.0,15.050479888916016,3.188687801361084,1755.594025600003
4879.0,18.88096809387207,3.6139473915100098,1755.8729264010035
4880.0,32.993255615234375,6.198029041290283,1756.167298460001
4881.0,139.21884155273438,20.017797470092773,1756.4595981470047
4882.0,21.06482696533203,3.8683154582977295,1756.7386947880004
4883.0,11.7831449508667,3.0958147048950195,1757.0386993510037
4884.0,4.761667251586914,1.3418153524398804,1757.3535034590022
4885.0,117.12080383300781,13.690084457397461,1757.644354447999
4886.0,9.95309829711914,2.5054404735565186,1757.918663798002
4887.0,102.80154418945312,14.305923461914062,1758.213474026008
4888.0,10.114999771118164,2.876795530319214,1758.502064106011
4889.0,23.33682632446289,3.631328582763672,1758.7857693240076
4890.0,9.532533645629883,2.3411056995391846,1759.0765023610002
4891.0,18.713111877441406,3.3196568489074707,1759.3700898610114
4892.0,10.221664428710938,2.5774168968200684,1759.6556919780123
4893.0,11.811500549316406,3.2439091205596924,1759.9395945100114
4894.0,23.3810977935791,4.366529941558838,1760.24077071801
4895.0,21.511184692382812,4.739527225494385,1760.561484692007
4896.0,135.380615234375,12.214816093444824,1760.8561268790072
4897.0,5.941447734832764,1.579606533050537,1761.1410890900006
4898.0,9.862906455993652,2.5279173851013184,1761.4360273010097
4899.0,13.258733749389648,3.0946853160858154,1761.7210220859997
4900.0,19.224117279052734,4.360583782196045,1762.0108811980026
4901.0,29.150161743164062,4.861075401306152,1768.0787749240117
4902.0,9.387958526611328,2.29291033744812,1768.35917963901
4903.0,19.169635772705078,3.8688406944274902,1768.6583411190077
4904.0,9.018498420715332,2.809316873550415,1768.938824487006
4905.0,30.461790084838867,5.003061294555664,1769.23463033601
4906.0,43.13807678222656,7.497913360595703,1769.5413389890018
4907.0,22.822681427001953,3.5852930545806885,1769.8232209550042
4908.0,38.064537048339844,6.1124677658081055,1770.1200812140014
4909.0,11.441654205322266,2.438220262527466,1770.413651269002
4910.0,17.17980194091797,4.5132622718811035,1770.6975543740118
4911.0,13.992198944091797,3.765436887741089,1770.9830569970072
4912.0,8.94963264465332,1.9154642820358276,1771.2607959700108
4913.0,10.956974029541016,2.283086061477661,1771.5506583120005
4914.0,5.527378559112549,1.5158023834228516,1771.8417370680108
4915.0,11.10576057434082,2.6687216758728027,1772.1416311270004
4916.0,6.903777122497559,1.702191710472107,1772.4301973610127
4917.0,11.475265502929688,2.398526191711426,1772.7273428070039
4918.0,5.982115268707275,1.5726723670959473,1773.0064396110101
4919.0,34.96357727050781,6.736887454986572,1773.2950228720001
4920.0,20.141969680786133,3.942889928817749,1773.5849127270048
4921.0,14.859040260314941,2.9848923683166504,1773.8781397170096
4922.0,6.5671610832214355,1.7630186080932617,1774.1789183950023
4923.0,17.544517517089844,3.4147393703460693,1774.4852641800098
4924.0,35.585472106933594,5.716488838195801,1774.7906118300016
4925.0,5.490851879119873,1.5167934894561768,1775.0785811170063
4926.0,8.166669845581055,2.3668439388275146,1775.3647785460053
4927.0,6.993247032165527,1.7763570547103882,1775.6944776279997
4928.0,14.933652877807617,3.1052517890930176,1775.9887209080043
4929.0,27.40569305419922,4.693861484527588,1776.2976190350018
4930.0,8.11451530456543,1.9418251514434814,1776.598022930004
4931.0,7.30204439163208,1.8373796939849854,1776.8924991730019
4932.0,7.887423515319824,1.859649419784546,1777.1778385260113
4933.0,8.355257987976074,2.1991610527038574,1777.4590387600038
4934.0,110.14590454101562,12.267578125,1777.7467786900088
4935.0,7.593299865722656,1.7723398208618164,1778.0443340810016
4936.0,27.269920349121094,4.662959098815918,1778.3492055530078
4937.0,9.846209526062012,2.344686985015869,1778.6428433149995
4938.0,16.42268180847168,3.924396514892578,1778.9653209980024
4939.0,12.729545593261719,3.355247974395752,1779.2633724510088
4940.0,13.358139038085938,2.803906202316284,1779.554567380008
4941.0,8.64777946472168,2.140169143676758,1779.8347378000035
4942.0,65.96320343017578,7.069643497467041,1780.1158397550025
4943.0,19.866500854492188,3.5081799030303955,1780.393821663005
4944.0,9.076372146606445,2.159403085708618,1780.6809132250055
4945.0,35.16090774536133,5.37220573425293,1780.9709459090082
4946.0,16.163583755493164,3.7156736850738525,1781.277548915008
4947.0,13.187170028686523,2.6655433177948,1781.5647898630123
4948.0,8.398305892944336,2.254624605178833,1781.864284854004
4949.0,34.43366241455078,5.630950927734375,1782.1418017240067
4950.0,29.474891662597656,5.007034778594971,1782.4314614310133
4951.0,6.893296718597412,1.791835069656372,1782.729804793009
4952.0,26.23407745361328,4.576954364776611,1783.013744574011
4953.0,22.662134170532227,3.8516104221343994,1783.2932927380025
4954.0,35.16889953613281,5.756259441375732,1783.6053821390087
4955.0,13.445108413696289,3.2995567321777344,1783.8885147200053
4956.0,138.248779296875,20.33021354675293,1784.1690357530024
4957.0,7.958573818206787,1.8465220928192139,1784.450850262001
4958.0,20.884307861328125,3.257373094558716,1784.7329760790017
4959.0,77.24580383300781,9.345437049865723,1785.0228381590132
4960.0,7.896035671234131,2.0643632411956787,1785.3065914840117
4961.0,7.217158317565918,1.8008536100387573,1785.5933053120098
4962.0,22.82522964477539,4.057729721069336,1785.8939587740024
4963.0,6.391003608703613,1.5982685089111328,1786.1848132300074
4964.0,35.97014617919922,6.358010292053223,1786.466775812005
4965.0,45.52173614501953,5.555809020996094,1786.8024025650084
4966.0,10.13280200958252,2.839226007461548,1787.1168595950003
4967.0,6.128859043121338,1.6666136980056763,1787.4068582380132
4968.0,36.835426330566406,5.362089157104492,1787.707741709004
4969.0,20.629825592041016,3.401155471801758,1787.9927088960103
4970.0,20.264957427978516,4.0413923263549805,1788.29029647501
4971.0,30.58255386352539,4.8187336921691895,1788.575557218006
4972.0,42.23748016357422,6.416581630706787,1788.864254737011
4973.0,12.633235931396484,2.9334871768951416,1789.1418325460108
4974.0,23.61297607421875,3.9892687797546387,1789.4426225060015
4975.0,37.20948791503906,4.794948577880859,1789.7427080769994
4976.0,85.41341400146484,11.434579849243164,1790.0392253910104
4977.0,97.13583374023438,10.853009223937988,1790.320668092012
4978.0,5.614728927612305,1.5904103517532349,1790.6215805220127
4979.0,17.1673583984375,3.6465165615081787,1790.912887532002
4980.0,88.43634796142578,9.885210037231445,1791.188586097007
4981.0,32.38079833984375,4.911633014678955,1791.4890735500085
4982.0,18.86532974243164,3.467923879623413,1791.773435615003
4983.0,14.399328231811523,3.031193971633911,1792.0671875420085
4984.0,25.899024963378906,4.389272212982178,1792.3557161550125
4985.0,21.17945671081543,4.0558695793151855,1792.6555969530018
4986.0,27.26742172241211,4.200772762298584,1792.9392672100075
4987.0,38.3731575012207,5.820864200592041,1793.2407882270054
4988.0,9.598780632019043,2.5030524730682373,1793.5438816410024
4989.0,9.833169937133789,2.5155112743377686,1793.8356185740122
4990.0,6.879098892211914,1.704799771308899,1794.1149059890013
4991.0,6.612154006958008,2.0881240367889404,1794.3949233840103
4992.0,26.009906768798828,4.955728530883789,1794.698497166013
4993.0,62.1838493347168,5.487179756164551,1795.0400817440095
4994.0,23.87246322631836,4.030987739562988,1795.3358288480085
4995.0,17.87750244140625,4.138288497924805,1795.6250819900015
4996.0,46.38621520996094,5.332139015197754,1795.906373359001
4997.0,16.6885929107666,2.9616663455963135,1796.2024139140121
4998.0,11.361347198486328,2.362989664077759,1796.502105151012
4999.0,7.305535316467285,1.7408915758132935,1796.7940745180094
5000.0,5.711345672607422,1.7309962511062622,1797.0729101220059
5001.0,13.69782829284668,3.052319049835205,1803.33633225401
5002.0,10.130966186523438,2.78794527053833,1803.624036638008
5003.0,7.604260444641113,1.9290966987609863,1803.908735695004
5004.0,61.27165603637695,7.069404602050781,1804.196008731
5005.0,9.117189407348633,2.036043643951416,1804.4871695640031
5006.0,6.805300235748291,1.897054672241211,1804.7728180070117
5007.0,12.175540924072266,2.591775417327881,1805.057303916008
5008.0,21.27538299560547,4.424523830413818,1805.3506375740108
5009.0,25.402782440185547,3.8407108783721924,1805.6509011900052
5010.0,20.37664031982422,3.9180519580841064,1805.9295744410047
5011.0,11.779779434204102,2.4306752681732178,1806.213414252008
5012.0,6.878384590148926,1.6320289373397827,1806.5221412829997
5013.0,8.937761306762695,2.181962251663208,1806.8113609290012
5014.0,7.51755952835083,2.041283130645752,1807.1074766640086
5015.0,9.269928932189941,2.0600476264953613,1807.4150977980025
5016.0,13.315864562988281,2.884608507156372,1807.709755556003
5017.0,9.406487464904785,2.3587615489959717,1808.008611340003
5018.0,16.26653289794922,3.0269675254821777,1808.3156869480008
5019.0,19.813276290893555,4.20078182220459,1808.6191189689998
5020.0,4.697102069854736,1.2819902896881104,1808.9158308220067
5021.0,13.731273651123047,3.6045918464660645,1809.212856467013
5022.0,38.54661560058594,5.544899940490723,1809.5282046780048
5023.0,3.236326217651367,0.9590173363685608,1809.8302514020033
5024.0,20.168170928955078,3.50626540184021,1810.1288405510131
5025.0,25.340911865234375,4.698232650756836,1810.4137861820054
5026.0,28.598308563232422,4.035817623138428,1810.6991520100128
5027.0,8.871203422546387,1.9170974493026733,1810.9942980320047
5028.0,9.68713092803955,2.498422861099243,1811.275462481004
5029.0,25.50579833984375,4.526535511016846,1811.5739186160063
5030.0,77.98777770996094,8.81069278717041,1811.8688431170012
5031.0,47.765926361083984,7.990736484527588,1812.1557178420044
5032.0,46.55630111694336,7.688720703125,1812.4624467329995
5033.0,6.898135185241699,1.743615746498108,1812.7477481910028
5034.0,9.100317001342773,2.445505142211914,1813.0559610820055
5035.0,8.228468894958496,2.376011371612549,1813.3427217840072
5036.0,22.4715518951416,4.3314924240112305,1813.6274019740085
5037.0,32.49008560180664,5.595093727111816,1813.915652954005
5038.0,48.31467819213867,6.873715400695801,1814.2170413610002
5039.0,19.51457977294922,4.485129356384277,1814.5257420180133
5040.0,12.905574798583984,3.590266227722168,1814.8252909060102
5041.0,22.421401977539062,5.0313239097595215,1815.1077856290067
5042.0,8.783222198486328,2.3277523517608643,1815.4137681790016
5043.0,24.256322860717773,4.032269477844238,1815.7040823090065
5044.0,6.8324995040893555,1.8215051889419556,1815.9817257950053
5045.0,17.681922912597656,3.335376024246216,1816.284191949002
5046.0,21.29949951171875,3.615938663482666,1816.5674154740118
5047.0,10.228172302246094,2.7651445865631104,1816.8503320300078
5048.0,29.902843475341797,4.907740116119385,1817.144231667
5049.0,13.581428527832031,3.0921738147735596,1817.43343001201
5050.0,19.20925521850586,3.602891445159912,1817.7342222090083
5051.0,8.946125984191895,1.8185678720474243,1818.0358873010118
5052.0,11.194416046142578,2.342996835708618,1818.326028690004
5053.0,24.766780853271484,4.762807846069336,1818.6002389710047
5054.0,8.949176788330078,2.291746139526367,1818.8782549780008
5055.0,117.98133087158203,12.925951957702637,1819.1574178630108
5056.0,9.90780258178711,2.7299232482910156,1819.4358419580094
5057.0,11.208734512329102,2.5763816833496094,1819.7129487620114
5058.0,12.285982131958008,2.7171616554260254,1819.9870302330091
5059.0,26.848491668701172,4.487453460693359,1820.3000575750048
5060.0,16.092731475830078,3.812270402908325,1820.5910014399997
5061.0,39.61911392211914,6.641849517822266,1820.885628670003
5062.0,43.210227966308594,6.053078651428223,1821.1878484250046
5063.0,8.888761520385742,1.9676249027252197,1821.4653634800052
5064.0,19.50299835205078,3.7420477867126465,1821.753294315
5065.0,23.12225341796875,3.8390543460845947,1822.065734052012
5066.0,16.79440689086914,3.4841830730438232,1822.3771322170069
5067.0,25.0489444732666,4.049739837646484,1822.674961420009
5068.0,9.262246131896973,2.4295706748962402,1822.9658544330014
5069.0,6.719040393829346,1.5121573209762573,1823.2682871900033
5070.0,6.957598686218262,1.8453187942504883,1823.5598097150068
5071.0,17.48593521118164,2.993746757507324,1823.8643047730002
5072.0,11.8375244140625,2.430734872817993,1824.1467273090093
5073.0,7.9268035888671875,1.9237147569656372,1824.432991987007
5074.0,22.048851013183594,4.709222793579102,1824.7465941260016
5075.0,15.839255332946777,3.009127616882324,1825.0345457020012
5076.0,113.27267456054688,17.71630859375,1825.329588352004
5077.0,14.349361419677734,2.9059560298919678,1825.6376570550055
5078.0,9.088913917541504,2.079021453857422,1825.919890463003
5079.0,11.089016914367676,3.240473747253418,1826.211694580008
5080.0,49.22041320800781,5.097644329071045,1826.4872776970005
5081.0,12.910633087158203,2.7719836235046387,1826.7720611960103
5082.0,5.061774253845215,1.2900277376174927,1827.079917615003
5083.0,35.788719177246094,5.902275562286377,1827.3662844950013
5084.0,96.11946868896484,13.881937026977539,1827.6536081310041
5085.0,81.91931915283203,8.223663330078125,1827.958259062012
5086.0,21.503562927246094,4.188992977142334,1828.265718367009
5087.0,39.31463623046875,6.631309509277344,1828.5554887590115
5088.0,66.42692565917969,8.456859588623047,1828.8740353780013
5089.0,30.020294189453125,4.814213275909424,1829.1525396850047
5090.0,12.261253356933594,2.3031277656555176,1829.461681590008
5091.0,54.700557708740234,6.850891590118408,1829.7333138350077
5092.0,12.913711547851562,2.606088399887085,1830.0170205460017
5093.0,6.297660827636719,1.519701361656189,1830.3263600650098
5094.0,27.998727798461914,4.309408664703369,1830.6214456490125
5095.0,5.644331455230713,1.4298756122589111,1830.9089884400018
5096.0,25.680192947387695,4.159221172332764,1831.181125359013
5097.0,48.68960952758789,5.8912553787231445,1831.5077372560045
5098.0,5.347003936767578,1.5026596784591675,1831.80375674901
5099.0,15.018295288085938,3.5660693645477295,1832.0994979710085
5100.0,64.25434875488281,10.636974334716797,1832.3825259880105
5101.0,30.237260818481445,4.31699800491333,1838.3198210660048
5102.0,29.542491912841797,4.525641441345215,1838.6068143110024
5103.0,20.406997680664062,3.627091646194458,1838.9013345929998
5104.0,18.676761627197266,3.413750410079956,1839.1799625120038
5105.0,8.792531967163086,2.358901023864746,1839.4723536290112
5106.0,17.854949951171875,3.5463032722473145,1839.7603718770115
5107.0,15.422473907470703,4.231185436248779,1840.075517616002
5108.0,27.660438537597656,4.771036148071289,1840.3720862980117
5109.0,18.546411514282227,3.9580342769622803,1840.693517962005
5110.0,10.252713203430176,2.8776469230651855,1841.079999458001
5111.0,21.945770263671875,3.349411964416504,1841.3793058470037
5112.0,6.4319047927856445,1.5292575359344482,1841.6956797450111
5113.0,11.11449146270752,2.855729103088379,1841.9753573790076
5114.0,11.271750450134277,2.6181116104125977,1842.309835965003
5115.0,12.247056007385254,2.961043119430542,1842.6330217190116
5116.0,8.891035079956055,2.143279552459717,1842.9381869770004
5117.0,24.5506591796875,4.736515998840332,1843.2552205220127
5118.0,9.34985065460205,2.4502058029174805,1843.6391133860016
5119.0,13.0240478515625,3.072073221206665,1843.9188988390088
5120.0,11.18871784210205,2.5599405765533447,1844.2180901690008
5121.0,10.85132884979248,2.2723639011383057,1844.532122240009
5122.0,16.753437042236328,3.2590157985687256,1844.8702596479998
5123.0,49.80735778808594,7.29750919342041,1845.1735707340122
5124.0,7.50222110748291,2.0534396171569824,1845.490457279011
5125.0,5.761353969573975,1.6463063955307007,1845.806121327012
5126.0,7.262389183044434,2.1592185497283936,1846.1321018029994
5127.0,22.086170196533203,4.022955417633057,1846.4425861380005
5128.0,9.320819854736328,1.9406980276107788,1846.779479792007
5129.0,15.658245086669922,3.0563290119171143,1847.1145573510003
5130.0,7.77646017074585,1.7189841270446777,1847.486933748005
5131.0,9.77249526977539,1.944065809249878,1847.7764430060051
5132.0,13.817526817321777,2.8758904933929443,1848.086131619013
5133.0,36.62937927246094,4.977076530456543,1848.3923449930007
5134.0,24.078575134277344,3.8111722469329834,1848.7028831690113
5135.0,159.50216674804688,22.1292781829834,1849.0797395530099
5136.0,9.272174835205078,2.003507614135742,1849.3646307360032
5137.0,37.531375885009766,4.901754379272461,1849.6485126820044
5138.0,13.794402122497559,3.0555214881896973,1849.9416735870036
5139.0,10.444839477539062,2.423530340194702,1850.2235527230077
5140.0,13.818248748779297,3.434185266494751,1850.5003519279999
5141.0,9.499292373657227,2.041661024093628,1850.7809082099993
5142.0,22.347904205322266,3.9462974071502686,1851.0668852100061
5143.0,9.376786231994629,1.6190725564956665,1851.3663104580046
5144.0,23.013267517089844,4.28521728515625,1851.6605588670063
5145.0,23.038253784179688,3.85367751121521,1851.9946154120116
5146.0,10.9839448928833,2.5867905616760254,1852.280751831
5147.0,5.605349063873291,1.617867112159729,1852.5837406860082
5148.0,17.31686782836914,3.4169156551361084,1852.8642333000025
5149.0,6.476714611053467,1.6281723976135254,1853.1579590879992
5150.0,90.70449829101562,10.172595977783203,1853.4528124810022
5151.0,19.927330017089844,3.516183614730835,1853.7405156940076
5152.0,10.061935424804688,2.4961705207824707,1854.0372332700063
5153.0,12.51478099822998,2.935955047607422,1854.327175826009
5154.0,41.178043365478516,6.120800971984863,1854.6327725220035
5155.0,9.406572341918945,2.3533194065093994,1854.910139162006
5156.0,56.545372009277344,8.188726425170898,1855.1808482000051
5157.0,19.21854591369629,3.572511911392212,1855.4573471260082
5158.0,36.67705154418945,5.5527143478393555,1855.736010068009
5159.0,67.8673324584961,8.390515327453613,1856.0341102920065
5160.0,9.001919746398926,2.294593095779419,1856.3191051970061
5161.0,10.127176284790039,2.867671012878418,1856.6158504230116
5162.0,19.712726593017578,3.622633457183838,1856.9020937340101
5163.0,15.136310577392578,3.613818645477295,1857.1991464349994
5164.0,8.173609733581543,2.1369330883026123,1857.4885393800068
5165.0,12.122159957885742,2.7990610599517822,1857.8439770210098
5166.0,17.779563903808594,4.331190586090088,1858.134792915007
5167.0,7.8589887619018555,2.2224724292755127,1858.4322074710071
5168.0,15.186187744140625,3.0212297439575195,1858.7212914850097
5169.0,26.309144973754883,4.3192315101623535,1858.996371434012
5170.0,22.287334442138672,3.889573812484741,1859.2679736070131
5171.0,7.173966884613037,1.722471833229065,1859.5496265210095
5172.0,19.235973358154297,3.8372180461883545,1859.8281484470062
5173.0,14.581266403198242,3.0343477725982666,1860.1023258800124
5174.0,9.914528846740723,2.1667375564575195,1860.3904523140081
5175.0,48.69816589355469,5.130253791809082,1860.686812562999
5176.0,104.7750244140625,9.813309669494629,1860.9679757390113
5177.0,5.6570024490356445,1.480330228805542,1861.2647701410024
5178.0,9.032903671264648,2.118572235107422,1861.5583705760073
5179.0,36.390159606933594,6.7141923904418945,1861.8456374640082
5180.0,23.16427230834961,5.146379470825195,1862.122012716005
5181.0,11.199377059936523,2.6384775638580322,1862.4109375920088
5182.0,9.081470489501953,2.1131856441497803,1862.689322161008
5183.0,22.79332733154297,4.72261905670166,1862.9637667930074
5184.0,17.994346618652344,3.553316831588745,1863.265574916004
5185.0,25.408369064331055,4.792326927185059,1863.5691956610099
5186.0,10.378273010253906,2.5277228355407715,1863.8562063390127
5187.0,22.17171287536621,4.793213844299316,1864.1407839500025
5188.0,12.305356979370117,2.632767915725708,1864.4380970860075
5189.0,40.607643127441406,5.855171203613281,1864.7173807970103
5190.0,12.469812393188477,2.916203737258911,1865.01159874101
5191.0,11.004936218261719,2.546517848968506,1865.2946440619999
5192.0,29.232757568359375,6.544387340545654,1865.5902956800128
5193.0,14.728315353393555,2.9226059913635254,1865.8913259850087
5194.0,23.394039154052734,4.83114767074585,1866.1670162110095
5195.0,8.972661018371582,2.3197734355926514,1866.456046473002
5196.0,10.150514602661133,2.3715128898620605,1866.7347292660124
5197.0,11.360675811767578,3.0500648021698,1867.0183203650085
5198.0,20.863330841064453,4.145902633666992,1867.2951602430112
5199.0,39.604190826416016,5.479191303253174,1867.5926713020017
5200.0,14.759712219238281,2.994173049926758,1867.8719925680052
5201.0,15.07437515258789,2.6450068950653076,1873.7347231029999
5202.0,27.687410354614258,4.2787580490112305,1874.0275779130025
5203.0,55.53303909301758,6.330573081970215,1874.3122985990049
5204.0,9.948183059692383,2.661078691482544,1874.623229359
5205.0,5.5248589515686035,1.4974522590637207,1874.9367440570059
5206.0,15.683610916137695,2.9622673988342285,1875.2258296070067
5207.0,48.837242126464844,5.801273822784424,1875.5180687070097
5208.0,28.949512481689453,4.640145778656006,1875.8115662550117
5209.0,38.75943374633789,5.277756690979004,1876.0963808080123
5210.0,68.260009765625,7.323973655700684,1876.378999328008
5211.0,116.28717803955078,13.592625617980957,1876.6794976230012
5212.0,8.551321029663086,2.0998616218566895,1876.969441150999
5213.0,27.169103622436523,5.708362102508545,1877.262526289007
5214.0,29.422344207763672,4.724416255950928,1877.548479404999
5215.0,15.054182052612305,3.0083513259887695,1877.841168969011
5216.0,138.26235961914062,19.92898178100586,1878.1320699880016
5217.0,13.854488372802734,2.8117377758026123,1878.4110235850094
5218.0,10.366374015808105,2.7719807624816895,1878.6949158110074
5219.0,30.49921417236328,5.168335914611816,1879.0028864310007
5220.0,7.5367751121521,1.8532419204711914,1879.2824500970019
5221.0,25.665996551513672,4.739378452301025,1879.5599574120133
5222.0,24.28729248046875,5.943759441375732,1879.847502442004
5223.0,17.389366149902344,3.907341718673706,1880.136479756009
5224.0,122.89734649658203,12.0509033203125,1880.4304976530111
5225.0,14.228254318237305,3.069720506668091,1880.7159012360062
5226.0,6.7697858810424805,1.5965396165847778,1880.9979444940109
5227.0,3.654242992401123,0.9681823253631592,1881.2798333110113
5228.0,3.333256483078003,0.9688541889190674,1881.5615150680096
5229.0,48.260982513427734,5.761009216308594,1881.8565694990102
5230.0,24.24347686767578,3.1930837631225586,1882.1544046269992
5231.0,15.996538162231445,3.888988494873047,1882.449722587
5232.0,10.671871185302734,2.4814553260803223,1882.7511649630032
5233.0,45.77032470703125,5.366588115692139,1883.023112187002
5234.0,16.751455307006836,3.2986035346984863,1883.3175033760053
5235.0,29.243408203125,4.460695743560791,1883.6101372830017
5236.0,28.303916931152344,5.057326316833496,1883.890886379013
5237.0,15.027177810668945,2.732529401779175,1884.170948843006
5238.0,12.266305923461914,3.206017255783081,1884.4532572930038
5239.0,29.80440902709961,4.5172553062438965,1884.7382123930001
5240.0,6.752954006195068,2.0433497428894043,1885.0302133910009
5241.0,12.89369010925293,3.2800240516662598,1885.3841857350053
5242.0,32.10209655761719,4.974849700927734,1885.6692175880016
5243.0,11.460891723632812,2.7716851234436035,1885.9392254530103
5244.0,5.811313152313232,1.4473979473114014,1886.2205580110021
5245.0,21.815860748291016,5.501889228820801,1886.5125800480018
5246.0,12.65155029296875,3.324985980987549,1886.8206278319994
5247.0,28.978532791137695,4.994075298309326,1887.1280191230035
5248.0,9.202914237976074,2.204197406768799,1887.4393037350092
5249.0,23.35784149169922,4.328911304473877,1887.728433086013
5250.0,7.075863838195801,1.7615718841552734,1888.0222027179989
5251.0,9.184629440307617,2.3753151893615723,1888.3312239730003
5252.0,80.6695785522461,10.203926086425781,1888.670620822013
5253.0,30.523731231689453,4.936383247375488,1888.9697119650082
5254.0,48.20890808105469,7.3376784324646,1889.276448929013
5255.0,17.658214569091797,3.271653175354004,1889.5842334830086
5256.0,27.696535110473633,5.061588764190674,1889.895671546008
5257.0,12.193157196044922,2.7771308422088623,1890.1798324180127
5258.0,30.289081573486328,5.248090744018555,1890.4844894550042
5259.0,36.94783020019531,5.508090496063232,1890.782335269003
5260.0,23.326488494873047,4.663487911224365,1891.1115554370044
5261.0,7.966280460357666,2.103706121444702,1891.4095093490032
5262.0,7.195037841796875,1.9319387674331665,1891.7297033150098
5263.0,26.393600463867188,4.439214706420898,1892.0004657579993
5264.0,51.690982818603516,8.134332656860352,1892.2861471080105
5265.0,46.952850341796875,8.28446102142334,1892.5854733209999
5266.0,19.819597244262695,4.12158727645874,1892.8727251110104
5267.0,23.37767791748047,4.868729591369629,1893.1777096820006
5268.0,28.10578155517578,4.77724552154541,1893.4797981840093
5269.0,23.329538345336914,4.375184535980225,1893.7921975830104
5270.0,26.5101318359375,4.1765360832214355,1894.1015910580027
5271.0,8.38424015045166,1.889267921447754,1894.397560436002
5272.0,19.439449310302734,4.190306663513184,1894.7486026270053
5273.0,14.763565063476562,3.472223997116089,1895.0541311859997
5274.0,29.182634353637695,4.882585048675537,1895.344992216007
5275.0,29.979875564575195,5.500916957855225,1895.6569735630037
5276.0,24.501306533813477,4.28991174697876,1895.9565972080018
5277.0,9.960853576660156,2.3970906734466553,1896.2444441090047
5278.0,16.58247184753418,3.7031607627868652,1896.5440104590089
5279.0,41.67585754394531,6.379905700683594,1896.8334285220044
5280.0,7.548829078674316,1.846824049949646,1897.1068384570099
5281.0,22.208133697509766,3.712418794631958,1897.3955548130034
5282.0,9.79236125946045,2.209822416305542,1897.678814703002
5283.0,18.12081527709961,4.037694454193115,1897.9575527289999
5284.0,10.481988906860352,2.5673773288726807,1898.2387863420008
5285.0,6.0227460861206055,1.6158158779144287,1898.5280038460041
5286.0,9.506114959716797,2.3455121517181396,1898.810916153001
5287.0,6.331772804260254,1.7360398769378662,1899.0963458960032
5288.0,9.827681541442871,2.6220030784606934,1899.388383810001
5289.0,23.57622718811035,4.355921268463135,1899.6837060550024
5290.0,9.703795433044434,2.6485483646392822,1899.9743899390014
5291.0,11.484518051147461,2.8515496253967285,1900.2628057450056
5292.0,15.446615219116211,3.524719476699829,1900.5574102040118
5293.0,17.96903419494629,4.56645393371582,1900.8291142660019
5294.0,20.640483856201172,3.708108425140381,1901.102539095009
5295.0,24.29553985595703,3.4439775943756104,1901.3814587800007
5296.0,5.815810203552246,1.2700634002685547,1901.6583464900032
5297.0,24.357868194580078,4.872512340545654,1901.948210063012
5298.0,33.726680755615234,4.9563775062561035,1902.2330356370076
5299.0,9.017738342285156,2.6417737007141113,1902.5259667740029
5300.0,5.751437664031982,1.575833797454834,1902.8144295960083
5301.0,32.830039978027344,5.594381809234619,1908.821428146999
5302.0,14.591629028320312,3.3070030212402344,1909.1185239140032
5303.0,14.448858261108398,2.7688632011413574,1909.4203729310102
5304.0,26.916107177734375,4.990363597869873,1909.7037283980026
5305.0,13.434815406799316,2.83359956741333,1909.9934235300025
5306.0,8.79599666595459,2.41342830657959,1910.281515781011
5307.0,67.88450622558594,9.119436264038086,1910.5872568910127
5308.0,47.94180679321289,6.171772480010986,1910.8834653670056
5309.0,30.635053634643555,4.248322010040283,1911.181454939011
5310.0,11.724298477172852,2.933051824569702,1911.4811491700093
5311.0,23.91904067993164,4.661964416503906,1911.7751432830119
5312.0,8.781389236450195,2.424931526184082,1912.0664896220114
5313.0,36.09477615356445,5.277182579040527,1912.3535850800108
5314.0,33.17328643798828,5.134350299835205,1912.640956414005
5315.0,70.12873840332031,8.665871620178223,1912.9082394330035
5316.0,5.321216583251953,1.387180209159851,1913.1961728310125
5317.0,10.137307167053223,2.313343048095703,1913.494263272005
5318.0,27.720989227294922,4.753332614898682,1913.780284671011
5319.0,6.677772045135498,1.747876524925232,1914.090427690011
5320.0,6.631654262542725,1.5713006258010864,1914.3701763540012
5321.0,7.395600318908691,1.8588546514511108,1914.6531130900112
5322.0,4.023089408874512,1.1528726816177368,1914.941292833013
5323.0,8.896748542785645,2.197190523147583,1915.2288246300013
5324.0,82.82975769042969,7.961341381072998,1915.5232901130075
5325.0,29.849956512451172,4.816609859466553,1915.8097293070023
5326.0,14.775484085083008,3.3522567749023438,1916.1051600560022
5327.0,31.927326202392578,5.334028720855713,1916.387725064007
5328.0,32.115238189697266,4.63408899307251,1916.6826694910123
5329.0,5.618551254272461,1.5523922443389893,1916.9759588340094
5330.0,8.36125659942627,2.0966904163360596,1917.2686635100108
5331.0,7.381476879119873,1.7833269834518433,1917.5544474540075
5332.0,7.482926368713379,2.062619924545288,1917.8480544190097
5333.0,21.568645477294922,3.6441681385040283,1918.1407300070132
5334.0,28.1146183013916,4.426212310791016,1918.423365723007
5335.0,9.49771499633789,2.5569446086883545,1918.724031721009
5336.0,6.7615838050842285,1.6625194549560547,1918.9971351640124
5337.0,132.47503662109375,19.668033599853516,1919.2993828780018
5338.0,66.17461395263672,7.9914326667785645,1919.596408287005
5339.0,32.747161865234375,4.903391361236572,1919.8773139789992
5340.0,18.325687408447266,3.1807775497436523,1920.1625940140075
5341.0,15.912797927856445,2.6374778747558594,1920.4447174750094
5342.0,11.831209182739258,3.167099714279175,1920.725410501007
5343.0,10.369194030761719,2.212254524230957,1921.0055173020082
5344.0,34.96882629394531,5.600532531738281,1921.2856534790044
5345.0,4.566987991333008,1.2005575895309448,1921.580670412004
5346.0,12.780577659606934,2.812272310256958,1921.8796902380127
5347.0,24.65880584716797,4.827584266662598,1922.1634693000087
5348.0,20.326766967773438,4.072961807250977,1922.4588435400074
5349.0,28.487625122070312,4.54412841796875,1922.7461822760088
5350.0,14.574405670166016,2.9350082874298096,1923.0260031890066
5351.0,28.38640022277832,5.085360050201416,1923.3550746870023
5352.0,9.677204132080078,1.9953362941741943,1923.658731693009
5353.0,18.423234939575195,3.3862106800079346,1923.9544276750094
5354.0,22.955604553222656,3.7542293071746826,1924.2431867010018
5355.0,9.703064918518066,2.454458713531494,1924.5512473390118
5356.0,19.444683074951172,3.999721050262451,1924.8650607610034
5357.0,29.9719181060791,5.013082027435303,1925.1523844870098
5358.0,6.305249214172363,1.5139356851577759,1925.4414465200098
5359.0,21.389705657958984,4.576251029968262,1925.7221923830075
5360.0,14.165989875793457,3.160562038421631,1926.0078239200084
5361.0,90.7425537109375,10.664098739624023,1926.2999988290103
5362.0,7.300538539886475,1.7885360717773438,1926.5852435570123
5363.0,35.1768798828125,5.987598896026611,1926.8880613820074
5364.0,11.921649932861328,3.187500476837158,1927.1762928460084
5365.0,11.461874961853027,2.5517799854278564,1927.4750930260052
5366.0,22.311290740966797,3.849377393722534,1927.7611799570004
5367.0,19.9270076751709,4.202111721038818,1928.039301256009
5368.0,31.24846839904785,5.391663074493408,1928.321477741003
5369.0,44.9298095703125,6.844816207885742,1928.6239981399995
5370.0,33.97305679321289,5.2684831619262695,1928.9130111250124
5371.0,11.319890975952148,2.7964162826538086,1929.1864531080064
5372.0,13.82330322265625,3.037827968597412,1929.4686605040042
5373.0,18.659435272216797,3.467095375061035,1929.7543638120114
5374.0,7.374768257141113,2.007922410964966,1930.0512758880068
5375.0,59.36185836791992,6.657486438751221,1930.3531675460108
5376.0,147.69866943359375,15.841598510742188,1930.65556112201
5377.0,54.71736145019531,6.503469944000244,1930.9441032310133
5378.0,14.843866348266602,2.8990747928619385,1931.2477459690126
5379.0,17.876583099365234,4.085640907287598,1931.5308118810062
5380.0,11.555095672607422,2.793083667755127,1931.8039342160046
5381.0,29.993301391601562,4.553318500518799,1932.0887374540034
5382.0,6.534151554107666,1.7856611013412476,1932.3750396399992
5383.0,9.40427017211914,2.2313482761383057,1932.6874328720005
5384.0,7.073701858520508,1.6207042932510376,1932.960401106
5385.0,27.572769165039062,4.402015686035156,1933.239558197005
5386.0,49.64777374267578,6.853280544281006,1933.540618429004
5387.0,8.608675003051758,1.9264649152755737,1933.8186047769996
5388.0,15.093545913696289,3.696380376815796,1934.092572271009
5389.0,32.61326599121094,4.697390556335449,1934.389421179003
5390.0,15.632020950317383,3.040085792541504,1934.6739046370058
5391.0,11.52130126953125,2.756082773208618,1934.9764916540007
5392.0,19.180221557617188,3.5884249210357666,1935.2716223730094
5393.0,8.82627010345459,2.0979223251342773,1935.5662851160014
5394.0,50.0030403137207,6.291110038757324,1935.8533255540096
5395.0,11.255125045776367,2.846221446990967,1936.1502811020036
5396.0,22.189250946044922,4.301006317138672,1936.446341709001
5397.0,8.237689971923828,2.2724266052246094,1936.7367457770015
5398.0,6.864398002624512,1.837838888168335,1937.0142479540082
5399.0,20.08161735534668,4.032731056213379,1937.2920458420122
5400.0,11.197759628295898,2.6482555866241455,1937.5780031540053
5401.0,10.558013916015625,2.3673908710479736,1943.7621943539998
5402.0,19.2994384765625,4.596338748931885,1944.0725072080095
5403.0,21.877941131591797,3.9175355434417725,1944.3690004780074
5404.0,4.846005439758301,1.2001423835754395,1944.6859543720057
5405.0,8.213785171508789,2.031028985977173,1944.9720116500102
5406.0,7.727811336517334,1.9709491729736328,1945.2620546740072
5407.0,7.257449150085449,1.896917462348938,1945.5507855220058
5408.0,6.618067741394043,1.6835765838623047,1945.8572545600036
5409.0,5.614123344421387,1.3849215507507324,1946.1714149190084
5410.0,6.381794452667236,1.5631955862045288,1946.4691217400105
5411.0,6.452315330505371,1.5606732368469238,1946.7675078860048
5412.0,4.832557201385498,1.21336829662323,1947.053036866011
5413.0,8.107617378234863,1.9034433364868164,1947.3317299560003
5414.0,84.59709167480469,9.462388038635254,1947.6361885120132
5415.0,25.803091049194336,4.098507404327393,1947.9280698540097
5416.0,18.06711196899414,3.7102179527282715,1948.21824410501
5417.0,6.865302085876465,1.816024661064148,1948.5122913460073
5418.0,45.725746154785156,5.853752613067627,1948.7967251360096
5419.0,44.3701286315918,5.443422317504883,1949.1011167120014
5420.0,18.619686126708984,3.7410888671875,1949.4076833430008
5421.0,19.431251525878906,3.5162622928619385,1949.701686335
5422.0,45.516571044921875,5.1585869789123535,1949.988249883012
5423.0,38.9959602355957,8.644936561584473,1950.2744572670053
5424.0,34.60578536987305,5.558705806732178,1950.555118329008
5425.0,38.20188522338867,5.551095008850098,1950.831494900005
5426.0,7.423152923583984,2.008080005645752,1951.1203006440046
5427.0,11.892290115356445,2.610903739929199,1951.3950929030107
5428.0,36.350772857666016,6.375295162200928,1951.6774233930046
5429.0,24.433671951293945,4.773752212524414,1951.9851015599997
5430.0,10.475955963134766,2.896993398666382,1952.2653561680054
5431.0,14.757610321044922,3.44553804397583,1952.5690945980023
5432.0,10.430253982543945,2.3383212089538574,1952.8874111920013
5433.0,36.27536392211914,5.648624420166016,1953.1582171180053
5434.0,12.278594970703125,3.078643560409546,1953.4350729270082
5435.0,117.47798156738281,11.548471450805664,1953.7093449390086
5436.0,7.983255386352539,1.8070379495620728,1953.987016583007
5437.0,16.958175659179688,2.864023447036743,1954.2845303290087
5438.0,7.369433403015137,2.060640811920166,1954.5904160220089
5439.0,26.093318939208984,4.391260147094727,1954.8717145700066
5440.0,32.61309051513672,5.092897891998291,1955.1617173090053
5441.0,16.150524139404297,3.306119441986084,1955.4599995820026
5442.0,30.903240203857422,5.56141996383667,1955.7352490440098
5443.0,18.124698638916016,3.385843515396118,1956.0254105570057
5444.0,36.3729362487793,5.149395942687988,1956.320537429012
5445.0,17.213394165039062,4.063511371612549,1956.6162542110105
5446.0,49.91516876220703,6.675960540771484,1956.9058123700088
5447.0,17.559768676757812,4.144663333892822,1957.214179556002
5448.0,10.1549072265625,2.6492955684661865,1957.5046696089994
5449.0,21.750709533691406,4.175171852111816,1957.784640184007
5450.0,15.082788467407227,2.6523520946502686,1958.0844695100095
5451.0,6.351880073547363,1.5989725589752197,1958.3591128160042
5452.0,7.283915996551514,1.953342080116272,1958.6462714600057
5453.0,18.735824584960938,3.3957417011260986,1958.9371785090043
5454.0,14.588983535766602,3.1957902908325195,1959.2230676430045
5455.0,13.882617950439453,2.7896177768707275,1959.5078178960102
5456.0,13.677324295043945,2.920520067214966,1959.7898826860037
5457.0,8.057129859924316,1.7338433265686035,1960.0640505520132
5458.0,6.428130149841309,1.7424920797348022,1960.3418397260102
5459.0,8.850668907165527,2.3623929023742676,1960.6304042789998
5460.0,36.23191452026367,4.595778465270996,1960.9133839980059
5461.0,6.696355819702148,1.641493558883667,1961.1844130310055
5462.0,28.837745666503906,5.604791641235352,1961.4760728580004
5463.0,17.37938117980957,3.5632312297821045,1961.7489048499992
5464.0,8.865260124206543,2.2412538528442383,1962.039177388011
5465.0,40.741432189941406,6.339764595031738,1962.326440740013
5466.0,13.450977325439453,2.753849506378174,1962.6409640250058
5467.0,21.621200561523438,4.34405517578125,1962.9220924620022
5468.0,9.726194381713867,2.7664268016815186,1963.2152386630041
5469.0,21.244407653808594,3.719883680343628,1963.5126043980126
5470.0,26.463388442993164,5.424986362457275,1963.7967006140098
5471.0,9.52572250366211,2.44612193107605,1964.092609831001
5472.0,49.139556884765625,6.482293605804443,1964.384082466
5473.0,41.145484924316406,6.785191059112549,1964.7009195880091
5474.0,14.68967056274414,2.9952292442321777,1965.0721704970056
5475.0,39.65805435180664,5.788501262664795,1965.3517828490003
5476.0,25.472381591796875,4.08828067779541,1965.6729372430127
5477.0,35.48789596557617,5.030146598815918,1966.0045048169995
5478.0,8.083775520324707,2.3228137493133545,1966.3085976700095
5479.0,8.538131713867188,2.0954747200012207,1966.6173459540005
5480.0,10.103666305541992,2.622753858566284,1966.8986324970028
5481.0,8.696595191955566,2.2060654163360596,1967.1923724130029
5482.0,63.499290466308594,8.045308113098145,1967.4969780680112
5483.0,5.174224853515625,1.3363935947418213,1967.7887712200027
5484.0,8.022295951843262,2.2224597930908203,1968.0745189330046
5485.0,17.145286560058594,3.5117688179016113,1968.3601053620077
5486.0,7.3232550621032715,2.2114179134368896,1968.6421394159988
5487.0,7.583800315856934,1.9504815340042114,1968.935455815008
5488.0,23.30419158935547,3.4222936630249023,1969.2404264340003
5489.0,8.447473526000977,2.261970281600952,1969.5406669020012
5490.0,6.167483329772949,1.4153320789337158,1969.8169152190094
5491.0,16.93292999267578,3.932541847229004,1970.1075184240035
5492.0,42.81086730957031,8.036231994628906,1970.3962966660038
5493.0,11.86227798461914,2.2483441829681396,1970.6835387000028
5494.0,7.189632415771484,1.6977839469909668,1970.9688568370038
5495.0,8.675369262695312,2.5323667526245117,1971.2608152120083
5496.0,9.955901145935059,2.4194695949554443,1971.543862311999
5497.0,45.65587615966797,6.913325786590576,1971.821311332009
5498.0,34.27989959716797,5.697416305541992,1972.0954808130045
5499.0,16.096290588378906,2.8662071228027344,1972.3831935820053
5500.0,48.02560043334961,5.911402225494385,1972.6661588179995
5501.0,7.768608093261719,2.0488035678863525,1979.2194061699993
5502.0,38.864959716796875,6.273436546325684,1979.5185443049995
5503.0,14.768440246582031,3.3166799545288086,1979.8109650140104
5504.0,8.906432151794434,2.0903921127319336,1980.1095863619994
5505.0,5.43693733215332,1.46598482131958,1980.3820016509999
5506.0,11.894638061523438,3.0473110675811768,1980.6825693819992
5507.0,19.750621795654297,4.747085094451904,1980.9733905260073
5508.0,5.786675453186035,1.6356207132339478,1981.2662357590016
5509.0,45.960609436035156,6.289066791534424,1981.5883907090029
5510.0,8.663211822509766,2.005505323410034,1981.8740120550065
5511.0,10.033285140991211,2.8570079803466797,1982.15938602401
5512.0,22.542177200317383,3.9691426753997803,1982.466239890011
5513.0,33.846675872802734,5.213144302368164,1982.743043171009
5514.0,13.878461837768555,3.2322938442230225,1983.0196265640116
5515.0,13.050773620605469,3.1656246185302734,1983.317330306003
5516.0,11.096996307373047,2.6095104217529297,1983.6329384010023
5517.0,27.23540496826172,5.397679328918457,1983.9417085200112
5518.0,39.15244674682617,6.212669372558594,1984.2567678560008
5519.0,6.0709662437438965,1.4534674882888794,1984.5482141930115
5520.0,45.32280349731445,4.326959609985352,1984.8271233380074
5521.0,9.058904647827148,2.2515616416931152,1985.1270377140027
5522.0,24.012577056884766,3.990504741668701,1985.4266747720103
5523.0,98.51516723632812,9.678359985351562,1985.7096612370078
5524.0,25.35529327392578,4.179286003112793,1985.995509837012
5525.0,6.235273838043213,1.5597807168960571,1986.279637383006
5526.0,27.9630126953125,5.088214874267578,1986.5763720579998
5527.0,26.065921783447266,4.6320085525512695,1986.8656994150078
5528.0,53.2685432434082,6.175549030303955,1987.150778346011
5529.0,13.984006881713867,2.599304676055908,1987.4537516830023
5530.0,44.12620162963867,6.908290863037109,1987.7621474510088
5531.0,46.5181884765625,6.234442234039307,1988.0517321299994
5532.0,15.58341121673584,2.9311635494232178,1988.3465917420108
5533.0,9.029569625854492,2.6889772415161133,1988.674634125011
5534.0,14.662010192871094,3.351990222930908,1988.9555227390083
5535.0,32.59979248046875,5.1832098960876465,1989.2291851020127
5536.0,19.080093383789062,3.911386251449585,1989.5235372349998
5537.0,47.26844024658203,5.89858865737915,1989.8118123760069
5538.0,20.869041442871094,3.738725423812866,1990.1072828050092
5539.0,8.973163604736328,2.1428773403167725,1990.3896058730024
5540.0,98.55060577392578,14.80510139465332,1990.6954494080128
5541.0,43.10411834716797,7.047865390777588,1990.9791063590092
5542.0,19.19950294494629,3.659839630126953,1991.2579602000042
5543.0,12.693187713623047,2.6375787258148193,1991.5465541310114
5544.0,27.980419158935547,4.153873443603516,1991.8322792020044
5545.0,5.3149638175964355,1.3873406648635864,1992.1178257700085
5546.0,6.28475284576416,1.3726494312286377,1992.4019722410012
5547.0,32.56963348388672,5.062101364135742,1992.7034760220122
5548.0,38.69727325439453,4.588372230529785,1993.0029032470047
5549.0,8.297611236572266,2.1167585849761963,1993.2765685129998
5550.0,36.08570098876953,5.583784580230713,1993.5636366320105
5551.0,37.91051483154297,5.629246711730957,1993.851964966001
5552.0,9.04813289642334,2.1569011211395264,1994.154373176003
5553.0,21.861495971679688,4.316805362701416,1994.46783727
5554.0,9.140772819519043,2.6122119426727295,1994.7614338020066
5555.0,5.127679824829102,1.4546021223068237,1995.053424276004
5556.0,12.15237808227539,2.5791866779327393,1995.34919933301
5557.0,10.173595428466797,2.8724217414855957,1995.6587359880068
5558.0,8.595827102661133,2.0093610286712646,1995.954533244003
5559.0,6.313283920288086,1.7429835796356201,1996.2378589130094
5560.0,22.524269104003906,3.934446334838867,1996.5337524900096
5561.0,30.05738639831543,4.916354179382324,1996.833594988013
5562.0,28.790416717529297,5.071033000946045,1997.125266441013
5563.0,7.401190757751465,1.8948653936386108,1997.4060406290082
5564.0,16.409929275512695,3.7643489837646484,1997.6992001420003
5565.0,86.39515686035156,9.226997375488281,1998.001342832009
5566.0,30.003835678100586,6.276615142822266,1998.291419170011
5567.0,27.25296401977539,4.527439594268799,1998.5996496680018
5568.0,19.852371215820312,3.5465314388275146,1998.902543794
5569.0,10.898372650146484,2.5162100791931152,1999.1836584929988
5570.0,38.0343017578125,5.694332122802734,1999.4669696760102
5571.0,30.018741607666016,4.608836650848389,1999.7647889310028
5572.0,18.957687377929688,3.529085636138916,2000.0707828830054
5573.0,7.140394687652588,1.9620270729064941,2000.3650999650126
5574.0,9.575443267822266,2.6114485263824463,2000.668273932999
5575.0,17.02908706665039,3.5571157932281494,2000.9703761359997
5576.0,35.91136932373047,5.681918621063232,2001.2627938280057
5577.0,16.329364776611328,3.287961006164551,2001.565198479002
5578.0,40.879150390625,6.301515102386475,2001.8656321310118
5579.0,7.332141876220703,1.7706114053726196,2002.1432735990093
5580.0,27.232162475585938,4.9492716789245605,2002.4447651520022
5581.0,12.249279022216797,2.972363233566284,2002.7403105080011
5582.0,15.508005142211914,3.2009778022766113,2003.0397537570097
5583.0,6.6973419189453125,1.6175535917282104,2003.3392495180015
5584.0,17.656551361083984,3.389890193939209,2003.6251002339995
5585.0,33.07500457763672,4.332852840423584,2003.9106605050038
5586.0,14.102081298828125,3.0022263526916504,2004.194667720003
5587.0,6.302509307861328,1.9237045049667358,2004.4848451750004
5588.0,6.731738567352295,1.7363492250442505,2004.7759695840068
5589.0,102.83470153808594,11.278228759765625,2005.0637877469999
5590.0,8.1270751953125,1.9932340383529663,2005.3540300099994
5591.0,12.258344650268555,2.7574431896209717,2005.6692511830042
5592.0,36.52489471435547,5.167535305023193,2005.972027019001
5593.0,8.703643798828125,2.1386399269104004,2006.2716744370118
5594.0,14.652823448181152,3.2971343994140625,2006.5498487550067
5595.0,31.158077239990234,4.808355808258057,2006.8367762100097
5596.0,25.99506950378418,3.3022053241729736,2007.1196508850117
5597.0,6.509519577026367,1.5347387790679932,2007.4028307430126
5598.0,13.179816246032715,3.1685256958007812,2007.6955463330087
5599.0,6.276422023773193,1.5549837350845337,2007.9799878460035
5600.0,13.057478904724121,2.6033761501312256,2008.2554198220023
5601.0,11.551362991333008,2.8601527214050293,2014.2910432310018
5602.0,10.268045425415039,2.073120594024658,2014.5889496140007
5603.0,59.127708435058594,7.2009596824646,2014.8741477709991
5604.0,7.776103973388672,1.8139740228652954,2015.1623415150098
5605.0,8.686893463134766,2.009936809539795,2015.445207814002
5606.0,6.995980262756348,1.774513840675354,2015.727859164006
5607.0,17.327274322509766,3.3533575534820557,2016.0094770550058
5608.0,13.993413925170898,2.5279414653778076,2016.279261172007
5609.0,18.359256744384766,3.449846029281616,2016.580568616002
5610.0,29.5596923828125,4.435952186584473,2016.8807573950035
5611.0,11.985923767089844,3.2422802448272705,2017.1759558960039
5612.0,18.212661743164062,3.3490633964538574,2017.4784704270132
5613.0,42.048458099365234,5.808216571807861,2017.7824531840015
5614.0,13.766340255737305,2.9099950790405273,2018.0904972260032
5615.0,9.274901390075684,2.0993664264678955,2018.387644269009
5616.0,53.5892333984375,6.30957555770874,2018.7031584500073
5617.0,71.41903686523438,9.844306945800781,2018.9827355740126
5618.0,8.530440330505371,1.8836339712142944,2019.2580656920036
5619.0,7.328291416168213,1.6816715002059937,2019.558139613
5620.0,8.968480110168457,2.2272963523864746,2019.848238067003
5621.0,72.6493148803711,8.260661125183105,2020.1394009750074
5622.0,37.23828887939453,8.24317455291748,2020.4330270800128
5623.0,17.188613891601562,4.061396598815918,2020.7091056500067
5624.0,45.174015045166016,5.268515586853027,2020.9882267810026
5625.0,10.06797981262207,2.7064766883850098,2021.2703577390057
5626.0,22.374969482421875,4.3941650390625,2021.5686955960118
5627.0,17.798748016357422,3.4098782539367676,2021.8806654310029
5628.0,29.610225677490234,4.381405830383301,2022.1801988780062
5629.0,52.17999267578125,7.340047836303711,2022.487860682013
5630.0,13.615612030029297,3.1929759979248047,2022.7931662290066
5631.0,25.707414627075195,4.863710403442383,2023.088006806007
5632.0,5.096396446228027,1.3584187030792236,2023.3729918860045
5633.0,68.95233917236328,7.3054280281066895,2023.6842100430076
5634.0,5.047784805297852,1.2556449174880981,2023.9658943350078
5635.0,34.10934066772461,4.991671085357666,2024.2628162320034
5636.0,21.96029281616211,3.803654909133911,2024.5951720910089
5637.0,7.418686389923096,2.1929123401641846,2024.8896719850018
5638.0,13.30601692199707,2.9707109928131104,2025.1947991360066
5639.0,10.36117172241211,2.213757038116455,2025.4999417080107
5640.0,9.90781021118164,2.4759230613708496,2025.7960512120044
5641.0,11.94939136505127,2.852104425430298,2026.0837050800037
5642.0,35.36188888549805,5.317558288574219,2026.3658033070096
5643.0,11.126338958740234,2.821230173110962,2026.6516466210014
5644.0,40.68520736694336,5.440135478973389,2026.9302049890102
5645.0,5.713271617889404,1.538928508758545,2027.204891649002
5646.0,15.738691329956055,2.694998264312744,2027.5368310420017
5647.0,15.279973983764648,2.997945785522461,2027.8272025750048
5648.0,7.185097694396973,1.882320761680603,2028.1149670940067
5649.0,21.556392669677734,3.5469038486480713,2028.3953722320002
5650.0,10.62015438079834,2.649362325668335,2028.6877488720056
5651.0,8.243095397949219,2.2200963497161865,2029.0690637760126
5652.0,124.77568817138672,12.671174049377441,2029.365799080013
5653.0,22.591079711914062,3.5531978607177734,2029.6757623220037
5654.0,5.528246879577637,1.4619927406311035,2029.9608572220022
5655.0,6.275646209716797,1.6173057556152344,2030.2721442420006
5656.0,22.018218994140625,3.986508846282959,2030.5786843829992
5657.0,125.73851013183594,13.751138687133789,2030.8643969770055
5658.0,12.22274398803711,3.025043487548828,2031.1611871589994
5659.0,15.969383239746094,3.083164691925049,2031.4375908260117
5660.0,26.126033782958984,4.455344200134277,2031.7372914370062
5661.0,18.02295684814453,3.7051613330841064,2032.0267134980095
5662.0,12.20705795288086,2.6994450092315674,2032.2931733110017
5663.0,11.941671371459961,2.980043649673462,2032.5763147320104
5664.0,43.15745544433594,6.980064868927002,2032.8661667800043
5665.0,29.094013214111328,4.304040431976318,2033.1409936960117
5666.0,12.501631736755371,3.2390785217285156,2033.4193274050049
5667.0,16.47796630859375,3.847353219985962,2033.7143798290053
5668.0,13.615013122558594,3.1292641162872314,2034.007246388006
5669.0,53.35136032104492,4.881515026092529,2034.2927014340094
5670.0,23.760204315185547,3.700608730316162,2034.5811167390057
5671.0,23.18083381652832,4.324225425720215,2034.8832803350087
5672.0,31.053192138671875,5.437081813812256,2035.192364855
5673.0,27.3426513671875,4.686385631561279,2035.5125433290086
5674.0,21.727928161621094,4.151342391967773,2035.7977966180042
5675.0,9.171062469482422,2.2054290771484375,2036.0930484530109
5676.0,5.110686779022217,1.5986733436584473,2036.380373456006
5677.0,19.6474609375,4.0786027908325195,2036.67061767001
5678.0,10.143877983093262,1.7874670028686523,2036.9536016870115
5679.0,69.70359802246094,7.782050609588623,2037.2539527920017
5680.0,7.684260368347168,2.0319559574127197,2037.5350669480104
5681.0,7.112481117248535,1.7706685066223145,2037.8102457589994
5682.0,9.209125518798828,2.2861475944519043,2038.0900890120101
5683.0,14.359848022460938,3.952770709991455,2038.3721380120114
5684.0,5.8112993240356445,1.6849114894866943,2038.6694308300066
5685.0,31.642501831054688,5.269906997680664,2038.9636584860127
5686.0,9.150751113891602,2.3828341960906982,2039.2458639280085
5687.0,58.208492279052734,7.355528831481934,2039.525558844005
5688.0,13.535030364990234,2.9149227142333984,2039.8074477460032
5689.0,33.89405059814453,5.013845920562744,2040.0876353660133
5690.0,6.455315113067627,1.6706808805465698,2040.3761401950032
5691.0,8.484143257141113,1.6319276094436646,2040.6713521910133
5692.0,8.866988182067871,1.9768646955490112,2040.9719029510015
5693.0,12.844369888305664,2.9762346744537354,2041.2538146290026
5694.0,10.956521987915039,2.530102491378784,2041.5400781370117
5695.0,23.06406021118164,4.515500545501709,2041.8216343870008
5696.0,5.224615097045898,1.407525897026062,2042.1011838830018
5697.0,17.675168991088867,3.2415835857391357,2042.398671686009
5698.0,89.9306640625,14.601879119873047,2042.6826493610133
5699.0,15.684038162231445,3.0432074069976807,2042.958059171011
5700.0,11.436429977416992,2.5227677822113037,2043.2397455750033
5701.0,27.070140838623047,6.022389888763428,2049.315299712005
5702.0,12.2870512008667,2.5259878635406494,2049.5937917580013
5703.0,10.795506477355957,2.4850692749023438,2049.8956975420006
5704.0,36.816925048828125,5.661930561065674,2050.1726548580045
5705.0,28.671510696411133,4.546911239624023,2050.468435971008
5706.0,13.582937240600586,3.354746103286743,2050.7374056000117
5707.0,27.177215576171875,4.449885845184326,2051.02583172101
5708.0,20.065887451171875,3.8675217628479004,2051.3146045070025
5709.0,13.90102767944336,3.5386290550231934,2051.6068402060046
5710.0,8.59495735168457,1.9745242595672607,2051.910332750005
5711.0,30.70328712463379,5.107327938079834,2052.213031300009
5712.0,17.436214447021484,3.0948684215545654,2052.512430449002
5713.0,31.058027267456055,6.780982971191406,2052.804132911013
5714.0,10.050899505615234,2.5809972286224365,2053.1011354430084
5715.0,80.48912811279297,6.104788780212402,2053.405158271009
5716.0,19.748245239257812,4.3639020919799805,2053.693435523004
5717.0,16.403961181640625,3.0535473823547363,2053.9896978350007
5718.0,36.4598274230957,6.06268835067749,2054.291708600009
5719.0,20.641124725341797,3.3720006942749023,2054.5866383150133
5720.0,17.67197608947754,4.336217880249023,2054.8640738230024
5721.0,33.44342041015625,5.851028919219971,2055.1431343870063
5722.0,12.216060638427734,3.099095344543457,2055.4344006320025
5723.0,15.121206283569336,3.3438096046447754,2055.733719620999
5724.0,32.973018646240234,5.747636318206787,2056.0181183420063
5725.0,9.552531242370605,2.468313217163086,2056.300956238003
5726.0,21.57974624633789,3.7114686965942383,2056.575029950007
5727.0,20.408527374267578,4.503623008728027,2056.8529774980125
5728.0,13.071048736572266,2.6771836280822754,2057.1359177890117
5729.0,16.422237396240234,3.140497922897339,2057.4249272630113
5730.0,45.152610778808594,6.467156410217285,2057.714682841004
5731.0,5.174562454223633,1.2505782842636108,2058.00641049401
5732.0,12.464824676513672,2.3874313831329346,2058.2774161420093
5733.0,7.081821441650391,1.7908520698547363,2058.5691612869996
5734.0,12.190176963806152,2.8417201042175293,2058.8605807860004
5735.0,8.911840438842773,2.0732455253601074,2059.141189580012
5736.0,5.004768371582031,1.3409661054611206,2059.4296699480037
5737.0,5.843504905700684,1.4786232709884644,2059.727230634002
5738.0,7.4256391525268555,1.8824776411056519,2060.016289863008
5739.0,11.278133392333984,2.590623617172241,2060.319060403999
5740.0,14.330533027648926,2.484163522720337,2060.6219813640055
5741.0,151.31246948242188,15.88015365600586,2060.9032234379993
5742.0,14.649894714355469,3.221038818359375,2061.193910190006
5743.0,22.28875732421875,5.65187406539917,2061.4764424950117
5744.0,26.8157958984375,5.262854099273682,2061.7697065350076
5745.0,12.351235389709473,2.143622875213623,2062.064316945005
5746.0,16.191381454467773,3.172114133834839,2062.363095492008
5747.0,42.33824920654297,6.165342807769775,2062.6480055010034
5748.0,25.135990142822266,3.9421513080596924,2062.9491835460067
5749.0,26.96938705444336,4.846866130828857,2063.239591400008
5750.0,9.316977500915527,2.104027271270752,2063.5422181610047
5751.0,4.409725666046143,1.1513019800186157,2063.8253188750095
5752.0,14.79062271118164,3.3235902786254883,2064.1245256010006
5753.0,8.16887378692627,2.0358896255493164,2064.4234633400047
5754.0,7.551755905151367,1.9404010772705078,2064.7082248030056
5755.0,25.269493103027344,4.536139965057373,2064.994849697003
5756.0,63.428138732910156,7.981036186218262,2065.2814906440035
5757.0,10.146303176879883,2.185716152191162,2065.5671708320006
5758.0,33.98110580444336,5.013300895690918,2065.845662123
5759.0,9.90116024017334,2.033533811569214,2066.136487126001
5760.0,7.494254112243652,1.6717984676361084,2066.421039318011
5761.0,5.4867424964904785,1.3964483737945557,2066.711648261
5762.0,18.273109436035156,3.8513224124908447,2066.995584529999
5763.0,22.980819702148438,3.5576040744781494,2067.2915340300096
5764.0,13.159170150756836,3.7779781818389893,2067.5710949740023
5765.0,35.49772262573242,5.829146862030029,2067.865042073012
5766.0,6.574897766113281,1.664170265197754,2068.163217662004
5767.0,16.55960464477539,4.046932697296143,2068.4484027520084
5768.0,9.051661491394043,2.2866427898406982,2068.727984327008
5769.0,6.360317230224609,1.9305846691131592,2069.005583023012
5770.0,26.40489959716797,5.71122932434082,2069.2934693780117
5771.0,44.18757629394531,5.790555477142334,2069.5832090350013
5772.0,6.744156837463379,1.5588425397872925,2069.8714775710105
5773.0,24.36722183227539,4.341081142425537,2070.160236781012
5774.0,7.703859329223633,1.8674342632293701,2070.479505205003
5775.0,8.93044376373291,2.480804443359375,2070.760922534013
5776.0,194.8506622314453,24.827030181884766,2071.0538982100115
5777.0,23.660581588745117,4.511789321899414,2071.361453165009
5778.0,27.219974517822266,4.318297386169434,2071.66839118801
5779.0,11.41895580291748,2.5179362297058105,2071.9624148990115
5780.0,9.72863483428955,2.1914591789245605,2072.262635484003
5781.0,10.026975631713867,3.0050458908081055,2072.552026477002
5782.0,20.3172607421875,3.8668956756591797,2072.822859058011
5783.0,8.459763526916504,2.1676037311553955,2073.124442409011
5784.0,11.45035171508789,2.291654109954834,2073.411609436007
5785.0,15.917030334472656,3.264444351196289,2073.717149565011
5786.0,14.291444778442383,2.6122937202453613,2074.0109749780095
5787.0,13.439176559448242,2.9871366024017334,2074.295129689999
5788.0,9.821401596069336,2.5519838333129883,2074.575770123003
5789.0,35.48888397216797,6.513106346130371,2074.8533020750037
5790.0,51.09638214111328,5.653090953826904,2075.1592379470094
5791.0,33.165283203125,5.316263675689697,2075.472565792006
5792.0,10.876363754272461,2.6023128032684326,2075.7943736920133
5793.0,35.52418518066406,5.4444379806518555,2076.109669562007
5794.0,23.905250549316406,4.6990437507629395,2076.4462288580107
5795.0,31.663095474243164,4.782752513885498,2076.746973417001
5796.0,19.096569061279297,3.3013980388641357,2077.0425204700005
5797.0,8.220537185668945,1.8549103736877441,2077.3328225860023
5798.0,8.170075416564941,2.2392988204956055,2077.637145700006
5799.0,8.181934356689453,2.224229574203491,2077.937094633002
5800.0,51.68177795410156,6.5529398918151855,2078.2569602540025
5801.0,66.59272003173828,8.101654052734375,2084.8276671190106
5802.0,42.126853942871094,5.691495895385742,2085.1130624840007
5803.0,39.171424865722656,5.673785209655762,2085.4470134000003
5804.0,101.26445770263672,12.160479545593262,2085.7671387470036
5805.0,28.25619125366211,3.9565093517303467,2086.062608970009
5806.0,6.028591632843018,1.4936188459396362,2086.3495806220017
5807.0,22.311710357666016,4.216668128967285,2086.633907634008
5808.0,7.760716438293457,2.0499796867370605,2086.926349212008
5809.0,9.886876106262207,2.6061830520629883,2087.229937384007
5810.0,5.527454376220703,1.4248007535934448,2087.518166521011
5811.0,7.425197601318359,1.9172239303588867,2087.8123267300107
5812.0,32.144447326660156,4.660060882568359,2088.113896973009
5813.0,9.936641693115234,2.3207333087921143,2088.4044772060006
5814.0,17.5230712890625,2.9204773902893066,2088.690917184009
5815.0,8.518108367919922,2.6289076805114746,2088.9790218140115
5816.0,13.841411590576172,2.4714515209198,2089.269775148001
5817.0,15.590253829956055,3.26495361328125,2089.562243984008
5818.0,6.475851058959961,1.7887533903121948,2089.8472635200014
5819.0,6.683489799499512,1.7860623598098755,2090.1247111990087
5820.0,13.878094673156738,3.0520827770233154,2090.410642585004
5821.0,7.086971282958984,1.7629226446151733,2090.7042155210074
5822.0,25.547447204589844,4.102281093597412,2090.989603802009
5823.0,27.35881233215332,4.380987644195557,2091.261555793011
5824.0,20.123661041259766,3.815164566040039,2091.5464209090132
5825.0,33.130367279052734,4.862583637237549,2091.818465126009
5826.0,12.557123184204102,3.0684239864349365,2092.0959414270037
5827.0,87.62106323242188,14.741741180419922,2092.382369140003
5828.0,35.832950592041016,6.597150802612305,2092.668967251011
5829.0,9.842780113220215,2.4480104446411133,2092.941610130001
5830.0,57.23664855957031,7.353175640106201,2093.2314918340126
5831.0,18.21884536743164,3.700000762939453,2093.514967018011
5832.0,9.743563652038574,2.415585994720459,2093.805647043002
5833.0,9.550289154052734,2.3532633781433105,2094.1010013760097
5834.0,22.396753311157227,3.8156487941741943,2094.3870955950115
5835.0,15.584321975708008,3.304989814758301,2094.6739347830007
5836.0,74.97819519042969,8.721250534057617,2094.9541153900063
5837.0,17.673686981201172,4.020205497741699,2095.24925523001
5838.0,51.07455062866211,6.154596328735352,2095.527707822999
5839.0,24.60441017150879,4.389682292938232,2095.8061253090127
5840.0,12.63237190246582,3.2958335876464844,2096.1040545730066
5841.0,17.24081039428711,4.578242778778076,2096.389805210012
5842.0,13.996393203735352,2.7360048294067383,2096.667213225999
5843.0,6.556652069091797,1.6767346858978271,2096.9497471170034
5844.0,32.64019012451172,4.974203109741211,2097.2317413130077
5845.0,28.54721450805664,4.605828285217285,2097.519712638008
5846.0,7.74279260635376,2.1249563694000244,2097.8062314080016
5847.0,24.010913848876953,4.245345592498779,2098.0929179330124
5848.0,14.884747505187988,3.2645537853240967,2098.3792779890064
5849.0,9.682916641235352,2.4936041831970215,2098.67154671601
5850.0,14.843643188476562,2.943885087966919,2098.9651191230078
5851.0,19.00368881225586,3.5139966011047363,2099.2619940560107
5852.0,40.020816802978516,5.982351303100586,2099.56462694901
5853.0,3.771228790283203,1.0765419006347656,2099.853198200013
5854.0,17.811302185058594,3.3934719562530518,2100.1628559110104
5855.0,12.044078826904297,3.1637113094329834,2100.471463684007
5856.0,24.128618240356445,4.711867809295654,2100.7552882230084
5857.0,5.677586078643799,1.4832924604415894,2101.040146285013
5858.0,95.86668395996094,9.461881637573242,2101.315651780009
5859.0,9.0039701461792,2.2956907749176025,2101.6082718860125
5860.0,18.467557907104492,3.355095386505127,2101.8979716920003
5861.0,15.487015724182129,2.7880241870880127,2102.2035187990114
5862.0,15.202962875366211,2.860067844390869,2102.487377647005
5863.0,5.569551467895508,1.6211282014846802,2102.7856406970095
5864.0,6.892366886138916,1.7026219367980957,2103.0624297410104
5865.0,8.988901138305664,2.199734687805176,2103.3472500640055
5866.0,8.569355010986328,2.1122851371765137,2103.6403410810017
5867.0,51.76671600341797,7.627747535705566,2103.916954245011
5868.0,31.874174118041992,4.797118186950684,2104.192346116004
5869.0,9.895739555358887,2.3605797290802,2104.4800694550067
5870.0,15.099729537963867,2.951918840408325,2104.761344055005
5871.0,29.83491325378418,4.837680339813232,2105.034752804
5872.0,5.772154331207275,1.5426435470581055,2105.3055184380064
5873.0,15.606019973754883,3.5326056480407715,2105.5958329440036
5874.0,91.62261199951172,11.424172401428223,2105.891481605009
5875.0,8.485736846923828,2.398815870285034,2106.166526521003
5876.0,27.710166931152344,4.134207248687744,2106.453710671005
5877.0,9.706428527832031,2.673997163772583,2106.7400310010125
5878.0,21.023040771484375,3.4830145835876465,2107.023048627001
5879.0,19.426652908325195,4.010068893432617,2107.3079026630003
5880.0,86.93991088867188,9.467863082885742,2107.591229508005
5881.0,8.448648452758789,2.364915609359741,2107.8784628440044
5882.0,6.61025333404541,1.6959065198898315,2108.170686190002
5883.0,37.41114044189453,4.071478843688965,2108.4573580319993
5884.0,6.65315580368042,1.6446958780288696,2108.7521658370097
5885.0,16.700319290161133,3.1442015171051025,2109.0469250540045
5886.0,100.38796997070312,11.772869110107422,2109.3785139460088
5887.0,18.148780822753906,3.380197286605835,2109.683487208007
5888.0,32.84471893310547,5.792237758636475,2109.9786896690057
5889.0,4.348026275634766,1.2253105640411377,2110.280727924008
5890.0,12.371543884277344,3.6309096813201904,2110.5800711170014
5891.0,13.744697570800781,3.0649759769439697,2110.8574993240036
5892.0,36.45868682861328,5.382260799407959,2111.152929641001
5893.0,25.435935974121094,4.433911323547363,2111.4322334910103
5894.0,17.320453643798828,3.8417654037475586,2111.7358262680063
5895.0,36.84104919433594,5.848196029663086,2112.0343256800115
5896.0,20.10946273803711,3.765364170074463,2112.3314292200084
5897.0,5.206037521362305,1.3369896411895752,2112.617954049012
5898.0,10.982816696166992,2.62331223487854,2112.9171791700064
5899.0,13.148120880126953,3.273881435394287,2113.221899046999
5900.0,17.319549560546875,3.3337016105651855,2113.5291657690104
5901.0,36.05492401123047,4.037702560424805,2119.4482130820106
5902.0,20.021469116210938,4.193478584289551,2119.7361180300068
5903.0,8.634918212890625,1.8430964946746826,2120.024914870999
5904.0,11.620121955871582,2.966761589050293,2120.3211458110018
5905.0,18.692646026611328,4.010353088378906,2120.6160778500052
5906.0,30.700359344482422,5.198486804962158,2120.898073896009
5907.0,69.83954620361328,8.149883270263672,2121.1746891100047
5908.0,8.384398460388184,2.0411088466644287,2121.449734738999
5909.0,17.30784034729004,3.6662380695343018,2121.7422384650126
5910.0,8.22335433959961,2.134082078933716,2122.038681787002
5911.0,25.833526611328125,4.1747918128967285,2122.317005754012
5912.0,60.221412658691406,6.286388397216797,2122.59186232301
5913.0,10.93524169921875,2.6201014518737793,2122.8793875490082
5914.0,27.362686157226562,3.8742194175720215,2123.170814674013
5915.0,25.523101806640625,4.427392482757568,2123.4460025870067
5916.0,14.337296485900879,3.550370454788208,2123.7346298720076
5917.0,5.617219924926758,1.5071111917495728,2124.006818606009
5918.0,12.502799987792969,3.069460391998291,2124.301094843002
5919.0,47.61443328857422,7.125243663787842,2124.5951183430006
5920.0,7.654604434967041,1.8039209842681885,2124.8824223980046
5921.0,9.039506912231445,2.1113593578338623,2125.1693892490002
5922.0,7.271132946014404,2.0014872550964355,2125.4547519010084
5923.0,7.561053276062012,1.601897120475769,2125.7641936120053
5924.0,10.761360168457031,2.2971808910369873,2126.0545911210065
5925.0,7.233318328857422,1.9588185548782349,2126.351048444005
5926.0,6.959479808807373,1.9605309963226318,2126.633768972999
5927.0,5.805272579193115,1.6872549057006836,2126.926225429008
5928.0,5.904190540313721,1.736746907234192,2127.208670912005
5929.0,9.972307205200195,2.637159824371338,2127.4911341789993
5930.0,10.7806396484375,2.7193551063537598,2127.7756739920005
5931.0,80.15725708007812,8.39812183380127,2128.048485349005
5932.0,22.010595321655273,3.3303658962249756,2128.330453474002
5933.0,13.546270370483398,2.5976409912109375,2128.6124764960114
5934.0,71.97822570800781,8.77509593963623,2128.9116832770087
5935.0,6.527915000915527,1.7335681915283203,2129.191058856013
5936.0,41.014869689941406,5.528722286224365,2129.471326536004
5937.0,22.204410552978516,4.15811014175415,2129.7635897280124
5938.0,10.320232391357422,2.732130289077759,2130.059166214007
5939.0,19.431007385253906,3.573420286178589,2130.3534858290077
5940.0,24.864227294921875,5.297629356384277,2130.6285200940038
5941.0,6.256347179412842,1.5605404376983643,2130.9092672140105
5942.0,6.043787002563477,1.5034334659576416,2131.1960192480037
5943.0,17.79379653930664,4.04557466506958,2131.4879468500003
5944.0,78.97354888916016,12.530159950256348,2131.7697257580003
5945.0,12.907051086425781,2.870875120162964,2132.0439886759996
5946.0,13.759685516357422,3.1137983798980713,2132.3534559570107
5947.0,7.564924716949463,2.034298896789551,2132.627270924
5948.0,19.432973861694336,4.0836968421936035,2132.906472805
5949.0,29.115978240966797,5.1897454261779785,2133.211073901999
5950.0,10.328852653503418,2.7688233852386475,2133.5067634820007
5951.0,8.46499252319336,2.090914011001587,2133.8051753280015
5952.0,10.241273880004883,2.6625540256500244,2134.0819409670075
5953.0,4.567217826843262,1.2828830480575562,2134.353244362006
5954.0,7.6156840324401855,1.7970746755599976,2134.622945365001
5955.0,35.72127151489258,4.90761661529541,2134.9314660310047
5956.0,32.798973083496094,4.910223484039307,2135.231604754008
5957.0,12.234220504760742,2.4392330646514893,2135.5224823310127
5958.0,12.871305465698242,2.5903050899505615,2135.822611058
5959.0,58.722354888916016,5.04052209854126,2136.1105996430124
5960.0,43.05809783935547,5.434879779815674,2136.3909123720077
5961.0,12.773497581481934,2.7475361824035645,2136.69190709501
5962.0,15.44097900390625,3.33860182762146,2136.984483214008
5963.0,10.123212814331055,2.838139772415161,2137.2626079610054
5964.0,6.451549053192139,1.6594377756118774,2137.5524901580065
5965.0,25.401317596435547,5.167421817779541,2137.8408933630126
5966.0,8.002758026123047,1.9629862308502197,2138.1436217650044
5967.0,14.344049453735352,3.566307306289673,2138.4310368290026
5968.0,26.388751983642578,4.601871490478516,2138.711995525009
5969.0,13.215152740478516,2.7580480575561523,2138.979464132004
5970.0,41.16653823852539,5.933629512786865,2139.2731682170124
5971.0,27.709014892578125,6.520822048187256,2139.553931293005
5972.0,40.219024658203125,5.8783464431762695,2139.825857653006
5973.0,14.126213073730469,3.0967495441436768,2140.1144867310068
5974.0,67.88388061523438,9.21737289428711,2140.398723661012
5975.0,21.475753784179688,4.249291896820068,2140.705355024009
5976.0,76.5793228149414,8.436570167541504,2140.9942453900003
5977.0,21.156696319580078,5.070890426635742,2141.269923161002
5978.0,13.738481521606445,3.1645402908325195,2141.5611716600106
5979.0,6.668881416320801,1.7995717525482178,2141.868653570011
5980.0,81.2134017944336,10.218148231506348,2142.150467498999
5981.0,20.031253814697266,3.7109482288360596,2142.4372751699993
5982.0,28.629060745239258,5.768733501434326,2142.7295019500016
5983.0,30.204822540283203,5.03550910949707,2143.004000026005
5984.0,36.373558044433594,4.621140003204346,2143.2831024680054
5985.0,6.484806537628174,1.9808436632156372,2143.5856822490023
5986.0,10.99635124206543,2.8315532207489014,2143.8664587340027
5987.0,6.981597900390625,1.7258563041687012,2144.1538591650024
5988.0,24.02967071533203,4.181660175323486,2144.432039337
5989.0,27.706113815307617,5.011697769165039,2144.7086187380046
5990.0,28.239238739013672,4.603776931762695,2144.9835933970026
5991.0,7.461098670959473,1.9789767265319824,2145.2677927879995
5992.0,17.79787254333496,3.2913246154785156,2145.552624517004
5993.0,25.4147891998291,4.686662197113037,2145.8569576940063
5994.0,13.228832244873047,2.404539108276367,2146.161821835005
5995.0,18.332706451416016,3.817582130432129,2146.442187644003
5996.0,24.380014419555664,4.394636154174805,2146.739485711005
5997.0,18.259469985961914,3.1912922859191895,2147.022010312008
5998.0,38.800289154052734,6.055911540985107,2147.3068864270026
5999.0,14.762215614318848,2.712996244430542,2147.621210134006
6000.0,11.650117874145508,2.8947973251342773,2147.9219836980046
6001.0,5.843980312347412,1.4618953466415405,2154.052520609999
6002.0,14.662298202514648,2.6768789291381836,2154.3544015040097
6003.0,55.204254150390625,7.517464637756348,2154.6413692550123
6004.0,23.028278350830078,4.10673713684082,2154.9426121430006
6005.0,8.997844696044922,2.380509614944458,2155.215718352003
6006.0,7.335683822631836,1.8306957483291626,2155.4996359610086
6007.0,29.400569915771484,4.44580078125,2155.786471585001
6008.0,48.62310028076172,6.953530311584473,2156.0813152280025
6009.0,6.325863361358643,1.604848027229309,2156.3709887450095
6010.0,17.11069107055664,3.8167459964752197,2156.672778421009
6011.0,14.292652130126953,2.60554575920105,2156.9922788930126
6012.0,20.051082611083984,3.55981707572937,2157.288267136013
6013.0,31.39405632019043,4.636977195739746,2157.568214540006
6014.0,35.542659759521484,5.308183193206787,2157.8830010590027
6015.0,25.05086898803711,4.02783203125,2158.18270755501
6016.0,62.893890380859375,6.449429035186768,2158.4981161680043
6017.0,9.189421653747559,1.7923628091812134,2158.8032349970017
6018.0,6.072369575500488,1.480399489402771,2159.0959565770027
6019.0,10.341011047363281,2.5786092281341553,2159.3857333600026
6020.0,6.8739776611328125,1.5630710124969482,2159.671387909999
6021.0,41.47709274291992,6.7509636878967285,2159.9535760490107
6022.0,27.080554962158203,4.869661331176758,2160.2607547260122
6023.0,34.960166931152344,5.6104865074157715,2160.5622333960055
6024.0,36.135276794433594,5.473959445953369,2160.856965334009
6025.0,17.92837905883789,3.447551727294922,2161.164408222001
6026.0,32.456520080566406,4.056125164031982,2161.456017919001
6027.0,9.944357872009277,2.2669739723205566,2161.771013693011
6028.0,97.29458618164062,12.037080764770508,2162.0748062290077
6029.0,16.76840591430664,3.3206098079681396,2162.3789503630105
6030.0,22.38365936279297,3.769001007080078,2162.6959465210093
6031.0,36.57006072998047,5.220984935760498,2163.006470349006
6032.0,19.834728240966797,3.284304141998291,2163.30563447201
6033.0,13.271490097045898,3.022432327270508,2163.658420731008
6034.0,5.580061435699463,1.516083002090454,2164.0076295420004
6035.0,14.243292808532715,2.7118546962738037,2164.3326335599995
6036.0,5.774025917053223,1.3886312246322632,2164.625672826005
6037.0,11.697281837463379,3.129279375076294,2164.9442943780014
6038.0,7.445672512054443,1.6055049896240234,2165.285661421003
6039.0,6.465104103088379,1.6489179134368896,2165.5759228150127
6040.0,48.09236145019531,4.736924171447754,2165.8969978940004
6041.0,10.035347938537598,2.806990146636963,2166.208400471005
6042.0,40.75019073486328,6.23399543762207,2166.4982428410003
6043.0,35.35725021362305,5.28147029876709,2166.814183917013
6044.0,22.237686157226562,3.894995927810669,2167.089512398001
6045.0,8.916419982910156,2.3589160442352295,2167.385622801012
6046.0,8.385009765625,2.561962366104126,2167.703553008003
6047.0,15.263949394226074,3.1795847415924072,2167.9990962360025
6048.0,9.565844535827637,2.8306291103363037,2168.2895308870065
6049.0,38.978759765625,8.298444747924805,2168.611912512002
6050.0,12.1890869140625,2.7815358638763428,2168.909505101008
6051.0,7.9111480712890625,1.901222586631775,2169.1909027440124
6052.0,6.540223598480225,1.746230959892273,2169.496360190009
6053.0,20.494211196899414,3.9027035236358643,2169.824313079007
6054.0,6.225710868835449,1.6317050457000732,2170.129069500006
6055.0,70.69651794433594,8.431427001953125,2170.416590192006
6056.0,104.7498550415039,10.705670356750488,2170.713043333002
6057.0,13.666693687438965,2.981166362762451,2171.0127422430087
6058.0,16.9720516204834,3.5427653789520264,2171.302703073001
6059.0,15.54216194152832,2.7617127895355225,2171.605493730007
6060.0,8.15917682647705,2.0381362438201904,2171.8859507010056
6061.0,17.590839385986328,3.0887157917022705,2172.171646781004
6062.0,8.066112518310547,1.9039164781570435,2172.4573626769998
6063.0,53.71195983886719,7.153268814086914,2172.742242417007
6064.0,21.196155548095703,4.0667405128479,2173.029225424005
6065.0,11.825906753540039,2.572359323501587,2173.320270414013
6066.0,25.388057708740234,4.410121917724609,2173.6213386029995
6067.0,14.058525085449219,2.8376455307006836,2173.920652371002
6068.0,7.129777908325195,1.5749168395996094,2174.2174184020114
6069.0,3.135035514831543,0.8560051321983337,2174.524239945007
6070.0,16.26420021057129,2.6257143020629883,2174.8282236570085
6071.0,112.73381805419922,11.472710609436035,2175.1561820890056
6072.0,16.27983856201172,4.117963790893555,2175.4562263760017
6073.0,33.51425552368164,5.10841178894043,2175.7574490130064
6074.0,22.311017990112305,5.612979888916016,2176.0832692330005
6075.0,61.68467330932617,7.582643985748291,2176.358161110009
6076.0,31.091262817382812,4.906616687774658,2176.637327573
6077.0,22.336435317993164,4.3801589012146,2176.9139789340115
6078.0,9.14797592163086,2.1041040420532227,2177.1927095310093
6079.0,32.375484466552734,5.286220073699951,2177.4924295210076
6080.0,14.260784149169922,2.9297330379486084,2177.772948964004
6081.0,28.851333618164062,5.147019863128662,2178.0576785360026
6082.0,17.394092559814453,3.4238786697387695,2178.3441978320043
6083.0,111.77783203125,17.16667938232422,2178.6355150599993
6084.0,38.594200134277344,5.877389430999756,2178.9213141970104
6085.0,49.92634582519531,7.039694786071777,2179.2333418390044
6086.0,11.96624755859375,3.4633290767669678,2179.5231868750125
6087.0,31.295703887939453,5.3307061195373535,2179.8095700980048
6088.0,10.483503341674805,3.3343217372894287,2180.0926016310113
6089.0,35.59376525878906,7.019478797912598,2180.4062092520035
6090.0,33.05915832519531,4.9233012199401855,2180.700574571005
6091.0,31.622982025146484,4.815136432647705,2181.006312334008
6092.0,21.480621337890625,4.450577735900879,2181.306960522008
6093.0,8.08182144165039,1.9356073141098022,2181.619181367001
6094.0,7.384908676147461,1.7624471187591553,2181.912934471009
6095.0,8.277276992797852,1.8790605068206787,2182.19778942001
6096.0,16.545150756835938,3.144158363342285,2182.4887387780036
6097.0,7.3339715003967285,1.858851671218872,2182.804642574003
6098.0,8.109495162963867,2.0297794342041016,2183.096485979011
6099.0,5.324656963348389,1.4284833669662476,2183.395381295006
6100.0,21.530527114868164,3.8487775325775146,2183.6857508380053
6101.0,6.064679145812988,1.4943819046020508,2189.569090076009
6102.0,6.032217502593994,1.6821613311767578,2189.8557113749994
6103.0,54.10417938232422,5.772317886352539,2190.1412346440047
6104.0,6.22736930847168,1.3834586143493652,2190.4343740180047
6105.0,26.600419998168945,5.107621669769287,2190.724557901005
6106.0,18.903038024902344,3.0354535579681396,2191.0460854880075
6107.0,18.001893997192383,4.124316692352295,2191.3437038990087
6108.0,23.58535385131836,5.0913920402526855,2191.642336536999
6109.0,6.222601890563965,1.7563544511795044,2191.9577394080115
6110.0,9.647433280944824,1.7196929454803467,2192.2490781900124
6111.0,12.259119987487793,2.7004332542419434,2192.5393175920035
6112.0,18.38266372680664,3.5069146156311035,2192.8331068670086
6113.0,34.71552276611328,5.941741943359375,2193.1282432430016
6114.0,7.490571022033691,1.9031282663345337,2193.41028397801
6115.0,20.855533599853516,3.4708802700042725,2193.686594612009
6116.0,15.350281715393066,3.6071388721466064,2193.968454488
6117.0,7.449100494384766,2.0029053688049316,2194.261055765004
6118.0,4.527592658996582,1.2219133377075195,2194.5559632549994
6119.0,14.141674995422363,3.221128463745117,2194.845990116999
6120.0,15.447285652160645,3.911107301712036,2195.1613438310014
6121.0,14.707712173461914,3.084495782852173,2195.4324371390103
6122.0,12.605484008789062,2.628145933151245,2195.7179558370117
6123.0,14.940581321716309,2.991607904434204,2196.0055420179997
6124.0,11.433414459228516,2.60697078704834,2196.2886604420055
6125.0,6.548763275146484,1.666975498199463,2196.5813593560015
6126.0,13.783702850341797,3.697087049484253,2196.868448777008
6127.0,14.816789627075195,2.650484085083008,2197.1643312610104
6128.0,13.591094970703125,2.6187877655029297,2197.4429145410104
6129.0,7.1913957595825195,1.9447574615478516,2197.7295817200065
6130.0,22.17086410522461,3.9208099842071533,2197.9982211880124
6131.0,14.900431632995605,4.012675762176514,2198.266146443013
6132.0,19.19363784790039,4.115947723388672,2198.5504515909997
6133.0,23.227230072021484,3.646481513977051,2198.8355088700046
6134.0,28.064369201660156,4.6725029945373535,2199.115441036003
6135.0,16.152544021606445,3.293074607849121,2199.3875536609994
6136.0,13.504141807556152,3.110569477081299,2199.6809178820113
6137.0,22.14109992980957,3.937627077102661,2199.961325946002
6138.0,34.91708755493164,5.4797043800354,2200.236936966001
6139.0,24.9940242767334,4.377486228942871,2200.5131883590075
6140.0,14.75282096862793,2.507767677307129,2200.793970661005
6141.0,65.2101058959961,7.472352504730225,2201.0661881859996
6142.0,57.529510498046875,6.169175148010254,2201.359822421
6143.0,21.438800811767578,4.234666347503662,2201.658138208004
6144.0,4.8209333419799805,1.1973408460617065,2201.945445506004
6145.0,14.256982803344727,3.1830451488494873,2202.2163289480086
6146.0,5.284219264984131,1.4244328737258911,2202.5110566030053
6147.0,8.370495796203613,2.437713623046875,2202.816673733003
6148.0,50.10491180419922,7.151315689086914,2203.1043190160126
6149.0,43.43510818481445,6.473382949829102,2203.3719273099996
6150.0,12.036168098449707,3.095120429992676,2203.6727038460085
6151.0,31.12472152709961,4.775423526763916,2203.948630198007
6152.0,9.807132720947266,2.3513453006744385,2204.2340117679996
6153.0,41.486141204833984,6.74663782119751,2204.5448573250032
6154.0,34.530418395996094,5.9936842918396,2204.818807197007
6155.0,7.238058567047119,1.8382539749145508,2205.092417869004
6156.0,11.66008186340332,2.7026753425598145,2205.3744008810027
6157.0,7.160652160644531,2.2118170261383057,2205.6611836530064
6158.0,9.115602493286133,2.259775400161743,2205.971906070001
6159.0,15.98378849029541,3.312490224838257,2206.26789719901
6160.0,6.0624589920043945,1.4066078662872314,2206.546035465013
6161.0,10.770864486694336,2.1656601428985596,2206.8206032770104
6162.0,10.777389526367188,2.13688588142395,2207.0962071500107
6163.0,8.153635025024414,2.295518398284912,2207.4019624130015
6164.0,29.284042358398438,4.610142230987549,2207.6915500130126
6165.0,4.920685768127441,1.3721855878829956,2207.969985969001
6166.0,68.90900421142578,8.949552536010742,2208.2559919900086
6167.0,8.81086540222168,2.0707406997680664,2208.536483104006
6168.0,78.52305603027344,8.763126373291016,2208.8131059010047
6169.0,26.162010192871094,4.338632583618164,2209.100826439011
6170.0,56.88367462158203,6.304856777191162,2209.3888581630017
6171.0,11.660696029663086,2.3543102741241455,2209.66433343901
6172.0,13.473947525024414,3.2585339546203613,2209.9396852260106
6173.0,12.050518035888672,2.2974941730499268,2210.2315005700075
6174.0,12.71459674835205,3.2073278427124023,2210.5110109689995
6175.0,11.275205612182617,2.738269329071045,2210.791159576009
6176.0,6.492260456085205,1.7322441339492798,2211.067311480001
6177.0,20.442943572998047,3.1046509742736816,2211.354182961004
6178.0,40.48451232910156,6.709781646728516,2211.6344260210026
6179.0,23.205215454101562,3.6589298248291016,2211.9243328390003
6180.0,9.044568061828613,1.9427591562271118,2212.195122753008
6181.0,28.709165573120117,4.654910087585449,2212.4934371370036
6182.0,14.755668640136719,2.8509089946746826,2212.7880847890046
6183.0,29.30029296875,5.155655384063721,2213.0740914120106
6184.0,8.293083190917969,2.0099213123321533,2213.362453464011
6185.0,8.546469688415527,1.9898450374603271,2213.6611161300098
6186.0,8.974529266357422,2.426177978515625,2213.93956679001
6187.0,5.50205135345459,1.3132988214492798,2214.227567521011
6188.0,14.838134765625,2.9390501976013184,2214.531758201003
6189.0,58.48722839355469,5.0243821144104,2214.8112016140076
6190.0,13.287351608276367,3.481320381164551,2215.079774156009
6191.0,4.093554496765137,1.0053631067276,2215.356155412999
6192.0,11.056501388549805,2.6086459159851074,2215.6513211310084
6193.0,27.941734313964844,4.575864791870117,2215.9281962420064
6194.0,19.454071044921875,3.6415958404541016,2216.2016117660096
6195.0,6.830483436584473,1.6986026763916016,2216.484668517005
6196.0,31.594635009765625,4.9305830001831055,2216.780231887009
6197.0,36.82133865356445,5.56298828125,2217.0640793170023
6198.0,28.797517776489258,5.210369110107422,2217.34224292
6199.0,37.844356536865234,5.3393235206604,2217.6250572530116
6200.0,6.361301422119141,1.5017046928405762,2217.917959825005
6201.0,16.363433837890625,3.169250726699829,2223.7882071800123
6202.0,6.729940891265869,1.7046273946762085,2224.0878932920023
6203.0,18.877811431884766,3.736053466796875,2224.360230281003
6204.0,39.07605743408203,7.538393497467041,2224.6482370310114
6205.0,24.71734619140625,4.53731632232666,2224.930149948006
6206.0,19.453359603881836,4.1643476486206055,2225.2297013080097
6207.0,12.602550506591797,2.8085556030273438,2225.554553745009
6208.0,43.726261138916016,5.726922988891602,2225.8317780180078
6209.0,10.738883972167969,2.6391847133636475,2226.1070500880014
6210.0,11.257136344909668,2.8172144889831543,2226.4022456630046
6211.0,4.845818996429443,1.4098021984100342,2226.7053476660076
6212.0,16.947391510009766,3.0465805530548096,2226.9876607510087
6213.0,14.693672180175781,3.155191421508789,2227.264672366
6214.0,8.623370170593262,2.0622549057006836,2227.543969176011
6215.0,5.422586441040039,1.3491344451904297,2227.8205408620124
6216.0,95.70906066894531,9.882962226867676,2228.109263511011
6217.0,9.528440475463867,2.2114408016204834,2228.394262864007
6218.0,64.24899291992188,8.347334861755371,2228.6871634280105
6219.0,14.926183700561523,3.0807554721832275,2228.981831000012
6220.0,5.441664218902588,1.4692070484161377,2229.2727148750128
6221.0,7.648054122924805,2.178898334503174,2229.5571979840024
6222.0,35.39480972290039,5.266632080078125,2229.848084035999
6223.0,27.51665687561035,4.7622599601745605,2230.135341963003
6224.0,12.018451690673828,2.7680649757385254,2230.422339335011
6225.0,8.290839195251465,2.3132402896881104,2230.7035981400113
6226.0,7.289549350738525,1.850964903831482,2230.9837711530126
6227.0,39.513954162597656,5.607489585876465,2231.264091519013
6228.0,27.295452117919922,4.503911018371582,2231.542369248011
6229.0,22.097309112548828,3.6222167015075684,2231.828001083006
6230.0,4.9037299156188965,1.334364891052246,2232.1014196780015
6231.0,15.941862106323242,3.8130788803100586,2232.399740230001
6232.0,18.012561798095703,3.3850045204162598,2232.6888267900067
6233.0,10.38577938079834,2.7211015224456787,2232.967596980001
6234.0,36.48932647705078,7.783560276031494,2233.2505113020015
6235.0,13.617816925048828,3.106184482574463,2233.554333183012
6236.0,16.262771606445312,3.5730183124542236,2233.865196941013
6237.0,25.5335693359375,4.825748920440674,2234.170343575999
6238.0,9.255999565124512,2.5170068740844727,2234.462171816005
6239.0,17.303396224975586,3.7677407264709473,2234.7496131560038
6240.0,33.956722259521484,4.907531261444092,2235.028033434006
6241.0,10.51640510559082,2.755962610244751,2235.3056304540078
6242.0,11.132816314697266,2.580275774002075,2235.5999944740033
6243.0,12.078300476074219,2.291369915008545,2235.873336782999
6244.0,8.561766624450684,2.150968551635742,2236.155530005999
6245.0,46.11708068847656,4.819344997406006,2236.433031040011
6246.0,21.404420852661133,3.966928720474243,2236.7063139880047
6247.0,13.862984657287598,3.171748161315918,2236.999600878
6248.0,33.68936538696289,5.785388469696045,2237.2829604
6249.0,25.402252197265625,4.278594970703125,2237.5653206860006
6250.0,6.776155948638916,1.9059631824493408,2237.8638047429995
6251.0,8.539730072021484,2.2021496295928955,2238.1507170480036
6252.0,16.25377655029297,3.568852186203003,2238.429392571008
6253.0,58.144012451171875,6.434297561645508,2238.7186189870117
6254.0,5.615997314453125,1.4861420392990112,2239.017394454
6255.0,8.705245018005371,2.4977293014526367,2239.2968323240057
6256.0,25.395023345947266,3.8049380779266357,2239.5786259990127
6257.0,15.096418380737305,4.287573337554932,2239.8766407700023
6258.0,12.795194625854492,2.808171272277832,2240.1551811550016
6259.0,17.113758087158203,3.296046018600464,2240.451838178007
6260.0,37.66016387939453,5.460686683654785,2240.7345303070033
6261.0,107.70899963378906,17.142040252685547,2241.0305115520023
6262.0,19.837753295898438,4.026562213897705,2241.3184413470008
6263.0,15.983047485351562,3.353191614151001,2241.6030293799995
6264.0,12.854779243469238,3.038754940032959,2241.891936155007
6265.0,17.749431610107422,3.2821240425109863,2242.181462833003
6266.0,6.876123428344727,1.6437721252441406,2242.471945846002
6267.0,11.191320419311523,2.551448106765747,2242.7618127830065
6268.0,18.53868293762207,3.644176959991455,2243.0507907800056
6269.0,22.89365005493164,3.671978235244751,2243.3385569060047
6270.0,15.89834976196289,3.224013566970825,2243.6087342400133
6271.0,12.942419052124023,2.6864519119262695,2243.8838225690124
6272.0,7.326418876647949,1.9261394739151,2244.154549471001
6273.0,20.537551879882812,3.454716205596924,2244.451542640003
6274.0,17.738494873046875,4.05952787399292,2244.7360270260106
6275.0,21.74820899963379,3.8578922748565674,2245.041573204013
6276.0,11.159852981567383,3.075124502182007,2245.3337042269995
6277.0,82.39524841308594,8.864604949951172,2245.6305953640112
6278.0,9.130964279174805,2.318377733230591,2245.9135375080077
6279.0,6.2590179443359375,1.540560007095337,2246.1987405969994
6280.0,5.6010355949401855,1.5027660131454468,2246.5007306810003
6281.0,11.088160514831543,2.485910415649414,2246.7748600070045
6282.0,17.96808624267578,2.8331902027130127,2247.065103248009
6283.0,20.7703857421875,3.8955838680267334,2247.337428612009
6284.0,28.20783042907715,4.338403224945068,2247.625392757007
6285.0,6.306643009185791,1.7943872213363647,2247.9212098940043
6286.0,28.720260620117188,5.314833164215088,2248.204681854011
6287.0,8.373579978942871,2.0159120559692383,2248.4916396530025
6288.0,81.15399169921875,10.187909126281738,2248.786115833005
6289.0,6.194799423217773,1.7798237800598145,2249.071038451002
6290.0,16.609495162963867,4.072700500488281,2249.369749501013
6291.0,7.650644302368164,1.9796311855316162,2249.6582878190093
6292.0,6.34867000579834,1.6401097774505615,2249.950515727003
6293.0,14.039133071899414,2.7612078189849854,2250.233557011001
6294.0,31.09800148010254,4.830107688903809,2250.5305965190055
6295.0,42.702293395996094,5.256460666656494,2250.8027430050133
6296.0,6.769020080566406,1.6348344087600708,2251.1013779710047
6297.0,53.65574645996094,5.8543195724487305,2251.3910806580097
6298.0,45.27002716064453,6.252105712890625,2251.682257338005
6299.0,5.407962799072266,1.3934465646743774,2251.9732583290024
6300.0,4.354716777801514,1.0627074241638184,2252.262290180006
6301.0,14.559798240661621,3.6077611446380615,2258.3288123240054
6302.0,11.496572494506836,2.2389638423919678,2258.619369527005
6303.0,31.154882431030273,5.202179908752441,2258.9144617260026
6304.0,15.865808486938477,3.0757393836975098,2259.216547030999
6305.0,7.404300689697266,1.9622762203216553,2259.524102220006
6306.0,10.36776351928711,2.517735481262207,2259.8201609310054
6307.0,13.8488130569458,3.2213828563690186,2260.1131370690127
6308.0,6.617934703826904,1.6673932075500488,2260.395638123009
6309.0,49.66193771362305,4.917871952056885,2260.668246952002
6310.0,21.133895874023438,3.8955228328704834,2260.9705624150083
6311.0,9.330802917480469,2.0671870708465576,2261.2629011259996
6312.0,7.554670333862305,1.7114691734313965,2261.542210776999
6313.0,13.045670509338379,3.2180564403533936,2261.8422683300014
6314.0,7.481366157531738,1.7553045749664307,2262.131014772007
6315.0,27.147705078125,5.066910266876221,2262.4256540800125
6316.0,12.087427139282227,2.5639147758483887,2262.7020442380017
6317.0,12.625903129577637,2.3177549839019775,2262.9901114240056
6318.0,30.608577728271484,5.047082424163818,2263.2918850440037
6319.0,23.293928146362305,3.688580274581909,2263.5865032420115
6320.0,7.241764545440674,1.7441866397857666,2263.8890208340017
6321.0,5.354246139526367,1.3752561807632446,2264.17199933801
6322.0,6.2140092849731445,1.5702646970748901,2264.462070392008
6323.0,25.335355758666992,4.482240200042725,2264.751380690999
6324.0,24.364395141601562,3.971853494644165,2265.0503877270094
6325.0,24.492948532104492,3.908768892288208,2265.3415985190077
6326.0,15.553680419921875,3.332155466079712,2265.618328964003
6327.0,16.551254272460938,3.398622512817383,2265.9143443760113
6328.0,12.90535831451416,2.7946691513061523,2266.2008316590072
6329.0,18.21246337890625,3.691800355911255,2266.499074296007
6330.0,13.596094131469727,2.577249765396118,2266.781776214004
6331.0,13.202316284179688,2.819669246673584,2267.073549273002
6332.0,12.224973678588867,2.5456836223602295,2267.355244137012
6333.0,35.78325653076172,5.166597366333008,2267.6432748070074
6334.0,30.858070373535156,5.394482135772705,2267.9394085270033
6335.0,11.364121437072754,2.884061813354492,2268.2302721279993
6336.0,12.027766227722168,2.606534719467163,2268.5101605890086
6337.0,8.13786506652832,1.9281424283981323,2268.798724799999
6338.0,6.090010643005371,1.7921537160873413,2269.0898983330117
6339.0,6.7183122634887695,1.7388901710510254,2269.3739020040084
6340.0,12.51949691772461,2.4168965816497803,2269.6694965790084
6341.0,11.658407211303711,2.477292776107788,2269.950187248003
6342.0,14.989404678344727,3.015183925628662,2270.245318473011
6343.0,36.04804229736328,5.904044151306152,2270.521658608006
6344.0,28.249107360839844,4.170310020446777,2270.811453827002
6345.0,14.395122528076172,2.692565441131592,2271.1264274340065
6346.0,11.686476707458496,2.8230743408203125,2271.415335395999
6347.0,71.20327758789062,8.1062650680542,2271.695238610002
6348.0,8.723480224609375,2.534356117248535,2271.9962651470123
6349.0,4.105328559875488,1.1195688247680664,2272.2904043380113
6350.0,7.655257225036621,2.0517702102661133,2272.583808936004
6351.0,8.659717559814453,2.4213850498199463,2272.8622877580056
6352.0,14.563521385192871,3.399005174636841,2273.158144410001
6353.0,89.61946105957031,14.782812118530273,2273.4373789770034
6354.0,8.908061027526855,2.429953098297119,2273.719027766012
6355.0,14.500984191894531,3.2200090885162354,2273.9948251970054
6356.0,29.20276641845703,4.31121301651001,2274.282284893008
6357.0,9.835222244262695,2.40374493598938,2274.570512487
6358.0,25.566204071044922,4.851464748382568,2274.8580705450004
6359.0,15.414665222167969,3.1344361305236816,2275.1475694180117
6360.0,38.797203063964844,5.336021900177002,2275.442435044999
6361.0,15.810579299926758,3.0579798221588135,2275.7151427909994
6362.0,29.423072814941406,5.249436855316162,2275.9872838380106
6363.0,28.090171813964844,5.492551803588867,2276.266657610002
6364.0,11.246410369873047,2.4213104248046875,2276.546926092007
6365.0,15.014823913574219,2.9572126865386963,2276.8190308510093
6366.0,5.899935722351074,1.4601763486862183,2277.110260630012
6367.0,35.779205322265625,5.852679252624512,2277.383136674005
6368.0,14.588296890258789,3.8087615966796875,2277.661381078011
6369.0,27.85572052001953,5.212111473083496,2277.9337022590043
6370.0,12.347135543823242,2.340571165084839,2278.2289868990047
6371.0,18.667724609375,3.626911163330078,2278.5315113140095
6372.0,8.61475658416748,2.3123886585235596,2278.8225886270084
6373.0,11.821330070495605,2.076972246170044,2279.127712630012
6374.0,7.142332077026367,1.477381706237793,2279.413893186007
6375.0,15.752074241638184,3.02382493019104,2279.709538701005
6376.0,68.32485961914062,9.35712718963623,2279.994752839004
6377.0,11.857982635498047,2.793403387069702,2280.2676029310096
6378.0,3.642191171646118,1.0948419570922852,2280.5537053470034
6379.0,51.47948455810547,7.504693508148193,2280.8383799820003
6380.0,22.051090240478516,3.884763240814209,2281.130100257011
6381.0,8.047052383422852,1.8018171787261963,2281.431890697
6382.0,22.934398651123047,4.756204605102539,2281.7327278459998
6383.0,16.710956573486328,3.132858991622925,2282.030935783012
6384.0,14.602205276489258,2.687922954559326,2282.346603294005
6385.0,30.430866241455078,5.9474639892578125,2282.650261301009
6386.0,5.636826038360596,1.4019298553466797,2282.9351517450123
6387.0,67.35992431640625,8.671369552612305,2283.2145947200042
6388.0,9.45652961730957,2.388476610183716,2283.4890338620025
6389.0,6.613486289978027,1.5363526344299316,2283.764002135009
6390.0,71.08149719238281,7.76229190826416,2284.037525332009
6391.0,113.60553741455078,11.11755084991455,2284.3290820610127
6392.0,5.495388031005859,1.4310733079910278,2284.6153696300025
6393.0,37.39512634277344,6.528419494628906,2284.894152894005
6394.0,13.912817001342773,3.2520596981048584,2285.2015014589997
6395.0,11.131372451782227,3.0071280002593994,2285.504483585013
6396.0,26.612903594970703,4.5013957023620605,2285.788923045009
6397.0,14.442597389221191,3.3711209297180176,2286.0744440090057
6398.0,17.650310516357422,3.1702828407287598,2286.361663917007
6399.0,16.158838272094727,3.4682562351226807,2286.6526382220036
6400.0,9.020126342773438,2.5163791179656982,2286.944340810005
6401.0,11.271241188049316,2.0576789379119873,2292.820606964
6402.0,5.75855827331543,1.629407525062561,2293.109154490012
6403.0,37.14249038696289,5.084185600280762,2293.398117927005
6404.0,14.50710678100586,3.162411689758301,2293.701410222013
6405.0,13.717707633972168,2.850435972213745,2293.9903382220073
6406.0,7.107050895690918,1.7358094453811646,2294.2725142400013
6407.0,59.48082733154297,7.575690269470215,2294.562484605005
6408.0,11.966177940368652,2.4882631301879883,2294.8511956800066
6409.0,64.56864929199219,7.577101707458496,2295.1371540030086
6410.0,35.65790939331055,5.371181011199951,2295.4185926820064
6411.0,29.008447647094727,5.1009111404418945,2295.7139210960013
6412.0,15.992177963256836,3.043656587600708,2295.987587281008
6413.0,5.049631118774414,1.3123213052749634,2296.285428192001
6414.0,9.392818450927734,2.378782033920288,2296.579860692
6415.0,13.601509094238281,2.989290475845337,2296.875418060008
6416.0,5.708467483520508,1.4517935514450073,2297.149516180012
6417.0,6.7363786697387695,1.7353404760360718,2297.4443065550004
6418.0,6.7970123291015625,1.454714298248291,2297.7335052230046
6419.0,13.189460754394531,2.8026881217956543,2298.0063941260014
6420.0,8.967190742492676,2.0839571952819824,2298.311596192012
6421.0,21.978622436523438,3.850335121154785,2298.601796666
6422.0,55.211090087890625,6.478673934936523,2298.878270854999
6423.0,10.71428108215332,2.4691600799560547,2299.1569319410046
6424.0,7.431164741516113,1.9199377298355103,2299.433482050008
6425.0,81.00083923339844,9.779548645019531,2299.72523851
6426.0,18.20549774169922,3.4323999881744385,2300.0068283500004
6427.0,16.51611328125,4.10524320602417,2300.277434018004
6428.0,29.87295150756836,4.478212356567383,2300.5555729960033
6429.0,44.2088623046875,5.963344573974609,2300.8302984200127
6430.0,5.290567398071289,1.4900935888290405,2301.112906003007
6431.0,14.215287208557129,2.5921549797058105,2301.395384059011
6432.0,11.188437461853027,1.9801758527755737,2301.702385487006
6433.0,6.440158843994141,1.566349983215332,2301.9905096360017
6434.0,25.095680236816406,5.733110427856445,2302.2845085190056
6435.0,14.749434471130371,3.051632881164551,2302.5735872130026
6436.0,10.740135192871094,2.29658579826355,2302.8725553290133
6437.0,28.12057113647461,4.581994533538818,2303.159520222005
6438.0,31.475257873535156,4.652840614318848,2303.4744996640075
6439.0,11.993646621704102,2.895102024078369,2303.769769621009
6440.0,5.549557685852051,1.3663020133972168,2304.071796670003
6441.0,3.5860698223114014,0.9188034534454346,2304.3626133990037
6442.0,8.150632858276367,2.0923917293548584,2304.6388814010134
6443.0,14.839313507080078,2.7977657318115234,2304.928788145
6444.0,16.87491226196289,3.2436187267303467,2305.229010687006
6445.0,13.994255065917969,2.8689253330230713,2305.522459730011
6446.0,4.598645210266113,1.3159770965576172,2305.80262616901
6447.0,8.476661682128906,2.245187282562256,2306.0786764560034
6448.0,5.830454349517822,1.6986886262893677,2306.3516404500115
6449.0,43.97397994995117,6.881723880767822,2306.658458004007
6450.0,6.648674964904785,1.6062549352645874,2306.942438160011
6451.0,10.697677612304688,2.7182657718658447,2307.2330614670063
6452.0,15.706392288208008,3.123682737350464,2307.5320529510063
6453.0,40.345218658447266,4.511118412017822,2307.8316285860055
6454.0,17.158052444458008,3.0281012058258057,2308.1082164180116
6455.0,7.243447303771973,2.1223933696746826,2308.4026290910115
6456.0,25.872209548950195,4.369069576263428,2308.6805580970104
6457.0,22.088443756103516,3.6002418994903564,2308.9705029390025
6458.0,30.585987091064453,5.165359973907471,2309.3220310540055
6459.0,8.670783042907715,2.473736047744751,2309.6224153410003
6460.0,13.335293769836426,3.02738356590271,2309.916806764013
6461.0,18.23604965209961,3.440520763397217,2310.215720321008
6462.0,20.77617645263672,3.7630887031555176,2310.4989632850047
6463.0,14.195562362670898,3.1854734420776367,2310.7733402220038
6464.0,16.465662002563477,3.389866828918457,2311.0747230090055
6465.0,6.782045841217041,2.0505707263946533,2311.349897940003
6466.0,8.20368766784668,2.284634828567505,2311.632786900009
6467.0,9.684462547302246,2.76613712310791,2311.911844180009
6468.0,10.940099716186523,2.5147318840026855,2312.203882932008
6469.0,15.55154037475586,2.8501665592193604,2312.5066525990114
6470.0,7.577032089233398,1.917707920074463,2312.788920433013
6471.0,7.459101676940918,1.791617751121521,2313.0832131640054
6472.0,29.68022918701172,3.9671547412872314,2313.361445737013
6473.0,20.09264373779297,3.395726442337036,2313.6589536980027
6474.0,17.74977684020996,3.7386176586151123,2313.949188691011
6475.0,14.158483505249023,2.9578990936279297,2314.2305625910085
6476.0,17.563392639160156,3.811443328857422,2314.503779385006
6477.0,7.716745853424072,1.801587700843811,2314.7916437340027
6478.0,10.674714088439941,2.265235662460327,2315.080179363009
6479.0,18.59978485107422,3.452545166015625,2315.359929213999
6480.0,5.754060745239258,1.5069010257720947,2315.6684264560026
6481.0,20.1771240234375,3.5156919956207275,2315.941506408999
6482.0,40.17742919921875,6.680235862731934,2316.220626278009
6483.0,21.7729549407959,3.3876519203186035,2316.503594763999
6484.0,7.9300737380981445,2.067833423614502,2316.795624882012
6485.0,22.141250610351562,3.4078221321105957,2317.0661343220127
6486.0,6.792614936828613,1.3773365020751953,2317.341913519005
6487.0,8.723190307617188,2.1938765048980713,2317.6262252450106
6488.0,5.3411865234375,1.3545198440551758,2317.921392245
6489.0,9.823088645935059,2.165320873260498,2318.2136802500027
6490.0,5.244498252868652,1.5015361309051514,2318.4946979119995
6491.0,17.48116683959961,3.4392828941345215,2318.8039130800025
6492.0,10.495986938476562,2.1812732219696045,2319.085291454001
6493.0,15.512701034545898,4.165626525878906,2319.35856891601
6494.0,12.559915542602539,2.474429130554199,2319.6597344320035
6495.0,12.518621444702148,3.053816080093384,2319.9682342450105
6496.0,5.752523899078369,1.7128918170928955,2320.266225547006
6497.0,9.270423889160156,2.2478582859039307,2320.575569086999
6498.0,23.813915252685547,3.6945574283599854,2320.8537161580025
6499.0,24.55301284790039,4.077151775360107,2321.137074515005
6500.0,6.337187767028809,1.5201549530029297,2321.4211311800027
6501.0,5.641011714935303,1.4053294658660889,2327.53371591201
6502.0,32.525577545166016,4.381670951843262,2327.8164887890016
6503.0,6.769848823547363,1.7173998355865479,2328.1124789930036
6504.0,29.50389289855957,4.674302101135254,2328.4242565099994
6505.0,7.577488422393799,2.045279026031494,2328.739881876012
6506.0,4.842276096343994,1.1569277048110962,2329.051140339012
6507.0,17.121231079101562,4.026790142059326,2329.3496094020084
6508.0,142.75645446777344,20.497154235839844,2329.6436936070095
6509.0,18.510902404785156,4.253156661987305,2329.9204757030093
6510.0,24.929718017578125,3.742241144180298,2330.2156045459997
6511.0,14.453960418701172,2.768751859664917,2330.4890586600086
6512.0,11.724870681762695,2.922196865081787,2330.781474919
6513.0,14.042930603027344,3.102689027786255,2331.0675644930016
6514.0,22.123449325561523,5.250797748565674,2331.335920427009
6515.0,12.550849914550781,2.1276376247406006,2331.61811867301
6516.0,7.761514663696289,2.0142910480499268,2331.8998072380055
6517.0,9.090583801269531,2.169863700866699,2332.184998981
6518.0,6.910458564758301,1.9695626497268677,2332.476168764013
6519.0,13.774209976196289,3.064504861831665,2332.774456832005
6520.0,5.70067024230957,1.6268078088760376,2333.0637511540117
6521.0,17.887176513671875,3.9376888275146484,2333.3395122479997
6522.0,16.96763038635254,3.5527260303497314,2333.617217758001
6523.0,30.203277587890625,4.820754528045654,2333.897535908007
6524.0,7.293559551239014,1.7989765405654907,2334.187100784009
6525.0,27.07699203491211,4.289282321929932,2334.496078629003
6526.0,23.414031982421875,4.005887508392334,2334.7880530020047
6527.0,6.4302778244018555,1.7568855285644531,2335.0763379600103
6528.0,6.371484756469727,1.7807750701904297,2335.364915562008
6529.0,7.299369812011719,2.0083682537078857,2335.6508829910017
6530.0,25.718982696533203,4.683933258056641,2335.9329307820008
6531.0,18.0567684173584,3.3716177940368652,2336.218622009008
6532.0,79.75416564941406,9.562925338745117,2336.497116417013
6533.0,8.487221717834473,2.0286471843719482,2336.7830258489994
6534.0,11.53386116027832,2.471109390258789,2337.078241519004
6535.0,29.999441146850586,4.57015323638916,2337.3532027520123
6536.0,12.744888305664062,2.7221055030822754,2337.64719016201
6537.0,10.041470527648926,2.284369945526123,2337.93247418401
6538.0,14.480138778686523,3.985135316848755,2338.213799200006
6539.0,27.03564453125,4.686587810516357,2338.503603136007
6540.0,6.342382907867432,1.7881375551223755,2338.775601207002
6541.0,63.8796272277832,11.935708999633789,2339.080329291013
6542.0,7.596335411071777,1.841637134552002,2339.3570136800117
6543.0,42.806636810302734,6.358213424682617,2339.6645219810016
6544.0,12.44176197052002,3.245915412902832,2339.9434885780065
6545.0,9.66177749633789,2.335103988647461,2340.2323152190074
6546.0,5.820173263549805,1.5376522541046143,2340.5387409899995
6547.0,21.854534149169922,4.391472816467285,2340.813249232
6548.0,8.108081817626953,1.7078311443328857,2341.105239219003
6549.0,7.948055744171143,1.962876796722412,2341.425719192004
6550.0,28.013656616210938,5.193804740905762,2341.711069830999
6551.0,36.56365966796875,5.567733287811279,2341.9924665240105
6552.0,10.620866775512695,2.699890375137329,2342.2936085180118
6553.0,35.65607452392578,5.711091041564941,2342.599597694003
6554.0,28.307571411132812,4.557005882263184,2342.8990099950024
6555.0,24.80637550354004,4.194149494171143,2343.1772153050115
6556.0,29.954256057739258,4.799367427825928,2343.462771098013
6557.0,11.927511215209961,2.912630558013916,2343.7466349720053
6558.0,3.5140631198883057,0.9153349995613098,2344.0330100550054
6559.0,21.60540771484375,4.2757463455200195,2344.3224032610015
6560.0,8.113870620727539,1.8763991594314575,2344.6043678920105
6561.0,30.90258026123047,4.571263313293457,2344.8928155800095
6562.0,52.88737487792969,7.744032382965088,2345.1701937980106
6563.0,33.91114807128906,3.7915077209472656,2345.463808823013
6564.0,7.541161060333252,1.9778544902801514,2345.745315704
6565.0,9.70948600769043,2.1885199546813965,2346.030589179005
6566.0,13.82432746887207,3.399325370788574,2346.344402085
6567.0,175.79425048828125,16.49398422241211,2346.649330688
6568.0,14.407281875610352,2.853097915649414,2346.9353233810107
6569.0,30.59429931640625,4.718257427215576,2347.2374927530036
6570.0,22.39261245727539,3.9324324131011963,2347.5445716570102
6571.0,26.18781280517578,4.396992206573486,2347.8606978980097
6572.0,10.559280395507812,2.9442994594573975,2348.145632440006
6573.0,30.60660171508789,4.6916913986206055,2348.4378336650116
6574.0,17.99716567993164,3.173560857772827,2348.7147109060024
6575.0,5.408720016479492,1.4908380508422852,2348.994850660005
6576.0,7.100533485412598,1.6586213111877441,2349.2820963039994
6577.0,6.207584857940674,1.5951666831970215,2349.561701906001
6578.0,9.237701416015625,2.0924930572509766,2349.8685986400087
6579.0,30.393878936767578,5.086437225341797,2350.1525052060024
6580.0,28.334365844726562,4.459196090698242,2350.4396006290044
6581.0,6.116533279418945,1.7142459154129028,2350.718732510999
6582.0,15.941637992858887,2.878931760787964,2351.025171336005
6583.0,6.5402326583862305,1.581026554107666,2351.362379147002
6584.0,36.96542739868164,4.206437587738037,2351.675660976005
6585.0,16.563526153564453,3.788189649581909,2351.962208997007
6586.0,9.795537948608398,2.0083744525909424,2352.245178699013
6587.0,13.089786529541016,2.177309274673462,2352.530379009011
6588.0,6.783720016479492,2.0927789211273193,2352.8235297710053
6589.0,21.091495513916016,3.3740813732147217,2353.106206060009
6590.0,19.326580047607422,3.202974557876587,2353.3843851429992
6591.0,4.496052265167236,1.3939951658248901,2353.6836325700133
6592.0,6.292574882507324,1.7207849025726318,2353.9655096220085
6593.0,20.400754928588867,4.221456527709961,2354.2592200940126
6594.0,9.728272438049316,2.419904947280884,2354.541527857
6595.0,32.21565246582031,4.765008926391602,2354.8542163360107
6596.0,9.67446231842041,2.2112231254577637,2355.158218166005
6597.0,14.750261306762695,3.0153682231903076,2355.456113614011
6598.0,61.28789138793945,8.127995491027832,2355.749108726013
6599.0,60.665367126464844,7.712146282196045,2356.0697530050093
6600.0,9.252278327941895,2.512669086456299,2356.349764581013
6601.0,15.115951538085938,3.310727834701538,2363.112414688003
6602.0,19.9207763671875,3.044999599456787,2363.397311785011
6603.0,8.954628944396973,2.303387403488159,2363.6993569530023
6604.0,24.188091278076172,4.275428295135498,2364.0075672650128
6605.0,12.327218055725098,2.2443995475769043,2364.306208398004
6606.0,33.31865310668945,4.764707565307617,2364.629176875009
6607.0,53.028079986572266,6.816307067871094,2364.907252754012
6608.0,25.02802276611328,5.0674967765808105,2365.2234520570055
6609.0,12.016082763671875,2.3884222507476807,2365.522540211008
6610.0,6.900595664978027,1.8190932273864746,2365.815277002999
6611.0,9.987735748291016,2.629976511001587,2366.1190183889994
6612.0,11.121281623840332,2.674506187438965,2366.4603679510037
6613.0,12.153587341308594,3.1619644165039062,2366.779054704006
6614.0,15.317264556884766,3.8743979930877686,2367.0871113750036
6615.0,27.81997299194336,4.619248390197754,2367.376104573006
6616.0,43.59646224975586,5.248515605926514,2367.678484930002
6617.0,27.53923797607422,4.040417671203613,2367.968539353009
6618.0,6.628505706787109,1.5653473138809204,2368.2609068910097
6619.0,22.95154571533203,3.0163469314575195,2368.577372267013
6620.0,31.76065444946289,3.568768262863159,2368.8603781500133
6621.0,30.23731231689453,5.37861442565918,2369.1435250610084
6622.0,64.31729888916016,9.911255836486816,2369.4255811800103
6623.0,6.971283912658691,1.9951764345169067,2369.724137173005
6624.0,55.91610336303711,7.569180488586426,2370.0116673840093
6625.0,19.879838943481445,4.062009811401367,2370.285330523009
6626.0,6.1721696853637695,1.5916634798049927,2370.585718867005
6627.0,36.701351165771484,4.846771717071533,2370.8632431959995
6628.0,24.351655960083008,3.919840097427368,2371.150152096001
6629.0,10.392866134643555,2.1341147422790527,2371.4424289240123
6630.0,6.442883491516113,1.7725579738616943,2371.738314169008
6631.0,75.87875366210938,9.365776062011719,2372.0344225080044
6632.0,7.103855609893799,1.7717267274856567,2372.3449263400107
6633.0,6.139209747314453,1.5546164512634277,2372.634984622011
6634.0,29.076034545898438,5.310108661651611,2372.9188085650094
6635.0,8.95610237121582,2.215975046157837,2373.202504756002
6636.0,23.43416976928711,4.652674198150635,2373.497321557006
6637.0,19.451053619384766,3.716780185699463,2373.781703326007
6638.0,8.520109176635742,2.2460196018218994,2374.0758536300127
6639.0,8.7427978515625,2.06117844581604,2374.367224600006
6640.0,10.824499130249023,2.6791462898254395,2374.6563937140018
6641.0,11.694698333740234,2.361391544342041,2374.942559130999
6642.0,9.733880043029785,2.27197527885437,2375.2282993130066
6643.0,24.35263442993164,4.501107692718506,2375.520672537008
6644.0,4.5660080909729,1.263750672340393,2375.800309852013
6645.0,13.968498229980469,2.770009756088257,2376.0864737340016
6646.0,14.40357780456543,2.8033366203308105,2376.3650646720052
6647.0,6.722649097442627,1.6852222681045532,2376.653602837003
6648.0,5.947924613952637,1.7121002674102783,2376.9524922140117
6649.0,31.32221221923828,5.065174579620361,2377.2325436300016
6650.0,8.29627799987793,2.3573169708251953,2377.5112516630033
6651.0,5.883135795593262,1.61897611618042,2377.793047717001
6652.0,37.018272399902344,5.292692184448242,2378.0884443910036
6653.0,21.375038146972656,3.6143558025360107,2378.367543679007
6654.0,72.06172180175781,8.975707054138184,2378.6595916510123
6655.0,38.48565673828125,4.616994857788086,2378.953057933002
6656.0,7.488515853881836,1.8544061183929443,2379.2445273710036
6657.0,96.90716552734375,10.12204647064209,2379.525722709004
6658.0,15.632705688476562,3.202522039413452,2379.8047144390002
6659.0,29.2314453125,4.39669942855835,2380.0795685180055
6660.0,17.299461364746094,2.982189178466797,2380.3668084200035
6661.0,13.508354187011719,2.7921547889709473,2380.647188204006
6662.0,50.26127624511719,6.740163803100586,2380.9364357360027
6663.0,28.392868041992188,4.797220706939697,2381.2087243610003
6664.0,31.97675323486328,5.280733585357666,2381.5031385230104
6665.0,10.92004680633545,2.8106045722961426,2381.777652841003
6666.0,13.843511581420898,3.5514347553253174,2382.0526898850076
6667.0,7.530830383300781,1.7559551000595093,2382.3282320870057
6668.0,57.13702392578125,6.630780220031738,2382.6074218310096
6669.0,23.55939483642578,4.543459415435791,2382.8960950090113
6670.0,45.01908493041992,7.110869884490967,2383.1767902010033
6671.0,86.09605407714844,13.697901725769043,2383.476283611002
6672.0,11.80832290649414,2.7042837142944336,2383.749517353004
6673.0,12.51326847076416,2.7578177452087402,2384.0300230700086
6674.0,42.21868896484375,8.559164047241211,2384.322600922009
6675.0,11.333272933959961,2.542618989944458,2384.5954342540062
6676.0,6.823697090148926,1.7194063663482666,2384.894005686001
6677.0,15.115239143371582,3.449753522872925,2385.185559293008
6678.0,24.005409240722656,3.885294198989868,2385.462119229007
6679.0,13.101946830749512,2.6751675605773926,2385.7405479570007
6680.0,17.304040908813477,3.1604766845703125,2386.036826787007
6681.0,4.555435657501221,1.1083743572235107,2386.314798479012
6682.0,7.875755310058594,1.6182475090026855,2386.599588976009
6683.0,10.136702537536621,2.0953874588012695,2386.8960504760034
6684.0,28.891616821289062,5.181890487670898,2387.179170939009
6685.0,10.552593231201172,2.3411307334899902,2387.464282027009
6686.0,6.475142955780029,2.118828058242798,2387.7479574680037
6687.0,85.85601043701172,9.075957298278809,2388.021750122003
6688.0,21.580829620361328,3.1012203693389893,2388.3145378550107
6689.0,22.419994354248047,3.7671825885772705,2388.616662287008
6690.0,6.656955718994141,1.4675241708755493,2388.903489479999
6691.0,24.056278228759766,4.172702312469482,2389.1985658699996
6692.0,29.213058471679688,4.75508975982666,2389.478890380007
6693.0,3.821404457092285,0.9607516527175903,2389.772169503005
6694.0,9.897359848022461,2.2001562118530273,2390.068459155009
6695.0,19.289100646972656,4.24966287612915,2390.364826738005
6696.0,9.334256172180176,2.4969351291656494,2390.6426771480037
6697.0,27.33946990966797,4.381457805633545,2390.9302543119993
6698.0,21.67446517944336,4.792583465576172,2391.2126742719993
6699.0,22.91765594482422,4.664147853851318,2391.5085404359997
6700.0,20.38398551940918,5.240115165710449,2391.7909724950005
6701.0,17.185270309448242,4.525796413421631,2397.8650693320087
6702.0,13.841606140136719,3.138131856918335,2398.1530601230043
6703.0,6.413123607635498,1.5315508842468262,2398.4418833220116
6704.0,5.189925193786621,1.3263169527053833,2398.737187111008
6705.0,27.869277954101562,4.880187511444092,2399.026079028001
6706.0,23.33900260925293,3.8051044940948486,2399.310505265006
6707.0,65.96858215332031,7.76852560043335,2399.6115202490037
6708.0,11.639449119567871,2.794832468032837,2399.9121891640098
6709.0,6.653750896453857,1.5281001329421997,2400.1939694169996
6710.0,15.549030303955078,3.304321050643921,2400.483563230009
6711.0,9.689849853515625,2.5299532413482666,2400.7712309630006
6712.0,30.85511016845703,5.519055366516113,2401.0607489620015
6713.0,31.655664443969727,6.251107215881348,2401.348636953
6714.0,115.4908447265625,11.03243350982666,2401.624961488007
6715.0,78.44583129882812,8.596657752990723,2401.927888782011
6716.0,7.181623458862305,1.5795220136642456,2402.223905870007
6717.0,55.38077163696289,7.8652143478393555,2402.511265662004
6718.0,36.403072357177734,7.113768100738525,2402.8044780130003
6719.0,33.78335189819336,5.726616382598877,2403.092141372006
6720.0,88.3943099975586,11.203845024108887,2403.386391750013
6721.0,83.18809509277344,8.551161766052246,2403.6849719849997
6722.0,38.59893798828125,4.592682838439941,2403.9571642110095
6723.0,5.297191143035889,1.3929166793823242,2404.2290988099994
6724.0,14.933351516723633,3.042808771133423,2404.509018097
6725.0,11.30486011505127,2.8130486011505127,2404.7885314390005
6726.0,15.688566207885742,3.450014591217041,2405.074548018005
6727.0,132.32562255859375,11.542533874511719,2405.361861563011
6728.0,25.289913177490234,4.232108116149902,2405.6740754530038
6729.0,26.793479919433594,5.341067790985107,2405.958324600011
6730.0,67.16886901855469,8.518952369689941,2406.248411657012
6731.0,75.3872299194336,7.962066173553467,2406.5462192490086
6732.0,7.195304870605469,1.6821668148040771,2406.827918480005
6733.0,7.763848304748535,1.8358442783355713,2407.117294478012
6734.0,22.921546936035156,4.223466396331787,2407.408793766008
6735.0,12.701687812805176,2.799241304397583,2407.6909846100025
6736.0,10.98748779296875,2.4015321731567383,2407.970099187005
6737.0,6.443159580230713,1.6581170558929443,2408.2496249910037
6738.0,12.470430374145508,2.9590327739715576,2408.522853144008
6739.0,13.214424133300781,2.599181890487671,2408.818352833012
6740.0,81.11052703857422,8.402637481689453,2409.111903279001
6741.0,10.563849449157715,2.7983851432800293,2409.4078195650072
6742.0,8.596433639526367,2.1512563228607178,2409.6922106720012
6743.0,48.78105163574219,7.4890828132629395,2410.008346057002
6744.0,5.4256591796875,1.3587414026260376,2410.3080863130017
6745.0,25.080856323242188,4.962620735168457,2410.589237166001
6746.0,13.086383819580078,3.1173312664031982,2410.8618922290043
6747.0,23.264446258544922,4.766844272613525,2411.156588757003
6748.0,20.029617309570312,3.3544466495513916,2411.454830254006
6749.0,17.349639892578125,4.328264236450195,2411.7436726930027
6750.0,20.987102508544922,3.1314291954040527,2412.0274496700004
6751.0,27.492996215820312,4.559465408325195,2412.310696697008
6752.0,31.000410079956055,5.187525749206543,2412.6067564930127
6753.0,20.13448143005371,3.904136896133423,2412.8806143580005
6754.0,36.60653305053711,5.845655918121338,2413.1694281490054
6755.0,9.796283721923828,2.146097421646118,2413.439717515008
6756.0,6.537149906158447,1.876138687133789,2413.731579692001
6757.0,19.98906135559082,3.222581386566162,2414.0079699060007
6758.0,5.377751350402832,1.3677384853363037,2414.294489980006
6759.0,25.883113861083984,4.6520586013793945,2414.5872003050026
6760.0,8.038253784179688,2.1720597743988037,2414.8734602030017
6761.0,15.707500457763672,3.049525022506714,2415.1521834940067
6762.0,14.380300521850586,2.7215332984924316,2415.440527636005
6763.0,10.111572265625,2.580026388168335,2415.730965294002
6764.0,12.214787483215332,2.459810256958008,2416.0360515620123
6765.0,6.887705326080322,1.9002950191497803,2416.33490866801
6766.0,14.093130111694336,3.529470205307007,2416.6306598830124
6767.0,27.752269744873047,4.697011470794678,2416.905479484005
6768.0,46.66674041748047,9.013338088989258,2417.209254831003
6769.0,7.040746212005615,1.932490348815918,2417.4899852490053
6770.0,16.92810821533203,3.5329949855804443,2417.7877417940035
6771.0,10.193214416503906,2.391425848007202,2418.0708197190106
6772.0,13.152621269226074,2.9145030975341797,2418.361013753005
6773.0,20.519386291503906,3.555375099182129,2418.65173922501
6774.0,5.988523483276367,1.477791666984558,2418.9385578479996
6775.0,6.209782600402832,1.5256422758102417,2419.2350853860116
6776.0,8.958457946777344,2.617255449295044,2419.521653861011
6777.0,39.382301330566406,5.827771186828613,2419.823516374003
6778.0,12.802392959594727,2.429957628250122,2420.1080858190107
6779.0,4.338058948516846,1.1679433584213257,2420.386728278012
6780.0,12.36577033996582,2.626885175704956,2420.6779846030113
6781.0,25.606088638305664,4.49345588684082,2420.976528612009
6782.0,19.773860931396484,4.001389503479004,2421.2562776620034
6783.0,12.464899063110352,3.240105390548706,2421.546029959005
6784.0,7.749517440795898,1.4843024015426636,2421.8378927020094
6785.0,22.897945404052734,3.5043387413024902,2422.123205292999
6786.0,23.22193145751953,2.855631113052368,2422.408632648003
6787.0,17.055028915405273,3.5552027225494385,2422.7052528130007
6788.0,31.451927185058594,4.660459041595459,2422.9855743549997
6789.0,43.33467483520508,5.538963794708252,2423.273400257007
6790.0,18.618850708007812,2.6393449306488037,2423.5531336740096
6791.0,18.152530670166016,3.4947195053100586,2423.826344819012
6792.0,9.459320068359375,2.5541300773620605,2424.102217931999
6793.0,39.67926025390625,5.524122714996338,2424.3756307560107
6794.0,6.774026870727539,1.7040326595306396,2424.677071869999
6795.0,15.095368385314941,3.288645029067993,2424.9610842969996
6796.0,15.638671875,2.8286960124969482,2425.262960446009
6797.0,71.87236022949219,8.277146339416504,2425.553925432003
6798.0,6.791193008422852,1.7026945352554321,2425.842392944003
6799.0,11.221423149108887,2.3285608291625977,2426.128631042011
6800.0,14.017001152038574,2.5638670921325684,2426.4059591130062
6801.0,11.910449981689453,2.338937282562256,2432.2656189710106
6802.0,35.40345001220703,5.668700218200684,2432.5567752230127
6803.0,14.104864120483398,2.350165605545044,2432.844058774004
6804.0,136.88381958007812,19.112220764160156,2433.126911961008
6805.0,8.931608200073242,2.340857982635498,2433.4031222910126
6806.0,10.405163764953613,2.7143845558166504,2433.7100747010118
6807.0,12.165349960327148,2.8756308555603027,2434.011942393001
6808.0,16.95693016052246,3.36670184135437,2434.300717615013
6809.0,10.116291046142578,2.039484739303589,2434.5924053199997
6810.0,23.699399948120117,4.41773796081543,2434.876070061
6811.0,42.051025390625,9.065657615661621,2435.16936005601
6812.0,19.844234466552734,3.161802053451538,2435.465447103008
6813.0,7.559149742126465,1.9717198610305786,2435.764284199002
6814.0,4.843458652496338,1.2361549139022827,2436.055554923005
6815.0,8.636042594909668,1.8733373880386353,2436.3286548640026
6816.0,22.818965911865234,4.813811302185059,2436.60258110601
6817.0,11.071348190307617,3.1395511627197266,2436.8699136850046
6818.0,18.496488571166992,3.3781702518463135,2437.1547182840004
6819.0,62.274314880371094,10.890999794006348,2437.4470760250115
6820.0,15.767959594726562,2.8966145515441895,2437.741390374009
6821.0,22.944231033325195,4.142214298248291,2438.0368285870063
6822.0,17.007423400878906,2.5958988666534424,2438.340201466999
6823.0,15.766349792480469,3.0667707920074463,2438.626346833
6824.0,6.009121894836426,1.3776881694793701,2438.9123087810003
6825.0,18.088159561157227,4.284892559051514,2439.1972671900003
6826.0,8.016815185546875,2.070406675338745,2439.486300274002
6827.0,32.45228576660156,4.442704677581787,2439.770434859005
6828.0,8.102341651916504,1.9782180786132812,2440.063764202001
6829.0,5.138040542602539,1.3070487976074219,2440.3408381920017
6830.0,31.711210250854492,5.175462245941162,2440.6296656560007
6831.0,10.361759185791016,2.34788179397583,2440.918695903005
6832.0,11.594949722290039,2.654158115386963,2441.193429074003
6833.0,5.010603904724121,1.5050392150878906,2441.4850793750084
6834.0,20.25933837890625,3.4533815383911133,2441.780575992001
6835.0,22.46499252319336,3.4744508266448975,2442.056371094004
6836.0,20.55633544921875,3.5682833194732666,2442.3280412650056
6837.0,6.273534297943115,1.7692159414291382,2442.6244066090003
6838.0,8.825212478637695,2.4566149711608887,2442.919524919009
6839.0,8.807718276977539,2.3340442180633545,2443.2155868950067
6840.0,7.914972305297852,2.0910720825195312,2443.5188335400017
6841.0,63.9291877746582,9.015937805175781,2443.857431469005
6842.0,31.374853134155273,4.811476707458496,2444.1715266740066
6843.0,28.771987915039062,4.383272647857666,2444.4883832740015
6844.0,22.644535064697266,4.377800941467285,2444.78404554
6845.0,15.125468254089355,2.2648961544036865,2445.0818546299997
6846.0,10.451375961303711,2.387392997741699,2445.3670422730065
6847.0,4.336696624755859,1.231123447418213,2445.6738930310094
6848.0,9.045679092407227,2.172494649887085,2446.001698494001
6849.0,5.5044965744018555,1.6206066608428955,2446.2842956680106
6850.0,24.289615631103516,3.839034080505371,2446.5726172400027
6851.0,18.794017791748047,3.611687421798706,2446.863506105001
6852.0,78.46578979492188,8.646749496459961,2447.172742396011
6853.0,34.13138961791992,5.389148235321045,2447.4626745740097
6854.0,7.165815353393555,2.287503957748413,2447.785396969004
6855.0,24.55313491821289,4.79323673248291,2448.07375036701
6856.0,16.2004451751709,3.413465738296509,2448.3800420960033
6857.0,16.35612678527832,3.2852089405059814,2448.681636927009
6858.0,10.800674438476562,2.3817968368530273,2448.9693177800073
6859.0,8.66373062133789,1.9431016445159912,2449.2795069620042
6860.0,23.807159423828125,4.0900774002075195,2449.5731059750105
6861.0,11.844432830810547,2.3818392753601074,2449.873516741005
6862.0,26.49901580810547,4.329080581665039,2450.154687704009
6863.0,11.438465118408203,2.3700428009033203,2450.4488849430054
6864.0,98.45503234863281,11.526567459106445,2450.7415937110054
6865.0,34.602874755859375,6.089688301086426,2451.0610676070064
6866.0,28.163890838623047,4.928927421569824,2451.3559621410095
6867.0,14.71772575378418,3.1702964305877686,2451.6742729670077
6868.0,10.669742584228516,2.2862119674682617,2451.9793273660034
6869.0,10.543476104736328,2.3223867416381836,2452.2853617820074
6870.0,20.64450454711914,3.7114505767822266,2452.5871068340057
6871.0,5.190204620361328,1.3521524667739868,2452.8684191670036
6872.0,79.63226318359375,8.893011093139648,2453.1674436220055
6873.0,36.39757537841797,5.181097984313965,2453.4466160760057
6874.0,29.004013061523438,4.686277866363525,2453.7184532880055
6875.0,13.630477905273438,3.202242136001587,2454.0206811860116
6876.0,18.85037612915039,3.9708752632141113,2454.310616095012
6877.0,130.27325439453125,12.367205619812012,2454.5972880530026
6878.0,14.882158279418945,3.368095874786377,2454.8949535990105
6879.0,34.01091003417969,5.080616474151611,2455.1796115260076
6880.0,8.12015151977539,2.004380941390991,2455.483996168012
6881.0,24.207603454589844,4.324051380157471,2455.7780850120034
6882.0,8.8169527053833,1.9977532625198364,2456.076652626012
6883.0,7.658506393432617,2.1730453968048096,2456.3628131440055
6884.0,82.85297393798828,8.747421264648438,2456.6643515440082
6885.0,7.9340434074401855,1.8772531747817993,2456.9546679750056
6886.0,15.133476257324219,2.597306489944458,2457.247389513999
6887.0,17.20237159729004,3.7497551441192627,2457.5568892120064
6888.0,17.873748779296875,3.7429840564727783,2457.8565850450104
6889.0,12.099342346191406,2.932093858718872,2458.166745276001
6890.0,6.162696838378906,1.489133358001709,2458.470969009999
6891.0,20.497825622558594,4.680129528045654,2458.780667834013
6892.0,7.4040985107421875,1.9290186166763306,2459.067536527
6893.0,9.384147644042969,2.1458349227905273,2459.3591409400105
6894.0,15.531825065612793,3.1169989109039307,2459.6486549410038
6895.0,6.755578994750977,1.93398118019104,2459.9298335519998
6896.0,13.939769744873047,3.200145721435547,2460.2408069250087
6897.0,11.176923751831055,2.3123395442962646,2460.5341116240015
6898.0,11.101944923400879,2.020897626876831,2460.8186274540058
6899.0,9.99459171295166,2.5515527725219727,2461.1069527790096
6900.0,14.311332702636719,3.470792770385742,2461.3839745040023
6901.0,19.976747512817383,3.825493812561035,2467.2630545790016
6902.0,14.922100067138672,2.8868000507354736,2467.5457723420113
6903.0,27.302013397216797,4.178693771362305,2467.8209561969998
6904.0,12.751837730407715,2.288588285446167,2468.093432381007
6905.0,22.322998046875,3.4281327724456787,2468.3834583040007
6906.0,8.480588912963867,1.9851961135864258,2468.665040178006
6907.0,22.264949798583984,4.035303592681885,2468.956117655005
6908.0,7.707633018493652,2.186124563217163,2469.2463263050013
6909.0,6.735263824462891,1.686506748199463,2469.533444353001
6910.0,21.784963607788086,3.6060235500335693,2469.815531709013
6911.0,19.118595123291016,3.466610908508301,2470.100010209004
6912.0,19.16609764099121,4.694564342498779,2470.373589408002
6913.0,24.448259353637695,4.577068328857422,2470.684109847003
6914.0,30.40198516845703,4.2894158363342285,2470.970458625001
6915.0,6.837855339050293,1.6614035367965698,2471.2610266320116
6916.0,22.91635513305664,3.7585113048553467,2471.5396667660098
6917.0,20.770923614501953,3.4136669635772705,2471.839268790005
6918.0,11.31118392944336,2.303917646408081,2472.1385642100067
6919.0,4.1558451652526855,1.1932735443115234,2472.4348174250044
6920.0,9.831429481506348,2.2572836875915527,2472.7294193250127
6921.0,15.164824485778809,2.8088226318359375,2473.022777873004
6922.0,6.649946212768555,1.7450178861618042,2473.3121471180057
6923.0,15.287817001342773,3.6629791259765625,2473.6071530949994
6924.0,4.7873430252075195,1.200626015663147,2473.890237849002
6925.0,23.425411224365234,3.9660162925720215,2474.171191638001
6926.0,7.715793609619141,2.1807491779327393,2474.4560530330054
6927.0,15.135634422302246,2.7999277114868164,2474.735670772003
6928.0,16.605928421020508,3.2681689262390137,2475.0225459300127
6929.0,30.16343879699707,4.4808197021484375,2475.3036304820125
6930.0,16.681224822998047,2.2651548385620117,2475.5996581090003
6931.0,8.77822494506836,2.3049802780151367,2475.891604605
6932.0,18.189311981201172,3.4839911460876465,2476.1633037840074
6933.0,34.11385726928711,5.268031120300293,2476.4550733600045
6934.0,11.620084762573242,3.094916820526123,2476.7476417060097
6935.0,4.790693759918213,1.1145533323287964,2477.024115050008
6936.0,19.790512084960938,3.6080288887023926,2477.3172349980014
6937.0,11.80710220336914,2.92081618309021,2477.6230036230118
6938.0,65.97948455810547,8.70874309539795,2477.898361833999
6939.0,13.29177474975586,2.9155216217041016,2478.1765797700064
6940.0,14.475348472595215,2.8302247524261475,2478.4646962370025
6941.0,14.896848678588867,3.3773136138916016,2478.7397458640044
6942.0,45.111053466796875,5.900865077972412,2479.0302717130107
6943.0,6.9265546798706055,1.6919419765472412,2479.3073701090034
6944.0,6.817357063293457,1.936555027961731,2479.585844969013
6945.0,49.70034408569336,5.799173355102539,2479.882344550002
6946.0,32.10969543457031,5.364063739776611,2480.157708507002
6947.0,17.051189422607422,3.1610405445098877,2480.431621742013
6948.0,17.03032684326172,3.954296112060547,2480.7045937180083
6949.0,18.825942993164062,3.4116411209106445,2480.9736062670127
6950.0,41.1452751159668,5.789549827575684,2481.2597285730008
6951.0,16.14818572998047,3.9168782234191895,2481.550474980002
6952.0,30.97602081298828,4.263395309448242,2481.8303379220015
6953.0,12.848915100097656,2.754661798477173,2482.1131295090017
6954.0,33.36676788330078,5.26558780670166,2482.4042526870035
6955.0,20.322525024414062,3.6955389976501465,2482.7165950970084
6956.0,27.030105590820312,4.709962368011475,2483.012128731003
6957.0,7.791742324829102,1.8186506032943726,2483.2956621860067
6958.0,14.532047271728516,3.3117928504943848,2483.572914164004
6959.0,68.03678894042969,7.171717166900635,2483.860205271005
6960.0,8.855253219604492,1.93741774559021,2484.133857933004
6961.0,23.79084014892578,4.224411964416504,2484.4145645220124
6962.0,9.35348892211914,2.741473913192749,2484.7225659329997
6963.0,9.770238876342773,2.6202259063720703,2484.998853612007
6964.0,26.795616149902344,4.761850357055664,2485.282613444011
6965.0,32.13051986694336,4.39369535446167,2485.5762936600077
6966.0,5.65900993347168,1.445675015449524,2485.859500090999
6967.0,29.248947143554688,5.207484245300293,2486.153951373999
6968.0,16.271286010742188,3.609506368637085,2486.4292111940013
6969.0,4.581424713134766,1.0937831401824951,2486.7184093000105
6970.0,28.850788116455078,4.51415491104126,2487.0160635380016
6971.0,9.250129699707031,1.9781630039215088,2487.294840903007
6972.0,7.2889084815979,2.038437843322754,2487.5893764440116
6973.0,9.789861679077148,2.61186146736145,2487.912320896008
6974.0,23.181766510009766,4.6975555419921875,2488.2194875890127
6975.0,9.916260719299316,2.471442937850952,2488.518943023999
6976.0,7.156988620758057,1.7437254190444946,2488.801306767011
6977.0,26.07495880126953,4.12373161315918,2489.0941478010063
6978.0,17.232879638671875,3.1973116397857666,2489.4125121570105
6979.0,7.013077735900879,1.9685360193252563,2489.685413587009
6980.0,29.121248245239258,5.483374118804932,2489.9702313029993
6981.0,8.894218444824219,2.0703768730163574,2490.240185818009
6982.0,22.58953285217285,4.152320384979248,2490.527762149999
6983.0,11.105915069580078,2.4591259956359863,2490.815933541002
6984.0,16.24868392944336,3.08105206489563,2491.098528595001
6985.0,5.8568115234375,1.4021456241607666,2491.3735010680102
6986.0,16.771677017211914,3.3649239540100098,2491.655915112002
6987.0,15.468690872192383,3.873985528945923,2491.9361627670005
6988.0,37.298423767089844,5.954363822937012,2492.225130152001
6989.0,40.38018035888672,5.739453315734863,2492.519701989004
6990.0,8.096136093139648,1.9409081935882568,2492.802913213003
6991.0,22.770112991333008,3.143345832824707,2493.1077554540097
6992.0,29.31165313720703,5.057402610778809,2493.4197085610067
6993.0,32.70638656616211,5.212384223937988,2493.7687069950043
6994.0,7.447216987609863,1.6374677419662476,2494.075250370006
6995.0,31.744876861572266,4.85108757019043,2494.401653465
6996.0,19.896385192871094,3.5662472248077393,2494.695449278006
6997.0,11.15770149230957,2.849895715713501,2495.0316804360045
6998.0,102.22978973388672,10.48733901977539,2495.348918460004
6999.0,25.30321502685547,4.173488140106201,2495.663562243004
7000.0,15.96497631072998,2.84389066696167,2495.956391855012
7001.0,5.507717609405518,1.3183366060256958,2502.7125291300035
7002.0,29.55254364013672,4.447033882141113,2503.0225432340085
7003.0,12.900152206420898,2.7420780658721924,2503.315953219004
7004.0,10.348860740661621,2.3173563480377197,2503.6096377620124
7005.0,20.480487823486328,3.411449909210205,2503.913340843006
7006.0,10.04958438873291,2.603135824203491,2504.204550594004
7007.0,5.8078179359436035,1.6601436138153076,2504.491142069004
7008.0,37.672645568847656,5.458464622497559,2504.7725789990072
7009.0,42.47492218017578,4.334530353546143,2505.0705636850034
7010.0,40.67835998535156,6.25385856628418,2505.3440974080004
7011.0,10.411060333251953,2.2698686122894287,2505.631604966009
7012.0,9.408093452453613,2.3754773139953613,2505.919100706
7013.0,23.492053985595703,4.283817768096924,2506.2026506340044
7014.0,22.965869903564453,3.55889630317688,2506.498019042003
7015.0,12.988893508911133,3.53269362449646,2506.7715328080085
7016.0,32.54353713989258,4.851287364959717,2507.0559566420125
7017.0,16.332406997680664,3.8515493869781494,2507.3493522790086
7018.0,4.738308429718018,1.3034204244613647,2507.6395817380107
7019.0,33.79131317138672,5.134779453277588,2507.926273860008
7020.0,21.451461791992188,5.058359622955322,2508.214072961011
7021.0,8.412286758422852,2.4726312160491943,2508.5038986900036
7022.0,35.48076629638672,5.121018886566162,2508.788681971011
7023.0,22.607624053955078,3.864410638809204,2509.0699921510095
7024.0,19.806133270263672,4.1005330085754395,2509.3565437460056
7025.0,17.416507720947266,3.251453161239624,2509.6631749080116
7026.0,5.1869049072265625,1.4258705377578735,2509.9436767050065
7027.0,63.23689270019531,7.672364711761475,2510.2171090860065
7028.0,8.118860244750977,2.3823728561401367,2510.5027412630006
7029.0,33.317596435546875,5.4335198402404785,2510.8125209960126
7030.0,4.887832164764404,1.3476793766021729,2511.1081818920065
7031.0,5.384986400604248,1.3598865270614624,2511.4113572400092
7032.0,57.43528747558594,9.82179069519043,2511.6903622070095
7033.0,15.84250545501709,2.916918992996216,2511.973000717
7034.0,10.621370315551758,2.4645116329193115,2512.2712503799994
7035.0,12.13629150390625,2.27270770072937,2512.5629162140103
7036.0,335.9015197753906,29.311166763305664,2512.837056164004
7037.0,10.625879287719727,2.2203667163848877,2513.12161977301
7038.0,5.110121250152588,1.3437654972076416,2513.4035945020005
7039.0,16.924772262573242,3.7344071865081787,2513.696384920011
7040.0,11.070667266845703,2.02428936958313,2513.9839436480106
7041.0,33.4509162902832,4.85521125793457,2514.2738541190047
7042.0,12.935604095458984,2.3267018795013428,2514.5649941810116
7043.0,17.289905548095703,3.4482812881469727,2514.8427968070027
7044.0,9.281030654907227,2.406339645385742,2515.131801816009
7045.0,6.108951568603516,1.835205078125,2515.442710232004
7046.0,10.408013343811035,2.516756296157837,2515.722707211011
7047.0,5.103028297424316,1.3555141687393188,2516.000675323012
7048.0,64.69406127929688,7.358638286590576,2516.2861693270097
7049.0,4.768445014953613,1.268102765083313,2516.5686240800133
7050.0,8.544103622436523,2.0017762184143066,2516.87130202401
7051.0,27.193355560302734,4.053497314453125,2517.1788194360124
7052.0,21.41817855834961,4.309610366821289,2517.4920403040014
7053.0,8.28990650177002,1.9311163425445557,2517.78665714401
7054.0,14.719202041625977,2.8203654289245605,2518.067933989005
7055.0,14.845367431640625,2.797745704650879,2518.366058023006
7056.0,64.48554992675781,7.269891262054443,2518.6593232970044
7057.0,15.789494514465332,3.8169524669647217,2518.9421414160024
7058.0,35.212493896484375,5.869175434112549,2519.2301103089994
7059.0,10.122591018676758,2.2734382152557373,2519.5143591570086
7060.0,5.217312812805176,1.33585786819458,2519.8066924680024
7061.0,12.607797622680664,2.582251787185669,2520.0799512000085
7062.0,67.14473724365234,7.592357635498047,2520.3666621690063
7063.0,12.813100814819336,3.0258982181549072,2520.641845218008
7064.0,24.684879302978516,4.038913249969482,2520.927860448006
7065.0,24.135883331298828,4.732980251312256,2521.2374871150096
7066.0,11.670570373535156,2.679419755935669,2521.5314618210105
7067.0,9.440600395202637,2.2375295162200928,2521.8172330330126
7068.0,11.153336524963379,2.5930678844451904,2522.1164866000036
7069.0,9.20632266998291,2.1497461795806885,2522.4230135830003
7070.0,7.317061424255371,2.10257887840271,2522.7257951960055
7071.0,6.595914363861084,1.741112470626831,2523.0270534790034
7072.0,16.425310134887695,3.6417322158813477,2523.3441777820117
7073.0,32.257320404052734,4.801053524017334,2523.6943376170093
7074.0,29.734973907470703,4.6789727210998535,2524.00830574501
7075.0,123.11282348632812,8.349446296691895,2524.3519964959996
7076.0,6.972238540649414,1.6348133087158203,2524.6936910020013
7077.0,25.52386474609375,3.8213064670562744,2525.015565601003
7078.0,5.551846504211426,1.465793251991272,2525.324782800002
7079.0,10.968708038330078,2.3577373027801514,2525.6199725600018
7080.0,5.752180099487305,1.425889015197754,2525.899623851001
7081.0,7.794923782348633,1.8894695043563843,2526.1989894720027
7082.0,33.29270553588867,5.4682512283325195,2526.5272649890103
7083.0,20.19748306274414,3.6615500450134277,2526.8353560290125
7084.0,9.343120574951172,2.7139737606048584,2527.1219709530124
7085.0,92.15242767333984,9.972945213317871,2527.398855310006
7086.0,22.665081024169922,4.94246768951416,2527.6818307520007
7087.0,20.6009521484375,3.5744783878326416,2527.9922719010065
7088.0,23.892366409301758,3.9472668170928955,2528.2954953570006
7089.0,26.423295974731445,5.023830413818359,2528.5851146310015
7090.0,29.63806915283203,4.697962284088135,2528.8635912620084
7091.0,24.96084976196289,4.263370513916016,2529.1479477070097
7092.0,17.781307220458984,3.522205114364624,2529.4515962920123
7093.0,24.720367431640625,4.563808441162109,2529.7305551330064
7094.0,9.701186180114746,2.481297492980957,2530.0187489900127
7095.0,34.274383544921875,5.444004535675049,2530.304999
7096.0,34.40412139892578,5.209466457366943,2530.58384675
7097.0,31.71357536315918,5.251662254333496,2530.8780839100073
7098.0,20.340377807617188,3.713364839553833,2531.1737725850107
7099.0,11.917272567749023,2.786282539367676,2531.4773839030095
7100.0,14.107234954833984,2.9050662517547607,2531.7541191280034
7101.0,17.394180297851562,3.279681921005249,2537.8734970560035
7102.0,38.419471740722656,4.9116597175598145,2538.175289937004
7103.0,4.368643283843994,1.0697441101074219,2538.458784389004
7104.0,8.7528715133667,2.031019687652588,2538.756638226012
7105.0,9.062278747558594,2.1749508380889893,2539.1079776140105
7106.0,17.874439239501953,4.054209232330322,2539.397995819003
7107.0,10.86699390411377,2.279470205307007,2539.6958085549995
7108.0,5.617277145385742,1.4815576076507568,2540.017848380012
7109.0,11.135385513305664,1.7207492589950562,2540.320937204
7110.0,23.299755096435547,3.690531015396118,2540.6243666110095
7111.0,30.51714324951172,5.0563154220581055,2540.931560674013
7112.0,7.670314788818359,2.315173387527466,2541.2164585170103
7113.0,15.805126190185547,2.9868810176849365,2541.5106831220037
7114.0,13.27897834777832,2.6730504035949707,2541.811258886999
7115.0,17.01483154296875,3.2450268268585205,2542.139198797013
7116.0,14.836515426635742,3.7322134971618652,2542.453409788999
7117.0,79.79875183105469,12.922446250915527,2542.742695085006
7118.0,8.40415096282959,1.8391942977905273,2543.0368342639995
7119.0,9.466277122497559,2.2898168563842773,2543.3305817490036
7120.0,5.575226783752441,1.5054535865783691,2543.6474780270073
7121.0,45.359619140625,9.317119598388672,2543.9464876720012
7122.0,5.654731750488281,1.6382322311401367,2544.246919475001
7123.0,40.70283889770508,5.909228801727295,2544.551397373012
7124.0,10.856402397155762,2.7645516395568848,2544.8360565750045
7125.0,25.143348693847656,4.960445404052734,2545.132659613999
7126.0,34.834442138671875,5.870288372039795,2545.4269889870047
7127.0,48.66583251953125,7.358498573303223,2545.7234518500045
7128.0,32.214927673339844,4.604536533355713,2546.0165944170003
7129.0,21.19536590576172,3.953437328338623,2546.3285355380067
7130.0,9.536561012268066,2.141188621520996,2546.609001200006
7131.0,17.154193878173828,3.94279408454895,2546.9172024660074
7132.0,21.950031280517578,4.238110065460205,2547.223764027003
7133.0,11.660848617553711,2.174402952194214,2547.5043577000033
7134.0,12.87309455871582,2.4916493892669678,2547.807776223999
7135.0,21.942129135131836,3.826572895050049,2548.107404410999
7136.0,11.548847198486328,2.781430959701538,2548.440555220004
7137.0,5.998617649078369,1.6427466869354248,2548.748109951004
7138.0,33.1423454284668,5.584534168243408,2549.0435706910066
7139.0,24.265884399414062,4.440303325653076,2549.3209593540087
7140.0,6.443194389343262,1.4825243949890137,2549.5998597
7141.0,19.236698150634766,3.5153465270996094,2549.8889362020127
7142.0,12.59328556060791,2.1907706260681152,2550.1630996690074
7143.0,20.99347496032715,3.8406529426574707,2550.4735431100125
7144.0,5.754589080810547,1.4664238691329956,2550.7777774390124
7145.0,5.901358127593994,1.8132882118225098,2551.0705592550075
7146.0,26.981128692626953,4.195383548736572,2551.359304859012
7147.0,27.73246955871582,3.882094383239746,2551.647576217001
7148.0,32.478721618652344,5.156069755554199,2551.9333844680077
7149.0,12.937280654907227,2.685927629470825,2552.205778034011
7150.0,11.483315467834473,2.3554158210754395,2552.4963148130046
7151.0,13.2738676071167,2.801017999649048,2552.778900027013
7152.0,16.12245750427246,3.1707353591918945,2553.065851255
7153.0,13.761506080627441,3.3476614952087402,2553.34743876
7154.0,9.023330688476562,2.6072938442230225,2553.6425526630046
7155.0,50.26598358154297,6.445804119110107,2553.938716498
7156.0,17.757610321044922,3.3572638034820557,2554.2236791820033
7157.0,19.871170043945312,3.228001117706299,2554.520972561004
7158.0,6.055178165435791,1.3782052993774414,2554.803802045004
7159.0,19.023906707763672,4.04038667678833,2555.1012569730083
7160.0,11.462048530578613,2.460265874862671,2555.3910120200017
7161.0,11.731330871582031,2.831059694290161,2555.6826465560007
7162.0,30.66765022277832,4.4554924964904785,2555.9822499250004
7163.0,6.635900497436523,1.6676874160766602,2556.274510323012
7164.0,25.634605407714844,4.147719860076904,2556.562406106008
7165.0,19.685306549072266,3.8110456466674805,2556.876750853
7166.0,56.72972106933594,7.919607639312744,2557.161779838003
7167.0,6.4225335121154785,1.8682479858398438,2557.44584083301
7168.0,12.680575370788574,3.0095107555389404,2557.731774333006
7169.0,36.08704376220703,3.6592001914978027,2558.0180525880132
7170.0,5.901517868041992,1.4746655225753784,2558.3060138370056
7171.0,27.043811798095703,3.678607225418091,2558.608055462013
7172.0,31.35470199584961,5.135427474975586,2558.889367377007
7173.0,8.72186279296875,2.1507651805877686,2559.2027282240015
7174.0,14.85685920715332,4.0656280517578125,2559.539358702008
7175.0,16.604402542114258,3.6003918647766113,2559.834502938
7176.0,23.076202392578125,4.216399669647217,2560.130155758001
7177.0,63.6287841796875,7.454334735870361,2560.423177536999
7178.0,21.92453384399414,5.314626693725586,2560.7224587490055
7179.0,6.09587287902832,1.8036739826202393,2561.006560452006
7180.0,5.883039474487305,1.5075592994689941,2561.283645962001
7181.0,25.517135620117188,3.89901065826416,2561.5735349980096
7182.0,4.119171142578125,1.1089394092559814,2561.866802881006
7183.0,11.82905387878418,2.8290436267852783,2562.146844383009
7184.0,12.901178359985352,3.1465349197387695,2562.425342751012
7185.0,40.962284088134766,4.561192989349365,2562.73564618401
7186.0,6.051499366760254,1.4598475694656372,2563.0272194370045
7187.0,53.81114959716797,7.581584453582764,2563.3082577410096
7188.0,87.01107025146484,8.497591018676758,2563.6072595570004
7189.0,24.317180633544922,3.6795265674591064,2563.8974602900125
7190.0,14.269227981567383,3.2586634159088135,2564.188430002003
7191.0,9.48251724243164,2.516688585281372,2564.4820915090095
7192.0,7.911330223083496,2.224196195602417,2564.7655404530087
7193.0,23.243301391601562,4.258251667022705,2565.059344041001
7194.0,2.907620429992676,0.8042395710945129,2565.347650048003
7195.0,33.592445373535156,5.3759565353393555,2565.6461097120045
7196.0,30.839580535888672,4.620326995849609,2565.9382818880113
7197.0,12.057913780212402,2.9453883171081543,2566.2173095630133
7198.0,15.401288986206055,2.7046256065368652,2566.498236639003
7199.0,6.702872276306152,1.8582407236099243,2566.7931343300006
7200.0,7.06933069229126,1.8852133750915527,2567.0733683080034
7201.0,13.311019897460938,2.658498525619507,2573.065387507013
7202.0,12.034172058105469,3.1101572513580322,2573.354610336013
7203.0,65.64802551269531,8.016047477722168,2573.680657878009
7204.0,19.109947204589844,3.5204520225524902,2573.971077993003
7205.0,42.32713317871094,6.04832124710083,2574.2486678090063
7206.0,88.66101837158203,9.788538932800293,2574.552529106004
7207.0,6.122883319854736,1.7223702669143677,2574.8359385280055
7208.0,60.72703552246094,9.629677772521973,2575.1249436729995
7209.0,90.02947235107422,9.864545822143555,2575.414307981002
7210.0,15.961633682250977,3.314380645751953,2575.72195878801
7211.0,11.603604316711426,2.7503244876861572,2576.012305848999
7212.0,16.139659881591797,3.406759262084961,2576.308759616004
7213.0,22.652984619140625,3.622816801071167,2576.6309714070085
7214.0,59.73271560668945,11.103264808654785,2576.9225711440085
7215.0,6.359866619110107,1.709194302558899,2577.207902495007
7216.0,11.965534210205078,2.693434953689575,2577.527901762005
7217.0,8.731330871582031,2.5346524715423584,2577.8386402980104
7218.0,23.064144134521484,4.038646697998047,2578.136202598005
7219.0,68.12251281738281,10.168124198913574,2578.428180161005
7220.0,7.763062477111816,1.9260547161102295,2578.72570891901
7221.0,7.255638122558594,1.7782506942749023,2579.0060255930002
7222.0,6.746289253234863,2.0052998065948486,2579.3054562570032
7223.0,12.94459342956543,3.3886632919311523,2579.5986529580114
7224.0,9.86280345916748,2.818835973739624,2579.8764768550027
7225.0,4.630738258361816,0.9935580492019653,2580.174905123
7226.0,15.08354377746582,2.3068108558654785,2580.4627847660013
7227.0,18.33357048034668,3.3167223930358887,2580.7591566720075
7228.0,8.62661361694336,2.288975238800049,2581.035743206012
7229.0,6.7220659255981445,1.6950072050094604,2581.3144296880055
7230.0,19.2117919921875,3.538961887359619,2581.61380980401
7231.0,65.41636657714844,7.29901647567749,2581.8860806010052
7232.0,22.335891723632812,4.854896545410156,2582.175759623002
7233.0,7.1806817054748535,1.9903581142425537,2582.485444697013
7234.0,15.767570495605469,3.222076654434204,2582.771088228008
7235.0,8.065764427185059,2.097715377807617,2583.068265439011
7236.0,47.17216873168945,5.479414939880371,2583.353342106013
7237.0,7.821429252624512,2.166989803314209,2583.6617634150025
7238.0,28.18585968017578,4.376699924468994,2583.950377694011
7239.0,20.134212493896484,4.191777229309082,2584.2401199340093
7240.0,8.049151420593262,1.8030641078948975,2584.540917589009
7241.0,17.795669555664062,3.4791576862335205,2584.829138694011
7242.0,8.09596061706543,2.160609006881714,2585.1153382730117
7243.0,79.29917907714844,8.630523681640625,2585.4122573030036
7244.0,6.819705009460449,1.9771978855133057,2585.707105722002
7245.0,8.184819221496582,2.278188943862915,2586.0088934960077
7246.0,9.877934455871582,2.430352210998535,2586.29243624401
7247.0,17.66876983642578,3.4797468185424805,2586.588314655004
7248.0,8.323159217834473,2.0871596336364746,2586.874818423006
7249.0,4.735816955566406,1.1322295665740967,2587.1742303150095
7250.0,26.714563369750977,3.721046209335327,2587.4713789040106
7251.0,6.046128749847412,1.502504825592041,2587.773677809004
7252.0,9.78384017944336,2.4983513355255127,2588.07652196
7253.0,10.943751335144043,1.9857755899429321,2588.364706938999
7254.0,34.813907623291016,5.747541904449463,2588.6677926580014
7255.0,8.037460327148438,2.0538079738616943,2588.951509741004
7256.0,29.03955078125,4.23544454574585,2589.2371579200117
7257.0,36.76069259643555,6.183777332305908,2589.516022708005
7258.0,9.676630973815918,2.520437717437744,2589.791828900008
7259.0,12.641231536865234,2.9493966102600098,2590.091246524011
7260.0,22.314918518066406,3.7522847652435303,2590.379412128008
7261.0,20.47235870361328,3.343647003173828,2590.6723198070104
7262.0,20.82483673095703,4.11280632019043,2590.947092473012
7263.0,63.69572067260742,7.295921802520752,2591.245546323
7264.0,12.042465209960938,3.0887575149536133,2591.531940719011
7265.0,41.279502868652344,6.452115058898926,2591.821171292002
7266.0,5.858199596405029,1.451528787612915,2592.111528005
7267.0,7.9192962646484375,1.9711941480636597,2592.4031131770025
7268.0,39.319610595703125,6.166535377502441,2592.684421732003
7269.0,6.313340187072754,1.4313535690307617,2592.9890371930087
7270.0,10.821537017822266,2.5563066005706787,2593.286610634008
7271.0,12.453446388244629,2.667872428894043,2593.5837016160076
7272.0,8.967926979064941,2.2862417697906494,2593.8812338499993
7273.0,7.23837947845459,2.079928159713745,2594.1653546440066
7274.0,11.548990249633789,3.0072765350341797,2594.462226696007
7275.0,8.81135368347168,2.457411766052246,2594.7440841690113
7276.0,8.138408660888672,2.028085470199585,2595.0332865170058
7277.0,21.707820892333984,3.7516984939575195,2595.3249154320074
7278.0,9.947555541992188,2.2748682498931885,2595.610988090004
7279.0,14.295709609985352,2.9249675273895264,2595.900331748009
7280.0,27.135868072509766,4.498167514801025,2596.181412296006
7281.0,19.097824096679688,3.5003652572631836,2596.4862116200093
7282.0,125.01234436035156,12.258064270019531,2596.7774329770036
7283.0,45.30500793457031,6.477841377258301,2597.072017373008
7284.0,17.373090744018555,3.6921541690826416,2597.363483813009
7285.0,24.14763069152832,4.168251991271973,2597.677398141008
7286.0,11.824445724487305,2.4635355472564697,2597.9672497840074
7287.0,21.597122192382812,3.5907859802246094,2598.2754826230084
7288.0,28.3105411529541,4.373590469360352,2598.5654717240104
7289.0,13.842853546142578,3.1089980602264404,2598.850433726009
7290.0,40.7703971862793,6.518735885620117,2599.1397466630006
7291.0,5.549962520599365,1.3726948499679565,2599.421931893012
7292.0,21.7749080657959,3.913799285888672,2599.7067956170067
7293.0,6.978848457336426,1.993945837020874,2600.0046939650056
7294.0,15.274898529052734,3.2313764095306396,2600.2892656500044
7295.0,43.31370162963867,5.750555515289307,2600.5765786990087
7296.0,8.661115646362305,1.9283629655838013,2600.868828183011
7297.0,8.655802726745605,2.1844449043273926,2601.1602984850033
7298.0,4.810639381408691,1.2631745338439941,2601.451386560002
7299.0,6.96824312210083,1.613102674484253,2601.741845686003
7300.0,20.47092056274414,3.420811891555786,2602.030166444005
7301.0,4.520260810852051,1.1417251825332642,2608.280311666007
7302.0,33.47661209106445,5.143864631652832,2608.5677837200055
7303.0,12.804065704345703,2.836716651916504,2608.872064787007
7304.0,19.12945556640625,4.246274948120117,2609.172268069
7305.0,46.434349060058594,7.059780120849609,2609.4700006290077
7306.0,31.267444610595703,5.5623273849487305,2609.7649614930124
7307.0,4.935189247131348,1.2868441343307495,2610.061705264001
7308.0,35.12388229370117,5.254874229431152,2610.3381349310075
7309.0,27.115610122680664,4.421289443969727,2610.6441254200035
7310.0,60.39265441894531,6.934937000274658,2610.933699112007
7311.0,79.75541687011719,9.384888648986816,2611.2226750980044
7312.0,6.162619113922119,1.4962799549102783,2611.5025438310113
7313.0,11.739227294921875,2.899282455444336,2611.796614529012
7314.0,17.44812774658203,3.3058314323425293,2612.093136324009
7315.0,13.569334030151367,2.743206262588501,2612.384698795009
7316.0,10.51926040649414,2.149808406829834,2612.6772796860023
7317.0,11.293863296508789,2.7257368564605713,2612.9921186460124
7318.0,54.0235481262207,4.713260173797607,2613.289437479005
7319.0,11.334184646606445,2.775756597518921,2613.5875881680113
7320.0,96.4405288696289,11.644660949707031,2613.886329142013
7321.0,16.573219299316406,3.2878220081329346,2614.1673078450112
7322.0,18.48445701599121,3.191495895385742,2614.467526212
7323.0,17.199310302734375,3.1851372718811035,2614.7562547770067
7324.0,22.85956573486328,3.5931499004364014,2615.049997219001
7325.0,4.778718948364258,1.2954399585723877,2615.3388126950013
7326.0,13.448208808898926,3.286639928817749,2615.6492697460053
7327.0,22.43392562866211,4.275033950805664,2615.9344037320116
7328.0,9.755024909973145,2.1648993492126465,2616.2171380790096
7329.0,10.514878273010254,2.2397823333740234,2616.500555620005
7330.0,23.35192108154297,4.733051300048828,2616.8016206210013
7331.0,7.2685136795043945,1.5216046571731567,2617.096998109002
7332.0,20.94825553894043,3.664858341217041,2617.394397254
7333.0,14.234786033630371,2.5137503147125244,2617.7390002460015
7334.0,16.986473083496094,3.063746690750122,2618.0267735430098
7335.0,6.342474460601807,1.840437889099121,2618.3274137090048
7336.0,7.132289886474609,1.8433847427368164,2618.632487889001
7337.0,11.592245101928711,2.3633480072021484,2618.954570113012
7338.0,9.992499351501465,2.419147253036499,2619.2571786020126
7339.0,17.095849990844727,3.5778095722198486,2619.544302652008
7340.0,10.802066802978516,3.0980381965637207,2619.8553390960005
7341.0,7.261605262756348,1.7110315561294556,2620.1834347880067
7342.0,15.607869148254395,2.8072192668914795,2620.539717632011
7343.0,15.48902702331543,2.9034299850463867,2620.837456821013
7344.0,26.1914119720459,4.302942752838135,2621.1301320440107
7345.0,6.911849498748779,1.8406485319137573,2621.4267513390078
7346.0,7.897637844085693,2.221261739730835,2621.708334750001
7347.0,9.868236541748047,2.4435760974884033,2621.98553137001
7348.0,18.028690338134766,3.5181946754455566,2622.275381822008
7349.0,7.920790672302246,2.017704963684082,2622.577862451013
7350.0,18.028919219970703,3.116729497909546,2622.8755478400126
7351.0,13.544242858886719,2.8993263244628906,2623.16875459101
7352.0,31.457012176513672,4.264744758605957,2623.4744442650117
7353.0,8.923272132873535,1.9210435152053833,2623.7990060610027
7354.0,22.144256591796875,3.2490928173065186,2624.0927528860047
7355.0,12.202770233154297,2.349349021911621,2624.384958104012
7356.0,16.572938919067383,2.7759976387023926,2624.659649185007
7357.0,73.28666687011719,12.804815292358398,2624.9534360430116
7358.0,11.421257019042969,2.0425429344177246,2625.261958910007
7359.0,17.120010375976562,4.062231063842773,2625.5475689130108
7360.0,17.565784454345703,3.1393179893493652,2625.862816093999
7361.0,9.089274406433105,1.9017598628997803,2626.1500076490047
7362.0,18.785932540893555,3.625389575958252,2626.4688292920036
7363.0,64.39615631103516,8.03559398651123,2626.7903649360087
7364.0,21.355010986328125,4.3064141273498535,2627.0781811220077
7365.0,11.533284187316895,2.062211036682129,2627.396163297002
7366.0,7.564215660095215,1.7938108444213867,2627.7215101190086
7367.0,14.039165496826172,2.7442924976348877,2628.029094608006
7368.0,22.615158081054688,3.7116446495056152,2628.3324615120073
7369.0,17.566452026367188,2.9732167720794678,2628.6570219720015
7370.0,16.738828659057617,2.7120914459228516,2628.957654845013
7371.0,27.626096725463867,3.780970335006714,2629.2530450370105
7372.0,14.502532958984375,2.763343095779419,2629.5843654300115
7373.0,23.616683959960938,4.28292179107666,2629.9013679690106
7374.0,22.693696975708008,3.7661778926849365,2630.195930722999
7375.0,6.537485122680664,1.676037311553955,2630.4755762160057
7376.0,9.710047721862793,2.491025686264038,2630.7705065440095
7377.0,18.298213958740234,3.394867181777954,2631.065611367012
7378.0,21.23216438293457,3.8163809776306152,2631.3931417160056
7379.0,7.775091171264648,2.02866792678833,2631.6927821100107
7380.0,16.26220703125,2.6685094833374023,2632.012523313999
7381.0,9.497461318969727,2.396367073059082,2632.336212469003
7382.0,4.850252151489258,1.3155550956726074,2632.6388904500054
7383.0,29.401973724365234,4.5329484939575195,2632.9318476670014
7384.0,9.40445327758789,2.621870756149292,2633.2143092550104
7385.0,34.40834045410156,5.225241661071777,2633.540391404007
7386.0,5.338433742523193,1.4885984659194946,2633.850026758999
7387.0,13.750015258789062,3.1664929389953613,2634.167674242999
7388.0,17.787412643432617,2.994521379470825,2634.471951271
7389.0,15.253141403198242,3.265580892562866,2634.782217377011
7390.0,9.824346542358398,2.0717177391052246,2635.0791514750017
7391.0,5.43629789352417,1.381197452545166,2635.38059713901
7392.0,17.145946502685547,3.9676504135131836,2635.6732997479994
7393.0,51.744911193847656,7.289124011993408,2635.9828079050058
7394.0,24.469942092895508,4.292717456817627,2636.2610326569993
7395.0,25.941364288330078,4.268758296966553,2636.5511473860097
7396.0,6.946717262268066,1.6723300218582153,2636.855154238001
7397.0,68.00763702392578,11.42742919921875,2637.157616225013
7398.0,15.653989791870117,2.952644109725952,2637.4523594030034
7399.0,12.056203842163086,2.520770311355591,2637.761360839999
7400.0,28.53549575805664,5.643795967102051,2638.0744030630012
7401.0,45.61225891113281,5.704493999481201,2648.42367966201
7402.0,22.173439025878906,3.905956506729126,2648.737527478006
7403.0,27.006168365478516,3.5575289726257324,2649.1393597900023
7404.0,39.01331329345703,6.035261154174805,2649.474747712011
7405.0,13.68301773071289,2.642529249191284,2650.01131019101
7406.0,12.518104553222656,2.883523941040039,2650.3698041820026
7407.0,6.605973243713379,1.5440242290496826,2650.7227975429996
7408.0,7.576241493225098,1.9720220565795898,2651.124410058008
7409.0,25.181785583496094,4.876794815063477,2651.5008160069992
7410.0,8.640130996704102,2.0309832096099854,2651.859594300011
7411.0,69.57949829101562,9.108911514282227,2652.348322317004
7412.0,32.15520477294922,5.125430107116699,2652.776773263002
7413.0,11.086170196533203,2.376861333847046,2653.179745442001
7414.0,9.743535995483398,2.5374748706817627,2653.6226311720093
7415.0,17.880123138427734,3.096903085708618,2653.92513235801
7416.0,10.074920654296875,2.356544256210327,2654.2629633940087
7417.0,8.232773780822754,1.898398756980896,2654.567688756011
7418.0,7.15679407119751,1.805492877960205,2654.8692524729995
7419.0,5.907440662384033,1.554268717765808,2655.148228662001
7420.0,6.6497955322265625,1.633493185043335,2655.469831281007
7421.0,26.966875076293945,3.735828399658203,2655.75299038901
7422.0,7.712685585021973,1.9107967615127563,2656.0956467170035
7423.0,266.7787170410156,22.32942008972168,2656.440703125001
7424.0,6.371854305267334,1.8616814613342285,2656.809624769012
7425.0,25.103818893432617,4.498233795166016,2657.1196110360033
7426.0,12.92518424987793,2.808513641357422,2657.422548379007
7427.0,9.376757621765137,2.106010675430298,2657.7175751010072
7428.0,30.722312927246094,5.37441349029541,2658.013189387013
7429.0,8.322258949279785,1.913491129875183,2658.3099937590014
7430.0,8.50786018371582,2.0089757442474365,2658.6070447090024
7431.0,124.173095703125,11.7362642288208,2658.8986122839997
7432.0,16.2282772064209,3.324631929397583,2659.2033827150008
7433.0,10.432515144348145,2.2376368045806885,2659.503217141013
7434.0,13.87785530090332,3.022817850112915,2659.790321094013
7435.0,10.401164054870605,2.494506597518921,2660.1431848150096
7436.0,18.017412185668945,2.7545244693756104,2660.4867965450103
7437.0,45.638389587402344,6.168973922729492,2660.8166314170085
7438.0,3.7144768238067627,0.9965804815292358,2661.128570945002
7439.0,17.506084442138672,3.0895512104034424,2661.4301903779997
7440.0,13.40394115447998,2.6305675506591797,2661.7159304410015
7441.0,19.943981170654297,4.068167209625244,2662.0289783690096
7442.0,7.162130355834961,1.6611768007278442,2662.321197273006
7443.0,16.99399185180664,3.0196006298065186,2662.6817167670088
7444.0,8.97894287109375,2.662205219268799,2663.0547172320075
7445.0,5.410987377166748,1.511134386062622,2663.4173851550004
7446.0,44.10282897949219,4.256805896759033,2663.726579533002
7447.0,5.096748352050781,1.4427447319030762,2664.0449542770075
7448.0,30.59899139404297,4.533473968505859,2664.3858114600007
7449.0,35.154945373535156,5.1785054206848145,2664.7275758390024
7450.0,29.259552001953125,4.477777004241943,2665.050498811004
7451.0,6.50309944152832,1.665494680404663,2665.36571069801
7452.0,51.30657196044922,10.156105995178223,2665.7315821960074
7453.0,8.437320709228516,2.1770570278167725,2666.022233416006
7454.0,8.820590019226074,2.369340181350708,2666.3542604680115
7455.0,11.53331184387207,2.740701198577881,2666.6406162130006
7456.0,15.873695373535156,3.3358001708984375,2666.9700733060017
7457.0,15.121234893798828,3.259619951248169,2667.2968467380124
7458.0,9.229047775268555,2.175549268722534,2667.594699778012
7459.0,6.166203022003174,1.7073990106582642,2667.876594898
7460.0,10.088491439819336,2.3817200660705566,2668.174670762004
7461.0,5.868049144744873,1.4846645593643188,2668.469822039013
7462.0,11.945903778076172,2.564185857772827,2668.797985432
7463.0,25.431625366210938,4.647294998168945,2669.0886135600012
7464.0,84.88331604003906,8.502786636352539,2669.3659390500106
7465.0,8.414234161376953,2.036376714706421,2669.6593951230025
7466.0,25.759204864501953,4.19409704208374,2669.947931146002
7467.0,19.634151458740234,3.6731650829315186,2670.234084693002
7468.0,47.714508056640625,9.417757987976074,2670.534404269012
7469.0,25.613798141479492,4.361899375915527,2670.821076764012
7470.0,22.937023162841797,3.9751858711242676,2671.1061913640006
7471.0,13.968929290771484,2.6209144592285156,2671.3994949100015
7472.0,7.807479381561279,2.055856227874756,2671.703939430008
7473.0,28.620891571044922,4.760525703430176,2672.0194599130045
7474.0,44.25396728515625,6.409832000732422,2672.32416800801
7475.0,20.530784606933594,3.709695339202881,2672.625083105013
7476.0,26.82115364074707,4.588306903839111,2672.911652091003
7477.0,8.574275970458984,1.8823726177215576,2673.2040738880023
7478.0,7.326630592346191,1.766265869140625,2673.4886657550087
7479.0,10.205430030822754,2.303972005844116,2673.792758044001
7480.0,7.300681114196777,1.5563068389892578,2674.089528753
7481.0,15.48617172241211,3.2494826316833496,2674.376999573011
7482.0,14.965879440307617,3.5189225673675537,2674.659521319001
7483.0,8.814739227294922,2.3754491806030273,2674.9406666569994
7484.0,10.749391555786133,2.043221950531006,2675.2368218440097
7485.0,5.995157718658447,1.6172974109649658,2675.51849788001
7486.0,8.398699760437012,1.7477312088012695,2675.829900880999
7487.0,10.814469337463379,2.5564987659454346,2676.1468528490077
7488.0,11.019899368286133,2.5273759365081787,2676.436190844004
7489.0,27.844493865966797,4.215364456176758,2676.7204301560123
7490.0,11.25325870513916,2.420935869216919,2677.006462661011
7491.0,4.503640651702881,1.3007323741912842,2677.3153889810055
7492.0,47.354854583740234,7.096803188323975,2677.629636266007
7493.0,9.276544570922852,2.405538558959961,2677.9209167790104
7494.0,7.81201696395874,1.802264928817749,2678.1996963270067
7495.0,11.413646697998047,2.2097280025482178,2678.4862501860043
7496.0,14.749509811401367,3.547179698944092,2678.787748537012
7497.0,9.456194877624512,2.348663568496704,2679.0677017270064
7498.0,10.08664321899414,2.6578242778778076,2679.3456918610027
7499.0,32.19019317626953,3.7633936405181885,2679.642935996002
7500.0,105.94166564941406,10.41349983215332,2679.9243703630054
7501.0,18.497413635253906,3.5190999507904053,2686.3794633790094
7502.0,32.79689407348633,5.188357830047607,2686.656792410009
7503.0,13.342105865478516,3.227145195007324,2686.947379848003
7504.0,22.16768455505371,3.4334561824798584,2687.2320028329996
7505.0,24.71392059326172,4.84207010269165,2687.5605183050066
7506.0,5.839907169342041,1.4329215288162231,2687.9016966140043
7507.0,23.28954315185547,4.073790550231934,2688.2186065380083
7508.0,11.632568359375,2.8327064514160156,2688.5061734850024
7509.0,24.2409610748291,3.6583707332611084,2688.7936768690124
7510.0,8.982612609863281,2.301529884338379,2689.079153300001
7511.0,35.81909942626953,5.9668707847595215,2689.3668864960055
7512.0,8.104454040527344,2.1203813552856445,2689.6590667790006
7513.0,4.279086589813232,1.1061592102050781,2689.9499830610002
7514.0,9.253854751586914,2.105983018875122,2690.235568805001
7515.0,10.674971580505371,2.3614859580993652,2690.534410531007
7516.0,14.68212890625,3.333527088165283,2690.8195280380023
7517.0,5.716007709503174,1.4128482341766357,2691.1134690330073
7518.0,33.97495651245117,4.623838901519775,2691.407697600007
7519.0,8.766715049743652,2.315559148788452,2691.716020415013
7520.0,108.935546875,17.492069244384766,2691.9948589730047
7521.0,14.180130004882812,2.9468750953674316,2692.271246302
7522.0,21.204444885253906,3.6347358226776123,2692.560107163008
7523.0,20.198518753051758,4.644985198974609,2692.872740086008
7524.0,5.607461929321289,1.4839681386947632,2693.167029117001
7525.0,10.477039337158203,2.6555328369140625,2693.469518799
7526.0,13.321037292480469,2.4283440113067627,2693.7523356040037
7527.0,106.5601806640625,11.82055950164795,2694.05426636801
7528.0,24.605976104736328,4.863719940185547,2694.33514996701
7529.0,23.819028854370117,4.299975872039795,2694.6235923710046
7530.0,26.289100646972656,4.497320175170898,2694.9343793230073
7531.0,10.823020935058594,2.850238800048828,2695.2431935220084
7532.0,57.636661529541016,5.195397853851318,2695.5365403360047
7533.0,97.85720825195312,15.376619338989258,2695.844199582003
7534.0,8.981192588806152,2.501563787460327,2696.1470042510045
7535.0,22.053001403808594,4.036205768585205,2696.449897740007
7536.0,11.798188209533691,2.961634874343872,2696.816857208003
7537.0,21.239206314086914,4.468776702880859,2697.119475846004
7538.0,11.508774757385254,2.70886492729187,2697.4172164170013
7539.0,14.654383659362793,2.6069366931915283,2697.727880948005
7540.0,21.47533416748047,3.916398048400879,2698.0115876730124
7541.0,14.707049369812012,3.264068841934204,2698.3293690140126
7542.0,11.020195960998535,2.521467447280884,2698.6066982370103
7543.0,22.5419921875,3.6501176357269287,2698.8979275810125
7544.0,22.961429595947266,4.516392707824707,2699.1846694520063
7545.0,10.806406021118164,2.362210750579834,2699.474753941002
7546.0,15.522132873535156,3.4910807609558105,2699.7650967299996
7547.0,11.13014030456543,2.1028523445129395,2700.062962838012
7548.0,10.402950286865234,3.040173053741455,2700.350985778001
7549.0,11.634214401245117,2.7097692489624023,2700.649823289001
7550.0,8.277725219726562,1.8787736892700195,2700.943677455012
7551.0,9.738729476928711,2.154782772064209,2701.2245333480096
7552.0,11.30687141418457,2.7120754718780518,2701.5257719960064
7553.0,41.497596740722656,4.798795700073242,2701.8117893820017
7554.0,18.109149932861328,3.39982008934021,2702.141269210013
7555.0,9.19609260559082,2.4120075702667236,2702.437602420003
7556.0,4.901018142700195,1.4544329643249512,2702.732602161006
7557.0,22.720279693603516,4.155143737792969,2703.0150405970053
7558.0,8.533391952514648,1.6336642503738403,2703.310840999009
7559.0,28.018646240234375,4.5886759757995605,2703.605196278004
7560.0,39.131622314453125,5.514297962188721,2703.909725217003
7561.0,9.521519660949707,2.2685601711273193,2704.204148321005
7562.0,6.918367385864258,1.5941340923309326,2704.499666172007
7563.0,27.62115478515625,5.0586676597595215,2704.791739498003
7564.0,18.679759979248047,2.8193366527557373,2705.082457974
7565.0,5.842737674713135,1.485648512840271,2705.3583222170128
7566.0,18.183000564575195,3.3031468391418457,2705.6439025940053
7567.0,4.332091808319092,1.141111969947815,2705.930785933
7568.0,10.432764053344727,2.399442672729492,2706.223083335004
7569.0,6.971771717071533,1.6882141828536987,2706.5186507280014
7570.0,12.765600204467773,2.8172621726989746,2706.8408464340027
7571.0,5.866815567016602,1.7573091983795166,2707.1145074980013
7572.0,11.732196807861328,2.6238174438476562,2707.4147096700035
7573.0,66.1170883178711,8.526443481445312,2707.7044151510054
7574.0,10.107134819030762,2.034630537033081,2707.9913133740047
7575.0,13.248796463012695,2.608614444732666,2708.2760764050036
7576.0,14.912026405334473,2.7556042671203613,2708.5606156930007
7577.0,18.25104522705078,3.3221559524536133,2708.840780908009
7578.0,6.149502754211426,1.5430214405059814,2709.11815970701
7579.0,35.49053955078125,5.551468372344971,2709.407081976009
7580.0,19.3975887298584,3.57690691947937,2709.703634002013
7581.0,5.791594505310059,1.6489135026931763,2709.992559544
7582.0,27.519248962402344,4.27038049697876,2710.2735984280007
7583.0,28.20783805847168,4.416853904724121,2710.5687340410077
7584.0,11.267271041870117,2.4130117893218994,2710.853795714007
7585.0,9.953655242919922,2.386427402496338,2711.1249543529993
7586.0,26.298336029052734,4.268466472625732,2711.4185139960027
7587.0,17.480823516845703,3.3107640743255615,2711.705755585004
7588.0,5.787741184234619,1.696468710899353,2711.990190276003
7589.0,6.413048267364502,1.6011507511138916,2712.2983024450077
7590.0,9.676765441894531,1.5030394792556763,2712.5860882810084
7591.0,90.85497283935547,9.334550857543945,2712.885181251011
7592.0,27.0141658782959,4.842901706695557,2713.181076811001
7593.0,9.0968656539917,2.2441205978393555,2713.4665203030017
7594.0,19.077255249023438,3.1799652576446533,2713.7613327780127
7595.0,7.360339164733887,2.0531342029571533,2714.0665364050074
7596.0,5.832616806030273,1.4816042184829712,2714.368013637999
7597.0,15.11465072631836,2.8328986167907715,2714.676613926
7598.0,7.700558662414551,1.9944992065429688,2714.969009532011
7599.0,6.751706123352051,1.8093756437301636,2715.2922331890004
7600.0,6.004602909088135,1.4014805555343628,2715.602364573002
7601.0,108.90426635742188,10.442523956298828,2721.865746223004
7602.0,12.824243545532227,2.625641107559204,2722.1684168000065
7603.0,9.175057411193848,2.578665256500244,2722.462572991004
7604.0,6.559265613555908,1.480672836303711,2722.7688316450076
7605.0,6.150397777557373,1.5114779472351074,2723.070077056007
7606.0,22.209457397460938,3.6564221382141113,2723.3716254739993
7607.0,19.338088989257812,3.5150911808013916,2723.6640031390125
7608.0,32.14592742919922,5.000250339508057,2723.9746270270116
7609.0,7.253186225891113,1.7596189975738525,2724.255529840011
7610.0,100.81292724609375,9.168522834777832,2724.537760734005
7611.0,27.19261932373047,4.353930950164795,2724.827204442001
7612.0,10.829414367675781,2.794072151184082,2725.105557965013
7613.0,5.540815353393555,1.2983516454696655,2725.3892613350035
7614.0,8.567296028137207,2.228975534439087,2725.673841021009
7615.0,34.51026153564453,5.474478244781494,2725.9605144310044
7616.0,22.48017692565918,4.200324058532715,2726.2367543990113
7617.0,5.948785305023193,1.4745196104049683,2726.5330059550033
7618.0,34.35658645629883,7.933408737182617,2726.838056324006
7619.0,6.592421054840088,1.638746738433838,2727.1319834400056
7620.0,10.231598854064941,2.3821237087249756,2727.439633497008
7621.0,11.369303703308105,2.4636130332946777,2727.7508019689994
7622.0,6.569906711578369,1.6644866466522217,2728.0403193110105
7623.0,11.639656066894531,2.722722291946411,2728.333828513001
7624.0,8.790775299072266,2.15519380569458,2728.623134113004
7625.0,9.176116943359375,1.8693408966064453,2728.9012412990123
7626.0,23.67697525024414,4.793552875518799,2729.184359523002
7627.0,51.74588394165039,5.761291027069092,2729.458591898001
7628.0,9.656314849853516,2.0605411529541016,2729.7380601059995
7629.0,8.862785339355469,2.0437614917755127,2730.033144623012
7630.0,43.008583068847656,7.05641508102417,2730.314257599006
7631.0,31.59894561767578,6.157581329345703,2730.609028192004
7632.0,28.71795082092285,4.647621154785156,2730.906822363002
7633.0,16.739770889282227,3.4120216369628906,2731.1915772580105
7634.0,19.734106063842773,3.8853812217712402,2731.4790007070114
7635.0,10.063194274902344,2.193927049636841,2731.7671750670124
7636.0,30.104406356811523,4.69022274017334,2732.076275399013
7637.0,14.330728530883789,2.9757704734802246,2732.357701546003
7638.0,23.482192993164062,4.687780857086182,2732.643074953012
7639.0,24.622100830078125,4.155961036682129,2732.929009014013
7640.0,19.24536895751953,4.306661128997803,2733.252432911002
7641.0,17.778114318847656,3.624208688735962,2733.527087983006
7642.0,14.009708404541016,3.0186591148376465,2733.8250030240015
7643.0,28.340744018554688,4.2112650871276855,2734.1166172960075
7644.0,10.475231170654297,2.5373642444610596,2734.395248371002
7645.0,40.924415588378906,6.3802595138549805,2734.6902161420003
7646.0,36.30339050292969,4.6273088455200195,2735.0005668850063
7647.0,11.05510425567627,2.6805200576782227,2735.2959418300015
7648.0,8.551751136779785,2.0024709701538086,2735.5973717430024
7649.0,77.26153564453125,8.555987358093262,2735.8707808720064
7650.0,6.32270622253418,1.8931812047958374,2736.1618558480113
7651.0,44.68486785888672,6.720198631286621,2736.4381343910063
7652.0,13.431493759155273,2.5246365070343018,2736.7305146
7653.0,10.762102127075195,2.4751336574554443,2737.0188313310064
7654.0,14.397012710571289,2.9438133239746094,2737.309422810009
7655.0,4.404463768005371,1.139367699623108,2737.59585427001
7656.0,19.300003051757812,3.7178990840911865,2737.8747876850102
7657.0,18.794116973876953,3.029386043548584,2738.1637378279993
7658.0,20.68642807006836,3.732445478439331,2738.4485768450104
7659.0,14.037240982055664,2.8870153427124023,2738.739952214004
7660.0,10.887930870056152,2.9683213233947754,2739.027437728
7661.0,17.31149673461914,3.7228786945343018,2739.3218430770066
7662.0,32.46832275390625,4.86538028717041,2739.624354493004
7663.0,16.83263397216797,3.758235454559326,2739.913976101001
7664.0,5.840230941772461,1.677876353263855,2740.205066433002
7665.0,10.156702041625977,2.924683094024658,2740.4958955200127
7666.0,16.236675262451172,3.1773295402526855,2740.7728043950046
7667.0,21.698440551757812,4.0132927894592285,2741.0541294200084
7668.0,38.7512092590332,5.529848098754883,2741.346130334001
7669.0,37.69757843017578,6.137395858764648,2741.631332128003
7670.0,48.457088470458984,5.59566593170166,2741.9259747940087
7671.0,7.247599124908447,1.7277897596359253,2742.2045147450117
7672.0,29.91958999633789,4.527955055236816,2742.4880255860044
7673.0,8.131410598754883,1.6902307271957397,2742.782440952011
7674.0,11.777059555053711,2.881220817565918,2743.06252449601
7675.0,4.336585521697998,1.1728249788284302,2743.3531726000074
7676.0,54.843482971191406,6.072190761566162,2743.6400327220035
7677.0,7.31284761428833,1.9817131757736206,2743.9290330290096
7678.0,10.576719284057617,3.116882085800171,2744.2025160449994
7679.0,5.620640277862549,1.511597752571106,2744.504930089999
7680.0,28.836719512939453,4.285013198852539,2744.8159501990012
7681.0,5.529616355895996,1.457191824913025,2745.0939969810133
7682.0,16.921504974365234,3.235800266265869,2745.393655658001
7683.0,7.664362907409668,1.75809645652771,2745.6832429320057
7684.0,5.1721601486206055,1.1729958057403564,2745.977194179999
7685.0,22.077598571777344,3.6265265941619873,2746.2741243570053
7686.0,24.13916778564453,3.4901058673858643,2746.5731684330094
7687.0,21.279111862182617,4.071807861328125,2746.8724059960077
7688.0,20.258792877197266,3.6931653022766113,2747.1705411830044
7689.0,13.65770149230957,3.0177528858184814,2747.453998189012
7690.0,62.412845611572266,7.901951313018799,2747.732360236012
7691.0,6.222442626953125,1.6865330934524536,2748.0254017410043
7692.0,14.78892993927002,2.547086715698242,2748.319834605005
7693.0,28.963138580322266,5.210420608520508,2748.62095596001
7694.0,19.93886947631836,3.6235737800598145,2748.9083655330032
7695.0,7.890974044799805,1.8406397104263306,2749.19046724301
7696.0,16.858381271362305,3.621744394302368,2749.478525710001
7697.0,20.924274444580078,4.462605953216553,2749.798201896003
7698.0,16.775407791137695,3.041043996810913,2750.0755713430117
7699.0,15.094195365905762,2.7501957416534424,2750.362293524013
7700.0,7.641002655029297,1.8386497497558594,2750.65375327901
7701.0,6.73728609085083,1.7723721265792847,2756.5231576799997
7702.0,9.376399040222168,1.602078914642334,2756.7978931130056
7703.0,5.4435014724731445,1.5681980848312378,2757.0841455400077
7704.0,74.01358032226562,12.951492309570312,2757.3648385250126
7705.0,7.861723899841309,2.038708448410034,2757.641420775006
7706.0,24.803611755371094,3.742873430252075,2757.9423227060033
7707.0,26.082847595214844,4.153758525848389,2758.2274376300047
7708.0,14.260076522827148,2.219369649887085,2758.5274427580007
7709.0,4.5287628173828125,1.2397390604019165,2758.8281616780005
7710.0,7.09110164642334,1.8453660011291504,2759.115757454012
7711.0,69.56875610351562,7.609497547149658,2759.4165966110013
7712.0,17.578102111816406,3.353970766067505,2759.7128439299995
7713.0,26.175378799438477,4.038087368011475,2759.991885667012
7714.0,22.39560317993164,4.382505416870117,2760.277195696006
7715.0,10.689454078674316,2.6660778522491455,2760.5602775050065
7716.0,13.753433227539062,3.214993715286255,2760.8353565750003
7717.0,6.849015235900879,1.8476052284240723,2761.1105881630065
7718.0,24.88889503479004,4.278994560241699,2761.4106799520086
7719.0,7.603959560394287,1.946656346321106,2761.721294422008
7720.0,15.00770092010498,3.6998329162597656,2762.001327091013
7721.0,23.084453582763672,3.891233444213867,2762.3040897750034
7722.0,14.768447875976562,3.6659722328186035,2762.6025731460104
7723.0,33.308006286621094,5.042195796966553,2762.8920868230052
7724.0,9.995779991149902,2.0461533069610596,2763.189763833012
7725.0,14.631649017333984,2.8323166370391846,2763.4895101
7726.0,8.506199836730957,1.7588021755218506,2763.790304643
7727.0,26.007726669311523,4.703004360198975,2764.0741634060105
7728.0,6.1460113525390625,1.415626049041748,2764.3790050590032
7729.0,6.79428768157959,1.4590007066726685,2764.6638353849994
7730.0,42.10888671875,5.07988166809082,2764.9567373900063
7731.0,22.7189884185791,3.844356060028076,2765.245709914001
7732.0,7.513751983642578,2.3118948936462402,2765.5430809700047
7733.0,76.90145111083984,9.27391242980957,2765.8513356559997
7734.0,12.570297241210938,2.9645278453826904,2766.1423039250076
7735.0,120.45293426513672,11.034774780273438,2766.4288381190127
7736.0,19.899822235107422,3.6276533603668213,2766.7178976830037
7737.0,11.753023147583008,2.2973039150238037,2767.0213635060063
7738.0,15.02729606628418,2.8589303493499756,2767.309962268002
7739.0,10.493513107299805,2.534104824066162,2767.612329378011
7740.0,11.81368637084961,2.536012887954712,2767.891566709004
7741.0,33.47205352783203,6.459807872772217,2768.176033953001
7742.0,8.821640968322754,2.1879913806915283,2768.4669228679995
7743.0,9.368151664733887,1.8765767812728882,2768.7467500280036
7744.0,6.2983503341674805,1.3971484899520874,2769.039832324008
7745.0,5.486391067504883,1.3908460140228271,2769.329986140001
7746.0,9.107817649841309,2.2744009494781494,2769.6146866110066
7747.0,5.833761692047119,1.9105767011642456,2769.9009436610067
7748.0,31.007678985595703,5.392934322357178,2770.181416601001
7749.0,23.840789794921875,4.033880233764648,2770.4559188880085
7750.0,15.527979850769043,3.340313196182251,2770.7490696210007
7751.0,27.961210250854492,4.500205039978027,2771.033957877007
7752.0,43.83324432373047,5.181291103363037,2771.3298904820113
7753.0,37.702232360839844,5.887626647949219,2771.614793219007
7754.0,33.165283203125,4.786533355712891,2771.9217124960123
7755.0,10.320802688598633,2.2560300827026367,2772.211573781009
7756.0,68.16749572753906,8.028534889221191,2772.503027388011
7757.0,6.035950183868408,1.5198389291763306,2772.7921575790097
7758.0,8.153181076049805,1.9450489282608032,2773.0752332850097
7759.0,26.68325424194336,3.5774664878845215,2773.370200824007
7760.0,14.51407241821289,3.4017043113708496,2773.6546108510083
7761.0,28.402406692504883,4.362060070037842,2773.9445412740024
7762.0,9.664782524108887,2.220181465148926,2774.2294558490103
7763.0,26.938125610351562,4.206465721130371,2774.5081982740085
7764.0,12.861759185791016,2.4923548698425293,2774.8029333209997
7765.0,9.643594741821289,2.4969091415405273,2775.080396525009
7766.0,17.312034606933594,2.565556049346924,2775.3772541479993
7767.0,7.888973236083984,1.807287335395813,2775.667807513004
7768.0,7.528883934020996,1.7447177171707153,2775.956799746011
7769.0,22.56136703491211,3.5679354667663574,2776.253027826009
7770.0,9.942891120910645,2.2879750728607178,2776.5458944940037
7771.0,32.43528747558594,5.07866096496582,2776.846411879
7772.0,9.245231628417969,2.4737558364868164,2777.144850320008
7773.0,20.53226089477539,3.892958641052246,2777.425538839001
7774.0,33.12225341796875,5.695653915405273,2777.712692952002
7775.0,22.579734802246094,3.9689886569976807,2778.002684662002
7776.0,9.718708038330078,2.4351112842559814,2778.287407492011
7777.0,19.210283279418945,4.107618808746338,2778.577109195001
7778.0,10.302148818969727,2.367401123046875,2778.852143876007
7779.0,34.23635482788086,5.120461940765381,2779.1412834240036
7780.0,10.728240966796875,2.194632053375244,2779.4207056020095
7781.0,7.417647361755371,2.0741536617279053,2779.7004699220124
7782.0,18.387165069580078,2.814842700958252,2780.0067227020045
7783.0,7.054333686828613,1.5352669954299927,2780.310378301001
7784.0,45.25374984741211,5.399380207061768,2780.603044583011
7785.0,28.05510902404785,3.9999752044677734,2780.8838044200093
7786.0,149.42112731933594,11.708179473876953,2781.154772621012
7787.0,67.5574951171875,8.200288772583008,2781.433595536
7788.0,14.682024002075195,2.480955123901367,2781.7200383070012
7789.0,7.394574165344238,1.8378360271453857,2782.0006780820113
7790.0,11.601053237915039,2.564530611038208,2782.2834955330036
7791.0,30.640384674072266,4.727163791656494,2782.5594262290106
7792.0,10.154253005981445,2.0727858543395996,2782.8498468870093
7793.0,59.10944366455078,8.227751731872559,2783.136914027011
7794.0,33.89872741699219,5.484017372131348,2783.4200083450123
7795.0,13.47210693359375,2.7755277156829834,2783.7040114260017
7796.0,20.357799530029297,3.346876382827759,2783.98838134401
7797.0,15.280254364013672,3.0914249420166016,2784.2854667040083
7798.0,7.86347770690918,1.9515166282653809,2784.567320457005
7799.0,23.081417083740234,4.110649108886719,2784.847042156005
7800.0,7.449738025665283,1.8588947057724,2785.127059073013
7801.0,24.6939640045166,3.92832088470459,2790.985589397009
7802.0,136.468505859375,19.844362258911133,2791.263380397999
7803.0,24.706531524658203,4.561845302581787,2791.5553313929995
7804.0,5.508573532104492,1.4721554517745972,2791.8320480610128
7805.0,15.165397644042969,3.066866397857666,2792.1031762900093
7806.0,5.898314952850342,1.4808940887451172,2792.3950869060063
7807.0,16.552881240844727,3.319639205932617,2792.669992506999
7808.0,11.575366973876953,2.33613657951355,2792.959038674002
7809.0,13.228558540344238,2.3078725337982178,2793.2481680440105
7810.0,5.282683372497559,1.3875648975372314,2793.5232277450123
7811.0,18.13226890563965,3.6662399768829346,2793.795521566004
7812.0,10.80105209350586,2.4323441982269287,2794.083362770005
7813.0,10.537436485290527,2.3922152519226074,2794.3727128580067
7814.0,24.165983200073242,4.037435054779053,2794.6602983570046
7815.0,5.596253871917725,1.447284460067749,2794.9436688240094
7816.0,44.307918548583984,5.194882392883301,2795.2239774110058
7817.0,6.662329196929932,1.6446526050567627,2795.5072941510007
7818.0,5.706544399261475,1.5279085636138916,2795.7965864060097
7819.0,31.511489868164062,4.870507717132568,2796.073813682
7820.0,10.667190551757812,2.770214319229126,2796.3731137340073
7821.0,18.591337203979492,3.165212869644165,2796.6518533260096
7822.0,25.567005157470703,3.0388104915618896,2796.9348143140087
7823.0,6.466078281402588,1.6662440299987793,2797.2237912800047
7824.0,9.254858016967773,2.571444511413574,2797.514141833002
7825.0,3.154832124710083,0.8157564997673035,2797.7945928300032
7826.0,21.846359252929688,5.4263458251953125,2798.0784457020054
7827.0,9.756162643432617,2.881380796432495,2798.3681431050063
7828.0,21.31310272216797,3.7079789638519287,2798.668058293013
7829.0,9.909961700439453,2.071375608444214,2799.0098364959995
7830.0,28.963157653808594,4.394160270690918,2799.284923452011
7831.0,12.074043273925781,2.3754985332489014,2799.5701486010075
7832.0,20.090688705444336,5.194157123565674,2799.8500801770133
7833.0,8.154943466186523,1.9891810417175293,2800.12930562401
7834.0,11.587522506713867,2.6193203926086426,2800.4078406129993
7835.0,5.917289733886719,1.341065526008606,2800.6936763210106
7836.0,23.70032501220703,4.222982883453369,2800.965432327008
7837.0,6.321507453918457,1.5291308164596558,2801.239911333003
7838.0,74.11814880371094,8.75114917755127,2801.5360784410004
7839.0,27.496068954467773,5.0445122718811035,2801.808777793005
7840.0,41.243377685546875,5.316486835479736,2802.0924381440127
7841.0,5.309929370880127,1.2373536825180054,2802.373835511011
7842.0,29.739944458007812,4.901296615600586,2802.656996306003
7843.0,4.294600009918213,1.0667262077331543,2802.938415122
7844.0,13.227452278137207,2.7765543460845947,2803.228304660006
7845.0,12.49917984008789,3.078575611114502,2803.510468998007
7846.0,23.320598602294922,3.993157148361206,2803.7977654090064
7847.0,9.959646224975586,1.9518153667449951,2804.0689412180072
7848.0,26.564544677734375,4.927744388580322,2804.371819250009
7849.0,7.603557586669922,1.8441460132598877,2804.675847233011
7850.0,17.949113845825195,3.324974775314331,2804.953573589999
7851.0,12.932172775268555,2.622530698776245,2805.2402884350013
7852.0,20.284759521484375,4.109952926635742,2805.5238629000087
7853.0,54.82897186279297,10.295546531677246,2805.798037187007
7854.0,68.13201904296875,7.437679767608643,2806.0897678770125
7855.0,15.076349258422852,2.874129295349121,2806.3843697600096
7856.0,6.232902526855469,1.3051562309265137,2806.6748139690026
7857.0,14.272887229919434,2.7670183181762695,2806.962860066007
7858.0,5.734615325927734,1.6115049123764038,2807.249483290012
7859.0,29.60832977294922,4.682882308959961,2807.538545951
7860.0,8.123861312866211,1.8904460668563843,2807.8277870890015
7861.0,16.010574340820312,3.152297019958496,2808.163422603
7862.0,7.983377456665039,2.261133909225464,2808.5068839490123
7863.0,7.222740173339844,1.7956266403198242,2808.7866276100103
7864.0,12.86170768737793,2.3371312618255615,2809.06172581001
7865.0,10.868313789367676,2.5400197505950928,2809.3567919530033
7866.0,6.390770435333252,1.5876771211624146,2809.6738469990087
7867.0,5.19586181640625,1.3928827047348022,2809.9470754750073
7868.0,27.5721435546875,5.068192005157471,2810.2499324880046
7869.0,16.56310272216797,2.9003353118896484,2810.5270428799995
7870.0,5.65900182723999,1.3639651536941528,2810.815546812999
7871.0,12.926548957824707,2.5045011043548584,2811.108455506008
7872.0,78.61479187011719,9.825122833251953,2811.391011218002
7873.0,22.17218589782715,4.129323482513428,2811.6751737740124
7874.0,11.508376121520996,2.3502917289733887,2811.9655533610057
7875.0,17.7440128326416,4.708888053894043,2812.2417282670067
7876.0,9.551689147949219,2.322197914123535,2812.526132564002
7877.0,39.997459411621094,5.933248043060303,2812.8284590680123
7878.0,5.982370376586914,1.2914775609970093,2813.1025079980027
7879.0,15.268009185791016,3.1176652908325195,2813.376849229011
7880.0,112.99827575683594,11.26828384399414,2813.6601986980095
7881.0,10.08060073852539,2.4681332111358643,2813.952121860013
7882.0,10.39621639251709,2.8886358737945557,2814.239203709003
7883.0,14.524545669555664,3.157406806945801,2814.524634842004
7884.0,16.525604248046875,3.1484875679016113,2814.7951766690094
7885.0,4.667515754699707,1.3246018886566162,2815.077236066005
7886.0,22.376354217529297,3.8842544555664062,2815.3568008650036
7887.0,5.293467998504639,1.3026701211929321,2815.630450913013
7888.0,15.949758529663086,2.9220385551452637,2815.922102247001
7889.0,12.605045318603516,3.0203146934509277,2816.223604458006
7890.0,8.568382263183594,1.976024866104126,2816.5082139450096
7891.0,23.690460205078125,4.250890731811523,2816.7911644770065
7892.0,8.05877685546875,1.9715054035186768,2817.0852472810075
7893.0,18.62680435180664,3.7065863609313965,2817.3710059310106
7894.0,31.423473358154297,4.655202388763428,2817.6547283740074
7895.0,5.561955451965332,1.5006978511810303,2817.933146902011
7896.0,21.636123657226562,4.352556228637695,2818.2238570240006
7897.0,17.23447036743164,3.019951820373535,2818.5115650180087
7898.0,21.289958953857422,3.990783929824829,2818.782901026003
7899.0,12.209244728088379,2.806967258453369,2819.081330969013
7900.0,35.33695602416992,5.931580543518066,2819.3875735850015
7901.0,25.700403213500977,4.305778503417969,2825.280261081003
7902.0,281.446044921875,31.761577606201172,2825.571891778003
7903.0,10.552355766296387,2.1962759494781494,2825.869847457012
7904.0,18.54983139038086,3.5913844108581543,2826.1483217420027
7905.0,11.02593994140625,2.729551076889038,2826.430497734007
7906.0,4.625121593475342,1.1194943189620972,2826.717690468009
7907.0,5.754202365875244,1.3970487117767334,2827.0065896590095
7908.0,30.692256927490234,4.628513336181641,2827.2957704270084
7909.0,4.852498531341553,1.2197787761688232,2827.574552009013
7910.0,6.451264381408691,1.4070525169372559,2827.8642741580115
7911.0,13.816909790039062,3.2635867595672607,2828.1574175150017
7912.0,15.785730361938477,2.9929702281951904,2828.434476757
7913.0,4.643891334533691,1.3114581108093262,2828.729548182004
7914.0,7.192830562591553,1.6421819925308228,2829.033158926002
7915.0,18.563831329345703,3.040684938430786,2829.332957216
7916.0,28.388065338134766,4.803944110870361,2829.6074935590004
7917.0,9.979533195495605,2.1295969486236572,2829.890363918006
7918.0,14.72648811340332,2.300997018814087,2830.170371861008
7919.0,34.99558639526367,5.734228134155273,2830.4648360650026
7920.0,35.29927444458008,5.58009672164917,2830.762954999009
7921.0,9.33552360534668,2.1300008296966553,2831.065729188005
7922.0,5.033693790435791,1.38056218624115,2831.3420220789994
7923.0,8.252354621887207,1.850066065788269,2831.620503492013
7924.0,23.06722068786621,3.957228183746338,2831.891389483004
7925.0,6.863491058349609,1.9654055833816528,2832.167148726003
7926.0,5.729250907897949,1.8642337322235107,2832.452786408001
7927.0,20.433835983276367,4.066471576690674,2832.72965944701
7928.0,10.704059600830078,2.96764874458313,2833.017133665009
7929.0,8.506601333618164,2.167092800140381,2833.3185014100018
7930.0,10.278980255126953,2.684152841567993,2833.6076312670048
7931.0,32.25950241088867,5.572659492492676,2833.8868078170053
7932.0,24.35135269165039,4.881269454956055,2834.174612642004
7933.0,17.09795379638672,3.059687614440918,2834.462606598012
7934.0,14.46725845336914,3.063861608505249,2834.749978851003
7935.0,6.631651878356934,1.8463687896728516,2835.033444340006
7936.0,39.589298248291016,4.374459743499756,2835.317825582999
7937.0,12.770519256591797,2.775076150894165,2835.609681045011
7938.0,6.897557735443115,1.9844998121261597,2835.90730625001
7939.0,12.042218208312988,2.504026412963867,2836.1957082040026
7940.0,5.968432903289795,1.5127328634262085,2836.4849036430096
7941.0,40.52714538574219,6.489530563354492,2836.7648522730015
7942.0,7.626557350158691,1.6657283306121826,2837.0469696479995
7943.0,5.175518035888672,1.3030204772949219,2837.3472376380087
7944.0,23.78830909729004,4.23769474029541,2837.646849979006
7945.0,5.701491355895996,1.5785162448883057,2837.9336774820113
7946.0,23.925777435302734,4.24955940246582,2838.2345451940055
7947.0,5.425625801086426,1.420806646347046,2838.5112781600037
7948.0,27.420995712280273,3.993281841278076,2838.788806084005
7949.0,49.070465087890625,7.04302978515625,2839.080632150013
7950.0,5.906867980957031,1.5147682428359985,2839.3959764600004
7951.0,31.374099731445312,4.021474361419678,2839.6858266400086
7952.0,16.75151824951172,3.3368279933929443,2839.9875943170046
7953.0,20.406892776489258,3.3268072605133057,2840.2758000020112
7954.0,5.410061836242676,1.3479241132736206,2840.5566860160034
7955.0,7.791287422180176,1.7543716430664062,2840.852243433008
7956.0,51.82123565673828,6.459457874298096,2841.1596735720086
7957.0,11.456401824951172,2.851889133453369,2841.4398831230064
7958.0,9.87685775756836,2.3525025844573975,2841.7239578580047
7959.0,32.69343566894531,4.603262424468994,2842.001239819001
7960.0,6.230759143829346,1.630297303199768,2842.3000319260027
7961.0,43.11559295654297,5.322576522827148,2842.587248767013
7962.0,6.63983154296875,2.000595808029175,2842.8686395080003
7963.0,13.114505767822266,2.8528783321380615,2843.144018191
7964.0,24.34295082092285,4.080365180969238,2843.434682243009
7965.0,13.80307388305664,2.592395067214966,2843.715880389005
7966.0,26.79105567932129,3.987410068511963,2843.9857526470005
7967.0,21.496997833251953,3.3999531269073486,2844.2625745670084
7968.0,15.30740737915039,2.826080799102783,2844.5452755910082
7969.0,18.119388580322266,3.23622465133667,2844.8429060390044
7970.0,23.29798698425293,6.394686222076416,2845.1422193970066
7971.0,23.85940170288086,4.438229084014893,2845.4335164950026
7972.0,27.546470642089844,5.005634784698486,2845.7107393110055
7973.0,33.20085906982422,5.18747615814209,2846.006524485012
7974.0,94.09553527832031,10.443831443786621,2846.2861749500007
7975.0,6.522555351257324,1.47956120967865,2846.560599315999
7976.0,14.792564392089844,3.251828193664551,2846.843711393012
7977.0,17.09632110595703,3.4876034259796143,2847.1433920940035
7978.0,6.897523880004883,1.8735220432281494,2847.428518175002
7979.0,23.257190704345703,4.1639604568481445,2847.7158480060025
7980.0,7.6234893798828125,1.9405248165130615,2847.998360016005
7981.0,8.280017852783203,2.2818968296051025,2848.2730178280035
7982.0,11.863405227661133,2.672039031982422,2848.5629802309995
7983.0,16.97284507751465,4.001171588897705,2848.854373303009
7984.0,28.491626739501953,4.613584995269775,2849.141076869011
7985.0,30.838260650634766,5.024813652038574,2849.4302089200064
7986.0,30.750699996948242,4.745101451873779,2849.7236888000043
7987.0,13.156312942504883,2.3491246700286865,2850.0123279690015
7988.0,67.02982330322266,8.346803665161133,2850.30671606501
7989.0,67.8960952758789,5.630671501159668,2850.5969705260068
7990.0,8.211691856384277,2.3266546726226807,2850.8823127610085
7991.0,21.507179260253906,3.3757097721099854,2851.1716803090094
7992.0,10.35599422454834,2.0924434661865234,2851.4531106020004
7993.0,29.393535614013672,4.507335662841797,2851.7489822500065
7994.0,10.093098640441895,2.5026443004608154,2852.0382243360073
7995.0,22.5580997467041,3.889115810394287,2852.3234487500013
7996.0,7.271777629852295,1.9027048349380493,2852.605559825999
7997.0,26.157272338867188,4.656831741333008,2852.8817255510075
7998.0,8.054275512695312,2.12947154045105,2853.172712396001
7999.0,16.738941192626953,3.8662240505218506,2853.455199739008
8000.0,24.434904098510742,4.125545024871826,2853.7503122670023
8001.0,3.6473336219787598,1.0095516443252563,2859.9094361200114
8002.0,44.4916877746582,6.467567443847656,2860.1936942380125
8003.0,5.376286506652832,1.3464598655700684,2860.481312816002
8004.0,13.708070755004883,2.5127174854278564,2860.7563996070094
8005.0,24.312238693237305,4.342327117919922,2861.046680490006
8006.0,15.076513290405273,3.3101253509521484,2861.3414201900014
8007.0,24.815200805664062,3.9237277507781982,2861.633011785001
8008.0,5.491403579711914,1.3339097499847412,2861.9227098940028
8009.0,26.032163619995117,4.3271989822387695,2862.204307855005
8010.0,7.815435409545898,2.066160202026367,2862.491033082013
8011.0,4.958935737609863,1.2658483982086182,2862.790673514013
8012.0,5.288558006286621,1.3298192024230957,2863.069893067004
8013.0,8.396102905273438,2.009324550628662,2863.3591913960117
8014.0,6.384343147277832,1.4661791324615479,2863.6449105290085
8015.0,10.566060066223145,2.2612171173095703,2863.938543778
8016.0,29.21205711364746,5.649496555328369,2864.233571691002
8017.0,18.2274169921875,3.174900531768799,2864.515552310011
8018.0,32.31467819213867,4.620224475860596,2864.803561173001
8019.0,113.22029113769531,17.4854736328125,2865.0953205760015
8020.0,33.013587951660156,6.0868916511535645,2865.388530764001
8021.0,28.110044479370117,4.569819450378418,2865.6635216110008
8022.0,11.231947898864746,2.782382011413574,2865.9454924800084
8023.0,6.3486409187316895,1.7007036209106445,2866.229603165004
8024.0,16.619766235351562,3.5908923149108887,2866.5244961530116
8025.0,16.617069244384766,3.218764066696167,2866.8106219740002
8026.0,28.15128517150879,4.626745223999023,2867.0829141040012
8027.0,39.54833221435547,3.981769561767578,2867.366800845004
8028.0,5.098621845245361,1.3000380992889404,2867.6595887580042
8029.0,4.8614115715026855,1.1964654922485352,2867.9572488090053
8030.0,12.095046997070312,2.6458382606506348,2868.2455094820034
8031.0,31.990901947021484,4.985891819000244,2868.5194699340063
8032.0,33.498695373535156,5.381117820739746,2868.801062230006
8033.0,16.17047691345215,4.067259311676025,2869.089538106011
8034.0,14.62447738647461,2.756028890609741,2869.3777777330106
8035.0,11.136011123657227,2.2812275886535645,2869.6644278790045
8036.0,42.90464782714844,6.0702805519104,2869.9543636480084
8037.0,39.60877990722656,6.354611396789551,2870.2667865340045
8038.0,21.03955078125,4.78681755065918,2870.543623692007
8039.0,7.996906280517578,1.7433356046676636,2870.8295245300105
8040.0,24.146133422851562,4.094520568847656,2871.118623750008
8041.0,15.590442657470703,2.6887969970703125,2871.4198208730086
8042.0,14.72665786743164,3.225559711456299,2871.7080090320087
8043.0,9.565494537353516,2.0137083530426025,2871.9913561310095
8044.0,6.916506767272949,1.7652052640914917,2872.2877965940133
8045.0,25.48558807373047,4.102241516113281,2872.584593823005
8046.0,8.608211517333984,2.147944450378418,2872.8634068630054
8047.0,12.576128005981445,2.3996431827545166,2873.145831839007
8048.0,5.29876184463501,1.3267807960510254,2873.4254607850016
8049.0,18.641530990600586,3.3504223823547363,2873.697993865004
8050.0,15.833857536315918,2.9053335189819336,2873.9718810560007
8051.0,8.921456336975098,2.320847272872925,2874.2575037320057
8052.0,22.145004272460938,3.964205026626587,2874.5369177380053
8053.0,14.376601219177246,3.0532240867614746,2874.814662133009
8054.0,14.53825569152832,3.4053289890289307,2875.0891143680055
8055.0,14.197391510009766,3.312429666519165,2875.373849003008
8056.0,44.96427917480469,5.457751750946045,2875.6574765080004
8057.0,30.034378051757812,5.263702869415283,2875.9372400600114
8058.0,25.4440975189209,5.25236701965332,2876.216083877007
8059.0,20.695999145507812,3.9776623249053955,2876.5016504290106
8060.0,9.639726638793945,2.046548366546631,2876.786856003004
8061.0,25.263660430908203,4.482017993927002,2877.0713831930043
8062.0,7.059525012969971,2.028143882751465,2877.352971837012
8063.0,19.30459213256836,3.395413637161255,2877.6319048830046
8064.0,7.169645309448242,2.13283634185791,2877.9284382800106
8065.0,15.289706230163574,3.261728525161743,2878.2265061640064
8066.0,22.66602325439453,4.302000999450684,2878.5134220290056
8067.0,8.992412567138672,1.9405754804611206,2878.8056666520133
8068.0,20.371685028076172,3.2429423332214355,2879.0759110590006
8069.0,7.988334655761719,1.9544198513031006,2879.3493793900125
8070.0,11.033300399780273,2.475125312805176,2879.6498579970066
8071.0,123.817138671875,13.444047927856445,2879.924842780005
8072.0,83.02609252929688,8.296515464782715,2880.212498053006
8073.0,23.50931167602539,3.6473896503448486,2880.5147092800034
8074.0,108.43994140625,11.481534957885742,2880.813710120012
8075.0,25.296016693115234,3.636373996734619,2881.1073706040042
8076.0,14.45190715789795,3.3476381301879883,2881.382622297009
8077.0,45.883087158203125,6.040120601654053,2881.6707088210096
8078.0,23.11290740966797,3.7548820972442627,2881.9685273620125
8079.0,16.811826705932617,3.5737931728363037,2882.262002375006
8080.0,10.812126159667969,2.081275701522827,2882.5407164400094
8081.0,29.949451446533203,6.668723106384277,2882.8158890030027
8082.0,82.7550048828125,10.048051834106445,2883.1030306380126
8083.0,8.977715492248535,2.735649347305298,2883.3877279630105
8084.0,4.412632942199707,1.347686767578125,2883.682351142008
8085.0,11.562583923339844,2.4729645252227783,2883.9746222950052
8086.0,31.58759307861328,5.89046573638916,2884.2628472210054
8087.0,49.55885314941406,6.025959491729736,2884.544794227011
8088.0,22.801715850830078,4.357301235198975,2884.8358340039995
8089.0,7.794675350189209,1.7690380811691284,2885.1194181380124
8090.0,22.413618087768555,3.9366533756256104,2885.419555299013
8091.0,13.354721069335938,2.865591287612915,2885.6953870430007
8092.0,57.631736755371094,7.387366771697998,2885.9774550300062
8093.0,5.977446556091309,1.3990806341171265,2886.264538674004
8094.0,16.474754333496094,3.319287061691284,2886.5399672839994
8095.0,13.817119598388672,2.3390116691589355,2886.823726448012
8096.0,26.87920570373535,3.963225841522217,2887.111216993013
8097.0,12.56698226928711,2.436464786529541,2887.4096106880024
8098.0,63.25141906738281,6.8289008140563965,2887.684776149006
8099.0,16.708166122436523,3.4697883129119873,2887.9884587910055
8100.0,11.608810424804688,2.8218319416046143,2888.2741167460044
8101.0,4.836859703063965,1.2498949766159058,2894.0261544570094
8102.0,20.835407257080078,3.3404064178466797,2894.3124049110047
8103.0,10.726371765136719,2.8041486740112305,2894.599134330012
8104.0,6.444077491760254,1.8061128854751587,2894.8774306870037
8105.0,44.86638641357422,5.126224040985107,2895.1516226380045
8106.0,5.346269130706787,1.5069758892059326,2895.434937842001
8107.0,30.804967880249023,5.214718818664551,2895.738975019005
8108.0,59.08965301513672,9.157855987548828,2896.0348219010048
8109.0,12.110734939575195,2.9688992500305176,2896.320663333012
8110.0,9.326146125793457,2.0311856269836426,2896.5931652480067
8111.0,24.767492294311523,3.9806275367736816,2896.8829138170113
8112.0,8.740640640258789,2.3604462146759033,2897.1682816220127
8113.0,21.30066680908203,3.842736005783081,2897.4486958210036
8114.0,27.314271926879883,4.9519758224487305,2897.7356869320065
8115.0,24.10797119140625,3.6783804893493652,2898.01661432501
8116.0,6.65401554107666,1.5835635662078857,2898.3119115230074
8117.0,20.887451171875,3.4618701934814453,2898.5860250520054
8118.0,7.400096416473389,1.828750491142273,2898.880172493009
8119.0,6.0438995361328125,1.5451472997665405,2899.204512687007
8120.0,25.906286239624023,4.369519233703613,2899.4889727830014
8121.0,9.228628158569336,1.974310278892517,2899.77722588701
8122.0,5.163752555847168,1.221718430519104,2900.045679363
8123.0,102.99005889892578,9.907861709594727,2900.332938708001
8124.0,50.77457809448242,5.680794715881348,2900.6295884850115
8125.0,8.272353172302246,1.7910547256469727,2900.9124904820055
8126.0,12.265716552734375,2.940415620803833,2901.205423006002
8127.0,15.963862419128418,3.3164002895355225,2901.4975332090107
8128.0,7.875146865844727,1.8984317779541016,2901.7723728700075
8129.0,7.541112422943115,2.254509449005127,2902.0636600720027
8130.0,32.993011474609375,5.400045871734619,2902.3514888580103
8131.0,9.940961837768555,2.8963582515716553,2902.6396170500084
8132.0,8.0755615234375,2.0832595825195312,2902.938441262013
8133.0,4.791352272033691,1.1952834129333496,2903.2342035950132
8134.0,9.347982406616211,2.220789909362793,2903.5223460800044
8135.0,81.41499328613281,9.876166343688965,2903.8145496729994
8136.0,93.15129089355469,9.75096321105957,2904.1031277750008
8137.0,8.105268478393555,1.6010323762893677,2904.376619686009
8138.0,16.136262893676758,3.5226049423217773,2904.656266782011
8139.0,8.426176071166992,2.2525546550750732,2904.944759517006
8140.0,7.908386707305908,1.7053946256637573,2905.2156356490013
8141.0,6.718509197235107,1.797174096107483,2905.49671936901
8142.0,13.857000350952148,3.0622880458831787,2905.79011198401
8143.0,45.501434326171875,4.38169002532959,2906.101592003004
8144.0,24.469642639160156,4.3061842918396,2906.382596528012
8145.0,9.91710376739502,2.023355722427368,2906.6655914170115
8146.0,4.562243938446045,1.1865121126174927,2906.9425346260105
8147.0,27.89858627319336,4.841538429260254,2907.221843583
8148.0,6.711348056793213,2.0141208171844482,2907.509415823006
8149.0,28.94287872314453,4.8782477378845215,2907.791414012012
8150.0,11.368596076965332,2.9703736305236816,2908.0889385620103
8151.0,15.965776443481445,3.195427656173706,2908.3709786600084
8152.0,11.054961204528809,2.433725595474243,2908.6559235640016
8153.0,11.979203224182129,2.358103036880493,2908.9311507230013
8154.0,27.006622314453125,4.442373275756836,2909.2112779080053
8155.0,13.763510704040527,2.6692090034484863,2909.4879596840037
8156.0,12.64641284942627,2.558793783187866,2909.7638894500124
8157.0,6.114792823791504,1.7135095596313477,2910.0433833920106
8158.0,11.974759101867676,2.4627420902252197,2910.3239337039995
8159.0,127.65816497802734,19.299102783203125,2910.6135990230105
8160.0,23.072052001953125,3.4944684505462646,2910.9081136830064
8161.0,12.533835411071777,2.7540581226348877,2911.180550953999
8162.0,26.60576629638672,3.8499715328216553,2911.4537672150036
8163.0,22.454666137695312,4.071959972381592,2911.744804424001
8164.0,17.865571975708008,2.811603546142578,2912.0170738720044
8165.0,5.283863067626953,1.5091184377670288,2912.30445209601
8166.0,8.129936218261719,1.8727800846099854,2912.5796842410055
8167.0,13.737686157226562,2.7959251403808594,2912.8581994870037
8168.0,32.31049346923828,4.788061141967773,2913.1533806740044
8169.0,23.69892120361328,3.8773157596588135,2913.444647663011
8170.0,19.062036514282227,3.4869606494903564,2913.739983120002
8171.0,6.690155029296875,1.5545153617858887,2914.0208958510048
8172.0,5.160878658294678,1.2718218564987183,2914.30043918101
8173.0,5.984837532043457,1.4114633798599243,2914.5906513930095
8174.0,30.763273239135742,4.695584297180176,2914.8731737510097
8175.0,26.74648666381836,4.095341205596924,2915.170060019009
8176.0,5.4611663818359375,1.2542452812194824,2915.4554357160087
8177.0,5.802371978759766,1.5675352811813354,2915.7311354690028
8178.0,72.4869613647461,8.40139102935791,2916.0273052890116
8179.0,5.012569427490234,1.2767256498336792,2916.312979267008
8180.0,32.92109298706055,5.061105728149414,2916.618539709001
8181.0,5.7914276123046875,1.4082834720611572,2916.9047003690066
8182.0,15.079004287719727,3.1631674766540527,2917.184963978012
8183.0,6.80675745010376,2.004986524581909,2917.4692287979997
8184.0,5.749397277832031,1.4932923316955566,2917.758023262999
8185.0,33.20665740966797,5.7518391609191895,2918.052706975999
8186.0,11.147926330566406,2.696798324584961,2918.3327676840127
8187.0,6.061720848083496,1.8998159170150757,2918.6116720380087
8188.0,4.658944606781006,1.224310278892517,2918.889493185008
8189.0,12.029350280761719,2.4699041843414307,2919.179664228999
8190.0,10.392845153808594,2.452683687210083,2919.4612203730067
8191.0,108.6585693359375,7.198470592498779,2919.7382460049994
8192.0,47.336181640625,9.145475387573242,2920.0291782640124
8193.0,8.387521743774414,2.2997353076934814,2920.326739029013
8194.0,38.005287170410156,5.399884223937988,2920.62268402701
8195.0,8.381108283996582,2.109327793121338,2920.9140818290034
8196.0,7.031180381774902,2.0606601238250732,2921.2179562110105
8197.0,18.165401458740234,2.863572835922241,2921.513297661004
8198.0,6.877920627593994,1.822932481765747,2921.803783975003
8199.0,6.199743747711182,1.5920733213424683,2922.08210248001
8200.0,59.08393859863281,7.467885971069336,2922.3676145440113
8201.0,4.111398220062256,0.9490851163864136,2928.3041896720097
8202.0,6.15310001373291,1.834930658340454,2928.588203132007
8203.0,9.985736846923828,2.1798787117004395,2928.884974008004
8204.0,19.723922729492188,3.341742515563965,2929.171685543013
8205.0,8.141411781311035,1.9149580001831055,2929.4494099300064
8206.0,28.48491096496582,3.3732755184173584,2929.7306795320037
8207.0,5.693482398986816,1.3905166387557983,2930.013019335005
8208.0,84.81851196289062,10.144515037536621,2930.285657134009
8209.0,11.174175262451172,2.285132646560669,2930.5583509780117
8210.0,11.904611587524414,2.442336082458496,2930.844796518999
8211.0,12.020328521728516,2.115952253341675,2931.116660315005
8212.0,18.252201080322266,3.153859853744507,2931.4058317040035
8213.0,17.598133087158203,3.248401641845703,2931.6918593850132
8214.0,8.510078430175781,1.6011528968811035,2931.9627493580047
8215.0,4.3744072914123535,1.371022343635559,2932.244603313011
8216.0,6.171513080596924,1.5727219581604004,2932.542253796011
8217.0,11.895907402038574,2.660670280456543,2932.819995529004
8218.0,17.532604217529297,2.9083306789398193,2933.102698046001
8219.0,15.663616180419922,3.3163259029388428,2933.3940579290065
8220.0,19.58739471435547,3.3169963359832764,2933.674911055001
8221.0,10.999465942382812,3.173682451248169,2933.959185046013
8222.0,14.768693923950195,3.547619104385376,2934.2434390530107
8223.0,29.19342041015625,4.449037551879883,2934.536519279005
8224.0,22.865821838378906,4.441323280334473,2934.8296983239998
8225.0,6.156754493713379,1.651552438735962,2935.129276735999
8226.0,22.124481201171875,4.26212215423584,2935.4130375230015
8227.0,21.110641479492188,4.328181266784668,2935.6916414430016
8228.0,9.821237564086914,2.4873149394989014,2935.9852703760116
8229.0,33.86166763305664,5.144842147827148,2936.2703963630047
8230.0,15.315814971923828,3.386439085006714,2936.5531843830104
8231.0,20.812976837158203,3.3756730556488037,2936.836484096013
8232.0,18.08737564086914,3.415292978286743,2937.1095671190124
8233.0,8.96877670288086,2.210109233856201,2937.3835176260036
8234.0,6.584639549255371,1.4819520711898804,2937.668229769013
8235.0,13.628190994262695,2.826160192489624,2937.945132371009
8236.0,29.111234664916992,4.570842742919922,2938.2292511100095
8237.0,15.007867813110352,3.081026554107666,2938.507631975008
8238.0,75.9246826171875,9.701717376708984,2938.799792013
8239.0,20.997905731201172,4.0881147384643555,2939.0775561010087
8240.0,144.2841796875,12.200469017028809,2939.358521342001
8241.0,21.29149627685547,3.655643939971924,2939.6491216590075
8242.0,49.01934814453125,7.631164073944092,2939.930246175005
8243.0,24.924205780029297,4.286557674407959,2940.2035388799995
8244.0,14.00773811340332,2.8979251384735107,2940.511515844002
8245.0,12.43195629119873,2.636570692062378,2940.7986768150004
8246.0,8.385458946228027,2.5627801418304443,2941.073193892007
8247.0,62.1620979309082,8.066118240356445,2941.3519254780113
8248.0,18.60660171508789,3.3826394081115723,2941.6394986950036
8249.0,5.995260238647461,1.559895634651184,2941.922346815001
8250.0,5.670255661010742,1.39198637008667,2942.2032253510115
8251.0,9.111075401306152,2.6824898719787598,2942.4981312710006
8252.0,51.41349792480469,5.813131332397461,2942.7865975930035
8253.0,9.834098815917969,1.865277647972107,2943.073862309
8254.0,37.50743865966797,4.6191911697387695,2943.36192457001
8255.0,4.4900221824646,1.305448293685913,2943.665579477005
8256.0,7.5201263427734375,2.162442207336426,2943.9627240970003
8257.0,37.23481369018555,6.354886531829834,2944.2601641910005
8258.0,69.76799011230469,12.292389869689941,2944.5556667380006
8259.0,15.13823127746582,3.2351059913635254,2944.845294617
8260.0,10.334333419799805,2.2685959339141846,2945.1267019360093
8261.0,6.812002182006836,1.9135538339614868,2945.4072609180002
8262.0,34.56755828857422,6.273869037628174,2945.6974389840034
8263.0,6.0713887214660645,1.4551105499267578,2945.9790506910067
8264.0,10.476783752441406,2.4707322120666504,2946.255012501002
8265.0,10.695045471191406,2.4054887294769287,2946.557363540007
8266.0,29.510488510131836,4.906686305999756,2946.845411369999
8267.0,13.699481964111328,3.0440030097961426,2947.1352507710108
8268.0,15.491207122802734,3.337716579437256,2947.4209483420127
8269.0,30.268535614013672,5.064724922180176,2947.7012248740066
8270.0,5.245676040649414,1.3806917667388916,2947.9853283539996
8271.0,11.21080207824707,2.780683755874634,2948.2574281630077
8272.0,6.903377532958984,1.7237309217453003,2948.536683302009
8273.0,7.225642204284668,1.85879647731781,2948.818545620001
8274.0,21.815345764160156,4.228274822235107,2949.10553926001
8275.0,11.096734046936035,2.795154094696045,2949.393441354012
8276.0,13.234208106994629,3.6585493087768555,2949.6805836450076
8277.0,15.830292701721191,3.427147626876831,2949.9636188590084
8278.0,5.712289810180664,1.7080105543136597,2950.261058144999
8279.0,28.604707717895508,4.640522480010986,2950.5553581320128
8280.0,63.66143035888672,8.486583709716797,2950.841748263003
8281.0,6.378356456756592,1.535330057144165,2951.1396572150115
8282.0,30.70333480834961,4.556257724761963,2951.440457076009
8283.0,13.94710922241211,2.7217183113098145,2951.7279095060076
8284.0,82.25777435302734,9.207287788391113,2952.0135863790056
8285.0,19.34856414794922,3.6781089305877686,2952.3008057120023
8286.0,23.444583892822266,3.767178773880005,2952.5730364180054
8287.0,10.471050262451172,2.249643564224243,2952.8583202070004
8288.0,11.581387519836426,2.7537426948547363,2953.158024093005
8289.0,10.027605056762695,2.0276238918304443,2953.435087980004
8290.0,4.900696277618408,1.3006864786148071,2953.716860499
8291.0,72.99957275390625,6.930656909942627,2954.00536371801
8292.0,17.473817825317383,2.879960298538208,2954.281211271009
8293.0,37.263729095458984,5.437895774841309,2954.576288315002
8294.0,38.428611755371094,6.037201881408691,2954.8592497120117
8295.0,6.759593963623047,1.5079898834228516,2955.1673395570106
8296.0,7.155078887939453,1.7774763107299805,2955.4545823920052
8297.0,7.419132709503174,1.9445123672485352,2955.7412450450065
8298.0,27.479124069213867,3.9531633853912354,2956.027905726005
8299.0,12.401330947875977,2.3008790016174316,2956.3051609579998
8300.0,20.947296142578125,3.6530601978302,2956.583735046006
8301.0,18.658681869506836,3.7673773765563965,2962.400209365005
8302.0,28.22464942932129,4.813880920410156,2962.6753193170007
8303.0,3.9116017818450928,1.0252257585525513,2962.9665551540093
8304.0,7.406255722045898,2.0673224925994873,2963.2620368970092
8305.0,9.96860408782959,2.4113194942474365,2963.549463457006
8306.0,17.515045166015625,4.737401485443115,2963.8368398640014
8307.0,9.121682167053223,1.9794381856918335,2964.135949197007
8308.0,6.945406913757324,1.7250734567642212,2964.4220307570067
8309.0,17.619630813598633,3.18717622756958,2964.7071912750107
8310.0,12.402070999145508,2.9867606163024902,2965.004770070009
8311.0,9.982438087463379,2.5828983783721924,2965.301431305008
8312.0,22.812524795532227,3.9058678150177,2965.5976218880096
8313.0,12.450363159179688,2.7385802268981934,2965.8912911450025
8314.0,16.103023529052734,2.899968385696411,2966.183986412012
8315.0,16.579837799072266,3.5797858238220215,2966.4888557390077
8316.0,7.973989486694336,1.9160622358322144,2966.7801541540102
8317.0,17.8735294342041,3.226961612701416,2967.066476166001
8318.0,58.57232666015625,6.281856536865234,2967.3550132080127
8319.0,10.191719055175781,2.028043508529663,2967.6580105489993
8320.0,14.21505355834961,2.8797359466552734,2967.9437852210103
8321.0,55.65433883666992,6.739075183868408,2968.242821417007
8322.0,35.01283645629883,4.6840643882751465,2968.5424083510006
8323.0,26.645645141601562,4.411311149597168,2968.8351839040115
8324.0,37.217220306396484,5.512890338897705,2969.1147412249993
8325.0,7.631082534790039,1.6889011859893799,2969.4038246570126
8326.0,16.268144607543945,3.437138557434082,2969.6847471690126
8327.0,29.775386810302734,4.455676555633545,2969.9616865100106
8328.0,98.90090942382812,9.164560317993164,2970.255993071012
8329.0,25.944873809814453,3.777665853500366,2970.5478622740047
8330.0,5.296199321746826,1.364230990409851,2970.8207739140053
8331.0,12.843916893005371,2.463899850845337,2971.106983925012
8332.0,13.93299674987793,3.028505563735962,2971.3912484370085
8333.0,13.136001586914062,2.6118266582489014,2971.675453869
8334.0,3.335425853729248,0.841446042060852,2971.9478969290067
8335.0,9.655681610107422,2.4216105937957764,2972.2359488670045
8336.0,6.558876037597656,1.572908878326416,2972.519730029002
8337.0,87.70719146728516,9.27646541595459,2972.802473407006
8338.0,11.78316879272461,2.6492109298706055,2973.080513948007
8339.0,20.293575286865234,4.2483062744140625,2973.3618813979992
8340.0,19.19824981689453,3.7288715839385986,2973.652391186013
8341.0,7.795314311981201,2.073845624923706,2973.928675473013
8342.0,27.205841064453125,4.943141937255859,2974.220643231005
8343.0,10.247969627380371,2.2543294429779053,2974.5178583590023
8344.0,5.543215274810791,1.6443618535995483,2974.807295112012
8345.0,11.686331748962402,2.3300130367279053,2975.0971915690025
8346.0,6.019644260406494,1.7937562465667725,2975.3781959810003
8347.0,21.221317291259766,4.072179317474365,2975.6619816700113
8348.0,9.947879791259766,2.851915121078491,2975.9361783990025
8349.0,9.56096363067627,2.5360512733459473,2976.215514468
8350.0,13.346086502075195,2.9116883277893066,2976.513813730009
8351.0,9.411235809326172,2.0706839561462402,2976.7991359610023
8352.0,4.815587997436523,1.3274027109146118,2977.091488820006
8353.0,40.59111404418945,3.93361759185791,2977.403786602008
8354.0,35.15592956542969,5.87705659866333,2977.6973311330075
8355.0,11.403192520141602,3.0222690105438232,2977.99507479601
8356.0,11.609331130981445,2.1293065547943115,2978.283333739004
8357.0,7.106719017028809,1.6552774906158447,2978.569938729008
8358.0,10.591778755187988,2.602095603942871,2978.8602061710117
8359.0,12.173633575439453,2.446397066116333,2979.156949524011
8360.0,20.189048767089844,3.315520763397217,2979.4474104010005
8361.0,21.621347427368164,3.8216943740844727,2979.737082558
8362.0,36.86076354980469,5.564340591430664,2980.029408524002
8363.0,5.845834255218506,1.5208868980407715,2980.3229300290113
8364.0,21.302207946777344,3.402621030807495,2980.602320306003
8365.0,20.40117645263672,4.4469451904296875,2980.8912227870023
8366.0,14.767169952392578,2.938176155090332,2981.195314376004
8367.0,16.283706665039062,2.9163479804992676,2981.485591544013
8368.0,24.626808166503906,5.513364791870117,2981.7693019319995
8369.0,22.321443557739258,4.2859673500061035,2982.060936517999
8370.0,89.90693664550781,9.276984214782715,2982.3465677710046
8371.0,39.63340377807617,4.5577802658081055,2982.632527399008
8372.0,38.6956787109375,5.0819172859191895,2982.9112815950066
8373.0,23.17861557006836,3.900301933288574,2983.1927659180074
8374.0,28.927934646606445,4.680439472198486,2983.483702065001
8375.0,7.152641296386719,1.344944953918457,2983.7738517810067
8376.0,6.821409225463867,1.4749224185943604,2984.0626904240053
8377.0,36.97428894042969,5.292067050933838,2984.3506350850075
8378.0,25.533103942871094,4.42129373550415,2984.665551924001
8379.0,49.181907653808594,7.279868125915527,2984.95939679601
8380.0,4.867593765258789,1.492277979850769,2985.2317070990102
8381.0,15.406351089477539,3.5316162109375,2985.534692680012
8382.0,23.596214294433594,4.446420669555664,2985.8206311100075
8383.0,21.04106903076172,4.246517181396484,2986.116798902003
8384.0,15.769224166870117,3.3933017253875732,2986.4146490010025
8385.0,29.200279235839844,4.35416841506958,2986.696898050999
8386.0,13.026626586914062,2.6509010791778564,2986.978106801005
8387.0,26.148832321166992,3.0566279888153076,2987.259332436006
8388.0,16.659534454345703,3.118088483810425,2987.551189235004
8389.0,5.107348918914795,1.2687519788742065,2987.829571802009
8390.0,106.31895446777344,10.566967010498047,2988.124636493012
8391.0,19.080503463745117,3.6473934650421143,2988.4146062920045
8392.0,11.408648490905762,2.236560821533203,2988.699062890999
8393.0,6.37922477722168,1.529911994934082,2989.020829887013
8394.0,14.712854385375977,2.7498021125793457,2989.334131844007
8395.0,22.068470001220703,3.895888328552246,2989.6399732030113
8396.0,9.216392517089844,2.171034812927246,2989.960539937005
8397.0,6.510277271270752,1.6484705209732056,2990.3403493160004
8398.0,13.698402404785156,2.4464006423950195,2990.671690646006
8399.0,17.000593185424805,3.156766653060913,2990.9938364660047
8400.0,6.205038547515869,1.7593518495559692,2991.28391958501
8401.0,14.78581714630127,3.218496561050415,2997.891170341012
8402.0,27.37592315673828,5.209273338317871,2998.185417681001
8403.0,9.203524589538574,2.15557599067688,2998.4721029089997
8404.0,36.3763427734375,4.801760196685791,2998.7686427290027
8405.0,5.845083236694336,1.3469195365905762,2999.060086238009
8406.0,41.19328308105469,5.69625997543335,2999.3556904290017
8407.0,12.20201301574707,2.562052011489868,2999.6771785860037
8408.0,19.308364868164062,3.6029326915740967,2999.960963966005
8409.0,8.597073554992676,2.101607322692871,3000.272400108006
8410.0,40.68367004394531,5.932245254516602,3000.582487356005
8411.0,34.30265426635742,4.843176364898682,3000.909239479006
8412.0,10.088850021362305,2.783238410949707,3001.20904029801
8413.0,27.47075080871582,4.747948169708252,3001.512100682012
8414.0,6.721425533294678,1.6198283433914185,3001.8026779560023
8415.0,16.826414108276367,3.775973081588745,3002.1226016170112
8416.0,32.38417053222656,5.015607833862305,3002.513278074999
8417.0,12.252227783203125,3.6388962268829346,3002.804002640012
8418.0,25.10329246520996,5.225854396820068,3003.0939954370115
8419.0,9.525193214416504,2.5576260089874268,3003.409804110008
8420.0,11.979602813720703,2.417410373687744,3003.7216541040107
8421.0,21.374217987060547,3.976719617843628,3004.028388813007
8422.0,13.316999435424805,2.6956210136413574,3004.325501905012
8423.0,5.44294548034668,1.3517258167266846,3004.607496331999
8424.0,23.05052947998047,3.818809747695923,3004.9081667830033
8425.0,160.19647216796875,22.256624221801758,3005.2012526400067
8426.0,21.2445068359375,3.5871834754943848,3005.49893531001
8427.0,73.9328842163086,8.056634902954102,3005.7885521999997
8428.0,30.04404067993164,4.6639485359191895,3006.0980751060124
8429.0,17.220048904418945,3.7156686782836914,3006.4016333760082
8430.0,6.288476943969727,1.4582644701004028,3006.7016046780045
8431.0,6.47978401184082,1.8798325061798096,3006.97852845701
8432.0,29.591569900512695,5.489604473114014,3007.263497253007
8433.0,52.9581298828125,6.604891300201416,3007.5555490800034
8434.0,9.525383949279785,2.0741827487945557,3007.8446769310103
8435.0,20.27425193786621,4.0062456130981445,3008.1245044430107
8436.0,8.401229858398438,2.0964066982269287,3008.398258420013
8437.0,75.6973648071289,13.046810150146484,3008.6775511580054
8438.0,7.1455206871032715,2.0075128078460693,3008.964557048006
8439.0,14.302413940429688,3.216097593307495,3009.2622166970104
8440.0,5.287444114685059,1.4265786409378052,3009.552108562013
8441.0,8.100208282470703,2.0809431076049805,3009.8443657720054
8442.0,23.342708587646484,3.778487205505371,3010.1324076910096
8443.0,23.677371978759766,4.005768775939941,3010.4261530760123
8444.0,47.41621398925781,5.542203903198242,3010.741086514012
8445.0,22.100414276123047,3.59124493598938,3011.047680668009
8446.0,17.214021682739258,3.3030498027801514,3011.3376064510085
8447.0,16.88722801208496,4.170679569244385,3011.627257103013
8448.0,13.398569107055664,2.8704850673675537,3011.904898097011
8449.0,9.403542518615723,1.9327722787857056,3012.211014989007
8450.0,31.643878936767578,4.54088020324707,3012.5293113040098
8451.0,15.082466125488281,3.402656316757202,3012.892319471008
8452.0,6.807086944580078,1.4670180082321167,3013.204400129005
8453.0,30.131332397460938,4.724615573883057,3013.502220778013
8454.0,16.67259979248047,4.128026485443115,3013.8194383220107
8455.0,15.180940628051758,2.9013304710388184,3014.1070375410054
8456.0,4.968444347381592,1.3167130947113037,3014.4420065300073
8457.0,10.178726196289062,2.5956146717071533,3014.8100358910015
8458.0,14.5598726272583,3.4705471992492676,3015.150237296999
8459.0,7.2426910400390625,1.8360389471054077,3015.4740212970064
8460.0,8.414731979370117,2.521493434906006,3015.773178799005
8461.0,12.513885498046875,2.9985644817352295,3016.065563324999
8462.0,14.677618980407715,3.0067169666290283,3016.344783091001
8463.0,62.591835021972656,7.804615497589111,3016.6429439870117
8464.0,7.717414855957031,1.9439704418182373,3016.9386065760045
8465.0,9.127214431762695,2.424056053161621,3017.221592701011
8466.0,6.249368190765381,1.7491315603256226,3017.496097119001
8467.0,5.875131130218506,1.4095680713653564,3017.766702534005
8468.0,49.46221923828125,7.056174278259277,3018.0561144759995
8469.0,8.597569465637207,2.0705366134643555,3018.3715814440075
8470.0,10.40009880065918,2.439080238342285,3018.650786342012
8471.0,26.903675079345703,3.5426712036132812,3018.974236856011
8472.0,11.819541931152344,2.2569267749786377,3019.2501198310056
8473.0,5.2583723068237305,1.4727225303649902,3019.5293595360126
8474.0,15.515886306762695,3.0083558559417725,3019.8566582420026
8475.0,4.442214012145996,1.161393165588379,3020.148546070006
8476.0,5.207861423492432,1.2843379974365234,3020.4386927300075
8477.0,38.728416442871094,5.128208637237549,3020.718335850004
8478.0,7.031711578369141,1.7375730276107788,3020.993696053003
8479.0,18.9586238861084,3.0764591693878174,3021.280216717001
8480.0,5.530981063842773,1.4011905193328857,3021.5731212840037
8481.0,30.07846450805664,4.702894687652588,3021.8521515080065
8482.0,13.647841453552246,2.6036133766174316,3022.137171184004
8483.0,7.742660999298096,2.1384570598602295,3022.430136481009
8484.0,14.902650833129883,2.736691474914551,3022.710513794009
8485.0,26.436965942382812,3.2799148559570312,3022.9985717220115
8486.0,24.796588897705078,3.451059103012085,3023.2722681740124
8487.0,23.879573822021484,3.6180996894836426,3023.566236901999
8488.0,16.657094955444336,3.895603656768799,3023.8488314390124
8489.0,42.08690643310547,8.764669418334961,3024.129174898
8490.0,5.7031569480896,1.698600172996521,3024.4086444330023
8491.0,5.946789741516113,1.3993152379989624,3024.6943445740035
8492.0,8.389688491821289,2.0496692657470703,3024.9953522470023
8493.0,9.498311042785645,2.1922690868377686,3025.28508784101
8494.0,15.955699920654297,2.6531333923339844,3025.5775256920024
8495.0,6.741720676422119,1.658006191253662,3025.857180514009
8496.0,8.148527145385742,1.6834886074066162,3026.144754067005
8497.0,20.121362686157227,3.790144443511963,3026.421250389001
8498.0,23.480350494384766,4.126782417297363,3026.6970888190117
8499.0,12.056632995605469,2.329258680343628,3026.984943111005
8500.0,9.274410247802734,2.1480331420898438,3027.2553133740003
8501.0,17.312713623046875,4.008374214172363,3033.4371663970087
8502.0,5.5192461013793945,1.3875453472137451,3033.7103104900016
8503.0,13.506752014160156,3.2049694061279297,3033.98832875301
8504.0,49.9754638671875,5.880858898162842,3034.2934340659995
8505.0,11.005480766296387,2.502537727355957,3034.5878028300067
8506.0,12.760030746459961,2.4680490493774414,3034.8569138250023
8507.0,12.387771606445312,2.3882689476013184,3035.1357956120046
8508.0,11.93660831451416,3.0818090438842773,3035.436775055001
8509.0,10.13018798828125,2.557767868041992,3035.741969150011
8510.0,53.17108917236328,6.896234035491943,3036.059629936004
8511.0,28.785696029663086,4.508207321166992,3036.3544914430095
8512.0,22.089521408081055,3.727916717529297,3036.627646408
8513.0,18.9408016204834,3.7638652324676514,3036.91843062501
8514.0,7.041437149047852,1.4781652688980103,3037.208737216002
8515.0,38.03350830078125,5.9062066078186035,3037.4919515250076
8516.0,6.272327423095703,1.5985206365585327,3037.781145656001
8517.0,6.9199538230896,1.764807105064392,3038.0735503300093
8518.0,7.886967658996582,1.8684639930725098,3038.3604246640025
8519.0,19.6630916595459,3.236198663711548,3038.651603972001
8520.0,15.840717315673828,2.8574090003967285,3038.9459549380117
8521.0,55.16508102416992,5.708705425262451,3039.2460677240015
8522.0,13.991300582885742,2.5650222301483154,3039.5577370930114
8523.0,6.055121898651123,1.4000730514526367,3039.849496078008
8524.0,14.11657428741455,2.6978776454925537,3040.13343723501
8525.0,19.210826873779297,4.015287399291992,3040.4304428739997
8526.0,32.44929122924805,5.174990177154541,3040.720826926001
8527.0,14.808645248413086,3.0547380447387695,3041.002696921001
8528.0,8.791221618652344,2.231259346008301,3041.296141651008
8529.0,17.67630386352539,3.1835925579071045,3041.5789922080003
8530.0,24.57074737548828,3.696810722351074,3041.8660632320098
8531.0,14.61764144897461,3.254854917526245,3042.148286845011
8532.0,17.210161209106445,3.133763074874878,3042.4537175260048
8533.0,21.110145568847656,2.985875368118286,3042.7315319330082
8534.0,15.873115539550781,2.6907758712768555,3042.9996531760116
8535.0,15.166337966918945,2.8624682426452637,3043.310038527008
8536.0,5.1729512214660645,1.326666235923767,3043.604104872007
8537.0,14.409461975097656,3.1146156787872314,3043.901196070001
8538.0,41.799766540527344,5.667409420013428,3044.205572239007
8539.0,5.677875518798828,1.5220121145248413,3044.5051626040076
8540.0,20.893367767333984,3.7546141147613525,3044.7842405490082
8541.0,6.894840717315674,1.541782021522522,3045.1242533309996
8542.0,16.3210506439209,4.313750267028809,3045.435160085006
8543.0,11.944784164428711,2.8356995582580566,3045.7205169920053
8544.0,15.364656448364258,3.2081210613250732,3046.0130323610065
8545.0,11.945112228393555,3.205838918685913,3046.311942101005
8546.0,13.497385025024414,2.6286230087280273,3046.583964078003
8547.0,18.50786590576172,3.931234836578369,3046.8700173860125
8548.0,10.922445297241211,2.473710775375366,3047.1442378770007
8549.0,4.173104763031006,1.1453620195388794,3047.4318977330113
8550.0,5.304107666015625,1.2292274236679077,3047.7007713310013
8551.0,121.58634948730469,13.4903564453125,3047.9784622160078
8552.0,12.066068649291992,3.283160448074341,3048.286428366002
8553.0,11.35397720336914,2.238413095474243,3048.579369605999
8554.0,47.79271697998047,7.3164873123168945,3048.8668507590046
8555.0,16.43134307861328,3.546255350112915,3049.1566567800037
8556.0,9.42315673828125,2.0161375999450684,3049.4356859310064
8557.0,15.052629470825195,2.732739210128784,3049.7382738340093
8558.0,42.30303955078125,5.333071231842041,3050.0247957870015
8559.0,12.450166702270508,2.5959551334381104,3050.3066909560002
8560.0,110.2435531616211,11.224766731262207,3050.5895352510124
8561.0,13.546805381774902,2.771448850631714,3050.8823269690038
8562.0,8.315927505493164,2.1213629245758057,3051.177547187006
8563.0,7.754803657531738,2.3265178203582764,3051.45192108801
8564.0,22.519859313964844,4.008777141571045,3051.723241975007
8565.0,15.72707748413086,2.747771739959717,3052.031879530012
8566.0,133.24314880371094,19.28671646118164,3052.317058797009
8567.0,75.0061264038086,9.192659378051758,3052.605537840005
8568.0,6.4444379806518555,1.317652940750122,3052.9076087840076
8569.0,5.146350860595703,1.462773084640503,3053.1917877460073
8570.0,4.9330220222473145,1.3060202598571777,3053.488473137011
8571.0,26.223365783691406,4.106755256652832,3053.766646944001
8572.0,83.57011413574219,10.17546272277832,3054.045921285011
8573.0,10.438079833984375,1.9493905305862427,3054.3281456290133
8574.0,11.276763916015625,2.338651657104492,3054.607221934013
8575.0,30.3588809967041,4.209216117858887,3054.876052093008
8576.0,4.466895580291748,1.0759990215301514,3055.148090969
8577.0,31.872121810913086,4.318183422088623,3055.4276432530023
8578.0,15.25129508972168,3.138035297393799,3055.725859847007
8579.0,6.638460636138916,1.7066364288330078,3056.0012455560063
8580.0,8.076422691345215,2.214033842086792,3056.2804948100093
8581.0,4.909536838531494,1.3247123956680298,3056.5575580010045
8582.0,9.024534225463867,2.3569345474243164,3056.8467213370022
8583.0,4.9207282066345215,1.3830509185791016,3057.1375855020015
8584.0,14.621667861938477,3.160203695297241,3057.434431337999
8585.0,5.778533935546875,1.783220887184143,3057.7194262970006
8586.0,27.400693893432617,4.222907066345215,3057.995930157005
8587.0,23.992591857910156,4.2418670654296875,3058.284551527002
8588.0,9.656968116760254,2.180579900741577,3058.5711191890005
8589.0,11.097288131713867,3.1078131198883057,3058.8544998200086
8590.0,10.970129013061523,1.9634634256362915,3059.1403026140033
8591.0,7.086121559143066,1.8056178092956543,3059.43794833601
8592.0,40.93724060058594,5.833443641662598,3059.726902679002
8593.0,48.75651931762695,6.044460296630859,3059.9939383050078
8594.0,45.240325927734375,5.38466215133667,3060.2649346750113
8595.0,17.38602066040039,3.081007480621338,3060.5593298260064
8596.0,7.518276691436768,1.8420032262802124,3060.8517375010124
8597.0,21.014007568359375,3.7135026454925537,3061.133094429999
8598.0,6.402373313903809,1.5690703392028809,3061.424159318005
8599.0,7.279200077056885,1.8787484169006348,3061.718778499009
8600.0,89.3980941772461,9.574009895324707,3062.004715359013
8601.0,6.576350212097168,1.6545333862304688,3067.906478941004
8602.0,32.32942199707031,5.5299882888793945,3068.190069930002
8603.0,9.987977981567383,2.399609088897705,3068.4880602699996
8604.0,12.563441276550293,2.741734504699707,3068.7829485910042
8605.0,7.71047306060791,2.057961940765381,3069.073557213007
8606.0,24.844039916992188,3.8478474617004395,3069.3607451050048
8607.0,26.88332748413086,3.151033878326416,3069.6329793790064
8608.0,4.758215427398682,1.187403917312622,3069.9206271170115
8609.0,69.66584777832031,9.112144470214844,3070.1990037070063
8610.0,10.40713882446289,2.491223096847534,3070.470853802006
8611.0,16.077472686767578,3.467952013015747,3070.747814153001
8612.0,15.320420265197754,2.7349019050598145,3071.0246030140115
8613.0,5.2713623046875,1.3748689889907837,3071.299596388999
8614.0,20.637191772460938,3.382613182067871,3071.586905852004
8615.0,8.980195045471191,1.8979312181472778,3071.8863839390106
8616.0,16.626184463500977,3.259535551071167,3072.1762471149996
8617.0,7.344488143920898,1.9306073188781738,3072.444809834007
8618.0,7.418674945831299,1.8963669538497925,3072.7178046960034
8619.0,6.098758697509766,1.5537134408950806,3072.9917408220062
8620.0,16.109703063964844,3.113912343978882,3073.277720997008
8621.0,24.00590705871582,4.962924957275391,3073.5711227249994
8622.0,15.204326629638672,3.295806884765625,3073.856738105009
8623.0,5.517103672027588,1.37404203414917,3074.142624289001
8624.0,21.934490203857422,4.255120754241943,3074.4630866850057
8625.0,24.430360794067383,4.566152095794678,3074.745454157004
8626.0,8.031978607177734,1.9011458158493042,3075.039387751007
8627.0,11.125642776489258,2.6316957473754883,3075.315645453011
8628.0,30.237838745117188,4.822607517242432,3075.6120779310004
8629.0,9.505695343017578,2.204432487487793,3075.914731721001
8630.0,29.415637969970703,4.627625942230225,3076.203986774999
8631.0,5.471933364868164,1.3276352882385254,3076.4901553250093
8632.0,39.18106460571289,6.325544357299805,3076.7680028750037
8633.0,10.945695877075195,2.0945160388946533,3077.054341633004
8634.0,4.780908584594727,1.474716305732727,3077.3395513450087
8635.0,18.569244384765625,3.4323227405548096,3077.622731100011
8636.0,15.079411506652832,2.730154037475586,3077.908010105006
8637.0,6.879737854003906,1.5639469623565674,3078.1913569690078
8638.0,16.767181396484375,3.603315591812134,3078.480480803002
8639.0,6.82354736328125,1.6999611854553223,3078.760961556007
8640.0,52.03029251098633,6.134181022644043,3079.044685162007
8641.0,5.072546005249023,1.3649541139602661,3079.341800112001
8642.0,4.336580276489258,1.0601309537887573,3079.630404361
8643.0,40.82539367675781,4.610869407653809,3079.916954817003
8644.0,6.705599308013916,1.676969051361084,3080.202027354011
8645.0,6.706552505493164,1.8045905828475952,3080.475783800008
8646.0,10.143316268920898,2.120006561279297,3080.7722201350116
8647.0,3.587515354156494,0.893947422504425,3081.0437419750087
8648.0,10.026945114135742,1.6871538162231445,3081.328012211001
8649.0,16.61103630065918,2.981157064437866,3081.6234934340027
8650.0,35.08545684814453,5.061399459838867,3081.913340872008
8651.0,22.346826553344727,3.4504852294921875,3082.1925403510104
8652.0,6.840933799743652,1.491202473640442,3082.4901219310123
8653.0,18.224159240722656,2.9342281818389893,3082.772811242001
8654.0,15.669637680053711,3.0992214679718018,3083.054951679005
8655.0,3.9822487831115723,1.006285548210144,3083.3388466970064
8656.0,20.256511688232422,3.260620355606079,3083.62448928901
8657.0,31.32594871520996,5.374993324279785,3083.897946616009
8658.0,52.013031005859375,6.587131500244141,3084.167909767013
8659.0,4.651305675506592,1.184121012687683,3084.4482109790115
8660.0,20.970703125,3.6322314739227295,3084.73671591701
8661.0,10.687599182128906,2.3943371772766113,3085.0201452090114
8662.0,9.891119956970215,2.43133807182312,3085.2976659039996
8663.0,6.3661208152771,1.3933378458023071,3085.5694692570105
8664.0,15.011459350585938,2.5960731506347656,3085.856205645003
8665.0,28.812435150146484,4.21748161315918,3086.1434709550085
8666.0,30.542844772338867,4.9213690757751465,3086.4258320450026
8667.0,23.473779678344727,4.083810329437256,3086.7017222970026
8668.0,10.175908088684082,2.155362606048584,3086.9907873220072
8669.0,15.265993118286133,3.1355059146881104,3087.2770397740096
8670.0,7.805724143981934,1.8556972742080688,3087.579080224008
8671.0,13.364255905151367,2.8383774757385254,3087.8676235500025
8672.0,23.579082489013672,4.032535552978516,3088.1469244990003
8673.0,13.890605926513672,2.9758951663970947,3088.433277971999
8674.0,25.234214782714844,4.706353664398193,3088.7134336470044
8675.0,104.50350952148438,11.534191131591797,3088.9964135949995
8676.0,14.449344635009766,2.68165922164917,3089.274228189999
8677.0,6.982390403747559,1.8497092723846436,3089.56073877601
8678.0,6.311633110046387,1.7018166780471802,3089.8437202320056
8679.0,9.396614074707031,2.0541720390319824,3090.131124659005
8680.0,22.283449172973633,4.396707534790039,3090.42430420201
8681.0,17.83160400390625,3.314408540725708,3090.7046351720055
8682.0,24.750587463378906,4.174168109893799,3091.000685529012
8683.0,18.10898208618164,3.150463104248047,3091.3091842030117
8684.0,6.582357883453369,1.7507425546646118,3091.619791054007
8685.0,13.700399398803711,3.18794322013855,3091.912086242999
8686.0,18.899690628051758,3.0840137004852295,3092.2094919790106
8687.0,18.136749267578125,4.689389705657959,3092.4987387700094
8688.0,5.529852390289307,1.4142730236053467,3092.7794427240005
8689.0,22.035400390625,3.5437893867492676,3093.077447418007
8690.0,7.63792610168457,2.0720348358154297,3093.3685167330113
8691.0,18.049222946166992,3.14534592628479,3093.662953719002
8692.0,25.004077911376953,3.9653031826019287,3093.9535776720004
8693.0,10.30386734008789,2.694305419921875,3094.246135147012
8694.0,5.540494441986084,1.6936759948730469,3094.5241054450016
8695.0,5.513554573059082,1.5136075019836426,3094.8071418239997
8696.0,33.74936294555664,5.2110137939453125,3095.1029282900126
8697.0,25.296619415283203,4.705347537994385,3095.3977179010108
8698.0,6.569571495056152,1.7482657432556152,3095.6824474780005
8699.0,10.18535327911377,2.700223207473755,3095.963201294013
8700.0,31.041011810302734,4.620413780212402,3096.2541791680123
8701.0,16.24911880493164,3.6158788204193115,3102.1719783660083
8702.0,13.065126419067383,2.2651329040527344,3102.464034249002
8703.0,8.71678352355957,1.8988317251205444,3102.7473066189996
8704.0,12.289095878601074,2.5510690212249756,3103.0224480809993
8705.0,72.84127044677734,8.326863288879395,3103.3112411800103
8706.0,28.09695816040039,4.475647449493408,3103.5973660730087
8707.0,13.743803024291992,3.146920919418335,3103.869091585002
8708.0,12.77686882019043,2.3280370235443115,3104.191598702004
8709.0,8.272851943969727,1.8789286613464355,3104.482817570999
8710.0,10.052556037902832,2.250056266784668,3104.760090803
8711.0,6.666478633880615,1.6335551738739014,3105.0393750000076
8712.0,22.544221878051758,4.390347003936768,3105.3298480000085
8713.0,16.2890682220459,3.3470656871795654,3105.619763529001
8714.0,5.99522066116333,1.6434401273727417,3105.8970646439993
8715.0,26.01829719543457,4.693241119384766,3106.181812400013
8716.0,12.895447731018066,2.9343466758728027,3106.462114509006
8717.0,8.674049377441406,2.1609907150268555,3106.7443212540093
8718.0,4.700412750244141,1.1857606172561646,3107.0326750110107
8719.0,7.875335216522217,2.0037989616394043,3107.309431108006
8720.0,11.156647682189941,2.6786856651306152,3107.5991843810043
8721.0,5.026292324066162,1.4855462312698364,3107.900602996
8722.0,14.389750480651855,2.944575548171997,3108.1919593019993
8723.0,5.346817970275879,1.4257285594940186,3108.474156741009
8724.0,18.750743865966797,2.961796760559082,3108.7680767740094
8725.0,7.440866947174072,1.9858134984970093,3109.047975914
8726.0,4.806516170501709,1.2555766105651855,3109.34037123101
8727.0,7.483445167541504,2.09757399559021,3109.6310846670094
8728.0,25.917827606201172,5.157733917236328,3109.918828507012
8729.0,7.070443153381348,1.9423474073410034,3110.2069211550115
8730.0,16.06818199157715,2.995189666748047,3110.4956984849996
8731.0,5.316859245300293,1.260388970375061,3110.7832971570024
8732.0,11.484880447387695,2.7475132942199707,3111.0704196010047
8733.0,29.168581008911133,4.6422905921936035,3111.3464216540015
8734.0,22.21469497680664,3.900146722793579,3111.6211104530084
8735.0,5.666120529174805,1.4523183107376099,3111.912764179011
8736.0,4.128007888793945,0.984287679195404,3112.2115878400073
8737.0,6.709606170654297,1.6903932094573975,3112.4956623840117
8738.0,5.759690761566162,1.4128917455673218,3112.771334464007
8739.0,8.426595687866211,2.1098902225494385,3113.056963051
8740.0,17.56180191040039,3.036524534225464,3113.325772798009
8741.0,13.67973804473877,2.8666117191314697,3113.608166580001
8742.0,31.7315673828125,4.854797840118408,3113.893269926004
8743.0,64.37511444091797,11.700115203857422,3114.1642959790042
8744.0,9.850275993347168,2.4508392810821533,3114.457260580006
8745.0,9.562675476074219,2.113293409347534,3114.7537756380043
8746.0,23.570037841796875,4.715717792510986,3115.052784413012
8747.0,33.8987922668457,4.51243782043457,3115.341336883008
8748.0,9.14867115020752,2.3101253509521484,3115.6296094650024
8749.0,8.557552337646484,2.1186249256134033,3115.9204686450103
8750.0,7.821320056915283,1.9841630458831787,3116.2406413080025
8751.0,47.9992561340332,9.349120140075684,3116.561911962999
8752.0,6.875048637390137,1.7754621505737305,3116.8463697900006
8753.0,8.443631172180176,2.3595662117004395,3117.151296768003
8754.0,23.269996643066406,3.85798978805542,3117.481322189007
8755.0,8.223690032958984,2.0551815032958984,3117.8266013620014
8756.0,22.26799201965332,3.8620948791503906,3118.1965841000056
8757.0,13.379653930664062,2.4268412590026855,3118.612675926008
8758.0,5.506621360778809,1.6802055835723877,3118.9787252290116
8759.0,8.111289978027344,2.3600122928619385,3119.327887391002
8760.0,6.008823394775391,1.4032392501831055,3119.633298272005
8761.0,25.095813751220703,4.623981475830078,3119.914534402007
8762.0,6.24661922454834,1.4576340913772583,3120.203306170006
8763.0,93.98280334472656,14.716291427612305,3120.4940659770073
8764.0,17.183778762817383,2.876000165939331,3120.7875183300057
8765.0,5.783973693847656,1.465944528579712,3121.065081894005
8766.0,37.35934829711914,5.5565948486328125,3121.369584910004
8767.0,16.94036865234375,3.6354081630706787,3121.6807185979997
8768.0,21.520057678222656,3.813560724258423,3121.9826161790115
8769.0,34.955257415771484,4.935909271240234,3122.2616390640032
8770.0,4.187228202819824,1.3003556728363037,3122.551055778007
8771.0,80.04798889160156,8.136772155761719,3122.8518607490114
8772.0,5.488180160522461,1.3293280601501465,3123.145137189
8773.0,17.37934112548828,3.32419490814209,3123.420698523012
8774.0,6.059374809265137,1.2847875356674194,3123.7169853550004
8775.0,12.415243148803711,2.628523588180542,3124.0104594540026
8776.0,10.597040176391602,2.5578160285949707,3124.295643289006
8777.0,7.188111782073975,2.1302037239074707,3124.60128485701
8778.0,48.399593353271484,6.989466667175293,3124.8927212470007
8779.0,28.135326385498047,4.984480381011963,3125.179084004005
8780.0,7.461918354034424,1.7851502895355225,3125.47053429301
8781.0,58.109188079833984,6.239653587341309,3125.7693092789996
8782.0,16.197601318359375,3.1078102588653564,3126.073901462005
8783.0,41.374725341796875,6.3500776290893555,3126.375794710999
8784.0,10.764825820922852,2.3389124870300293,3126.6553825850133
8785.0,4.124312400817871,1.171420693397522,3126.926634345
8786.0,21.982540130615234,3.305716037750244,3127.2103283410106
8787.0,10.668682098388672,2.1798644065856934,3127.506577911001
8788.0,12.555444717407227,2.489415407180786,3127.787098773013
8789.0,21.43901252746582,4.40023946762085,3128.0645575730014
8790.0,4.27874755859375,1.12953519821167,3128.3635693280085
8791.0,7.268310546875,2.207331418991089,3128.6361822480103
8792.0,9.994158744812012,2.1980721950531006,3128.917400358012
8793.0,7.426128387451172,2.3336501121520996,3129.216955544005
8794.0,11.562546730041504,2.719606637954712,3129.5134733680025
8795.0,5.534753322601318,1.4456413984298706,3129.9177200039994
8796.0,67.3336410522461,8.780731201171875,3130.207827838007
8797.0,12.589587211608887,2.3969905376434326,3130.5058144510112
8798.0,38.50956344604492,5.50093936920166,3130.8333279210055
8799.0,6.58504581451416,1.8414394855499268,3131.1662547700107
8800.0,12.075294494628906,2.735158681869507,3131.4675108869997
8801.0,27.337825775146484,4.298677921295166,3138.063013187013
8802.0,5.77984094619751,1.4525814056396484,3138.357098700013
8803.0,21.661537170410156,4.207396507263184,3138.6544330870092
8804.0,7.47451114654541,2.0343189239501953,3138.9386081600096
8805.0,14.794307708740234,3.114058494567871,3139.2320956330077
8806.0,5.1848320960998535,1.4781794548034668,3139.5201976170065
8807.0,17.354572296142578,3.1635265350341797,3139.814969169005
8808.0,28.286426544189453,4.5590009689331055,3140.1175435510086
8809.0,22.8331298828125,4.3063507080078125,3140.409500741007
8810.0,18.270082473754883,2.8293282985687256,3140.6826046410133
8811.0,3.9401071071624756,1.0428009033203125,3140.9581681020063
8812.0,9.50551986694336,1.851347804069519,3141.2361025540013
8813.0,6.6036224365234375,2.0120954513549805,3141.5347951150034
8814.0,26.766210556030273,4.025900840759277,3141.8207003490097
8815.0,24.996543884277344,4.197481632232666,3142.1142542970047
8816.0,43.335060119628906,5.848026275634766,3142.391461859006
8817.0,31.493671417236328,3.53560209274292,3142.667992374001
8818.0,4.444621562957764,1.1849620342254639,3142.9602325120068
8819.0,12.04351806640625,2.737870454788208,3143.243607961005
8820.0,11.183160781860352,2.706374168395996,3143.530663182013
8821.0,10.65284252166748,2.901094436645508,3143.8099676320126
8822.0,11.10873794555664,2.317466974258423,3144.1020176110032
8823.0,6.046486854553223,1.471392035484314,3144.393361393013
8824.0,13.07779312133789,3.01639986038208,3144.6801265920076
8825.0,18.16165542602539,3.4134628772735596,3145.0222931720054
8826.0,14.334921836853027,2.8580081462860107,3145.312168692006
8827.0,5.412111282348633,1.6070839166641235,3145.60060962601
8828.0,14.038660049438477,2.71799898147583,3145.885048379001
8829.0,14.679526329040527,3.29740834236145,3146.1720287060016
8830.0,17.6455078125,3.226421356201172,3146.466396388001
8831.0,10.571263313293457,2.19077730178833,3146.755075744004
8832.0,58.64003372192383,7.790467262268066,3147.0454259510007
8833.0,3.5270259380340576,0.8648605346679688,3147.33690860201
8834.0,6.081331729888916,1.8570302724838257,3147.61696123
8835.0,37.54524230957031,5.059718608856201,3147.895626412006
8836.0,3.1626152992248535,0.841772735118866,3148.176432668013
8837.0,22.0103816986084,3.3986823558807373,3148.4737253280036
8838.0,11.648736953735352,2.227133274078369,3148.7692001120013
8839.0,6.119997024536133,1.4480253458023071,3149.0481646710105
8840.0,7.122123718261719,2.18925142288208,3149.3336476200056
8841.0,5.164163589477539,1.5752946138381958,3149.618175939002
8842.0,11.046599388122559,1.9529207944869995,3149.929581452001
8843.0,22.202491760253906,3.3096320629119873,3150.2049706280086
8844.0,17.321392059326172,3.9937400817871094,3150.4785979750013
8845.0,10.759903907775879,2.2934842109680176,3150.7610998140008
8846.0,23.78064727783203,3.75264048576355,3151.1019138720003
8847.0,13.93899154663086,2.745328664779663,3151.389771429007
8848.0,34.36322021484375,6.1846466064453125,3151.669004364012
8849.0,6.77161169052124,1.6309595108032227,3151.9388392210094
8850.0,44.907772064208984,9.328980445861816,3152.215532270013
8851.0,8.943530082702637,2.0157408714294434,3152.502757513008
8852.0,10.297143936157227,2.7810282707214355,3152.7777421339997
8853.0,8.751813888549805,2.391145944595337,3153.0679691530095
8854.0,24.00737953186035,4.473965644836426,3153.3430328110117
8855.0,7.072711944580078,1.8149319887161255,3153.6287391580117
8856.0,15.758451461791992,2.9607057571411133,3153.9751473040087
8857.0,32.1630859375,4.9150285720825195,3154.267969020002
8858.0,18.667451858520508,4.037874221801758,3154.5539729890006
8859.0,5.0542402267456055,1.3525930643081665,3154.8533622140094
8860.0,28.676040649414062,4.482075214385986,3155.146641719999
8861.0,36.38462448120117,5.017389297485352,3155.4477796520077
8862.0,13.858078002929688,3.1492578983306885,3155.728163150008
8863.0,34.41577911376953,5.686374187469482,3156.0012924030016
8864.0,32.20460891723633,4.967867374420166,3156.296209167005
8865.0,6.653946876525879,1.6701635122299194,3156.6046017200133
8866.0,8.507932662963867,2.251359224319458,3156.8831762620102
8867.0,5.3569817543029785,1.3040082454681396,3157.179579259013
8868.0,7.533663749694824,2.0419578552246094,3157.4745349740115
8869.0,11.377508163452148,2.381168842315674,3157.76528843501
8870.0,8.899497032165527,2.1019492149353027,3158.050511813999
8871.0,23.954021453857422,3.709272861480713,3158.3374795540003
8872.0,8.895284652709961,2.4019675254821777,3158.612145571009
8873.0,5.666593074798584,1.3741211891174316,3158.8971083979995
8874.0,5.044170379638672,1.3449774980545044,3159.2016060540045
8875.0,5.851691246032715,1.3013042211532593,3159.5117679000105
8876.0,13.567822456359863,2.7953040599823,3159.806282399004
8877.0,136.53134155273438,13.304587364196777,3160.1493331110105
8878.0,39.281639099121094,4.929970741271973,3160.4625488910096
8879.0,12.424480438232422,3.2476158142089844,3160.782741992007
8880.0,42.33447265625,5.423745632171631,3161.1334121260006
8881.0,7.057586193084717,1.9051604270935059,3161.4438918610103
8882.0,14.853899955749512,2.9653406143188477,3161.722163663013
8883.0,3.8405020236968994,1.0363878011703491,3161.9988526040106
8884.0,7.546148300170898,1.7349961996078491,3162.2770912140113
8885.0,9.06045913696289,1.9701592922210693,3162.568288127004
8886.0,10.754175186157227,2.2906088829040527,3162.8572950700036
8887.0,14.204962730407715,2.6160809993743896,3163.1342292810004
8888.0,18.17301368713379,2.8467001914978027,3163.4241235910013
8889.0,26.31125831604004,3.9016618728637695,3163.70970950801
8890.0,10.951977729797363,2.6884894371032715,3163.983623994005
8891.0,112.70556640625,10.889448165893555,3164.2760202800127
8892.0,58.19717788696289,7.738255977630615,3164.5614954710036
8893.0,41.14140701293945,5.542835712432861,3164.867721720002
8894.0,18.39807891845703,3.3070476055145264,3165.153349721004
8895.0,7.828744888305664,1.7486051321029663,3165.4350654860027
8896.0,10.71824836730957,2.3246986865997314,3165.7201823760115
8897.0,32.86650466918945,4.7221879959106445,3166.0000241750095
8898.0,42.46495819091797,6.723689556121826,3166.2907006550085
8899.0,22.677562713623047,4.4322710037231445,3166.5785871820117
8900.0,37.129661560058594,5.18695592880249,3166.862364407003
8901.0,18.561254501342773,3.7240030765533447,3172.7869515320053
8902.0,139.24969482421875,16.770050048828125,3173.070778690002
8903.0,71.39348602294922,8.96972942352295,3173.363615743001
8904.0,7.531687259674072,2.084470748901367,3173.6633280270034
8905.0,8.218793869018555,1.994066596031189,3173.9572956140037
8906.0,21.71056365966797,4.042421817779541,3174.233146716011
8907.0,6.4067230224609375,1.6657440662384033,3174.5359541460057
8908.0,14.269829750061035,3.0348517894744873,3174.816327560009
8909.0,6.627113342285156,1.7467056512832642,3175.1249596370035
8910.0,36.441162109375,5.509145736694336,3175.4176615500037
8911.0,27.945730209350586,4.267213821411133,3175.717496509009
8912.0,8.13956069946289,2.0251972675323486,3176.0103260130127
8913.0,28.13154411315918,4.657753944396973,3176.2973525780108
8914.0,13.386308670043945,2.288167953491211,3176.582463371
8915.0,20.281822204589844,3.621770143508911,3176.880248288013
8916.0,4.527338027954102,1.115064263343811,3177.152276183013
8917.0,4.747227191925049,1.1702698469161987,3177.452187902003
8918.0,20.385467529296875,3.8339409828186035,3177.7396384270105
8919.0,17.962169647216797,3.0741355419158936,3178.027360017004
8920.0,80.0823974609375,13.553790092468262,3178.3014864760044
8921.0,22.71816635131836,4.310564994812012,3178.58648256
8922.0,18.653995513916016,3.1580398082733154,3178.869325028005
8923.0,27.42862892150879,4.255556583404541,3179.1394958470046
8924.0,5.0361504554748535,1.2790398597717285,3179.41304971301
8925.0,17.629722595214844,3.3675570487976074,3179.70500528501
8926.0,6.523019313812256,1.6351957321166992,3179.996804745999
8927.0,5.538575649261475,1.3359203338623047,3180.305434366004
8928.0,20.96039581298828,3.5883522033691406,3180.5931519330043
8929.0,17.1420841217041,3.075608491897583,3180.8682940760045
8930.0,92.29302978515625,10.0256929397583,3181.146334955003
8931.0,10.894733428955078,2.649036407470703,3181.4185907280043
8932.0,13.246747016906738,3.035140037536621,3181.6904140380066
8933.0,6.718981742858887,1.5696635246276855,3181.966973423012
8934.0,5.747652530670166,1.19841730594635,3182.242563332009
8935.0,46.144317626953125,4.86516809463501,3182.5365208120056
8936.0,35.600887298583984,3.9586915969848633,3182.810229365001
8937.0,11.670618057250977,2.1749074459075928,3183.0970303130016
8938.0,15.739688873291016,4.0932135581970215,3183.3893644110067
8939.0,17.825702667236328,3.405449867248535,3183.6720125400025
8940.0,15.140117645263672,2.922147035598755,3183.950069605009
8941.0,23.061845779418945,5.5176591873168945,3184.2274193030025
8942.0,17.474628448486328,3.43973970413208,3184.5010453680006
8943.0,7.872858047485352,1.6085699796676636,3184.7711592530104
8944.0,7.96592903137207,1.886298418045044,3185.0539741360117
8945.0,76.48246765136719,6.988399982452393,3185.3301755970024
8946.0,16.160335540771484,3.964167594909668,3185.6196493020107
8947.0,10.196614265441895,2.619969129562378,3185.8940882970055
8948.0,7.330639839172363,1.9448792934417725,3186.1706313400064
8949.0,7.646940231323242,1.8604730367660522,3186.452889829001
8950.0,55.617889404296875,6.7892560958862305,3186.734116480002
8951.0,14.462762832641602,2.8499019145965576,3187.0268323720084
8952.0,10.630132675170898,2.1585183143615723,3187.31841783
8953.0,5.893446922302246,1.5089366436004639,3187.6014684300026
8954.0,13.785720825195312,3.239741563796997,3187.889613570005
8955.0,25.633235931396484,4.600510120391846,3188.1701273880026
8956.0,12.129278182983398,2.60453462600708,3188.4518178610015
8957.0,17.9038143157959,3.5284461975097656,3188.740992940002
8958.0,6.870991230010986,1.667658805847168,3189.027444763007
8959.0,6.534340858459473,1.5067863464355469,3189.306835619005
8960.0,132.42587280273438,14.10206413269043,3189.5912428900047
8961.0,8.001293182373047,2.0627729892730713,3189.882287628003
8962.0,2.972991943359375,0.7643491625785828,3190.166638155002
8963.0,6.1711812019348145,1.5835033655166626,3190.469980890004
8964.0,4.952520370483398,1.2842990159988403,3190.7444614480046
8965.0,18.469263076782227,3.131687641143799,3191.038970228008
8966.0,8.97748851776123,2.1605191230773926,3191.316906127002
8967.0,16.990318298339844,4.37508487701416,3191.6041456110106
8968.0,11.763105392456055,2.5485644340515137,3191.8928225820127
8969.0,5.287476539611816,1.4334325790405273,3192.169851671002
8970.0,17.367141723632812,3.1510941982269287,3192.4407363659993
8971.0,18.912342071533203,3.2321712970733643,3192.7226139730046
8972.0,10.635525703430176,2.1895103454589844,3193.009807723007
8973.0,4.910317420959473,1.4334138631820679,3193.2935877310083
8974.0,19.22937774658203,4.213589191436768,3193.571607308011
8975.0,23.80281639099121,4.276763916015625,3193.8464034450008
8976.0,10.2623291015625,2.0157246589660645,3194.121510391007
8977.0,9.957839965820312,2.186767578125,3194.4028588440124
8978.0,18.520912170410156,3.573096752166748,3194.679810103
8979.0,6.566669940948486,1.6534768342971802,3194.9531368180033
8980.0,7.044507026672363,1.7889044284820557,3195.245845326004
8981.0,88.69141387939453,10.790542602539062,3195.5324167210056
8982.0,8.121023178100586,2.077627420425415,3195.8102585830056
8983.0,23.549617767333984,3.907982587814331,3196.1133392340125
8984.0,17.83899688720703,3.613684892654419,3196.4246209150006
8985.0,9.284703254699707,2.052077054977417,3196.7354879660124
8986.0,5.7935590744018555,1.4342862367630005,3197.0221099480113
8987.0,7.066020488739014,1.6003069877624512,3197.3041971820057
8988.0,50.11262512207031,7.4813761711120605,3197.582535736001
8989.0,30.39400291442871,4.59103536605835,3197.8633083919995
8990.0,21.604541778564453,3.505404233932495,3198.1579991300096
8991.0,24.903499603271484,4.290660858154297,3198.4287060610077
8992.0,7.52189826965332,1.6995434761047363,3198.717598342002
8993.0,10.273218154907227,2.5586729049682617,3199.006059244013
8994.0,6.053776741027832,1.7916215658187866,3199.2916818660015
8995.0,25.733264923095703,3.6348791122436523,3199.5880080360075
8996.0,44.124595642089844,5.049907207489014,3199.864256521003
8997.0,12.729316711425781,2.4046413898468018,3200.154995928009
8998.0,10.553950309753418,2.3748505115509033,3200.440398425999
8999.0,33.41505813598633,4.98609733581543,3200.711633405008
9000.0,9.58003044128418,2.0651321411132812,3200.9951710540045
9001.0,27.720720291137695,3.599675178527832,3207.1875128920074
9002.0,9.368295669555664,2.30151104927063,3207.467574197013
9003.0,22.593427658081055,5.342432022094727,3207.7530403140117
9004.0,17.496543884277344,3.354599714279175,3208.0386905610067
9005.0,9.691473007202148,2.4857394695281982,3208.316483629009
9006.0,9.744649887084961,2.2358319759368896,3208.6011770080077
9007.0,14.72127914428711,3.0964550971984863,3208.8885134120064
9008.0,32.12762451171875,5.23917293548584,3209.1624360760034
9009.0,17.88717269897461,3.256582260131836,3209.457370916003
9010.0,26.921192169189453,4.5796895027160645,3209.737628970004
9011.0,35.16099166870117,5.520052909851074,3210.016588866012
9012.0,20.816247940063477,3.5694069862365723,3210.292337138002
9013.0,12.186885833740234,2.1773273944854736,3210.5632581610116
9014.0,4.798696517944336,1.184754490852356,3210.854568232011
9015.0,4.7255048751831055,1.2791296243667603,3211.151486696006
9016.0,6.953952789306641,1.5734752416610718,3211.436840868002
9017.0,104.69580078125,11.253458023071289,3211.713188424008
9018.0,8.035969734191895,2.394582986831665,3211.9969047930063
9019.0,25.297924041748047,3.895444869995117,3212.302179531005
9020.0,11.569129943847656,2.5546157360076904,3212.576286512005
9021.0,6.563165664672852,1.4429677724838257,3212.857700228007
9022.0,49.678977966308594,5.530551910400391,3213.140558254003
9023.0,7.5966620445251465,2.2059175968170166,3213.4414897430106
9024.0,11.741392135620117,2.775853395462036,3213.729182010007
9025.0,7.408906936645508,1.9454269409179688,3214.021418676013
9026.0,13.337339401245117,2.916513204574585,3214.2947168400133
9027.0,35.08441162109375,5.654052734375,3214.566133356013
9028.0,14.330869674682617,2.9697160720825195,3214.8380973890016
9029.0,7.5385894775390625,1.4815852642059326,3215.1264860960073
9030.0,9.427906036376953,2.123556613922119,3215.405158905007
9031.0,13.963251113891602,2.5541908740997314,3215.67262310801
9032.0,5.197697639465332,1.3700278997421265,3215.9396076890116
9033.0,18.738956451416016,4.20180606842041,3216.2228455020086
9034.0,5.399701118469238,1.3161723613739014,3216.5056928620033
9035.0,31.962215423583984,7.207286357879639,3216.796634061
9036.0,25.521800994873047,3.7941932678222656,3217.0869894260104
9037.0,71.71075439453125,7.949215412139893,3217.385269423001
9038.0,7.764589786529541,2.0251221656799316,3217.6946791250084
9039.0,19.60645866394043,4.3955230712890625,3217.987501831012
9040.0,17.68926239013672,3.1992545127868652,3218.2699353890057
9041.0,10.675300598144531,2.532670259475708,3218.5619778740074
9042.0,9.002131462097168,2.0907065868377686,3218.8370854620007
9043.0,31.757503509521484,4.986972332000732,3219.1342290750035
9044.0,24.445571899414062,4.370055198669434,3219.4267267250107
9045.0,11.773750305175781,2.633204936981201,3219.7136136949994
9046.0,9.177278518676758,2.2856287956237793,3220.0077212640026
9047.0,8.17890453338623,1.979468584060669,3220.316353950009
9048.0,28.656002044677734,4.92609167098999,3220.606419513002
9049.0,51.69049835205078,6.623315811157227,3220.892297147002
9050.0,36.35849380493164,5.670989990234375,3221.1692478220066
9051.0,9.651447296142578,2.122548818588257,3221.458588999012
9052.0,26.954025268554688,4.15763521194458,3221.7422785070085
9053.0,9.810247421264648,2.405548095703125,3222.0196341460105
9054.0,6.149045467376709,1.611817479133606,3222.3023326300026
9055.0,10.930776596069336,2.7375717163085938,3222.5760105510126
9056.0,18.40129280090332,2.754401206970215,3222.8562118570117
9057.0,28.964832305908203,4.426974773406982,3223.1431635710032
9058.0,29.77941131591797,3.9258155822753906,3223.4365022460115
9059.0,9.458687782287598,2.106400489807129,3223.7266103280126
9060.0,27.231571197509766,4.696681499481201,3224.0243462510116
9061.0,6.153266906738281,1.253211259841919,3224.31470496401
9062.0,7.956942081451416,2.143942356109619,3224.6031282309996
9063.0,12.305641174316406,2.26314640045166,3224.9005648700113
9064.0,6.2407121658325195,1.3090810775756836,3225.174545069007
9065.0,3.8670742511749268,1.0159296989440918,3225.4686153860093
9066.0,25.1512393951416,4.079513072967529,3225.741022314003
9067.0,27.464717864990234,4.880124568939209,3226.028071244
9068.0,19.140430450439453,4.900297164916992,3226.304474438002
9069.0,8.956974029541016,2.099620819091797,3226.601416439007
9070.0,14.167028427124023,2.5825626850128174,3226.8900224940007
9071.0,18.05565643310547,3.715625286102295,3227.166479424006
9072.0,5.111792087554932,1.4359807968139648,3227.4394755920075
9073.0,100.13838195800781,11.187921524047852,3227.713551452005
9074.0,8.7999267578125,2.3000688552856445,3227.985629216011
9075.0,6.170215129852295,1.784981369972229,3228.27259825301
9076.0,26.4632625579834,4.398916244506836,3228.5586667720054
9077.0,14.030241012573242,3.034022808074951,3228.8396985069994
9078.0,28.45675277709961,5.023843288421631,3229.1215726910013
9079.0,117.37085723876953,17.62473487854004,3229.399389620012
9080.0,9.422510147094727,2.0193517208099365,3229.681448151008
9081.0,5.726419925689697,1.4893989562988281,3229.9596616940107
9082.0,11.193845748901367,2.2650437355041504,3230.248520181005
9083.0,7.288841247558594,1.8149356842041016,3230.5313561420044
9084.0,9.143670082092285,1.6471964120864868,3230.824010705008
9085.0,15.287885665893555,2.940415859222412,3231.1086270280066
9086.0,17.65265655517578,3.519028902053833,3231.4095429070003
9087.0,8.278579711914062,2.2526471614837646,3231.7029555560002
9088.0,23.523149490356445,4.295783519744873,3231.977005274006
9089.0,11.815055847167969,3.0576767921447754,3232.282297955011
9090.0,14.774606704711914,2.9171297550201416,3232.5630153680104
9091.0,27.26255989074707,4.1103515625,3232.84680918901
9092.0,14.781253814697266,2.889477014541626,3233.127418040007
9093.0,21.576778411865234,3.38830304145813,3233.4219742090063
9094.0,6.861501693725586,1.5182090997695923,3233.6979623049992
9095.0,14.361726760864258,2.7778868675231934,3233.9688534920133
9096.0,9.264148712158203,1.9786115884780884,3234.2560223190085
9097.0,20.92219352722168,4.073548793792725,3234.5378926470003
9098.0,7.964200019836426,1.6605418920516968,3234.8207701140054
9099.0,19.829622268676758,3.6069905757904053,3235.110922977008
9100.0,7.503093719482422,1.6511104106903076,3235.4040198120056
9101.0,4.945556640625,1.494476556777954,3241.217769833005
9102.0,13.244487762451172,1.8230453729629517,3241.5005629410007
9103.0,40.78834533691406,5.778864860534668,3241.7971475840022
9104.0,12.116018295288086,2.532514810562134,3242.0890637590055
9105.0,14.0199613571167,3.2172815799713135,3242.359503522006
9106.0,71.87884521484375,9.090956687927246,3242.6381275250023
9107.0,23.6937198638916,2.966717481613159,3242.9349661110027
9108.0,34.81984329223633,3.7456183433532715,3243.2440664120077
9109.0,18.11661148071289,3.1239984035491943,3243.5273068460083
9110.0,21.114303588867188,4.135900020599365,3243.818538489999
9111.0,13.13223648071289,2.6548783779144287,3244.1003494670003
9112.0,11.19666862487793,2.0448317527770996,3244.3995886480116
9113.0,7.381641387939453,1.5699067115783691,3244.713452871001
9114.0,95.4847640991211,10.339186668395996,3244.9996738980117
9115.0,14.922378540039062,2.643500804901123,3245.2881812390115
9116.0,65.76165771484375,6.922975063323975,3245.579917905008
9117.0,32.44629669189453,4.562915325164795,3245.8637987070106
9118.0,27.53434944152832,4.37452507019043,3246.1717463960085
9119.0,7.967121601104736,2.2137789726257324,3246.4443869560055
9120.0,21.525836944580078,3.938847541809082,3246.7393147600087
9121.0,9.600162506103516,2.3292768001556396,3247.0317207160115
9122.0,37.22103500366211,6.2176923751831055,3247.329649353007
9123.0,7.609086036682129,1.7677595615386963,3247.6214292840014
9124.0,88.57999420166016,13.82310676574707,3247.918667710008
9125.0,16.63755989074707,2.806614398956299,3248.1913910730073
9126.0,11.426519393920898,2.3515682220458984,3248.4709195640025
9127.0,13.681715965270996,2.8383383750915527,3248.7642541090026
9128.0,25.661174774169922,4.588494300842285,3249.0629531790037
9129.0,6.111067771911621,1.5644725561141968,3249.3698316680093
9130.0,10.976842880249023,2.7182013988494873,3249.6465004839993
9131.0,5.292244911193848,1.2758697271347046,3249.9228075600113
9132.0,6.8642578125,1.8518658876419067,3250.199515458007
9133.0,5.620673656463623,1.4129011631011963,3250.4778255310084
9134.0,16.315250396728516,3.0417041778564453,3250.765791916012
9135.0,6.124139785766602,1.5580867528915405,3251.048607938006
9136.0,9.615072250366211,1.8184046745300293,3251.3307674600073
9137.0,6.400571346282959,1.7257388830184937,3251.6125265270093
9138.0,40.9722900390625,5.54487943649292,3251.898090786999
9139.0,15.833066940307617,2.9285573959350586,3252.1912713420024
9140.0,9.351224899291992,2.16542387008667,3252.4640783870127
9141.0,23.770545959472656,3.8548994064331055,3252.7608550340083
9142.0,71.78334045410156,8.519421577453613,3253.0517159110022
9143.0,12.351715087890625,2.839494466781616,3253.3254417240096
9144.0,15.716224670410156,4.034194469451904,3253.6225326150015
9145.0,21.841402053833008,3.5175936222076416,3253.9102062560123
9146.0,6.91280460357666,1.7715294361114502,3254.187635744005
9147.0,8.22348403930664,1.774829626083374,3254.477879939004
9148.0,6.029329299926758,1.771723747253418,3254.7685084760014
9149.0,15.813957214355469,3.307494640350342,3255.080811880005
9150.0,13.30777359008789,2.7264769077301025,3255.3764397230116
9151.0,18.516910552978516,4.490638732910156,3255.664711657999
9152.0,7.021164894104004,1.6041491031646729,3255.9787236859993
9153.0,7.650071144104004,1.5864394903182983,3256.2770643360127
9154.0,12.682268142700195,3.0055878162384033,3256.5689481050067
9155.0,29.78266143798828,4.556595802307129,3256.8442714010016
9156.0,6.124554634094238,1.6484382152557373,3257.1172822760127
9157.0,10.278038024902344,2.328963279724121,3257.388931695008
9158.0,5.480432510375977,1.3118555545806885,3257.670188984004
9159.0,12.472647666931152,2.8987152576446533,3257.946242383012
9160.0,16.638172149658203,2.8458757400512695,3258.2348129070015
9161.0,7.436903953552246,1.8719502687454224,3258.521412011003
9162.0,11.047454833984375,2.4364938735961914,3258.809791494001
9163.0,8.520761489868164,2.311845064163208,3259.085235145001
9164.0,5.8256025314331055,1.4719016551971436,3259.362466925013
9165.0,5.5715742111206055,1.3240666389465332,3259.650228725004
9166.0,11.576400756835938,2.276057720184326,3259.931269749999
9167.0,16.99203872680664,2.643342971801758,3260.219443755006
9168.0,71.82218170166016,7.997339248657227,3260.514785535008
9169.0,10.24168872833252,2.4765610694885254,3260.8048377150117
9170.0,5.879319190979004,1.544374704360962,3261.0874379300076
9171.0,7.570565223693848,2.0377588272094727,3261.3780777970096
9172.0,11.005158424377441,2.915959358215332,3261.6573605120066
9173.0,13.900459289550781,3.417820692062378,3261.9394603360124
9174.0,5.296560287475586,1.3647273778915405,3262.241126746012
9175.0,10.777044296264648,2.35528302192688,3262.5223423760035
9176.0,25.835527420043945,4.096445083618164,3262.822562365007
9177.0,21.518024444580078,3.7003250122070312,3263.106642718005
9178.0,32.072471618652344,5.787686347961426,3263.385444892003
9179.0,34.645477294921875,5.2424726486206055,3263.66248962401
9180.0,7.263843536376953,1.9860529899597168,3263.9340551060013
9181.0,4.943547248840332,1.3336317539215088,3264.226819298012
9182.0,20.553348541259766,3.3028342723846436,3264.5094366450066
9183.0,18.26516342163086,3.2488789558410645,3264.807532816005
9184.0,22.3146915435791,3.5969393253326416,3265.0847913300095
9185.0,6.619988441467285,1.5022085905075073,3265.3765222530055
9186.0,6.846158504486084,1.915789008140564,3265.6500903720007
9187.0,34.29081344604492,7.797102928161621,3265.936094763005
9188.0,25.85870361328125,5.109999656677246,3266.2352244970098
9189.0,9.0424222946167,2.241096019744873,3266.537524684012
9190.0,8.986711502075195,1.7681347131729126,3266.818962256002
9191.0,13.875911712646484,2.9837303161621094,3267.1131168140128
9192.0,23.45606231689453,3.408881902694702,3267.4052899040107
9193.0,4.8624162673950195,1.293321967124939,3267.700048884013
9194.0,95.99285888671875,6.745890140533447,3267.975825229005
9195.0,20.143522262573242,3.2478082180023193,3268.2690047560027
9196.0,8.53616714477539,1.8763091564178467,3268.5520844410057
9197.0,13.751973152160645,3.0776383876800537,3268.838392169011
9198.0,27.568525314331055,4.29171085357666,3269.116011090009
9199.0,17.266918182373047,3.3922507762908936,3269.4057114419993
9200.0,11.156739234924316,2.5794663429260254,3269.6962337550067
9201.0,14.0831298828125,3.1599788665771484,3276.073326295009
9202.0,15.278409004211426,2.904069662094116,3276.3520928100043
9203.0,11.177061080932617,2.2520954608917236,3276.6490520640073
9204.0,5.9951887130737305,1.2590209245681763,3276.948166375005
9205.0,15.59686279296875,3.340121030807495,3277.227494822
9206.0,60.178794860839844,7.352283954620361,3277.5485090889997
9207.0,31.925416946411133,5.069764137268066,3277.8722727640125
9208.0,17.933513641357422,3.771113157272339,3278.2010396380065
9209.0,15.547032356262207,3.1690256595611572,3278.554671597012
9210.0,9.627181053161621,2.2462735176086426,3278.8765705280093
9211.0,4.08390998840332,1.0762500762939453,3279.1957059140113
9212.0,26.796207427978516,4.081342697143555,3279.536530633006
9213.0,11.10699462890625,2.3130054473876953,3279.817707541006
9214.0,10.386037826538086,2.0220794677734375,3280.1019043520064
9215.0,13.070233345031738,2.6135270595550537,3280.3953724560124
9216.0,4.879209995269775,1.2810966968536377,3280.6830195770017
9217.0,5.6230034828186035,1.3429999351501465,3280.9796487770072
9218.0,22.632614135742188,4.6308488845825195,3281.329221527005
9219.0,8.131492614746094,2.0697319507598877,3281.6166284540086
9220.0,9.425383567810059,2.2000463008880615,3281.9067764270003
9221.0,21.516786575317383,4.095576286315918,3282.205107022004
9222.0,17.367704391479492,3.3078575134277344,3282.538553353006
9223.0,17.689714431762695,3.908597230911255,3282.8416411250073
9224.0,16.928335189819336,3.764875888824463,3283.1226184620027
9225.0,8.308241844177246,2.4030988216400146,3283.4159843710077
9226.0,21.891002655029297,5.666077136993408,3283.7034891250078
9227.0,12.81283950805664,2.7981433868408203,3283.9938052070065
9228.0,11.804828643798828,2.928407907485962,3284.301211972008
9229.0,16.686649322509766,3.722606658935547,3284.6260847950034
9230.0,43.503387451171875,6.752657890319824,3284.939097786002
9231.0,24.288745880126953,4.055500507354736,3285.2279708730057
9232.0,6.434854030609131,1.7426629066467285,3285.5218316329992
9233.0,15.072317123413086,2.9936766624450684,3285.8166148279997
9234.0,13.044885635375977,2.601649045944214,3286.1136916340038
9235.0,37.994468688964844,5.998566150665283,3286.394441219003
9236.0,15.511043548583984,3.1325888633728027,3286.6823849960056
9237.0,9.381007194519043,1.665702223777771,3286.9788158770098
9238.0,9.706459999084473,2.0916249752044678,3287.2592103310017
9239.0,12.505218505859375,2.438478708267212,3287.541529856011
9240.0,7.317259788513184,1.8293867111206055,3287.8214746390004
9241.0,58.30655288696289,7.527441501617432,3288.1136770970043
9242.0,51.93604278564453,6.377655029296875,3288.4016128420044
9243.0,28.98226547241211,5.117393970489502,3288.680499455004
9244.0,10.302247047424316,2.38171648979187,3288.967448525
9245.0,7.00408411026001,2.1727030277252197,3289.251918259004
9246.0,19.4353084564209,3.1624279022216797,3289.5390184050048
9247.0,21.27352523803711,3.1875388622283936,3289.821089825011
9248.0,25.53485107421875,3.9074716567993164,3290.1102884150023
9249.0,19.989608764648438,3.5273568630218506,3290.4034253550053
9250.0,64.4360580444336,7.463412761688232,3290.696366607008
9251.0,6.770186424255371,2.1131606101989746,3290.9939233230107
9252.0,8.341069221496582,2.091660499572754,3291.2854042600084
9253.0,18.009611129760742,3.0918211936950684,3291.5789510460017
9254.0,8.299666404724121,2.1360225677490234,3291.865936617003
9255.0,15.327079772949219,2.8269717693328857,3292.2040627700044
9256.0,6.962638854980469,1.5421571731567383,3292.518810362002
9257.0,28.42418670654297,5.149567127227783,3292.848497466999
9258.0,12.032877922058105,2.7773914337158203,3293.124754948003
9259.0,11.6652193069458,2.411837339401245,3293.410096578009
9260.0,19.601308822631836,3.233569622039795,3293.689717251007
9261.0,43.69199752807617,4.074362277984619,3293.979208978999
9262.0,27.45958709716797,4.016877174377441,3294.2606915320066
9263.0,13.229066848754883,2.3093810081481934,3294.540500796007
9264.0,4.222229480743408,1.1051604747772217,3294.8318619170022
9265.0,9.52197551727295,2.4239799976348877,3295.1476293250016
9266.0,23.522672653198242,3.8351919651031494,3295.4491377390077
9267.0,22.345678329467773,4.053432464599609,3295.7641542670026
9268.0,9.749166488647461,2.215331554412842,3296.1014578130125
9269.0,59.83294677734375,6.475439071655273,3296.4296071710123
9270.0,15.286531448364258,3.049614191055298,3296.7803724430123
9271.0,13.17557144165039,2.6519687175750732,3297.0857757800113
9272.0,5.580741882324219,1.438608169555664,3297.3890720050113
9273.0,33.08290481567383,4.844285488128662,3297.7191611770104
9274.0,23.2927303314209,4.169338703155518,3298.049462616007
9275.0,22.24667739868164,3.930910110473633,3298.4679257420066
9276.0,8.72695541381836,2.3711049556732178,3298.7935719300003
9277.0,5.615418434143066,1.4741464853286743,3299.0951362800115
9278.0,27.541156768798828,4.302942752838135,3299.394303838999
9279.0,8.632204055786133,2.2368249893188477,3299.692911916005
9280.0,11.430925369262695,2.293318271636963,3300.0050300160074
9281.0,5.807704925537109,1.6158660650253296,3300.313851842002
9282.0,6.3495612144470215,1.5048660039901733,3300.597014916013
9283.0,10.7858304977417,2.471365451812744,3300.868785315004
9284.0,4.132219314575195,1.0021415948867798,3301.1502047910035
9285.0,25.875877380371094,4.767708778381348,3301.4526459530025
9286.0,20.86286163330078,4.182251453399658,3301.7454487360083
9287.0,15.706336975097656,4.022039413452148,3302.046256008005
9288.0,18.966873168945312,4.0065155029296875,3302.3381527360034
9289.0,25.253738403320312,3.979827642440796,3302.6147442820075
9290.0,6.87246561050415,2.0183780193328857,3302.897920207004
9291.0,12.394829750061035,2.3500747680664062,3303.2174547890027
9292.0,7.348017692565918,1.877984881401062,3303.5085507740005
9293.0,28.14628028869629,4.7270121574401855,3303.803553775011
9294.0,36.755374908447266,5.875392913818359,3304.092439303
9295.0,35.905067443847656,4.975521564483643,3304.389321016002
9296.0,11.091147422790527,2.6859130859375,3304.679546216008
9297.0,7.787358283996582,1.9249863624572754,3305.0386888670037
9298.0,11.935035705566406,2.8941338062286377,3305.3343317030085
9299.0,30.698179244995117,4.814236164093018,3305.624996836006
9300.0,6.028336048126221,1.416378140449524,3305.9179134100123
9301.0,16.34395408630371,2.770228147506714,3312.261999455004
9302.0,5.004136085510254,1.5107781887054443,3312.566203444003
9303.0,10.940384864807129,3.1203622817993164,3312.8945029580063
9304.0,8.009979248046875,1.5405561923980713,3313.2050729910115
9305.0,19.286239624023438,3.7521042823791504,3313.497002151009
9306.0,5.934361457824707,1.5230592489242554,3313.8091805440054
9307.0,6.747644901275635,1.5561424493789673,3314.1145501110004
9308.0,24.92962646484375,4.616962909698486,3314.446753029013
9309.0,28.745410919189453,3.891753911972046,3314.7528919980105
9310.0,12.187667846679688,2.657604694366455,3315.0778415520035
9311.0,16.805448532104492,2.757667064666748,3315.3974756120006
9312.0,9.772367477416992,1.9740386009216309,3315.6781449660048
9313.0,25.267438888549805,4.039321422576904,3315.956209395008
9314.0,36.296871185302734,5.665183067321777,3316.274950234001
9315.0,5.943337917327881,1.5549566745758057,3316.5959888080106
9316.0,23.61897087097168,4.055490016937256,3316.919567287012
9317.0,26.003459930419922,4.072117328643799,3317.212954904011
9318.0,36.26640319824219,4.0318379402160645,3317.541725078001
9319.0,9.593832015991211,1.772788643836975,3317.8658015719993
9320.0,5.834529876708984,1.4825692176818848,3318.1858155400114
9321.0,4.433830738067627,1.1758440732955933,3318.4675604720105
9322.0,10.599027633666992,2.2056398391723633,3318.737961122999
9323.0,34.139102935791016,7.413792133331299,3319.023210596002
9324.0,17.817768096923828,3.388949155807495,3319.3332381440123
9325.0,6.355674743652344,1.5686309337615967,3319.625466051002
9326.0,45.808502197265625,6.399656295776367,3319.906115195001
9327.0,18.377758026123047,3.831716299057007,3320.2203619970096
9328.0,9.144611358642578,2.362863779067993,3320.523859760011
9329.0,26.976043701171875,5.00263786315918,3320.8277729020047
9330.0,18.39301300048828,3.4088246822357178,3321.1386058770004
9331.0,9.932796478271484,2.1544876098632812,3321.448240840007
9332.0,57.97959899902344,7.796914100646973,3321.7551504700095
9333.0,17.220497131347656,3.24591326713562,3322.0417544100055
9334.0,8.503385543823242,2.455329418182373,3322.3165852670063
9335.0,4.680392265319824,1.2595025300979614,3322.6065207770007
9336.0,7.597045421600342,1.9855496883392334,3322.8870273420034
9337.0,21.658370971679688,4.157975196838379,3323.213692780002
9338.0,26.880573272705078,5.144846439361572,3323.494587969006
9339.0,10.062887191772461,2.4618358612060547,3323.810235670011
9340.0,9.968467712402344,2.2648770809173584,3324.106239863002
9341.0,6.820187568664551,2.129342794418335,3324.3980506490043
9342.0,7.950966835021973,2.188978672027588,3324.674741144001
9343.0,7.690448760986328,1.7801481485366821,3324.952086767007
9344.0,6.386223793029785,1.5438551902770996,3325.236964530006
9345.0,4.918067455291748,1.2762552499771118,3325.5123625220003
9346.0,19.437355041503906,3.688289165496826,3325.7932345900044
9347.0,8.187359809875488,2.057582139968872,3326.0699224700074
9348.0,15.595884323120117,3.288442850112915,3326.3643347500038
9349.0,26.583171844482422,4.7487359046936035,3326.654587501005
9350.0,13.485931396484375,2.6433651447296143,3326.9413997090014
9351.0,14.511941909790039,2.7357685565948486,3327.2324374510063
9352.0,69.0896987915039,8.732385635375977,3327.5114288070035
9353.0,37.779945373535156,5.054999828338623,3327.784520704008
9354.0,5.180020332336426,1.3247807025909424,3328.075154222999
9355.0,34.114627838134766,5.2640485763549805,3328.3515167050064
9356.0,16.018211364746094,2.6388816833496094,3328.6434070820105
9357.0,5.3161163330078125,1.444513201713562,3328.9274404300086
9358.0,23.749427795410156,3.7746376991271973,3329.197025407004
9359.0,7.468811511993408,1.7985202074050903,3329.489510945001
9360.0,12.535021781921387,2.492915391921997,3329.7846119300084
9361.0,22.559825897216797,3.96614146232605,3330.0747918380075
9362.0,6.551942825317383,1.9406002759933472,3330.3642771980085
9363.0,10.323801040649414,2.2880001068115234,3330.6533664230083
9364.0,11.82138442993164,3.3492848873138428,3330.929996240011
9365.0,27.431617736816406,4.0877685546875,3331.228720039013
9366.0,10.476767539978027,2.454336166381836,3331.5302385660034
9367.0,4.615375518798828,1.3562936782836914,3331.836234540009
9368.0,8.503881454467773,2.055830717086792,3332.1225600550097
9369.0,19.832670211791992,4.168847560882568,3332.417159755001
9370.0,23.652820587158203,4.113519191741943,3332.7003558880097
9371.0,10.788047790527344,2.092301368713379,3333.004995850002
9372.0,17.78763198852539,3.203429937362671,3333.315676116006
9373.0,35.74687194824219,5.393310070037842,3333.6195025240013
9374.0,9.644869804382324,2.4159657955169678,3333.9059230590065
9375.0,6.121654033660889,1.592880129814148,3334.1924628910056
9376.0,22.5150089263916,4.287079811096191,3334.4724865580065
9377.0,14.851631164550781,2.690028429031372,3334.77185006901
9378.0,13.326560020446777,1.9648442268371582,3335.051054516007
9379.0,4.77025032043457,1.2256437540054321,3335.3369542800065
9380.0,13.696432113647461,2.3294243812561035,3335.62778880501
9381.0,40.846988677978516,4.335585594177246,3335.92061056901
9382.0,15.641441345214844,2.6363108158111572,3336.221397477013
9383.0,29.9805850982666,4.258084774017334,3336.535401953006
9384.0,7.295942783355713,1.7581532001495361,3336.8331990680017
9385.0,7.216115951538086,1.808606505393982,3337.137498438009
9386.0,8.646564483642578,2.5452122688293457,3337.418340356002
9387.0,12.567342758178711,3.014444589614868,3337.7133649700118
9388.0,20.80785369873047,4.05903959274292,3337.98374809901
9389.0,6.043513298034668,1.8262841701507568,3338.2782648460125
9390.0,6.701230525970459,1.3575435876846313,3338.568994645
9391.0,36.15642547607422,4.779473304748535,3338.86115635201
9392.0,35.96723175048828,4.4549055099487305,3339.1602138680028
9393.0,10.149612426757812,2.0710415840148926,3339.447175469002
9394.0,14.611292839050293,3.0328688621520996,3339.7271157070063
9395.0,24.414276123046875,3.7465693950653076,3340.0073845430015
9396.0,27.023860931396484,4.476649284362793,3340.290022052999
9397.0,21.8966064453125,3.6068477630615234,3340.595742784004
9398.0,21.20071029663086,4.123032093048096,3340.907365228006
9399.0,5.337497711181641,1.287580966949463,3341.203426806009
9400.0,13.351604461669922,2.7035133838653564,3341.511926118008
9401.0,27.705062866210938,4.207231044769287,3347.32940812
9402.0,37.900794982910156,7.421690464019775,3347.6236070310115
9403.0,12.474372863769531,2.152866840362549,3347.9670878530014
9404.0,39.282840728759766,4.977015972137451,3348.263720107003
9405.0,8.728598594665527,2.0872066020965576,3348.5854749540013
9406.0,13.760631561279297,2.512845516204834,3348.8756041040033
9407.0,16.24509048461914,2.79221773147583,3349.154680251013
9408.0,15.537137985229492,2.7929606437683105,3349.4378996300075
9409.0,6.943403720855713,1.6185368299484253,3349.7359650380095
9410.0,32.76675033569336,4.62965202331543,3350.0023933870107
9411.0,12.507579803466797,3.155003547668457,3350.29151335801
9412.0,5.816245079040527,1.4072762727737427,3350.5719906390004
9413.0,9.677534103393555,2.3870456218719482,3350.8449733430025
9414.0,2.8821232318878174,0.7010960578918457,3351.119291176001
9415.0,9.493707656860352,1.9993599653244019,3351.3953038820036
9416.0,26.912174224853516,4.587716102600098,3351.6851734230004
9417.0,7.5706467628479,2.029376268386841,3351.9660590310086
9418.0,6.04808235168457,1.8156250715255737,3352.2989760720084
9419.0,16.048690795898438,2.815826416015625,3352.588668127006
9420.0,68.65113830566406,7.8447442054748535,3352.8940326890006
9421.0,26.35894775390625,4.126644611358643,3353.2267687290005
9422.0,18.578590393066406,3.241909980773926,3353.5327406770084
9423.0,16.517601013183594,4.152514934539795,3353.835958970012
9424.0,14.323465347290039,2.683516025543213,3354.1208363680053
9425.0,60.86162185668945,6.701331615447998,3354.433527623012
9426.0,11.405797958374023,2.5212857723236084,3354.7212122820056
9427.0,27.908306121826172,4.438994884490967,3355.011783075999
9428.0,44.67610168457031,5.198164939880371,3355.281573021013
9429.0,4.757678031921387,1.2193913459777832,3355.564924987004
9430.0,12.131467819213867,2.6279423236846924,3355.839449979001
9431.0,28.909082412719727,4.689757823944092,3356.1293760850094
9432.0,15.779690742492676,3.0243468284606934,3356.412968432007
9433.0,14.585443496704102,2.8728268146514893,3356.6875713730115
9434.0,47.23569869995117,6.188519477844238,3356.987452816
9435.0,29.095170974731445,4.802309989929199,3357.2732989060023
9436.0,7.164395809173584,1.9596171379089355,3357.559046831011
9437.0,12.305511474609375,2.8433218002319336,3357.845608297008
9438.0,10.422037124633789,2.540803909301758,3358.14256511
9439.0,9.618668556213379,2.1763222217559814,3358.430039443003
9440.0,10.673688888549805,2.3576879501342773,3358.7325771210017
9441.0,7.189002513885498,1.6606135368347168,3359.0146225060016
9442.0,8.69041919708252,2.303180456161499,3359.3121635490097
9443.0,33.29414367675781,3.8085644245147705,3359.611975024003
9444.0,25.665573120117188,4.766758441925049,3359.8975668030034
9445.0,33.048770904541016,4.27891731262207,3360.1802466780064
9446.0,24.284854888916016,3.6990363597869873,3360.475563853004
9447.0,14.554129600524902,2.811506748199463,3360.753642049007
9448.0,19.666584014892578,3.609550714492798,3361.0371370030043
9449.0,7.230624675750732,1.7842657566070557,3361.3300502300117
9450.0,22.990047454833984,3.7446906566619873,3361.611208401009
9451.0,12.517654418945312,2.81528377532959,3361.908629898011
9452.0,9.534627914428711,1.9958832263946533,3362.1847721850063
9453.0,15.916122436523438,3.771538019180298,3362.4911025090114
9454.0,6.899139404296875,1.5845751762390137,3362.7669325300085
9455.0,5.396127700805664,1.2648980617523193,3363.038031021002
9456.0,16.032358169555664,2.9344170093536377,3363.3410956570006
9457.0,22.757465362548828,4.290960788726807,3363.6341537310072
9458.0,13.755777359008789,2.5972328186035156,3363.9059518020076
9459.0,24.98630142211914,4.1370673179626465,3364.201708837005
9460.0,8.756441116333008,1.9852080345153809,3364.48223988901
9461.0,10.301414489746094,2.4996542930603027,3364.761006523011
9462.0,14.861287117004395,2.741372585296631,3365.038113432005
9463.0,5.355043411254883,1.6045886278152466,3365.321552638008
9464.0,19.133159637451172,3.403172016143799,3365.612300730005
9465.0,18.8207950592041,2.893526077270508,3365.9043387060083
9466.0,38.379737854003906,5.909183502197266,3366.1964665080013
9467.0,18.486982345581055,3.040297031402588,3366.4830783170037
9468.0,5.070300102233887,1.4844372272491455,3366.7788880670123
9469.0,6.515580177307129,1.5262603759765625,3367.0656110830023
9470.0,15.891481399536133,3.4037063121795654,3367.3556103220035
9471.0,46.88177490234375,7.2342939376831055,3367.641461932013
9472.0,12.360785484313965,2.6391069889068604,3367.920630425011
9473.0,23.834617614746094,3.9008140563964844,3368.2013822860026
9474.0,5.3002119064331055,1.4817475080490112,3368.483509646001
9475.0,27.077041625976562,3.9441168308258057,3368.7595287410077
9476.0,50.232078552246094,6.554288864135742,3369.0334321510018
9477.0,13.406208038330078,3.065110445022583,3369.31673586501
9478.0,10.309408187866211,2.3131587505340576,3369.614339136009
9479.0,15.466226577758789,3.398008108139038,3369.89461420101
9480.0,4.184537887573242,1.1213592290878296,3370.204678107999
9481.0,20.577598571777344,3.4717025756835938,3370.5010051520076
9482.0,15.886069297790527,3.2113544940948486,3370.792615192011
9483.0,9.512398719787598,1.8107963800430298,3371.067804660008
9484.0,4.02677583694458,1.1196376085281372,3371.352985400008
9485.0,15.245052337646484,2.7974674701690674,3371.636398793009
9486.0,13.399429321289062,3.7508606910705566,3371.9137310900114
9487.0,14.797257423400879,2.9010043144226074,3372.213806439002
9488.0,13.638307571411133,3.7004265785217285,3372.5201768120023
9489.0,32.36537170410156,4.748647212982178,3372.8399888450076
9490.0,14.628743171691895,3.336578130722046,3373.120753446012
9491.0,14.197986602783203,2.7370765209198,3373.423519412012
9492.0,13.260412216186523,2.402954578399658,3373.7068547180097
9493.0,7.974079132080078,2.205108642578125,3373.992968172999
9494.0,17.684818267822266,3.187386989593506,3374.284431133012
9495.0,6.833706855773926,1.7853996753692627,3374.593278131011
9496.0,32.450687408447266,5.023134231567383,3374.90233613101
9497.0,6.912199974060059,1.8137719631195068,3375.2053252550104
9498.0,31.006784439086914,5.017170429229736,3375.499508863999
9499.0,12.879043579101562,3.070751190185547,3375.772009078006
9500.0,11.195330619812012,2.362332820892334,3376.0645610100037
9501.0,8.152523040771484,2.0014073848724365,3382.2543985340017
9502.0,7.188659191131592,1.6016027927398682,3382.5314894850017
9503.0,8.166657447814941,1.9841164350509644,3382.803105496001
9504.0,5.488029479980469,1.5208901166915894,3383.079011231006
9505.0,25.872726440429688,4.120728492736816,3383.370246712002
9506.0,26.87189483642578,4.245832920074463,3383.6667912400007
9507.0,7.366941452026367,1.698543667793274,3383.952851452006
9508.0,6.688563823699951,1.49839448928833,3384.2391275750124
9509.0,20.714380264282227,3.9754490852355957,3384.5273628690047
9510.0,15.032923698425293,3.672642946243286,3384.8022882610094
9511.0,33.68182373046875,5.310185432434082,3385.1096429050085
9512.0,19.891254425048828,3.991071939468384,3385.402249062012
9513.0,7.114232063293457,1.7117397785186768,3385.6992994419998
9514.0,4.846539497375488,1.1717768907546997,3386.0072759270115
9515.0,28.735681533813477,4.376076698303223,3386.3112941770087
9516.0,15.906755447387695,2.9318721294403076,3386.610444582009
9517.0,12.776426315307617,3.181929111480713,3386.9028563180036
9518.0,6.3919358253479,1.4810888767242432,3387.201378405007
9519.0,59.36540222167969,7.577080726623535,3387.4844348629995
9520.0,4.456779479980469,1.262450933456421,3387.7622205070074
9521.0,7.905181884765625,2.030602216720581,3388.049168428013
9522.0,11.036949157714844,2.310767412185669,3388.3298085620045
9523.0,4.792724609375,1.175730586051941,3388.6149381920113
9524.0,6.405864715576172,1.388015866279602,3388.894069864007
9525.0,19.809886932373047,3.577427864074707,3389.1814097730094
9526.0,12.77570629119873,2.460772752761841,3389.4680544840085
9527.0,30.73096466064453,4.043311595916748,3389.7513466340024
9528.0,38.16788101196289,5.112788677215576,3390.055509193
9529.0,25.07857322692871,4.368589878082275,3390.344774144003
9530.0,9.956794738769531,2.351876974105835,3390.6449714970076
9531.0,19.490222930908203,3.847385883331299,3390.9303191530053
9532.0,17.142974853515625,2.399562358856201,3391.2262657020037
9533.0,13.559618949890137,2.7870967388153076,3391.5163740240096
9534.0,10.072251319885254,2.5682218074798584,3391.8068315540004
9535.0,40.83826446533203,6.429688930511475,3392.102805620001
9536.0,7.070487976074219,1.853052020072937,3392.42381657401
9537.0,8.437546730041504,2.154939889907837,3392.715441848006
9538.0,12.996262550354004,2.4528627395629883,3392.997591411011
9539.0,15.746288299560547,2.9159204959869385,3393.2905943710066
9540.0,9.901333808898926,2.1375176906585693,3393.569779592013
9541.0,7.264795303344727,1.5495237112045288,3393.8401534990116
9542.0,7.515429496765137,1.9315377473831177,3394.1172418320057
9543.0,9.47873306274414,1.976853609085083,3394.4171658070118
9544.0,4.705841064453125,1.1741573810577393,3394.7059517710004
9545.0,124.18130493164062,12.751425743103027,3394.989457918011
9546.0,13.349668502807617,2.7941246032714844,3395.263816073013
9547.0,13.963176727294922,3.1444108486175537,3395.5427960119996
9548.0,70.42420959472656,12.782918930053711,3395.8246292580006
9549.0,97.1566390991211,10.513586044311523,3396.116534547007
9550.0,9.543197631835938,2.367370367050171,3396.4064913850016
9551.0,76.20466613769531,13.38137435913086,3396.705622371999
9552.0,19.92582130432129,3.3125832080841064,3397.005109582009
9553.0,27.921302795410156,4.576786994934082,3397.2834488400113
9554.0,7.667435646057129,1.4645034074783325,3397.563461021011
9555.0,12.3848876953125,2.8855347633361816,3397.8506231780048
9556.0,22.107967376708984,3.7848055362701416,3398.123403622012
9557.0,28.774211883544922,4.091702938079834,3398.4139467450004
9558.0,16.529468536376953,3.0009989738464355,3398.7165094400116
9559.0,31.592334747314453,5.047598361968994,3399.0001424340007
9560.0,132.90243530273438,16.623409271240234,3399.285599148003
9561.0,9.454580307006836,2.082397699356079,3399.568531514
9562.0,12.13400650024414,2.7382662296295166,3399.868042289003
9563.0,19.89946746826172,3.8684029579162598,3400.182596966013
9564.0,68.94412231445312,7.064316272735596,3400.467519737009
9565.0,5.367975234985352,1.495067834854126,3400.7387315750093
9566.0,9.243905067443848,1.8090728521347046,3401.0084476310003
9567.0,6.803493499755859,1.7945384979248047,3401.286387819011
9568.0,5.369346618652344,1.422003984451294,3401.5602099020034
9569.0,5.606231212615967,1.657096266746521,3401.8331827380025
9570.0,3.2718982696533203,0.9560567736625671,3402.1204943860066
9571.0,11.150226593017578,3.004194974899292,3402.4541683670104
9572.0,18.63161849975586,3.6659443378448486,3402.7579908290063
9573.0,7.412673473358154,1.8073625564575195,3403.047230220007
9574.0,5.321451187133789,1.3298887014389038,3403.3968413750117
9575.0,6.396269798278809,1.8205673694610596,3403.726809644999
9576.0,7.76692533493042,1.9977015256881714,3404.133587189004
9577.0,87.62413787841797,11.19969367980957,3404.4394060560007
9578.0,14.379985809326172,3.013498306274414,3404.7116208700027
9579.0,12.648412704467773,2.9068374633789062,3404.9890781850117
9580.0,6.3583903312683105,1.7867090702056885,3405.283775752003
9581.0,25.020469665527344,4.757160663604736,3405.5727643370046
9582.0,22.443546295166016,3.200490951538086,3405.8567429380055
9583.0,13.453536987304688,2.7301113605499268,3406.136492427002
9584.0,18.03780174255371,2.960829019546509,3406.4420232480043
9585.0,15.910721778869629,2.226794958114624,3406.7337695490132
9586.0,3.991955518722534,0.9463489651679993,3407.0214089090005
9587.0,36.91255187988281,4.641238689422607,3407.330578460009
9588.0,7.438946723937988,1.886811375617981,3407.654726632012
9589.0,91.88582611083984,11.292991638183594,3407.973985073011
9590.0,11.750445365905762,2.537747859954834,3408.2650443599996
9591.0,13.43818187713623,2.8683271408081055,3408.546589923004
9592.0,6.617175102233887,1.7457854747772217,3408.83497832001
9593.0,15.186689376831055,2.7622601985931396,3409.159566044007
9594.0,13.185596466064453,2.3762478828430176,3409.453635959013
9595.0,12.91375732421875,2.645702838897705,3409.742688890008
9596.0,21.890499114990234,3.6960349082946777,3410.03742175801
9597.0,20.059528350830078,3.7531464099884033,3410.3361308510066
9598.0,6.226956844329834,1.6324102878570557,3410.641984562011
9599.0,17.669193267822266,2.9242260456085205,3410.9266569169995
9600.0,6.42825174331665,1.4609376192092896,3411.201227051002
9601.0,121.76526641845703,12.307011604309082,3417.226837456008
9602.0,9.425485610961914,1.820684552192688,3417.5217828020104
9603.0,5.2453413009643555,1.4045159816741943,3417.8085876200057
9604.0,8.69467544555664,2.3250951766967773,3418.0985876510094
9605.0,7.1857123374938965,2.1783297061920166,3418.395549606008
9606.0,19.041690826416016,3.099458932876587,3418.6759198479995
9607.0,7.783496856689453,1.99601411819458,3418.951053594006
9608.0,4.927006244659424,1.3069380521774292,3419.2449027930124
9609.0,6.381360054016113,1.8758490085601807,3419.534790043006
9610.0,12.512051582336426,2.6036555767059326,3419.8264879800117
9611.0,4.805758476257324,1.2636176347732544,3420.1055047130067
9612.0,11.731483459472656,2.2709248065948486,3420.393982492009
9613.0,5.550905704498291,1.2885091304779053,3420.6759766350006
9614.0,8.432138442993164,1.830445408821106,3420.9599036910076
9615.0,17.722618103027344,3.0106863975524902,3421.253497883008
9616.0,9.489428520202637,2.589953899383545,3421.568809438002
9617.0,8.799579620361328,2.2644248008728027,3421.854918504003
9618.0,24.92007064819336,4.747389793395996,3422.1479328720015
9619.0,6.720217704772949,1.733365774154663,3422.4217828200053
9620.0,22.41629409790039,4.383275508880615,3422.69289354801
9621.0,11.833317756652832,2.7328708171844482,3422.9805615570076
9622.0,30.36408233642578,5.340848922729492,3423.2601776369993
9623.0,28.894771575927734,4.131702423095703,3423.558631431006
9624.0,5.811394691467285,1.3022053241729736,3423.8343525160017
9625.0,17.093284606933594,3.4797613620758057,3424.128702324
9626.0,5.736644744873047,1.3718714714050293,3424.413597139006
9627.0,54.35173797607422,6.791903018951416,3424.710410055006
9628.0,15.528709411621094,2.943953514099121,3424.9902238070063
9629.0,13.507623672485352,3.0717575550079346,3425.304611667001
9630.0,5.32712459564209,1.379051685333252,3425.6070499400084
9631.0,11.479738235473633,2.797236680984497,3425.902210381013
9632.0,32.15910339355469,4.160037994384766,3426.193396666
9633.0,4.039032459259033,1.1629542112350464,3426.4919259720045
9634.0,55.40407943725586,7.868043422698975,3426.7711272310116
9635.0,7.816092491149902,1.9014211893081665,3427.0406253500114
9636.0,16.428298950195312,3.930833339691162,3427.331264446999
9637.0,13.25042724609375,3.5100531578063965,3427.6065624510084
9638.0,14.895423889160156,2.834841012954712,3427.90051216101
9639.0,19.587608337402344,3.6266613006591797,3428.1871809820004
9640.0,18.40131378173828,3.2583067417144775,3428.4672586720117
9641.0,21.13138771057129,3.8510797023773193,3428.74666455001
9642.0,26.690114974975586,4.317379474639893,3429.019830382007
9643.0,6.37222146987915,1.6192245483398438,3429.305176742011
9644.0,5.51775598526001,1.3302788734436035,3429.581560908002
9645.0,11.110275268554688,2.0558252334594727,3429.8689454240084
9646.0,13.540117263793945,3.0078983306884766,3430.1583928730106
9647.0,4.389646530151367,1.0967987775802612,3430.4372271470056
9648.0,14.348691940307617,2.9685444831848145,3430.7214775380126
9649.0,18.084821701049805,2.6228671073913574,3431.0173079170054
9650.0,13.92093276977539,3.357286214828491,3431.296193867005
9651.0,22.95052719116211,4.489602565765381,3431.5851084270107
9652.0,5.374665260314941,1.5045396089553833,3431.8736085130076
9653.0,14.42837142944336,2.7731926441192627,3432.170496390012
9654.0,14.429793357849121,3.4064223766326904,3432.461474602009
9655.0,20.952972412109375,3.7843730449676514,3432.7344345480087
9656.0,6.384127616882324,1.712325930595398,3433.0200118190114
9657.0,7.937507629394531,1.679129958152771,3433.306490301009
9658.0,16.25368881225586,3.169764518737793,3433.600341948011
9659.0,15.913799285888672,3.064089059829712,3433.891073371007
9660.0,18.569461822509766,3.1714789867401123,3434.1704353800014
9661.0,44.58123779296875,6.3672990798950195,3434.461370214005
9662.0,26.31084442138672,4.305222511291504,3434.765141353011
9663.0,19.52096939086914,3.6729516983032227,3435.0468129580113
9664.0,20.293386459350586,3.565826416015625,3435.337946177009
9665.0,62.53841781616211,7.10373067855835,3435.6540746790124
9666.0,26.001441955566406,4.2054643630981445,3435.9245276930014
9667.0,11.625249862670898,2.6846048831939697,3436.2038883839996
9668.0,31.66498374938965,4.902937412261963,3436.5011603270104
9669.0,11.745107650756836,2.3366427421569824,3436.7954719830013
9670.0,14.561829566955566,3.231973886489868,3437.0949225030054
9671.0,4.795858383178711,1.2478493452072144,3437.3843569890014
9672.0,13.625359535217285,2.77294659614563,3437.678825019
9673.0,13.602973937988281,2.970407009124756,3437.969570115005
9674.0,23.613056182861328,3.8470799922943115,3438.2506131940027
9675.0,6.722851753234863,1.711600422859192,3438.549812793004
9676.0,21.902965545654297,3.5223090648651123,3438.8434642470093
9677.0,14.639533996582031,2.4612927436828613,3439.1404074650054
9678.0,28.903181076049805,5.017690181732178,3439.4309406450047
9679.0,6.162378311157227,1.6868736743927002,3439.7195525900024
9680.0,10.693482398986816,2.1746716499328613,3440.0067698420025
9681.0,12.999002456665039,3.2154767513275146,3440.293352477005
9682.0,19.67919921875,3.478609323501587,3440.574221808012
9683.0,25.751054763793945,2.8894197940826416,3440.8639104800095
9684.0,25.56094741821289,4.320680618286133,3441.1655175360065
9685.0,11.514110565185547,2.249154567718506,3441.466918031001
9686.0,8.637006759643555,2.018592596054077,3441.764426891008
9687.0,13.409124374389648,2.7084109783172607,3442.049705730009
9688.0,16.27471160888672,2.7083702087402344,3442.355092738013
9689.0,34.01970291137695,5.276971817016602,3442.6495211520087
9690.0,10.192697525024414,2.446197748184204,3442.942254463007
9691.0,10.462603569030762,2.222034215927124,3443.244351539004
9692.0,96.46041870117188,10.205148696899414,3443.529399600011
9693.0,6.616888523101807,1.4794816970825195,3443.8366936520033
9694.0,29.21857452392578,5.117247104644775,3444.1174312270014
9695.0,67.27922058105469,8.459321022033691,3444.400129738002
9696.0,24.036495208740234,3.529442310333252,3444.692594759006
9697.0,25.247669219970703,3.604140520095825,3444.981624582011
9698.0,30.821727752685547,4.717281341552734,3445.277331478006
9699.0,48.7579460144043,8.857145309448242,3445.5552084810042
9700.0,81.29275512695312,8.197092056274414,3445.8453611830046
9701.0,20.085800170898438,3.4723024368286133,3451.864629682008
9702.0,10.661652565002441,2.3681421279907227,3452.150038341002
9703.0,8.52549934387207,1.8778266906738281,3452.4313177680015
9704.0,10.424569129943848,2.3473145961761475,3452.7112782760087
9705.0,63.69603729248047,8.544424057006836,3453.019830297999
9706.0,13.851396560668945,2.5222668647766113,3453.293232533004
9707.0,25.379806518554688,3.705052375793457,3453.5979276510043
9708.0,4.264407157897949,1.1495829820632935,3453.8773456630006
9709.0,4.740859508514404,1.2345867156982422,3454.1684770650027
9710.0,7.264090538024902,1.8400601148605347,3454.4593779240095
9711.0,8.975700378417969,2.2172954082489014,3454.745936944004
9712.0,6.001075267791748,1.4546326398849487,3455.0370190370013
9713.0,29.694190979003906,5.249778747558594,3455.3183347410086
9714.0,5.616312026977539,1.7264572381973267,3455.5952153260005
9715.0,5.3763813972473145,1.4656563997268677,3455.894315450001
9716.0,18.582061767578125,3.9214582443237305,3456.1960380600067
9717.0,16.22353172302246,3.0728578567504883,3456.5145030179992
9718.0,10.930876731872559,2.6467440128326416,3456.835510465011
9719.0,6.908605575561523,1.386151671409607,3457.146510414008
9720.0,13.976913452148438,3.0042498111724854,3457.436175097013
9721.0,32.66921615600586,4.887877464294434,3457.7125757700123
9722.0,8.155587196350098,1.8947911262512207,3458.0183093230007
9723.0,16.751155853271484,3.1706600189208984,3458.2984592819994
9724.0,17.56696891784668,3.1280670166015625,3458.592607316008
9725.0,19.49924087524414,3.248286724090576,3458.9056797939993
9726.0,5.257925033569336,1.3095682859420776,3459.2000678110053
9727.0,2.6189212799072266,0.677008867263794,3459.482680113011
9728.0,5.417288780212402,1.3192123174667358,3459.7612470130116
9729.0,2.665040969848633,0.7519375681877136,3460.047310624999
9730.0,40.520843505859375,5.686383247375488,3460.3403244670044
9731.0,8.81582260131836,2.151132822036743,3460.6196127410076
9732.0,13.610234260559082,2.1971709728240967,3460.9109844260092
9733.0,7.943992614746094,2.3784890174865723,3461.2077635120077
9734.0,19.558128356933594,3.469949245452881,3461.50141566401
9735.0,55.1453971862793,6.468964099884033,3461.780719346003
9736.0,7.791416645050049,1.9505423307418823,3462.083887359011
9737.0,13.449012756347656,3.495412826538086,3462.387480550009
9738.0,14.197653770446777,2.629727602005005,3462.694128921008
9739.0,20.655622482299805,3.7032551765441895,3462.9840090940124
9740.0,23.966184616088867,3.9100964069366455,3463.275820518
9741.0,22.17131805419922,5.745911121368408,3463.5627268259996
9742.0,14.64439582824707,2.9798874855041504,3463.851351805002
9743.0,18.728757858276367,3.3325209617614746,3464.1342972830025
9744.0,12.80375862121582,2.9884822368621826,3464.445185700999
9745.0,27.90003204345703,4.6495771408081055,3464.7370645730116
9746.0,38.399803161621094,3.732710838317871,3465.0383027260104
9747.0,34.230472564697266,5.345711708068848,3465.3545989250124
9748.0,40.246971130371094,8.361322402954102,3465.6415457190014
9749.0,6.453164100646973,1.5722463130950928,3465.9480709870113
9750.0,8.1926851272583,1.8933849334716797,3466.2608025480004
9751.0,20.715152740478516,3.1442370414733887,3466.553272535006
9752.0,9.45090389251709,2.184893846511841,3466.8471879810095
9753.0,74.89836883544922,8.60480785369873,3467.145257081007
9754.0,7.011163711547852,1.800941824913025,3467.448748726005
9755.0,10.545415878295898,2.461026191711426,3467.747627523
9756.0,6.224909782409668,1.483819603919983,3468.0436916420003
9757.0,7.091443061828613,1.949416160583496,3468.364961735002
9758.0,17.330646514892578,3.0617010593414307,3468.6544848060003
9759.0,4.366624355316162,1.216231346130371,3468.9491261549992
9760.0,21.68212890625,4.729252338409424,3469.244171229002
9761.0,19.325956344604492,3.5324652194976807,3469.538162789002
9762.0,21.216678619384766,3.926755666732788,3469.820669602006
9763.0,13.144159317016602,2.901197910308838,3470.115510306001
9764.0,20.415956497192383,4.496949672698975,3470.425413528006
9765.0,4.1236395835876465,1.1752710342407227,3470.7351421700005
9766.0,7.586690902709961,2.138547897338867,3471.019220323011
9767.0,5.613636016845703,1.4176349639892578,3471.306681358008
9768.0,16.959857940673828,3.11457896232605,3471.5999775750097
9769.0,16.02696418762207,3.28126859664917,3471.8813471250032
9770.0,11.665061950683594,2.5932154655456543,3472.161173192013
9771.0,101.701416015625,10.380632400512695,3472.455824648001
9772.0,13.088296890258789,2.343942165374756,3472.7574356640107
9773.0,6.490625858306885,1.7625948190689087,3473.048288508013
9774.0,8.844024658203125,1.948703646659851,3473.357374347004
9775.0,15.89509391784668,2.8744242191314697,3473.664523807005
9776.0,31.342117309570312,3.7320268154144287,3473.9496125190053
9777.0,13.037147521972656,2.709439516067505,3474.2433323389996
9778.0,80.74403381347656,10.566109657287598,3474.532248542004
9779.0,5.946649074554443,1.3554561138153076,3474.8400694360025
9780.0,25.950090408325195,4.289975166320801,3475.1525308980054
9781.0,5.318563938140869,1.4284743070602417,3475.4470668819995
9782.0,8.396078109741211,1.7667787075042725,3475.7331745980046
9783.0,29.112260818481445,4.521566390991211,3476.0072501380055
9784.0,10.823524475097656,2.516242265701294,3476.2938891410013
9785.0,5.711204528808594,1.3660264015197754,3476.5917414290016
9786.0,24.27532958984375,5.858182907104492,3476.8831583360006
9787.0,5.227922439575195,1.127336025238037,3477.164144171009
9788.0,23.730297088623047,3.7060530185699463,3477.4617014620017
9789.0,11.864542961120605,2.5220093727111816,3477.7684565750096
9790.0,9.547893524169922,1.8576412200927734,3478.0683289490116
9791.0,14.971630096435547,2.823523759841919,3478.401265612003
9792.0,52.58671569824219,10.220178604125977,3478.688797789
9793.0,5.231886863708496,1.346094012260437,3478.995356701009
9794.0,4.909167766571045,1.2403903007507324,3479.2897451180033
9795.0,29.979646682739258,4.555610179901123,3479.5818516920117
9796.0,79.22772216796875,9.747357368469238,3479.8679408200114
9797.0,25.98292350769043,3.6495273113250732,3480.1708400790085
9798.0,14.527599334716797,2.9491751194000244,3480.4529654650105
9799.0,18.80721664428711,3.398301362991333,3480.7451709290035
9800.0,15.140913963317871,2.9731733798980713,3481.0173095830105
9801.0,23.625019073486328,4.247598171234131,3486.9533458990045
9802.0,12.403564453125,2.7030084133148193,3487.245425156012
9803.0,29.666690826416016,4.3819990158081055,3487.5579800090054
9804.0,8.609428405761719,2.243659496307373,3487.8517534980056
9805.0,16.90904998779297,3.2921876907348633,3488.1382934640133
9806.0,7.992964267730713,2.130760669708252,3488.4203703370003
9807.0,22.40479850769043,4.086246967315674,3488.703304573006
9808.0,5.158492088317871,1.3900638818740845,3488.992830801013
9809.0,16.155000686645508,3.133425712585449,3489.306687731005
9810.0,10.949604034423828,1.8187243938446045,3489.6183905729995
9811.0,8.996252059936523,2.0601654052734375,3489.8959603070107
9812.0,9.868621826171875,2.0542047023773193,3490.1903560400096
9813.0,8.862641334533691,2.213625431060791,3490.485546461001
9814.0,14.265960693359375,2.041229724884033,3490.790796814006
9815.0,11.025476455688477,3.1149213314056396,3491.077109186008
9816.0,10.532845497131348,2.2094879150390625,3491.3693242610025
9817.0,6.6081671714782715,1.9935888051986694,3491.662534333009
9818.0,4.226346015930176,1.05500328540802,3491.9669968590024
9819.0,31.53394317626953,4.773682594299316,3492.275924214002
9820.0,5.301764011383057,1.4520788192749023,3492.562485472008
9821.0,32.43352508544922,4.452523708343506,3492.869735621003
9822.0,23.086402893066406,3.6200954914093018,3493.154265078003
9823.0,7.476835250854492,1.811998724937439,3493.462176072004
9824.0,9.193984031677246,2.0574417114257812,3493.76080497801
9825.0,17.764514923095703,3.8516287803649902,3494.045098268005
9826.0,90.90446472167969,9.793632507324219,3494.350815290003
9827.0,10.229453086853027,2.6858341693878174,3494.654656041006
9828.0,10.783049583435059,2.8279342651367188,3494.9587492220016
9829.0,9.727531433105469,2.6787467002868652,3495.2335387750063
9830.0,7.048427581787109,2.0666377544403076,3495.5206041320052
9831.0,18.895580291748047,3.4306960105895996,3495.8183268010034
9832.0,7.1466450691223145,1.7944930791854858,3496.1492318620003
9833.0,18.301143646240234,3.4074792861938477,3496.4364314530103
9834.0,35.344730377197266,6.180205345153809,3496.721160842004
9835.0,5.435449123382568,1.3435567617416382,3497.028375452006
9836.0,21.988670349121094,3.306288957595825,3497.3392425760103
9837.0,5.547794818878174,1.3264180421829224,3497.6348564520013
9838.0,28.35991668701172,4.252256870269775,3497.9391107060073
9839.0,26.98839569091797,4.62239408493042,3498.223461321002
9840.0,4.629384517669678,1.2494919300079346,3498.509663249002
9841.0,34.577537536621094,4.401052474975586,3498.7994445030054
9842.0,32.01789855957031,4.866698741912842,3499.0917207950115
9843.0,10.547161102294922,2.150451421737671,3499.4052675010025
9844.0,36.54997634887695,5.474884510040283,3499.6882651199994
9845.0,19.14383316040039,3.1616156101226807,3500.000370562004
9846.0,60.68854522705078,11.114188194274902,3500.322260262008
9847.0,103.18155670166016,11.470977783203125,3500.6300000379997
9848.0,5.367753505706787,1.4670462608337402,3500.915194817004
9849.0,10.34383487701416,2.80656361579895,3501.2090262590064
9850.0,16.952898025512695,3.1309993267059326,3501.503845557003
9851.0,19.45413589477539,3.800211191177368,3501.7796733170107
9852.0,11.254087448120117,2.251556396484375,3502.053599303006
9853.0,11.781876564025879,2.515054702758789,3502.349939964013
9854.0,5.013652801513672,1.0536807775497437,3502.6492195090104
9855.0,13.137622833251953,2.977254629135132,3502.9254246190103
9856.0,29.956830978393555,5.325875282287598,3503.2272149420023
9857.0,15.917278289794922,3.0901050567626953,3503.503704157003
9858.0,4.443704128265381,1.2537188529968262,3503.797779893008
9859.0,14.030583381652832,2.952472448348999,3504.090906382
9860.0,32.48040771484375,4.838257312774658,3504.3920887870045
9861.0,6.1686553955078125,1.60921049118042,3504.701446240011
9862.0,14.82038688659668,3.0762829780578613,3504.998191823004
9863.0,10.017574310302734,2.164215564727783,3505.2848376370093
9864.0,13.74101734161377,2.629359006881714,3505.569445742003
9865.0,25.79696273803711,3.826014280319214,3505.8534411420114
9866.0,14.00113582611084,2.761526107788086,3506.1413448100066
9867.0,19.229881286621094,3.5559186935424805,3506.4211975120124
9868.0,25.01288604736328,3.9378349781036377,3506.694359071
9869.0,6.495494365692139,1.7678446769714355,3506.971964152006
9870.0,26.388900756835938,3.285983085632324,3507.2601303580013
9871.0,5.269621849060059,1.3453739881515503,3507.565728259011
9872.0,55.59882736206055,6.924406051635742,3507.8544513280067
9873.0,42.1863899230957,6.387539386749268,3508.149901689001
9874.0,10.045113563537598,2.234445571899414,3508.4565768710017
9875.0,18.102684020996094,3.692605972290039,3508.734411662008
9876.0,24.505931854248047,3.9787864685058594,3509.0342899660027
9877.0,9.012773513793945,1.8814294338226318,3509.327597233001
9878.0,7.767243385314941,2.0657448768615723,3509.6123318330065
9879.0,34.01267623901367,4.619482040405273,3509.898930511001
9880.0,26.703479766845703,4.952794075012207,3510.183401443006
9881.0,38.129600524902344,4.502681732177734,3510.4730938360008
9882.0,14.989324569702148,2.7044472694396973,3510.7816347640037
9883.0,10.99656867980957,2.5094194412231445,3511.0921807960112
9884.0,15.12750244140625,3.2136199474334717,3511.4239537820104
9885.0,18.812835693359375,3.372560501098633,3511.716082224011
9886.0,5.72152042388916,1.490845799446106,3512.018279945012
9887.0,22.12861442565918,4.176191329956055,3512.3240161010035
9888.0,14.500141143798828,2.7524561882019043,3512.619789704011
9889.0,64.24662780761719,7.629364967346191,3512.905651081004
9890.0,11.474750518798828,1.591638207435608,3513.1980385640054
9891.0,18.680498123168945,3.163383722305298,3513.514324156
9892.0,10.178071975708008,2.228811740875244,3513.8058193550096
9893.0,24.60716438293457,3.636455535888672,3514.1252354190074
9894.0,4.017765045166016,1.0351744890213013,3514.4686701950122
9895.0,14.24467658996582,2.6657378673553467,3514.7642049520073
9896.0,5.4266557693481445,1.245625615119934,3515.070035157012
9897.0,55.2346305847168,6.206984996795654,3515.374466636
9898.0,14.998737335205078,2.5761051177978516,3515.680234849002
9899.0,11.794206619262695,2.4150054454803467,3515.972288604011
9900.0,21.481163024902344,4.213680267333984,3516.2720019840053
9901.0,19.818920135498047,3.512970447540283,3522.2978623470117
9902.0,6.531306743621826,1.8546457290649414,3522.5925260840013
9903.0,5.846455097198486,1.3964630365371704,3522.906058362001
9904.0,19.923011779785156,3.3861677646636963,3523.2056644469994
9905.0,9.859761238098145,2.3196165561676025,3523.5078240500006
9906.0,13.728296279907227,3.2950172424316406,3523.798659692009
9907.0,35.368255615234375,6.241119384765625,3524.0754008760123
9908.0,10.60681438446045,2.8553593158721924,3524.3584406940063
9909.0,16.34707260131836,3.6452438831329346,3524.650074960009
9910.0,6.80450963973999,1.7033158540725708,3524.9388540930086
9911.0,25.16919708251953,3.936058759689331,3525.2213914530003
9912.0,7.656196594238281,2.1632132530212402,3525.5114599340013
9913.0,56.028202056884766,6.812711238861084,3525.8112562280003
9914.0,20.703105926513672,3.407010078430176,3526.1040531050094
9915.0,15.030069351196289,2.912846088409424,3526.4155603270046
9916.0,42.38346862792969,8.005328178405762,3526.7041674480133
9917.0,9.454574584960938,2.3372960090637207,3526.997736496007
9918.0,5.602416515350342,1.279301404953003,3527.316212269012
9919.0,24.13037109375,3.3857498168945312,3527.599276624009
9920.0,8.773954391479492,1.788844347000122,3527.886570822011
9921.0,10.259353637695312,2.354487657546997,3528.1848024000064
9922.0,3.5692665576934814,0.9897131323814392,3528.464151373002
9923.0,7.1301398277282715,1.825150728225708,3528.7556725370086
9924.0,24.6552734375,4.454302787780762,3529.053326931011
9925.0,40.006771087646484,4.860194683074951,3529.332737060002
9926.0,19.99311637878418,3.9235379695892334,3529.623815523999
9927.0,51.96022033691406,6.425248146057129,3529.9231634970056
9928.0,9.676361083984375,2.2979085445404053,3530.2343767690036
9929.0,29.993804931640625,4.44613790512085,3530.522076709007
9930.0,6.482488632202148,1.6970839500427246,3530.8093875660124
9931.0,7.960906982421875,1.8438345193862915,3531.093260365
9932.0,29.08738136291504,4.362360000610352,3531.4059071210067
9933.0,112.67662048339844,12.789449691772461,3531.7042281739996
9934.0,6.984128475189209,1.8482608795166016,3531.996246612005
9935.0,22.10870933532715,2.743253707885742,3532.2771668880014
9936.0,13.043578147888184,2.385511875152588,3532.574217936999
9937.0,20.676992416381836,3.7920379638671875,3532.8832962870074
9938.0,17.686120986938477,3.3112807273864746,3533.179466133006
9939.0,9.97327995300293,2.0059773921966553,3533.4705243120115
9940.0,14.73270034790039,3.048595905303955,3533.7691993410117
9941.0,42.202117919921875,5.793130874633789,3534.0585927570064
9942.0,19.965394973754883,3.2393152713775635,3534.3376703190006
9943.0,7.0668535232543945,1.5836310386657715,3534.629029380012
9944.0,17.049217224121094,3.27227783203125,3534.9011942360085
9945.0,6.34096097946167,1.403620958328247,3535.193894616008
9946.0,10.76132583618164,2.9150311946868896,3535.477186849006
9947.0,14.791240692138672,2.6953065395355225,3535.772762852008
9948.0,58.087646484375,6.14122200012207,3536.075226252011
9949.0,4.677396774291992,1.2731515169143677,3536.36516216601
9950.0,5.675487995147705,1.4847220182418823,3536.6643917710026
9951.0,14.525611877441406,3.1944024562835693,3536.951819596012
9952.0,47.523529052734375,6.221275329589844,3537.2379333920107
9953.0,8.490927696228027,2.117182493209839,3537.5423329170007
9954.0,10.463159561157227,2.40421199798584,3537.832390456999
9955.0,10.825470924377441,2.6743102073669434,3538.129634351004
9956.0,7.233271598815918,1.608779788017273,3538.4236586020124
9957.0,27.362201690673828,4.145281791687012,3538.7135540240124
9958.0,10.303243637084961,2.2952656745910645,3539.0241872550105
9959.0,5.367242813110352,1.6702079772949219,3539.329393658001
9960.0,7.189325332641602,2.142953634262085,3539.624827120002
9961.0,7.925865173339844,2.079319715499878,3539.9185934250127
9962.0,5.082303524017334,1.4224724769592285,3540.223706830002
9963.0,12.35566234588623,2.2715957164764404,3540.5124875280017
9964.0,9.201635360717773,2.0317466259002686,3540.8064362490113
9965.0,3.9126267433166504,0.9527841210365295,3541.078905813003
9966.0,4.7208123207092285,1.105852484703064,3541.362296516003
9967.0,8.093704223632812,1.9897291660308838,3541.655182958013
9968.0,4.90933895111084,1.150603175163269,3541.9396636560123
9969.0,6.9793701171875,2.2358250617980957,3542.2187181190093
9970.0,23.11952781677246,3.4276413917541504,3542.5115465240087
9971.0,33.49394989013672,3.9765892028808594,3542.811257656009
9972.0,4.52074670791626,1.1323760747909546,3543.0965309090097
9973.0,59.17621612548828,9.333661079406738,3543.382069296
9974.0,30.688993453979492,4.758878707885742,3543.6687785390095
9975.0,7.01350736618042,1.5295600891113281,3543.955366123002
9976.0,6.593142032623291,1.5195038318634033,3544.2415758640127
9977.0,9.792658805847168,2.604353189468384,3544.549802226
9978.0,8.177281379699707,2.050200939178467,3544.8533340870054
9979.0,14.601635932922363,3.1936073303222656,3545.1441462100047
9980.0,18.119903564453125,3.1388659477233887,3545.4537849920016
9981.0,12.495223999023438,2.5111634731292725,3545.747909516009
9982.0,5.794266700744629,1.3850419521331787,3546.061148477005
9983.0,24.824251174926758,4.1064276695251465,3546.360907980008
9984.0,5.468543529510498,1.5227460861206055,3546.636900946003
9985.0,28.82821273803711,4.57049560546875,3546.938098912011
9986.0,16.281185150146484,2.795952081680298,3547.2306481289997
9987.0,5.150423526763916,1.4361400604248047,3547.522451304001
9988.0,15.724679946899414,2.9721455574035645,3547.808125579002
9989.0,21.0565185546875,3.5838122367858887,3548.085317162011
9990.0,57.52383804321289,6.09467887878418,3548.3784529190016
9991.0,19.379505157470703,3.9737331867218018,3548.668624972008
9992.0,5.551100730895996,1.3752565383911133,3548.9461386640032
9993.0,5.832676887512207,1.4719796180725098,3549.244135059009
9994.0,25.72698974609375,4.427552700042725,3549.5302809730056
9995.0,20.858728408813477,3.4315879344940186,3549.8196399240114
9996.0,13.552155494689941,2.840125560760498,3550.106524917006
9997.0,32.534820556640625,5.061784744262695,3550.3922396850103
9998.0,24.431602478027344,3.8684825897216797,3550.676376360003
9999.0,19.182785034179688,3.723881483078003,3550.964730961001
10000.0,3.4253413677215576,0.8010480403900146,3551.269826339005
10001.0,4.93613862991333,1.1950565576553345,3557.541319410011
10002.0,38.33320999145508,5.381844997406006,3557.8335834470054
10003.0,9.731181144714355,1.9629615545272827,3558.1205090139993
10004.0,22.460092544555664,3.8463611602783203,3558.4106277500105
10005.0,7.833301544189453,2.061412811279297,3558.708986496
10006.0,8.152398109436035,1.9870963096618652,3558.9866992020106
10007.0,24.25079917907715,4.285655498504639,3559.2775186590006
10008.0,21.793426513671875,3.299468517303467,3559.5749612520012
10009.0,7.776897430419922,2.167017698287964,3559.8651702890056
10010.0,24.632007598876953,4.58742618560791,3560.1519012339995
10011.0,10.814146041870117,2.430138111114502,3560.4417394440097
10012.0,10.402326583862305,2.427825450897217,3560.7318982050056
10013.0,6.799230575561523,1.6545319557189941,3561.0427418330073
10014.0,10.633495330810547,2.3227107524871826,3561.3240311460104
10015.0,4.328670501708984,1.10809326171875,3561.6174189220037
10016.0,10.825969696044922,2.7703442573547363,3561.9080214010028
10017.0,5.8616943359375,1.4663082361221313,3562.1934588959994
10018.0,14.48482608795166,3.443655252456665,3562.4733936990087
10019.0,22.008028030395508,3.129199504852295,3562.756244357006
10020.0,31.08353042602539,3.6439332962036133,3563.042435855008
10021.0,5.274355411529541,1.2761425971984863,3563.3439561250125
10022.0,29.813697814941406,4.9392409324646,3563.6499270450004
10023.0,11.271848678588867,3.002657175064087,3563.9339666720043
10024.0,16.99457550048828,3.225663900375366,3564.2219586499996
10025.0,57.0296630859375,10.286023139953613,3564.5160373450053
10026.0,8.383232116699219,1.7153162956237793,3564.8163731370005
10027.0,15.018571853637695,2.182352304458618,3565.105123936999
10028.0,8.974051475524902,2.0100090503692627,3565.4161121780053
10029.0,6.430584907531738,1.5807157754898071,3565.7076462950063
10030.0,32.98393630981445,3.89909291267395,3565.9837205560034
10031.0,18.80560302734375,4.32838249206543,3566.2767800310103
10032.0,6.253211498260498,1.3951010704040527,3566.555633932003
10033.0,10.215533256530762,2.4344935417175293,3566.8469683210133
10034.0,11.559089660644531,2.396141290664673,3567.137194451003
10035.0,6.79731559753418,1.588332176208496,3567.430964062005
10036.0,11.664878845214844,2.38555645942688,3567.711947216012
10037.0,19.891817092895508,3.6372172832489014,3567.9927527020045
10038.0,14.770118713378906,3.461937189102173,3568.275421327009
10039.0,5.8235297203063965,1.3650699853897095,3568.59251853601
10040.0,17.51409149169922,3.054980516433716,3568.873567384013
10041.0,37.1510009765625,5.117798328399658,3569.166366755002
10042.0,7.424973964691162,1.8714818954467773,3569.467981413007
10043.0,68.18214416503906,11.327611923217773,3569.761426789002
10044.0,38.374027252197266,5.683874607086182,3570.051218433
10045.0,13.386255264282227,2.7191996574401855,3570.333783745009
10046.0,15.387544631958008,2.8708813190460205,3570.615837548001
10047.0,6.451040267944336,1.9599848985671997,3570.8970884900045
10048.0,89.17829132080078,8.762561798095703,3571.197013886005
10049.0,24.144268035888672,4.155767917633057,3571.477513524005
10050.0,15.891167640686035,3.4016330242156982,3571.7575729189994
10051.0,6.05975866317749,1.4696556329727173,3572.0407945410116
10052.0,10.234064102172852,2.410128355026245,3572.336845098005
10053.0,13.068178176879883,2.467801570892334,3572.627674219999
10054.0,10.745920181274414,2.599907159805298,3572.9107791240094
10055.0,33.17656707763672,5.312259197235107,3573.2014635040105
10056.0,4.345136642456055,1.024374008178711,3573.4845375170116
10057.0,12.470694541931152,2.305657386779785,3573.782425393001
10058.0,40.34797286987305,5.251943111419678,3574.076953093012
10059.0,14.708155632019043,3.931513786315918,3574.3808339120005
10060.0,12.141530990600586,2.816678047180176,3574.6694628950063
10061.0,10.275753021240234,2.2720584869384766,3574.9424308849993
10062.0,7.119149208068848,2.1498210430145264,3575.242778001004
10063.0,5.196623802185059,1.3510878086090088,3575.5363955870125
10064.0,34.173728942871094,5.164973735809326,3575.8208823560126
10065.0,11.598136901855469,3.0270237922668457,3576.1266824760096
10066.0,62.962947845458984,7.3987274169921875,3576.441250912001
10067.0,15.51860237121582,3.5612032413482666,3576.7234027550003
10068.0,8.831807136535645,2.291597366333008,3577.0142745420017
10069.0,26.69157600402832,5.148437976837158,3577.30808925601
10070.0,16.141040802001953,2.918043851852417,3577.603521559009
10071.0,35.454498291015625,5.514891624450684,3577.9032115080045
10072.0,7.679675102233887,1.6618553400039673,3578.1906894890126
10073.0,9.142935752868652,2.7630274295806885,3578.4816585690132
10074.0,23.126358032226562,3.9914565086364746,3578.7617245540023
10075.0,8.0474271774292,1.7234777212142944,3579.057205406003
10076.0,26.72434425354004,4.456298351287842,3579.331199344
10077.0,45.39472198486328,6.024755001068115,3579.609973777013
10078.0,10.013063430786133,2.4256534576416016,3579.9099992690026
10079.0,61.110164642333984,8.063568115234375,3580.186863591007
10080.0,98.55675506591797,10.747392654418945,3580.468051913005
10081.0,21.6625919342041,3.72015118598938,3580.7985133600014
10082.0,17.557689666748047,3.186772584915161,3581.0783511970076
10083.0,15.76010799407959,3.131373643875122,3581.355950450001
10084.0,9.972538948059082,2.2728629112243652,3581.660416632003
10085.0,10.260089874267578,2.252138614654541,3581.9496778650064
10086.0,25.518009185791016,4.532752990722656,3582.23122241901
10087.0,32.730133056640625,5.260861396789551,3582.5232587810024
10088.0,13.448745727539062,2.9480888843536377,3582.8037435290025
10089.0,8.741066932678223,2.31115984916687,3583.079100520001
10090.0,21.41393280029297,4.621589660644531,3583.3712656960124
10091.0,12.50157356262207,2.5590152740478516,3583.6603067130054
10092.0,9.134454727172852,2.6402242183685303,3583.9455059940083
10093.0,24.297653198242188,4.532635688781738,3584.2199496050016
10094.0,15.512920379638672,3.299631357192993,3584.496636901007
10095.0,31.717357635498047,5.138309478759766,3584.786888904011
10096.0,6.791062355041504,1.8879449367523193,3585.082365293012
10097.0,10.65975570678711,3.010132312774658,3585.3688155370037
10098.0,6.516674995422363,1.5395939350128174,3585.6554937520123
10099.0,15.707331657409668,2.7597970962524414,3585.9396741890087
10100.0,41.8286247253418,4.964324474334717,3586.23772254301
10101.0,20.354440689086914,3.938622236251831,3592.184032699006
10102.0,5.737133026123047,1.4675835371017456,3592.4631773540023
10103.0,23.903297424316406,3.9857630729675293,3592.76528675
10104.0,104.29874420166016,10.915018081665039,3593.0565585540025
10105.0,16.285390853881836,3.198246479034424,3593.3358254199993
10106.0,4.834831237792969,1.3120577335357666,3593.6375116370036
10107.0,28.36819839477539,4.113789081573486,3593.92943555901
10108.0,12.686111450195312,2.5391011238098145,3594.2076515250083
10109.0,92.41769409179688,8.3515625,3594.4820950010035
10110.0,8.604472160339355,2.4287474155426025,3594.7632116310124
10111.0,9.55909252166748,2.2546398639678955,3595.0511343370017
10112.0,17.48904800415039,3.297502279281616,3595.3436247260106
10113.0,5.387211799621582,1.3758643865585327,3595.643788116009
10114.0,21.620288848876953,3.6764731407165527,3595.928938146011
10115.0,5.210369110107422,1.3552711009979248,3596.2174961020064
10116.0,5.753652572631836,1.280189037322998,3596.513095303002
10117.0,12.406112670898438,2.5472562313079834,3596.806066903009
10118.0,52.826416015625,7.069103717803955,3597.092817102006
10119.0,10.990547180175781,3.157973051071167,3597.3885337620013
10120.0,4.2319135665893555,1.06101655960083,3597.681392384009
10121.0,7.666465759277344,1.8460158109664917,3597.9629333170014
10122.0,21.076526641845703,5.0812554359436035,3598.2759216970007
10123.0,8.465103149414062,2.379157066345215,3598.553280685999
10124.0,17.9174861907959,3.122305393218994,3598.8389772250084
10125.0,3.9027185440063477,0.9791179299354553,3599.1301819380024
10126.0,12.135307312011719,2.5406694412231445,3599.4312664440076
10127.0,5.46875,1.5614665746688843,3599.7241404850065
10128.0,4.6184563636779785,1.172623872756958,3600.0144910890085
10129.0,5.773043632507324,1.4223812818527222,3600.2959980020096
10130.0,13.35224723815918,2.5698325634002686,3600.587719732008
10131.0,18.224454879760742,2.9191040992736816,3600.8767208070058
10132.0,6.751163005828857,1.5491504669189453,3601.1651772110054
10133.0,19.681785583496094,3.284708261489868,3601.443509649005
10134.0,12.400595664978027,2.783622980117798,3601.7368571000115
10135.0,20.24529266357422,3.2111101150512695,3602.025063278008
10136.0,7.341840744018555,1.8789242506027222,3602.308597099007
10137.0,11.057055473327637,2.8582658767700195,3602.5863280470076
10138.0,31.799060821533203,4.962317943572998,3602.877566369003
10139.0,20.08484649658203,2.8750362396240234,3603.1578392770025
10140.0,12.653810501098633,2.44738507270813,3603.433720731002
10141.0,10.655876159667969,2.335723638534546,3603.713404782
10142.0,3.774083375930786,1.0518079996109009,3604.011441626004
10143.0,7.356090545654297,1.715097427368164,3604.289487977003
10144.0,10.661844253540039,2.663954257965088,3604.566651608009
10145.0,31.682567596435547,4.458446025848389,3604.8503756980062
10146.0,6.368524074554443,1.7182936668395996,3605.145719789012
10147.0,8.70323371887207,2.1943254470825195,3605.4267192570114
10148.0,5.160916328430176,1.2528411149978638,3605.717822917999
10149.0,24.63410186767578,4.402446269989014,3606.0046253760083
10150.0,18.079971313476562,3.4620866775512695,3606.312710471
10151.0,19.26308250427246,4.133227348327637,3606.589690783003
10152.0,6.331411361694336,1.7961331605911255,3606.8957730830007
10153.0,23.372854232788086,3.1595165729522705,3607.1814984670054
10154.0,40.5029411315918,6.170437335968018,3607.4918627580046
10155.0,7.354306221008301,1.875122308731079,3607.771290028002
10156.0,6.474307060241699,2.012389898300171,3608.0585970920074
10157.0,10.995807647705078,2.4079055786132812,3608.380367758
10158.0,9.140612602233887,1.93485426902771,3608.745792932008
10159.0,19.57875633239746,3.390899658203125,3609.0617704010074
10160.0,14.806684494018555,3.630189895629883,3609.356309742012
10161.0,11.701454162597656,2.4350428581237793,3609.6933975280117
10162.0,12.820878982543945,3.1747357845306396,3609.9822027100017
10163.0,9.899869918823242,2.042126178741455,3610.289227255009
10164.0,17.54448699951172,2.9413394927978516,3610.577728618009
10165.0,74.16397094726562,8.082911491394043,3610.8819211770024
10166.0,11.844566345214844,2.3810784816741943,3611.173550161009
10167.0,101.88426208496094,11.079785346984863,3611.4717009010055
10168.0,34.167110443115234,4.33844518661499,3611.7602161520044
10169.0,21.344684600830078,3.3951244354248047,3612.0542561510083
10170.0,5.496851921081543,1.3530930280685425,3612.3276840860053
10171.0,23.81443214416504,4.235281467437744,3612.62007424701
10172.0,4.9065117835998535,1.3082014322280884,3612.895472633012
10173.0,35.32327651977539,5.241628170013428,3613.1745483080012
10174.0,5.12693977355957,1.342078447341919,3613.4725443350035
10175.0,10.913780212402344,2.2203307151794434,3613.7737674880045
10176.0,23.721967697143555,3.8588693141937256,3614.0836481240112
10177.0,9.140473365783691,2.1158721446990967,3614.402126953006
10178.0,21.84834098815918,3.7391459941864014,3614.7386128540093
10179.0,27.28192138671875,4.149783134460449,3615.0305549100012
10180.0,12.009343147277832,2.387171506881714,3615.306799367012
10181.0,35.351722717285156,4.963904857635498,3615.589294741003
10182.0,21.841480255126953,3.9663307666778564,3615.880409726
10183.0,50.22810363769531,10.011784553527832,3616.17673389001
10184.0,8.271038055419922,2.2605645656585693,3616.473337861011
10185.0,37.60432052612305,5.669211387634277,3616.7534128260013
10186.0,9.062761306762695,1.8531157970428467,3617.0440010890015
10187.0,6.306653022766113,1.7116059064865112,3617.32121987101
10188.0,26.775232315063477,4.4126386642456055,3617.6251155280042
10189.0,37.21893310546875,5.896256446838379,3617.9118301850103
10190.0,5.639403820037842,1.3849083185195923,3618.202773872006
10191.0,13.281103134155273,2.187321186065674,3618.4981334170006
10192.0,7.5832200050354,2.099702835083008,3618.769549759003
10193.0,8.93262004852295,2.2191872596740723,3619.039663266012
10194.0,6.709704875946045,1.6462069749832153,3619.340777110003
10195.0,26.587684631347656,4.552722930908203,3619.632950924002
10196.0,54.8861083984375,7.5602030754089355,3619.9274604360107
10197.0,35.45457458496094,5.92094612121582,3620.220061328
10198.0,13.204133987426758,3.0686185359954834,3620.497464535001
10199.0,8.23868465423584,2.502082347869873,3620.7865594750037
10200.0,15.213203430175781,3.2294490337371826,3621.094814396012
10201.0,103.17083740234375,10.48747444152832,3627.2415456290037
10202.0,7.432891368865967,1.6907989978790283,3627.53616918801
10203.0,16.157194137573242,3.5107970237731934,3627.833123443008
10204.0,7.896669387817383,2.129999876022339,3628.124349144011
10205.0,12.013331413269043,2.514981746673584,3628.413648076006
10206.0,9.971811294555664,2.6390647888183594,3628.7106638080004
10207.0,17.014556884765625,2.637244939804077,3629.01037151301
10208.0,9.691551208496094,1.8580081462860107,3629.311831324012
10209.0,4.881025791168213,1.2071782350540161,3629.587294912999
10210.0,5.201079368591309,1.2924154996871948,3629.875670612004
10211.0,11.292678833007812,1.8194022178649902,3630.156385877999
10212.0,3.749007225036621,0.8363988399505615,3630.431573462003
10213.0,12.284772872924805,2.4464662075042725,3630.721037596013
10214.0,7.721495151519775,2.031738758087158,3631.0031526540115
10215.0,13.721858978271484,1.9651726484298706,3631.312404479002
10216.0,5.548526763916016,1.4122408628463745,3631.6063965010107
10217.0,7.625433921813965,1.9745397567749023,3631.89221968301
10218.0,17.602025985717773,3.0996201038360596,3632.1926766680117
10219.0,29.553184509277344,4.421718597412109,3632.4824523050047
10220.0,16.17701530456543,2.9336936473846436,3632.790744967002
10221.0,19.166305541992188,3.493483543395996,3633.0815057500004
10222.0,22.0975341796875,3.9649243354797363,3633.378428561002
10223.0,31.24952507019043,5.116511821746826,3633.660279820004
10224.0,5.624732494354248,1.6239207983016968,3633.9553489060054
10225.0,75.82257843017578,12.441010475158691,3634.2491450740054
10226.0,16.759687423706055,3.057697296142578,3634.5436581630056
10227.0,25.73089599609375,4.679491996765137,3634.8341324030043
10228.0,12.416265487670898,2.8949358463287354,3635.128236139004
10229.0,9.692121505737305,2.273841381072998,3635.4531057060085
10230.0,46.25690460205078,5.638755798339844,3635.7463285289996
10231.0,9.195273399353027,1.702291488647461,3636.0229447630118
10232.0,4.8566741943359375,1.5198763608932495,3636.3145189640054
10233.0,13.026432991027832,2.918428659439087,3636.5929949120036
10234.0,59.169464111328125,6.879049301147461,3636.891762886007
10235.0,9.329245567321777,2.5095901489257812,3637.178803912
10236.0,22.11838722229004,3.601611852645874,3637.46083556801
10237.0,8.378397941589355,1.9233802556991577,3637.755204198009
10238.0,7.129122257232666,1.7722240686416626,3638.026987358011
10239.0,33.44170379638672,4.146969318389893,3638.303573808007
10240.0,12.155956268310547,2.4935638904571533,3638.605356299013
10241.0,33.696380615234375,4.88809871673584,3638.8956075300084
10242.0,6.961736679077148,1.6998873949050903,3639.1925178620004
10243.0,13.551909446716309,2.0984151363372803,3639.474449640009
10244.0,8.027552604675293,2.290332317352295,3639.7582567520003
10245.0,16.916776657104492,3.5112533569335938,3640.0519799840113
10246.0,14.477080345153809,3.001563787460327,3640.3383141000086
10247.0,6.039271354675293,1.5579954385757446,3640.6341511339997
10248.0,6.600132942199707,1.7159560918807983,3640.923385373011
10249.0,6.287355422973633,1.7294520139694214,3641.2020265419997
10250.0,19.782947540283203,3.442275047302246,3641.4872353790124
10251.0,8.623126983642578,1.67721688747406,3641.792540388007
10252.0,5.672797203063965,1.3826409578323364,3642.1049630100024
10253.0,10.183184623718262,2.2703683376312256,3642.4130943130003
10254.0,4.5236358642578125,1.3110796213150024,3642.700234228003
10255.0,13.172428131103516,2.9432497024536133,3642.983040007006
10256.0,19.452884674072266,3.6134204864501953,3643.29264184201
10257.0,15.165046691894531,3.2083547115325928,3643.5763332940114
10258.0,6.751678466796875,1.6617354154586792,3643.8569884140015
10259.0,11.064449310302734,2.249907970428467,3644.150979476006
10260.0,10.904424667358398,2.1153571605682373,3644.468207910002
10261.0,6.611079692840576,1.6505188941955566,3644.747719667008
10262.0,25.376686096191406,4.101351261138916,3645.0331004000036
10263.0,11.613839149475098,2.82297945022583,3645.309708244007
10264.0,15.71364688873291,2.801208734512329,3645.6068035530043
10265.0,7.694709777832031,2.255685567855835,3645.897470708005
10266.0,80.49999237060547,9.719537734985352,3646.191236002007
10267.0,17.814315795898438,3.239914655685425,3646.472800297008
10268.0,11.36152458190918,2.1975293159484863,3646.775118563004
10269.0,14.228216171264648,2.7339580059051514,3647.0751333990047
10270.0,7.642399787902832,2.0426273345947266,3647.36807852301
10271.0,46.1409797668457,7.114582061767578,3647.6632128300116
10272.0,20.35345458984375,3.5150749683380127,3647.9361302580073
10273.0,32.01880645751953,5.362405300140381,3648.2159853220073
10274.0,67.18655395507812,7.525567054748535,3648.4944592240063
10275.0,7.8644866943359375,2.198052167892456,3648.8211793910014
10276.0,24.883304595947266,4.125983715057373,3649.119212761012
10277.0,7.480716705322266,2.0841588973999023,3649.4014304310112
10278.0,60.75595474243164,6.829718589782715,3649.6863334730006
10279.0,12.292442321777344,2.8535847663879395,3649.9691509200056
10280.0,9.831396102905273,2.0811197757720947,3650.2636069069995
10281.0,32.3819465637207,5.205472946166992,3650.550669919001
10282.0,7.399277687072754,1.7151745557785034,3650.828117177007
10283.0,30.499948501586914,5.096155643463135,3651.1243864100106
10284.0,6.657171726226807,1.569177508354187,3651.4111082470044
10285.0,9.296412467956543,1.68000066280365,3651.6953081829997
10286.0,21.76453399658203,4.3866190910339355,3651.9771264180017
10287.0,14.44028091430664,2.5701544284820557,3652.261056125004
10288.0,5.404118537902832,1.4619803428649902,3652.557270656005
10289.0,21.86091423034668,3.505582809448242,3652.842999299013
10290.0,12.302125930786133,2.406590700149536,3653.1240506210015
10291.0,33.407047271728516,4.627036094665527,3653.408519543009
10292.0,5.162291526794434,1.4286682605743408,3653.682155567003
10293.0,48.4254035949707,9.253680229187012,3653.970606109011
10294.0,5.567600250244141,1.3082880973815918,3654.264670372999
10295.0,7.212946891784668,1.7499771118164062,3654.5755775240104
10296.0,84.7864990234375,9.306684494018555,3654.862969326001
10297.0,12.233949661254883,2.8301138877868652,3655.1602563410124
10298.0,25.25503158569336,3.6280605792999268,3655.460484043011
10299.0,13.894638061523438,2.904831886291504,3655.7524812810007
10300.0,25.698596954345703,4.390728950500488,3656.042272909006
10301.0,7.379290580749512,1.8665523529052734,3662.0246078380005
10302.0,15.871182441711426,2.7605834007263184,3662.297288739006
10303.0,5.531694412231445,1.4700599908828735,3662.5752937120124
10304.0,18.668575286865234,3.1566548347473145,3662.860792024003
10305.0,3.8317275047302246,0.9219728112220764,3663.149892886009
10306.0,25.56566619873047,4.712629318237305,3663.4399041870056
10307.0,17.425247192382812,3.8254754543304443,3663.7456649460073
10308.0,65.88672637939453,8.604564666748047,3664.0355428790062
10309.0,9.147953033447266,2.1674556732177734,3664.3170165820047
10310.0,39.37487030029297,8.061744689941406,3664.612684519001
10311.0,19.39484405517578,3.5978848934173584,3664.8795048500033
10312.0,53.36196517944336,4.432432651519775,3665.170042344005
10313.0,10.005352973937988,2.0442147254943848,3665.4477686140017
10314.0,22.894882202148438,3.158432722091675,3665.742203583999
10315.0,7.671536922454834,2.0080018043518066,3666.054645951008
10316.0,5.899757385253906,1.4671739339828491,3666.351188277011
10317.0,21.38359832763672,2.8263628482818604,3666.646317773004
10318.0,6.902714729309082,2.0166866779327393,3666.932935408011
10319.0,13.789220809936523,2.576380491256714,3667.2211685920047
10320.0,28.619361877441406,4.251054286956787,3667.4991592730075
10321.0,108.24186706542969,10.358381271362305,3667.7852922380116
10322.0,15.685558319091797,3.575838804244995,3668.0636603550083
10323.0,13.796731948852539,2.5565714836120605,3668.34394584001
10324.0,9.53209114074707,2.499570846557617,3668.628918625007
10325.0,35.02445602416992,4.335146903991699,3668.9159739250026
10326.0,27.248981475830078,4.899209022521973,3669.2064903080027
10327.0,7.005998611450195,2.008028268814087,3669.483882364002
10328.0,5.588029384613037,1.404342770576477,3669.7641774030053
10329.0,27.846134185791016,4.549564838409424,3670.0490860499995
10330.0,18.36215591430664,3.533891439437866,3670.3411893120065
10331.0,89.81764221191406,10.352523803710938,3670.6276752640115
10332.0,6.839230537414551,1.6886473894119263,3670.913607777009
10333.0,7.988520622253418,2.0139665603637695,3671.2201320300082
10334.0,10.221284866333008,2.3508551120758057,3671.491481541001
10335.0,6.227399826049805,1.4839580059051514,3671.770823349012
10336.0,44.114566802978516,5.400279998779297,3672.065775995012
10337.0,19.81394386291504,3.627006769180298,3672.364553986001
10338.0,60.626407623291016,7.510004043579102,3672.673280191011
10339.0,5.2342987060546875,1.4745774269104004,3672.957150563001
10340.0,4.577723503112793,1.4111601114273071,3673.2348385600053
10341.0,21.161134719848633,3.5453996658325195,3673.503633172004
10342.0,36.11084747314453,4.888116359710693,3673.7882148300123
10343.0,15.911657333374023,2.792766809463501,3674.0832146910107
10344.0,14.265655517578125,3.4734127521514893,3674.375418208001
10345.0,8.317863464355469,2.3163232803344727,3674.6633800830023
10346.0,35.491455078125,4.426141262054443,3674.9488014500093
10347.0,12.459627151489258,2.824636936187744,3675.241236103
10348.0,8.806020736694336,1.9831680059432983,3675.52543727601
10349.0,23.020370483398438,4.0091118812561035,3675.813353051999
10350.0,13.502463340759277,2.6818292140960693,3676.1015983700054
10351.0,18.178760528564453,3.2600178718566895,3676.4144726030063
10352.0,12.681961059570312,2.898491144180298,3676.708982356009
10353.0,42.23600769042969,5.2852067947387695,3676.9873853169993
10354.0,17.78322982788086,3.929659843444824,3677.269584877009
10355.0,11.247321128845215,2.2761166095733643,3677.5699393780087
10356.0,11.685715675354004,2.3033862113952637,3677.8656451360002
10357.0,51.932132720947266,5.947371482849121,3678.161542098009
10358.0,4.557694435119629,1.1938766241073608,3678.448256440999
10359.0,7.139777183532715,1.9026975631713867,3678.7226744340005
10360.0,2.955446720123291,0.7814108729362488,3678.9986910040025
10361.0,4.285486221313477,1.090079665184021,3679.2839611080126
10362.0,20.644927978515625,2.7441210746765137,3679.567161747007
10363.0,39.47382736206055,4.74965763092041,3679.857061917006
10364.0,120.05442810058594,12.14626693725586,3680.1425013410044
10365.0,9.249130249023438,1.8955793380737305,3680.427920676011
10366.0,7.479395866394043,2.328871488571167,3680.720160249999
10367.0,16.716806411743164,3.329763412475586,3681.000097778
10368.0,4.550725936889648,1.18687903881073,3681.284969174012
10369.0,9.815454483032227,2.5110037326812744,3681.576550275
10370.0,18.609153747558594,3.125324249267578,3681.8631791350053
10371.0,3.878274440765381,1.0194491147994995,3682.158231801004
10372.0,25.11404800415039,4.438587188720703,3682.4416611740016
10373.0,15.62089729309082,2.4166173934936523,3682.739233171
10374.0,7.377179145812988,1.966104507446289,3683.0177668550023
10375.0,55.025733947753906,10.462272644042969,3683.2928820070083
10376.0,10.66961669921875,2.193758964538574,3683.5705123470107
10377.0,15.141292572021484,2.983799695968628,3683.845181405006
10378.0,19.100635528564453,2.274684429168701,3684.1442678130115
10379.0,9.311334609985352,2.471618175506592,3684.434111556009
10380.0,16.73943328857422,2.9482102394104004,3684.713368113007
10381.0,19.7115478515625,3.554138422012329,3685.006315316001
10382.0,17.078086853027344,3.459963083267212,3685.2983008380106
10383.0,7.066826820373535,1.5160739421844482,3685.5741704890097
10384.0,14.05732536315918,2.235858201980591,3685.8631050050026
10385.0,4.708012580871582,1.205133080482483,3686.160579592004
10386.0,4.03464412689209,1.124507188796997,3686.4520682069997
10387.0,17.178722381591797,2.922259569168091,3686.7237672160118
10388.0,9.099618911743164,1.7685574293136597,3687.007855589007
10389.0,7.586121082305908,1.8774046897888184,3687.288256730011
10390.0,16.179515838623047,3.1416993141174316,3687.5683053190005
10391.0,5.060213565826416,1.2339478731155396,3687.853580575
10392.0,15.095606803894043,2.9545722007751465,3688.1441623980063
10393.0,6.159906387329102,1.8704643249511719,3688.4457349500008
10394.0,14.891900062561035,2.8166093826293945,3688.744938658012
10395.0,11.462882995605469,2.3545804023742676,3689.0350927310064
10396.0,25.2745361328125,4.2492570877075195,3689.3383184820123
10397.0,7.630784034729004,1.8900129795074463,3689.6261048110027
10398.0,6.391484260559082,1.4737709760665894,3689.9153690970124
10399.0,11.82246208190918,2.74898099899292,3690.18990718
10400.0,37.09819412231445,5.30853796005249,3690.474652181001
10401.0,6.630921840667725,1.4891334772109985,3696.494200645
10402.0,152.7240753173828,16.118616104125977,3696.7993214760063
10403.0,5.97138786315918,1.6004751920700073,3697.093807527999
10404.0,8.130735397338867,2.1296637058258057,3697.382329690008
10405.0,17.311843872070312,3.402488946914673,3697.675605700002
10406.0,5.898588180541992,1.4740581512451172,3697.9544869540114
10407.0,7.176740646362305,1.656145691871643,3698.2402804650046
10408.0,6.161832809448242,1.4618113040924072,3698.5130877330084
10409.0,11.300715446472168,2.2586610317230225,3698.799404960999
10410.0,13.561406135559082,2.655280351638794,3699.093183402001
10411.0,13.15136432647705,2.552823543548584,3699.379625616013
10412.0,12.09748649597168,2.828218460083008,3699.6489223420067
10413.0,6.0766143798828125,1.6100294589996338,3699.940550899002
10414.0,88.01689147949219,14.395362854003906,3700.213920975002
10415.0,5.575689315795898,1.4503655433654785,3700.48317251401
10416.0,5.148058891296387,1.4515844583511353,3700.7567331050086
10417.0,11.67778205871582,2.5674805641174316,3701.03125465801
10418.0,7.400470733642578,1.7585526704788208,3701.3042596500018
10419.0,18.419261932373047,3.132979393005371,3701.575999896013
10420.0,10.326148986816406,2.8667144775390625,3701.850527808012
10421.0,12.472944259643555,2.4312074184417725,3702.1242873260053
10422.0,10.08149528503418,2.387439489364624,3702.411159705007
10423.0,19.05703353881836,3.4824378490448,3702.7012008210004
10424.0,11.748048782348633,2.453700542449951,3702.996568153001
10425.0,22.694324493408203,3.8268964290618896,3703.2986077970127
10426.0,5.050396919250488,1.1811789274215698,3703.6044712270086
10427.0,20.16998291015625,3.3761212825775146,3703.8924902950093
10428.0,22.357337951660156,3.4411959648132324,3704.1691040550068
10429.0,5.192241668701172,1.32057523727417,3704.4614555150038
10430.0,13.834999084472656,2.626434326171875,3704.736748137002
10431.0,36.578548431396484,5.1840925216674805,3705.0343829650083
10432.0,24.922439575195312,3.9906845092773438,3705.309098729005
10433.0,10.180206298828125,2.2098755836486816,3705.593759137002
10434.0,5.337906837463379,1.3793139457702637,3705.888731665007
10435.0,15.205083847045898,2.76133394241333,3706.175861681011
10436.0,13.28774642944336,3.2739439010620117,3706.4535445200017
10437.0,10.872697830200195,2.3514511585235596,3706.7444168040092
10438.0,7.1577301025390625,1.9303221702575684,3707.0215766190086
10439.0,25.560062408447266,4.266448497772217,3707.2999908830097
10440.0,14.61896800994873,3.500546455383301,3707.5848401760013
10441.0,16.5393009185791,3.075831174850464,3707.87014211301
10442.0,24.834468841552734,3.988556385040283,3708.163595489008
10443.0,5.953594207763672,1.425754427909851,3708.45319267601
10444.0,41.607173919677734,5.436917304992676,3708.7325972040126
10445.0,7.755453109741211,2.2666759490966797,3709.0152096090023
10446.0,5.652335166931152,1.2995487451553345,3709.314522859
10447.0,12.679024696350098,2.9937005043029785,3709.5986404580035
10448.0,7.562775611877441,1.9482868909835815,3709.887678064013
10449.0,8.395442962646484,2.0460293292999268,3710.1706977860013
10450.0,10.32377815246582,2.2434120178222656,3710.461405922004
10451.0,18.654308319091797,2.9881982803344727,3710.75568520301
10452.0,24.422338485717773,4.466750144958496,3711.0408440800093
10453.0,18.96207046508789,3.104274034500122,3711.347894591003
10454.0,93.14276123046875,9.067193984985352,3711.6406602780044
10455.0,17.329097747802734,3.102496385574341,3711.923263293007
10456.0,10.86886215209961,2.474757432937622,3712.2131260050082
10457.0,15.179052352905273,3.035598039627075,3712.4905926630017
10458.0,8.991119384765625,2.174736976623535,3712.774423395007
10459.0,29.950145721435547,4.721552848815918,3713.0547141480056
10460.0,7.686986923217773,1.5218157768249512,3713.330914475009
10461.0,27.20728302001953,4.217173099517822,3713.606953568
10462.0,12.645442962646484,2.1253178119659424,3713.89148577
10463.0,5.269476413726807,1.3593347072601318,3714.167317846004
10464.0,4.971652030944824,1.2561875581741333,3714.448557958007
10465.0,5.687694072723389,1.4220426082611084,3714.7348586620064
10466.0,4.641213417053223,1.4137041568756104,3715.013180864
10467.0,14.738752365112305,3.2697675228118896,3715.2861631900014
10468.0,10.038415908813477,2.952148675918579,3715.5586550709995
10469.0,16.112686157226562,3.10107421875,3715.842647810001
10470.0,14.86442756652832,3.148954391479492,3716.119688317005
10471.0,50.12553405761719,6.349920749664307,3716.4102424990124
10472.0,47.84014129638672,4.727567195892334,3716.697637781006
10473.0,12.563970565795898,2.9741923809051514,3716.970462494006
10474.0,12.392991065979004,2.551609516143799,3717.2532454760076
10475.0,12.591931343078613,3.0280704498291016,3717.538466860002
10476.0,14.642358779907227,2.996237277984619,3717.821908847007
10477.0,33.89870071411133,5.1549482345581055,3718.114710067006
10478.0,7.802830696105957,1.7526201009750366,3718.3909344980057
10479.0,13.325397491455078,3.5279953479766846,3718.687336728006
10480.0,29.272510528564453,4.220198631286621,3718.9913634640106
10481.0,66.53822326660156,11.796732902526855,3719.2843601080094
10482.0,49.2436408996582,6.696305274963379,3719.583782959002
10483.0,24.291576385498047,4.399476528167725,3719.863667368001
10484.0,14.950555801391602,2.4977879524230957,3720.1532731920015
10485.0,6.43144416809082,1.4697961807250977,3720.450436313011
10486.0,15.783498764038086,3.2112388610839844,3720.75143822901
10487.0,11.695838928222656,2.5581843852996826,3721.034844881011
10488.0,15.937252044677734,4.159056186676025,3721.318671059009
10489.0,6.857547283172607,1.8190463781356812,3721.6019841210073
10490.0,11.25345516204834,2.805755138397217,3721.889625709009
10491.0,63.50453186035156,7.593777656555176,3722.172704179
10492.0,14.462039947509766,2.70003604888916,3722.4579851740127
10493.0,17.237258911132812,3.5691137313842773,3722.7383210950065
10494.0,9.160587310791016,1.9018075466156006,3723.0219461220113
10495.0,13.203353881835938,3.2398931980133057,3723.3077028700063
10496.0,18.106666564941406,3.5133402347564697,3723.592549206005
10497.0,12.015472412109375,2.4902005195617676,3723.8778207170108
10498.0,16.931209564208984,2.4597132205963135,3724.169306945012
10499.0,11.452190399169922,2.448090076446533,3724.446588431005
10500.0,6.861445903778076,1.9610379934310913,3724.734405081006
10501.0,55.36751174926758,8.735107421875,3730.7466972350085
10502.0,13.94633960723877,3.688450813293457,3731.0286724809994
10503.0,13.339607238769531,3.0840930938720703,3731.30925013301
10504.0,4.433647155761719,1.0508149862289429,3731.588415795006
10505.0,34.227622985839844,5.198299884796143,3731.8587504010065
10506.0,6.136188507080078,1.7002969980239868,3732.148482442004
10507.0,14.47945785522461,3.309406042098999,3732.435762396999
10508.0,12.035560607910156,2.6491990089416504,3732.7118981240055
10509.0,13.624589920043945,3.0296783447265625,3732.9845367320086
10510.0,5.722903728485107,1.649647831916809,3733.272305601
10511.0,12.352693557739258,2.2855639457702637,3733.5626166170114
10512.0,105.07463073730469,9.232685089111328,3733.8351853710046
10513.0,15.081193923950195,3.039482355117798,3734.129563142007
10514.0,15.885207176208496,2.937835931777954,3734.417895952007
10515.0,4.970191478729248,1.2312473058700562,3734.7039027950086
10516.0,5.225719451904297,1.2113994359970093,3734.9775018260116
10517.0,19.69729995727539,3.346297025680542,3735.2633555010107
10518.0,4.699774265289307,1.204299807548523,3735.5325948180107
10519.0,7.426056861877441,1.5801814794540405,3735.822943062012
10520.0,35.424293518066406,5.39418888092041,3736.0980509200017
10521.0,6.873889446258545,1.8693186044692993,3736.388816235005
10522.0,6.046215534210205,1.431792140007019,3736.6659966740117
10523.0,30.602432250976562,5.008373737335205,3736.9509383820114
10524.0,5.251521587371826,1.3772603273391724,3737.244304715001
10525.0,35.69600296020508,5.35673713684082,3737.5192136390106
10526.0,9.593679428100586,2.209998369216919,3737.813589782003
10527.0,7.212620735168457,2.1572835445404053,3738.0980834520014
10528.0,19.301664352416992,3.666151523590088,3738.383676589001
10529.0,22.38064193725586,4.229920864105225,3738.667662894004
10530.0,4.655019760131836,1.148303508758545,3738.958843212007
10531.0,26.752769470214844,4.065828800201416,3739.235053209006
10532.0,5.481404781341553,1.3836733102798462,3739.521608207011
10533.0,9.206836700439453,2.1661734580993652,3739.8119297000085
10534.0,55.82476806640625,7.207425117492676,3740.0833954700065
10535.0,29.257884979248047,4.612534523010254,3740.381970111004
10536.0,3.940556049346924,0.9727871417999268,3740.6549567770126
10537.0,16.178180694580078,2.996783971786499,3740.925581149
10538.0,22.523517608642578,3.69130802154541,3741.1992711610073
10539.0,17.26949691772461,3.2016568183898926,3741.482758836006
10540.0,25.498992919921875,4.092759132385254,3741.764881523006
10541.0,26.569774627685547,4.196865081787109,3742.0464203620068
10542.0,11.276008605957031,2.252746105194092,3742.336411600001
10543.0,9.213010787963867,2.041964292526245,3742.6205385330104
10544.0,4.989446640014648,1.376940369606018,3742.9050107330113
10545.0,20.14162826538086,4.1754937171936035,3743.200078145004
10546.0,51.88672637939453,6.633670330047607,3743.496428339
10547.0,46.50896453857422,6.587727069854736,3743.7749312320084
10548.0,3.7973275184631348,0.9054350852966309,3744.0565808310057
10549.0,15.783260345458984,3.3659369945526123,3744.3505093440035
10550.0,5.939431190490723,1.325027585029602,3744.637964448004
10551.0,8.48544979095459,2.340630531311035,3744.9234816360113
10552.0,18.937236785888672,3.416510820388794,3745.2031099279993
10553.0,5.262396812438965,1.3242963552474976,3745.4745135210105
10554.0,25.765857696533203,4.1310648918151855,3745.7650577930035
10555.0,22.638507843017578,3.567997932434082,3746.0412417300104
10556.0,10.507728576660156,2.2168962955474854,3746.327240724
10557.0,12.598722457885742,2.5421559810638428,3746.625022141001
10558.0,26.519180297851562,4.521413803100586,3746.8932755340065
10559.0,18.536365509033203,3.55288028717041,3747.1809659130085
10560.0,17.328678131103516,3.5473320484161377,3747.4712252300087
10561.0,27.00924301147461,3.248520612716675,3747.7452028900007
10562.0,15.097365379333496,2.888502597808838,3748.021207787009
10563.0,45.66328430175781,9.04004192352295,3748.3111568820023
10564.0,6.742386817932129,2.0212790966033936,3748.5927876700007
10565.0,7.611956596374512,2.0245697498321533,3748.8683944900113
10566.0,23.33275032043457,3.5452792644500732,3749.1441547300055
10567.0,26.066911697387695,4.1498308181762695,3749.418753681006
10568.0,14.646480560302734,2.84455943107605,3749.702896214003
10569.0,17.153423309326172,3.6550803184509277,3749.9909352620016
10570.0,5.514181613922119,1.4029165506362915,3750.2666091970023
10571.0,12.19886589050293,2.8382670879364014,3750.5424584800057
10572.0,6.337048053741455,1.5086485147476196,3750.827738128006
10573.0,8.762306213378906,2.5358381271362305,3751.10461123001
10574.0,19.053735733032227,3.5730748176574707,3751.4012698730075
10575.0,12.448088645935059,2.2538163661956787,3751.681521207007
10576.0,14.474578857421875,3.075368881225586,3751.962744606004
10577.0,5.7046051025390625,1.667550802230835,3752.2367072690104
10578.0,24.095617294311523,3.880150079727173,3752.504926641006
10579.0,6.835537910461426,1.5897001028060913,3752.819181704006
10580.0,43.05867004394531,6.16748571395874,3753.109558726006
10581.0,26.297462463378906,3.3400256633758545,3753.3820006099995
10582.0,19.57718276977539,3.185641050338745,3753.663405311003
10583.0,7.474644660949707,2.0883469581604004,3753.95366893601
10584.0,6.002795219421387,1.7080718278884888,3754.245669352007
10585.0,15.764633178710938,2.5743746757507324,3754.523415451011
10586.0,21.282447814941406,3.876974582672119,3754.8095399790036
10587.0,14.773075103759766,2.7722525596618652,3755.106149615007
10588.0,29.538280487060547,4.671269416809082,3755.401285377011
10589.0,4.473852157592773,1.262208104133606,3755.6892878120125
10590.0,5.534616470336914,1.4298021793365479,3755.975912366004
10591.0,14.208589553833008,3.114069700241089,3756.250105693005
10592.0,38.861114501953125,4.519382953643799,3756.5250571310025
10593.0,10.21251106262207,2.379136562347412,3756.8082857400004
10594.0,4.1331586837768555,1.022709608078003,3757.083504373004
10595.0,8.920626640319824,2.1945924758911133,3757.360391610011
10596.0,10.783097267150879,2.1536061763763428,3757.656575204004
10597.0,14.89987564086914,2.803954839706421,3757.943153385
10598.0,5.864431381225586,1.5647315979003906,3758.2246002270113
10599.0,4.784109592437744,1.212332010269165,3758.519958128003
10600.0,47.08693313598633,7.482089519500732,3758.817572524
10601.0,18.06989097595215,2.388841152191162,3764.56244377901
10602.0,44.96416091918945,5.796507835388184,3764.850178703011
10603.0,20.49591064453125,3.801403760910034,3765.124974242004
10604.0,17.05835723876953,3.3630993366241455,3765.4103662780108
10605.0,8.400836944580078,2.2609307765960693,3765.6944883100077
10606.0,15.818058967590332,2.755831480026245,3765.966996481002
10607.0,15.090338706970215,3.191519021987915,3766.2528448119992
10608.0,10.536905288696289,2.1972947120666504,3766.539759459003
10609.0,7.475995063781738,1.824472188949585,3766.8215715420083
10610.0,21.457908630371094,3.799046516418457,3767.1116484090016
10611.0,18.74264144897461,3.719755172729492,3767.393606755999
10612.0,29.39206886291504,4.945133209228516,3767.6915724400023
10613.0,17.524459838867188,3.352574110031128,3767.9663144950027
10614.0,9.673700332641602,2.1087303161621094,3768.247387525
10615.0,17.85336685180664,3.367203712463379,3768.5185683370073
10616.0,6.266687870025635,1.309415578842163,3768.793995644999
10617.0,6.32517147064209,1.755033254623413,3769.0735311419994
10618.0,3.191537380218506,0.762151300907135,3769.3694998890132
10619.0,15.290063858032227,3.783026695251465,3769.6511583829997
10620.0,11.85099983215332,3.0305347442626953,3769.946277436
10621.0,35.797515869140625,5.492413520812988,3770.2292048890085
10622.0,18.07060432434082,3.2076478004455566,3770.527234590001
10623.0,18.102760314941406,3.657858371734619,3770.820406222003
10624.0,31.879241943359375,4.473898410797119,3771.1137796780095
10625.0,31.54348373413086,4.634471893310547,3771.4064258370054
10626.0,55.58636474609375,7.263400554656982,3771.7031707520073
10627.0,55.40855026245117,10.703828811645508,3772.002708914006
10628.0,21.397804260253906,3.5665283203125,3772.3091630470008
10629.0,6.52918815612793,1.718281865119934,3772.5921750620037
10630.0,8.946372985839844,2.382035732269287,3772.879013542013
10631.0,5.694238185882568,1.2893667221069336,3773.167952514006
10632.0,22.72274398803711,4.2731733322143555,3773.4474346540082
10633.0,7.262941360473633,1.9288060665130615,3773.7363367120124
10634.0,9.894396781921387,1.9381557703018188,3774.0136250420037
10635.0,32.94404602050781,4.321290493011475,3774.294694289012
10636.0,6.695324897766113,1.6674169301986694,3774.5777760560013
10637.0,28.79132843017578,4.64135217666626,3774.8656536390044
10638.0,11.799829483032227,2.4261634349823,3775.1635343130038
10639.0,13.068693161010742,2.976825714111328,3775.451938311002
10640.0,13.28919792175293,2.6624579429626465,3775.724929918011
10641.0,4.381073951721191,1.1681578159332275,3776.013290622999
10642.0,4.767131805419922,1.3603407144546509,3776.2960256330116
10643.0,13.966901779174805,3.147001266479492,3776.5963791660033
10644.0,41.44670867919922,5.379816055297852,3776.882847036002
10645.0,11.777796745300293,3.1055383682250977,3777.179773711003
10646.0,15.564937591552734,2.7973198890686035,3777.461260215001
10647.0,28.70052719116211,4.015646457672119,3777.7392146970087
10648.0,22.123416900634766,3.6057167053222656,3778.0199279020017
10649.0,11.085840225219727,2.3741719722747803,3778.302368250006
10650.0,14.319417953491211,2.5214548110961914,3778.587032752999
10651.0,35.87436294555664,4.714370250701904,3778.8704008330096
10652.0,27.722393035888672,4.52941370010376,3779.1560086270038
10653.0,20.012088775634766,3.41410493850708,3779.4344257710036
10654.0,43.288909912109375,6.630825519561768,3779.715420396009
10655.0,8.692811965942383,2.3693647384643555,3779.999165593006
10656.0,5.808384418487549,1.7395495176315308,3780.328640205
10657.0,80.84455871582031,8.998075485229492,3780.6157472610066
10658.0,14.379847526550293,3.3077197074890137,3780.9064154710068
10659.0,12.062274932861328,1.9820631742477417,3781.1995049130055
10660.0,13.759695053100586,2.822540283203125,3781.4940208590124
10661.0,23.208253860473633,3.2010445594787598,3781.7819171650044
10662.0,6.011299133300781,1.4154068231582642,3782.0636651970126
10663.0,4.924961566925049,1.279000997543335,3782.352986271013
10664.0,20.339740753173828,3.0741689205169678,3782.628724687005
10665.0,11.98119831085205,2.52239727973938,3782.91424958501
10666.0,28.970001220703125,6.557066917419434,3783.188092316006
10667.0,22.880413055419922,4.628586292266846,3783.4673080150096
10668.0,5.013524055480957,1.175932765007019,3783.7415049940028
10669.0,9.422768592834473,2.0456337928771973,3784.0193318150123
10670.0,6.749658584594727,1.6189213991165161,3784.2986396080087
10671.0,4.873365879058838,1.2778418064117432,3784.577139458008
10672.0,31.100000381469727,3.2819905281066895,3784.864294790008
10673.0,15.428057670593262,3.253645896911621,3785.1482155450067
10674.0,13.848111152648926,2.8058409690856934,3785.4304050520004
10675.0,2.600024700164795,0.7596287727355957,3785.7194876550057
10676.0,47.03080368041992,5.746599197387695,3786.0000201000075
10677.0,5.278628349304199,1.3375672101974487,3786.275473219008
10678.0,13.717119216918945,2.9578232765197754,3786.5770691780053
10679.0,36.39699935913086,4.9684224128723145,3786.8668468960095
10680.0,38.40583038330078,5.903543949127197,3787.153161177004
10681.0,108.89506530761719,11.170684814453125,3787.4280108230014
10682.0,9.422725677490234,2.261979818344116,3787.7097209230124
10683.0,44.43815994262695,5.237424373626709,3787.996545744012
10684.0,23.66415786743164,4.2892303466796875,3788.2699821590068
10685.0,30.170202255249023,4.714643478393555,3788.5495923790004
10686.0,24.637516021728516,3.379826545715332,3788.8315237790084
10687.0,22.312400817871094,4.025518894195557,3789.1169410980074
10688.0,26.840206146240234,4.516867160797119,3789.3937719280075
10689.0,26.83767318725586,4.351475238800049,3789.667471766006
10690.0,14.43332290649414,3.068631410598755,3789.9453552510095
10691.0,9.026029586791992,2.475921869277954,3790.233487602003
10692.0,4.839247703552246,1.382826566696167,3790.518985639006
10693.0,7.346112251281738,1.7448687553405762,3790.8067893700063
10694.0,5.847077369689941,1.7186124324798584,3791.0932805370103
10695.0,12.49441909790039,2.578289270401001,3791.385384733003
10696.0,9.633613586425781,1.9692398309707642,3791.6673636800115
10697.0,11.975667953491211,2.6351656913757324,3791.940540296011
10698.0,7.332793235778809,1.7642349004745483,3792.214992060006
10699.0,4.840569496154785,1.1454395055770874,3792.4978365760035
10700.0,19.665515899658203,3.8426826000213623,3792.7748518440058
10701.0,14.114347457885742,2.560549020767212,3798.581258885999
10702.0,10.55777359008789,2.1936657428741455,3798.8678487720026
10703.0,7.192553520202637,1.3758766651153564,3799.1565729260037
10704.0,36.952392578125,5.855053901672363,3799.4455928740063
10705.0,7.071341514587402,1.6299357414245605,3799.748466421006
10706.0,6.463044166564941,1.4143972396850586,3800.0455391870055
10707.0,10.54885482788086,1.7985843420028687,3800.334800030003
10708.0,5.921814441680908,1.436355471611023,3800.618622214999
10709.0,16.45537567138672,3.3249995708465576,3800.887917958011
10710.0,17.593318939208984,3.5118930339813232,3801.1703459070122
10711.0,19.91073226928711,3.49452543258667,3801.462332823008
10712.0,4.856284141540527,1.1815786361694336,3801.7490061240096
10713.0,19.47576904296875,3.314877510070801,3802.038421286008
10714.0,14.765657424926758,2.443234920501709,3802.332102256012
10715.0,7.5931549072265625,1.9855461120605469,3802.623532290003
10716.0,14.670661926269531,2.395843029022217,3802.8978063570103
10717.0,31.212665557861328,4.949214935302734,3803.1821123950067
10718.0,10.756669998168945,3.0744144916534424,3803.4562772920035
10719.0,7.497711181640625,2.276479482650757,3803.7436717310047
10720.0,8.048277854919434,1.87901771068573,3804.0200400250033
10721.0,9.128547668457031,2.2720961570739746,3804.295993812004
10722.0,10.793749809265137,2.2360150814056396,3804.5951733300026
10723.0,14.809734344482422,2.739189863204956,3804.884102768003
10724.0,6.937000274658203,1.8221242427825928,3805.1602018450067
10725.0,7.057563781738281,1.9631881713867188,3805.4367773890117
10726.0,4.146430492401123,0.9411172866821289,3805.718046157999
10727.0,6.928016662597656,2.048375368118286,3805.998557472005
10728.0,9.359624862670898,2.229401111602783,3806.289478068007
10729.0,12.640206336975098,2.619884967803955,3806.576114027004
10730.0,32.94633483886719,4.772599220275879,3806.8491384350054
10731.0,5.423346996307373,1.2679898738861084,3807.125906444009
10732.0,12.44527816772461,2.368431806564331,3807.417658135004
10733.0,21.50530433654785,4.673895835876465,3807.70154521901
10734.0,36.142154693603516,5.593470096588135,3807.9881344260066
10735.0,15.271699905395508,2.653208017349243,3808.2719030870066
10736.0,4.993310928344727,1.4471379518508911,3808.573820548001
10737.0,10.527379989624023,2.4268665313720703,3808.852623085011
10738.0,14.302205085754395,3.2225024700164795,3809.157188096011
10739.0,5.891562461853027,1.391152262687683,3809.4576917580125
10740.0,6.41147518157959,1.648468255996704,3809.79079959901
10741.0,8.985366821289062,1.9581947326660156,3810.08301185201
10742.0,6.056062698364258,1.4321080446243286,3810.3802118940075
10743.0,8.517809867858887,1.8242626190185547,3810.663328859009
10744.0,8.682218551635742,2.0264229774475098,3810.967586618004
10745.0,15.50724983215332,3.2920494079589844,3811.262810486005
10746.0,21.38725471496582,4.245973110198975,3811.558266472013
10747.0,5.373597145080566,1.364257574081421,3811.853122849003
10748.0,4.289228916168213,1.1776185035705566,3812.157971189008
10749.0,65.65754699707031,7.442389488220215,3812.460021321007
10750.0,8.62413215637207,1.9726228713989258,3812.736547229011
10751.0,13.16705322265625,2.705915689468384,3813.023997605007
10752.0,40.33598709106445,4.543826580047607,3813.308101786999
10753.0,6.038149356842041,1.3937489986419678,3813.589425463011
10754.0,8.000858306884766,1.71204674243927,3813.8886690780055
10755.0,17.39068031311035,3.432232618331909,3814.170756382009
10756.0,17.350330352783203,3.0638973712921143,3814.4686880600057
10757.0,16.19400405883789,2.8320870399475098,3814.761136213012
10758.0,23.451860427856445,3.688814640045166,3815.050116863
10759.0,11.067953109741211,2.5647456645965576,3815.3499339160044
10760.0,10.936185836791992,2.2461843490600586,3815.659013853001
10761.0,13.268491744995117,2.5096402168273926,3815.9482587050006
10762.0,25.507448196411133,4.287198066711426,3816.2280693950015
10763.0,38.4740104675293,4.8352885246276855,3816.535600662013
10764.0,4.389394283294678,1.1368162631988525,3816.8253260440106
10765.0,16.001056671142578,2.9546122550964355,3817.097461813013
10766.0,26.213871002197266,3.882004976272583,3817.4021666250046
10767.0,5.075820446014404,1.189138412475586,3817.6946184550034
10768.0,4.853788375854492,1.0362768173217773,3817.99010536501
10769.0,14.06336784362793,2.7669007778167725,3818.28617064
10770.0,5.811464309692383,1.585357666015625,3818.557437805008
10771.0,44.969512939453125,7.166488170623779,3818.8342929810024
10772.0,9.87857723236084,2.378070592880249,3819.1071403910028
10773.0,32.28863525390625,4.969942569732666,3819.3953776320122
10774.0,17.704269409179688,2.9771406650543213,3819.6760252189997
10775.0,3.8471572399139404,0.91402268409729,3819.9674734080036
10776.0,20.57147789001465,3.454962730407715,3820.2544337420113
10777.0,8.776412963867188,2.210895299911499,3820.5458000090002
10778.0,14.849775314331055,2.7533318996429443,3820.834577990012
10779.0,25.589012145996094,6.106021881103516,3821.1255367680133
10780.0,44.318153381347656,6.155466079711914,3821.4038427550113
10781.0,26.14958953857422,4.544435501098633,3821.686949168012
10782.0,3.520721197128296,0.892232358455658,3821.965485953013
10783.0,5.005398750305176,1.2228962182998657,3822.2345997200027
10784.0,4.894295692443848,1.291828989982605,3822.5228389060067
10785.0,6.775235176086426,1.8519636392593384,3822.7956123510085
10786.0,11.136731147766113,2.451188325881958,3823.0803542159993
10787.0,52.55925369262695,10.001785278320312,3823.368836824011
10788.0,11.466079711914062,1.974019169807434,3823.657247787007
10789.0,37.47398376464844,8.309225082397461,3823.941457274006
10790.0,19.361980438232422,3.188014030456543,3824.2114703570114
10791.0,7.56567907333374,2.0906195640563965,3824.4935986540077
10792.0,7.725423812866211,2.138655185699463,3824.7683190130047
10793.0,28.432037353515625,4.454459190368652,3825.0380895130074
10794.0,86.5362548828125,8.985559463500977,3825.3350710010127
10795.0,19.75894546508789,3.502379894256592,3825.6352483650116
10796.0,8.297018051147461,1.9614168405532837,3825.913610554009
10797.0,10.612668991088867,2.7089622020721436,3826.201291096004
10798.0,11.638654708862305,2.179553508758545,3826.4817458100006
10799.0,8.048161506652832,1.634447693824768,3826.753474462006
10800.0,18.561565399169922,3.2605459690093994,3827.0402573070023
10801.0,5.848287105560303,1.5229383707046509,3832.9028536520054
10802.0,13.782597541809082,2.9078993797302246,3833.1784728440107
10803.0,26.862693786621094,4.797841548919678,3833.4632692730083
10804.0,9.913130760192871,2.229442596435547,3833.749399035005
10805.0,19.646244049072266,3.346445322036743,3834.0512771130016
10806.0,6.45884895324707,1.478050947189331,3834.332388131006
10807.0,28.790531158447266,4.2967634201049805,3834.640040971004
10808.0,11.876166343688965,2.695152521133423,3834.9483593790064
10809.0,3.7980027198791504,0.9629470109939575,3835.281138646009
10810.0,6.128612518310547,1.7578943967819214,3835.5792922440014
10811.0,11.124998092651367,2.588179111480713,3835.870263118006
10812.0,7.68206262588501,2.3237931728363037,3836.1709417150123
10813.0,138.89297485351562,14.532291412353516,3836.461208122011
10814.0,14.051395416259766,2.6342830657958984,3836.754146236999
10815.0,20.8323974609375,3.510626792907715,3837.056790995004
10816.0,15.602020263671875,3.1019856929779053,3837.3604693300003
10817.0,121.74711608886719,11.046120643615723,3837.693542240013
10818.0,35.07613754272461,4.369917392730713,3837.9871340009995
10819.0,9.792200088500977,1.9672908782958984,3838.2832369300013
10820.0,12.229131698608398,2.723085641860962,3838.593159269003
10821.0,21.831512451171875,4.133941650390625,3838.878358931004
10822.0,5.85383939743042,1.4379113912582397,3839.15364496001
10823.0,7.864010810852051,1.9514888525009155,3839.4467648320133
10824.0,7.930503845214844,2.015141010284424,3839.7441768700082
10825.0,5.75846004486084,1.180243968963623,3840.0532658790034
10826.0,16.587600708007812,3.098522424697876,3840.388085565006
10827.0,15.176847457885742,2.074535846710205,3840.7934583390015
10828.0,24.362483978271484,3.844810724258423,3841.140742790012
10829.0,86.72054290771484,10.376795768737793,3841.434246101009
10830.0,12.678836822509766,2.9070181846618652,3841.7343804750126
10831.0,4.454876899719238,1.148439645767212,3842.011217669002
10832.0,17.34170913696289,2.359189748764038,3842.301318291007
10833.0,3.960054397583008,1.0676143169403076,3842.589920990009
10834.0,24.305309295654297,3.7921814918518066,3842.870049657009
10835.0,8.72069263458252,2.270812749862671,3843.1581332930073
10836.0,16.950897216796875,2.7722654342651367,3843.47944671601
10837.0,8.658935546875,1.4031680822372437,3843.77378379101
10838.0,11.478930473327637,2.436697483062744,3844.0612866510055
10839.0,25.97005271911621,4.0409088134765625,3844.347040159002
10840.0,18.557785034179688,3.4202280044555664,3844.629802584008
10841.0,16.108766555786133,3.1192800998687744,3844.917990550006
10842.0,11.60683822631836,2.6352968215942383,3845.200160776003
10843.0,7.486922264099121,1.8040037155151367,3845.4906194280047
10844.0,8.072604179382324,1.9596143960952759,3845.792717732009
10845.0,18.9857177734375,3.9688048362731934,3846.081272584008
10846.0,10.993114471435547,2.272667407989502,3846.3871442730015
10847.0,6.075870990753174,1.5317944288253784,3846.7248234810104
10848.0,17.721656799316406,3.2425737380981445,3847.031711743999
10849.0,9.457845687866211,2.2747910022735596,3847.3039840560086
10850.0,13.639764785766602,3.107881784439087,3847.5786617970007
10851.0,21.283432006835938,3.177318572998047,3847.8830486610095
10852.0,10.153960227966309,2.318742513656616,3848.185586808002
10853.0,7.562103271484375,1.4962706565856934,3848.4854566450085
10854.0,26.5203857421875,4.116069793701172,3848.761370446009
10855.0,22.033748626708984,3.82387375831604,3849.0495676960127
10856.0,13.24733829498291,3.073988437652588,3849.3373541480105
10857.0,14.243428230285645,2.6411056518554688,3849.6215196640114
10858.0,7.670267105102539,1.6177188158035278,3849.9052500370017
10859.0,12.064902305603027,3.412475347518921,3850.2156163430045
10860.0,7.157678604125977,1.6093919277191162,3850.499269909007
10861.0,10.260510444641113,2.197436571121216,3850.802480135011
10862.0,18.277462005615234,3.500798225402832,3851.1232522290084
10863.0,14.223299026489258,2.853999137878418,3851.4200486560003
10864.0,5.2625555992126465,1.4379688501358032,3851.7112183090067
10865.0,13.099699020385742,2.5896246433258057,3851.988605961
10866.0,58.39897918701172,5.0392746925354,3852.291032043009
10867.0,10.245420455932617,2.4649174213409424,3852.5928483110038
10868.0,25.42629623413086,3.6238415241241455,3852.882622629011
10869.0,19.566429138183594,3.502786159515381,3853.1677989220043
10870.0,15.452317237854004,3.1308860778808594,3853.4709930570098
10871.0,4.939399719238281,1.3225855827331543,3853.768416831008
10872.0,7.864789009094238,1.7999905347824097,3854.0581159640133
10873.0,27.506643295288086,4.531846523284912,3854.3505128170073
10874.0,8.077532768249512,1.9374780654907227,3854.6282528380107
10875.0,7.2077250480651855,1.7592171430587769,3854.915191099004
10876.0,14.802384376525879,3.499589443206787,3855.205931654011
10877.0,19.760601043701172,3.6533501148223877,3855.5049375210074
10878.0,7.218646049499512,2.245986223220825,3855.78264392
10879.0,16.85690689086914,3.2978482246398926,3856.066020062004
10880.0,7.689958572387695,1.698116421699524,3856.3562554890086
10881.0,4.920737266540527,1.3016223907470703,3856.640907793
10882.0,14.031173706054688,2.822892904281616,3856.935101879004
10883.0,16.245037078857422,3.550161123275757,3857.2152762790065
10884.0,6.713484287261963,1.5973204374313354,3857.512608460005
10885.0,12.119132041931152,3.001082420349121,3857.7903903860133
10886.0,22.736148834228516,3.607097864151001,3858.088672319005
10887.0,5.491573333740234,1.3642772436141968,3858.378939602
10888.0,15.355047225952148,3.401705503463745,3858.6887610200065
10889.0,20.133285522460938,3.7675375938415527,3858.994152778003
10890.0,3.9247326850891113,1.0332154035568237,3859.283029327009
10891.0,13.203485488891602,2.422752618789673,3859.571671964004
10892.0,9.142436981201172,1.7753154039382935,3859.8511586480017
10893.0,10.115478515625,2.5022802352905273,3860.1522537590063
10894.0,4.203434944152832,1.0704066753387451,3860.4457334250037
10895.0,11.560417175292969,2.592395305633545,3860.727928430002
10896.0,13.544240951538086,3.135810375213623,3861.0223323920072
10897.0,7.004691123962402,1.6503872871398926,3861.2973554420023
10898.0,4.820331573486328,1.392378568649292,3861.5690647320007
10899.0,18.332340240478516,3.169644832611084,3861.870663935013
10900.0,6.280838966369629,1.5816595554351807,3862.171661967004
10901.0,6.559969902038574,1.4993107318878174,3868.2886699590017
10902.0,7.699313163757324,1.8315117359161377,3868.5689414020017
10903.0,7.660370826721191,1.7371267080307007,3868.8902598730056
10904.0,99.21686553955078,7.331276893615723,3869.2060731820093
10905.0,7.865633964538574,1.4460307359695435,3869.519695312003
10906.0,30.503787994384766,4.538421630859375,3869.8102777230088
10907.0,8.464265823364258,2.149745225906372,3870.102818369007
10908.0,22.978654861450195,4.2602219581604,3870.3795489260083
10909.0,5.507140636444092,1.3804179430007935,3870.663538101013
10910.0,5.832638740539551,1.5371131896972656,3870.95763163401
10911.0,25.036285400390625,4.476255416870117,3871.2497048160003
10912.0,22.25078010559082,3.834041118621826,3871.541578963006
10913.0,13.882637023925781,2.729487895965576,3871.826381100007
10914.0,8.305318832397461,1.962815761566162,3872.1184664270113
10915.0,100.69293212890625,10.306244850158691,3872.414462320012
10916.0,7.341822624206543,1.891809344291687,3872.6999742140033
10917.0,10.333386421203613,2.1803739070892334,3872.9916739320033
10918.0,38.437217712402344,5.075282573699951,3873.2767907550005
10919.0,36.63616180419922,8.161337852478027,3873.568231436002
10920.0,13.827045440673828,3.504354238510132,3873.8643377130065
10921.0,6.943209648132324,1.7371915578842163,3874.1452801039995
10922.0,13.083083152770996,2.9378392696380615,3874.415806575009
10923.0,5.231451988220215,1.2747526168823242,3874.70804047001
10924.0,5.818695068359375,1.583861231803894,3874.997034275002
10925.0,7.001672744750977,1.4713259935379028,3875.283451085008
10926.0,14.514864921569824,2.3317813873291016,3875.5820910370094
10927.0,9.004886627197266,2.168379068374634,3875.889565559002
10928.0,12.834062576293945,3.459900140762329,3876.186434209012
10929.0,43.86454772949219,6.84310245513916,3876.47130235401
10930.0,11.132932662963867,2.7913661003112793,3876.7539926290046
10931.0,13.594348907470703,2.6249849796295166,3877.040691799004
10932.0,8.687845230102539,1.7882241010665894,3877.328039925007
10933.0,3.602344274520874,1.0147475004196167,3877.601833230001
10934.0,35.15329360961914,7.680078983306885,3877.90813493701
10935.0,13.656723976135254,2.982743501663208,3878.190022707
10936.0,3.9982047080993652,1.034467339515686,3878.480960724002
10937.0,11.433612823486328,2.476562261581421,3878.75280839701
10938.0,6.4028825759887695,1.6229947805404663,3879.0394834540057
10939.0,8.845882415771484,2.283931016921997,3879.311645534006
10940.0,15.24896240234375,2.637697458267212,3879.597419941012
10941.0,22.54167938232422,3.6926379203796387,3879.8686550460116
10942.0,12.924488067626953,3.48209547996521,3880.143070915001
10943.0,9.482597351074219,2.0962564945220947,3880.4197572330013
10944.0,9.070978164672852,2.2420544624328613,3880.698212934003
10945.0,53.10049057006836,5.712751865386963,3880.969061300013
10946.0,44.472801208496094,4.955779075622559,3881.254502988013
10947.0,16.75733184814453,3.371217966079712,3881.5324813270126
10948.0,16.027122497558594,3.0019938945770264,3881.8153789100033
10949.0,5.005610942840576,1.2344403266906738,3882.1016824030085
10950.0,5.888055801391602,1.528658390045166,3882.397020894001
10951.0,8.79226303100586,1.8871095180511475,3882.690443749001
10952.0,14.577526092529297,3.978712320327759,3882.986308514999
10953.0,14.812122344970703,2.331141233444214,3883.262575192013
10954.0,14.296772003173828,2.6842377185821533,3883.5715484820103
10955.0,4.8761515617370605,1.2287193536758423,3883.856636304001
10956.0,27.429933547973633,4.325987815856934,3884.155731081002
10957.0,16.359050750732422,3.1186981201171875,3884.448178538005
10958.0,12.502124786376953,2.3887932300567627,3884.746060991005
10959.0,75.99471282958984,9.222540855407715,3885.031100843
10960.0,19.893810272216797,3.9081757068634033,3885.337209481004
10961.0,84.1917724609375,8.64047908782959,3885.628289251006
10962.0,12.604899406433105,2.527888536453247,3885.9199711010006
10963.0,11.536896705627441,2.7878754138946533,3886.223361908007
10964.0,10.522162437438965,2.3012819290161133,3886.519119303004
10965.0,5.851750373840332,1.630491018295288,3886.795742351009
10966.0,32.50310516357422,4.9728684425354,3887.064320716003
10967.0,13.475095748901367,2.7070798873901367,3887.3471480630105
10968.0,16.026290893554688,3.554971694946289,3887.6264814390015
10969.0,54.91223907470703,10.907048225402832,3887.9062732270104
10970.0,10.034890174865723,2.753728151321411,3888.192572259999
10971.0,4.643317222595215,1.292326807975769,3888.4810567509994
10972.0,25.24089813232422,4.4159369468688965,3888.756212405002
10973.0,24.589275360107422,3.914046049118042,3889.0354570300115
10974.0,47.346168518066406,5.235866546630859,3889.318107694009
10975.0,7.747746467590332,1.9585869312286377,3889.603334296
10976.0,30.459609985351562,4.859370231628418,3889.8972373380093
10977.0,14.118526458740234,2.501605272293091,3890.18122246
10978.0,5.806653022766113,1.3138893842697144,3890.468496530011
10979.0,50.276893615722656,6.2616286277771,3890.7366007480014
10980.0,20.043899536132812,3.383842706680298,3891.0178092179995
10981.0,17.79897689819336,3.4066824913024902,3891.3080727800116
10982.0,33.87644958496094,5.316540718078613,3891.5920166630094
10983.0,18.585533142089844,3.62929105758667,3891.8761346170068
10984.0,7.059568405151367,1.835066318511963,3892.15647663
10985.0,12.679327011108398,2.4859671592712402,3892.444422022003
10986.0,28.887807846069336,3.460466146469116,3892.7389648170065
10987.0,11.304342269897461,3.1121630668640137,3893.0353808680084
10988.0,23.00977325439453,3.5999317169189453,3893.3119094710128
10989.0,4.882673740386963,1.1861732006072998,3893.5865107420104
10990.0,13.830266952514648,2.8907248973846436,3893.867787717012
10991.0,13.591331481933594,2.51593279838562,3894.144328814
10992.0,68.11143493652344,9.099099159240723,3894.418982568008
10993.0,6.71006441116333,1.4417246580123901,3894.709820517004
10994.0,40.006282806396484,4.979165077209473,3895.006469991
10995.0,9.034794807434082,1.7120321989059448,3895.2857301650074
10996.0,11.421975135803223,2.221505641937256,3895.571256125011
10997.0,6.516679286956787,1.4396542310714722,3895.8605898030073
10998.0,5.307340621948242,1.3772152662277222,3896.1484535199997
10999.0,5.565095901489258,1.3595856428146362,3896.429418206011
11000.0,24.111024856567383,4.4033732414245605,3896.7168465840077
11001.0,10.621955871582031,2.286449432373047,3902.9039493230084
11002.0,26.88137435913086,5.088674545288086,3903.192551294007
11003.0,13.827205657958984,3.1085503101348877,3903.4794054130034
11004.0,5.753841876983643,1.6304017305374146,3903.767092004011
11005.0,34.99223327636719,5.822587966918945,3904.0497846490034
11006.0,13.602917671203613,2.565444231033325,3904.3415880390094
11007.0,17.411460876464844,3.882995128631592,3904.6285568250023
11008.0,27.1419677734375,4.345063209533691,3904.91857807801
11009.0,5.586124420166016,1.4921025037765503,3905.1954739530047
11010.0,10.870054244995117,2.637868642807007,3905.4707613780047
11011.0,18.211597442626953,3.8344388008117676,3905.746832375007
11012.0,28.48448371887207,4.793766021728516,3906.0246451150015
11013.0,55.113826751708984,7.051513671875,3906.3165632650052
11014.0,7.874393463134766,2.252340793609619,3906.5909863510024
11015.0,5.252669334411621,1.2990055084228516,3906.8895525270054
11016.0,29.571266174316406,4.734405994415283,3907.1815938220097
11017.0,23.670269012451172,4.554269313812256,3907.4652782910125
11018.0,6.669020652770996,1.7514456510543823,3907.7524562830076
11019.0,12.937192916870117,2.7685906887054443,3908.040919113002
11020.0,7.540886402130127,1.6925493478775024,3908.3194494810014
11021.0,12.023433685302734,2.352510452270508,3908.5962691800087
11022.0,7.391298294067383,1.9877921342849731,3908.8904142500105
11023.0,8.66185188293457,2.26080060005188,3909.1651816240046
11024.0,9.939146041870117,1.990951657295227,3909.4628943620046
11025.0,9.225438117980957,2.344813585281372,3909.739705349013
11026.0,10.080219268798828,2.1626780033111572,3910.0305951150076
11027.0,48.17055130004883,7.361778259277344,3910.3065715750126
11028.0,18.43061065673828,3.2390644550323486,3910.5930555430095
11029.0,12.831756591796875,2.5475103855133057,3910.864093021999
11030.0,6.084392070770264,1.898655652999878,3911.1419862900075
11031.0,13.052068710327148,2.460266590118408,3911.4267846930015
11032.0,3.9408586025238037,1.0266196727752686,3911.7251493440126
11033.0,12.194090843200684,2.59883713722229,3912.0011494339997
11034.0,40.95319366455078,5.394554138183594,3912.290657809004
11035.0,14.028078079223633,2.59639048576355,3912.5786445539998
11036.0,12.422686576843262,2.660602569580078,3912.852136777001
11037.0,10.451715469360352,2.3051860332489014,3913.1406508440123
11038.0,4.831452369689941,1.1754282712936401,3913.421007953002
11039.0,16.134864807128906,3.0952320098876953,3913.7008329310047
11040.0,41.3379020690918,5.277087688446045,3913.971560392005
11041.0,10.719868659973145,2.5827183723449707,3914.2526786270028
11042.0,7.06134557723999,1.7576285600662231,3914.5371608760033
11043.0,8.098353385925293,1.7886005640029907,3914.8294452970003
11044.0,44.74414825439453,4.414759159088135,3915.102356087009
11045.0,22.882783889770508,3.8623523712158203,3915.3943903340114
11046.0,19.63719940185547,3.299278974533081,3915.6744203230046
11047.0,11.585004806518555,2.658623218536377,3915.9667931840086
11048.0,10.813281059265137,2.3814949989318848,3916.2475369830063
11049.0,10.243091583251953,2.5502593517303467,3916.521241152004
11050.0,23.27521514892578,4.240378379821777,3916.810657315
11051.0,10.35171127319336,2.1277923583984375,3917.0883923830115
11052.0,17.290771484375,3.508026361465454,3917.37046164801
11053.0,17.304487228393555,3.02933406829834,3917.659632332012
11054.0,27.532123565673828,4.11492919921875,3917.9374069410114
11055.0,5.180758953094482,1.2237908840179443,3918.237301689005
11056.0,49.2329216003418,6.038024425506592,3918.5234601870034
11057.0,6.0197343826293945,1.3726774454116821,3918.797231016011
11058.0,9.495765686035156,2.7575299739837646,3919.087026680005
11059.0,5.860455513000488,1.4441039562225342,3919.3720072760043
11060.0,4.001612663269043,1.02956223487854,3919.651734914005
11061.0,6.9954328536987305,2.1363251209259033,3919.937718307003
11062.0,5.25423002243042,1.321046233177185,3920.2299822170025
11063.0,15.020574569702148,3.0748705863952637,3920.5071455920115
11064.0,9.022189140319824,2.1148736476898193,3920.8014251970017
11065.0,21.51734161376953,3.436199426651001,3921.074959665013
11066.0,10.36036491394043,1.9439775943756104,3921.3671930130076
11067.0,16.97662353515625,3.680779457092285,3921.6653914240014
11068.0,21.01525115966797,3.7142539024353027,3921.9419480060023
11069.0,27.147262573242188,4.705829620361328,3922.2366353810066
11070.0,14.476966857910156,2.8658783435821533,3922.5161976920062
11071.0,64.7483901977539,7.726022243499756,3922.812180537003
11072.0,10.716829299926758,2.50612211227417,3923.1021429910033
11073.0,18.244911193847656,2.966090440750122,3923.406859032999
11074.0,24.907920837402344,4.510966777801514,3923.6845813890104
11075.0,6.817695140838623,1.4688677787780762,3923.9742513820092
11076.0,10.301033020019531,2.295854091644287,3924.2751913380052
11077.0,11.636947631835938,2.3624675273895264,3924.5738454400125
11078.0,8.52525806427002,2.0180821418762207,3924.886097077004
11079.0,17.93214988708496,3.1823339462280273,3925.177667106007
11080.0,2.535083055496216,0.7335949540138245,3925.4612364310015
11081.0,12.65315055847168,2.9325547218322754,3925.7457110380055
11082.0,12.982015609741211,2.210885524749756,3926.0300381190027
11083.0,17.676902770996094,2.6493079662323,3926.3351058560074
11084.0,11.956302642822266,2.7670600414276123,3926.624624502001
11085.0,7.6132659912109375,2.030778646469116,3926.9206030350033
11086.0,2.499887704849243,0.6788365840911865,3927.208855552002
11087.0,19.241138458251953,3.1330339908599854,3927.4917157230084
11088.0,23.503232955932617,5.559969902038574,3927.781978155006
11089.0,27.941204071044922,4.10159969329834,3928.060608065003
11090.0,11.533432960510254,3.0710790157318115,3928.355883013006
11091.0,12.290788650512695,2.1374902725219727,3928.632743537004
11092.0,12.546735763549805,3.1377878189086914,3928.9200922340096
11093.0,17.901859283447266,3.3112916946411133,3929.203454393006
11094.0,33.65923309326172,7.421442985534668,3929.4835389290092
11095.0,4.922412395477295,1.3967047929763794,3929.780430478
11096.0,4.494237422943115,1.3234037160873413,3930.060957904003
11097.0,6.995271682739258,2.1106977462768555,3930.3460172370105
11098.0,4.928528308868408,1.3535462617874146,3930.6342620860087
11099.0,24.41999053955078,4.482578754425049,3930.921908894001
11100.0,6.487048149108887,1.7198456525802612,3931.224778296004
11101.0,38.21419143676758,5.377200126647949,3937.1797868030117
11102.0,62.078956604003906,7.635242938995361,3937.4702060960117
11103.0,8.157264709472656,1.6724531650543213,3937.759285888009
11104.0,15.191617965698242,2.764779806137085,3938.0376021170086
11105.0,39.24649429321289,5.028336524963379,3938.3185625550104
11106.0,6.674175262451172,1.7438472509384155,3938.605348563011
11107.0,7.776081085205078,1.740729808807373,3938.8825874940085
11108.0,18.13779067993164,2.959299325942993,3939.169739027013
11109.0,9.988304138183594,2.7098939418792725,3939.442493757
11110.0,4.3733673095703125,1.1311405897140503,3939.720441559999
11111.0,67.78681945800781,8.693902015686035,3940.015164302007
11112.0,15.470054626464844,3.1429216861724854,3940.314579019003
11113.0,4.780572414398193,1.152948260307312,3940.597721650003
11114.0,38.712623596191406,4.445432662963867,3940.881792971006
11115.0,6.674661159515381,1.238690733909607,3941.1775028350094
11116.0,4.627714157104492,1.139451026916504,3941.4699210010003
11117.0,7.281825065612793,1.777988076210022,3941.7650216430047
11118.0,24.163808822631836,3.08709979057312,3942.051267990013
11119.0,10.173654556274414,2.007085084915161,3942.3302439030085
11120.0,4.914989471435547,1.5361601114273071,3942.627204207005
11121.0,33.83194351196289,4.353724956512451,3942.921710337003
11122.0,14.566421508789062,2.7617249488830566,3943.2229369340057
11123.0,11.838397979736328,2.785358428955078,3943.5002063710126
11124.0,17.894702911376953,3.52508544921875,3943.7895138020103
11125.0,33.40406036376953,4.618483543395996,3944.0803969850094
11126.0,27.668197631835938,5.3547682762146,3944.357223043
11127.0,22.32605743408203,3.7845308780670166,3944.6453412260016
11128.0,5.302051544189453,1.4348464012145996,3944.9340178790007
11129.0,8.715815544128418,2.339320182800293,3945.2240920070035
11130.0,6.187703609466553,1.621533751487732,3945.521249040001
11131.0,17.347124099731445,3.6997857093811035,3945.801484243013
11132.0,5.369205951690674,1.3957152366638184,3946.091922149004
11133.0,13.871254920959473,2.605372190475464,3946.3781701510015
11134.0,5.672815322875977,1.5177428722381592,3946.6669141780003
11135.0,14.405405044555664,2.176964044570923,3946.9494455000095
11136.0,6.974541664123535,1.7122797966003418,3947.241839445007
11137.0,4.615238189697266,1.2251659631729126,3947.5257426620083
11138.0,21.9669189453125,3.6085548400878906,3947.8070675240015
11139.0,48.94232177734375,6.145867824554443,3948.079203639005
11140.0,7.935243129730225,1.6129817962646484,3948.3590383560077
11141.0,8.170696258544922,1.9998226165771484,3948.6535171920113
11142.0,7.996237754821777,2.1093597412109375,3948.9432615510013
11143.0,15.833837509155273,3.0051627159118652,3949.233035258003
11144.0,4.836507320404053,1.370482325553894,3949.5195986040053
11145.0,12.690180778503418,2.6578404903411865,3949.7971231120027
11146.0,7.503857135772705,1.8453255891799927,3950.094597886011
11147.0,25.484312057495117,4.402233600616455,3950.3780778090004
11148.0,14.67005729675293,2.7160072326660156,3950.6689735640102
11149.0,23.535236358642578,5.534341335296631,3950.9588990949997
11150.0,41.051429748535156,5.7938151359558105,3951.247302366013
11151.0,6.7740020751953125,1.3233309984207153,3951.5232781840023
11152.0,16.19548225402832,2.8825337886810303,3951.8032333220035
11153.0,13.85299015045166,3.168924570083618,3952.082493239999
11154.0,16.44113540649414,3.0845446586608887,3952.3799823610025
11155.0,10.194766998291016,2.4215238094329834,3952.6634405799996
11156.0,10.343801498413086,2.2771170139312744,3952.9402874750085
11157.0,6.337159633636475,1.4896363019943237,3953.231405426006
11158.0,11.7625150680542,2.5315370559692383,3953.555989815999
11159.0,11.560403823852539,2.3106515407562256,3953.897763869012
11160.0,17.504337310791016,2.870873212814331,3954.228011972009
11161.0,10.444893836975098,2.527203321456909,3954.5314932559995
11162.0,8.516660690307617,1.9136509895324707,3954.8477581360057
11163.0,6.939416885375977,1.8415576219558716,3955.1584729400056
11164.0,7.0896687507629395,1.5902771949768066,3955.43300614701
11165.0,7.869819164276123,1.9523459672927856,3955.7273788599996
11166.0,13.048288345336914,2.528754234313965,3956.015682991012
11167.0,3.5532100200653076,0.9954842925071716,3956.3080925280083
11168.0,5.016600131988525,1.3277571201324463,3956.5936352410063
11169.0,8.68211555480957,2.2493555545806885,3956.864127870009
11170.0,17.25426483154297,3.105654001235962,3957.1521404850064
11171.0,14.5711088180542,3.9357409477233887,3957.435463959002
11172.0,12.703950881958008,2.5809831619262695,3957.719446261006
11173.0,16.665775299072266,3.001999616622925,3957.9910635950073
11174.0,37.45551300048828,6.446046352386475,3958.2693955620052
11175.0,35.55998992919922,5.7717485427856445,3958.553388419008
11176.0,11.122166633605957,3.0614442825317383,3958.8451620060077
11177.0,8.415031433105469,1.9211057424545288,3959.120687884002
11178.0,9.770251274108887,2.1470754146575928,3959.3955895270046
11179.0,190.2922821044922,18.86683464050293,3959.677417261002
11180.0,6.304370880126953,1.3953075408935547,3959.968902116001
11181.0,10.05855941772461,2.2166941165924072,3960.2622546760103
11182.0,8.70230484008789,1.843457818031311,3960.546187967004
11183.0,67.9509506225586,7.020122051239014,3960.8198570670065
11184.0,22.920398712158203,4.325856685638428,3961.110271984013
11185.0,5.2918596267700195,1.2578035593032837,3961.382187211013
11186.0,23.16595458984375,3.754262924194336,3961.661927874011
11187.0,8.231075286865234,1.795418381690979,3961.946051956009
11188.0,31.978248596191406,3.6872549057006836,3962.2341850810044
11189.0,15.858769416809082,3.4060182571411133,3962.5084235090035
11190.0,7.963309288024902,1.7989219427108765,3962.7994468230027
11191.0,6.261710166931152,1.4470343589782715,3963.090155774
11192.0,15.128448486328125,2.805577039718628,3963.378303414007
11193.0,24.14311981201172,3.894192695617676,3963.6545050330024
11194.0,6.737722396850586,1.348611831665039,3963.935735709005
11195.0,7.963461875915527,2.063145160675049,3964.21494533401
11196.0,34.90522003173828,5.45403528213501,3964.5032700990123
11197.0,14.957639694213867,2.816105365753174,3964.787282231002
11198.0,39.60652160644531,5.112295627593994,3965.0614265660115
11199.0,24.733152389526367,3.65407657623291,3965.360212951011
11200.0,25.410730361938477,4.318926811218262,3965.631688518013
11201.0,5.960854530334473,1.534151315689087,3971.5715946080018
11202.0,4.821155548095703,1.3118820190429688,3971.8584809530003
11203.0,4.426736831665039,1.2666816711425781,3972.1407796300045
11204.0,48.379150390625,6.952014923095703,3972.414541358012
11205.0,14.783891677856445,2.730710029602051,3972.705319986999
11206.0,7.113892555236816,1.5285543203353882,3972.999467711008
11207.0,38.29784393310547,5.361114978790283,3973.284635754011
11208.0,5.263926029205322,1.335597038269043,3973.5656244060083
11209.0,34.897804260253906,4.58143424987793,3973.8430982790014
11210.0,22.65877914428711,3.7765910625457764,3974.1266859160096
11211.0,8.773681640625,1.931178092956543,3974.4209250060085
11212.0,34.36656188964844,4.991552829742432,3974.694552964007
11213.0,10.059524536132812,2.2548129558563232,3974.985747695013
11214.0,6.134431838989258,1.475404977798462,3975.2814002470113
11215.0,10.308450698852539,2.6285815238952637,3975.571651200007
11216.0,14.643558502197266,3.419987678527832,3975.8773522970005
11217.0,17.543367385864258,3.024768114089966,3976.179476608013
11218.0,24.420181274414062,3.5356359481811523,3976.4649777440063
11219.0,6.801116466522217,1.5858632326126099,3976.744055166011
11220.0,13.58511734008789,2.898571491241455,3977.0357915370114
11221.0,74.66267395019531,8.790861129760742,3977.3321477550053
11222.0,11.854751586914062,2.343644380569458,3977.645265542
11223.0,5.133832931518555,1.193074345588684,3977.933472254008
11224.0,14.027791976928711,3.166152000427246,3978.2368495289993
11225.0,14.508995056152344,2.5818827152252197,3978.5201630480005
11226.0,72.36396789550781,7.616542816162109,3978.81020533001
11227.0,8.41225814819336,1.8879913091659546,3979.0966791740066
11228.0,8.682337760925293,2.5682904720306396,3979.4064657790004
11229.0,13.910333633422852,2.7373712062835693,3979.6924833190133
11230.0,11.255908012390137,2.100639581680298,3979.971326184008
11231.0,6.05284309387207,1.4142372608184814,3980.264365094001
11232.0,38.260467529296875,4.138641834259033,3980.559233364009
11233.0,35.997764587402344,4.926988124847412,3980.84512592401
11234.0,29.020156860351562,4.4494853019714355,3981.148023032001
11235.0,19.218910217285156,3.400428533554077,3981.440358404012
11236.0,60.4981689453125,6.352718353271484,3981.710574795012
11237.0,16.666114807128906,3.172353982925415,3981.988177256004
11238.0,18.61062240600586,3.23526930809021,3982.2697033570003
11239.0,4.150827407836914,0.9591254591941833,3982.551898529011
11240.0,12.915626525878906,2.474764585494995,3982.839078239005
11241.0,5.300927639007568,1.5318098068237305,3983.106107052008
11242.0,9.06355094909668,1.9384187459945679,3983.395947202007
11243.0,20.58519744873047,3.90496563911438,3983.6855792580027
11244.0,20.711383819580078,4.045747756958008,3983.9733344230044
11245.0,7.669869899749756,1.965757131576538,3984.2653189460107
11246.0,6.083528518676758,1.6280251741409302,3984.537510067006
11247.0,10.909217834472656,2.023775815963745,3984.810551788003
11248.0,9.289168357849121,2.266608238220215,3985.1031854739995
11249.0,22.045562744140625,3.759636878967285,3985.458839015002
11250.0,34.5904655456543,5.315445899963379,3985.7616404500004
11251.0,34.35694122314453,5.6064629554748535,3986.057430937013
11252.0,9.550020217895508,2.00118350982666,3986.366489061009
11253.0,35.443145751953125,7.488616943359375,3986.6697263820097
11254.0,17.05880355834961,3.313070297241211,3986.9779118290026
11255.0,8.875686645507812,2.434826612472534,3987.2965313450113
11256.0,10.434736251831055,2.4503302574157715,3987.608160177013
11257.0,100.6617202758789,10.78604793548584,3987.8987663920125
11258.0,5.814272403717041,1.6527756452560425,3988.1970554230065
11259.0,17.811386108398438,3.3453497886657715,3988.511064754013
11260.0,8.082474708557129,1.6031711101531982,3988.814511702003
11261.0,4.596636772155762,1.1663206815719604,3989.1378056730027
11262.0,32.78780746459961,5.305438995361328,3989.446137748004
11263.0,18.4549503326416,2.9487030506134033,3989.799291847012
11264.0,13.78072738647461,2.625847816467285,3990.1511757810076
11265.0,13.230951309204102,2.678313970565796,3990.4723978480033
11266.0,19.538715362548828,3.8319578170776367,3990.7582750550064
11267.0,5.038537979125977,1.367255687713623,3991.099904307004
11268.0,8.052213668823242,1.8324955701828003,3991.4270219600003
11269.0,13.858440399169922,3.0315473079681396,3991.726188023007
11270.0,14.350421905517578,2.369675636291504,3992.039258364006
11271.0,23.931053161621094,4.514162063598633,3992.333788931006
11272.0,16.381723403930664,3.2213706970214844,3992.643977210013
11273.0,26.286376953125,3.075270891189575,3992.9799363290076
11274.0,19.06629753112793,3.1579835414886475,3993.287009573003
11275.0,10.070064544677734,1.9754586219787598,3993.574661125007
11276.0,6.155801773071289,1.6321022510528564,3993.875324804001
11277.0,13.010321617126465,2.771061420440674,3994.1942309730075
11278.0,15.19970989227295,3.624648094177246,3994.514838523013
11279.0,11.27690315246582,2.4792251586914062,3994.822796258013
11280.0,5.261097431182861,1.2695958614349365,3995.1446884160105
11281.0,9.479949951171875,2.5946309566497803,3995.434129467001
11282.0,23.402263641357422,3.73346209526062,3995.8113565960084
11283.0,5.048975467681885,1.4487063884735107,3996.249706032002
11284.0,6.545110702514648,1.461482048034668,3996.572488634003
11285.0,10.085094451904297,2.159513235092163,3996.874166902009
11286.0,12.337432861328125,3.109821319580078,3997.193999154013
11287.0,46.433135986328125,5.53648567199707,3997.4987191830005
11288.0,10.062308311462402,2.617321252822876,3997.801136619004
11289.0,17.303882598876953,3.084584951400757,3998.088233254006
11290.0,5.941133975982666,1.4513063430786133,3998.4114172960108
11291.0,28.518165588378906,4.6363115310668945,3998.7919644860085
11292.0,26.444271087646484,4.132824420928955,3999.2945685980085
11293.0,7.70798397064209,1.9747666120529175,3999.7586212780006
11294.0,25.93091583251953,4.165700435638428,4000.144326665002
11295.0,45.20600128173828,5.196834087371826,4000.9348329230124
11296.0,10.979941368103027,2.5395290851593018,4001.515594074008
11297.0,17.781286239624023,3.6411216259002686,4002.267818877008
11298.0,4.931202411651611,1.2493348121643066,4002.6433133920073
11299.0,19.445571899414062,3.470736026763916,4002.9681537580036
11300.0,31.289255142211914,5.305849552154541,4003.3117873090087
11301.0,11.987482070922852,2.7906486988067627,4015.334808841013
11302.0,22.025615692138672,3.526841640472412,4015.6613227240014
11303.0,5.9699859619140625,1.2870334386825562,4015.9424456359993
11304.0,20.25246810913086,3.368086814880371,4016.2282498440036
11305.0,7.140585899353027,2.040874481201172,4016.541521883002
11306.0,4.635447978973389,1.1056808233261108,4016.8892499860085
11307.0,30.36784553527832,5.088911056518555,4017.2300330780126
11308.0,29.62645721435547,4.228879451751709,4017.5672365810024
11309.0,92.09346008300781,11.285276412963867,4017.909280774009
11310.0,4.216716289520264,1.191035270690918,4018.3189591980044
11311.0,8.810540199279785,2.280604124069214,4018.6365453840117
11312.0,9.060775756835938,2.0718348026275635,4018.9242758990003
11313.0,8.679573059082031,1.8933218717575073,4019.2556586940045
11314.0,8.886994361877441,1.967147946357727,4019.5872327510006
11315.0,19.822525024414062,3.54825758934021,4019.902166969012
11316.0,75.53852844238281,9.62307071685791,4020.2434663300082
11317.0,7.091343402862549,2.1739885807037354,4020.666805233006
11318.0,26.448841094970703,4.608180999755859,4021.051473869011
11319.0,11.511575698852539,2.5949337482452393,4021.387126947011
11320.0,12.327762603759766,2.6290719509124756,4021.7474361850036
11321.0,71.8607177734375,12.027434349060059,4022.04879654001
11322.0,5.4552435874938965,1.3501445055007935,4022.401296794007
11323.0,4.6772565841674805,1.2716318368911743,4022.739448560009
11324.0,49.0006103515625,6.534891128540039,4023.151192546007
11325.0,7.210017681121826,1.6826198101043701,4023.5343289070006
11326.0,4.709962844848633,1.3439372777938843,4023.8392279880063
11327.0,15.635711669921875,2.7064332962036133,4024.1908837000083
11328.0,8.137128829956055,2.0145041942596436,4024.500630751005
11329.0,27.53876495361328,3.317605972290039,4024.822271895013
11330.0,7.487527847290039,1.6576517820358276,4025.1463948460005
11331.0,17.001113891601562,3.184384346008301,4025.4745943760063
11332.0,33.730613708496094,5.412929534912109,4025.810024698003
11333.0,10.05172348022461,2.5367085933685303,4026.1459713290096
11334.0,21.943538665771484,4.445010185241699,4026.452283193008
11335.0,9.094472885131836,2.0513834953308105,4026.7651999310037
11336.0,18.83646011352539,3.5714523792266846,4027.061625279006
11337.0,5.761879920959473,1.4818623065948486,4027.359670778009
11338.0,2.775416374206543,0.7352506518363953,4027.6518406910036
11339.0,24.35205841064453,3.86747407913208,4027.9994608510024
11340.0,56.57628631591797,7.456048965454102,4028.3316636220115
11341.0,16.537311553955078,3.2220520973205566,4028.6462627800065
11342.0,3.9985408782958984,1.0222824811935425,4028.994650145003
11343.0,9.845342636108398,2.415839433670044,4029.329230207004
11344.0,16.00802993774414,2.947108507156372,4029.637292644009
11345.0,5.943803787231445,1.6199212074279785,4030.029014445012
11346.0,7.414880752563477,1.720221996307373,4030.3919372590026
11347.0,10.673697471618652,2.513766288757324,4030.735302887013
11348.0,9.96835994720459,1.957985758781433,4031.15396980301
11349.0,13.383419036865234,3.727323055267334,4031.5017579370033
11350.0,6.2113447189331055,1.434969425201416,4031.8631567490083
11351.0,20.6009578704834,3.715153217315674,4032.187370469008
11352.0,7.574191570281982,1.808955430984497,4032.54296487401
11353.0,6.933407783508301,1.4642324447631836,4032.867211336008
11354.0,10.604049682617188,2.5729165077209473,4033.1719123040093
11355.0,4.284154891967773,1.1312255859375,4033.5094792190066
11356.0,10.602046966552734,1.9097284078598022,4033.8448889800056
11357.0,9.898128509521484,2.214534044265747,4034.1865251270065
11358.0,5.317184925079346,1.2699867486953735,4034.51330985401
11359.0,22.762109756469727,3.6579902172088623,4034.952038342002
11360.0,8.361351013183594,2.474485397338867,4035.289701690999
11361.0,11.799173355102539,2.7938528060913086,4035.5913652710005
11362.0,25.080055236816406,3.9805920124053955,4036.0213971430057
11363.0,101.97883605957031,12.021201133728027,4036.371418954004
11364.0,12.071067810058594,2.4360241889953613,4036.747909041005
11365.0,14.404178619384766,2.6647887229919434,4037.071425209011
11366.0,5.218077182769775,1.406249761581421,4037.380389755999
11367.0,16.251537322998047,3.531712532043457,4037.702303951999
11368.0,4.018668174743652,1.1713626384735107,4038.029329202007
11369.0,9.57541275024414,2.4188685417175293,4038.3686514560104
11370.0,18.996200561523438,3.157594919204712,4038.762389805008
11371.0,6.327408790588379,1.6624462604522705,4039.0750462430005
11372.0,11.142480850219727,2.3055546283721924,4039.428023520013
11373.0,11.068674087524414,2.2623724937438965,4039.787836044008
11374.0,15.720600128173828,2.694755792617798,4040.110667579007
11375.0,38.71493148803711,5.367528438568115,4040.4558568570064
11376.0,7.350093364715576,1.923944115638733,4040.768111070007
11377.0,58.5887451171875,7.780102252960205,4041.098632993002
11378.0,37.68759536743164,5.769741058349609,4041.4330149710004
11379.0,13.127854347229004,2.9054038524627686,4041.8970711389993
11380.0,17.369781494140625,3.17804217338562,4042.2594033710047
11381.0,11.952197074890137,2.705136299133301,4042.6507479010033
11382.0,6.587282180786133,1.6268411874771118,4043.0272551360104
11383.0,36.406063079833984,5.0395941734313965,4043.4135302840004
11384.0,21.892101287841797,3.641875982284546,4043.785449351999
11385.0,10.390438079833984,2.3724658489227295,4044.121661605008
11386.0,10.39737606048584,2.023707866668701,4044.4687513860117
11387.0,13.637931823730469,2.8607985973358154,4044.8937190340075
11388.0,23.791763305664062,4.506582736968994,4045.4071541600133
11389.0,3.1317994594573975,0.8633960485458374,4045.8410596690082
11390.0,14.332112312316895,2.845069169998169,4046.1809345780057
11391.0,8.914562225341797,2.250908613204956,4046.5277170260088
11392.0,9.417381286621094,1.7240228652954102,4046.9170034370036
11393.0,4.1170334815979,1.0267618894577026,4047.319144113004
11394.0,10.668447494506836,2.3413589000701904,4047.7370427740098
11395.0,12.464263916015625,3.0257978439331055,4048.142115217008
11396.0,7.196368217468262,1.7510114908218384,4048.5523440810066
11397.0,7.927763938903809,1.9679999351501465,4049.051632759001
11398.0,11.122875213623047,2.7366394996643066,4049.445400440003
11399.0,35.528472900390625,6.023757457733154,4049.9075941160118
11400.0,3.985805034637451,1.0780001878738403,4050.397059539013
11401.0,55.561920166015625,7.899150848388672,4060.6059343460074
11402.0,5.468666076660156,1.3145959377288818,4060.943424699013
11403.0,12.25692081451416,2.4402151107788086,4061.316505872004
11404.0,11.380167007446289,2.9625601768493652,4061.7216746790073
11405.0,41.932830810546875,7.426647186279297,4062.1290058880113
11406.0,24.518245697021484,3.9119157791137695,4062.538818428002
11407.0,5.333463191986084,1.40430748462677,4062.9754069730116
11408.0,4.568518161773682,1.3479036092758179,4063.420770331999
11409.0,13.08955192565918,2.8174519538879395,4063.7972021310125
11410.0,8.30960464477539,1.5272395610809326,4064.272826861008
11411.0,11.01461410522461,2.3636960983276367,4064.74015212401
11412.0,8.5838623046875,1.9563674926757812,4065.201953689
11413.0,67.74964904785156,7.775243282318115,4065.618042045011
11414.0,22.252887725830078,3.6284635066986084,4066.033219454999
11415.0,8.632923126220703,2.4882469177246094,4066.3705982460087
11416.0,8.38107681274414,1.6722016334533691,4066.787570007
11417.0,18.36798858642578,3.152287006378174,4067.139530585002
11418.0,8.650103569030762,2.3289525508880615,4067.485073311007
11419.0,4.913706302642822,1.3098868131637573,4067.8588628660073
11420.0,62.94640350341797,6.637334823608398,4068.2775189530075
11421.0,12.393909454345703,2.602654218673706,4068.6807514910033
11422.0,22.580591201782227,3.6713619232177734,4069.068835529004
11423.0,17.199874877929688,3.1000168323516846,4069.426076882999
11424.0,22.916715621948242,3.2894554138183594,4069.786645842003
11425.0,22.19178009033203,4.139132022857666,4070.1654341050016
11426.0,22.888004302978516,3.724107503890991,4070.5696456200094
11427.0,25.635183334350586,4.664973258972168,4070.941352365
11428.0,10.33730697631836,2.8039097785949707,4071.2826022770023
11429.0,5.468109130859375,1.4643163681030273,4071.6124649060075
11430.0,4.812575340270996,1.1125296354293823,4072.029812428009
11431.0,49.77582550048828,5.834503173828125,4072.4544525390083
11432.0,3.7967638969421387,1.0425820350646973,4072.8533859000017
11433.0,5.167630195617676,1.6585063934326172,4073.185472420999
11434.0,18.588659286499023,3.2818830013275146,4073.621778370012
11435.0,7.865108489990234,1.7567873001098633,4074.0626419990003
11436.0,7.004651069641113,1.8452985286712646,4074.478607679004
11437.0,21.268238067626953,3.6029584407806396,4074.8607284150057
11438.0,7.0309343338012695,1.7307076454162598,4075.2419601270085
11439.0,3.551966428756714,1.0232939720153809,4075.678499095011
11440.0,10.339042663574219,2.4934563636779785,4076.0284883450076
11441.0,14.365964889526367,4.107854843139648,4076.360831145008
11442.0,8.764589309692383,1.9703683853149414,4076.7081162520044
11443.0,22.15167999267578,3.03598952293396,4077.0675277260016
11444.0,13.995706558227539,3.1152541637420654,4077.384635347
11445.0,12.57443618774414,2.6770641803741455,4077.7762084070127
11446.0,10.59124755859375,2.220548629760742,4078.1572423390026
11447.0,8.462916374206543,2.0061826705932617,4078.498356021999
11448.0,18.68824005126953,3.7864603996276855,4078.8872338240035
11449.0,21.440998077392578,3.4087140560150146,4079.2235735600116
11450.0,6.874922275543213,1.5535976886749268,4079.567598876005
11451.0,5.0410308837890625,1.3292202949523926,4079.947441822005
11452.0,5.066239833831787,1.3904743194580078,4080.3182336000027
11453.0,14.30838394165039,3.410242795944214,4080.7140583810105
11454.0,7.3989410400390625,1.8007092475891113,4081.0872003380064
11455.0,4.092615604400635,0.9837674498558044,4081.4962183860043
11456.0,7.22744083404541,1.8998483419418335,4081.912820444006
11457.0,22.169837951660156,4.3487396240234375,4082.2955312010017
11458.0,8.87578010559082,1.9295295476913452,4082.6264916940127
11459.0,27.913997650146484,4.4834723472595215,4082.992929535001
11460.0,23.726037979125977,4.397195816040039,4083.3633687719994
11461.0,35.283592224121094,4.408980369567871,4083.6789811730123
11462.0,9.038236618041992,2.0760533809661865,4084.039562211008
11463.0,17.462251663208008,3.4173126220703125,4084.429472255011
11464.0,38.590614318847656,5.763796806335449,4084.816594739008
11465.0,9.199638366699219,2.460062265396118,4085.189911242007
11466.0,6.64962911605835,1.6994092464447021,4085.534045578999
11467.0,10.011531829833984,2.5590455532073975,4086.179394047009
11468.0,4.918360233306885,1.2713350057601929,4086.514074086008
11469.0,4.528779029846191,1.1612036228179932,4086.8737555520056
11470.0,15.814943313598633,2.8354103565216064,4087.2339087670116
11471.0,10.207388877868652,2.330826997756958,4087.6020492070093
11472.0,17.87145233154297,2.740391254425049,4087.9389715240104
11473.0,16.398754119873047,3.226928472518921,4088.360314881007
11474.0,9.224245071411133,2.400420665740967,4088.762116194004
11475.0,14.04867172241211,2.561610460281372,4089.1287036450085
11476.0,10.9608736038208,2.483597755432129,4089.522651411011
11477.0,10.100531578063965,2.4176101684570312,4089.8947662220016
11478.0,5.37917947769165,1.4923468828201294,4090.2869815640006
11479.0,14.495777130126953,2.8741984367370605,4090.7163056910067
11480.0,7.5024566650390625,2.0454514026641846,4091.024444614013
11481.0,8.607579231262207,2.0419211387634277,4091.3952490440133
11482.0,21.956985473632812,5.293091297149658,4091.745528634012
11483.0,21.12859344482422,3.1374759674072266,4092.064015736003
11484.0,3.986440658569336,1.130172610282898,4092.3585024870117
11485.0,23.587047576904297,4.066766738891602,4092.690687325012
11486.0,18.25912857055664,3.545036554336548,4093.000059860002
11487.0,32.241939544677734,5.0321364402771,4093.3199809500074
11488.0,54.3214225769043,5.5759687423706055,4093.6414369500126
11489.0,21.78141975402832,3.9232959747314453,4093.9479480920127
11490.0,11.525880813598633,2.550865411758423,4094.2699860819994
11491.0,86.83912658691406,14.636422157287598,4094.57363934
11492.0,6.033600807189941,1.3243825435638428,4094.9021445149992
11493.0,22.92824935913086,3.058195114135742,4095.2883938960003
11494.0,17.529312133789062,3.38130521774292,4095.6389994870115
11495.0,17.24026107788086,3.1309990882873535,4095.987135554009
11496.0,5.427637577056885,1.4708482027053833,4096.3209987670125
11497.0,25.103410720825195,4.014044284820557,4096.676773236002
11498.0,19.390274047851562,3.482227087020874,4096.981635117001
11499.0,13.585107803344727,3.192075729370117,4097.319686281
11500.0,14.265924453735352,2.694169282913208,4097.645499784005
11501.0,55.32926940917969,7.25471830368042,4104.735176714006
11502.0,14.767791748046875,3.154442310333252,4105.027084245012
11503.0,5.782426834106445,1.3093661069869995,4105.316936285002
11504.0,16.494953155517578,2.7082064151763916,4105.6065625860065
11505.0,5.359119415283203,1.2427955865859985,4105.894602651999
11506.0,9.061042785644531,2.143702268600464,4106.191883463005
11507.0,10.059455871582031,1.959434151649475,4106.47762444301
11508.0,23.7785587310791,3.959869384765625,4106.777647087001
11509.0,21.216293334960938,4.2107086181640625,4107.081188523007
11510.0,9.861909866333008,2.166083574295044,4107.377222222
11511.0,13.556551933288574,2.8258113861083984,4107.652752381007
11512.0,46.539405822753906,5.5336737632751465,4107.938302695009
11513.0,13.592912673950195,2.9198825359344482,4108.221473007012
11514.0,5.524692058563232,1.3984484672546387,4108.516561768003
11515.0,8.061406135559082,1.7526713609695435,4108.815239733012
11516.0,9.7793550491333,2.5363264083862305,4109.100019783
11517.0,11.44690990447998,2.7777483463287354,4109.40420760501
11518.0,4.956753730773926,1.2111964225769043,4109.694305295008
11519.0,13.441335678100586,3.0006582736968994,4109.986548904999
11520.0,4.862549781799316,1.1689517498016357,4110.273167004008
11521.0,6.831541061401367,1.501657247543335,4110.567465836008
11522.0,24.43173599243164,3.530956268310547,4110.846085321013
11523.0,8.080887794494629,2.067256450653076,4111.136473177001
11524.0,5.744911193847656,1.3583325147628784,4111.447420339013
11525.0,8.309980392456055,1.6505111455917358,4111.735216618006
11526.0,2.4333577156066895,0.6584333777427673,4112.027772494999
11527.0,20.163211822509766,3.700484037399292,4112.32716898901
11528.0,4.866396903991699,1.0213552713394165,4112.662715016006
11529.0,5.960981369018555,1.7701213359832764,4112.973561716004
11530.0,8.055654525756836,2.195441722869873,4113.267680806006
11531.0,6.29218053817749,2.0274288654327393,4113.599064373004
11532.0,6.174331188201904,1.7206025123596191,4114.027624368013
11533.0,4.199743270874023,1.142514705657959,4114.4189454340085
11534.0,12.08988094329834,1.6207590103149414,4114.71397221701
11535.0,5.604870796203613,1.3685240745544434,4115.042789174011
11536.0,44.222599029541016,4.924594402313232,4115.342840773999
11537.0,12.604300498962402,2.629227876663208,4115.657303271
11538.0,9.270040512084961,2.2564847469329834,4115.962720788011
11539.0,11.103811264038086,3.2310099601745605,4116.27410000001
11540.0,8.630172729492188,2.1796653270721436,4116.583722870011
11541.0,15.400543212890625,2.717649459838867,4116.916542370003
11542.0,11.814596176147461,2.478060007095337,4117.296057558007
11543.0,32.23628234863281,5.634102821350098,4117.595450989
11544.0,4.652187824249268,1.209683895111084,4117.9141518660035
11545.0,30.592126846313477,4.069894790649414,4118.243705096
11546.0,22.64157485961914,3.5820870399475098,4118.546173994007
11547.0,6.156671524047852,1.7558600902557373,4118.8425950930105
11548.0,13.86244010925293,2.937260627746582,4119.156155187011
11549.0,8.423493385314941,1.7886910438537598,4119.480164583001
11550.0,17.898338317871094,3.349058151245117,4119.785444673005
11551.0,26.85771369934082,4.705058574676514,4120.104480667011
11552.0,6.51939582824707,1.6381385326385498,4120.421321654008
11553.0,11.94045639038086,2.5332860946655273,4120.730677526008
11554.0,28.421722412109375,5.3890509605407715,4121.040006056006
11555.0,19.79970932006836,3.2932841777801514,4121.337308300004
11556.0,8.430514335632324,1.9198644161224365,4121.642182447002
11557.0,5.53564453125,1.453037142753601,4121.929309173007
11558.0,7.248701095581055,1.7457417249679565,4122.223116348003
11559.0,24.789756774902344,4.219127655029297,4122.524649949002
11560.0,96.22057342529297,11.29340648651123,4122.823161258013
11561.0,7.0484514236450195,1.7358671426773071,4123.147480915999
11562.0,12.159540176391602,2.423356533050537,4123.437858672012
11563.0,5.281287670135498,1.3454265594482422,4123.725095922011
11564.0,4.525420188903809,1.0329970121383667,4124.018173287011
11565.0,10.015296936035156,2.2307815551757812,4124.301097203002
11566.0,12.402725219726562,2.582766056060791,4124.606030864001
11567.0,10.590786933898926,2.2822749614715576,4124.919263332005
11568.0,18.71160125732422,2.8228094577789307,4125.240839913007
11569.0,17.57648468017578,2.7621052265167236,4125.542913974001
11570.0,24.29857635498047,4.583597183227539,4125.855818190001
11571.0,37.337013244628906,4.297216415405273,4126.185437835011
11572.0,12.317838668823242,2.7269067764282227,4126.49169682301
11573.0,6.598086357116699,1.518710970878601,4126.823022072
11574.0,38.23347854614258,6.392689228057861,4127.124109684999
11575.0,18.71388053894043,4.3901591300964355,4127.438316185013
11576.0,5.389553546905518,1.2109980583190918,4127.719706120013
11577.0,10.559039115905762,2.2911269664764404,4128.0220209170075
11578.0,13.015515327453613,2.822481393814087,4128.307449788001
11579.0,103.98165130615234,12.271196365356445,4128.608711010005
11580.0,43.01396179199219,6.719663619995117,4128.902182975013
11581.0,5.112239837646484,1.3030093908309937,4129.193509959005
11582.0,13.43012809753418,2.5940935611724854,4129.494687289
11583.0,27.53213119506836,4.210479259490967,4129.804252947011
11584.0,14.416414260864258,2.728970527648926,4130.097738060009
11585.0,12.540136337280273,2.6923043727874756,4130.407259561005
11586.0,14.310503959655762,2.927767038345337,4130.709093305006
11587.0,26.931732177734375,4.424108505249023,4131.018820363999
11588.0,7.9623870849609375,1.754133939743042,4131.329764887007
11589.0,14.282842636108398,3.181016206741333,4131.624702003013
11590.0,72.35775756835938,12.35506534576416,4131.943966365012
11591.0,22.52614974975586,3.1082749366760254,4132.253352059008
11592.0,3.4240164756774902,0.8052598834037781,4132.547801102002
11593.0,14.845788955688477,2.823366165161133,4132.836568253013
11594.0,19.357948303222656,3.1122889518737793,4133.1322919950035
11595.0,25.540334701538086,4.582088470458984,4133.435159790999
11596.0,6.319377899169922,1.7407350540161133,4133.722236779009
11597.0,33.05912780761719,5.270586013793945,4134.032609617003
11598.0,5.1269941329956055,1.3672468662261963,4134.348150152
11599.0,8.587152481079102,2.121647357940674,4134.647378927999
11600.0,12.411832809448242,2.654935836791992,4134.957040292007
11601.0,22.308496475219727,4.418042182922363,4141.100937528012
11602.0,14.579179763793945,3.7563278675079346,4141.400056750004
11603.0,14.772966384887695,2.8294811248779297,4141.700134803003
11604.0,5.787642002105713,1.7770657539367676,4141.992619044002
11605.0,5.815451622009277,1.4280297756195068,4142.29609150601
11606.0,82.48239135742188,9.573784828186035,4142.595851950013
11607.0,6.641514301300049,1.7082237005233765,4142.8964887910115
11608.0,7.83477783203125,1.6883670091629028,4143.183619283009
11609.0,4.106909275054932,1.0690484046936035,4143.478752263007
11610.0,13.869584083557129,2.8452320098876953,4143.767454718007
11611.0,11.741250991821289,2.711707592010498,4144.060751596
11612.0,41.291412353515625,6.536552429199219,4144.377551349011
11613.0,21.306440353393555,3.6732840538024902,4144.669824469005
11614.0,9.99830436706543,2.2711362838745117,4144.977709835002
11615.0,6.987744331359863,1.7735004425048828,4145.265341845006
11616.0,48.75074005126953,5.726644992828369,4145.564364496007
11617.0,5.836431503295898,1.6347532272338867,4145.862063375011
11618.0,13.712143898010254,2.7607555389404297,4146.150651306001
11619.0,11.292157173156738,2.673140048980713,4146.446161566011
11620.0,5.400817394256592,1.3769757747650146,4146.740811266005
11621.0,44.5802001953125,5.89225959777832,4147.038008609001
11622.0,4.304042816162109,1.1215181350708008,4147.369266387002
11623.0,26.809648513793945,4.1172990798950195,4147.688885885
11624.0,21.2628116607666,3.480783700942993,4147.990466895004
11625.0,9.456168174743652,2.0976390838623047,4148.301581353007
11626.0,17.617874145507812,2.6526882648468018,4148.597395689008
11627.0,36.58427429199219,8.015517234802246,4148.899403457006
11628.0,7.851343154907227,1.8130879402160645,4149.193819578999
11629.0,15.400701522827148,2.687471389770508,4149.485456950002
11630.0,26.149803161621094,4.135469436645508,4149.795773168007
11631.0,27.962766647338867,5.23477029800415,4150.08252193901
11632.0,6.789121627807617,1.8757864236831665,4150.369343138009
11633.0,36.50701904296875,4.852143287658691,4150.676736038004
11634.0,41.87602996826172,5.799152374267578,4150.956623194012
11635.0,5.060135841369629,1.263946533203125,4151.269407120999
11636.0,12.614733695983887,2.3495471477508545,4151.581487607007
11637.0,16.246017456054688,2.742994546890259,4151.86892966101
11638.0,25.247257232666016,3.6452198028564453,4152.18837630401
11639.0,13.80557632446289,2.73410701751709,4152.478793670001
11640.0,4.776562213897705,1.4148459434509277,4152.781140026011
11641.0,13.006756782531738,2.8920369148254395,4153.077707618999
11642.0,8.350767135620117,2.3599038124084473,4153.403004496009
11643.0,16.18056869506836,3.128924608230591,4153.706274938013
11644.0,4.5155110359191895,1.2067095041275024,4153.987607200004
11645.0,15.658254623413086,2.7850420475006104,4154.2799679910095
11646.0,18.66085433959961,3.0602118968963623,4154.581143039002
11647.0,38.87730026245117,4.7550787925720215,4154.882210281008
11648.0,20.390323638916016,2.9659950733184814,4155.19101965001
11649.0,10.347187042236328,2.766578435897827,4155.494204188013
11650.0,9.113458633422852,1.9680591821670532,4155.787828775006
11651.0,15.844451904296875,3.7032084465026855,4156.078107150999
11652.0,6.845333099365234,1.9343881607055664,4156.3835102120065
11653.0,19.458322525024414,4.103000640869141,4156.6823805120075
11654.0,10.889564514160156,2.3695778846740723,4156.9709039090085
11655.0,19.251956939697266,5.1142096519470215,4157.2645759350125
11656.0,11.050657272338867,2.4296977519989014,4157.558054364999
11657.0,70.85094451904297,9.303247451782227,4157.864622240013
11658.0,40.48773193359375,5.59075927734375,4158.165582369009
11659.0,11.136707305908203,2.9882986545562744,4158.4490608350025
11660.0,11.033315658569336,2.4995875358581543,4158.7423740430095
11661.0,17.965980529785156,3.447633981704712,4159.024398425012
11662.0,13.572331428527832,2.8697404861450195,4159.3147942760115
11663.0,27.893888473510742,4.043187618255615,4159.603430700008
11664.0,30.76312255859375,5.272791862487793,4159.891543468009
11665.0,29.341293334960938,5.155402660369873,4160.1916191519995
11666.0,7.891256332397461,1.588961124420166,4160.497172446005
11667.0,16.00336265563965,3.0065996646881104,4160.798705045003
11668.0,16.442977905273438,3.039961338043213,4161.096656736001
11669.0,6.881968021392822,1.7560327053070068,4161.406377353007
11670.0,11.473896026611328,2.5259575843811035,4161.707155673008
11671.0,17.59963607788086,2.4311420917510986,4162.007318598
11672.0,6.387512683868408,1.4776298999786377,4162.312645254002
11673.0,23.44937515258789,4.522061347961426,4162.613085321005
11674.0,15.926244735717773,3.1193907260894775,4162.913468072002
11675.0,5.129579544067383,1.2995160818099976,4163.209631652004
11676.0,13.090410232543945,2.6283271312713623,4163.497723867011
11677.0,21.383792877197266,3.8139095306396484,4163.775494233007
11678.0,16.459545135498047,3.429959297180176,4164.072214871005
11679.0,13.523897171020508,2.4887948036193848,4164.407382206002
11680.0,22.459556579589844,4.052294731140137,4164.7227209070115
11681.0,26.806407928466797,4.149543762207031,4165.014120936001
11682.0,10.08131217956543,2.2138748168945312,4165.302338109002
11683.0,24.665786743164062,5.7748122215271,4165.607486911002
11684.0,6.776247978210449,1.518872857093811,4165.905281674
11685.0,6.188113212585449,1.772822380065918,4166.214148183004
11686.0,24.53908920288086,3.806124210357666,4166.504357566009
11687.0,9.927826881408691,2.5409252643585205,4166.799015924
11688.0,19.965190887451172,3.7848448753356934,4167.1240501400025
11689.0,6.04304313659668,1.4905576705932617,4167.414399633009
11690.0,4.776904582977295,1.2554991245269775,4167.719069454004
11691.0,22.69811248779297,3.9448156356811523,4168.019457475006
11692.0,7.914930820465088,1.8874337673187256,4168.314949714011
11693.0,6.524279594421387,1.646602749824524,4168.600461914
11694.0,5.101921081542969,1.315661072731018,4168.888613256
11695.0,11.309755325317383,2.4023027420043945,4169.197448225008
11696.0,4.783872604370117,1.1239128112792969,4169.494556704012
11697.0,2.839801549911499,0.6985235214233398,4169.799971681001
11698.0,26.164173126220703,4.022448539733887,4170.117499501008
11699.0,18.872928619384766,2.8372597694396973,4170.435287266009
11700.0,36.624427795410156,5.662585735321045,4170.744703456003
11701.0,5.445245742797852,1.2970823049545288,4176.89214496901
11702.0,14.973506927490234,2.81573224067688,4177.175972468001
11703.0,9.294846534729004,2.211646318435669,4177.477809559001
11704.0,23.292945861816406,3.781646728515625,4177.7976530740125
11705.0,19.017120361328125,3.544384479522705,4178.105504175008
11706.0,9.93832778930664,2.310727119445801,4178.475577560006
11707.0,33.97722625732422,4.6683430671691895,4178.78357035901
11708.0,6.496300220489502,1.887091040611267,4179.08134795801
11709.0,15.253459930419922,2.8483476638793945,4179.394558415006
11710.0,14.020380020141602,3.9049487113952637,4179.689172773011
11711.0,6.476569175720215,1.1805285215377808,4179.978134451012
11712.0,34.28852844238281,4.229857921600342,4180.2661295620055
11713.0,6.186542510986328,1.597292423248291,4180.552402321002
11714.0,6.155625343322754,1.3670510053634644,4180.874081550006
11715.0,27.110240936279297,4.525504112243652,4181.168810340008
11716.0,7.700019836425781,2.248549699783325,4181.489956879013
11717.0,59.89046859741211,6.876888751983643,4181.8045364650025
11718.0,87.34767150878906,10.517579078674316,4182.1190140410035
11719.0,7.285252571105957,1.5965193510055542,4182.415170397013
11720.0,6.5577802658081055,1.5282151699066162,4182.735144571008
11721.0,3.6840429306030273,0.9194634556770325,4183.028331460009
11722.0,26.716651916503906,4.620136737823486,4183.336749392009
11723.0,5.489290714263916,1.3112351894378662,4183.652511405002
11724.0,4.5841827392578125,1.2078419923782349,4183.947290249009
11725.0,10.352818489074707,2.2021210193634033,4184.247268560008
11726.0,30.274017333984375,4.710578441619873,4184.54402613001
11727.0,18.964313507080078,3.7987306118011475,4184.840282464007
11728.0,8.84907341003418,1.80814528465271,4185.144199712013
11729.0,26.664215087890625,3.3633790016174316,4185.451933576012
11730.0,20.245439529418945,3.7700836658477783,4185.746256607003
11731.0,19.704193115234375,3.8666625022888184,4186.038240216003
11732.0,48.252986907958984,6.447843074798584,4186.322184199002
11733.0,14.93037223815918,2.8991212844848633,4186.617562669009
11734.0,5.502817630767822,1.7125600576400757,4186.903257868005
11735.0,3.961236000061035,1.0250420570373535,4187.224818520001
11736.0,6.265829086303711,1.71855628490448,4187.528412791013
11737.0,15.427153587341309,2.660959005355835,4187.819527047002
11738.0,4.595389366149902,1.1599504947662354,4188.105813228001
11739.0,14.529390335083008,2.892120599746704,4188.393889607003
11740.0,28.17206573486328,4.155466556549072,4188.719859850011
11741.0,11.068780899047852,2.924001932144165,4189.011754079009
11742.0,14.47430419921875,2.7302541732788086,4189.341355228011
11743.0,6.35878849029541,1.5108311176300049,4189.6283793760085
11744.0,10.298254013061523,2.2629952430725098,4189.922101106
11745.0,9.992767333984375,2.3301217555999756,4190.215195351004
11746.0,9.030317306518555,1.6376075744628906,4190.495111877011
11747.0,8.385713577270508,2.3075809478759766,4190.801843266003
11748.0,8.581036567687988,1.7705209255218506,4191.11036272801
11749.0,10.479848861694336,2.3162755966186523,4191.410548527012
11750.0,16.034542083740234,2.655266523361206,4191.726483754013
11751.0,23.018932342529297,4.358822345733643,4192.025788232
11752.0,6.777371406555176,1.7224316596984863,4192.324818489011
11753.0,12.056264877319336,2.852308750152588,4192.613588849999
11754.0,9.664459228515625,2.5083441734313965,4192.908225605002
11755.0,7.412667751312256,1.9531595706939697,4193.211669483004
11756.0,20.902408599853516,5.234647274017334,4193.502260159003
11757.0,15.420772552490234,2.5325136184692383,4193.781381198001
11758.0,11.877813339233398,2.389439344406128,4194.092984506002
11759.0,7.830869674682617,2.0491485595703125,4194.385751039008
11760.0,9.007585525512695,2.2392358779907227,4194.672007043002
11761.0,64.47032928466797,8.52327823638916,4194.971912600013
11762.0,43.08977508544922,5.274799346923828,4195.271378050005
11763.0,22.05919647216797,3.3911330699920654,4195.553116253999
11764.0,9.577728271484375,2.5286812782287598,4195.85514018801
11765.0,97.64635467529297,16.157920837402344,4196.1442141340085
11766.0,5.717957496643066,1.404967188835144,4196.44144742901
11767.0,15.838680267333984,2.8833060264587402,4196.736617482005
11768.0,27.10335922241211,4.460095405578613,4197.025388229013
11769.0,13.876235961914062,2.710594892501831,4197.31064393901
11770.0,5.817203521728516,1.2480591535568237,4197.590575099006
11771.0,10.57102108001709,2.3390743732452393,4197.876829597008
11772.0,4.957071781158447,1.2992416620254517,4198.177450110001
11773.0,40.24064636230469,5.549603462219238,4198.459978323008
11774.0,9.851524353027344,2.447295904159546,4198.7576387100125
11775.0,9.342142105102539,2.1584596633911133,4199.05455430501
11776.0,58.025150299072266,7.596294403076172,4199.355714083009
11777.0,25.532257080078125,3.7134580612182617,4199.646620889005
11778.0,20.393714904785156,3.73303484916687,4199.941467575001
11779.0,48.13775634765625,6.393710613250732,4200.242741109003
11780.0,11.304187774658203,2.568408250808716,4200.540894515012
11781.0,6.270508289337158,1.7378051280975342,4200.83086064001
11782.0,45.43982696533203,5.353437900543213,4201.120909366
11783.0,11.145009994506836,2.3580777645111084,4201.423198605
11784.0,15.457968711853027,2.838747501373291,4201.726241032011
11785.0,15.942631721496582,2.9782681465148926,4202.027370111013
11786.0,11.513050079345703,3.0489468574523926,4202.309909255011
11787.0,10.728283882141113,2.167247772216797,4202.604425955011
11788.0,4.931142330169678,1.2298837900161743,4202.903943978003
11789.0,12.758844375610352,3.231635332107544,4203.200254986004
11790.0,16.747203826904297,3.8812620639801025,4203.5101062950125
11791.0,10.776436805725098,2.6923887729644775,4203.813319158013
11792.0,22.42854881286621,3.6634678840637207,4204.121476578002
11793.0,6.102149486541748,1.8311257362365723,4204.41324117301
11794.0,5.529927730560303,1.3719658851623535,4204.702604711012
11795.0,33.613746643066406,4.7545881271362305,4204.989109915012
11796.0,7.285183906555176,2.089360237121582,4205.286768828009
11797.0,7.206390380859375,1.702964186668396,4205.580996098011
11798.0,21.49587059020996,3.7002196311950684,4205.874345839009
11799.0,47.14353561401367,6.161909580230713,4206.172120418007
11800.0,13.18342399597168,2.405144214630127,4206.479275853009
11801.0,14.342536926269531,3.085803985595703,4212.353443783009
11802.0,8.79971694946289,1.9989017248153687,4212.660644863005
11803.0,4.264390468597412,1.19657301902771,4212.948668083001
11804.0,14.898944854736328,3.0126497745513916,4213.255573236005
11805.0,5.198504447937012,1.2930270433425903,4213.557063240005
11806.0,16.163143157958984,3.118372678756714,4213.855389791002
11807.0,47.23438262939453,6.522144794464111,4214.148704506006
11808.0,10.582691192626953,2.55795955657959,4214.447007774012
11809.0,6.334272861480713,1.7316409349441528,4214.748676798001
11810.0,4.608276844024658,1.234084129333496,4215.058684696007
11811.0,12.180095672607422,2.6843550205230713,4215.343884564005
11812.0,28.208148956298828,4.487268447875977,4215.641687119001
11813.0,9.160073280334473,2.2515125274658203,4215.935409143
11814.0,11.628315925598145,2.710598945617676,4216.241819175004
11815.0,8.71491813659668,1.9829124212265015,4216.531607391007
11816.0,15.941631317138672,3.060283899307251,4216.821921547002
11817.0,28.823570251464844,4.489226818084717,4217.125124385013
11818.0,28.782102584838867,4.857046604156494,4217.424920409001
11819.0,4.807948589324951,1.2611565589904785,4217.703776164999
11820.0,25.754018783569336,4.288882255554199,4218.005180754
11821.0,10.975553512573242,2.148984432220459,4218.296379853011
11822.0,3.81085205078125,0.9223294854164124,4218.590529868001
11823.0,12.10340690612793,2.4179112911224365,4218.8834734010015
11824.0,18.991249084472656,2.703347682952881,4219.175233148009
11825.0,79.82450866699219,8.519864082336426,4219.478404328009
11826.0,5.247255325317383,1.5509114265441895,4219.760814991008
11827.0,23.073116302490234,3.903196334838867,4220.074372889008
11828.0,21.6900634765625,3.0296497344970703,4220.37509255801
11829.0,12.265872955322266,2.366231679916382,4220.677563185003
11830.0,22.020185470581055,3.0307211875915527,4220.965177628008
11831.0,21.608470916748047,3.766569137573242,4221.268697052001
11832.0,15.202138900756836,3.145118236541748,4221.563396805999
11833.0,9.970331192016602,2.3878674507141113,4221.853414465004
11834.0,19.190166473388672,3.904014825820923,4222.155978483002
11835.0,11.724254608154297,2.3314390182495117,4222.453578489003
11836.0,127.50914001464844,12.112444877624512,4222.743668750001
11837.0,6.593715190887451,1.5461039543151855,4223.062627447012
11838.0,5.93595027923584,1.570947527885437,4223.368020822003
11839.0,5.376531600952148,1.6598330736160278,4223.669554064007
11840.0,24.780494689941406,3.909022331237793,4223.9726210880035
11841.0,6.55119514465332,1.501197338104248,4224.259617878008
11842.0,21.658184051513672,3.7708051204681396,4224.561690336006
11843.0,2.8769659996032715,0.7405725717544556,4224.842485751011
11844.0,5.576066493988037,1.6333873271942139,4225.13919187001
11845.0,53.700172424316406,7.128213405609131,4225.438052195008
11846.0,16.091609954833984,3.469006061553955,4225.716732477013
11847.0,13.813301086425781,2.639007806777954,4226.012773614013
11848.0,25.68096923828125,3.989245891571045,4226.294829537001
11849.0,45.34591293334961,5.762600421905518,4226.590983905
11850.0,8.167060852050781,1.909833550453186,4226.899447612013
11851.0,24.443527221679688,4.274758338928223,4227.197992472007
11852.0,11.953523635864258,2.9679229259490967,4227.518436381011
11853.0,14.29825210571289,2.6699788570404053,4227.822160113006
11854.0,19.481616973876953,3.211695671081543,4228.120567661012
11855.0,10.17009449005127,1.795119047164917,4228.399776516002
11856.0,4.491099834442139,1.0528944730758667,4228.696649036006
11857.0,6.875770568847656,1.7163305282592773,4228.980164427005
11858.0,3.6045260429382324,0.9309611320495605,4229.267110733999
11859.0,8.546067237854004,2.135803699493408,4229.556327254002
11860.0,28.74844741821289,4.600986480712891,4229.857375419
11861.0,22.181293487548828,3.930938959121704,4230.150939822008
11862.0,20.516189575195312,4.694079875946045,4230.452654355002
11863.0,28.297679901123047,5.524012565612793,4230.750267604002
11864.0,33.74688720703125,5.158748626708984,4231.048765459011
11865.0,12.965688705444336,2.784555435180664,4231.367579910002
11866.0,19.81888198852539,2.9032833576202393,4231.681267104999
11867.0,24.802536010742188,4.741707801818848,4231.9817974970065
11868.0,10.954488754272461,2.3224637508392334,4232.271340650012
11869.0,6.939167499542236,1.5664607286453247,4232.553317954007
11870.0,6.01767635345459,1.3102465867996216,4232.850533879013
11871.0,15.146394729614258,2.9278974533081055,4233.150597796004
11872.0,8.752898216247559,1.903764009475708,4233.446161123007
11873.0,21.08334732055664,3.7690658569335938,4233.753394647007
11874.0,13.997856140136719,3.2068393230438232,4234.045899989011
11875.0,8.618242263793945,1.6954742670059204,4234.344721945003
11876.0,9.394695281982422,2.243828296661377,4234.632823685999
11877.0,17.500905990600586,2.624157190322876,4234.932639480001
11878.0,5.25531530380249,1.494673252105713,4235.2527841310075
11879.0,5.861208915710449,1.4748197793960571,4235.563194581002
11880.0,6.566197395324707,1.6833308935165405,4235.856091460009
11881.0,9.622966766357422,2.0967183113098145,4236.15123304601
11882.0,5.4962944984436035,1.39363694190979,4236.450747560011
11883.0,4.26988410949707,1.0806792974472046,4236.75784107401
11884.0,7.587272644042969,1.7961349487304688,4237.049704628007
11885.0,6.855818748474121,1.9132026433944702,4237.369995355999
11886.0,18.899391174316406,3.5044760704040527,4237.657283935012
11887.0,5.321043014526367,1.3428211212158203,4237.959563006007
11888.0,6.4408769607543945,1.543468952178955,4238.267499239999
11889.0,18.435972213745117,3.3242955207824707,4238.5655942560115
11890.0,59.18989562988281,11.45193099975586,4238.871589602
11891.0,6.090629577636719,1.5456868410110474,4239.189633089001
11892.0,13.787727355957031,2.4883763790130615,4239.510650048003
11893.0,36.89411926269531,5.472891330718994,4239.814452265011
11894.0,32.148616790771484,4.8417863845825195,4240.110423989012
11895.0,34.77873611450195,4.110168933868408,4240.417358153005
11896.0,12.598146438598633,2.235379695892334,4240.700703672002
11897.0,3.877847194671631,0.9852672219276428,4241.004319587009
11898.0,3.7697978019714355,1.052451252937317,4241.306447285009
11899.0,4.368638515472412,1.1798332929611206,4241.61025804501
11900.0,3.6668052673339844,0.8574307560920715,4241.929932283005
11901.0,5.3083648681640625,1.3059678077697754,4248.263460078
11902.0,8.97117805480957,2.235485792160034,4248.547917051008
11903.0,26.464733123779297,4.289737701416016,4248.837394524002
11904.0,80.59530639648438,7.749823570251465,4249.141283707999
11905.0,5.52402400970459,1.5380057096481323,4249.425023355012
11906.0,4.29420804977417,1.1229356527328491,4249.715821786012
11907.0,11.982965469360352,2.398411750793457,4250.000790499005
11908.0,14.012496948242188,2.585495710372925,4250.295280227001
11909.0,8.276365280151367,1.6853827238082886,4250.593282769012
11910.0,5.364027976989746,1.2637325525283813,4250.878334266003
11911.0,27.806015014648438,4.655668258666992,4251.17255588001
11912.0,15.13370132446289,3.1640143394470215,4251.457513360001
11913.0,13.598675727844238,2.9874629974365234,4251.75511521101
11914.0,13.198274612426758,2.7157747745513916,4252.042279386005
11915.0,5.462431907653809,1.6299073696136475,4252.337918510006
11916.0,13.526508331298828,3.0906364917755127,4252.624696332001
11917.0,21.05345916748047,3.5225014686584473,4252.912087475008
11918.0,14.074468612670898,2.9654946327209473,4253.211646058
11919.0,15.548089981079102,3.0868191719055176,4253.499319985
11920.0,30.76422882080078,7.1784987449646,4253.788719474003
11921.0,10.179235458374023,2.084855079650879,4254.099580069
11922.0,17.878856658935547,3.8405425548553467,4254.396127633008
11923.0,10.358556747436523,1.8465182781219482,4254.692409044001
11924.0,16.156984329223633,3.3848047256469727,4254.974112463009
11925.0,9.018224716186523,2.260420799255371,4255.267542291011
11926.0,5.214995384216309,1.4095439910888672,4255.553548968004
11927.0,6.336465835571289,1.5698827505111694,4255.836383867005
11928.0,16.337081909179688,2.989694118499756,4256.143723098008
11929.0,8.01102066040039,1.8536680936813354,4256.448663561008
11930.0,16.236103057861328,2.638256788253784,4256.736467191004
11931.0,4.624467849731445,1.1058109998703003,4257.02757192
11932.0,8.842889785766602,1.9046821594238281,4257.321616007001
11933.0,4.063348293304443,1.1016737222671509,4257.6140317450045
11934.0,38.37251663208008,5.756056785583496,4257.894149627013
11935.0,8.516151428222656,1.987899661064148,4258.196295700007
11936.0,3.6802918910980225,0.9826740622520447,4258.4930187499995
11937.0,30.715866088867188,4.084865093231201,4258.784452298001
11938.0,15.001076698303223,3.2787091732025146,4259.097474199007
11939.0,8.902538299560547,2.6786155700683594,4259.4253225990105
11940.0,8.371359825134277,2.249476194381714,4259.718721210011
11941.0,7.993125915527344,2.080091953277588,4260.0402504140075
11942.0,11.953514099121094,2.3420872688293457,4260.34316876001
11943.0,26.851879119873047,4.178738594055176,4260.634332882008
11944.0,8.600882530212402,2.1347899436950684,4260.932668055
11945.0,33.68367004394531,4.29240083694458,4261.231548986005
11946.0,20.61592674255371,3.62508225440979,4261.532926949003
11947.0,7.8665242195129395,2.01043963432312,4261.834382647008
11948.0,34.1341552734375,5.888657093048096,4262.138502046
11949.0,5.332546234130859,1.2721726894378662,4262.441297067009
11950.0,10.284690856933594,2.437311887741089,4262.736794629003
11951.0,15.070428848266602,3.18123197555542,4263.045724709009
11952.0,26.397750854492188,4.09634256362915,4263.356932777009
11953.0,95.16636657714844,13.1622953414917,4263.671303341005
11954.0,14.862661361694336,2.8382303714752197,4263.962580725012
11955.0,42.77051544189453,5.763620376586914,4264.296610679012
11956.0,9.58104133605957,2.410670518875122,4264.589665049003
11957.0,5.406701564788818,1.5517467260360718,4264.872700349006
11958.0,42.85203552246094,6.03026819229126,4265.179427483003
11959.0,9.237807273864746,2.427549123764038,4265.475363453006
11960.0,37.02507781982422,4.951348781585693,4265.801167263009
11961.0,60.258148193359375,7.23956823348999,4266.1014113840065
11962.0,23.93880844116211,4.234492301940918,4266.416974786
11963.0,5.230757713317871,1.5694797039031982,4266.749704928006
11964.0,81.15747833251953,5.859572887420654,4267.0647090450075
11965.0,60.77550506591797,6.704321384429932,4267.3784955220035
11966.0,15.921998977661133,2.551119327545166,4267.686072703
11967.0,6.5322370529174805,1.876151204109192,4267.989283688003
11968.0,18.580345153808594,3.404707908630371,4268.285822389007
11969.0,27.43448257446289,4.395879745483398,4268.576558186003
11970.0,6.43441104888916,1.7234746217727661,4268.8548467400105
11971.0,92.98912811279297,10.340450286865234,4269.132116514011
11972.0,70.55868530273438,7.859926700592041,4269.434794200002
11973.0,7.487363815307617,1.7544901371002197,4269.7212033960095
11974.0,36.21371078491211,4.472513675689697,4270.0206412280095
11975.0,14.293085098266602,2.8432517051696777,4270.321860954005
11976.0,8.027358055114746,2.0507259368896484,4270.615789727002
11977.0,9.855476379394531,2.178898334503174,4270.904543436001
11978.0,13.881879806518555,2.8273017406463623,4271.1987945
11979.0,7.8992085456848145,1.8774075508117676,4271.496199648012
11980.0,10.774219512939453,2.3859026432037354,4271.804782209001
11981.0,4.715249538421631,1.3125067949295044,4272.087663884013
11982.0,31.822620391845703,5.278100967407227,4272.396427843007
11983.0,12.249431610107422,3.215719699859619,4272.698826821012
11984.0,14.767788887023926,3.0253477096557617,4273.007181078006
11985.0,5.376338958740234,1.3816144466400146,4273.29591015201
11986.0,5.818169593811035,1.5322610139846802,4273.595290634999
11987.0,12.799530029296875,2.983344316482544,4273.912110526013
11988.0,11.381612777709961,2.974297523498535,4274.231235636005
11989.0,8.70723819732666,2.4538018703460693,4274.5415022610105
11990.0,17.34880828857422,2.808053493499756,4274.841170642001
11991.0,4.464815139770508,1.1505380868911743,4275.128377407003
11992.0,25.10104751586914,4.0015764236450195,4275.421045859999
11993.0,26.45598793029785,4.033707618713379,4275.70318926801
11994.0,18.09935760498047,3.5683093070983887,4275.992704709002
11995.0,8.82679557800293,1.9383811950683594,4276.312926163009
11996.0,5.0027852058410645,1.2023066282272339,4276.6072765080025
11997.0,10.440729141235352,2.3219897747039795,4276.927306392012
11998.0,24.342920303344727,3.7547717094421387,4277.227810977012
11999.0,13.917474746704102,2.9553678035736084,4277.515449896004
12000.0,7.876568794250488,1.9521232843399048,4277.832803238009
12001.0,29.684871673583984,5.047980308532715,4284.162834035
12002.0,11.52900505065918,2.341097593307495,4284.461202898005
12003.0,4.992688179016113,1.261404037475586,4284.744326291009
12004.0,19.589866638183594,3.2239136695861816,4285.040340904001
12005.0,8.174966812133789,1.7593629360198975,4285.352127046004
12006.0,4.703999042510986,1.1899471282958984,4285.648628506009
12007.0,22.767005920410156,4.296530246734619,4285.955639645006
12008.0,19.423118591308594,3.5400238037109375,4286.241064124013
12009.0,17.709224700927734,3.052194595336914,4286.5431821630045
12010.0,16.517915725708008,3.6246323585510254,4286.846952300009
12011.0,6.669475078582764,2.030424118041992,4287.15101126401
12012.0,17.860612869262695,3.525864362716675,4287.4419836140005
12013.0,6.418024063110352,1.3969367742538452,4287.727340369005
12014.0,20.099245071411133,3.2471976280212402,4288.007606252999
12015.0,25.01534652709961,4.040472030639648,4288.323058782
12016.0,2.670853614807129,0.7409242987632751,4288.616695913006
12017.0,17.800050735473633,3.6761577129364014,4288.918815655008
12018.0,5.310241222381592,1.58902907371521,4289.249457042999
12019.0,23.557540893554688,3.6654605865478516,4289.546410420007
12020.0,34.250205993652344,5.316622257232666,4289.8417875390005
12021.0,26.190832138061523,4.270322322845459,4290.15594607401
12022.0,8.995965957641602,2.0153801441192627,4290.451073054006
12023.0,3.8021223545074463,0.9341983199119568,4290.7409249480115
12024.0,16.377382278442383,2.9515652656555176,4291.050624897005
12025.0,23.614337921142578,3.8038649559020996,4291.362274906001
12026.0,18.19049072265625,3.5924391746520996,4291.666129802004
12027.0,10.889972686767578,2.4217097759246826,4291.965220049009
12028.0,36.4200325012207,5.166888236999512,4292.278795368009
12029.0,8.657788276672363,2.175842046737671,4292.5782074630115
12030.0,10.58255386352539,2.497952461242676,4292.882226933012
12031.0,4.768160820007324,1.3109910488128662,4293.185779109001
12032.0,56.70237350463867,4.895251274108887,4293.492063210011
12033.0,9.670831680297852,2.0752711296081543,4293.804569229003
12034.0,7.0806169509887695,1.621741771697998,4294.089347889007
12035.0,6.712673187255859,1.5092926025390625,4294.382800615
12036.0,14.84676742553711,3.153787136077881,4294.680512580002
12037.0,4.064734935760498,0.9397416710853577,4294.957931994009
12038.0,22.22603988647461,3.6797542572021484,4295.255443869013
12039.0,15.327322006225586,2.5474696159362793,4295.542014682011
12040.0,10.809938430786133,2.319687604904175,4295.829817263002
12041.0,24.031742095947266,3.9681122303009033,4296.119371455003
12042.0,13.1397066116333,2.690480947494507,4296.441666704006
12043.0,21.495643615722656,3.595820903778076,4296.759507227005
12044.0,5.851673126220703,1.3611414432525635,4297.055398258002
12045.0,11.858648300170898,2.4884109497070312,4297.365766392002
12046.0,11.172534942626953,2.9832913875579834,4297.653547978
12047.0,5.133174419403076,1.2820689678192139,4297.947761686999
12048.0,5.554745197296143,1.3696794509887695,4298.25939538001
12049.0,7.327829837799072,1.8320331573486328,4298.544863636009
12050.0,11.925798416137695,2.9931647777557373,4298.834036970002
12051.0,10.622361183166504,2.0748062133789062,4299.148266611999
12052.0,9.398033142089844,2.6059324741363525,4299.449841912006
12053.0,34.55296325683594,5.318427085876465,4299.750613137003
12054.0,9.446834564208984,1.8237556219100952,4300.049117654009
12055.0,10.343062400817871,2.404977798461914,4300.331560743012
12056.0,12.802131652832031,2.7378926277160645,4300.626708407013
12057.0,8.063216209411621,1.875027060508728,4300.942804372011
12058.0,5.733052730560303,1.6002311706542969,4301.240686015008
12059.0,14.808208465576172,2.7209770679473877,4301.557212785003
12060.0,8.102951049804688,1.813251256942749,4301.863575151001
12061.0,12.729147911071777,2.388577461242676,4302.153232458004
12062.0,13.05929946899414,2.4114632606506348,4302.440535486006
12063.0,13.247062683105469,2.5079073905944824,4302.731381127
12064.0,21.889904022216797,3.9311583042144775,4303.028955155009
12065.0,27.722801208496094,3.901264190673828,4303.323210480012
12066.0,82.49888610839844,7.902246475219727,4303.633548812999
12067.0,186.17965698242188,16.48824691772461,4303.922583114007
12068.0,4.042242527008057,1.106096625328064,4304.209701797008
12069.0,10.942575454711914,2.0176632404327393,4304.502667757013
12070.0,54.58218002319336,6.6463141441345215,4304.789696814012
12071.0,8.617048263549805,2.2099087238311768,4305.07769657801
12072.0,22.709091186523438,3.5758767127990723,4305.373402561003
12073.0,15.868236541748047,3.573678731918335,4305.664946598001
12074.0,5.023351669311523,1.1662417650222778,4305.9530300110055
12075.0,15.748640060424805,2.7613909244537354,4306.241030047007
12076.0,10.832319259643555,2.1733779907226562,4306.541597972013
12077.0,9.290369033813477,2.690746545791626,4306.831291367009
12078.0,20.925554275512695,3.5893020629882812,4307.138821656001
12079.0,10.870197296142578,2.524752616882324,4307.457670311007
12080.0,8.13810920715332,2.243626356124878,4307.753164288006
12081.0,9.731679916381836,2.2558274269104004,4308.052559749005
12082.0,60.294307708740234,6.827915668487549,4308.364064542009
12083.0,6.081632614135742,1.6023377180099487,4308.654055139006
12084.0,16.97566032409668,3.3729751110076904,4308.949286799005
12085.0,26.96134376525879,4.87068510055542,4309.24748590801
12086.0,16.93898582458496,3.3748443126678467,4309.554572215013
12087.0,13.065496444702148,2.8563952445983887,4309.868994600009
12088.0,68.96502685546875,7.075908660888672,4310.16413821101
12089.0,43.08464050292969,5.229423522949219,4310.456789718999
12090.0,15.479175567626953,2.9919815063476562,4310.743631533012
12091.0,7.515272617340088,1.7902259826660156,4311.026685443008
12092.0,7.0796356201171875,1.8037381172180176,4311.340357412002
12093.0,4.263200283050537,1.0318650007247925,4311.63384924001
12094.0,6.277616024017334,1.7571955919265747,4311.923935796003
12095.0,17.39314079284668,2.9204659461975098,4312.225609892004
12096.0,7.856900215148926,2.0622382164001465,4312.540891004013
12097.0,4.930058002471924,1.500144600868225,4312.850293325013
12098.0,11.330129623413086,2.488184928894043,4313.146426488005
12099.0,12.671448707580566,2.435746192932129,4313.445338920006
12100.0,11.773991584777832,2.860919237136841,4313.752141479999
12101.0,7.569815635681152,1.711714744567871,4319.82173675501
12102.0,29.57738494873047,3.9595673084259033,4320.114720745012
12103.0,5.895727157592773,1.5446540117263794,4320.404125437999
12104.0,9.61208724975586,2.350001335144043,4320.7046920690045
12105.0,4.1725287437438965,1.2135183811187744,4320.995024743999
12106.0,7.551562309265137,1.8460272550582886,4321.343776296999
12107.0,12.313324928283691,2.236809492111206,4321.6335212050035
12108.0,11.560826301574707,2.2866272926330566,4321.9370277510025
12109.0,5.756138324737549,1.6716779470443726,4322.231108437001
12110.0,4.873560905456543,1.096099853515625,4322.517906984009
12111.0,10.466583251953125,2.226909875869751,4322.8100776150095
12112.0,4.2082133293151855,0.9520477056503296,4323.119138375012
12113.0,9.334579467773438,1.6186120510101318,4323.420600757003
12114.0,30.581222534179688,4.346476078033447,4323.727832884004
12115.0,14.882261276245117,3.275216817855835,4324.026835192999
12116.0,26.086090087890625,4.461292743682861,4324.320104814004
12117.0,19.192766189575195,2.8889365196228027,4324.602206957003
12118.0,11.520255088806152,2.510864496231079,4324.898430269008
12119.0,13.885055541992188,2.5069427490234375,4325.194618107009
12120.0,33.16498947143555,7.060842514038086,4325.501744967012
12121.0,14.953741073608398,2.2033438682556152,4325.785150000011
12122.0,4.823447227478027,1.2664991617202759,4326.081362551005
12123.0,22.545358657836914,3.755688190460205,4326.368076626008
12124.0,10.726509094238281,2.1284422874450684,4326.680629123002
12125.0,53.05528259277344,8.28040599822998,4326.973102799006
12126.0,71.85360717773438,9.090216636657715,4327.273183687008
12127.0,17.041906356811523,3.207766056060791,4327.564686471
12128.0,27.71580696105957,4.359134674072266,4327.858503588999
12129.0,9.043079376220703,1.9649776220321655,4328.149286872009
12130.0,9.79029655456543,2.917656421661377,4328.464438564013
12131.0,18.41808319091797,3.8033437728881836,4328.782445987003
12132.0,21.376075744628906,3.835695505142212,4329.082163536004
12133.0,33.47502899169922,5.00600528717041,4329.379723258011
12134.0,13.682235717773438,2.7686398029327393,4329.6729796
12135.0,20.290557861328125,3.4718034267425537,4329.952570219
12136.0,12.610641479492188,2.643765926361084,4330.247235454008
12137.0,6.615056037902832,1.8420008420944214,4330.54161856501
12138.0,16.839746475219727,3.3613948822021484,4330.84565651101
12139.0,15.192909240722656,2.688380002975464,4331.151091580003
12140.0,6.948205947875977,1.6974834203720093,4331.465989560005
12141.0,13.732540130615234,2.562972068786621,4331.769409796005
12142.0,25.443660736083984,3.7309045791625977,4332.0813642680005
12143.0,4.844460964202881,1.1782605648040771,4332.367118001013
12144.0,4.312600135803223,1.117202877998352,4332.662774578013
12145.0,124.61359405517578,16.901920318603516,4332.967574651004
12146.0,12.455254554748535,2.469696283340454,4333.296479282013
12147.0,7.2699384689331055,1.4078187942504883,4333.594234454009
12148.0,7.203853607177734,1.7310529947280884,4333.8891272330075
12149.0,6.046055793762207,1.6628464460372925,4334.180826682001
12150.0,4.6308979988098145,1.2729902267456055,4334.484339952003
12151.0,15.964900016784668,3.015010118484497,4334.778467470009
12152.0,9.398370742797852,1.775657296180725,4335.086052497005
12153.0,5.813523292541504,1.777930498123169,4335.379595101011
12154.0,25.103300094604492,4.1208696365356445,4335.680797858004
12155.0,12.276788711547852,2.218707323074341,4335.979790788013
12156.0,21.71628189086914,3.5018115043640137,4336.271937081008
12157.0,15.585738182067871,2.520613193511963,4336.549188953999
12158.0,11.816256523132324,2.365962266921997,4336.846600941004
12159.0,100.45986938476562,10.2882719039917,4337.1438561530085
12160.0,19.2576961517334,3.8024110794067383,4337.43970777301
12161.0,15.804376602172852,2.3871285915374756,4337.724587638004
12162.0,22.109935760498047,3.5378577709198,4338.041113161002
12163.0,14.905374526977539,3.297074317932129,4338.341603794004
12164.0,19.900598526000977,3.35605788230896,4338.647604665006
12165.0,9.66341781616211,1.7506872415542603,4338.943305582012
12166.0,11.23985481262207,2.2304279804229736,4339.240934401008
12167.0,12.140161514282227,2.645782947540283,4339.558354421999
12168.0,10.926694869995117,1.9984217882156372,4339.854411645007
12169.0,8.045063972473145,1.8374311923980713,4340.164457648003
12170.0,5.2043585777282715,1.2562618255615234,4340.458909607012
12171.0,19.249353408813477,3.3680691719055176,4340.749999534004
12172.0,3.7714502811431885,1.0172103643417358,4341.031078217013
12173.0,10.217864036560059,2.3161139488220215,4341.32218918101
12174.0,36.98167419433594,5.118972301483154,4341.618141256011
12175.0,7.683455467224121,1.3685036897659302,4341.928550750003
12176.0,5.544102668762207,1.4240309000015259,4342.227461435003
12177.0,28.66895294189453,4.559606552124023,4342.538302113011
12178.0,4.902230739593506,1.1510239839553833,4342.831571446004
12179.0,16.601165771484375,2.5528337955474854,4343.121931311005
12180.0,27.676433563232422,3.838510751724243,4343.416012063011
12181.0,20.138269424438477,3.2011806964874268,4343.705639500011
12182.0,8.840645790100098,1.9858906269073486,4344.007322661011
12183.0,8.896209716796875,1.6691975593566895,4344.321678840002
12184.0,9.321258544921875,2.3648390769958496,4344.628711159006
12185.0,4.513606071472168,1.1725949048995972,4344.942494335002
12186.0,17.92801284790039,3.168785333633423,4345.228771854003
12187.0,22.261085510253906,3.6455137729644775,4345.515158580005
12188.0,30.006866455078125,4.932405471801758,4345.814230443008
12189.0,35.812923431396484,4.621152400970459,4346.092807863999
12190.0,12.539834976196289,2.346067428588867,4346.399831863004
12191.0,21.788597106933594,3.0947988033294678,4346.700894740003
12192.0,4.672863960266113,1.2278659343719482,4346.993155430013
12193.0,6.600180625915527,1.7349148988723755,4347.303245966003
12194.0,16.35943603515625,3.011132001876831,4347.5934133170085
12195.0,64.15435028076172,5.218554496765137,4347.874039283008
12196.0,7.179745197296143,1.5419037342071533,4348.189175118008
12197.0,29.674222946166992,5.433876991271973,4348.486062466007
12198.0,12.70684814453125,2.845928430557251,4348.779523828009
12199.0,5.320724964141846,1.3377110958099365,4349.068610044007
12200.0,11.76445198059082,2.5695903301239014,4349.367967607002
12201.0,55.79038619995117,7.064305782318115,4355.487930492003
12202.0,8.992315292358398,2.5591835975646973,4355.7833147730125
12203.0,9.065808296203613,2.284860134124756,4356.085798148008
12204.0,7.11199951171875,1.6744235754013062,4356.394597630002
12205.0,19.291393280029297,3.096935749053955,4356.778885602005
12206.0,7.7170186042785645,1.4268642663955688,4357.073162602013
12207.0,15.896425247192383,2.8159055709838867,4357.377108978006
12208.0,6.028593063354492,1.5050432682037354,4357.669400535
12209.0,9.389972686767578,2.0312583446502686,4357.986291174006
12210.0,14.67485237121582,3.065382480621338,4358.276685359
12211.0,21.37631607055664,4.116345405578613,4358.560002140002
12212.0,31.143312454223633,4.117417812347412,4358.862991643007
12213.0,6.839687347412109,1.552643895149231,4359.167951102005
12214.0,5.584470748901367,1.2856007814407349,4359.469224548011
12215.0,6.485396385192871,1.5566439628601074,4359.765941662001
12216.0,13.656719207763672,3.2822861671447754,4360.051517758009
12217.0,21.408117294311523,3.6826112270355225,4360.349493329006
12218.0,9.637840270996094,2.02308988571167,4360.658106995004
12219.0,5.603145122528076,1.7289737462997437,4360.957569889011
12220.0,42.39240264892578,4.919721603393555,4361.25148130201
12221.0,13.901520729064941,3.0754058361053467,4361.546545277
12222.0,13.894867897033691,3.5746164321899414,4361.859860715005
12223.0,40.86862564086914,5.725452899932861,4362.142008436
12224.0,12.163224220275879,2.949937582015991,4362.4482625790115
12225.0,5.078015327453613,1.3709005117416382,4362.751106614
12226.0,7.471070289611816,1.773555874824524,4363.067575426001
12227.0,8.553741455078125,1.9160865545272827,4363.370240633012
12228.0,5.866475582122803,1.4742000102996826,4363.666349217005
12229.0,29.456684112548828,4.540442943572998,4363.955119578008
12230.0,5.717037677764893,1.5459717512130737,4364.248185321005
12231.0,61.67167663574219,6.5848917961120605,4364.534663588012
12232.0,8.944908142089844,2.1083824634552,4364.841959237005
12233.0,13.86094856262207,3.3952059745788574,4365.125764348006
12234.0,11.210155487060547,2.4036219120025635,4365.436511260006
12235.0,4.2831621170043945,1.217479944229126,4365.730009826002
12236.0,25.85577964782715,4.1759257316589355,4366.017418749005
12237.0,31.61821174621582,4.797004222869873,4366.30392820001
12238.0,18.40517807006836,3.2769954204559326,4366.603539414005
12239.0,11.993146896362305,2.6456847190856934,4366.896440763012
12240.0,5.8455915451049805,1.6008065938949585,4367.212321542
12241.0,20.52766227722168,3.343606472015381,4367.516327774007
12242.0,13.962419509887695,2.877222776412964,4367.8088977340085
12243.0,6.720114231109619,1.773858904838562,4368.113820292012
12244.0,4.28750467300415,1.0232049226760864,4368.407390414999
12245.0,11.32076644897461,2.4309003353118896,4368.708515694001
12246.0,54.595298767089844,7.324488639831543,4369.006658959013
12247.0,28.53599739074707,5.026487827301025,4369.307801642004
12248.0,7.0879058837890625,1.724665880203247,4369.613104817006
12249.0,5.478786468505859,1.4478868246078491,4369.89784771901
12250.0,66.52589416503906,8.354060173034668,4370.198889711013
12251.0,11.300542831420898,2.3781578540802,4370.525543832002
12252.0,18.73139190673828,3.5742485523223877,4370.812434747
12253.0,8.539687156677246,2.446437358856201,4371.124709313008
12254.0,6.02081823348999,1.4331996440887451,4371.433284972009
12255.0,17.020784378051758,3.1158692836761475,4371.734621381009
12256.0,20.12135124206543,4.078637599945068,4372.017859829008
12257.0,11.539070129394531,3.2294375896453857,4372.331423575
12258.0,19.427310943603516,4.22969388961792,4372.64362256501
12259.0,13.868526458740234,2.60101318359375,4372.926308437003
12260.0,4.799431800842285,1.3980894088745117,4373.226308196012
12261.0,3.453357219696045,0.9473792314529419,4373.526604988001
12262.0,23.65094757080078,4.039795875549316,4373.823428360003
12263.0,27.822376251220703,4.322956085205078,4374.1247934590065
12264.0,10.229372024536133,2.409134864807129,4374.432408972003
12265.0,19.416160583496094,3.4669692516326904,4374.73317977901
12266.0,19.165966033935547,3.8456664085388184,4375.027406354013
12267.0,15.950688362121582,2.9039807319641113,4375.324897099999
12268.0,15.166752815246582,3.394740581512451,4375.616914454004
12269.0,13.991411209106445,2.4937517642974854,4375.900853664003
12270.0,8.456380844116211,2.018411874771118,4376.2151050630055
12271.0,36.67353439331055,5.633200645446777,4376.533092998012
12272.0,11.055036544799805,2.281801223754883,4376.838504252999
12273.0,13.295476913452148,2.6364595890045166,4377.128921212003
12274.0,32.116363525390625,4.345352649688721,4377.445178578011
12275.0,33.17917251586914,5.299118518829346,4377.740607510001
12276.0,6.0012969970703125,1.3875792026519775,4378.044573937004
12277.0,5.339337348937988,1.3913606405258179,4378.332737260003
12278.0,26.926355361938477,4.441537380218506,4378.640259058011
12279.0,4.260973930358887,1.0886129140853882,4378.933287410007
12280.0,101.4631118774414,10.219040870666504,4379.228232063004
12281.0,24.460514068603516,4.111719131469727,4379.513110156011
12282.0,9.42498779296875,1.9921064376831055,4379.829559525009
12283.0,17.04856300354004,2.9576756954193115,4380.129087628011
12284.0,5.13239860534668,1.332292914390564,4380.452370318002
12285.0,19.89409065246582,3.5914790630340576,4380.740594418006
12286.0,24.84429931640625,3.881221294403076,4381.036768558013
12287.0,9.162357330322266,2.368222236633301,4381.332941870001
12288.0,11.342811584472656,2.7288930416107178,4381.624904719007
12289.0,12.825348854064941,2.54805064201355,4381.914738192005
12290.0,7.558471202850342,1.7167118787765503,4382.205376476006
12291.0,5.715909957885742,1.3029489517211914,4382.5075594049995
12292.0,5.556593894958496,1.6772769689559937,4382.800613262007
12293.0,18.63105010986328,4.007601737976074,4383.085513898011
12294.0,5.9891037940979,1.7579212188720703,4383.382722064009
12295.0,6.7469892501831055,1.6408905982971191,4383.660446214009
12296.0,4.478843688964844,1.1453235149383545,4383.952807185007
12297.0,37.28335952758789,5.914750576019287,4384.262256025002
12298.0,20.208152770996094,3.757702112197876,4384.5761926920095
12299.0,3.5657222270965576,0.9983121752738953,4384.871916574004
12300.0,20.44625473022461,3.340139150619507,4385.174158937007
12301.0,10.317835807800293,2.3462822437286377,4391.278037812008
12302.0,12.340459823608398,2.913102388381958,4391.567838325005
12303.0,22.634790420532227,3.7707955837249756,4391.857343515003
12304.0,6.100493431091309,1.8804067373275757,4392.168312285008
12305.0,5.321500301361084,1.4440793991088867,4392.466629984003
12306.0,4.677204132080078,1.2536098957061768,4392.758689251001
12307.0,68.99421691894531,8.186079978942871,4393.050542131008
12308.0,7.634782314300537,1.731632113456726,4393.330852993007
12309.0,5.009909629821777,1.1795834302902222,4393.620195088006
12310.0,21.227136611938477,3.0654687881469727,4393.925325439006
12311.0,10.672388076782227,1.9577287435531616,4394.250986296
12312.0,139.7430419921875,18.587825775146484,4394.540948069
12313.0,21.47297477722168,3.7173779010772705,4394.834154632001
12314.0,17.129287719726562,3.0209124088287354,4395.128034716006
12315.0,34.701576232910156,4.593789100646973,4395.419881256006
12316.0,4.921344757080078,1.3112670183181763,4395.7051676980045
12317.0,14.311338424682617,3.8451550006866455,4395.9934827420075
12318.0,10.529885292053223,2.2142069339752197,4396.28972510001
12319.0,62.580055236816406,10.946466445922852,4396.578280432004
12320.0,9.588886260986328,1.9716662168502808,4396.862292153004
12321.0,13.890094757080078,3.4119374752044678,4397.147954909
12322.0,9.953193664550781,1.93126380443573,4397.456066982006
12323.0,8.139232635498047,2.1333212852478027,4397.767305043002
12324.0,11.161320686340332,2.773566246032715,4398.078062216009
12325.0,4.111750602722168,1.1114028692245483,4398.379304465008
12326.0,48.69464874267578,6.355509281158447,4398.673429494011
12327.0,11.934113502502441,2.427549362182617,4398.966007097013
12328.0,5.367887496948242,1.456721544265747,4399.259299502999
12329.0,6.287309169769287,1.7956653833389282,4399.555787188001
12330.0,15.57496452331543,2.8430540561676025,4399.848586843
12331.0,8.370275497436523,2.2451088428497314,4400.145965065007
12332.0,9.518119812011719,2.217989683151245,4400.437063777004
12333.0,36.86626434326172,5.667566776275635,4400.725452872008
12334.0,33.5223274230957,4.258756637573242,4401.020254675008
12335.0,10.065498352050781,2.7459704875946045,4401.32905887501
12336.0,14.021413803100586,3.08786678314209,4401.63897845801
12337.0,20.88311004638672,3.514108419418335,4401.944827488012
12338.0,5.14521598815918,1.4361847639083862,4402.232670174999
12339.0,5.927151203155518,1.8874132633209229,4402.534377634001
12340.0,18.255104064941406,3.314751386642456,4402.815927018004
12341.0,5.887282848358154,1.44705331325531,4403.117908882006
12342.0,9.338001251220703,1.8494675159454346,4403.404190255009
12343.0,19.088645935058594,3.5292105674743652,4403.696657405002
12344.0,6.328238487243652,1.534534215927124,4403.990519636005
12345.0,5.677267074584961,1.785889744758606,4404.273541746006
12346.0,10.989965438842773,2.419552803039551,4404.588299682
12347.0,15.949007987976074,3.22745418548584,4404.883822029005
12348.0,19.02235984802246,2.6922197341918945,4405.192979542
12349.0,37.50108337402344,5.671535015106201,4405.49175989801
12350.0,7.303797245025635,1.9856401681900024,4405.775755090013
12351.0,12.23571491241455,2.7778148651123047,4406.078257084009
12352.0,4.465826034545898,1.132296085357666,4406.379195656002
12353.0,10.440258026123047,2.2327451705932617,4406.69365857901
12354.0,16.924789428710938,3.1747658252716064,4406.9740579250065
12355.0,32.68348693847656,4.775233268737793,4407.298170345006
12356.0,20.344789505004883,3.1298911571502686,4407.594771743999
12357.0,19.75912857055664,3.233538866043091,4407.890248207012
12358.0,7.070751667022705,1.5451157093048096,4408.189908269007
12359.0,18.959575653076172,3.241302967071533,4408.5064827830065
12360.0,4.520969390869141,1.1073893308639526,4408.810541367013
12361.0,12.248228073120117,2.540900945663452,4409.114133120005
12362.0,11.478996276855469,2.5341711044311523,4409.420059691009
12363.0,9.554007530212402,2.3108668327331543,4409.721244417
12364.0,6.623683929443359,1.4837501049041748,4410.039572057009
12365.0,4.6205620765686035,1.2312499284744263,4410.332584972013
12366.0,6.698706150054932,1.8515793085098267,4410.631469412008
12367.0,7.651222229003906,1.6780004501342773,4410.920839647006
12368.0,32.81682586669922,5.23896598815918,4411.230506265012
12369.0,165.89874267578125,18.552196502685547,4411.519980912999
12370.0,6.243183135986328,1.66769278049469,4411.840618816001
12371.0,6.1178364753723145,1.3798116445541382,4412.140608337999
12372.0,85.62381744384766,9.288701057434082,4412.442347814009
12373.0,33.9216194152832,4.807578086853027,4412.744362176003
12374.0,12.304295539855957,2.550936460494995,4413.03465555601
12375.0,4.276444435119629,1.0712593793869019,4413.346367092003
12376.0,11.620141983032227,2.681668281555176,4413.635033055005
12377.0,8.920754432678223,1.9920589923858643,4413.945718860006
12378.0,15.947380065917969,2.735903024673462,4414.251449212999
12379.0,16.57605743408203,3.632966995239258,4414.549036570999
12380.0,24.162599563598633,3.6301674842834473,4414.870759834012
12381.0,20.114303588867188,3.704658269882202,4415.17740265801
12382.0,15.181292533874512,3.340038299560547,4415.463220909005
12383.0,90.60926055908203,8.841512680053711,4415.754899396008
12384.0,16.27203369140625,3.0524539947509766,4416.066661685007
12385.0,12.460531234741211,2.411033868789673,4416.363028452004
12386.0,7.175760269165039,1.4763829708099365,4416.6587984360085
12387.0,17.918466567993164,2.9849693775177,4416.96483186401
12388.0,19.922197341918945,2.869468927383423,4417.255236079
12389.0,5.4756646156311035,1.2219337224960327,4417.558784761
12390.0,3.9776885509490967,1.0184149742126465,4417.858112872011
12391.0,12.22506332397461,2.4601290225982666,4418.143785024004
12392.0,10.903914451599121,2.2363343238830566,4418.447883402012
12393.0,31.84427261352539,5.277379035949707,4418.73225367401
12394.0,18.22757339477539,3.174243211746216,4419.019465398
12395.0,12.609368324279785,2.7521517276763916,4419.318188434001
12396.0,9.845911026000977,2.1500277519226074,4419.624040490002
12397.0,92.90387725830078,9.502401351928711,4419.926597247002
12398.0,12.767091751098633,2.5044260025024414,4420.23212879301
12399.0,19.653831481933594,3.633721113204956,4420.512958829
12400.0,18.935972213745117,2.4051334857940674,4420.801385212006
12401.0,7.400086402893066,1.9768521785736084,4426.913746082006
12402.0,29.679574966430664,4.652954578399658,4427.211381168003
12403.0,14.02798843383789,2.3211116790771484,4427.5306198670005
12404.0,16.05165672302246,2.823061943054199,4427.8335417100025
12405.0,7.905072212219238,2.132326126098633,4428.12913401
12406.0,5.2663254737854,1.448543667793274,4428.422344253006
12407.0,8.498485565185547,1.9429903030395508,4428.726107487004
12408.0,16.531078338623047,2.915933847427368,4429.012349880999
12409.0,13.170576095581055,2.674438714981079,4429.304656025008
12410.0,4.440190315246582,1.3467657566070557,4429.6061158090015
12411.0,14.132354736328125,2.9973866939544678,4429.901528315007
12412.0,19.975833892822266,3.458775758743286,4430.207421821004
12413.0,11.943851470947266,2.592925548553467,4430.513356634008
12414.0,13.026895523071289,2.8413233757019043,4430.800165123001
12415.0,13.338424682617188,2.832789897918701,4431.091029953008
12416.0,9.158266067504883,2.369903326034546,4431.3784747630125
12417.0,16.29568099975586,2.818631649017334,4431.667593129008
12418.0,7.008981227874756,1.394252061843872,4431.95900631501
12419.0,7.95423698425293,2.0449328422546387,4432.264082316004
12420.0,23.558645248413086,3.0560460090637207,4432.570706232
12421.0,11.534452438354492,2.1510210037231445,4432.8539521710045
12422.0,8.05026626586914,1.964778184890747,4433.143440618005
12423.0,16.73736000061035,3.3458218574523926,4433.443226284013
12424.0,4.54449462890625,1.1517982482910156,4433.740971636013
12425.0,5.81488037109375,1.542056679725647,4434.035763313004
12426.0,10.765535354614258,1.8578259944915771,4434.319331678009
12427.0,33.752498626708984,4.99376106262207,4434.624606090001
12428.0,17.10878562927246,4.65478515625,4434.917441408004
12429.0,13.065980911254883,2.2734060287475586,4435.2231394460105
12430.0,4.554002285003662,1.2528432607650757,4435.539992675011
12431.0,4.824313163757324,1.1630152463912964,4435.859008786007
12432.0,11.652824401855469,2.6820545196533203,4436.147771044009
12433.0,47.03091049194336,5.842165946960449,4436.446043986012
12434.0,4.261608600616455,1.0167157649993896,4436.757760018008
12435.0,4.1434855461120605,1.1486667394638062,4437.037481878011
12436.0,21.42426300048828,3.444801092147827,4437.344792314005
12437.0,7.883317947387695,2.077986001968384,4437.647495154
12438.0,19.47210693359375,3.535653829574585,4437.958694298999
12439.0,14.703191757202148,3.188231945037842,4438.263666035011
12440.0,23.115936279296875,4.150601863861084,4438.568496983004
12441.0,21.821121215820312,3.9928579330444336,4438.863227751004
12442.0,5.903674602508545,1.4581266641616821,4439.166110787002
12443.0,22.519201278686523,3.7022078037261963,4439.451622612003
12444.0,12.865074157714844,2.1887052059173584,4439.740601941012
12445.0,3.88529109954834,1.062171459197998,4440.024774515012
12446.0,4.709275722503662,1.1439294815063477,4440.311979660008
12447.0,23.553428649902344,3.8407199382781982,4440.598002250001
12448.0,7.761234283447266,1.8369121551513672,4440.87747909801
12449.0,15.514290809631348,3.4095327854156494,4441.175291245003
12450.0,5.027156352996826,1.2194499969482422,4441.477447035999
12451.0,12.133261680603027,3.293137788772583,4441.778213579004
12452.0,5.173645496368408,1.2560371160507202,4442.058786458001
12453.0,6.56505012512207,1.8924357891082764,4442.3662655070075
12454.0,8.288581848144531,1.6556257009506226,4442.664369500009
12455.0,59.80809783935547,10.171854019165039,4442.959944870003
12456.0,23.11909294128418,4.1081366539001465,4443.266310169012
12457.0,6.166268348693848,1.4656240940093994,4443.5613074310095
12458.0,10.157360076904297,2.0765814781188965,4443.848259390012
12459.0,32.08538055419922,5.026663303375244,4444.159195208005
12460.0,23.16924285888672,4.26950216293335,4444.457445327003
12461.0,4.454299449920654,1.2666300535202026,4444.741851774001
12462.0,5.213420867919922,1.3130537271499634,4445.058536264012
12463.0,20.772729873657227,4.050723552703857,4445.368211293011
12464.0,17.842578887939453,3.6446712017059326,4445.662471928008
12465.0,50.91743469238281,6.766872406005859,4445.953892933001
12466.0,6.23745584487915,1.589337706565857,4446.238335510003
12467.0,5.13154935836792,1.3363690376281738,4446.529530641012
12468.0,9.621319770812988,2.1835334300994873,4446.831367696999
12469.0,6.580149173736572,1.636498212814331,4447.126498162004
12470.0,6.600438594818115,1.4963972568511963,4447.440303572002
12471.0,45.1400146484375,5.847519874572754,4447.732175793004
12472.0,61.557373046875,6.944168567657471,4448.022753433004
12473.0,6.247764587402344,1.927735447883606,4448.321666697011
12474.0,27.179458618164062,4.352897644042969,4448.622741943007
12475.0,11.301874160766602,2.3077938556671143,4448.918422817005
12476.0,5.303372383117676,1.3973757028579712,4449.223167570002
12477.0,17.594486236572266,2.914541482925415,4449.507786525006
12478.0,14.955890655517578,2.79319429397583,4449.789408984012
12479.0,19.649089813232422,3.5143723487854004,4450.097483081001
12480.0,19.333782196044922,3.360178232192993,4450.4069925570075
12481.0,35.2894401550293,5.921335220336914,4450.697286497001
12482.0,7.780928611755371,1.7985116243362427,4450.989054883001
12483.0,7.698202133178711,1.7672368288040161,4451.288140883
12484.0,14.7329740524292,2.848975419998169,4451.596413552004
12485.0,92.14615631103516,10.441289901733398,4451.885942655004
12486.0,13.385930061340332,2.6340222358703613,4452.170999708003
12487.0,6.36345100402832,1.5015209913253784,4452.479348987006
12488.0,14.631689071655273,2.6835293769836426,4452.796048843011
12489.0,14.119478225708008,2.4991683959960938,4453.097418983001
12490.0,9.939510345458984,2.0413155555725098,4453.395234473006
12491.0,15.573294639587402,2.2676875591278076,4453.708207768999
12492.0,87.82992553710938,8.69897747039795,4454.016903991011
12493.0,75.60162353515625,12.453363418579102,4454.327550989008
12494.0,6.943748474121094,2.101933479309082,4454.615424503005
12495.0,15.920239448547363,3.2804038524627686,4454.920951937005
12496.0,4.308224678039551,1.168842077255249,4455.2286823500035
12497.0,11.134446144104004,2.3449208736419678,4455.516642582006
12498.0,11.638032913208008,2.2302193641662598,4455.795473455
12499.0,16.81991195678711,3.0585362911224365,4456.071023063007
12500.0,61.68523406982422,10.842881202697754,4456.37371121101
12501.0,25.309133529663086,4.4402689933776855,4462.721934119007
12502.0,15.757153511047363,3.3482794761657715,4463.011474357001
12503.0,24.264814376831055,4.02180290222168,4463.324058019003
12504.0,41.39015579223633,5.426894187927246,4463.5995075210085
12505.0,16.567914962768555,3.948284387588501,4463.8957210650115
12506.0,10.263595581054688,2.4048702716827393,4464.210800515008
12507.0,6.061683654785156,1.5761873722076416,4464.510180911006
12508.0,25.146873474121094,4.506728172302246,4464.834175858006
12509.0,4.497270584106445,1.2655545473098755,4465.142132991008
12510.0,39.304203033447266,5.933845520019531,4465.442306539
12511.0,13.601761817932129,2.515744924545288,4465.746665448009
12512.0,27.522781372070312,4.578636646270752,4466.065760919999
12513.0,8.752409934997559,2.318049192428589,4466.386774657003
12514.0,4.647572040557861,1.2572576999664307,4466.692741832012
12515.0,19.789520263671875,3.5019774436950684,4466.986842204002
12516.0,7.331076622009277,1.5820382833480835,4467.288563908005
12517.0,19.55016326904297,4.161653518676758,4467.583453154002
12518.0,9.09918212890625,2.0746541023254395,4467.889495841009
12519.0,8.507503509521484,2.2581300735473633,4468.194835122005
12520.0,11.727574348449707,2.326544761657715,4468.504088190006
12521.0,7.310847282409668,2.09964656829834,4468.791697249006
12522.0,6.592380046844482,1.7027020454406738,4469.079046958999
12523.0,14.881660461425781,3.103672742843628,4469.372290388012
12524.0,12.781497955322266,2.8688316345214844,4469.695525126008
12525.0,34.354461669921875,5.684792995452881,4469.990264466003
12526.0,16.60495948791504,3.0315611362457275,4470.290006634008
12527.0,6.109415531158447,1.8677223920822144,4470.573188762006
12528.0,21.10913848876953,3.7423675060272217,4470.866943902001
12529.0,13.549070358276367,2.4096462726593018,4471.157710078012
12530.0,7.239711761474609,1.7215607166290283,4471.461526976011
12531.0,4.251654624938965,1.2994784116744995,4471.760204867009
12532.0,10.031967163085938,2.4945156574249268,4472.062325583
12533.0,4.425815582275391,0.9850341081619263,4472.379245538003
12534.0,30.92021942138672,5.366605758666992,4472.679320337003
12535.0,46.17927551269531,5.185168743133545,4472.966921931002
12536.0,41.66009521484375,6.431371212005615,4473.269581996006
12537.0,17.87818717956543,3.583221673965454,4473.561666068999
12538.0,11.642654418945312,2.7371087074279785,4473.870645064002
12539.0,5.723876953125,1.2674381732940674,4474.157001521002
12540.0,8.198026657104492,1.9808770418167114,4474.442195210009
12541.0,22.55202865600586,3.6345975399017334,4474.733132261012
12542.0,4.214588165283203,1.0792217254638672,4475.020037615002
12543.0,8.106195449829102,1.7451449632644653,4475.317416541002
12544.0,8.004308700561523,1.9740612506866455,4475.609927382
12545.0,20.60688018798828,4.110864162445068,4475.912673883009
12546.0,18.357921600341797,2.8680121898651123,4476.21624761101
12547.0,20.2481746673584,4.1129021644592285,4476.512966926006
12548.0,7.539102554321289,1.8550386428833008,4476.795356785005
12549.0,21.768875122070312,3.7808761596679688,4477.082688818002
12550.0,26.662527084350586,4.273425102233887,4477.388890246002
12551.0,13.444883346557617,2.4465556144714355,4477.695798470013
12552.0,20.292755126953125,3.723609209060669,4477.99145789101
12553.0,17.24901580810547,3.13976788520813,4478.297352632013
12554.0,5.493391513824463,1.2439302206039429,4478.604295435012
12555.0,11.136442184448242,1.8738747835159302,4478.894439900003
12556.0,11.148348808288574,2.2893266677856445,4479.199022338013
12557.0,5.122468948364258,1.1945351362228394,4479.501346473
12558.0,24.331703186035156,3.551701784133911,4479.810426001
12559.0,7.605431079864502,1.6486213207244873,4480.117033433009
12560.0,18.718658447265625,3.541558027267456,4480.425785797008
12561.0,6.452333450317383,1.5624889135360718,4480.723187812007
12562.0,10.231208801269531,2.203291416168213,4481.019748100007
12563.0,4.03684139251709,1.0524040460586548,4481.301175850007
12564.0,12.18757152557373,3.3254342079162598,4481.587551713004
12565.0,22.45686149597168,3.9468376636505127,4481.8925347740005
12566.0,7.340758323669434,1.7193527221679688,4482.201662387
12567.0,24.086692810058594,4.050934791564941,4482.525076597012
12568.0,35.23817443847656,4.895778656005859,4482.815923720002
12569.0,4.523838996887207,1.175557017326355,4483.123279291001
12570.0,20.613691329956055,3.5684666633605957,4483.412510637005
12571.0,10.71504020690918,2.7387001514434814,4483.72734132201
12572.0,19.44931411743164,3.354945421218872,4484.013335900003
12573.0,18.755096435546875,3.5155458450317383,4484.310692487008
12574.0,20.534704208374023,3.4361796379089355,4484.608842411006
12575.0,5.396214485168457,1.2758359909057617,4484.913536423002
12576.0,12.01029109954834,2.7447733879089355,4485.202602968013
12577.0,11.341338157653809,2.4230027198791504,4485.493586241006
12578.0,6.0590314865112305,1.4645378589630127,4485.863227552007
12579.0,7.757037162780762,1.553915023803711,4486.14457295301
12580.0,14.932010650634766,2.6963469982147217,4486.442581423005
12581.0,3.59891414642334,0.9194440841674805,4486.745667873009
12582.0,3.594583511352539,0.9782160520553589,4487.045490635006
12583.0,8.912714004516602,1.9360153675079346,4487.338892124011
12584.0,15.733686447143555,3.5201666355133057,4487.653546865011
12585.0,5.0738067626953125,1.2428278923034668,4487.975656503011
12586.0,10.811814308166504,2.2219386100769043,4488.263583845008
12587.0,6.4865217208862305,1.7635279893875122,4488.543264504013
12588.0,4.65132999420166,1.1392996311187744,4488.831747668999
12589.0,9.672884941101074,2.3468809127807617,4489.128728677999
12590.0,11.47945499420166,2.699894905090332,4489.435459194006
12591.0,11.725469589233398,2.2681078910827637,4489.716175787005
12592.0,13.404666900634766,2.9103682041168213,4489.995932826001
12593.0,5.371096611022949,1.600516438484192,4490.302689103002
12594.0,45.045047760009766,5.962472438812256,4490.59482334301
12595.0,13.072526931762695,3.0700573921203613,4490.89135087101
12596.0,43.615875244140625,4.940093040466309,4491.2110963160085
12597.0,18.575965881347656,2.965780258178711,4491.500563062
12598.0,8.232362747192383,1.7784308195114136,4491.798233360008
12599.0,22.142127990722656,3.442751407623291,4492.092454718004
12600.0,64.02949523925781,7.762291431427002,4492.396115081006
12601.0,5.573123931884766,1.6743139028549194,4498.545081212011
12602.0,13.480064392089844,2.813652753829956,4498.853507468011
12603.0,16.823219299316406,2.824531316757202,4499.158434894009
12604.0,21.980995178222656,4.030132293701172,4499.461884546006
12605.0,17.555410385131836,3.160153865814209,4499.750651089009
12606.0,9.858261108398438,2.0937438011169434,4500.036008250012
12607.0,6.282591819763184,1.5325560569763184,4500.322456192007
12608.0,17.41562271118164,3.6627724170684814,4500.610788677004
12609.0,7.133023738861084,1.6653454303741455,4500.915292026009
12610.0,9.607704162597656,2.3984405994415283,4501.191073661001
12611.0,8.384071350097656,1.9295614957809448,4501.49210499601
12612.0,14.185133934020996,2.5882253646850586,4501.794502683013
12613.0,62.23206329345703,4.9996490478515625,4502.093612989003
12614.0,12.972929000854492,2.5008304119110107,4502.403233147008
12615.0,4.956668376922607,1.1785461902618408,4502.696557397008
12616.0,16.9847412109375,3.3664023876190186,4502.977807256
12617.0,9.461639404296875,2.156153917312622,4503.263587877009
12618.0,26.155715942382812,4.2649407386779785,4503.565018991008
12619.0,4.561166286468506,1.0799932479858398,4503.851859889008
12620.0,3.9087607860565186,1.0026272535324097,4504.143516726006
12621.0,5.930086612701416,1.5095422267913818,4504.432677470002
12622.0,19.8400936126709,3.6973564624786377,4504.7191790080105
12623.0,16.55609893798828,3.297668695449829,4505.005374488013
12624.0,12.028543472290039,2.4743523597717285,4505.308371867999
12625.0,15.305074691772461,2.6522960662841797,4505.592357243004
12626.0,11.321524620056152,2.3383677005767822,4505.883216601011
12627.0,19.532207489013672,3.3749513626098633,4506.186636578001
12628.0,6.265286445617676,1.4696345329284668,4506.475722746007
12629.0,11.490206718444824,2.604921340942383,4506.764898597001
12630.0,9.399650573730469,1.6595911979675293,4507.055241491005
12631.0,12.214667320251465,2.812790632247925,4507.349053635
12632.0,21.553964614868164,3.853641986846924,4507.643256775002
12633.0,9.603683471679688,2.236605405807495,4507.9406132020085
12634.0,11.38216781616211,2.544665813446045,4508.2369951069995
12635.0,18.366962432861328,3.0361835956573486,4508.529553549
12636.0,23.69699478149414,3.668741464614868,4508.8286946770095
12637.0,14.615537643432617,2.611081838607788,4509.131521739007
12638.0,50.638187408447266,5.689499378204346,4509.42489027101
12639.0,16.856754302978516,3.2006330490112305,4509.705503716003
12640.0,6.600632190704346,1.5882242918014526,4510.0040128890105
12641.0,6.937780857086182,1.6109727621078491,4510.295346833009
12642.0,25.50092315673828,5.807488441467285,4510.5939065160055
12643.0,4.174160957336426,1.052268147468567,4510.902559802009
12644.0,21.343124389648438,4.206981658935547,4511.199566828
12645.0,19.479045867919922,3.431673288345337,4511.481158846
12646.0,17.460369110107422,3.461043119430542,4511.780286766007
12647.0,7.376683712005615,2.058162212371826,4512.077022373007
12648.0,23.057518005371094,3.9268462657928467,4512.383920168009
12649.0,7.664554119110107,1.7130496501922607,4512.66283243701
12650.0,13.852863311767578,2.5777628421783447,4512.948852432004
12651.0,27.39120101928711,4.622732639312744,4513.237306989002
12652.0,24.811431884765625,4.230783462524414,4513.5286198770045
12653.0,49.029510498046875,6.078859806060791,4513.8225927270105
12654.0,12.56549072265625,2.2434418201446533,4514.113776427999
12655.0,18.179443359375,3.6212260723114014,4514.399323994003
12656.0,8.395652770996094,2.3746559619903564,4514.707487996013
12657.0,92.05300903320312,10.55567455291748,4514.997156801008
12658.0,16.423343658447266,2.537539482116699,4515.307660969003
12659.0,15.513113021850586,2.637117624282837,4515.593778559007
12660.0,8.526167869567871,2.251547336578369,4515.876337926005
12661.0,9.1815824508667,2.0763351917266846,4516.190615101004
12662.0,12.426253318786621,2.2357022762298584,4516.480543730009
12663.0,20.763763427734375,3.2792913913726807,4516.774155014005
12664.0,31.444778442382812,5.0763773918151855,4517.067642986003
12665.0,13.511274337768555,2.8728091716766357,4517.370248872001
12666.0,38.538978576660156,5.829164505004883,4517.657727227008
12667.0,15.455327987670898,3.1785686016082764,4517.94077038001
12668.0,73.66908264160156,8.174670219421387,4518.227484275005
12669.0,6.6891889572143555,1.9948415756225586,4518.529920606001
12670.0,10.005643844604492,2.3952856063842773,4518.820965725012
12671.0,11.334964752197266,2.9954898357391357,4519.117371540007
12672.0,5.296814918518066,1.2724591493606567,4519.41467130401
12673.0,30.595767974853516,6.477834701538086,4519.721819316008
12674.0,24.333784103393555,5.463737487792969,4520.025901311004
12675.0,32.13605499267578,5.700281620025635,4520.325320873002
12676.0,8.59516716003418,2.178053379058838,4520.623885375011
12677.0,9.78768253326416,2.2035512924194336,4520.914962422001
12678.0,35.582698822021484,5.1457905769348145,4521.20635494501
12679.0,7.910762786865234,2.1363449096679688,4521.492216254002
12680.0,32.08989334106445,7.288905620574951,4521.795943129007
12681.0,25.92007064819336,4.88295841217041,4522.099435182012
12682.0,14.82305908203125,3.547351360321045,4522.408101486013
12683.0,16.33292007446289,3.5382254123687744,4522.704950012005
12684.0,14.00004768371582,3.11021089553833,4523.018297659
12685.0,6.494339942932129,1.561065912246704,4523.333890598005
12686.0,8.470037460327148,1.7545069456100464,4523.631994043011
12687.0,5.280957221984863,1.2326525449752808,4523.927600312003
12688.0,16.751850128173828,3.7028119564056396,4524.213731142008
12689.0,10.373308181762695,1.8031104803085327,4524.521812523002
12690.0,9.922403335571289,2.145148754119873,4524.816576980011
12691.0,7.069930076599121,1.8358464241027832,4525.118192818001
12692.0,16.88381576538086,2.8062493801116943,4525.423193309005
12693.0,9.04863166809082,1.754339337348938,4525.714480895011
12694.0,21.33582305908203,3.5382909774780273,4526.024116413013
12695.0,5.776025772094727,1.5141419172286987,4526.316160720002
12696.0,54.72477722167969,7.298768997192383,4526.622280628013
12697.0,12.392959594726562,2.526304244995117,4526.921570114006
12698.0,7.778996467590332,1.9211595058441162,4527.214767294005
12699.0,6.757689952850342,1.6947747468948364,4527.50813358101
12700.0,27.045658111572266,4.4589924812316895,4527.806154250007
12701.0,4.573703765869141,1.2483593225479126,4533.9091912830045
12702.0,10.135931015014648,2.5174806118011475,4534.238262471001
12703.0,20.864152908325195,3.853750705718994,4534.535568120002
12704.0,12.627471923828125,2.3488402366638184,4534.831260670006
12705.0,11.529863357543945,2.239468574523926,4535.130702476003
12706.0,7.159085273742676,1.5741370916366577,4535.424848833005
12707.0,4.048734188079834,1.1598639488220215,4535.718925560999
12708.0,27.9100399017334,5.736291885375977,4536.030611467999
12709.0,17.31281089782715,4.532242774963379,4536.316805136012
12710.0,4.126128196716309,1.0591074228286743,4536.619819897009
12711.0,23.009136199951172,3.7687551975250244,4536.908049667007
12712.0,8.655731201171875,1.8364545106887817,4537.207041725007
12713.0,8.049696922302246,2.0386641025543213,4537.491406900008
12714.0,22.14069366455078,4.242796421051025,4537.801620960003
12715.0,5.7748212814331055,1.4779243469238281,4538.098212387005
12716.0,66.13157653808594,8.556818008422852,4538.399380969
12717.0,7.032444953918457,1.5790934562683105,4538.7057226690085
12718.0,19.670730590820312,3.661752462387085,4539.029345542003
12719.0,5.961674213409424,1.5475492477416992,4539.341409248009
12720.0,11.848342895507812,2.320213794708252,4539.662393208011
12721.0,101.71339416503906,16.257497787475586,4539.980257619012
12722.0,18.273534774780273,2.8313732147216797,4540.282803688009
12723.0,9.213391304016113,2.120047092437744,4540.57941946201
12724.0,17.449901580810547,2.9828100204467773,4540.871535819009
12725.0,11.192564964294434,2.1471822261810303,4541.178046931003
12726.0,6.1412811279296875,1.4821475744247437,4541.4636060990015
12727.0,4.645068168640137,1.0090560913085938,4541.76147391001
12728.0,33.8533821105957,4.886921405792236,4542.056111216007
12729.0,36.091148376464844,5.1777262687683105,4542.335991209009
12730.0,6.5159687995910645,1.7539597749710083,4542.635264982004
12731.0,53.053489685058594,6.386688709259033,4542.91730640801
12732.0,10.560955047607422,2.3673293590545654,4543.220335722013
12733.0,37.49175262451172,4.682908058166504,4543.5076504720055
12734.0,9.421950340270996,2.2414517402648926,4543.806191542011
12735.0,15.880582809448242,2.9445972442626953,4544.103833412009
12736.0,9.829931259155273,2.2195920944213867,4544.399131065002
12737.0,29.904014587402344,4.109451770782471,4544.703175182003
12738.0,18.465133666992188,3.381197452545166,4545.018273123002
12739.0,28.750328063964844,4.800024509429932,4545.309888774005
12740.0,8.29699420928955,1.990473747253418,4545.607939823007
12741.0,30.857120513916016,4.845468521118164,4545.900795834008
12742.0,9.051719665527344,2.276035785675049,4546.190294070009
12743.0,4.550836086273193,1.0404099225997925,4546.487998606011
12744.0,6.615702152252197,1.9453171491622925,4546.782294269011
12745.0,27.66118621826172,4.051831245422363,4547.091904297005
12746.0,35.892234802246094,4.56239652633667,4547.371550441007
12747.0,26.938316345214844,4.3376784324646,4547.6750507800025
12748.0,4.24224853515625,1.113631010055542,4547.9913447610015
12749.0,10.263710021972656,2.194204807281494,4548.27625248101
12750.0,29.459598541259766,4.78120756149292,4548.583170562008
12751.0,8.91008186340332,2.1616907119750977,4548.876789059999
12752.0,7.088364124298096,1.6264629364013672,4549.165701321006
12753.0,30.753246307373047,4.315384864807129,4549.469836643999
12754.0,15.662698745727539,3.4081811904907227,4549.769594835001
12755.0,5.2973480224609375,1.262971043586731,4550.052006883008
12756.0,4.968108177185059,1.2812836170196533,4550.362311844001
12757.0,25.200363159179688,4.134702682495117,4550.668047182
12758.0,36.740989685058594,5.548264980316162,4550.951638963001
12759.0,10.704976081848145,2.3578124046325684,4551.25424576801
12760.0,14.020263671875,2.049427032470703,4551.541291797999
12761.0,21.579866409301758,3.158860206604004,4551.832440025013
12762.0,45.61548614501953,6.792721748352051,4552.129564947012
12763.0,11.7603759765625,2.8338818550109863,4552.431411726007
12764.0,15.973793029785156,3.1967103481292725,4552.727235794009
12765.0,5.324126243591309,1.5994218587875366,4553.030241836008
12766.0,67.74415588378906,7.939655780792236,4553.338747985006
12767.0,9.849151611328125,2.047391176223755,4553.6329597160075
12768.0,4.326657295227051,1.101104497909546,4553.91966580601
12769.0,17.94265365600586,3.1278011798858643,4554.206955526999
12770.0,8.354296684265137,2.013972282409668,4554.490120072005
12771.0,6.202928066253662,1.8462947607040405,4554.784300338011
12772.0,12.22548770904541,2.164067029953003,4555.083379172007
12773.0,9.88473892211914,1.9590011835098267,4555.368371809003
12774.0,21.70735740661621,3.506405830383301,4555.664310328008
12775.0,8.16244888305664,2.2464752197265625,4555.9742881540005
12776.0,8.369593620300293,2.165362596511841,4556.264981621003
12777.0,10.007575035095215,2.1794304847717285,4556.565262748001
12778.0,5.519473552703857,1.2814189195632935,4556.853603795011
12779.0,10.946666717529297,2.507215738296509,4557.154547163009
12780.0,13.425529479980469,2.4053702354431152,4557.449696574011
12781.0,5.129707336425781,1.1855353116989136,4557.752805870012
12782.0,4.679508686065674,1.1414111852645874,4558.080047132011
12783.0,9.096586227416992,1.9641215801239014,4558.406537512012
12784.0,24.20035743713379,3.864539384841919,4558.71242008901
12785.0,11.080673217773438,2.070767879486084,4558.9994601060025
12786.0,10.800840377807617,2.1402924060821533,4559.303949198002
12787.0,29.004846572875977,5.049058437347412,4559.598046173007
12788.0,5.587357521057129,1.6565687656402588,4559.906977631006
12789.0,28.248046875,4.686062335968018,4560.210315608012
12790.0,13.516247749328613,2.7921273708343506,4560.504698582008
12791.0,4.711894989013672,1.2467336654663086,4560.801650968002
12792.0,14.473516464233398,2.699068546295166,4561.104638408011
12793.0,22.0264835357666,3.909313201904297,4561.4288601040025
12794.0,3.8985347747802734,1.1084418296813965,4561.741823828008
12795.0,9.472437858581543,2.179711103439331,4562.060668680002
12796.0,2.510559558868408,0.7077142000198364,4562.367203788002
12797.0,4.752348899841309,1.1118264198303223,4562.643230039001
12798.0,4.647280216217041,0.9981837868690491,4562.952089162005
12799.0,10.86738109588623,2.0578246116638184,4563.260611706006
12800.0,4.707067489624023,1.2232410907745361,4563.563172416005
12801.0,27.96588134765625,4.36041259765625,4569.772426921001
12802.0,4.150253772735596,1.0933350324630737,4570.072229347003
12803.0,11.764863967895508,2.5572702884674072,4570.37612642601
12804.0,7.458944320678711,1.703757882118225,4570.6977188230085
12805.0,13.529888153076172,2.919699192047119,4571.000789072001
12806.0,5.361625671386719,1.5250731706619263,4571.325025886006
12807.0,8.21667194366455,1.9448904991149902,4571.634311343005
12808.0,17.127817153930664,3.225860595703125,4571.939371782006
12809.0,4.413693428039551,1.3553047180175781,4572.241862396011
12810.0,8.11093521118164,1.917361855506897,4572.55850934601
12811.0,9.811155319213867,2.8980724811553955,4572.865456418003
12812.0,12.946983337402344,2.692732334136963,4573.161169583007
12813.0,27.285202026367188,4.459696292877197,4573.447339742008
12814.0,112.97515869140625,12.06887435913086,4573.768952106009
12815.0,9.186481475830078,2.326812267303467,4574.08705545601
12816.0,21.311599731445312,4.315507411956787,4574.389376555002
12817.0,24.707168579101562,3.3118233680725098,4574.684341029002
12818.0,5.543888092041016,1.2986747026443481,4574.99994301
12819.0,94.44189453125,9.163288116455078,4575.296214590009
12820.0,6.4146928787231445,1.4572588205337524,4575.592418783999
12821.0,8.41616439819336,2.1193740367889404,4575.883983578009
12822.0,8.55550765991211,2.1967620849609375,4576.194413235004
12823.0,6.5130295753479,1.4844043254852295,4576.494830812007
12824.0,4.564552307128906,1.0885714292526245,4576.78494418801
12825.0,20.9228572845459,3.469449996948242,4577.084358541004
12826.0,5.2538557052612305,1.187243938446045,4577.375494911001
12827.0,8.09878158569336,1.8815133571624756,4577.686240416006
12828.0,8.802957534790039,2.0759854316711426,4577.989122232
12829.0,11.41165542602539,2.6222100257873535,4578.2839856089995
12830.0,3.669769763946533,0.9018374681472778,4578.580548579004
12831.0,30.74119758605957,4.744141578674316,4578.868772440008
12832.0,20.475419998168945,3.592200517654419,4579.191472370003
12833.0,4.875288009643555,1.1803821325302124,4579.486775125013
12834.0,6.137301445007324,1.82541823387146,4579.792130738002
12835.0,5.324664115905762,1.291192650794983,4580.099241907999
12836.0,4.710750579833984,1.2715132236480713,4580.382225247013
12837.0,6.430123329162598,1.6353951692581177,4580.667052085002
12838.0,18.49707794189453,4.406387805938721,4580.949277494001
12839.0,5.732825756072998,1.4038794040679932,4581.248559039013
12840.0,41.54706573486328,8.832530975341797,4581.552995490012
12841.0,8.196518898010254,2.2164950370788574,4581.8467432160105
12842.0,71.5545883178711,6.815854549407959,4582.127442129
12843.0,3.789517402648926,1.068305253982544,4582.419812556007
12844.0,20.653079986572266,3.7367937564849854,4582.70148370901
12845.0,36.53243637084961,7.829220294952393,4582.985980864003
12846.0,4.524872779846191,1.2944238185882568,4583.271489892999
12847.0,14.00787353515625,3.484654188156128,4583.584796784009
12848.0,13.697840690612793,2.6320080757141113,4583.879346360001
12849.0,25.615901947021484,4.458548069000244,4584.158512048001
12850.0,24.966230392456055,3.7400331497192383,4584.443657919008
12851.0,5.434952259063721,1.572342872619629,4584.741532086002
12852.0,111.68954467773438,15.63425350189209,4585.054661726012
12853.0,12.22032356262207,2.4239797592163086,4585.350676454007
12854.0,6.491547584533691,1.7933741807937622,4585.646434029011
12855.0,4.290670394897461,1.2881020307540894,4585.938669839001
12856.0,12.809320449829102,2.3441882133483887,4586.245782472004
12857.0,3.412832736968994,0.8000503182411194,4586.5431730700075
12858.0,15.193586349487305,2.886932373046875,4586.8339615740115
12859.0,10.931187629699707,2.133012056350708,4587.112983457002
12860.0,5.589399337768555,1.407772421836853,4587.399041108001
12861.0,29.17362403869629,4.113640308380127,4587.692988720009
12862.0,24.949203491210938,3.781895399093628,4587.973963280005
12863.0,9.34386920928955,2.0149223804473877,4588.279400693005
12864.0,11.47640609741211,2.5147390365600586,4588.58464037301
12865.0,7.7848639488220215,1.7970467805862427,4588.883807557999
12866.0,10.935918807983398,1.936374545097351,4589.182365967004
12867.0,14.72137451171875,2.7488510608673096,4589.467116442
12868.0,9.661102294921875,2.58695650100708,4589.790561618007
12869.0,22.900604248046875,3.464585542678833,4590.082092045006
12870.0,10.437847137451172,2.314871072769165,4590.382296819007
12871.0,17.586742401123047,3.254940986633301,4590.663942956002
12872.0,21.268577575683594,3.5963289737701416,4590.959329084013
12873.0,31.465579986572266,4.683654308319092,4591.252680113001
12874.0,11.483322143554688,2.0211758613586426,4591.541743327005
12875.0,6.809835433959961,1.5411114692687988,4591.841326057009
12876.0,21.428184509277344,3.365373134613037,4592.133372717013
12877.0,6.099027156829834,1.3743830919265747,4592.411766856007
12878.0,8.57645034790039,1.8514587879180908,4592.7229301020125
12879.0,9.617822647094727,2.0718190670013428,4593.014594640001
12880.0,20.056804656982422,3.5563342571258545,4593.312760806002
12881.0,7.535914897918701,1.6889311075210571,4593.600586788001
12882.0,31.591163635253906,4.343095779418945,4593.89459837701
12883.0,10.538753509521484,2.2136433124542236,4594.191794965009
12884.0,10.586677551269531,2.139263868331909,4594.513823466012
12885.0,21.09564781188965,3.931633710861206,4594.8219808680005
12886.0,18.43408966064453,3.224961757659912,4595.104713377004
12887.0,6.900548458099365,1.82366943359375,4595.392103292004
12888.0,25.482925415039062,4.1466803550720215,4595.689588509005
12889.0,18.607099533081055,2.2833411693573,4595.971532380005
12890.0,51.83147430419922,4.757852077484131,4596.2862269160105
12891.0,4.454613208770752,1.0956043004989624,4596.587716710012
12892.0,8.487274169921875,2.110891103744507,4596.913146673003
12893.0,31.765766143798828,4.404057502746582,4597.22721283001
12894.0,9.085628509521484,2.049349069595337,4597.509212357007
12895.0,8.71176815032959,2.6177356243133545,4597.789272374008
12896.0,16.03497314453125,2.8360114097595215,4598.092408892
12897.0,4.85567569732666,1.2177561521530151,4598.391886983009
12898.0,16.791770935058594,3.447028636932373,4598.672449395002
12899.0,7.060475826263428,1.6173427104949951,4598.973532034011
12900.0,24.132732391357422,4.130650520324707,4599.249691065008
12901.0,14.87217903137207,2.727825164794922,4605.325826755012
12902.0,22.776256561279297,3.5254361629486084,4605.614531579005
12903.0,10.796274185180664,2.165788173675537,4605.90768905601
12904.0,5.566679954528809,1.5309062004089355,4606.2113606860075
12905.0,4.792824745178223,1.1215243339538574,4606.546496629002
12906.0,67.87828826904297,7.40355920791626,4606.837565628011
12907.0,22.679828643798828,4.318966865539551,4607.133326556999
12908.0,7.653646945953369,1.9959862232208252,4607.422594316013
12909.0,18.655132293701172,3.3952081203460693,4607.712908788002
12910.0,44.6883659362793,5.918356895446777,4608.017343036001
12911.0,8.954229354858398,1.686583399772644,4608.326059452011
12912.0,34.85586929321289,4.094599723815918,4608.612470167005
12913.0,7.809168338775635,2.265376567840576,4608.901289166999
12914.0,11.315860748291016,2.3909690380096436,4609.200265783002
12915.0,6.959605693817139,1.5404832363128662,4609.488807787013
12916.0,22.843212127685547,4.171197414398193,4609.794463034006
12917.0,12.1878662109375,2.8653266429901123,4610.105253736008
12918.0,6.390726089477539,1.7486701011657715,4610.404026684002
12919.0,17.831554412841797,2.933980941772461,4610.6944580710115
12920.0,13.112028121948242,2.625575065612793,4610.996732509011
12921.0,4.972519874572754,1.3856234550476074,4611.29090827801
12922.0,85.36972045898438,9.272012710571289,4611.591148244013
12923.0,19.33893585205078,3.4354183673858643,4611.892149748004
12924.0,7.451801300048828,2.0545413494110107,4612.186702085004
12925.0,37.107723236083984,4.812528610229492,4612.511553232005
12926.0,9.8936767578125,2.4601495265960693,4612.813156002012
12927.0,4.070414066314697,1.0766098499298096,4613.100605803003
12928.0,10.152948379516602,1.7851712703704834,4613.420547540009
12929.0,20.91752815246582,4.378933429718018,4613.763655512012
12930.0,14.898149490356445,2.61509108543396,4614.053584466004
12931.0,5.809073448181152,1.517227053642273,4614.338175900004
12932.0,8.539257049560547,2.422332286834717,4614.622156105004
12933.0,27.25176239013672,4.056607723236084,4614.943131759006
12934.0,17.973968505859375,3.408799886703491,4615.249391622012
12935.0,22.019649505615234,3.911449670791626,4615.549169651
12936.0,12.848234176635742,2.7102184295654297,4615.851378484003
12937.0,4.787728309631348,1.3043200969696045,4616.155111060012
12938.0,4.434487342834473,1.1858885288238525,4616.441687824001
12939.0,8.883899688720703,1.786907434463501,4616.743168270012
12940.0,4.879201412200928,1.1033053398132324,4617.039247599008
12941.0,6.613273620605469,1.6817221641540527,4617.329788849005
12942.0,46.59928894042969,6.591613292694092,4617.6093770490115
12943.0,15.364585876464844,3.2674686908721924,4617.904968721006
12944.0,30.200939178466797,4.190474033355713,4618.219403941999
12945.0,9.67734146118164,2.108431339263916,4618.505014962007
12946.0,4.7588701248168945,1.3062700033187866,4618.821762655003
12947.0,4.2885613441467285,1.29795503616333,4619.141274823007
12948.0,18.300823211669922,3.7541022300720215,4619.439829195006
12949.0,11.947761535644531,2.688678026199341,4619.723845830013
12950.0,4.409523010253906,1.1680853366851807,4620.021174108013
12951.0,18.325286865234375,3.3890609741210938,4620.325366450008
12952.0,18.18567657470703,3.242894172668457,4620.647445645009
12953.0,7.681419372558594,1.6305265426635742,4620.973470060999
12954.0,7.245149612426758,1.4908572435379028,4621.262026734999
12955.0,3.597700834274292,0.8940247297286987,4621.575354660003
12956.0,16.47922134399414,3.2803101539611816,4621.889813066009
12957.0,47.42157745361328,6.428822040557861,4622.181194719
12958.0,8.204493522644043,2.0524046421051025,4622.46611347
12959.0,19.94230842590332,3.68699312210083,4622.770814638003
12960.0,19.260555267333984,2.7667055130004883,4623.056226098008
12961.0,27.678050994873047,4.610652446746826,4623.372992130011
12962.0,54.361785888671875,6.459207057952881,4623.665686491004
12963.0,40.196693420410156,4.7314558029174805,4623.948322682001
12964.0,13.845682144165039,2.899921178817749,4624.231544555005
12965.0,10.453798294067383,2.519927501678467,4624.522419857007
12966.0,14.369033813476562,2.9234368801116943,4624.824555175001
12967.0,12.416292190551758,2.4954259395599365,4625.117576541001
12968.0,10.156009674072266,2.25177001953125,4625.3992686170095
12969.0,5.394015312194824,1.3066821098327637,4625.692060883011
12970.0,8.445560455322266,2.224423408508301,4625.982568790001
12971.0,7.345094680786133,1.9429144859313965,4626.278828580005
12972.0,4.252800464630127,1.140311360359192,4626.570428400009
12973.0,11.865129470825195,2.6852047443389893,4626.870301118004
12974.0,7.932319164276123,1.5844327211380005,4627.158517338001
12975.0,7.631117820739746,2.086129903793335,4627.455074902013
12976.0,38.55536651611328,5.44617223739624,4627.753860614001
12977.0,7.005578994750977,1.8146781921386719,4628.045230816002
12978.0,5.016815662384033,1.2088239192962646,4628.338755752004
12979.0,14.830496788024902,3.022242307662964,4628.636621452999
12980.0,10.46764087677002,2.622854471206665,4628.921526111008
12981.0,16.50857162475586,3.84724760055542,4629.213323869
12982.0,13.158384323120117,2.4434752464294434,4629.520850943009
12983.0,3.8518993854522705,0.989728569984436,4629.816958092008
12984.0,12.963998794555664,2.910869836807251,4630.140445755009
12985.0,37.99374771118164,5.73505973815918,4630.453454158007
12986.0,9.827251434326172,2.0675928592681885,4630.742193027007
12987.0,8.652928352355957,1.9629154205322266,4631.033360296002
12988.0,20.494369506835938,3.4216604232788086,4631.332355610008
12989.0,3.0453243255615234,0.719830334186554,4631.6350767480035
12990.0,83.78077697753906,8.898113250732422,4631.950146359013
12991.0,41.848838806152344,6.297554016113281,4632.256676654011
12992.0,20.872013092041016,2.929981231689453,4632.532363132006
12993.0,6.931914806365967,1.5976245403289795,4632.8339825030125
12994.0,5.0591278076171875,1.2520053386688232,4633.156048058008
12995.0,8.574984550476074,2.3133363723754883,4633.444775687007
12996.0,20.57429313659668,3.4038565158843994,4633.745562470009
12997.0,4.416071891784668,1.3062351942062378,4634.026707508005
12998.0,16.986417770385742,3.4559788703918457,4634.325696193002
12999.0,12.570052146911621,2.1070683002471924,4634.627071334005
13000.0,5.842902183532715,1.4001455307006836,4634.915099269012
13001.0,29.131916046142578,4.65877103805542,4641.419523762001
13002.0,20.411754608154297,4.002781391143799,4641.700970078004
13003.0,8.345273971557617,2.4303336143493652,4641.995264620011
13004.0,16.02264976501465,2.7703518867492676,4642.306108359
13005.0,14.087753295898438,3.9150443077087402,4642.606008767005
13006.0,2.551694393157959,0.6593553423881531,4642.914961990013
13007.0,17.992555618286133,3.3040754795074463,4643.219453242011
13008.0,5.946666717529297,1.4916640520095825,4643.512381405002
13009.0,17.374717712402344,3.4153892993927,4643.810072199005
13010.0,7.371075630187988,1.8829139471054077,4644.098968934006
13011.0,4.5319671630859375,1.0655368566513062,4644.411398545009
13012.0,7.613372802734375,1.4772770404815674,4644.709073567006
13013.0,10.420612335205078,2.417283058166504,4645.002794878004
13014.0,42.68494415283203,6.202925205230713,4645.292740868012
13015.0,6.417287826538086,1.712882161140442,4645.5964205820055
13016.0,8.678184509277344,1.9162412881851196,4645.906706403999
13017.0,33.110130310058594,5.343914031982422,4646.213398792999
13018.0,6.592479705810547,1.5876814126968384,4646.509573450006
13019.0,31.815021514892578,4.450434684753418,4646.803393622002
13020.0,7.360267162322998,1.3858457803726196,4647.109978757013
13021.0,42.30970001220703,8.170612335205078,4647.416827192006
13022.0,80.42744445800781,7.839843273162842,4647.693954129005
13023.0,5.873575210571289,1.410293698310852,4647.975856718011
13024.0,16.566858291625977,2.961653470993042,4648.287214036012
13025.0,14.639251708984375,2.463789701461792,4648.581574199008
13026.0,7.319806098937988,1.7632200717926025,4648.905263263005
13027.0,7.307377815246582,1.8382230997085571,4649.195018341008
13028.0,24.219871520996094,4.271636962890625,4649.506661377003
13029.0,7.686387062072754,1.518910527229309,4649.798964217
13030.0,15.642690658569336,2.9476284980773926,4650.100856328005
13031.0,29.876312255859375,4.722828388214111,4650.3934669080045
13032.0,33.96516799926758,4.8798723220825195,4650.6890139150055
13033.0,3.3150312900543213,0.9498260021209717,4650.990411859006
13034.0,31.889619827270508,4.906248092651367,4651.2915490970045
13035.0,10.111923217773438,2.2751548290252686,4651.584912999009
13036.0,12.78660774230957,2.7182672023773193,4651.89835370901
13037.0,42.44283676147461,4.933819770812988,4652.182195309011
13038.0,5.154444217681885,1.2169599533081055,4652.473123392003
13039.0,12.627786636352539,2.5848257541656494,4652.7569668310025
13040.0,23.34786605834961,4.0808281898498535,4653.038264633011
13041.0,7.3696980476379395,1.7810839414596558,4653.328254146007
13042.0,40.82305145263672,4.123777866363525,4653.614699067999
13043.0,5.6199164390563965,1.3971234560012817,4653.900161952013
13044.0,10.268226623535156,1.6591966152191162,4654.185498905004
13045.0,13.057087898254395,2.5215203762054443,4654.465655896012
13046.0,13.121909141540527,2.833134651184082,4654.74931063001
13047.0,5.092318534851074,1.2635449171066284,4655.041772360011
13048.0,12.886913299560547,2.835069179534912,4655.333010175003
13049.0,50.73313903808594,5.679280757904053,4655.618279357004
13050.0,18.510862350463867,3.488309860229492,4655.9077145420015
13051.0,5.5299224853515625,1.4271308183670044,4656.195774281005
13052.0,6.085347652435303,1.3701013326644897,4656.488067869999
13053.0,12.972267150878906,2.42350435256958,4656.782119175012
13054.0,12.523667335510254,2.5004096031188965,4657.068166587007
13055.0,10.550317764282227,2.51956844329834,4657.349666669004
13056.0,7.133357524871826,1.760908842086792,4657.6480634580075
13057.0,5.759401321411133,1.458486795425415,4657.940620917012
13058.0,6.0883331298828125,1.4263275861740112,4658.249786691013
13059.0,19.26713752746582,4.218113899230957,4658.5411269550095
13060.0,11.254762649536133,2.2346456050872803,4658.850675000009
13061.0,14.850438117980957,2.730534315109253,4659.1735340980085
13062.0,4.880151748657227,1.347609043121338,4659.475141351009
13063.0,22.489612579345703,3.8419084548950195,4659.761643571008
13064.0,15.475794792175293,3.4033377170562744,4660.050101992005
13065.0,10.842118263244629,2.223345994949341,4660.35991710001
13066.0,5.092689037322998,1.2871755361557007,4660.660944479008
13067.0,13.916526794433594,2.3609514236450195,4660.948521529004
13068.0,12.857885360717773,2.7002646923065186,4661.247524703009
13069.0,21.32391357421875,3.40822434425354,4661.552148371004
13070.0,13.278312683105469,2.7866623401641846,4661.8496766140015
13071.0,6.676715850830078,1.7766684293746948,4662.148854928004
13072.0,18.886320114135742,3.376427412033081,4662.441601016006
13073.0,14.559396743774414,2.9773671627044678,4662.7651960950025
13074.0,5.780726432800293,1.3804378509521484,4663.0643330950115
13075.0,13.323089599609375,2.619708299636841,4663.361153766004
13076.0,49.36672592163086,6.417958736419678,4663.659578585008
13077.0,41.1992301940918,4.4808220863342285,4663.946696194005
13078.0,7.849407196044922,2.1154944896698,4664.244136444002
13079.0,7.109006404876709,1.9189848899841309,4664.593417965007
13080.0,17.164939880371094,3.0098376274108887,4664.913668483001
13081.0,24.64529800415039,3.5713236331939697,4665.207852689011
13082.0,4.419072151184082,1.1316782236099243,4665.501924256008
13083.0,12.65147590637207,2.745680570602417,4665.810955183013
13084.0,14.51730728149414,2.345292091369629,4666.1019475280045
13085.0,115.97920227050781,15.124699592590332,4666.415165131009
13086.0,21.821022033691406,3.8630783557891846,4666.711207056011
13087.0,13.600375175476074,2.6562676429748535,4667.007720725
13088.0,21.351062774658203,3.5260937213897705,4667.312911694011
13089.0,12.479358673095703,2.819425344467163,4667.610839464003
13090.0,35.699317932128906,4.394211292266846,4667.89068095501
13091.0,11.525659561157227,2.3920340538024902,4668.188207594008
13092.0,5.390866756439209,1.126583218574524,4668.475292770003
13093.0,17.57373046875,3.6347360610961914,4668.7794124290085
13094.0,28.40581703186035,4.861749649047852,4669.07142841001
13095.0,41.639434814453125,6.056236267089844,4669.374010520012
13096.0,17.396709442138672,3.0390374660491943,4669.663548258002
13097.0,6.590692520141602,1.5157897472381592,4669.942522620011
13098.0,52.6236572265625,5.91806697845459,4670.22706006901
13099.0,41.814842224121094,5.244922161102295,4670.517740128009
13100.0,11.697773933410645,2.151045083999634,4670.8361856160045
13101.0,21.987995147705078,4.328266143798828,4676.904182776008
13102.0,5.167336940765381,1.2222005128860474,4677.203660569008
13103.0,31.052734375,4.620062351226807,4677.514688689
13104.0,33.274681091308594,7.520734786987305,4677.797252351011
13105.0,5.225028991699219,1.274933099746704,4678.093736185008
13106.0,8.552350044250488,2.1012816429138184,4678.391413962003
13107.0,39.149173736572266,5.501752853393555,4678.687677930007
13108.0,6.8604888916015625,1.8824114799499512,4678.9962865230045
13109.0,6.389492034912109,1.6273095607757568,4679.281600806004
13110.0,4.851802349090576,1.173305630683899,4679.587527342999
13111.0,4.172839164733887,1.130614995956421,4679.89324160901
13112.0,9.019725799560547,2.0720412731170654,4680.172395387999
13113.0,7.976275444030762,1.937317967414856,4680.4602160409995
13114.0,12.871297836303711,2.749084949493408,4680.766790476002
13115.0,14.633340835571289,2.9886271953582764,4681.063830902
13116.0,5.238621711730957,1.314191222190857,4681.362593853002
13117.0,45.954254150390625,5.248897552490234,4681.661074039002
13118.0,12.38491153717041,2.6980528831481934,4681.97900221101
13119.0,25.089824676513672,3.7018661499023438,4682.271453206005
13120.0,5.453840255737305,1.5169743299484253,4682.56241521101
13121.0,8.827546119689941,1.8407331705093384,4682.856032272
13122.0,33.33077621459961,5.094645023345947,4683.1391807430045
13123.0,6.0834503173828125,1.6687897443771362,4683.44635202401
13124.0,15.758260726928711,2.9217300415039062,4683.731518832006
13125.0,10.967168807983398,2.4687211513519287,4684.022016913004
13126.0,12.11341667175293,2.6697847843170166,4684.309591439
13127.0,6.619861602783203,1.406540870666504,4684.601951442004
13128.0,22.25627899169922,3.254513740539551,4684.906050204008
13129.0,31.593595504760742,6.857816696166992,4685.205075467005
13130.0,8.518423080444336,2.110995292663574,4685.497036889006
13131.0,16.559371948242188,3.1193981170654297,4685.807814505009
13132.0,10.42861270904541,2.231058359146118,4686.1180711199995
13133.0,9.490523338317871,2.3027660846710205,4686.422303144005
13134.0,41.851783752441406,5.304739475250244,4686.723532516
13135.0,12.797433853149414,2.345303773880005,4687.024145411007
13136.0,44.428340911865234,6.488004684448242,4687.31513565201
13137.0,19.419147491455078,2.636094331741333,4687.595671422008
13138.0,3.9371886253356934,1.1282682418823242,4687.883255533001
13139.0,22.46693229675293,4.182587623596191,4688.184731655012
13140.0,4.995216369628906,1.3451902866363525,4688.489309086013
13141.0,6.216381072998047,1.5642062425613403,4688.772610493004
13142.0,33.826324462890625,5.082452774047852,4689.063334292005
13143.0,4.492940425872803,1.0721114873886108,4689.361902839009
13144.0,28.776432037353516,4.143801212310791,4689.662705973009
13145.0,10.208382606506348,2.3465938568115234,4689.966456138005
13146.0,35.674869537353516,4.508833408355713,4690.256810926003
13147.0,4.66503381729126,1.2200837135314941,4690.538476205009
13148.0,12.56507396697998,2.43813157081604,4690.827499866005
13149.0,4.508703231811523,1.135664701461792,4691.121833953002
13150.0,5.177796363830566,1.511459231376648,4691.404425088011
13151.0,5.016339302062988,1.508803129196167,4691.704621861005
13152.0,8.228778839111328,2.1155428886413574,4692.007094557004
13153.0,13.176040649414062,2.868628978729248,4692.3013334390125
13154.0,9.141414642333984,2.338841438293457,4692.59333893501
13155.0,14.451800346374512,4.022714614868164,4692.903266328009
13156.0,3.654764175415039,1.0749530792236328,4693.218111217007
13157.0,5.353348255157471,1.3774689435958862,4693.517292320001
13158.0,9.619743347167969,2.0442731380462646,4693.817598882
13159.0,7.990748405456543,1.912818193435669,4694.126594788002
13160.0,7.8750715255737305,1.6436724662780762,4694.423510242006
13161.0,17.886188507080078,3.6418044567108154,4694.713079426001
13162.0,5.592517852783203,1.3402655124664307,4695.0547118380055
13163.0,4.1093974113464355,0.9737675189971924,4695.37440741701
13164.0,3.884699821472168,0.8870859146118164,4695.691770341
13165.0,7.4470744132995605,1.9536690711975098,4696.017632826013
13166.0,7.809107303619385,1.6290785074234009,4696.315668070005
13167.0,10.36359691619873,2.2727506160736084,4696.617267959009
13168.0,17.214092254638672,3.2863049507141113,4696.910744724009
13169.0,8.406282424926758,2.073939561843872,4697.217268380002
13170.0,14.479241371154785,2.3816134929656982,4697.521908867013
13171.0,6.09477424621582,1.6885201930999756,4697.821489009002
13172.0,11.091812133789062,2.9417176246643066,4698.121999535011
13173.0,10.82779312133789,2.7137370109558105,4698.413100631005
13174.0,11.674240112304688,2.4366235733032227,4698.709010071005
13175.0,20.0860595703125,3.5629732608795166,4699.00655322001
13176.0,3.701436996459961,1.064826488494873,4699.2879253260035
13177.0,11.53801155090332,2.343526840209961,4699.569764579006
13178.0,20.425277709960938,3.6193482875823975,4699.890933982999
13179.0,17.04632568359375,2.8861265182495117,4700.176078785007
13180.0,24.736591339111328,4.0165276527404785,4700.464859290005
13181.0,19.740346908569336,3.477494239807129,4700.753380635011
13182.0,5.038729667663574,1.2775828838348389,4701.054748884009
13183.0,7.12723970413208,1.4334168434143066,4701.350021065009
13184.0,13.878625869750977,2.8705084323883057,4701.651136902001
13185.0,6.3013596534729,1.516311764717102,4701.946062489005
13186.0,23.088302612304688,2.7954273223876953,4702.231279786007
13187.0,12.317444801330566,2.9296295642852783,4702.531329681005
13188.0,15.08406925201416,2.6902003288269043,4702.823980190005
13189.0,8.921839714050293,2.1928112506866455,4703.118644776012
13190.0,79.55020141601562,8.74224853515625,4703.415761297001
13191.0,6.277837753295898,1.6058769226074219,4703.717160369008
13192.0,6.9835638999938965,1.3814754486083984,4704.026464807001
13193.0,64.77200317382812,7.107022285461426,4704.339938837002
13194.0,5.067257404327393,1.3216785192489624,4704.630228929003
13195.0,25.928089141845703,4.515875339508057,4704.919527156002
13196.0,20.866111755371094,3.842833995819092,4705.217147589006
13197.0,12.748991012573242,2.3525314331054688,4705.5192662590125
13198.0,8.089822769165039,2.0773065090179443,4705.814053281007
13199.0,23.581680297851562,3.9767696857452393,4706.108211450002
13200.0,6.856566429138184,1.753400444984436,4706.4141643750045
13201.0,12.981527328491211,2.5743212699890137,4712.396300713008
13202.0,32.91483688354492,5.044594764709473,4712.68958877401
13203.0,12.704586029052734,2.381439685821533,4713.0013048070105
13204.0,65.28717803955078,6.964670658111572,4713.370328677003
13205.0,25.057350158691406,4.701495170593262,4713.659430374013
13206.0,19.802579879760742,3.823702096939087,4713.956388928011
13207.0,7.8862738609313965,2.433626651763916,4714.256820691007
13208.0,5.4988813400268555,1.5744221210479736,4714.536918794009
13209.0,21.199485778808594,3.7334301471710205,4714.820073285009
13210.0,4.705085754394531,1.0978010892868042,4715.122167788009
13211.0,23.741464614868164,3.600111484527588,4715.410567222003
13212.0,14.025248527526855,3.7026431560516357,4715.71906949101
13213.0,10.138204574584961,2.344092607498169,4716.007408934005
13214.0,13.905791282653809,2.939614772796631,4716.298275377005
13215.0,34.627010345458984,4.958922863006592,4716.588371278005
13216.0,61.39684295654297,7.96414852142334,4716.882539650003
13217.0,10.624734878540039,2.792518377304077,4717.169163526007
13218.0,14.034482955932617,2.5413026809692383,4717.451485588012
13219.0,4.905889987945557,1.181204080581665,4717.751344868011
13220.0,8.6004056930542,2.033057451248169,4718.043141310001
13221.0,5.122162818908691,1.1766576766967773,4718.350377494004
13222.0,80.44378662109375,9.605048179626465,4718.659365462008
13223.0,22.242399215698242,3.509167194366455,4718.946976705003
13224.0,15.498031616210938,3.1188230514526367,4719.236309949003
13225.0,9.354206085205078,2.3763492107391357,4719.533716744001
13226.0,6.810797214508057,1.6352933645248413,4719.815388037008
13227.0,13.110376358032227,2.6690423488616943,4720.11513041101
13228.0,12.966121673583984,3.249305486679077,4720.4047600170015
13229.0,13.891260147094727,2.7882156372070312,4720.688800223012
13230.0,9.226217269897461,2.1494061946868896,4720.977783031005
13231.0,9.854692459106445,1.9281500577926636,4721.257679111004
13232.0,22.35525131225586,3.608109474182129,4721.549353311013
13233.0,22.056182861328125,4.068753242492676,4721.849889927005
13234.0,28.965097427368164,3.7056007385253906,4722.155501511006
13235.0,78.97615814208984,13.542760848999023,4722.453751132009
13236.0,9.083992958068848,2.05385684967041,4722.754902975008
13237.0,18.610363006591797,3.1030185222625732,4723.047319568999
13238.0,3.6361029148101807,0.9803047776222229,4723.347903155009
13239.0,4.993594169616699,1.323897123336792,4723.642308942013
13240.0,15.643991470336914,2.9228670597076416,4723.927068030011
13241.0,7.812108039855957,2.1613240242004395,4724.2268236439995
13242.0,6.448983192443848,1.4599592685699463,4724.541848162
13243.0,10.518396377563477,2.0594844818115234,4724.863558355006
13244.0,5.626824855804443,1.3852148056030273,4725.15096827301
13245.0,25.687217712402344,3.9990673065185547,4725.462909620008
13246.0,10.963419914245605,2.134758234024048,4725.7550657500105
13247.0,20.90624237060547,3.6184089183807373,4726.035704900001
13248.0,3.7663660049438477,0.8959876298904419,4726.332566867
13249.0,6.08496618270874,1.8206738233566284,4726.618450656009
13250.0,3.6342885494232178,0.9875032305717468,4726.919345694012
13251.0,15.190376281738281,2.827536106109619,4727.213761268009
13252.0,8.214692115783691,1.9360969066619873,4727.511650632005
13253.0,9.232526779174805,2.158457040786743,4727.815235274
13254.0,25.026878356933594,3.9420740604400635,4728.118104567009
13255.0,12.32790756225586,2.308502197265625,4728.393209514004
13256.0,11.7542085647583,2.458798885345459,4728.682052450007
13257.0,20.100345611572266,3.496048927307129,4728.993170091009
13258.0,16.7005615234375,3.0377581119537354,4729.287563352002
13259.0,5.3691816329956055,1.00469970703125,4729.590823934006
13260.0,6.444946765899658,1.9694536924362183,4729.873963919003
13261.0,13.38341236114502,2.4986395835876465,4730.1770457620005
13262.0,6.831957817077637,1.3029472827911377,4730.4563398850005
13263.0,22.95749282836914,3.7621419429779053,4730.748481889008
13264.0,4.808091640472412,1.1543798446655273,4731.062091590007
13265.0,88.78361511230469,9.130505561828613,4731.368293246007
13266.0,75.50308990478516,7.073544025421143,4731.654992593001
13267.0,23.834835052490234,3.7357494831085205,4731.95480108801
13268.0,10.266109466552734,2.6248817443847656,4732.2653918569995
13269.0,7.6363325119018555,1.6308599710464478,4732.576040950007
13270.0,13.49057674407959,2.8453609943389893,4732.860861001012
13271.0,7.493760108947754,1.8854902982711792,4733.162119658009
13272.0,16.626773834228516,2.5795376300811768,4733.474956324004
13273.0,22.357465744018555,4.129087448120117,4733.77453304801
13274.0,6.023047924041748,1.4015995264053345,4734.054107566
13275.0,22.716012954711914,3.140355110168457,4734.347089147006
13276.0,23.414392471313477,3.8349661827087402,4734.645885758
13277.0,10.352006912231445,1.8889859914779663,4734.947790382008
13278.0,31.560768127441406,4.68876314163208,4735.237651025003
13279.0,6.600831031799316,1.554605484008789,4735.531937729
13280.0,18.060802459716797,4.708843231201172,4735.821187854002
13281.0,13.033863067626953,2.5475704669952393,4736.119665971011
13282.0,55.574501037597656,6.44249153137207,4736.412780162005
13283.0,11.991674423217773,2.457946300506592,4736.70799924001
13284.0,54.25558090209961,5.758403778076172,4737.003459615007
13285.0,6.132175445556641,1.4205373525619507,4737.283103571011
13286.0,12.098648071289062,2.374215602874756,4737.578708261004
13287.0,19.64305305480957,3.2992985248565674,4737.866141484003
13288.0,5.51664924621582,1.4187208414077759,4738.165569322009
13289.0,13.956480979919434,2.489703416824341,4738.466318833001
13290.0,5.416835784912109,1.2755833864212036,4738.754957586003
13291.0,3.8787500858306885,0.9645320773124695,4739.0344192330085
13292.0,17.87110137939453,3.0275537967681885,4739.342835710006
13293.0,28.209758758544922,4.6528096199035645,4739.648653081007
13294.0,6.201005935668945,1.6143596172332764,4739.937181026005
13295.0,28.64286231994629,4.527811050415039,4740.24093226601
13296.0,7.935186386108398,1.6202057600021362,4740.527197823001
13297.0,15.012554168701172,2.304492235183716,4740.817413725003
13298.0,5.420331001281738,1.3175386190414429,4741.109432009005
13299.0,39.4142951965332,4.863298416137695,4741.393161568005
13300.0,17.99374008178711,4.030471324920654,4741.677412765013
13301.0,3.3365561962127686,0.8251850008964539,4747.888860767009
13302.0,26.81121826171875,4.7901482582092285,4748.188080971013
13303.0,14.665512084960938,2.518524646759033,4748.477570133007
13304.0,4.231527805328369,1.1997857093811035,4748.778004683001
13305.0,16.833913803100586,3.2151474952697754,4749.081194516999
13306.0,28.49026870727539,4.510138988494873,4749.384690057006
13307.0,10.789770126342773,2.717643976211548,4749.690614513005
13308.0,21.178226470947266,3.728926658630371,4749.999774124008
13309.0,6.223076820373535,1.8628387451171875,4750.303042167012
13310.0,5.837098121643066,1.3544385433197021,4750.583584587002
13311.0,29.449960708618164,5.1795525550842285,4750.886696393005
13312.0,9.385808944702148,2.325068712234497,4751.188620383007
13313.0,11.069314956665039,2.189558267593384,4751.492418695008
13314.0,15.432645797729492,3.9011905193328857,4751.792821648007
13315.0,34.606693267822266,5.641471862792969,4752.098772697005
13316.0,8.571524620056152,2.3389384746551514,4752.394803648
13317.0,16.906906127929688,3.083289861679077,4752.695311582007
13318.0,6.7021660804748535,2.158745288848877,4752.983645348009
13319.0,13.55169677734375,2.718754291534424,4753.282048341003
13320.0,24.98998260498047,3.97705078125,4753.580381197011
13321.0,5.0737223625183105,1.2628891468048096,4753.894999088006
13322.0,9.665424346923828,2.182272434234619,4754.196050074999
13323.0,11.203755378723145,2.5499212741851807,4754.501273554008
13324.0,22.14679718017578,3.6147773265838623,4754.790168405001
13325.0,17.939376831054688,3.4927940368652344,4755.074484269004
13326.0,20.864910125732422,3.327509880065918,4755.372117623003
13327.0,14.143712997436523,2.8249404430389404,4755.667587882999
13328.0,19.682373046875,3.380321502685547,4755.969969345999
13329.0,5.595789909362793,1.350588321685791,4756.261428759011
13330.0,7.256643772125244,1.8531806468963623,4756.564349438006
13331.0,5.680291652679443,1.4149465560913086,4756.881539127004
13332.0,6.102647304534912,1.4538086652755737,4757.189120051
13333.0,17.198631286621094,2.677330493927002,4757.47653534
13334.0,26.50843048095703,4.737859725952148,4757.757535088007
13335.0,8.474299430847168,1.765960931777954,4758.037017036011
13336.0,6.765270233154297,1.825906753540039,4758.320421280005
13337.0,13.340009689331055,3.051133632659912,4758.617924383012
13338.0,23.637516021728516,4.368694305419922,4758.907317000005
13339.0,25.796541213989258,4.173613548278809,4759.21146688101
13340.0,53.13300704956055,6.989869594573975,4759.497960735011
13341.0,16.847139358520508,3.445148468017578,4759.777327152013
13342.0,3.9672117233276367,1.0750296115875244,4760.0891732180025
13343.0,34.602569580078125,5.16123628616333,4760.3958920970035
13344.0,6.723288536071777,1.6447614431381226,4760.690020473005
13345.0,95.592041015625,10.584217071533203,4761.005667189005
13346.0,36.023834228515625,4.385382652282715,4761.300517634008
13347.0,12.492330551147461,2.4666199684143066,4761.603321817005
13348.0,3.433065414428711,0.8341956734657288,4761.903077269002
13349.0,4.254435062408447,1.0285714864730835,4762.210580432002
13350.0,15.4339017868042,2.387603521347046,4762.503736535
13351.0,5.271939277648926,1.2001261711120605,4762.792917813
13352.0,4.744129657745361,1.2334990501403809,4763.087079870005
13353.0,12.999853134155273,2.518282651901245,4763.390062646009
13354.0,20.21177101135254,3.192277669906616,4763.675570116
13355.0,14.35869026184082,3.12550687789917,4763.993197426011
13356.0,4.270498275756836,1.1375983953475952,4764.278752397004
13357.0,6.890665531158447,1.8291410207748413,4764.584552457003
13358.0,26.784086227416992,3.8264899253845215,4764.864709516012
13359.0,19.270360946655273,2.796039581298828,4765.166802329011
13360.0,18.900821685791016,2.954803466796875,4765.446567182007
13361.0,16.1248836517334,2.896779775619507,4765.731378801007
13362.0,9.251626014709473,1.958583950996399,4766.012623669012
13363.0,12.860063552856445,2.8138790130615234,4766.298289203012
13364.0,5.044053554534912,1.2521636486053467,4766.589623456006
13365.0,18.14148712158203,3.315805673599243,4766.871713712011
13366.0,8.34396743774414,1.7761772871017456,4767.192464260006
13367.0,8.223751068115234,2.204404830932617,4767.507300715006
13368.0,4.6159210205078125,1.0592355728149414,4767.7876599360025
13369.0,12.673748016357422,2.2964839935302734,4768.088592884
13370.0,13.922086715698242,2.9392857551574707,4768.400463636004
13371.0,17.61739730834961,3.4221978187561035,4768.699052079013
13372.0,8.511123657226562,2.2023370265960693,4769.007314602
13373.0,11.701135635375977,2.3086860179901123,4769.314603962004
13374.0,12.975379943847656,3.0650575160980225,4769.6177458070015
13375.0,4.871860027313232,1.2293850183486938,4769.9147880870005
13376.0,24.466224670410156,4.0282487869262695,4770.1969154560065
13377.0,5.387558937072754,1.3195081949234009,4770.498862506007
13378.0,14.635028839111328,3.2949514389038086,4770.795042614001
13379.0,93.8909912109375,10.641281127929688,4771.090053578009
13380.0,15.73757266998291,2.6234042644500732,4771.388624317013
13381.0,15.472526550292969,2.729494333267212,4771.687519372004
13382.0,8.576859474182129,2.4204049110412598,4771.987186210012
13383.0,8.876140594482422,1.890925645828247,4772.289490300012
13384.0,13.716102600097656,2.762136220932007,4772.584425803012
13385.0,10.822351455688477,2.2851409912109375,4772.888565846006
13386.0,4.249054431915283,1.1081879138946533,4773.167140115009
13387.0,6.931585788726807,2.117920160293579,4773.467985704003
13388.0,5.381665229797363,1.3566135168075562,4773.76760562
13389.0,7.262063980102539,1.8120782375335693,4774.080797739007
13390.0,8.871297836303711,1.4916619062423706,4774.394944148007
13391.0,11.230388641357422,2.26750111579895,4774.6959365810035
13392.0,13.28205680847168,2.692594051361084,4774.988567236011
13393.0,12.304084777832031,3.265983819961548,4775.270727880008
13394.0,26.693523406982422,4.244997501373291,4775.583841897009
13395.0,11.409727096557617,2.4362566471099854,4775.872722079002
13396.0,4.943109035491943,1.5794862508773804,4776.171915406012
13397.0,16.763992309570312,2.9882233142852783,4776.4851195100055
13398.0,7.379720687866211,2.114020347595215,4776.784840601002
13399.0,4.91212272644043,1.3453477621078491,4777.078015859006
13400.0,9.49447250366211,2.3696908950805664,4777.376883369012
13401.0,7.715536117553711,1.5353732109069824,4783.472203506011
13402.0,14.530077934265137,2.712124824523926,4783.749692866011
13403.0,32.75453186035156,4.496929168701172,4784.049476764005
13404.0,23.945266723632812,5.693344593048096,4784.354341683007
13405.0,11.606607437133789,2.421269178390503,4784.717524934007
13406.0,5.178826808929443,1.334681510925293,4785.038531922008
13407.0,3.230494499206543,0.888065755367279,4785.336437750011
13408.0,16.031322479248047,3.605449676513672,4785.6199317499995
13409.0,9.049422264099121,1.7969788312911987,4785.932033513003
13410.0,16.904430389404297,4.244192123413086,4786.224830444
13411.0,9.896305084228516,2.4467053413391113,4786.552270828004
13412.0,20.950288772583008,3.6596367359161377,4786.854818349006
13413.0,65.65583801269531,12.500875473022461,4787.144913458003
13414.0,69.87879943847656,8.806530952453613,4787.454061319004
13415.0,11.853991508483887,2.7467470169067383,4787.746618737001
13416.0,20.55618667602539,3.3672547340393066,4788.034727407008
13417.0,18.966800689697266,3.0181450843811035,4788.323743727
13418.0,20.263370513916016,3.4069652557373047,4788.619038178003
13419.0,6.235560894012451,1.5627126693725586,4788.919594353007
13420.0,6.572014331817627,1.9005964994430542,4789.201558959001
13421.0,6.131523609161377,1.5299288034439087,4789.506741845005
13422.0,31.392333984375,4.573526382446289,4789.791348351006
13423.0,14.533472061157227,2.4518728256225586,4790.120863117001
13424.0,34.410770416259766,7.6345696449279785,4790.422423549011
13425.0,5.362333297729492,1.2718682289123535,4790.708809352
13426.0,11.51310920715332,2.1477348804473877,4791.000812594008
13427.0,7.70832633972168,1.6353247165679932,4791.304971990001
13428.0,33.25202560424805,5.470556259155273,4791.601816520008
13429.0,13.498249053955078,2.5228941440582275,4791.9099048930075
13430.0,24.76407814025879,4.17549991607666,4792.196495254
13431.0,9.88807487487793,2.657644271850586,4792.49715837001
13432.0,5.970157623291016,1.5789915323257446,4792.798678248
13433.0,8.395198822021484,1.9187506437301636,4793.081311264003
13434.0,4.901556015014648,1.2498610019683838,4793.392516918
13435.0,23.275352478027344,3.760989189147949,4793.694975415012
13436.0,56.0999641418457,7.805075168609619,4793.990967324004
13437.0,23.592029571533203,4.253887176513672,4794.276592484006
13438.0,3.5962138175964355,1.027054786682129,4794.576594061
13439.0,18.527984619140625,3.529836416244507,4794.874285685
13440.0,18.80372428894043,3.2981815338134766,4795.181114472012
13441.0,5.118906021118164,1.2674392461776733,4795.483957623001
13442.0,5.377868175506592,1.52732515335083,4795.7711372760095
13443.0,51.900611877441406,5.7676615715026855,4796.083397198003
13444.0,5.665066719055176,1.5413869619369507,4796.409460392999
13445.0,4.542640209197998,1.1916940212249756,4796.692587570011
13446.0,22.33763313293457,4.280178546905518,4797.02665927801
13447.0,5.6886820793151855,1.3357882499694824,4797.311374693003
13448.0,10.461678504943848,2.6440651416778564,4797.608533926003
13449.0,41.95869445800781,5.1163835525512695,4797.917769410007
13450.0,25.55270004272461,4.08854866027832,4798.213618490001
13451.0,25.27691078186035,4.001964569091797,4798.520534144001
13452.0,4.990961074829102,1.501203179359436,4798.814716093009
13453.0,5.460894584655762,1.3466256856918335,4799.120905850999
13454.0,9.145347595214844,2.024171829223633,4799.407601892002
13455.0,103.36947631835938,10.875487327575684,4799.705306180011
13456.0,37.741031646728516,7.664305210113525,4800.004511608
13457.0,7.1276068687438965,1.7857117652893066,4800.301225767005
13458.0,11.690437316894531,2.3608272075653076,4800.612358023005
13459.0,12.9312744140625,2.6048176288604736,4800.91749634
13460.0,9.191839218139648,2.3229117393493652,4801.215890579013
13461.0,30.732303619384766,4.511603832244873,4801.511303170002
13462.0,45.93572235107422,6.059994697570801,4801.798964679008
13463.0,13.374883651733398,2.4450275897979736,4802.096088282007
13464.0,17.175077438354492,3.3636088371276855,4802.394022917011
13465.0,20.692642211914062,3.7292113304138184,4802.699638094011
13466.0,20.864059448242188,3.732208013534546,4802.983478969007
13467.0,13.750913619995117,3.14699387550354,4803.292346146001
13468.0,12.242926597595215,2.775855541229248,4803.598326715
13469.0,13.329376220703125,3.035252332687378,4803.900293701008
13470.0,11.087825775146484,2.3784947395324707,4804.198144166003
13471.0,20.369417190551758,3.352193832397461,4804.505716554006
13472.0,22.232879638671875,3.4476757049560547,4804.799838679013
13473.0,8.300461769104004,1.9634073972702026,4805.101242707009
13474.0,4.68899393081665,1.1589478254318237,4805.400737586009
13475.0,9.586029052734375,1.9256564378738403,4805.701172387009
13476.0,7.638615131378174,1.9894378185272217,4806.012468332003
13477.0,22.0838623046875,3.668205738067627,4806.338652620005
13478.0,38.878631591796875,6.029543399810791,4806.651859142003
13479.0,17.949371337890625,3.6859216690063477,4806.941037738012
13480.0,29.400938034057617,4.9032816886901855,4807.24105857301
13481.0,9.042112350463867,1.7077122926712036,4807.537760743013
13482.0,3.5618343353271484,0.9687947630882263,4807.8318251230085
13483.0,10.370997428894043,2.320003032684326,4808.113284869003
13484.0,6.2728166580200195,1.8738642930984497,4808.402393798009
13485.0,8.34014892578125,1.7032681703567505,4808.710615008007
13486.0,4.70164680480957,1.3096866607666016,4809.021409701003
13487.0,15.434165000915527,3.280540704727173,4809.310699881011
13488.0,26.582839965820312,4.248139381408691,4809.607485073007
13489.0,6.90635871887207,1.881396770477295,4809.913810465005
13490.0,4.123499870300293,1.0288628339767456,4810.229432473003
13491.0,11.65241527557373,2.4085371494293213,4810.530158979003
13492.0,21.921531677246094,4.272947311401367,4810.857711417004
13493.0,6.493687152862549,1.4640274047851562,4811.171502682002
13494.0,15.007226943969727,1.998043417930603,4811.469191833006
13495.0,17.702041625976562,3.101393461227417,4811.754198887007
13496.0,60.36665725708008,9.713764190673828,4812.045123685006
13497.0,6.211979866027832,1.4919930696487427,4812.34185923601
13498.0,5.290255546569824,1.3824317455291748,4812.6395794270065
13499.0,22.54790496826172,3.6706948280334473,4812.943410876003
13500.0,8.804840087890625,2.0290491580963135,4813.244235694001
13501.0,11.305953025817871,2.0752437114715576,4819.660421496999
13502.0,4.220499038696289,1.006096601486206,4819.964204019008
13503.0,34.37982177734375,5.450183391571045,4820.253778249011
13504.0,13.368341445922852,2.517587184906006,4820.555299074011
13505.0,13.772513389587402,2.724728584289551,4820.851027555007
13506.0,4.9467339515686035,1.450236439704895,4821.132077178001
13507.0,22.93977165222168,4.065713405609131,4821.414245528009
13508.0,7.484793663024902,1.903502106666565,4821.716165057005
13509.0,10.157011032104492,2.378162384033203,4822.015435458001
13510.0,7.121280193328857,1.8207924365997314,4822.3015269960015
13511.0,11.32771110534668,2.3578383922576904,4822.5825524050015
13512.0,12.067071914672852,2.9456093311309814,4822.877068616013
13513.0,6.494506359100342,1.4428383111953735,4823.188445366002
13514.0,25.510021209716797,4.059192180633545,4823.475773712009
13515.0,9.403365135192871,2.6705946922302246,4823.786192203013
13516.0,27.626033782958984,4.973409652709961,4824.079236481004
13517.0,13.873956680297852,2.5610463619232178,4824.377448533007
13518.0,8.619613647460938,2.1306753158569336,4824.699476206006
13519.0,15.424437522888184,3.44169282913208,4825.002897753002
13520.0,18.9063720703125,3.7842280864715576,4825.297194021012
13521.0,8.478001594543457,1.637396216392517,4825.596179055006
13522.0,7.151837348937988,1.8077797889709473,4825.885409758004
13523.0,22.748266220092773,3.482654094696045,4826.166675957007
13524.0,12.648478507995605,3.5784482955932617,4826.44862368
13525.0,18.546998977661133,3.2843410968780518,4826.735981316
13526.0,5.945008277893066,1.3925814628601074,4827.057193713001
13527.0,46.06603240966797,6.165978908538818,4827.344375521003
13528.0,3.5537161827087402,0.7957726716995239,4827.627156841001
13529.0,13.95956802368164,3.139366388320923,4827.928505531003
13530.0,21.45851707458496,3.5433733463287354,4828.222504426012
13531.0,6.4273881912231445,1.130159616470337,4828.528887592009
13532.0,37.81510925292969,7.6643171310424805,4828.825017921001
13533.0,8.626626014709473,2.033909559249878,4829.116156520002
13534.0,5.0997514724731445,1.5531877279281616,4829.41776460901
13535.0,17.144649505615234,3.084185838699341,4829.719113947009
13536.0,6.769754409790039,1.8637436628341675,4830.024811718002
13537.0,10.033907890319824,1.9487743377685547,4830.344055640002
13538.0,5.795783519744873,1.2790963649749756,4830.623786213007
13539.0,28.775955200195312,4.840945720672607,4830.928846153009
13540.0,4.098913669586182,1.2152537107467651,4831.219385609002
13541.0,5.200638771057129,1.2553396224975586,4831.5288038230065
13542.0,24.32979393005371,3.985778570175171,4831.84486184
13543.0,11.6297607421875,2.3642630577087402,4832.159863566005
13544.0,22.37143898010254,3.6391890048980713,4832.449232863
13545.0,14.504327774047852,2.782944917678833,4832.740068843006
13546.0,23.11545181274414,5.528695583343506,4833.02152618501
13547.0,6.145402908325195,1.3829163312911987,4833.311370526004
13548.0,10.749481201171875,1.9753727912902832,4833.591765088
13549.0,5.296602249145508,1.0293244123458862,4833.893213688003
13550.0,7.421894073486328,1.905819058418274,4834.1976199519995
13551.0,21.98708724975586,3.8001956939697266,4834.493948356001
13552.0,12.827886581420898,2.1342995166778564,4834.803576546008
13553.0,5.037683486938477,1.3916150331497192,4835.09627304801
13554.0,19.160911560058594,3.2409772872924805,4835.411227961013
13555.0,36.388633728027344,5.060307502746582,4835.696850013002
13556.0,39.40925216674805,5.156594753265381,4836.003050019004
13557.0,16.362977981567383,2.9860987663269043,4836.316133106011
13558.0,11.169337272644043,2.5482819080352783,4836.606050122005
13559.0,5.539483070373535,1.3224855661392212,4836.892447935999
13560.0,8.482844352722168,1.752421259880066,4837.198056428999
13561.0,15.591157913208008,2.754999876022339,4837.481854062004
13562.0,21.702659606933594,3.708484411239624,4837.776755093
13563.0,24.57950210571289,3.8521547317504883,4838.077941225012
13564.0,9.93435001373291,1.9394848346710205,4838.378832210001
13565.0,6.137500762939453,1.2534513473510742,4838.673188345012
13566.0,5.088879585266113,1.4921588897705078,4838.966560370012
13567.0,57.83694076538086,5.915358543395996,4839.25499249401
13568.0,15.367105484008789,3.1569414138793945,4839.538896960003
13569.0,15.744805335998535,2.5443620681762695,4839.826662655003
13570.0,11.379388809204102,2.8142340183258057,4840.12586284701
13571.0,10.575996398925781,2.226674795150757,4840.427635018001
13572.0,6.480286598205566,1.6709169149398804,4840.726440068
13573.0,5.666278839111328,1.3008239269256592,4841.031509496999
13574.0,53.933837890625,6.373700141906738,4841.332983315006
13575.0,6.763859748840332,1.757125973701477,4841.623396167008
13576.0,5.202574729919434,1.3131297826766968,4841.92340676501
13577.0,21.974220275878906,3.9817612171173096,4842.220759989999
13578.0,5.89704704284668,1.3831239938735962,4842.518601980002
13579.0,5.192306041717529,1.291971206665039,4842.814843131011
13580.0,11.987872123718262,2.389694929122925,4843.112075051002
13581.0,15.574911117553711,3.084716558456421,4843.408233754002
13582.0,12.155027389526367,2.4865312576293945,4843.689342655009
13583.0,17.1151123046875,2.983513832092285,4844.0091603040055
13584.0,22.273128509521484,2.7681875228881836,4844.319370604004
13585.0,13.097932815551758,2.8636841773986816,4844.6157474440115
13586.0,7.361746788024902,1.7092232704162598,4844.913779311013
13587.0,26.94763946533203,3.192448616027832,4845.222221859003
13588.0,22.20158576965332,3.9171881675720215,4845.518075907006
13589.0,8.677448272705078,2.0735855102539062,4845.826144671999
13590.0,5.69527530670166,1.4118732213974,4846.127135232004
13591.0,8.78131103515625,1.885047197341919,4846.42966425301
13592.0,5.868256568908691,1.4971996545791626,4846.7144281240035
13593.0,10.763005256652832,1.9844344854354858,4847.002959535006
13594.0,18.858285903930664,3.189352035522461,4847.298596596011
13595.0,54.2586669921875,5.966864585876465,4847.590138793006
13596.0,8.421131134033203,1.7919437885284424,4847.88514766701
13597.0,6.608376502990723,1.7868211269378662,4848.192818195006
13598.0,7.578300476074219,1.7964814901351929,4848.4861330070125
13599.0,12.816247940063477,3.0704782009124756,4848.783566819009
13600.0,6.303464889526367,1.8030949831008911,4849.077046947001
13601.0,17.455852508544922,3.2527542114257812,4855.268481506006
13602.0,4.430075645446777,1.06253981590271,4855.574281043009
13603.0,8.242415428161621,1.6449196338653564,4855.870678326013
13604.0,17.634479522705078,3.5766782760620117,4856.165370085
13605.0,44.03044891357422,6.047234535217285,4856.508066854003
13606.0,14.344123840332031,2.259145498275757,4856.795481057008
13607.0,33.491329193115234,4.910445690155029,4857.079356677001
13608.0,19.2329158782959,3.66733717918396,4857.38201197001
13609.0,10.348108291625977,1.6773332357406616,4857.697186968013
13610.0,6.227909564971924,1.3876523971557617,4858.014236683011
13611.0,24.870655059814453,3.0622336864471436,4858.305279136999
13612.0,31.699020385742188,3.575572967529297,4858.583716356006
13613.0,8.869962692260742,2.1344804763793945,4858.874991223012
13614.0,11.767314910888672,2.6796329021453857,4859.171926469004
13615.0,14.58323860168457,3.1338019371032715,4859.455258170012
13616.0,33.912132263183594,3.1700518131256104,4859.747305379002
13617.0,5.3973307609558105,1.3238505125045776,4860.049972263005
13618.0,16.35972023010254,3.243852376937866,4860.3273506910045
13619.0,18.556081771850586,3.068754196166992,4860.6160477960075
13620.0,12.520401000976562,3.0285675525665283,4860.924807825009
13621.0,19.813323974609375,3.1778109073638916,4861.216417963005
13622.0,7.029244899749756,1.6560802459716797,4861.5021557660075
13623.0,9.232906341552734,2.3222081661224365,4861.803391793001
13624.0,6.798450469970703,1.5026031732559204,4862.104578872008
13625.0,11.636743545532227,2.2974860668182373,4862.380580289013
13626.0,11.399120330810547,2.224931240081787,4862.6758342329995
13627.0,18.08794593811035,3.3763694763183594,4862.987455839
13628.0,33.688140869140625,7.375547409057617,4863.3187580960075
13629.0,7.672182083129883,1.8167364597320557,4863.609996922009
13630.0,14.697172164916992,3.0765271186828613,4863.909998323012
13631.0,8.054471015930176,1.6706055402755737,4864.208763052011
13632.0,9.928884506225586,2.1373870372772217,4864.496164770011
13633.0,15.240739822387695,3.3519108295440674,4864.785481279003
13634.0,3.9255528450012207,1.08150053024292,4865.077187121002
13635.0,16.23073959350586,3.268322467803955,4865.374530590008
13636.0,11.48771858215332,2.005819082260132,4865.674685250007
13637.0,7.757913112640381,1.9706430435180664,4865.959498160999
13638.0,32.6937255859375,4.6230974197387695,4866.277382843007
13639.0,13.218362808227539,2.560098886489868,4866.563085471003
13640.0,3.4873573780059814,0.7878426313400269,4866.855010605999
13641.0,17.87472152709961,4.584360122680664,4867.149825575005
13642.0,10.10270881652832,2.0023105144500732,4867.451845290008
13643.0,14.482547760009766,2.9128899574279785,4867.732979481007
13644.0,15.19504165649414,3.073760986328125,4868.028640445002
13645.0,11.709959030151367,2.6792123317718506,4868.34469097
13646.0,5.700031280517578,1.5084490776062012,4868.647238309
13647.0,5.66831111907959,1.4414780139923096,4868.948465083013
13648.0,7.948971748352051,2.3096556663513184,4869.242156425011
13649.0,6.184218406677246,1.9222668409347534,4869.528332768008
13650.0,10.764833450317383,2.317108631134033,4869.824659849008
13651.0,9.561447143554688,2.2575080394744873,4870.10563222901
13652.0,31.92901611328125,5.398229122161865,4870.392611147006
13653.0,3.538414716720581,0.8876030445098877,4870.68694068701
13654.0,18.161346435546875,3.208883047103882,4870.987325106005
13655.0,19.173261642456055,3.352186918258667,4871.285125709008
13656.0,5.982135772705078,1.5302196741104126,4871.586119306012
13657.0,11.951105117797852,2.2479989528656006,4871.899043092009
13658.0,10.085837364196777,1.968135952949524,4872.195960001001
13659.0,20.70022964477539,3.2248337268829346,4872.488695020002
13660.0,4.14456844329834,1.0301427841186523,4872.789718497006
13661.0,7.729063034057617,1.898653268814087,4873.079913256006
13662.0,15.296368598937988,2.780261516571045,4873.377239837006
13663.0,6.968613147735596,1.886247992515564,4873.686500576005
13664.0,23.762657165527344,3.6291604042053223,4873.970234968001
13665.0,19.895267486572266,3.281696319580078,4874.2830798320065
13666.0,23.31062889099121,4.185095310211182,4874.570376096002
13667.0,18.977447509765625,3.040070056915283,4874.873217161003
13668.0,5.608651638031006,1.7207274436950684,4875.178718297
13669.0,4.16926383972168,1.0004746913909912,4875.469573973009
13670.0,16.795997619628906,3.243436813354492,4875.769751019005
13671.0,22.07716178894043,3.6794333457946777,4876.056687066011
13672.0,10.306339263916016,2.4976675510406494,4876.378730387005
13673.0,2.6480727195739746,0.6961633563041687,4876.660890990999
13674.0,29.98987579345703,3.9816975593566895,4876.966396778007
13675.0,4.276087760925293,1.0604153871536255,4877.27072970201
13676.0,45.812034606933594,6.29356575012207,4877.566265599002
13677.0,10.564125061035156,2.456134557723999,4877.8567692750075
13678.0,14.282835960388184,2.9774913787841797,4878.17767573701
13679.0,9.297077178955078,1.7892963886260986,4878.481614397009
13680.0,66.35761260986328,8.465418815612793,4878.786651290007
13681.0,6.27691650390625,1.6445118188858032,4879.12742790801
13682.0,21.44434356689453,3.4813365936279297,4879.433328480009
13683.0,8.368993759155273,1.700941562652588,4879.732643259005
13684.0,11.91706657409668,2.3529536724090576,4880.020137493004
13685.0,17.029590606689453,3.3734731674194336,4880.309808439008
13686.0,4.416811466217041,1.1276878118515015,4880.602081658013
13687.0,64.23316955566406,7.32582426071167,4880.902778953008
13688.0,6.87937068939209,1.7358026504516602,4881.205961919011
13689.0,9.34577751159668,2.454420566558838,4881.501338599002
13690.0,7.635006904602051,1.647456169128418,4881.8018430680095
13691.0,15.687728881835938,2.763982057571411,4882.098904683007
13692.0,7.680070400238037,2.0473575592041016,4882.423286272009
13693.0,12.139934539794922,2.6135287284851074,4882.714929996
13694.0,5.250443458557129,1.5442097187042236,4882.995684868001
13695.0,25.333759307861328,3.959988594055176,4883.300586519006
13696.0,8.897222518920898,2.3444876670837402,4883.592423874012
13697.0,13.486814498901367,2.8679542541503906,4883.892452029002
13698.0,11.231437683105469,2.0691401958465576,4884.190901942013
13699.0,58.96356201171875,6.803615570068359,4884.49343042
13700.0,8.345379829406738,1.7594302892684937,4884.796199288001
13701.0,12.137720108032227,1.97166907787323,4890.793573355011
13702.0,4.509481430053711,1.0693392753601074,4891.0872276380105
13703.0,10.979915618896484,2.0725536346435547,4891.395467511
13704.0,4.218511581420898,1.1380283832550049,4891.687365916005
13705.0,20.3665714263916,3.432272434234619,4891.972999302001
13706.0,3.7169952392578125,1.0005104541778564,4892.273067439004
13707.0,7.415722370147705,1.734804391860962,4892.559762809004
13708.0,31.561168670654297,5.329764366149902,4892.871882186999
13709.0,17.551532745361328,3.257955312728882,4893.16822519101
13710.0,17.83300018310547,2.993608236312866,4893.487581266003
13711.0,68.12226867675781,11.33976936340332,4893.796178613004
13712.0,8.054853439331055,1.5562422275543213,4894.081414149012
13713.0,17.97958755493164,3.318122625350952,4894.369216844003
13714.0,17.335071563720703,3.4155783653259277,4894.6548616920045
13715.0,8.38137435913086,2.304062843322754,4894.9465290890075
13716.0,16.937253952026367,3.72818922996521,4895.257749517012
13717.0,13.725557327270508,2.540308713912964,4895.555505404001
13718.0,11.675098419189453,2.22550368309021,4895.844037932009
13719.0,5.521924018859863,1.259798288345337,4896.134360819007
13720.0,22.41316032409668,4.056564807891846,4896.428394862
13721.0,15.831735610961914,2.695805788040161,4896.736585789011
13722.0,5.880882263183594,1.6476348638534546,4897.022053295004
13723.0,10.305468559265137,2.262380599975586,4897.318298953003
13724.0,18.596885681152344,3.2068259716033936,4897.6234045230085
13725.0,83.97074890136719,7.977798938751221,4897.89978936901
13726.0,15.695788383483887,3.23382830619812,4898.203543232012
13727.0,40.246124267578125,6.182343006134033,4898.489176283008
13728.0,13.292303085327148,2.607551336288452,4898.781542418001
13729.0,6.300240516662598,1.4705095291137695,4899.073459618012
13730.0,16.146896362304688,2.9354007244110107,4899.357515479001
13731.0,6.10344934463501,1.839560866355896,4899.661314619007
13732.0,27.944805145263672,4.330135345458984,4899.949938611011
13733.0,18.98660659790039,3.3136534690856934,4900.252735915012
13734.0,36.59075927734375,5.163278102874756,4900.549405099009
13735.0,14.156841278076172,3.9562528133392334,4900.844907182007
13736.0,17.716434478759766,3.459355115890503,4901.125655787007
13737.0,63.261409759521484,7.083146095275879,4901.419534416011
13738.0,8.84925651550293,2.156846046447754,4901.701895806007
13739.0,5.330377578735352,1.3244212865829468,4902.006488245999
13740.0,16.488754272460938,2.86712646484375,4902.296969204006
13741.0,17.27631950378418,3.402971029281616,4902.581365965001
13742.0,4.6462016105651855,1.177594780921936,4902.878530853006
13743.0,104.72216796875,11.16016674041748,4903.177658174012
13744.0,14.634966850280762,2.577164888381958,4903.46366319801
13745.0,20.752208709716797,3.2427289485931396,4903.7426448780025
13746.0,9.429891586303711,2.253883123397827,4904.049759870002
13747.0,28.972274780273438,4.981557369232178,4904.3313571809995
13748.0,6.265803337097168,1.802762746810913,4904.628404030009
13749.0,8.338238716125488,2.113208293914795,4904.928899246006
13750.0,4.5382490158081055,1.1246774196624756,4905.236111824008
13751.0,4.415663719177246,1.0196318626403809,4905.529184535
13752.0,14.930797576904297,2.6146116256713867,4905.833326082007
13753.0,7.8105926513671875,1.9140522480010986,4906.136667399012
13754.0,16.612871170043945,2.9013352394104004,4906.43491948201
13755.0,4.266242027282715,1.0468031167984009,4906.738562315004
13756.0,13.561654090881348,2.8694186210632324,4907.0425844400015
13757.0,9.24317741394043,2.5787465572357178,4907.333446660006
13758.0,11.998638153076172,2.3974711894989014,4907.625586495007
13759.0,8.4500732421875,2.038245677947998,4907.908145860012
13760.0,8.882883071899414,2.2391626834869385,4908.187136316003
13761.0,24.442493438720703,4.102896213531494,4908.478239267002
13762.0,3.8074331283569336,1.1468663215637207,4908.78128784601
13763.0,37.653079986572266,7.3905744552612305,4909.0707727710105
13764.0,16.252779006958008,3.206808567047119,4909.363117830013
13765.0,8.192779541015625,2.0343868732452393,4909.651837360012
13766.0,11.99570083618164,2.5236289501190186,4909.958049481007
13767.0,4.253328800201416,1.0326943397521973,4910.255931076012
13768.0,21.19383430480957,3.863670587539673,4910.575434348008
13769.0,13.705663681030273,2.677797555923462,4910.853291542007
13770.0,16.716466903686523,3.0919623374938965,4911.129460863012
13771.0,8.393291473388672,1.9889576435089111,4911.416987525008
13772.0,6.553127288818359,1.9854434728622437,4911.716754845009
13773.0,4.0738396644592285,1.051562786102295,4911.999246909007
13774.0,18.98781394958496,3.6189346313476562,4912.288942229003
13775.0,4.970428466796875,1.1613569259643555,4912.571359319001
13776.0,14.484023094177246,3.203091621398926,4912.887051555008
13777.0,5.404996395111084,1.4509003162384033,4913.189830593008
13778.0,7.694249153137207,1.875846028327942,4913.490890574001
13779.0,3.504011631011963,0.9892202019691467,4913.7790543510055
13780.0,58.414642333984375,7.614301681518555,4914.085451269013
13781.0,12.226570129394531,2.593289852142334,4914.385226306011
13782.0,12.272817611694336,2.3758418560028076,4914.6980899580085
13783.0,8.92156982421875,1.7508275508880615,4914.983228989004
13784.0,28.985206604003906,4.700742244720459,4915.276522354005
13785.0,19.34762954711914,3.544391632080078,4915.573736448001
13786.0,20.10918617248535,3.338794469833374,4915.861331681008
13787.0,4.097048759460449,1.0785491466522217,4916.155038708006
13788.0,20.481884002685547,3.8561863899230957,4916.457952992001
13789.0,9.056524276733398,2.3928637504577637,4916.751921209012
13790.0,17.27046775817871,3.083667039871216,4917.037947679011
13791.0,8.959456443786621,2.005185604095459,4917.322172557004
13792.0,14.733097076416016,2.4815170764923096,4917.615932716013
13793.0,100.8477783203125,10.553842544555664,4917.896737609
13794.0,4.985293865203857,1.2120362520217896,4918.181756877006
13795.0,5.096463203430176,1.273823618888855,4918.488168623007
13796.0,3.800006866455078,0.9921760559082031,4918.780551007003
13797.0,30.879863739013672,5.923806667327881,4919.068032599011
13798.0,7.691381931304932,1.4963268041610718,4919.377684396008
13799.0,4.323208808898926,1.0153409242630005,4919.671435868004
13800.0,6.380155563354492,1.707232117652893,4919.9499682840105
13801.0,15.207148551940918,3.059438467025757,4925.9415230170125
13802.0,76.24406433105469,7.272616863250732,4926.24606551601
13803.0,11.503989219665527,2.3659474849700928,4926.529699675011
13804.0,18.330921173095703,3.3473172187805176,4926.8061684870045
13805.0,4.8823652267456055,1.2568368911743164,4927.120687111004
13806.0,16.770225524902344,2.9867606163024902,4927.418711417005
13807.0,4.654481887817383,1.2679171562194824,4927.725112214001
13808.0,83.86935424804688,9.0291748046875,4928.024792720011
13809.0,9.39534854888916,2.1465330123901367,4928.318791466008
13810.0,5.758774280548096,1.2404781579971313,4928.614829213009
13811.0,12.097835540771484,2.8409810066223145,4928.907761073002
13812.0,11.768356323242188,2.7351081371307373,4929.203849273006
13813.0,13.540290832519531,2.976064682006836,4929.488423935007
13814.0,23.114112854003906,3.9972150325775146,4929.774821417013
13815.0,12.240737915039062,2.68292498588562,4930.068822714005
13816.0,4.468147277832031,1.049530029296875,4930.350054974013
13817.0,4.928337097167969,1.1969563961029053,4930.6512509930035
13818.0,8.92622184753418,2.269829511642456,4930.9454191250115
13819.0,23.32243537902832,4.660593509674072,4931.240690453007
13820.0,19.302589416503906,2.9466493129730225,4931.561503500008
13821.0,8.986137390136719,2.2892253398895264,4931.866279313006
13822.0,28.670879364013672,4.818887233734131,4932.17177786
13823.0,73.46578979492188,8.110637664794922,4932.472813389002
13824.0,4.666780948638916,1.0524039268493652,4932.773374740005
13825.0,28.389968872070312,4.424298286437988,4933.065233698013
13826.0,15.692276000976562,2.9494643211364746,4933.344051930006
13827.0,63.25183868408203,6.802061557769775,4933.6208277760015
13828.0,20.98462677001953,4.978145599365234,4933.924680455006
13829.0,4.136582851409912,1.0359487533569336,4934.213013723012
13830.0,11.128156661987305,2.5207879543304443,4934.509385771002
13831.0,7.00593376159668,1.6660634279251099,4934.805698107011
13832.0,8.56778335571289,2.230719566345215,4935.103840046999
13833.0,6.122610092163086,1.7493085861206055,4935.382965797005
13834.0,22.642292022705078,3.0768890380859375,4935.687194773011
13835.0,17.79693603515625,3.3028931617736816,4936.008499941003
13836.0,22.721744537353516,3.3638763427734375,4936.32516315901
13837.0,19.428058624267578,2.9195473194122314,4936.644417822012
13838.0,26.556915283203125,4.429737567901611,4936.949054937999
13839.0,17.582679748535156,3.123239755630493,4937.249447851005
13840.0,6.370817184448242,1.5570775270462036,4937.530614231
13841.0,29.627056121826172,4.691329002380371,4937.832892517006
13842.0,13.140281677246094,2.405367612838745,4938.116756583011
13843.0,10.046683311462402,2.4545183181762695,4938.3978068780125
13844.0,21.512847900390625,3.363748550415039,4938.691107456005
13845.0,10.583317756652832,2.3175783157348633,4938.9782122690085
13846.0,3.560852527618408,0.9996829032897949,4939.264832113011
13847.0,12.143479347229004,2.489426851272583,4939.579604644008
13848.0,7.600114822387695,1.5636472702026367,4939.8955056039995
13849.0,17.01789093017578,3.586902141571045,4940.183892493005
13850.0,14.405477523803711,2.8296046257019043,4940.464772819003
13851.0,20.15336799621582,4.0666093826293945,4940.7499106410105
13852.0,15.558576583862305,2.817784547805786,4941.051399420001
13853.0,18.351896286010742,3.92551326751709,4941.356150655003
13854.0,13.135890007019043,3.5961966514587402,4941.637657420011
13855.0,8.286416053771973,1.930128574371338,4941.944823566999
13856.0,16.060901641845703,3.3491785526275635,4942.25120461201
13857.0,52.72486114501953,7.342346668243408,4942.537626262012
13858.0,13.135008811950684,3.1747238636016846,4942.835290502
13859.0,11.198762893676758,2.107550621032715,4943.118749690999
13860.0,10.470264434814453,2.4199438095092773,4943.404824095007
13861.0,5.968596458435059,1.4951380491256714,4943.718535148
13862.0,25.049575805664062,4.576772212982178,4944.016013659013
13863.0,6.374603748321533,1.4012666940689087,4944.310319786004
13864.0,20.941049575805664,3.591247797012329,4944.6093703020015
13865.0,14.588390350341797,2.840237617492676,4944.9310417470115
13866.0,13.022717475891113,2.8457984924316406,4945.213457426013
13867.0,10.359416961669922,1.9137630462646484,4945.510144977001
13868.0,13.4353609085083,3.7276813983917236,4945.810238812002
13869.0,35.27195739746094,4.070104122161865,4946.099572293009
13870.0,4.2776079177856445,0.9976324439048767,4946.399268404013
13871.0,20.15353775024414,3.3229734897613525,4946.6863509380055
13872.0,29.54296875,4.6540632247924805,4947.005779446001
13873.0,10.298957824707031,2.058581590652466,4947.29705097001
13874.0,6.979299545288086,2.1380796432495117,4947.5882789150055
13875.0,5.108313083648682,1.1736773252487183,4947.871966211009
13876.0,5.746623992919922,1.496407389640808,4948.159575939004
13877.0,5.307868003845215,1.3031622171401978,4948.460431130006
13878.0,4.914737224578857,1.201650857925415,4948.746581776999
13879.0,9.659627914428711,2.1050827503204346,4949.052283943005
13880.0,10.882619857788086,3.048098087310791,4949.355484157
13881.0,4.46838903427124,1.2112956047058105,4949.65658828101
13882.0,10.998790740966797,2.4211204051971436,4949.939704327
13883.0,14.191675186157227,2.795785665512085,4950.237891487006
13884.0,6.745580196380615,1.7588896751403809,4950.528561054001
13885.0,32.570030212402344,5.135073184967041,4950.828225232006
13886.0,8.5248384475708,1.9095253944396973,4951.123251946003
13887.0,17.471298217773438,3.152585744857788,4951.4083673780115
13888.0,6.410900592803955,1.4689757823944092,4951.701578493012
13889.0,7.0685014724731445,1.7303071022033691,4951.985993434006
13890.0,11.196603775024414,2.2259204387664795,4952.274924482001
13891.0,20.437381744384766,3.309699535369873,4952.55935982801
13892.0,27.994565963745117,4.139828681945801,4952.864663838001
13893.0,6.130686283111572,1.709817886352539,4953.174594642012
13894.0,9.468864440917969,2.0750815868377686,4953.473600215002
13895.0,14.722320556640625,2.588381052017212,4953.78963943501
13896.0,6.794079780578613,1.5002145767211914,4954.091358096004
13897.0,12.726210594177246,2.355445384979248,4954.411697937001
13898.0,22.331829071044922,3.781102418899536,4954.727262818007
13899.0,6.704892158508301,1.6375603675842285,4955.018321525
13900.0,20.284896850585938,3.621215343475342,4955.310838831007
13901.0,20.366731643676758,2.607553482055664,4961.772475888007
13902.0,5.397520065307617,1.4290903806686401,4962.076367386006
13903.0,86.56599426269531,10.440908432006836,4962.364651178999
13904.0,45.741207122802734,6.104343414306641,4962.656024290001
13905.0,8.95286750793457,1.9110536575317383,4962.950074966007
13906.0,5.211675643920898,1.4093608856201172,4963.263468551013
13907.0,4.937579154968262,1.4048330783843994,4963.567445890003
13908.0,12.759933471679688,2.7851054668426514,4963.865009295012
13909.0,5.156540393829346,1.2705051898956299,4964.179175565005
13910.0,11.151912689208984,2.2685165405273438,4964.480475764009
13911.0,111.60539245605469,11.484848022460938,4964.778670136002
13912.0,10.289785385131836,2.6581645011901855,4965.072400549005
13913.0,7.755048751831055,2.2092275619506836,4965.357908887003
13914.0,12.114120483398438,1.8836925029754639,4965.657017813006
13915.0,6.227120399475098,1.3895330429077148,4965.938639519009
13916.0,38.62830352783203,4.695921897888184,4966.220627808012
13917.0,52.83136749267578,6.957218647003174,4966.506131991002
13918.0,10.64952564239502,2.114119529724121,4966.8173437180085
13919.0,10.976613998413086,3.000581979751587,4967.1146869270015
13920.0,17.292095184326172,2.470444440841675,4967.425673660007
13921.0,19.526756286621094,3.5557785034179688,4967.718846154006
13922.0,16.229591369628906,2.933283805847168,4968.020405563002
13923.0,2.9170408248901367,0.6463513374328613,4968.314669609012
13924.0,11.774982452392578,2.2850420475006104,4968.613341258009
13925.0,10.998538970947266,2.5739853382110596,4968.904980570005
13926.0,32.906986236572266,3.4863367080688477,4969.1975597550045
13927.0,6.467980861663818,1.9284932613372803,4969.527532530003
13928.0,32.567039489746094,4.817777156829834,4969.8433067959995
13929.0,20.029529571533203,3.6531529426574707,4970.148738617005
13930.0,252.68743896484375,20.285747528076172,4970.451388065005
13931.0,5.105277061462402,1.2081387042999268,4970.752353831005
13932.0,5.0309834480285645,1.4294171333312988,4971.049589052011
13933.0,11.205723762512207,2.716557741165161,4971.347596313004
13934.0,8.168203353881836,1.8201664686203003,4971.639982835011
13935.0,10.955412864685059,2.208765745162964,4971.933897765004
13936.0,77.56610107421875,9.78231430053711,4972.235296817002
13937.0,19.025409698486328,2.6505632400512695,4972.5413336130005
13938.0,9.919782638549805,2.103317975997925,4972.823054233013
13939.0,3.0276074409484863,0.7823824286460876,4973.143839031007
13940.0,27.423355102539062,4.5865373611450195,4973.440667551011
13941.0,6.075727939605713,1.4695076942443848,4973.739595924999
13942.0,22.669578552246094,3.8180699348449707,4974.025841651004
13943.0,15.849077224731445,2.7962124347686768,4974.338977580002
13944.0,3.965439558029175,1.0392353534698486,4974.666427175005
13945.0,17.382349014282227,3.0766007900238037,4974.974347766009
13946.0,14.118156433105469,2.656325340270996,4975.2847384500055
13947.0,49.885101318359375,5.093320369720459,4975.58508592601
13948.0,66.71343994140625,7.065274238586426,4975.881594384002
13949.0,8.356354713439941,2.1155757904052734,4976.173926799005
13950.0,13.434067726135254,2.9553580284118652,4976.463545270002
13951.0,5.413567066192627,1.4089668989181519,4976.749308861006
13952.0,3.6122303009033203,1.001932978630066,4977.048146002009
13953.0,59.04121017456055,7.22247838973999,4977.329456282008
13954.0,5.207058906555176,1.6867902278900146,4977.628337158007
13955.0,4.7301459312438965,1.23088538646698,4977.940935321007
13956.0,11.936271667480469,2.9806149005889893,4978.249579222
13957.0,15.469671249389648,3.84865665435791,4978.542067026006
13958.0,8.720970153808594,1.998155117034912,4978.847840000002
13959.0,21.224956512451172,3.5960659980773926,4979.154110691001
13960.0,11.21855354309082,2.4663279056549072,4979.461187060006
13961.0,6.09752082824707,1.4221453666687012,4979.756074838006
13962.0,22.823989868164062,4.207660675048828,4980.04325666801
13963.0,17.33599090576172,3.048713445663452,4980.341185968005
13964.0,8.29755973815918,2.004145383834839,4980.634447206001
13965.0,3.833350896835327,0.9781244993209839,4980.92954736801
13966.0,15.99990463256836,3.274864912033081,4981.233169969011
13967.0,17.198345184326172,2.919496774673462,4981.521684682011
13968.0,16.20526123046875,3.138540506362915,4981.822410651002
13969.0,12.431570053100586,2.39467716217041,4982.120189127003
13970.0,6.009669780731201,1.8024208545684814,4982.406966420007
13971.0,25.057392120361328,3.929335832595825,4982.685113421001
13972.0,6.93064546585083,1.7272639274597168,4982.974699322003
13973.0,7.786078453063965,1.8333494663238525,4983.261775453007
13974.0,10.931037902832031,2.573028564453125,4983.544796106013
13975.0,21.555192947387695,3.5363311767578125,4983.860150260007
13976.0,38.510658264160156,6.213361740112305,4984.1464725680125
13977.0,5.468626022338867,1.4393442869186401,4984.440097310013
13978.0,11.192548751831055,2.4939892292022705,4984.744139296003
13979.0,4.135519504547119,1.0311310291290283,4985.042218596005
13980.0,18.711292266845703,3.1058552265167236,4985.330608717006
13981.0,11.387947082519531,2.254995822906494,4985.623046582012
13982.0,23.077449798583984,4.192202091217041,4985.914400589012
13983.0,5.3819169998168945,1.4159767627716064,4986.193387460007
13984.0,26.57343292236328,4.249225616455078,4986.498565309012
13985.0,11.153051376342773,2.3527748584747314,4986.803033297008
13986.0,7.00563907623291,1.2269456386566162,4987.098374277004
13987.0,17.244529724121094,4.048278331756592,4987.396302388006
13988.0,5.599814414978027,1.2583296298980713,4987.67204489201
13989.0,10.032195091247559,2.0908541679382324,4987.974581855
13990.0,4.952629089355469,1.1744900941848755,4988.273856176005
13991.0,8.342597007751465,2.0182676315307617,4988.560588812004
13992.0,69.05683898925781,11.908279418945312,4988.857802825005
13993.0,10.250064849853516,2.4006402492523193,4989.216851484001
13994.0,13.191827774047852,2.5486764907836914,4989.513495153005
13995.0,20.90528678894043,3.656606674194336,4989.818030589013
13996.0,27.46190643310547,4.109053611755371,4990.127145118007
13997.0,5.57897424697876,1.2911972999572754,4990.426569860007
13998.0,27.510879516601562,4.6529765129089355,4990.717247994005
13999.0,11.45119857788086,2.603813886642456,4991.010308601006
14000.0,12.146927833557129,2.7147719860076904,4991.302983364003
14001.0,13.602119445800781,3.7417259216308594,4997.673492443006
14002.0,5.480066299438477,1.5736216306686401,4997.961759808008
14003.0,37.05110168457031,5.5586419105529785,4998.268067560013
14004.0,7.153170585632324,1.5943048000335693,4998.5607399800065
14005.0,10.40170669555664,2.166084051132202,4998.867213719001
14006.0,8.089693069458008,2.1594395637512207,4999.167439969009
14007.0,6.123149871826172,1.6635937690734863,4999.451677814999
14008.0,4.660072326660156,1.353232502937317,4999.735746208011
14009.0,6.165907382965088,1.569685459136963,5000.028595644006
14010.0,4.302101135253906,0.9428467750549316,5000.314921126002
14011.0,8.80367660522461,1.862623691558838,5000.594741086999
14012.0,11.676704406738281,2.2476189136505127,5000.879111729009
14013.0,6.314223766326904,1.7148939371109009,5001.173462051011
14014.0,10.97649097442627,1.9051679372787476,5001.48046041101
14015.0,16.438175201416016,2.609529733657837,5001.793532686002
14016.0,4.285135269165039,1.0994696617126465,5002.0706815990125
14017.0,37.462398529052734,5.136261940002441,5002.37857670401
14018.0,79.41874694824219,9.79831314086914,5002.673357175008
14019.0,5.176884174346924,1.2971192598342896,5002.964584849004
14020.0,3.1848256587982178,0.7475638389587402,5003.282589590002
14021.0,32.75896453857422,5.085237979888916,5003.574650695009
14022.0,14.455163955688477,3.0586154460906982,5003.875559889013
14023.0,5.216222763061523,1.3240123987197876,5004.200546941007
14024.0,14.8238525390625,3.355163812637329,5004.500616877005
14025.0,8.345369338989258,1.9988305568695068,5004.786980650009
14026.0,20.490325927734375,3.6527462005615234,5005.102620667007
14027.0,3.836402416229248,0.9811338782310486,5005.41214234801
14028.0,13.740413665771484,2.954650640487671,5005.7197816430125
14029.0,48.524986267089844,6.618649005889893,5006.0037090670085
14030.0,25.75991439819336,4.7210259437561035,5006.30049537601
14031.0,4.3854756355285645,1.032831072807312,5006.616813859
14032.0,34.03841018676758,4.338040351867676,5006.911777344008
14033.0,7.3983283042907715,1.9180049896240234,5007.196490210001
14034.0,6.872126579284668,1.9862439632415771,5007.478660974011
14035.0,10.556879043579102,2.2941079139709473,5007.769050211005
14036.0,6.537663459777832,1.6826096773147583,5008.048541346012
14037.0,6.674887657165527,1.4283990859985352,5008.363255119999
14038.0,102.03904724121094,10.277253150939941,5008.66224728401
14039.0,13.652321815490723,2.877546548843384,5008.945395781004
14040.0,8.667152404785156,2.205839157104492,5009.245276189002
14041.0,12.02581787109375,2.989532947540283,5009.54273276501
14042.0,21.446243286132812,3.8473563194274902,5009.8206718420115
14043.0,16.149566650390625,3.6889665126800537,5010.113184718008
14044.0,59.88422393798828,6.808261871337891,5010.422634789007
14045.0,20.4957275390625,3.3449575901031494,5010.717293324007
14046.0,4.248246192932129,1.046691656112671,5010.997455625009
14047.0,8.091171264648438,1.864166498184204,5011.293775633007
14048.0,10.90119743347168,1.918584942817688,5011.576347025009
14049.0,14.34224796295166,2.9390180110931396,5011.874822029
14050.0,21.95330047607422,3.775681734085083,5012.166507141999
14051.0,8.740082740783691,1.847298502922058,5012.473582127001
14052.0,37.585304260253906,5.2606658935546875,5012.793745078001
14053.0,19.551130294799805,4.025086879730225,5013.09524571801
14054.0,14.008230209350586,2.584113359451294,5013.400381715008
14055.0,8.671913146972656,2.162611961364746,5013.696056962013
14056.0,18.039703369140625,3.4480032920837402,5013.984374873005
14057.0,4.76956844329834,1.2786298990249634,5014.276663507
14058.0,10.531814575195312,2.447150230407715,5014.5733187959995
14059.0,15.710336685180664,3.107510566711426,5014.8633951830125
14060.0,8.642207145690918,2.544466495513916,5015.187726247008
14061.0,6.5299177169799805,1.7402722835540771,5015.513588428003
14062.0,5.0890936851501465,1.4283071756362915,5015.799105668004
14063.0,20.424312591552734,3.9096810817718506,5016.080419578007
14064.0,31.86758041381836,5.387767791748047,5016.381998430006
14065.0,4.386115074157715,1.0814263820648193,5016.670058167001
14066.0,4.686163425445557,1.2031009197235107,5016.957734969008
14067.0,6.822930812835693,1.8056962490081787,5017.251325265999
14068.0,33.624507904052734,7.578799724578857,5017.546516702001
14069.0,10.095061302185059,2.195600986480713,5017.833070219
14070.0,23.415645599365234,3.8423538208007812,5018.138699396004
14071.0,17.774333953857422,2.8691859245300293,5018.431312825007
14072.0,5.530909538269043,1.2491111755371094,5018.7277219410025
14073.0,7.792492866516113,1.8960511684417725,5019.027970637006
14074.0,11.154125213623047,2.670227527618408,5019.374815495001
14075.0,9.11172103881836,2.0538978576660156,5019.664659333008
14076.0,6.721761703491211,1.8761026859283447,5019.941543919005
14077.0,9.872883796691895,2.3885810375213623,5020.219425297008
14078.0,11.854891777038574,2.6163454055786133,5020.50553437401
14079.0,13.792290687561035,2.5514705181121826,5020.792567596
14080.0,23.233097076416016,3.7100746631622314,5021.100848951013
14081.0,6.206791400909424,1.9032199382781982,5021.381045218004
14082.0,16.886940002441406,3.2892708778381348,5021.686562024013
14083.0,4.911109924316406,1.330593466758728,5021.975845313005
14084.0,4.574941635131836,1.0839799642562866,5022.280303184001
14085.0,10.495891571044922,3.046416759490967,5022.570499720008
14086.0,14.36483097076416,2.699864387512207,5022.864051229
14087.0,12.972576141357422,2.8533647060394287,5023.176230159006
14088.0,30.334735870361328,4.944399356842041,5023.470764936006
14089.0,7.640021324157715,1.9810528755187988,5023.759580630009
14090.0,17.79828643798828,3.164228677749634,5024.038218892005
14091.0,11.04787540435791,2.320035219192505,5024.326405832006
14092.0,4.729048252105713,1.2328965663909912,5024.608321467007
14093.0,14.779180526733398,2.6928913593292236,5024.896815200002
14094.0,7.671205520629883,1.85701584815979,5025.198318186012
14095.0,7.081382751464844,1.676771640777588,5025.495680881999
14096.0,26.191984176635742,3.2636566162109375,5025.792765503007
14097.0,17.87998390197754,2.8764820098876953,5026.092919628005
14098.0,9.938735961914062,2.2113449573516846,5026.4165295450075
14099.0,3.33699893951416,0.8446729183197021,5026.715104906005
14100.0,22.794404983520508,3.9052882194519043,5027.00847483
14101.0,18.168476104736328,3.163388729095459,5033.074375404001
14102.0,8.724042892456055,1.886178970336914,5033.3602436680085
14103.0,25.722379684448242,4.0794854164123535,5033.671591422011
14104.0,5.232300758361816,1.1931395530700684,5033.978975676
14105.0,34.3662223815918,5.44870138168335,5034.281720371
14106.0,25.428539276123047,4.057761192321777,5034.585787943011
14107.0,10.034364700317383,1.9633489847183228,5034.872935346008
14108.0,17.966861724853516,3.47320818901062,5035.1678147269995
14109.0,54.73741149902344,7.424804210662842,5035.459416794009
14110.0,46.07135009765625,9.040693283081055,5035.750916248013
14111.0,7.8902997970581055,2.00144100189209,5036.0495535350055
14112.0,20.764442443847656,3.483952045440674,5036.34512072301
14113.0,4.104194641113281,1.0411659479141235,5036.649786292008
14114.0,14.708044052124023,3.0763309001922607,5036.970496640002
14115.0,98.2430419921875,10.291121482849121,5037.276590778012
14116.0,9.652566909790039,2.092303514480591,5037.556605308011
14117.0,2.8737707138061523,0.9349631667137146,5037.839772329011
14118.0,17.324939727783203,3.4245831966400146,5038.121181729002
14119.0,75.97959899902344,12.699807167053223,5038.418490078009
14120.0,122.53892517089844,13.59207534790039,5038.718489121005
14121.0,49.016197204589844,6.267639636993408,5039.002935921002
14122.0,7.638566970825195,1.7549811601638794,5039.304504484011
14123.0,13.955492973327637,2.5844061374664307,5039.587827839001
14124.0,7.742657661437988,2.0035319328308105,5039.8701223990065
14125.0,4.989923477172852,1.3389253616333008,5040.167793834
14126.0,19.709148406982422,3.6552655696868896,5040.470792449007
14127.0,4.57262659072876,1.0337024927139282,5040.769405177009
14128.0,37.32677459716797,3.7144126892089844,5041.079634023001
14129.0,29.018218994140625,5.05671501159668,5041.385363567999
14130.0,9.401032447814941,2.537022829055786,5041.676040576
14131.0,11.996015548706055,2.6951794624328613,5041.986216645004
14132.0,22.984989166259766,4.1844868659973145,5042.272994868006
14133.0,14.850713729858398,3.2395882606506348,5042.573964297
14134.0,37.50163269042969,5.468069076538086,5042.859562092999
14135.0,14.177033424377441,2.504512071609497,5043.169026071002
14136.0,4.928442001342773,1.512047529220581,5043.481759005008
14137.0,7.14011287689209,1.505596399307251,5043.772387870005
14138.0,80.77320861816406,8.88260555267334,5044.077308749009
14139.0,17.580888748168945,3.1019034385681152,5044.389446002009
14140.0,11.565960884094238,2.152567148208618,5044.699564957002
14141.0,10.581948280334473,2.3975374698638916,5045.007254169002
14142.0,27.779651641845703,4.441547870635986,5045.2872906210105
14143.0,11.634529113769531,2.1804375648498535,5045.605599855
14144.0,28.462495803833008,4.3181471824646,5045.895279217002
14145.0,8.707115173339844,1.5730290412902832,5046.185448849006
14146.0,5.323571681976318,1.2267194986343384,5046.466671571005
14147.0,13.361753463745117,2.99353289604187,5046.755731330006
14148.0,6.038883209228516,1.487087607383728,5047.041797245009
14149.0,3.9695606231689453,1.0333707332611084,5047.3415976510005
14150.0,8.114238739013672,2.0194106101989746,5047.661902894004
14151.0,7.375182151794434,2.017180919647217,5047.959556872011
14152.0,5.081621170043945,1.235213041305542,5048.266578876006
14153.0,13.812792778015137,2.3840057849884033,5048.564786354007
14154.0,5.088085651397705,1.2576946020126343,5048.854649716013
14155.0,4.633562088012695,1.2872567176818848,5049.138347659013
14156.0,16.798410415649414,2.1089611053466797,5049.478148287002
14157.0,7.608232498168945,1.7081506252288818,5049.76075346701
14158.0,25.57660675048828,4.215107440948486,5050.052534824004
14159.0,4.267419815063477,1.2005155086517334,5050.34157576201
14160.0,4.59497594833374,1.1383066177368164,5050.645027347011
14161.0,7.996339797973633,2.0106053352355957,5050.9394269510085
14162.0,13.138031005859375,2.675635814666748,5051.224454980009
14163.0,12.346120834350586,2.4527885913848877,5051.520940874005
14164.0,7.711001396179199,1.5646910667419434,5051.819290197003
14165.0,5.027517795562744,1.2606183290481567,5052.126825236002
14166.0,45.98729705810547,6.2259979248046875,5052.410590234009
14167.0,9.268558502197266,1.7444247007369995,5052.7054044660035
14168.0,11.048799514770508,2.4220471382141113,5052.9929071900115
14169.0,25.97045135498047,3.5904271602630615,5053.29965194501
14170.0,6.986018657684326,1.8563774824142456,5053.579761698013
14171.0,5.280825614929199,1.3792575597763062,5053.877987043001
14172.0,33.84269332885742,7.093183994293213,5054.174954888003
14173.0,18.656585693359375,3.0383551120758057,5054.478043810013
14174.0,3.190802574157715,0.7343044281005859,5054.77299501501
14175.0,5.2968363761901855,1.3510913848876953,5055.065434894001
14176.0,5.997762680053711,1.469230055809021,5055.371368327003
14177.0,18.72536277770996,3.0813546180725098,5055.675434315999
14178.0,6.012534141540527,1.4476088285446167,5055.972648099007
14179.0,5.991592884063721,1.673590898513794,5056.266013190005
14180.0,8.21879768371582,1.8939183950424194,5056.548483972001
14181.0,4.581507682800293,1.1772865056991577,5056.848126510013
14182.0,43.65781784057617,6.0580244064331055,5057.142276036
14183.0,11.977962493896484,2.439202070236206,5057.448268421009
14184.0,23.48458480834961,3.7978954315185547,5057.751943317009
14185.0,5.896294116973877,1.4978253841400146,5058.044576188011
14186.0,2.657464027404785,0.7080984711647034,5058.349099078012
14187.0,5.729404449462891,1.4492539167404175,5058.638058141005
14188.0,13.578227996826172,2.5756478309631348,5058.934471539003
14189.0,9.913683891296387,2.2179336547851562,5059.215520448008
14190.0,11.404027938842773,2.3283491134643555,5059.5199583560025
14191.0,4.412917137145996,1.2839220762252808,5059.81612995101
14192.0,42.322288513183594,5.395174980163574,5060.110638514001
14193.0,12.769079208374023,2.5631515979766846,5060.39339156801
14194.0,4.570425033569336,1.3708382844924927,5060.670523640001
14195.0,20.381690979003906,3.277975559234619,5060.9607720180065
14196.0,7.221548080444336,1.6754648685455322,5061.269088945002
14197.0,3.3364109992980957,0.9397778511047363,5061.563661569002
14198.0,59.94003677368164,7.59450101852417,5061.853535458009
14199.0,9.42259407043457,2.156151056289673,5062.149250785005
14200.0,5.521538734436035,1.4295179843902588,5062.445833239006
14201.0,13.055854797363281,3.007758855819702,5068.537511399001
14202.0,27.54367446899414,3.753249168395996,5068.831999044007
14203.0,27.338321685791016,4.237343788146973,5069.128695038002
14204.0,20.528339385986328,3.59870982170105,5069.440753032002
14205.0,2.606576681137085,0.7665410041809082,5069.749981126006
14206.0,12.872800827026367,2.746971368789673,5070.063237717011
14207.0,7.134090423583984,1.599225640296936,5070.402476128002
14208.0,25.369779586791992,3.9060797691345215,5070.698772775009
14209.0,4.864625930786133,1.209713101387024,5070.987033266007
14210.0,7.6846923828125,1.7427728176116943,5071.276907315012
14211.0,9.222457885742188,1.7914373874664307,5071.558674592001
14212.0,38.01061248779297,4.657553672790527,5071.842482902008
14213.0,9.499092102050781,1.9968611001968384,5072.122143316999
14214.0,9.163763999938965,1.9775279760360718,5072.414745115006
14215.0,16.837194442749023,2.2793128490448,5072.712532697013
14216.0,27.740768432617188,4.521176338195801,5073.00674382101
14217.0,23.69167137145996,3.801760196685791,5073.290760333999
14218.0,17.162879943847656,2.896017551422119,5073.570692005
14219.0,17.39960479736328,3.3866000175476074,5073.876698169013
14220.0,17.965194702148438,3.6690828800201416,5074.167149869012
14221.0,23.57026481628418,3.8943493366241455,5074.457461874001
14222.0,14.020727157592773,3.0578482151031494,5074.742837376005
14223.0,18.29409408569336,3.1823859214782715,5075.02751239801
14224.0,5.1680498123168945,1.2669309377670288,5075.324843943003
14225.0,9.937348365783691,2.282316207885742,5075.622081451002
14226.0,36.449249267578125,4.366435527801514,5075.917601636
14227.0,24.495973587036133,3.4075701236724854,5076.215706122006
14228.0,19.400907516479492,3.063143491744995,5076.507836186007
14229.0,5.688176155090332,1.5919378995895386,5076.800952457008
14230.0,11.1103515625,2.530472993850708,5077.092350261009
14231.0,13.384241104125977,2.7886948585510254,5077.394702072008
14232.0,6.525479793548584,1.7371124029159546,5077.702072383006
14233.0,19.929969787597656,3.588240385055542,5077.978344774005
14234.0,22.961963653564453,3.8406074047088623,5078.272285078012
14235.0,6.034910202026367,1.5142537355422974,5078.553202762007
14236.0,17.47869110107422,2.762361526489258,5078.8548533680005
14237.0,5.795135498046875,1.591906189918518,5079.136233405006
14238.0,4.553576469421387,1.0786552429199219,5079.478099741013
14239.0,6.986893653869629,1.777248501777649,5079.801796963002
14240.0,4.475285053253174,1.1461381912231445,5080.137681973007
14241.0,11.106765747070312,2.7129194736480713,5080.425212159011
14242.0,6.1679534912109375,1.4036368131637573,5080.729227281001
14243.0,7.3431806564331055,1.7330234050750732,5081.028380005009
14244.0,22.122390747070312,3.662306308746338,5081.335758106012
14245.0,7.179083347320557,1.6332916021347046,5081.636356215007
14246.0,37.892730712890625,4.236920356750488,5081.920307234002
14247.0,5.266777038574219,1.5951910018920898,5082.225971550011
14248.0,11.88726806640625,2.7965054512023926,5082.526147454002
14249.0,14.273506164550781,2.544799327850342,5082.824976885007
14250.0,11.38294792175293,2.3855857849121094,5083.125661405007
14251.0,14.849302291870117,2.9265336990356445,5083.427969387005
14252.0,15.589576721191406,3.358687162399292,5083.72090061901
14253.0,19.9931583404541,3.2770872116088867,5084.017028407005
14254.0,19.463180541992188,3.48604416847229,5084.322732322005
14255.0,77.18594360351562,9.994772911071777,5084.637813008012
14256.0,5.5957536697387695,1.3759071826934814,5084.932174442001
14257.0,18.61398696899414,4.084580421447754,5085.225189650999
14258.0,3.3846898078918457,0.8854108452796936,5085.506199445008
14259.0,14.360271453857422,3.249267339706421,5085.798800116012
14260.0,5.64987850189209,1.259175419807434,5086.085599864004
14261.0,16.061765670776367,3.234539270401001,5086.394460676005
14262.0,6.911999225616455,1.8199023008346558,5086.679037812006
14263.0,11.778564453125,2.28192400932312,5086.9656041220005
14264.0,14.949163436889648,3.263906955718994,5087.260661789012
14265.0,19.705753326416016,3.3724961280822754,5087.553905885012
14266.0,10.071523666381836,2.494096040725708,5087.833225171009
14267.0,17.796550750732422,3.8134169578552246,5088.113790078001
14268.0,11.021738052368164,2.265354633331299,5088.398181733006
14269.0,20.83011245727539,3.439378023147583,5088.684583611001
14270.0,7.984787464141846,1.7928820848464966,5088.973021940008
14271.0,12.249992370605469,2.5995585918426514,5089.258645751004
14272.0,6.280041217803955,1.4251148700714111,5089.565276303008
14273.0,85.46673583984375,9.338833808898926,5089.874410160002
14274.0,5.495285987854004,1.3659086227416992,5090.1624495720025
14275.0,11.729545593261719,2.595507860183716,5090.4655634340015
14276.0,5.945146560668945,1.746032476425171,5090.751466080008
14277.0,25.384761810302734,4.64119815826416,5091.057035357007
14278.0,4.376370906829834,1.2492467164993286,5091.371172945001
14279.0,11.701473236083984,2.096439838409424,5091.664673333013
14280.0,11.108259201049805,2.3126633167266846,5091.946419988002
14281.0,31.259567260742188,4.7785725593566895,5092.248733875007
14282.0,13.775151252746582,1.8901070356369019,5092.532620001002
14283.0,12.1326904296875,2.737215042114258,5092.816562923006
14284.0,24.961162567138672,3.8985249996185303,5093.117888893001
14285.0,8.718143463134766,2.0028183460235596,5093.411691898
14286.0,12.97107219696045,3.1708080768585205,5093.702997196
14287.0,5.137803077697754,1.4078657627105713,5094.000341687002
14288.0,17.161521911621094,3.0306200981140137,5094.294635146012
14289.0,5.0164031982421875,1.1576682329177856,5094.578206211008
14290.0,5.803439617156982,1.592384934425354,5094.8786903220025
14291.0,4.863507270812988,1.1564950942993164,5095.159677192001
14292.0,6.155953884124756,1.6197844743728638,5095.455655703001
14293.0,41.449440002441406,5.315516471862793,5095.737338562001
14294.0,5.014662742614746,1.2041418552398682,5096.0258329339995
14295.0,5.107900142669678,1.523232340812683,5096.3282786970085
14296.0,2.2737534046173096,0.6301655769348145,5096.6333232540055
14297.0,10.034158706665039,1.8528746366500854,5096.928366614011
14298.0,12.677133560180664,3.5438127517700195,5097.224336682004
14299.0,40.305999755859375,4.042629718780518,5097.529898384004
14300.0,14.389278411865234,2.304180860519409,5097.8314798290085
14301.0,9.13260269165039,2.1547651290893555,5104.083424133001
14302.0,28.04586410522461,4.176609992980957,5104.386180325004
14303.0,6.992864608764648,1.5362330675125122,5104.675533780013
14304.0,5.453173637390137,1.634220004081726,5104.9750033760065
14305.0,7.001073837280273,1.760716438293457,5105.2698793029995
14306.0,14.45598030090332,2.479057788848877,5105.572351114999
14307.0,22.762502670288086,3.800191879272461,5105.867700833012
14308.0,10.990631103515625,2.32775616645813,5106.148080452011
14309.0,5.799623012542725,1.3369790315628052,5106.442352897007
14310.0,4.1337714195251465,1.2399210929870605,5106.744288261005
14311.0,12.412260055541992,2.3866591453552246,5107.03145646301
14312.0,11.626358032226562,2.3071112632751465,5107.327860508012
14313.0,15.32359504699707,2.6130385398864746,5107.617607890003
14314.0,6.361292362213135,1.6676526069641113,5107.897361266005
14315.0,28.277568817138672,4.337135314941406,5108.186044885006
14316.0,5.793079376220703,1.5558100938796997,5108.472980627004
14317.0,8.33431339263916,1.6558274030685425,5108.7643124540045
14318.0,59.58115768432617,7.455794811248779,5109.0571326100035
14319.0,28.26749610900879,4.389460563659668,5109.36599084
14320.0,39.74890899658203,5.423341274261475,5109.6905271870055
14321.0,64.48778533935547,11.73320484161377,5109.986496537007
14322.0,15.361047744750977,2.55706524848938,5110.286519935005
14323.0,14.262405395507812,2.9242095947265625,5110.586736592013
14324.0,4.693909168243408,1.1573559045791626,5110.8815343160095
14325.0,5.759832382202148,1.4046238660812378,5111.173828558007
14326.0,10.61027717590332,2.213794231414795,5111.468161705008
14327.0,18.211212158203125,3.2304320335388184,5111.769462141005
14328.0,27.725830078125,3.5824053287506104,5112.064614354007
14329.0,11.094442367553711,2.3499743938446045,5112.3699532180035
14330.0,7.49308967590332,1.67411208152771,5112.675318082009
14331.0,47.31230545043945,7.073620796203613,5112.968275941006
14332.0,4.751823425292969,1.1436725854873657,5113.278370536005
14333.0,108.37165069580078,12.372111320495605,5113.562720846006
14334.0,11.722772598266602,2.5791826248168945,5113.851769303001
14335.0,54.210086822509766,6.893645286560059,5114.157193498002
14336.0,4.674436092376709,1.195196270942688,5114.443282347012
14337.0,5.329259872436523,1.330254316329956,5114.72746026401
14338.0,7.840716361999512,2.211794853210449,5115.028366832004
14339.0,12.595063209533691,2.510202646255493,5115.327713158011
14340.0,20.160240173339844,5.425862789154053,5115.619398252005
14341.0,10.193324089050293,2.4839916229248047,5115.9141967700125
14342.0,27.223146438598633,4.284715175628662,5116.223294628013
14343.0,6.218180179595947,1.5935510396957397,5116.515853968012
14344.0,5.509137153625488,1.392537236213684,5116.808932434011
14345.0,2.6864516735076904,0.6847806572914124,5117.10617751001
14346.0,6.471930980682373,1.7098238468170166,5117.391958795008
14347.0,9.677302360534668,2.1036252975463867,5117.678523663999
14348.0,12.905855178833008,1.7892634868621826,5117.964701777004
14349.0,8.24067497253418,1.9642682075500488,5118.253956663
14350.0,34.07254409790039,5.087777137756348,5118.558886240004
14351.0,11.018532752990723,2.3734166622161865,5118.847257463
14352.0,28.59590721130371,4.307089328765869,5119.132676480003
14353.0,88.30439758300781,9.932498931884766,5119.434722389007
14354.0,7.613263130187988,2.043095111846924,5119.729195118009
14355.0,8.01563835144043,1.7645208835601807,5120.046335299005
14356.0,9.454023361206055,2.237976312637329,5120.347961872001
14357.0,11.404634475708008,2.3962604999542236,5120.642687873013
14358.0,14.760013580322266,2.812187671661377,5120.952278724013
14359.0,5.624488353729248,1.2779661417007446,5121.244444159005
14360.0,45.402008056640625,6.511178016662598,5121.552637290006
14361.0,68.75634765625,6.264441967010498,5121.8523868620105
14362.0,15.538537979125977,3.071183919906616,5122.147777226011
14363.0,5.902739524841309,1.4279990196228027,5122.4621522320085
14364.0,109.09281158447266,11.038947105407715,5122.763144147
14365.0,17.65576171875,3.086315155029297,5123.047500262008
14366.0,16.050155639648438,4.1949896812438965,5123.333428873011
14367.0,52.71053695678711,8.251350402832031,5123.634393527012
14368.0,4.762094497680664,1.2430580854415894,5123.930400624013
14369.0,12.036375045776367,2.5709314346313477,5124.217283241
14370.0,6.039592742919922,1.1009835004806519,5124.503711007012
14371.0,6.937565326690674,1.4919955730438232,5124.796959187006
14372.0,10.064485549926758,2.232419013977051,5125.087952409012
14373.0,17.024927139282227,3.257462978363037,5125.405912290007
14374.0,19.29326629638672,3.486389636993408,5125.691401430013
14375.0,53.67714309692383,6.0874176025390625,5125.983320517
14376.0,8.933418273925781,2.8593058586120605,5126.271653011005
14377.0,26.314193725585938,4.185154914855957,5126.571881725002
14378.0,12.608333587646484,2.544410467147827,5126.868236963011
14379.0,7.3092498779296875,1.6309535503387451,5127.154977671002
14380.0,9.503978729248047,2.060551881790161,5127.450850482011
14381.0,4.021165370941162,0.870326817035675,5127.758657529004
14382.0,6.821671485900879,1.5278760194778442,5128.063046333002
14383.0,3.781437873840332,1.062384009361267,5128.346918857002
14384.0,21.051044464111328,3.885493278503418,5128.638273289005
14385.0,11.100478172302246,2.453160047531128,5128.942608990008
14386.0,14.142157554626465,2.5156328678131104,5129.237842967006
14387.0,35.12226104736328,5.037342548370361,5129.524233709002
14388.0,21.84467315673828,3.261317014694214,5129.810644237004
14389.0,7.956472396850586,2.055081367492676,5130.102738646005
14390.0,20.774005889892578,3.347308874130249,5130.386788175005
14391.0,23.32269287109375,4.139713764190674,5130.689314204006
14392.0,11.603668212890625,2.5076711177825928,5130.992990122002
14393.0,35.967960357666016,8.033832550048828,5131.296982537009
14394.0,11.556783676147461,2.573751211166382,5131.605319618
14395.0,9.467046737670898,2.469127655029297,5131.89893536501
14396.0,9.945184707641602,2.194078207015991,5132.203086739013
14397.0,32.655433654785156,3.7650561332702637,5132.501578058
14398.0,17.424543380737305,3.318718671798706,5132.799984932004
14399.0,6.324987411499023,1.5535820722579956,5133.103458893005
14400.0,8.086691856384277,1.9784772396087646,5133.410027887003
14401.0,7.183382987976074,1.9498708248138428,5139.6464136210125
14402.0,20.275554656982422,3.7655632495880127,5139.963140349006
14403.0,4.103303909301758,1.2004244327545166,5140.250807143006
14404.0,4.719349384307861,1.2322438955307007,5140.5523875490035
14405.0,9.960132598876953,2.1565282344818115,5140.854261970002
14406.0,47.54916763305664,6.073790073394775,5141.135711980009
14407.0,6.210464954376221,1.7656222581863403,5141.433812636009
14408.0,13.807502746582031,2.8397490978240967,5141.743847059013
14409.0,3.814077138900757,1.1435309648513794,5142.037993685008
14410.0,9.63770866394043,2.463435411453247,5142.340574913003
14411.0,16.623165130615234,4.415822505950928,5142.630799831008
14412.0,56.924034118652344,7.406558990478516,5142.934702391009
14413.0,16.65275764465332,3.2033987045288086,5143.224151384013
14414.0,18.44118881225586,2.9347457885742188,5143.522694959
14415.0,22.612070083618164,3.026653289794922,5143.814507258008
14416.0,14.725423812866211,2.996798038482666,5144.123593029013
14417.0,6.859844207763672,1.937586784362793,5144.418363899007
14418.0,29.92108917236328,4.126745223999023,5144.715101598005
14419.0,6.374283313751221,1.8035304546356201,5145.017208717007
14420.0,7.583990573883057,1.875288963317871,5145.336647406002
14421.0,13.443756103515625,2.490924596786499,5145.680828665005
14422.0,7.383440017700195,1.644993782043457,5145.976853361004
14423.0,31.140342712402344,4.250539779663086,5146.274641413009
14424.0,5.778205871582031,1.4232642650604248,5146.566787015006
14425.0,28.715290069580078,4.4732842445373535,5146.871226751013
14426.0,16.02821922302246,3.1096444129943848,5147.170121179006
14427.0,9.062721252441406,1.4271138906478882,5147.463012314009
14428.0,8.037304878234863,1.6578513383865356,5147.76940807201
14429.0,17.28253173828125,2.8928675651550293,5148.071088375
14430.0,6.432703495025635,1.9087485074996948,5148.378326701
14431.0,28.403539657592773,4.299565315246582,5148.676738447
14432.0,48.64165496826172,9.839737892150879,5148.969461203
14433.0,8.081809997558594,1.567524790763855,5149.279330713005
14434.0,31.2418155670166,4.953312873840332,5149.575826909
14435.0,39.63630676269531,5.761248588562012,5149.871940716999
14436.0,7.538301944732666,1.398553490638733,5150.168482199006
14437.0,15.828275680541992,2.8338258266448975,5150.476169161004
14438.0,4.689741611480713,1.1410633325576782,5150.793158234999
14439.0,5.410082817077637,1.3901565074920654,5151.091031379008
14440.0,3.2845218181610107,0.8606156706809998,5151.405833276003
14441.0,25.081130981445312,3.3326427936553955,5151.687582694009
14442.0,15.23263168334961,2.9808239936828613,5151.98123012
14443.0,31.739688873291016,5.032526969909668,5152.2771113830095
14444.0,8.120254516601562,2.05935001373291,5152.560991125007
14445.0,13.699068069458008,2.5555920600891113,5152.840438312007
14446.0,6.1564249992370605,1.2839417457580566,5153.142257271
14447.0,21.447132110595703,3.6554408073425293,5153.445052953
14448.0,7.098341941833496,1.6020216941833496,5153.738324425009
14449.0,10.716256141662598,2.983088493347168,5154.036195369001
14450.0,5.654780864715576,1.7031638622283936,5154.331139695001
14451.0,21.268320083618164,4.327868938446045,5154.619120709001
14452.0,17.937984466552734,2.8149020671844482,5154.924114286012
14453.0,6.970365524291992,1.9354736804962158,5155.21718289901
14454.0,30.675670623779297,4.9763665199279785,5155.516307343001
14455.0,25.496490478515625,3.4159367084503174,5155.817654424012
14456.0,21.695755004882812,4.221472263336182,5156.123008484006
14457.0,18.94630241394043,3.399845838546753,5156.417344739006
14458.0,51.34540939331055,5.341480731964111,5156.711426162001
14459.0,6.420917987823486,1.6562527418136597,5157.002142559009
14460.0,6.007616996765137,1.3393220901489258,5157.306979401008
14461.0,13.39450740814209,2.9161553382873535,5157.607688114003
14462.0,8.837349891662598,1.9418641328811646,5157.927076109001
14463.0,14.040395736694336,2.6904830932617188,5158.24690339301
14464.0,8.743452072143555,1.5257561206817627,5158.5368072690035
14465.0,7.804839134216309,1.9029862880706787,5158.826124782005
14466.0,13.58758544921875,3.0514943599700928,5159.112738087002
14467.0,5.320653915405273,1.3847397565841675,5159.402699918006
14468.0,14.520418167114258,3.3619132041931152,5159.709807410007
14469.0,56.835670471191406,4.717565059661865,5159.992002828003
14470.0,12.710160255432129,2.8656959533691406,5160.304824362
14471.0,4.663422107696533,1.2462432384490967,5160.596596586009
14472.0,3.9188904762268066,0.9144784212112427,5160.894594385012
14473.0,16.001253128051758,3.085983991622925,5161.187731572005
14474.0,13.291818618774414,2.416422128677368,5161.480586874008
14475.0,79.99188995361328,8.281529426574707,5161.769033528006
14476.0,6.312628269195557,1.5783259868621826,5162.068831093013
14477.0,4.966564655303955,1.2741667032241821,5162.366756145013
14478.0,89.08316040039062,9.463175773620605,5162.651700490009
14479.0,4.891389846801758,1.0705429315567017,5162.948934239001
14480.0,66.05389404296875,8.344056129455566,5163.253110619
14481.0,13.185762405395508,2.66886305809021,5163.539733484009
14482.0,29.09579849243164,4.898378849029541,5163.832623391005
14483.0,9.53575325012207,2.289108991622925,5164.11923549301
14484.0,7.098820686340332,1.6743625402450562,5164.420558029
14485.0,15.799800872802734,3.2667508125305176,5164.712960172008
14486.0,35.52566909790039,5.475711822509766,5165.026141725
14487.0,8.43293571472168,2.1394243240356445,5165.334164273008
14488.0,12.017986297607422,2.357935667037964,5165.6115664980025
14489.0,22.957887649536133,3.6017487049102783,5165.912155572005
14490.0,4.577670097351074,1.0391501188278198,5166.201943692009
14491.0,14.261030197143555,2.5653111934661865,5166.490131436003
14492.0,12.224784851074219,3.399348020553589,5166.813637689003
14493.0,16.303834915161133,3.0710461139678955,5167.114298413013
14494.0,10.196466445922852,2.373211145401001,5167.404006663011
14495.0,29.296916961669922,4.858935356140137,5167.701545436008
14496.0,17.702632904052734,3.6930506229400635,5167.982075603009
14497.0,10.926143646240234,2.0275254249572754,5168.258702320003
14498.0,65.37771606445312,7.180271148681641,5168.551176748006
14499.0,23.550926208496094,3.7800614833831787,5168.852487334007
14500.0,14.67780876159668,3.0011839866638184,5169.143817512013
14501.0,8.056489944458008,1.8996843099594116,5175.592904437013
14502.0,8.693582534790039,2.1545939445495605,5175.880859847006
14503.0,23.24484634399414,2.9670276641845703,5176.191477453001
14504.0,8.722192764282227,1.7979122400283813,5176.485103911007
14505.0,9.520195960998535,2.3577542304992676,5176.795717618006
14506.0,13.428092956542969,2.705493927001953,5177.094510080002
14507.0,7.5881266593933105,1.8070144653320312,5177.382048948013
14508.0,9.79248332977295,2.486764669418335,5177.68125240301
14509.0,4.7746453285217285,1.262260913848877,5177.974461883001
14510.0,16.98401641845703,3.1812350749969482,5178.284231812009
14511.0,5.774023056030273,1.7172505855560303,5178.607280822005
14512.0,5.138402938842773,1.262560486793518,5178.912755989004
14513.0,8.773154258728027,1.998937964439392,5179.200894898007
14514.0,21.486522674560547,3.5315895080566406,5179.507296197
14515.0,8.991065979003906,1.6949540376663208,5179.806779602004
14516.0,8.915037155151367,1.9930634498596191,5180.115936047005
14517.0,33.75111389160156,7.750484466552734,5180.412322947013
14518.0,21.361574172973633,3.3920085430145264,5180.698263270009
14519.0,3.2448928356170654,0.7753535509109497,5181.006811422005
14520.0,20.157390594482422,3.1403870582580566,5181.317454321004
14521.0,7.686236381530762,2.0311925411224365,5181.598668636012
14522.0,5.307651519775391,1.2047678232192993,5181.889082512003
14523.0,4.061431884765625,1.0850027799606323,5182.182362724008
14524.0,11.331340789794922,2.1372663974761963,5182.464739118004
14525.0,4.697283744812012,1.2733291387557983,5182.751269056011
14526.0,12.142755508422852,2.3835349082946777,5183.027806709011
14527.0,5.916112899780273,1.2844082117080688,5183.304684900009
14528.0,19.71001434326172,3.257821559906006,5183.588216618009
14529.0,24.994789123535156,3.712385654449463,5183.8676971140085
14530.0,21.93878173828125,3.3470888137817383,5184.158332928011
14531.0,13.167332649230957,3.3826935291290283,5184.456117091002
14532.0,21.8572998046875,3.5896897315979004,5184.748988521009
14533.0,6.032477378845215,1.446094036102295,5185.061747357002
14534.0,3.8027379512786865,1.0258629322052002,5185.364554338012
14535.0,8.795523643493652,1.7733310461044312,5185.660427622002
14536.0,32.58838653564453,4.353616714477539,5185.95446822801
14537.0,6.305652618408203,1.537929654121399,5186.247789426008
14538.0,8.68497085571289,2.1782989501953125,5186.572062584004
14539.0,5.14353084564209,1.2951972484588623,5186.855125453003
14540.0,22.16421890258789,4.213343143463135,5187.145988418008
14541.0,4.3852314949035645,1.118604302406311,5187.443900582002
14542.0,15.146944999694824,2.8674755096435547,5187.733818392007
14543.0,11.178056716918945,2.231326103210449,5188.023333443009
14544.0,6.250759601593018,1.4034054279327393,5188.305680284
14545.0,6.3339924812316895,1.3796970844268799,5188.60323672001
14546.0,10.213785171508789,2.150825023651123,5188.887205079009
14547.0,7.87504768371582,2.38502836227417,5189.175600782008
14548.0,8.149789810180664,1.8438507318496704,5189.47406805701
14549.0,11.685131072998047,3.1145713329315186,5189.798539732001
14550.0,4.934795379638672,1.4886209964752197,5190.092324080004
14551.0,5.7733049392700195,1.3502891063690186,5190.38788458801
14552.0,7.357114791870117,1.6117241382598877,5190.66742388501
14553.0,7.512155532836914,1.9227043390274048,5190.946198607009
14554.0,77.84215545654297,8.717175483703613,5191.246094054004
14555.0,8.59253978729248,2.027092933654785,5191.543370355008
14556.0,20.179534912109375,3.382587432861328,5191.85147961101
14557.0,8.765266418457031,1.738232970237732,5192.1660666850075
14558.0,8.925514221191406,1.805886149406433,5192.484647256002
14559.0,21.01410675048828,3.6928865909576416,5192.787529893001
14560.0,13.342490196228027,2.497870683670044,5193.082274280008
14561.0,13.171953201293945,2.765759229660034,5193.3814185920055
14562.0,25.844406127929688,3.2640552520751953,5193.680178338007
14563.0,16.70914077758789,3.01414155960083,5193.965719906002
14564.0,5.634999752044678,1.3380308151245117,5194.254239599002
14565.0,45.244049072265625,6.801558971405029,5194.537821537
14566.0,4.082935333251953,0.9156277179718018,5194.817317509005
14567.0,33.747825622558594,4.564156532287598,5195.1217944730015
14568.0,9.393077850341797,2.2510180473327637,5195.42410192301
14569.0,14.867391586303711,3.114691972732544,5195.726068518008
14570.0,26.076068878173828,3.8852434158325195,5196.026318678007
14571.0,23.846820831298828,3.7938730716705322,5196.320237841006
14572.0,13.85460090637207,2.725125312805176,5196.5993839110015
14573.0,9.259529113769531,2.171142101287842,5196.8894640940125
14574.0,9.211315155029297,2.0773699283599854,5197.191466723001
14575.0,23.926040649414062,4.081629276275635,5197.494803258
14576.0,5.7446441650390625,1.4260834455490112,5197.797846463
14577.0,15.731443405151367,2.9771134853363037,5198.082790065004
14578.0,4.700939178466797,1.1386628150939941,5198.378204923007
14579.0,19.656169891357422,3.208155632019043,5198.673594062013
14580.0,35.896522521972656,4.976222515106201,5198.963247697
14581.0,15.341951370239258,2.566622734069824,5199.245608704005
14582.0,6.5134077072143555,1.4444459676742554,5199.543500719999
14583.0,40.74663543701172,5.672150135040283,5199.843117542012
14584.0,13.553817749023438,2.131070613861084,5200.132044203012
14585.0,22.455551147460938,4.2177581787109375,5200.4361392710125
14586.0,23.918060302734375,2.8500986099243164,5200.720175323004
14587.0,28.49957275390625,4.3447113037109375,5201.008065484013
14588.0,8.35358715057373,1.9985740184783936,5201.317628653007
14589.0,45.874603271484375,6.194026947021484,5201.599065776012
14590.0,7.155294418334961,1.927354335784912,5201.902600141009
14591.0,21.469743728637695,3.6595773696899414,5202.19478417901
14592.0,10.151630401611328,1.8137941360473633,5202.492416338006
14593.0,2.9048237800598145,0.7434792518615723,5202.776764983006
14594.0,23.53252601623535,4.20247745513916,5203.0635116470075
14595.0,5.226365089416504,1.3430043458938599,5203.366425647007
14596.0,57.591949462890625,7.502299785614014,5203.655116251
14597.0,53.90821075439453,6.98928165435791,5203.95205888401
14598.0,7.91949462890625,1.9449201822280884,5204.249305976002
14599.0,5.851637363433838,1.3208383321762085,5204.560190866003
14600.0,11.07441520690918,2.7768168449401855,5204.847015604013
14601.0,10.260665893554688,2.6976213455200195,5210.89297171701
14602.0,13.891868591308594,2.959348201751709,5211.1809425350075
14603.0,11.446001052856445,2.2930846214294434,5211.478444406006
14604.0,12.103187561035156,2.740485906600952,5211.763930882007
14605.0,10.112822532653809,2.032909870147705,5212.0539315740025
14606.0,6.109999656677246,1.614076852798462,5212.352553986013
14607.0,31.6124267578125,5.370962619781494,5212.642372344999
14608.0,9.878260612487793,2.3013274669647217,5212.940020861002
14609.0,6.981770038604736,1.778095006942749,5213.2381785010075
14610.0,24.995101928710938,3.147960901260376,5213.526034857001
14611.0,17.342016220092773,2.9552581310272217,5213.81558301601
14612.0,13.965749740600586,2.6429378986358643,5214.110507392004
14613.0,81.46855163574219,8.846238136291504,5214.3937184420065
14614.0,8.591157913208008,2.103546142578125,5214.696085297008
14615.0,79.67459869384766,13.22411823272705,5215.003917829003
14616.0,2.9829540252685547,0.7742859721183777,5215.29808492701
14617.0,9.143926620483398,2.0232226848602295,5215.592483918008
14618.0,7.3975090980529785,2.1858608722686768,5215.87691895201
14619.0,6.067935943603516,1.4579159021377563,5216.167224015007
14620.0,11.732431411743164,2.3655576705932617,5216.4470883210015
14621.0,7.878451347351074,1.4789574146270752,5216.747794835013
14622.0,11.165786743164062,2.5819411277770996,5217.047655251008
14623.0,10.48888874053955,2.110846519470215,5217.350525983013
14624.0,8.53038501739502,2.114973783493042,5217.644601755004
14625.0,9.430875778198242,2.5925281047821045,5217.938069431999
14626.0,19.751556396484375,3.3268139362335205,5218.241904955008
14627.0,8.849206924438477,2.2944726943969727,5218.5432287170115
14628.0,17.096176147460938,3.681565999984741,5218.867194285005
14629.0,4.564422130584717,1.3708351850509644,5219.163535609012
14630.0,17.83173370361328,3.527557134628296,5219.451328456009
14631.0,6.31883430480957,1.5586326122283936,5219.751859793003
14632.0,15.730585098266602,3.264420747756958,5220.040533666004
14633.0,4.501014709472656,1.1118470430374146,5220.337002715009
14634.0,16.469554901123047,2.474736452102661,5220.650771908011
14635.0,5.287319183349609,1.240444540977478,5220.9574438420095
14636.0,10.436418533325195,2.216539144515991,5221.269246865006
14637.0,4.0479326248168945,1.1832237243652344,5221.560652758009
14638.0,32.09834671020508,7.534955024719238,5221.849380994012
14639.0,48.51678466796875,6.156668663024902,5222.149063776
14640.0,13.133075714111328,2.5246713161468506,5222.456548645001
14641.0,6.611685276031494,1.920003056526184,5222.763309850008
14642.0,9.102120399475098,2.2520928382873535,5223.073464874004
14643.0,9.027547836303711,1.9634959697723389,5223.472918446001
14644.0,5.142904758453369,1.2151471376419067,5223.773862337999
14645.0,33.94446563720703,5.432163238525391,5224.074932361007
14646.0,11.408809661865234,2.4541475772857666,5224.3711836110015
14647.0,20.006141662597656,3.3833234310150146,5224.682192223001
14648.0,5.327358245849609,1.458618402481079,5224.996902191007
14649.0,11.586284637451172,2.355057716369629,5225.292224072007
14650.0,9.268332481384277,2.299924373626709,5225.593221016999
14651.0,6.3707594871521,1.369823694229126,5225.888931152003
14652.0,16.64495849609375,3.0215890407562256,5226.174529881013
14653.0,8.136053085327148,1.7182705402374268,5226.482498204001
14654.0,4.871318340301514,1.2637689113616943,5226.766885242003
14655.0,26.672134399414062,4.828495502471924,5227.06362772001
14656.0,4.08798360824585,1.0625261068344116,5227.4227864060085
14657.0,22.953948974609375,3.6238157749176025,5227.7308202880085
14658.0,4.877270698547363,1.4590072631835938,5228.03909332701
14659.0,22.868282318115234,3.874847650527954,5228.357664924013
14660.0,5.02988338470459,1.354565143585205,5228.668149202
14661.0,15.60165023803711,2.5386016368865967,5228.940201457008
14662.0,16.913776397705078,3.288517951965332,5229.22886122101
14663.0,7.600797653198242,2.3241560459136963,5229.511122768003
14664.0,26.067108154296875,4.421823978424072,5229.828418685007
14665.0,15.3770112991333,2.8311593532562256,5230.139224122002
14666.0,4.062311172485352,1.0455358028411865,5230.432038279003
14667.0,5.203548431396484,1.2307393550872803,5230.727005644003
14668.0,11.595846176147461,2.2615184783935547,5231.02403282201
14669.0,17.7159366607666,3.097900629043579,5231.322855967999
14670.0,9.545190811157227,1.759089708328247,5231.605405196009
14671.0,4.463436126708984,1.1170248985290527,5231.887324816009
14672.0,18.21299171447754,2.553851366043091,5232.179131098004
14673.0,3.7460837364196777,0.9563887715339661,5232.4895552080125
14674.0,16.103866577148438,2.894104242324829,5232.804332667001
14675.0,2.320305347442627,0.628674328327179,5233.098987171004
14676.0,23.546852111816406,3.6275010108947754,5233.428374962008
14677.0,4.8311028480529785,1.4118825197219849,5233.751306364007
14678.0,11.646791458129883,2.547351121902466,5234.046286825003
14679.0,8.557286262512207,1.8644275665283203,5234.353605720011
14680.0,12.544464111328125,2.5521247386932373,5234.666011373003
14681.0,4.083734035491943,1.045183539390564,5234.982045729004
14682.0,5.352396488189697,1.3419597148895264,5235.2789356310095
14683.0,5.714704990386963,1.4962009191513062,5235.575572973001
14684.0,42.85934066772461,6.180873394012451,5235.889249372005
14685.0,6.467308044433594,1.5298833847045898,5236.17383410201
14686.0,4.425632476806641,1.2086765766143799,5236.469454398
14687.0,10.366617202758789,2.2014687061309814,5236.756906834009
14688.0,14.49903392791748,3.3295958042144775,5237.05099544501
14689.0,56.457542419433594,7.267117500305176,5237.361788564012
14690.0,5.461663722991943,1.5544317960739136,5237.647809938004
14691.0,81.39730072021484,7.941614151000977,5237.936622935013
14692.0,6.6988139152526855,1.785994052886963,5238.248098067008
14693.0,14.275344848632812,2.5736427307128906,5238.558293027003
14694.0,23.18276023864746,3.6622445583343506,5238.873097386007
14695.0,16.282848358154297,3.4695076942443848,5239.157520816007
14696.0,8.261390686035156,1.6336803436279297,5239.451937582009
14697.0,7.087464332580566,1.6937506198883057,5239.747400288004
14698.0,4.372236728668213,1.2171344757080078,5240.037338546012
14699.0,16.85340118408203,3.2115917205810547,5240.329052464003
14700.0,7.2535834312438965,2.045940637588501,5240.638992787004
14701.0,5.543912410736084,1.4204012155532837,5246.975722174
14702.0,10.45705795288086,1.836141586303711,5247.267356334007
14703.0,12.941744804382324,2.4013631343841553,5247.556705317009
14704.0,41.95391845703125,8.494426727294922,5247.838258502001
14705.0,11.644625663757324,2.370392322540283,5248.133344578004
14706.0,20.836563110351562,3.3874266147613525,5248.411599308005
14707.0,5.996758460998535,1.3285114765167236,5248.709159077
14708.0,61.873268127441406,8.538444519042969,5248.987766858001
14709.0,7.479185104370117,1.7910047769546509,5249.278578852012
14710.0,7.177953720092773,1.644781470298767,5249.596168910008
14711.0,17.744831085205078,3.0661861896514893,5249.906017949004
14712.0,10.013603210449219,2.555485248565674,5250.239983198
14713.0,7.906529426574707,1.8473894596099854,5250.526567040011
14714.0,11.180932998657227,2.4589078426361084,5250.82282269001
14715.0,21.39124298095703,3.607473850250244,5251.119836854006
14716.0,94.52607727050781,14.681753158569336,5251.415622328001
14717.0,24.893997192382812,4.287708759307861,5251.708187305005
14718.0,8.15188217163086,1.6848115921020508,5252.000001197011
14719.0,17.25373649597168,3.260202169418335,5252.311733218012
14720.0,9.127347946166992,2.32631254196167,5252.616081758999
14721.0,6.129796981811523,1.5477255582809448,5252.912079441012
14722.0,10.338130950927734,1.9801487922668457,5253.226347033007
14723.0,8.607008934020996,2.6554312705993652,5253.5210357920005
14724.0,4.549651145935059,1.078651785850525,5253.812010714013
14725.0,41.34157180786133,5.572983264923096,5254.120619902009
14726.0,4.080361366271973,1.0389970541000366,5254.420556564
14727.0,19.377704620361328,3.1499171257019043,5254.712551439006
14728.0,36.36437225341797,5.584615707397461,5255.021525110002
14729.0,42.67113494873047,5.733587741851807,5255.331241277003
14730.0,5.394292831420898,1.3862040042877197,5255.645244304003
14731.0,11.35602855682373,3.1947414875030518,5255.944658327004
14732.0,4.8916473388671875,1.184356451034546,5256.253179606007
14733.0,4.778925895690918,1.1714367866516113,5256.573827768007
14734.0,30.488876342773438,4.7525715827941895,5256.858010996002
14735.0,10.82492733001709,1.9609122276306152,5257.152836985013
14736.0,3.1126937866210938,0.8404492139816284,5257.439837004
14737.0,15.690363883972168,2.7507383823394775,5257.771197688009
14738.0,5.189696788787842,1.637313723564148,5258.0868318020075
14739.0,19.9447021484375,2.3851404190063477,5258.425281529009
14740.0,5.269124507904053,1.4988809823989868,5258.726494146002
14741.0,15.02706527709961,2.5840489864349365,5259.038625376008
14742.0,7.158135414123535,1.774194598197937,5259.352781213005
14743.0,2.7785181999206543,0.7166939377784729,5259.669217576011
14744.0,8.894654273986816,1.7999897003173828,5259.9542767390085
14745.0,77.11265563964844,7.8724517822265625,5260.237686272012
14746.0,16.729625701904297,3.074860095977783,5260.516690113
14747.0,11.475024223327637,2.4304394721984863,5260.807114984011
14748.0,7.136216163635254,1.821376919746399,5261.094346637008
14749.0,18.742036819458008,3.529106378555298,5261.400412701012
14750.0,33.887229919433594,7.093255996704102,5261.6998512280115
14751.0,19.047388076782227,3.759188652038574,5261.987489720006
14752.0,5.866332054138184,1.7664573192596436,5262.272511027011
14753.0,16.959306716918945,3.726928949356079,5262.56607433001
14754.0,19.12521743774414,3.5226223468780518,5262.861675379012
14755.0,9.014326095581055,2.339228391647339,5263.1992750540085
14756.0,5.4191999435424805,1.3290841579437256,5263.484805152009
14757.0,4.365769386291504,1.1237976551055908,5263.799443157011
14758.0,4.188658237457275,1.0747261047363281,5264.117923103011
14759.0,7.651834487915039,1.9737110137939453,5264.420632041001
14760.0,8.038934707641602,2.4523258209228516,5264.726223649006
14761.0,12.621971130371094,2.3736722469329834,5265.017792399012
14762.0,4.701231002807617,1.191096305847168,5265.328321194
14763.0,7.054808616638184,1.423829197883606,5265.645610226013
14764.0,12.097651481628418,2.798299551010132,5265.9301738409995
14765.0,8.293012619018555,2.527052402496338,5266.23054573001
14766.0,15.288125991821289,3.3466405868530273,5266.540280504007
14767.0,24.194290161132812,3.8568482398986816,5266.825855253002
14768.0,61.09280776977539,6.948765277862549,5267.1335437310045
14769.0,13.14387321472168,2.835000991821289,5267.447800135007
14770.0,18.54666519165039,3.4756250381469727,5267.771701859005
14771.0,25.93624496459961,4.111990451812744,5268.058522636013
14772.0,14.549025535583496,3.313286066055298,5268.355177828009
14773.0,6.644721984863281,1.4628089666366577,5268.646943030006
14774.0,10.954967498779297,2.4407565593719482,5268.936148426001
14775.0,24.63451385498047,4.3631792068481445,5269.233697461008
14776.0,8.258820533752441,2.3412654399871826,5269.529262004013
14777.0,9.812030792236328,2.3610057830810547,5269.821336979003
14778.0,5.621270179748535,1.2163735628128052,5270.127442935001
14779.0,46.383819580078125,5.362050533294678,5270.43850707401
14780.0,6.263772487640381,1.6838163137435913,5270.747661865011
14781.0,16.127155303955078,2.5125081539154053,5271.0526703610085
14782.0,12.451889991760254,2.905623435974121,5271.369739411006
14783.0,6.952994346618652,1.5249758958816528,5271.665215386005
14784.0,3.0144011974334717,0.7196915149688721,5271.963889897001
14785.0,51.84396743774414,6.001072406768799,5272.251521440005
14786.0,10.127727508544922,2.1497926712036133,5272.551026074012
14787.0,28.742530822753906,4.671990871429443,5272.8270812460105
14788.0,19.12222671508789,3.4446403980255127,5273.129636399011
14789.0,18.731836318969727,3.7361795902252197,5273.4408550890075
14790.0,8.418777465820312,1.6837105751037598,5273.77690021701
14791.0,5.994356632232666,1.4677364826202393,5274.111855194002
14792.0,10.303262710571289,2.072221040725708,5274.406668612006
14793.0,13.704748153686523,2.4389395713806152,5274.699700437006
14794.0,14.442956924438477,2.7736902236938477,5274.994084670005
14795.0,44.092124938964844,4.905044078826904,5275.292586814001
14796.0,17.524307250976562,3.0172064304351807,5275.585808144009
14797.0,46.79862976074219,5.940402030944824,5275.875204972006
14798.0,10.48128890991211,2.465061664581299,5276.165779776013
14799.0,4.792937278747559,1.1777558326721191,5276.457784421
14800.0,13.373274803161621,2.4314987659454346,5276.748794235013
14801.0,5.040530204772949,1.5446540117263794,5282.692368991004
14802.0,33.944725036621094,6.89268684387207,5282.994153007006
14803.0,13.3661470413208,2.9836902618408203,5283.283001077012
14804.0,36.32374572753906,5.158253192901611,5283.5894575460115
14805.0,10.684249877929688,2.3627781867980957,5283.888861559011
14806.0,5.030868053436279,1.3335952758789062,5284.176188834012
14807.0,4.911139488220215,1.268554449081421,5284.467563811006
14808.0,12.005403518676758,2.1696698665618896,5284.787667796001
14809.0,19.551923751831055,3.924802303314209,5285.080412924013
14810.0,8.781063079833984,1.9065873622894287,5285.385660376007
14811.0,10.409436225891113,2.040764570236206,5285.687040117002
14812.0,4.460880756378174,1.2177177667617798,5285.998221320013
14813.0,4.254284381866455,1.0318286418914795,5286.283080751004
14814.0,5.5386061668396,1.494866967201233,5286.594438685002
14815.0,31.261812210083008,3.339533805847168,5286.912064453005
14816.0,18.601655960083008,3.1790199279785156,5287.206157891007
14817.0,12.040014266967773,2.427428960800171,5287.486287528009
14818.0,11.270233154296875,2.3766918182373047,5287.787202985011
14819.0,92.00700378417969,10.48481559753418,5288.1389149680035
14820.0,4.352664947509766,1.0988061428070068,5288.461255437011
14821.0,7.980368614196777,1.771866798400879,5288.766011807005
14822.0,14.928035736083984,2.840533971786499,5289.083286485009
14823.0,79.44744873046875,8.229086875915527,5289.382510561001
14824.0,20.042449951171875,3.838493585586548,5289.681204547
14825.0,8.11273193359375,1.919504165649414,5289.969274747011
14826.0,13.078530311584473,2.751929521560669,5290.256334491001
14827.0,6.347206115722656,1.6976885795593262,5290.536355386008
14828.0,13.719040870666504,2.855954170227051,5290.819523300001
14829.0,15.980813980102539,3.516913652420044,5291.101172778013
14830.0,3.9316341876983643,1.1029927730560303,5291.429279069009
14831.0,11.297712326049805,2.266566038131714,5291.751957079003
14832.0,5.633546829223633,1.4241797924041748,5292.05646456001
14833.0,5.968900680541992,1.3451424837112427,5292.339193386011
14834.0,25.534828186035156,3.793883800506592,5292.637682507004
14835.0,54.39069747924805,6.84436559677124,5292.964669160006
14836.0,25.80054473876953,4.5140485763549805,5293.282606395005
14837.0,17.828371047973633,2.865586042404175,5293.589620776009
14838.0,47.807029724121094,5.530738830566406,5293.899533012009
14839.0,34.98529052734375,5.462362289428711,5294.205981725012
14840.0,20.533634185791016,3.2800657749176025,5294.5195882940025
14841.0,56.799278259277344,5.892280101776123,5294.82270049701
14842.0,23.13188934326172,3.759119749069214,5295.108796236003
14843.0,4.962353706359863,1.1410017013549805,5295.40758186701
14844.0,27.07027816772461,4.34870719909668,5295.700310200002
14845.0,9.129071235656738,1.8697865009307861,5296.002338064005
14846.0,5.246637344360352,1.2406295537948608,5296.283832887013
14847.0,15.574445724487305,2.669466257095337,5296.6031447640125
14848.0,13.937689781188965,2.979954481124878,5296.919238845003
14849.0,9.49655532836914,1.9599058628082275,5297.2256094800105
14850.0,11.213627815246582,2.1862940788269043,5297.518504962005
14851.0,23.45477294921875,3.8096227645874023,5297.805605367001
14852.0,10.352666854858398,1.6330503225326538,5298.113243478001
14853.0,20.408567428588867,3.801499128341675,5298.405524936999
14854.0,13.90109634399414,3.1434566974639893,5298.69321242701
14855.0,5.910261154174805,1.574308156967163,5298.99394152101
14856.0,3.5466055870056152,0.9384557008743286,5299.332198052012
14857.0,8.927736282348633,1.8677644729614258,5299.619558851002
14858.0,11.248748779296875,2.82724666595459,5299.937722318005
14859.0,11.0803804397583,2.819668769836426,5300.238301639009
14860.0,7.1594438552856445,1.6627830266952515,5300.550851549007
14861.0,34.8631477355957,5.7158989906311035,5300.8421103069995
14862.0,10.673198699951172,2.488645315170288,5301.136910443005
14863.0,5.399698734283447,1.4046480655670166,5301.43700111701
14864.0,13.0860595703125,3.098351240158081,5301.769121301011
14865.0,31.467010498046875,3.1308200359344482,5302.05376096
14866.0,25.558271408081055,4.129601955413818,5302.357947070006
14867.0,16.475460052490234,2.6131534576416016,5302.647105886004
14868.0,13.500022888183594,3.035008430480957,5302.924263177003
14869.0,17.528106689453125,3.3817288875579834,5303.22359959301
14870.0,26.276165008544922,3.892507553100586,5303.508645973008
14871.0,6.630239486694336,1.3243775367736816,5303.805958157012
14872.0,16.653541564941406,3.023865222930908,5304.0896723270125
14873.0,5.69024133682251,1.383217453956604,5304.407141887001
14874.0,7.569977760314941,1.7228318452835083,5304.689492575999
14875.0,13.70280647277832,2.773026466369629,5305.002188445011
14876.0,6.589268684387207,1.7805633544921875,5305.299469350008
14877.0,6.663562297821045,1.8562989234924316,5305.589793658
14878.0,14.107898712158203,2.591276168823242,5305.889064399002
14879.0,8.772990226745605,2.0529983043670654,5306.18843521901
14880.0,7.743821144104004,1.8481509685516357,5306.4780329460045
14881.0,11.353425979614258,2.1324117183685303,5306.765917211
14882.0,4.103747367858887,1.02696692943573,5307.0640428930055
14883.0,88.64806365966797,9.518702507019043,5307.360782436008
14884.0,5.620047092437744,1.3366669416427612,5307.676499289999
14885.0,7.6367340087890625,2.0515453815460205,5307.981846800001
14886.0,12.980011940002441,2.7116940021514893,5308.290545980999
14887.0,4.8433637619018555,1.1972652673721313,5308.618187520013
14888.0,5.5490570068359375,1.3753702640533447,5308.906842600001
14889.0,5.194291591644287,1.3924016952514648,5309.232148847004
14890.0,13.877445220947266,3.219923496246338,5309.547586453002
14891.0,6.733893394470215,1.7336795330047607,5309.866193647002
14892.0,14.179132461547852,2.8373987674713135,5310.174219769004
14893.0,11.944669723510742,2.5192556381225586,5310.483001237008
14894.0,15.815601348876953,2.882175922393799,5310.78843628701
14895.0,5.447242736816406,1.6387429237365723,5311.092107654011
14896.0,4.882847309112549,1.2752232551574707,5311.396632979013
14897.0,4.57798957824707,1.1437042951583862,5311.710526265
14898.0,6.9166669845581055,1.6189528703689575,5312.006029167009
14899.0,5.118969917297363,1.2898707389831543,5312.304022013006
14900.0,19.048805236816406,3.9102509021759033,5312.590393680002
14901.0,4.221264839172363,1.042769432067871,5318.691305259999
14902.0,18.719802856445312,3.0473713874816895,5318.9874996380095
14903.0,8.24490737915039,1.9563289880752563,5319.277435356009
14904.0,13.684951782226562,2.7621796131134033,5319.572598090002
14905.0,4.743999481201172,1.2958660125732422,5319.865749949007
14906.0,6.068032264709473,1.551126480102539,5320.159217970009
14907.0,13.011920928955078,1.8364506959915161,5320.463480149003
14908.0,5.280861854553223,1.4024444818496704,5320.759787795003
14909.0,4.210014343261719,1.0562007427215576,5321.044619232009
14910.0,4.813440322875977,1.1198170185089111,5321.38125786501
14911.0,4.220935344696045,1.3428856134414673,5321.685621152006
14912.0,17.48999786376953,3.1925861835479736,5321.974617125001
14913.0,5.3687663078308105,1.3845692873001099,5322.292940309009
14914.0,12.493380546569824,2.375709295272827,5322.602377361007
14915.0,5.67216682434082,1.343876838684082,5322.886860125
14916.0,51.70481872558594,6.742922306060791,5323.183285626001
14917.0,7.652103424072266,1.9804413318634033,5323.465950017009
14918.0,6.005535125732422,1.5689876079559326,5323.747679687003
14919.0,61.31546401977539,6.853732585906982,5324.048470684007
14920.0,10.548377990722656,2.134455442428589,5324.340803746003
14921.0,24.47671890258789,6.20138692855835,5324.627773649001
14922.0,4.5139594078063965,1.3257442712783813,5324.946950444006
14923.0,4.750694274902344,1.1882466077804565,5325.224701599
14924.0,20.635141372680664,3.1666526794433594,5325.51042055701
14925.0,16.958215713500977,3.3159396648406982,5325.794796784001
14926.0,18.532424926757812,3.255331516265869,5326.073550910005
14927.0,14.436198234558105,2.7058801651000977,5326.365898495002
14928.0,5.783238887786865,1.4992930889129639,5326.674551697011
14929.0,10.884637832641602,1.9880610704421997,5326.973739104011
14930.0,9.520967483520508,1.9442687034606934,5327.276230747011
14931.0,17.617431640625,2.7279953956604004,5327.576224113
14932.0,7.496339321136475,1.8434159755706787,5327.872647189011
14933.0,52.79863739013672,6.701475143432617,5328.187983734009
14934.0,16.69316864013672,3.545325517654419,5328.507718679
14935.0,58.59235382080078,6.499835968017578,5328.834751884002
14936.0,11.110544204711914,2.358214855194092,5329.122550016007
14937.0,4.382025718688965,1.0995348691940308,5329.409381973004
14938.0,19.98064422607422,3.058807849884033,5329.710804901013
14939.0,11.37468147277832,2.4163320064544678,5329.999566516999
14940.0,2.770864963531494,0.767505407333374,5330.314528868999
14941.0,22.251983642578125,3.5747716426849365,5330.616310270008
14942.0,2.8293495178222656,0.7824894785881042,5330.902124343003
14943.0,16.066539764404297,2.871206045150757,5331.197430581
14944.0,60.35018539428711,7.343810081481934,5331.500102886013
14945.0,8.611983299255371,1.8652509450912476,5331.794731266011
14946.0,9.056280136108398,2.0116841793060303,5332.093319360007
14947.0,103.29256439208984,14.746170997619629,5332.395500301005
14948.0,25.164920806884766,4.300714015960693,5332.690201013
14949.0,17.851558685302734,3.740225076675415,5332.990939084004
14950.0,7.81441593170166,1.8560469150543213,5333.287542927006
14951.0,6.319958686828613,1.9244320392608643,5333.574219189002
14952.0,10.032798767089844,2.726311683654785,5333.8786766350095
14953.0,14.06361198425293,2.500883102416992,5334.17556819001
14954.0,9.216839790344238,1.9088987112045288,5334.482388299002
14955.0,4.136865615844727,0.960045337677002,5334.764957517007
14956.0,4.97000789642334,1.5385704040527344,5335.05913242801
14957.0,7.524702072143555,1.52911376953125,5335.353406829003
14958.0,3.731384754180908,1.0078692436218262,5335.642025731009
14959.0,10.024270057678223,2.3394999504089355,5335.944396116
14960.0,7.268220901489258,1.6532503366470337,5336.264602325013
14961.0,4.357943058013916,0.9961589574813843,5336.546366380004
14962.0,13.278895378112793,2.3780605792999268,5336.8432056750025
14963.0,4.320624828338623,1.1392226219177246,5337.130751131001
14964.0,16.102279663085938,2.700305223464966,5337.445117856012
14965.0,3.8281898498535156,0.9842050075531006,5337.74893610501
14966.0,8.207052230834961,1.8571480512619019,5338.064142988005
14967.0,4.939945220947266,1.4919044971466064,5338.361035803013
14968.0,7.353266716003418,1.9503169059753418,5338.665214995999
14969.0,11.835644721984863,2.1432149410247803,5338.964145980004
14970.0,19.93761444091797,3.3040459156036377,5339.252075150012
14971.0,16.873699188232422,2.7649385929107666,5339.556853263013
14972.0,6.023220062255859,1.7356961965560913,5339.849491112007
14973.0,18.636524200439453,3.4897992610931396,5340.153730648002
14974.0,10.745556831359863,2.1956024169921875,5340.4822483060125
14975.0,8.280624389648438,2.039337158203125,5340.78534242601
14976.0,56.50177001953125,7.185593605041504,5341.071706545001
14977.0,13.206506729125977,2.6387453079223633,5341.374160798005
14978.0,16.190082550048828,2.9616141319274902,5341.662316951013
14979.0,6.208794593811035,1.707572340965271,5341.956821755011
14980.0,14.320526123046875,2.8560214042663574,5342.24784637001
14981.0,15.006829261779785,2.745406150817871,5342.532897867
14982.0,14.735715866088867,2.9103221893310547,5342.858194405999
14983.0,9.63199234008789,1.8889352083206177,5343.147856893003
14984.0,8.561929702758789,2.4956181049346924,5343.430251156009
14985.0,9.681106567382812,2.4099512100219727,5343.721928831001
14986.0,6.256931304931641,1.3913604021072388,5344.031748942012
14987.0,27.974332809448242,3.0906898975372314,5344.350201105
14988.0,7.710264205932617,2.193713426589966,5344.635734290001
14989.0,29.31151580810547,3.819913148880005,5344.931780974002
14990.0,8.220539093017578,2.055964469909668,5345.2332845580095
14991.0,7.032312393188477,1.5313091278076172,5345.524046089005
14992.0,12.114248275756836,2.409951686859131,5345.851619281006
14993.0,22.2257022857666,3.7292988300323486,5346.153981296011
14994.0,11.718290328979492,2.563391923904419,5346.450284710008
14995.0,10.031158447265625,1.5268558263778687,5346.757619944008
14996.0,21.308000564575195,3.373537540435791,5347.055090794005
14997.0,17.295175552368164,3.4802401065826416,5347.387077015999
14998.0,6.862157821655273,1.5499485731124878,5347.690097205006
14999.0,19.25490379333496,3.714963674545288,5347.974539282004
15000.0,24.61795425415039,4.147671222686768,5348.275457823009
