step,loss,epe,elapsed_seconds
1.0,4399.84033203125,132.24484252929688,2.1172082840057556
2.0,4457.44189453125,133.62181091308594,2.215522503000102
3.0,4464.81396484375,134.63491821289062,2.3106751409941353
4.0,4068.641845703125,126.36854553222656,2.3997287600068375
5.0,5678.83935546875,158.7643585205078,2.518217659002403
6.0,5749.1328125,159.30465698242188,2.6277493609959492
7.0,4243.853515625,129.5542755126953,2.742225893001887
8.0,4191.3818359375,127.65486145019531,2.850309451998328
9.0,4603.7666015625,134.8104248046875,2.9564037910022307
10.0,4735.451171875,144.0999755859375,3.058165024005575
11.0,4728.71923828125,138.91806030273438,3.1625967900035903
12.0,5584.00244140625,159.9031524658203,3.2643967290059663
13.0,4339.72998046875,129.99107360839844,3.563900861001457
14.0,5408.0,156.5850372314453,3.695498522996786
15.0,5401.92578125,155.82901000976562,3.7995075399958296
16.0,4320.23046875,136.99099731445312,3.895169741997961
17.0,2906.923828125,100.20709991455078,4.015134462999413
18.0,3610.65576171875,122.94036102294922,4.131020818997058
19.0,2362.783935546875,93.03462982177734,4.234980409004493
20.0,2487.920654296875,94.79447174072266,4.345397386001423
21.0,1954.5804443359375,83.51738739013672,4.456782474007923
22.0,1823.56005859375,82.88005828857422,4.574146690996713
23.0,2262.962158203125,90.64065551757812,4.6895855059992755
24.0,1786.83984375,81.32022094726562,4.801909041998442
25.0,2148.40576171875,93.58009338378906,4.930973583002924
26.0,1607.6531982421875,71.11138153076172,5.047791359000257
27.0,1233.371826171875,64.29521942138672,5.168874259994482
28.0,1159.54443359375,60.25625228881836,5.291342979995534
29.0,1736.1929931640625,80.10638427734375,5.403941837997991
30.0,812.266845703125,48.54582214355469,5.550371630000882
31.0,1333.6871337890625,70.21387481689453,5.673820033000084
32.0,704.078125,48.626129150390625,5.788856544997543
33.0,302.167236328125,28.29611587524414,5.9224366120033665
34.0,457.458740234375,36.475799560546875,6.043095572007587
35.0,807.3692016601562,52.54629135131836,6.189574269999866
36.0,832.0712890625,54.08024978637695,6.297951865999494
37.0,635.1019897460938,43.5989875793457,6.405306619999465
38.0,661.233154296875,44.93087387084961,6.523402820996125
39.0,745.42431640625,47.41100311279297,6.697677655000007
40.0,623.0011596679688,37.74467086791992,6.821775000993512
41.0,393.2929992675781,32.17595291137695,6.936622613997315
42.0,349.514404296875,30.33400535583496,7.05171723300009
43.0,535.17138671875,35.619590759277344,7.211688242998207
44.0,788.938720703125,47.41672897338867,7.338136813996243
45.0,542.9140625,42.01469039916992,7.449475985005847
46.0,338.19659423828125,31.1200008392334,7.58227493299637
47.0,685.4867553710938,46.40032196044922,7.6959753340051975
48.0,973.3035888671875,55.254661560058594,7.8223877790005645
49.0,442.306884765625,32.842308044433594,7.959342275004019
50.0,662.6904296875,40.32501983642578,8.081413975000032
51.0,599.440185546875,39.23194122314453,8.21485057999962
52.0,441.9826965332031,35.25682830810547,8.342777532001492
53.0,473.3651123046875,37.1710319519043,8.494114850007463
54.0,550.847900390625,37.63027572631836,8.62284163699951
55.0,411.322021484375,35.079891204833984,8.733499573994777
56.0,521.341796875,38.309513092041016,8.845061123007326
57.0,107.808837890625,15.756885528564453,8.962776496002334
58.0,478.9723815917969,36.230133056640625,9.098696033994202
59.0,511.54180908203125,40.530677795410156,9.241568771001766
60.0,280.177734375,27.404111862182617,9.411910342998453
61.0,521.1422119140625,37.48230743408203,9.522076858003857
62.0,492.0758972167969,39.124786376953125,9.63070176000474
63.0,523.2123413085938,42.593570709228516,9.752411724999547
64.0,569.5546875,40.55421829223633,9.876391956000589
65.0,437.89935302734375,36.60881423950195,9.994435485001304
66.0,452.2307434082031,33.11039733886719,10.134762747999048
67.0,251.18218994140625,26.30342674255371,10.24230757499754
68.0,170.9746856689453,21.311622619628906,10.358596466001472
69.0,408.7186584472656,31.847482681274414,10.479680295000435
70.0,317.367431640625,28.740692138671875,10.592599139999948
71.0,300.07598876953125,24.262733459472656,10.699355061005917
72.0,495.7959289550781,39.77017593383789,10.821057719003875
73.0,411.0675048828125,34.58675765991211,10.96181959399837
74.0,316.5418395996094,30.48340606689453,11.074343379004858
75.0,407.2856140136719,33.5042724609375,11.229868117006845
76.0,278.96990966796875,27.6939697265625,11.394566172995837
77.0,344.08270263671875,28.85664939880371,11.521704999002395
78.0,252.62831115722656,25.240808486938477,11.671106381007121
79.0,391.3883056640625,31.486833572387695,11.80612126000051
80.0,200.94496154785156,22.287464141845703,11.971531563001918
81.0,387.1468505859375,30.0019474029541,12.208079218995408
82.0,211.28245544433594,22.522560119628906,12.457031234996975
83.0,334.30206298828125,27.277315139770508,12.608357924007578
84.0,530.4501342773438,39.89565658569336,12.754002022003988
85.0,267.5450744628906,26.81574821472168,12.890284627006622
86.0,175.31124877929688,21.012847900390625,13.032420966002974
87.0,147.7384033203125,18.923978805541992,13.17480381000496
88.0,176.89544677734375,19.739580154418945,13.306177478996688
89.0,243.16049194335938,24.804157257080078,13.425309365004068
90.0,140.45220947265625,17.893461227416992,13.576568242002395
91.0,277.5725402832031,27.012025833129883,13.67664786700334
92.0,299.4051513671875,25.32868003845215,13.785078386994428
93.0,203.9432373046875,20.518840789794922,13.894281963002868
94.0,171.70509338378906,18.891197204589844,14.004389731999254
95.0,137.83309936523438,17.405412673950195,14.144643802006613
96.0,219.28421020507812,24.503929138183594,14.268010220999713
97.0,331.5306396484375,27.394733428955078,14.380343893004465
98.0,341.8939514160156,29.61110496520996,14.492032782000024
99.0,212.19361877441406,21.95170021057129,14.614535029002582
100.0,244.81625366210938,25.876930236816406,14.739403129002312
101.0,240.31039428710938,23.960899353027344,19.67297455300286
102.0,302.5897216796875,29.51963233947754,19.777678436003043
103.0,496.3994140625,41.01829528808594,19.9093916270067
104.0,298.10455322265625,29.472946166992188,20.02764379499422
105.0,112.46587371826172,15.377034187316895,20.141073267994216
106.0,165.7379608154297,20.512392044067383,20.25555457000155
107.0,208.74588012695312,23.67168426513672,20.39357125099923
108.0,187.58743286132812,21.46208953857422,20.520626326004276
109.0,117.50413513183594,15.690141677856445,20.63292009900033
110.0,192.8035430908203,21.953542709350586,20.743269205006072
111.0,173.37753295898438,20.496999740600586,20.86588454199955
112.0,156.16676330566406,18.257686614990234,20.998940560995834
113.0,121.69900512695312,16.572647094726562,21.10992778399668
114.0,332.2506408691406,31.52052116394043,21.22146580100525
115.0,223.55978393554688,18.924551010131836,21.32898362999549
116.0,85.09535217285156,12.992891311645508,21.43526673800079
117.0,366.93310546875,31.329803466796875,21.5414612970053
118.0,218.50985717773438,21.366565704345703,21.644104216000414
119.0,236.85301208496094,19.138526916503906,21.750122475001263
120.0,123.38327026367188,16.106386184692383,21.8576503170043
121.0,210.58230590820312,22.137248992919922,21.965309620005428
122.0,215.46121215820312,21.926729202270508,22.07578553899657
123.0,174.6043701171875,20.749950408935547,22.198198939004214
124.0,347.01007080078125,29.10749053955078,22.30743578399415
125.0,163.51214599609375,20.617809295654297,22.422866312001133
126.0,277.33709716796875,30.030881881713867,22.53325959200447
127.0,207.22962951660156,23.466964721679688,22.65468575799605
128.0,102.8238525390625,15.878198623657227,22.767659292003373
129.0,215.0506591796875,22.26982307434082,22.880476314996486
130.0,185.89328002929688,22.724985122680664,23.018944558003568
131.0,141.9184112548828,17.60541534423828,23.160311066996655
132.0,164.80825805664062,20.256757736206055,23.293410024998593
133.0,95.29481506347656,13.962516784667969,23.410314544002176
134.0,225.66085815429688,21.4969539642334,23.517540215005283
135.0,153.4077606201172,19.407581329345703,23.625765603996115
136.0,82.09654235839844,12.832825660705566,23.73196904800716
137.0,133.54922485351562,17.534038543701172,23.8422665889957
138.0,121.9466323852539,16.304420471191406,23.953396401004284
139.0,312.75244140625,29.204376220703125,24.06229375800467
140.0,155.33370971679688,18.88076400756836,24.178243522997946
141.0,291.5333557128906,29.694337844848633,24.293305134997354
142.0,70.20996856689453,11.499568939208984,24.423572255007457
143.0,166.11813354492188,19.567018508911133,24.56610250500671
144.0,65.98457336425781,10.92723274230957,24.730632452003192
145.0,161.54244995117188,19.326810836791992,24.846398534005857
146.0,289.96112060546875,30.536697387695312,24.955924331006827
147.0,146.59564208984375,18.82232093811035,25.07170158199733
148.0,127.49549865722656,17.01848602294922,25.17735634499695
149.0,136.8880615234375,17.816570281982422,25.285595377004938
150.0,149.02117919921875,16.31733512878418,25.413437490002252
151.0,175.7508087158203,20.6280574798584,25.523932233001688
152.0,300.2674255371094,25.896726608276367,25.632103408002877
153.0,109.39798736572266,15.625591278076172,25.754262618997018
154.0,179.25076293945312,19.909481048583984,25.870813408997492
155.0,197.11761474609375,22.49615478515625,25.983269846998155
156.0,259.12188720703125,23.09261703491211,26.098376499998267
157.0,168.1923065185547,20.39906883239746,26.217966591997538
158.0,133.30740356445312,17.745771408081055,26.33098044799408
159.0,92.52790832519531,14.101037979125977,26.461774694005726
160.0,179.27243041992188,21.129419326782227,26.580111786999623
161.0,321.48004150390625,29.676355361938477,26.694725348002976
162.0,132.971435546875,17.664827346801758,26.806211514995084
163.0,129.05099487304688,17.396804809570312,26.917305819995818
164.0,203.70211791992188,21.672096252441406,27.033535010996275
165.0,172.64039611816406,21.198410034179688,27.157870880997507
166.0,133.03843688964844,17.079296112060547,27.27297754099709
167.0,89.68643951416016,12.446675300598145,27.39030313800322
168.0,66.8434066772461,11.781855583190918,27.498492340004304
169.0,143.64767456054688,19.222919464111328,27.60383464700135
170.0,46.24887466430664,9.211122512817383,27.72572803699586
171.0,39.659183502197266,8.22701644897461,27.855360179994022
172.0,162.24240112304688,19.521451950073242,27.969770714000333
173.0,271.1502380371094,26.450973510742188,28.079570797999622
174.0,397.15960693359375,31.744293212890625,28.193239799002185
175.0,62.4563102722168,10.687573432922363,28.322294637997402
176.0,302.9854431152344,22.025196075439453,28.430553158003022
177.0,202.80038452148438,22.96510124206543,28.54673083900707
178.0,267.5448303222656,22.144397735595703,28.660519501005183
179.0,111.7862548828125,17.346181869506836,28.77956869499758
180.0,404.4798278808594,32.843360900878906,28.901155936007854
181.0,157.87921142578125,19.995790481567383,29.009325930994237
182.0,295.6629638671875,26.956851959228516,29.123521444998914
183.0,117.21036529541016,17.183115005493164,29.2361716269952
184.0,142.15853881835938,18.84486961364746,29.37774757099396
185.0,133.96588134765625,15.990357398986816,29.48248775700631
186.0,109.61836242675781,16.55868148803711,29.59287411600235
187.0,184.6068115234375,23.26712417602539,29.71499605900317
188.0,157.92617797851562,20.137916564941406,29.832165806001285
189.0,159.1019287109375,18.83646011352539,29.949048750000657
190.0,108.46543884277344,16.163331985473633,30.056739569001365
191.0,137.8651580810547,17.861740112304688,30.173858465001103
192.0,166.02145385742188,17.037296295166016,30.2920727180026
193.0,82.74151611328125,13.940190315246582,30.431482472995413
194.0,105.58821868896484,15.336286544799805,30.544169950007927
195.0,134.13194274902344,17.636987686157227,30.659801185000106
196.0,382.7618713378906,31.349872589111328,30.775715837007738
197.0,96.68011474609375,14.54788589477539,30.890303779000533
198.0,210.38851928710938,23.44109535217285,30.997798993994365
199.0,108.9093246459961,15.361581802368164,31.106966306993854
200.0,248.34765625,23.204570770263672,31.22009909899498
201.0,213.10321044921875,23.8002872467041,35.34161685399886
202.0,163.6360626220703,21.045825958251953,35.46764024499862
203.0,120.34796142578125,15.40347957611084,35.593511618993944
204.0,138.6414337158203,16.12649917602539,35.72780733500258
205.0,229.3147430419922,24.21831703186035,35.854519692002214
206.0,104.23151397705078,15.235984802246094,35.97275061199616
207.0,186.38735961914062,19.744844436645508,36.09103492699796
208.0,165.26248168945312,20.462244033813477,36.212249496995355
209.0,297.0909423828125,29.752885818481445,36.34859609999694
210.0,183.25128173828125,21.7691650390625,36.46827993000625
211.0,161.43911743164062,20.112531661987305,36.59165650700743
212.0,171.51956176757812,20.930761337280273,36.70796258699556
213.0,80.15220642089844,12.80895709991455,36.82527457800461
214.0,124.56632995605469,15.961772918701172,36.94731181699899
215.0,159.44058227539062,21.50269889831543,37.052590491002775
216.0,95.74455261230469,14.538241386413574,37.1738063399971
217.0,61.421756744384766,10.945313453674316,37.299013304000255
218.0,148.46212768554688,17.973840713500977,37.41444459700142
219.0,248.72671508789062,26.41225814819336,37.526869006003835
220.0,150.72406005859375,15.72895622253418,37.65751816400734
221.0,69.42132568359375,11.50206184387207,37.79271996600437
222.0,606.5869140625,38.83665466308594,37.91877956100507
223.0,438.47235107421875,41.10659408569336,38.03481405400089
224.0,285.1244812011719,26.95557403564453,38.175517284005764
225.0,156.58116149902344,19.750633239746094,38.2776487480005
226.0,151.6400146484375,16.267318725585938,38.392426791004254
227.0,207.23631286621094,21.561309814453125,38.50574566300202
228.0,258.10662841796875,29.301298141479492,38.616791107007884
229.0,116.10804748535156,17.19287109375,38.731046711996896
230.0,82.52151489257812,13.565601348876953,38.84618194200448
231.0,171.65664672851562,18.57187843322754,38.96850637800526
232.0,134.9363250732422,18.090709686279297,39.08495068899356
233.0,142.54061889648438,17.919376373291016,39.19286250199366
234.0,160.8027801513672,20.857145309448242,39.305849778000265
235.0,267.8765563964844,28.724517822265625,39.46055213100044
236.0,377.6973876953125,35.53278732299805,39.57686889699835
237.0,260.216796875,28.66818618774414,39.69402174100105
238.0,196.7633819580078,23.800491333007812,39.80541410000296
239.0,113.71124267578125,16.799551010131836,39.91611334400659
240.0,106.92922973632812,15.600399017333984,40.058172189994366
241.0,136.27227783203125,17.69424057006836,40.17374672999722
242.0,182.11502075195312,21.431541442871094,40.28319656099484
243.0,288.3282165527344,26.974824905395508,40.396134627007996
244.0,130.45347595214844,17.400794982910156,40.50750623400381
245.0,75.48050689697266,13.625262260437012,40.618584771000315
246.0,89.61141967773438,14.771296501159668,40.73750756299705
247.0,75.70507049560547,12.964437484741211,40.849989069
248.0,160.96170043945312,19.85205078125,40.967404697003076
249.0,146.5164794921875,15.801522254943848,41.08759933699912
250.0,106.41302490234375,14.755176544189453,41.19803964300081
251.0,44.26653289794922,8.335001945495605,41.30235288100084
252.0,106.20437622070312,15.172950744628906,41.41030657499505
253.0,123.14213562011719,16.1906795501709,41.51635116399848
254.0,133.09454345703125,17.578323364257812,41.62343710999994
255.0,144.03509521484375,19.383804321289062,41.740431565995095
256.0,56.35018539428711,10.963610649108887,41.85251542899641
257.0,140.07530212402344,17.96236228942871,41.96710606099805
258.0,106.7869873046875,15.693317413330078,42.075880050993874
259.0,100.46125030517578,14.318574905395508,42.193943719001254
260.0,202.001220703125,25.16988182067871,42.337919194003916
261.0,78.21000671386719,11.794297218322754,42.484728801005986
262.0,116.40916442871094,17.011329650878906,42.62440340100147
263.0,129.42462158203125,17.12299919128418,42.7570706569968
264.0,149.953125,19.016218185424805,42.92310982399795
265.0,90.68766784667969,13.961836814880371,43.03695738900569
266.0,130.130126953125,17.838672637939453,43.145987641997635
267.0,98.05751037597656,14.306779861450195,43.254854526996496
268.0,157.4951171875,19.636882781982422,43.39569576000213
269.0,158.5823211669922,19.557941436767578,43.511691327003064
270.0,71.83621978759766,12.513004302978516,43.62199318400235
271.0,121.19239807128906,16.3074951171875,43.73534538199601
272.0,101.02708435058594,15.171257972717285,43.8533551080036
273.0,206.59805297851562,22.452728271484375,43.96870876000321
274.0,210.91796875,22.953433990478516,44.08294553299493
275.0,75.94466400146484,12.306450843811035,44.19436043899623
276.0,106.64854431152344,15.647411346435547,44.308920367999235
277.0,106.99504089355469,16.628572463989258,44.42137502900732
278.0,254.14955139160156,27.907426834106445,44.528106571000535
279.0,107.37028503417969,14.905974388122559,44.6415324289992
280.0,379.0560607910156,35.64407730102539,44.75473635700473
281.0,133.96917724609375,17.70477294921875,44.870627192998654
282.0,66.37084197998047,11.360140800476074,45.025014437997015
283.0,52.63452911376953,10.349687576293945,45.13098799200088
284.0,74.10493469238281,13.397998809814453,45.2473940540076
285.0,140.960205078125,18.997655868530273,45.36405345299863
286.0,64.42433166503906,12.179926872253418,45.47498966399871
287.0,120.65121459960938,17.08346176147461,45.59598292999726
288.0,154.4244384765625,20.743558883666992,45.70952931200736
289.0,220.5374755859375,24.887746810913086,45.83487885199429
290.0,115.86705780029297,15.86015510559082,45.96615890599787
291.0,109.00071716308594,15.38314437866211,46.0884883050021
292.0,178.6245574951172,18.94659423828125,46.21086440799991
293.0,78.682861328125,12.92599105834961,46.31906839400472
294.0,116.88140869140625,17.054401397705078,46.42619286800618
295.0,120.61491394042969,17.2479305267334,46.55036884400761
296.0,118.52216339111328,15.141831398010254,46.65719222200278
297.0,121.75621032714844,16.593996047973633,46.779522376993555
298.0,55.516387939453125,10.060550689697266,46.891419064995716
299.0,88.86813354492188,12.961328506469727,47.00312840999686
300.0,120.82308959960938,16.41653823852539,47.11330613600148
301.0,101.3966064453125,14.132617950439453,53.113531709997915
302.0,46.26032257080078,9.221713066101074,53.28502564999508
303.0,366.1240234375,29.6214599609375,53.41311084499466
304.0,164.78396606445312,20.456844329833984,53.557932950003305
305.0,108.77339172363281,15.44031047821045,53.703797637004755
306.0,305.0323791503906,28.075809478759766,53.848847236993606
307.0,347.9148864746094,30.74024772644043,53.96868580499722
308.0,99.0106201171875,15.646210670471191,54.10029840399511
309.0,107.8283462524414,15.286636352539062,54.22930762999749
310.0,130.64706420898438,16.54245948791504,54.39703854000254
311.0,150.33331298828125,19.297346115112305,54.5095551310078
312.0,119.23471069335938,15.163241386413574,54.64359294499445
313.0,88.99046325683594,14.1268949508667,54.76498155499576
314.0,112.52310180664062,15.255988121032715,54.88218811299885
315.0,73.1057357788086,12.38060188293457,55.003041991003556
316.0,173.46884155273438,21.302621841430664,55.133045897004195
317.0,171.45188903808594,21.36449432373047,55.24242421699455
318.0,122.4139633178711,17.7783260345459,55.351864691998344
319.0,56.63850402832031,10.847804069519043,55.459196037001675
320.0,77.22731018066406,13.413168907165527,55.56310695600405
321.0,66.81549072265625,11.985067367553711,55.66368338900793
322.0,112.86805725097656,15.456979751586914,55.773956910998095
323.0,93.87618255615234,14.445066452026367,55.883954678996815
324.0,93.07874298095703,14.861743927001953,55.992184646005626
325.0,305.0179138183594,28.457178115844727,56.10014766000677
326.0,186.438232421875,22.564388275146484,56.23190550800064
327.0,69.841064453125,12.312176704406738,56.360952117000124
328.0,97.05844116210938,14.40088939666748,56.467508161003934
329.0,189.99423217773438,22.53704833984375,56.5664034710062
330.0,462.1341552734375,40.14773178100586,56.66596964500786
331.0,100.18727111816406,12.90248966217041,56.783601246002945
332.0,191.57017517089844,20.711013793945312,56.91962424200028
333.0,65.46204376220703,11.403992652893066,57.03748390200781
334.0,149.37896728515625,18.792171478271484,57.14673829100502
335.0,73.7237319946289,11.765278816223145,57.24032081400219
336.0,130.38584899902344,17.65749168395996,57.33751600900723
337.0,247.02511596679688,26.095752716064453,57.43895790200622
338.0,206.62118530273438,23.594188690185547,57.540230250000604
339.0,232.7440185546875,26.47672462463379,57.66551633700146
340.0,181.089599609375,21.891847610473633,57.7823789230024
341.0,233.49069213867188,27.615264892578125,57.92699457499839
342.0,215.5317840576172,25.298505783081055,58.06399316400348
343.0,227.7707061767578,23.76350212097168,58.193950747998315
344.0,116.29102325439453,16.780433654785156,58.300670753000304
345.0,210.61512756347656,25.12678337097168,58.44794697899488
346.0,125.08880615234375,16.208065032958984,58.55504147100146
347.0,133.37908935546875,17.67838478088379,58.65872671800025
348.0,192.12890625,22.11648941040039,58.78781813700334
349.0,107.21475219726562,16.812808990478516,58.94179240000085
350.0,81.02532958984375,13.144026756286621,59.075639590999344
351.0,73.00321960449219,11.987163543701172,59.182808276003925
352.0,57.57864761352539,10.896324157714844,59.28783780000231
353.0,47.32476806640625,8.46867847442627,59.39418724999996
354.0,78.65925598144531,13.402939796447754,59.50847273900581
355.0,214.03985595703125,25.801300048828125,59.61798051799997
356.0,79.75289916992188,13.63206672668457,59.72743764700135
357.0,109.57551574707031,16.25151824951172,59.84808702299779
358.0,353.3384094238281,32.574092864990234,59.95832495900686
359.0,176.36558532714844,18.34760093688965,60.06668046899722
360.0,401.71044921875,31.874326705932617,60.194331648002844
361.0,165.92466735839844,21.71648406982422,60.298538192000706
362.0,151.419189453125,16.374454498291016,60.40810968000733
363.0,51.834510803222656,9.917826652526855,60.52155419399787
364.0,144.51971435546875,16.687116622924805,60.67271603300469
365.0,84.68792724609375,13.433877944946289,60.83298376700259
366.0,256.10205078125,21.321456909179688,60.946140607004054
367.0,69.65794372558594,12.426518440246582,61.06857777299592
368.0,170.343505859375,21.43277359008789,61.18255615700036
369.0,106.7495346069336,15.808769226074219,61.29746632100432
370.0,222.20187377929688,26.1829776763916,61.43686874299601
371.0,119.38606262207031,15.153753280639648,61.53885636100313
372.0,111.8009262084961,16.652238845825195,61.6622479170037
373.0,225.0796356201172,25.574237823486328,61.77628562999598
374.0,130.2421875,17.33614158630371,61.89197006900213
375.0,61.52375411987305,10.482226371765137,62.00185060600052
376.0,121.20353698730469,17.62987518310547,62.11905545700574
377.0,53.940120697021484,10.417549133300781,62.25854607000656
378.0,71.93269348144531,12.006962776184082,62.39030060800724
379.0,74.9332046508789,12.44958782196045,62.49056509499496
380.0,100.21353149414062,16.975818634033203,62.59554567000305
381.0,86.9418716430664,14.227967262268066,62.70902907999698
382.0,54.411556243896484,10.53271770477295,62.81907841299835
383.0,47.803436279296875,8.84584903717041,62.927947443007724
384.0,164.98532104492188,19.134212493896484,63.033395450998796
385.0,680.2978515625,52.13645935058594,63.14692548700259
386.0,320.72332763671875,25.923227310180664,63.28614835999906
387.0,260.5146179199219,25.289493560791016,63.39570458899834
388.0,344.52117919921875,27.99254035949707,63.50612446300511
389.0,183.86953735351562,22.613903045654297,63.62509714299813
390.0,58.66239929199219,10.344446182250977,63.76339245399868
391.0,40.237693786621094,8.753101348876953,63.87238345500373
392.0,98.36669921875,15.344898223876953,63.998172395993606
393.0,43.29924011230469,8.263240814208984,64.10853719299485
394.0,58.44972229003906,10.278398513793945,64.2264618879999
395.0,55.928836822509766,10.317171096801758,64.33499077899614
396.0,89.6055679321289,14.113748550415039,64.438933619007
397.0,119.19200897216797,17.173980712890625,64.54787073600164
398.0,89.94046020507812,13.502729415893555,64.65086584900564
399.0,103.22550964355469,14.548074722290039,64.76419567200355
400.0,231.2591094970703,24.213237762451172,64.91230065299897
401.0,99.6269760131836,14.813358306884766,69.24491392300115
402.0,142.70523071289062,17.168668746948242,69.3600927679945
403.0,109.66737365722656,16.018592834472656,69.46322520500689
404.0,91.60546112060547,13.238750457763672,69.57871310900373
405.0,189.44540405273438,22.172475814819336,69.71542681500432
406.0,71.56759643554688,11.772202491760254,69.87681379000423
407.0,83.06643676757812,13.668682098388672,69.9970289490011
408.0,131.28854370117188,15.711633682250977,70.14681416099484
409.0,76.99095916748047,13.442996978759766,70.29054220599937
410.0,232.63775634765625,26.509361267089844,70.42214985100145
411.0,108.37069702148438,14.781366348266602,70.54116782199708
412.0,100.2629623413086,15.061542510986328,70.65548327899887
413.0,256.07232666015625,26.250478744506836,70.77545489399927
414.0,63.66008758544922,10.896787643432617,70.88413369000773
415.0,56.075965881347656,10.423613548278809,71.01261428199359
416.0,45.956260681152344,9.204978942871094,71.1404004329961
417.0,191.54592895507812,14.652610778808594,71.28020613999979
418.0,304.68841552734375,29.597402572631836,71.39962980999553
419.0,56.8983154296875,10.602133750915527,71.52640685600636
420.0,67.41474151611328,12.176828384399414,71.67295446099888
421.0,89.88855743408203,13.656890869140625,71.79393226200773
422.0,157.77760314941406,17.94266700744629,71.93977050500689
423.0,68.35197448730469,11.62397575378418,72.074805672004
424.0,66.21793365478516,12.147027969360352,72.22839915800432
425.0,136.15916442871094,18.05339241027832,72.34981898000115
426.0,104.00033569335938,16.14069175720215,72.46711132100609
427.0,106.45668029785156,15.780272483825684,72.59071516299446
428.0,50.5175666809082,9.722685813903809,72.70634186000098
429.0,62.41869354248047,10.132424354553223,72.81419542699587
430.0,85.47645568847656,13.119620323181152,72.92101118899882
431.0,76.04594421386719,12.76805305480957,73.0382404539996
432.0,68.5572738647461,11.696348190307617,73.151766245006
433.0,70.71723175048828,11.739073753356934,73.25891544099431
434.0,49.53717041015625,9.017354965209961,73.36415191199922
435.0,111.35238647460938,16.72028923034668,73.47045286100183
436.0,63.71748352050781,10.568623542785645,73.59339964299579
437.0,56.945152282714844,9.489774703979492,73.69886973500252
438.0,73.63957977294922,12.61650276184082,73.82605160599633
439.0,84.23759460449219,11.657530784606934,73.95223033000366
440.0,55.86805725097656,10.08901596069336,74.07592949199898
441.0,82.37355041503906,13.323535919189453,74.18001767199894
442.0,87.69013977050781,13.432979583740234,74.28135713499796
443.0,61.12129211425781,10.954766273498535,74.3817980849999
444.0,42.88789749145508,9.006275177001953,74.48144884899375
445.0,124.02134704589844,16.939592361450195,74.59693164100463
446.0,68.61290740966797,12.098109245300293,74.72872402099892
447.0,177.3462677001953,21.452917098999023,74.8468493130058
448.0,147.49874877929688,17.4243106842041,74.97842374299944
449.0,200.32144165039062,24.648183822631836,75.10613036400173
450.0,94.98223876953125,14.58556842803955,75.24148642699583
451.0,171.98324584960938,17.903364181518555,75.36311292099708
452.0,188.69180297851562,22.15636444091797,75.47794752099435
453.0,109.1302261352539,16.59679412841797,75.60857643099735
454.0,160.40440368652344,21.02951431274414,75.73939182399772
455.0,93.62608337402344,13.693319320678711,75.88086323400785
456.0,145.16986083984375,19.427980422973633,76.00080705599976
457.0,100.05117797851562,14.868206024169922,76.11944299499737
458.0,51.632591247558594,10.00815200805664,76.25015466600598
459.0,129.87939453125,16.166044235229492,76.37026250899362
460.0,112.31487274169922,16.55587387084961,76.4752378849953
461.0,113.49789428710938,14.927520751953125,76.58828272600658
462.0,71.24483489990234,11.445148468017578,76.72437665499456
463.0,47.25704574584961,9.548535346984863,76.84799495199695
464.0,42.13043212890625,8.242754936218262,76.94908978800231
465.0,51.58356475830078,10.131882667541504,77.05922884200118
466.0,77.33688354492188,12.049518585205078,77.17477486100688
467.0,74.1414566040039,12.222602844238281,77.2858150999964
468.0,48.683143615722656,9.477240562438965,77.39672421300202
469.0,61.18300247192383,10.874798774719238,77.54530904399871
470.0,102.85650634765625,13.59587574005127,77.68694577699353
471.0,107.24298095703125,14.447275161743164,77.79813138200552
472.0,39.13549041748047,7.372302532196045,77.91698855100549
473.0,72.28215026855469,12.420181274414062,78.02640508199693
474.0,59.38336944580078,11.069891929626465,78.25460130900319
475.0,168.4202117919922,22.445510864257812,78.45085669599939
476.0,200.56790161132812,19.60226821899414,78.59124677399814
477.0,93.20564270019531,13.919398307800293,78.72349865200522
478.0,34.079010009765625,7.512027263641357,78.85364295399631
479.0,126.34937286376953,15.941011428833008,78.96962025799439
480.0,79.73271942138672,13.519832611083984,79.08604783199553
481.0,31.81685447692871,7.105203628540039,79.2079483790003
482.0,214.22511291503906,26.96244239807129,79.32306698900356
483.0,137.8142547607422,11.6959810256958,79.43034837000596
484.0,205.07550048828125,25.838665008544922,79.56612526299432
485.0,204.24273681640625,21.408971786499023,79.6822817659995
486.0,43.69647979736328,8.48167610168457,79.79588331699779
487.0,105.08509826660156,14.998554229736328,79.91138940000383
488.0,69.49154663085938,12.875343322753906,80.02604438799608
489.0,39.78436279296875,8.30966567993164,80.15760238899384
490.0,108.97868347167969,15.93649959564209,80.33855340600712
491.0,93.52454376220703,15.644270896911621,80.43493086200033
492.0,98.57501983642578,14.375775337219238,80.54472936299862
493.0,60.958091735839844,11.247293472290039,80.6543572130031
494.0,132.84512329101562,18.4946346282959,80.76230132199998
495.0,117.71114349365234,14.438899993896484,80.87107594299596
496.0,85.37351989746094,13.488503456115723,80.97437272900424
497.0,64.89098358154297,11.029680252075195,81.08750819000124
498.0,79.89786529541016,12.771247863769531,81.1901148360048
499.0,241.7758026123047,24.223926544189453,81.2971916289971
500.0,90.56534576416016,14.532389640808105,81.40290613699472
501.0,83.23269653320312,13.350092887878418,85.98830386600457
502.0,71.57421875,12.160242080688477,86.12472330199671
503.0,84.79239654541016,12.289527893066406,86.26680179400137
504.0,63.02206039428711,10.67628288269043,86.3761251100077
505.0,122.84152221679688,16.3352108001709,86.53379042500455
506.0,87.7944564819336,13.054388046264648,86.66775671600772
507.0,76.2826919555664,12.621185302734375,86.77602399099851
508.0,86.24014282226562,13.420336723327637,86.91568438400282
509.0,32.68171691894531,7.283777236938477,87.02297489500779
510.0,60.82859802246094,10.958272933959961,87.14666850300273
511.0,277.1995544433594,22.806034088134766,87.25295861299674
512.0,29.25632667541504,7.20468807220459,87.36361561200465
513.0,175.25894165039062,19.062570571899414,87.45739926499664
514.0,175.92640686035156,22.47378158569336,87.56126091199985
515.0,36.7342414855957,7.881061553955078,87.66361546200642
516.0,52.254539489746094,10.121759414672852,87.78383527000551
517.0,128.9219970703125,17.75079917907715,87.89596160600195
518.0,140.27398681640625,18.303661346435547,88.00270377400739
519.0,45.88867950439453,9.240622520446777,88.11877326399554
520.0,39.59859085083008,8.14262580871582,88.23160866000399
521.0,166.85499572753906,17.595691680908203,88.35144169800333
522.0,72.10322570800781,12.520805358886719,88.4623187410034
523.0,112.75308227539062,15.926236152648926,88.57241958100349
524.0,100.7358627319336,14.072937965393066,88.69875623099506
525.0,91.69365692138672,12.768341064453125,88.80971012399823
526.0,42.59617614746094,8.527459144592285,88.91769686799671
527.0,36.912330627441406,7.866325855255127,89.02650868499768
528.0,61.082984924316406,10.780271530151367,89.13444384399918
529.0,76.15908813476562,12.715758323669434,89.25198847400316
530.0,65.16972351074219,11.502082824707031,89.35913184100355
531.0,88.40299987792969,13.899778366088867,89.48294515100133
532.0,126.36073303222656,16.14645767211914,89.58956006899825
533.0,29.776596069335938,6.574455738067627,89.69932135300769
534.0,75.4925765991211,11.18608283996582,89.80644383400795
535.0,80.40924835205078,12.905715942382812,89.91224950600008
536.0,57.71209716796875,9.970548629760742,90.02758697900572
537.0,123.97650146484375,16.735836029052734,90.13418324300437
538.0,129.19058227539062,18.27529525756836,90.23832402500557
539.0,62.75048065185547,10.618346214294434,90.35683261300437
540.0,116.17318725585938,14.04981517791748,90.46731164200173
541.0,82.06352996826172,12.6301851272583,90.56700029000058
542.0,116.62156677246094,17.168445587158203,90.67882774000464
543.0,52.62016296386719,9.043235778808594,90.7908688030002
544.0,282.9203796386719,30.5786190032959,90.9035423519963
545.0,129.27378845214844,18.47215461730957,91.01072242000373
546.0,28.193336486816406,6.495316028594971,91.11786804099393
547.0,151.57704162597656,20.111791610717773,91.22784867900191
548.0,31.442649841308594,7.238831996917725,91.33551064399944
549.0,47.51233673095703,9.45500373840332,91.44572057899495
550.0,190.81088256835938,23.59246063232422,91.55644579800719
551.0,269.68170166015625,26.457618713378906,91.66598393800086
552.0,33.01414489746094,7.587153911590576,91.78042119200109
553.0,60.36577606201172,11.321525573730469,91.8996723320015
554.0,80.72850036621094,11.573248863220215,92.00246262700239
555.0,80.01084899902344,12.420493125915527,92.11387503000151
556.0,50.54169464111328,9.702531814575195,92.24445198899775
557.0,46.76072692871094,8.861427307128906,92.35842951999803
558.0,74.99958038330078,12.949115753173828,92.47058152900718
559.0,133.11370849609375,18.438064575195312,92.58514066399948
560.0,163.1412353515625,20.658395767211914,92.68988361400261
561.0,79.2624282836914,12.375980377197266,92.79241973500757
562.0,214.72601318359375,21.149070739746094,92.9003634940018
563.0,325.4219970703125,30.01666831970215,93.01151900700643
564.0,185.18995666503906,19.120927810668945,93.13403917300457
565.0,45.167423248291016,8.626007080078125,93.2745631430007
566.0,66.58187103271484,10.662309646606445,93.38923587900354
567.0,35.84741973876953,7.933218479156494,93.50369277999562
568.0,72.11093139648438,12.26288890838623,93.62199074799719
569.0,84.70265197753906,13.900938034057617,93.72628446799354
570.0,80.56592559814453,11.644201278686523,93.83491578399844
571.0,75.1734390258789,12.035472869873047,93.94416468900454
572.0,29.017765045166016,6.575064659118652,94.06045966599777
573.0,120.69670104980469,15.422564506530762,94.17828703900159
574.0,105.59246063232422,14.055476188659668,94.29443876900768
575.0,116.04483032226562,16.37112045288086,94.40742932399735
576.0,75.00337219238281,10.950929641723633,94.53314872500778
577.0,141.65562438964844,17.430477142333984,94.6370379269938
578.0,45.37200927734375,8.9259672164917,94.75188133800111
579.0,45.204280853271484,8.326624870300293,94.86138044499967
580.0,112.9902114868164,17.265884399414062,94.99904441600665
581.0,31.92247772216797,6.744318962097168,95.13290265199612
582.0,68.40533447265625,11.92969799041748,95.24465540300298
583.0,235.79476928710938,23.091917037963867,95.3779915930063
584.0,47.541603088378906,9.149031639099121,95.49431475999882
585.0,40.66028594970703,8.057292938232422,95.63410654199834
586.0,70.63841247558594,12.013784408569336,95.74533410700678
587.0,87.3428955078125,13.170507431030273,95.88211011700332
588.0,70.49253845214844,12.102867126464844,96.00884622099693
589.0,109.56040954589844,13.35036849975586,96.13545314999647
590.0,263.0467834472656,24.1529483795166,96.24895531800576
591.0,54.757999420166016,9.997878074645996,96.36904606099415
592.0,187.23228454589844,20.865182876586914,96.48572972099646
593.0,22.22622299194336,5.357990264892578,96.59379582799738
594.0,217.30030822753906,23.283218383789062,96.69926332400064
595.0,39.68290328979492,7.705925941467285,96.81037281600584
596.0,70.43184661865234,10.879079818725586,96.94437009800458
597.0,33.03388977050781,6.906498432159424,97.06395654600055
598.0,117.05512237548828,14.532567024230957,97.18166436700267
599.0,64.99462890625,11.671880722045898,97.28705841000192
600.0,210.4799041748047,24.036020278930664,97.39242542200373
601.0,329.39849853515625,26.112560272216797,101.54932780000672
602.0,23.7468318939209,5.936359882354736,101.66486036300194
603.0,488.8726501464844,42.79514694213867,101.78656320800656
604.0,21.21835708618164,5.239819526672363,101.90239473199472
605.0,103.30300903320312,15.505899429321289,102.02617156000633
606.0,102.51754760742188,16.148971557617188,102.14418117799505
607.0,58.32516098022461,10.403529167175293,102.25707099499414
608.0,38.30560302734375,8.218867301940918,102.36728634200699
609.0,58.883583068847656,10.555523872375488,102.47337593400152
610.0,48.69985580444336,8.145267486572266,102.62159856200742
611.0,62.88836669921875,9.640345573425293,102.74660309299361
612.0,161.70640563964844,19.084697723388672,102.86092765600188
613.0,90.03934478759766,13.61799430847168,102.98214208500576
614.0,56.07805633544922,10.433853149414062,103.10810170399782
615.0,27.934528350830078,6.447007656097412,103.23321967599622
616.0,64.70936584472656,10.9735746383667,103.33910606800055
617.0,103.11811828613281,15.037263870239258,103.4506998709985
618.0,79.85724639892578,12.870597839355469,103.56851111100696
619.0,31.083358764648438,6.4426774978637695,103.6836317510024
620.0,33.274620056152344,7.300308704376221,103.80318440799601
621.0,50.41423416137695,8.71832275390625,103.91982719600492
622.0,37.26490783691406,8.070713996887207,104.038860613
623.0,96.68297576904297,14.754091262817383,104.15761823199864
624.0,129.0609130859375,19.13010597229004,104.26765972599969
625.0,111.07284545898438,14.85667610168457,104.37610906800546
626.0,283.7161865234375,31.014324188232422,104.49005577999924
627.0,279.82415771484375,28.61216926574707,104.6022980340058
628.0,72.80413055419922,11.700149536132812,104.71859746200789
629.0,54.920570373535156,9.585735321044922,104.82976941700326
630.0,99.63936614990234,16.11375617980957,104.94286697999632
631.0,53.09648895263672,10.110410690307617,105.04576430600719
632.0,39.05982208251953,7.850174903869629,105.19594300999597
633.0,52.67896270751953,10.38621997833252,105.32498652300274
634.0,63.530235290527344,11.540844917297363,105.45359907099919
635.0,52.959938049316406,10.059064865112305,105.58958293299656
636.0,128.95654296875,17.58783721923828,105.72456778099877
637.0,128.91537475585938,18.070213317871094,105.86456526500115
638.0,57.1485595703125,9.984889030456543,106.00361270799476
639.0,75.24665832519531,13.069743156433105,106.1463139539992
640.0,62.78123474121094,9.692219734191895,106.28484419100278
641.0,32.59029006958008,7.190706729888916,106.40194871800486
642.0,39.381614685058594,8.022027969360352,106.53723391299718
643.0,85.3436508178711,12.338335990905762,106.64512861400726
644.0,67.18842315673828,11.743396759033203,106.75515680499666
645.0,74.54273986816406,12.128185272216797,106.88349717800156
646.0,58.79753875732422,10.176621437072754,106.98840040199866
647.0,80.41941833496094,12.379659652709961,107.09495363199676
648.0,90.1088638305664,15.063323020935059,107.20377775300585
649.0,58.371788024902344,9.492104530334473,107.30489448799926
650.0,37.29139709472656,7.776538848876953,107.41622060300142
651.0,36.740753173828125,7.769470691680908,107.53309861800517
652.0,55.3717041015625,10.3101224899292,107.64639248199819
653.0,35.64192199707031,7.793022155761719,107.7610855630046
654.0,24.898300170898438,5.846098899841309,107.86148219600727
655.0,33.74449920654297,7.475829601287842,107.97686630500539
656.0,371.7481994628906,30.996641159057617,108.08846709200589
657.0,115.7232666015625,11.94005012512207,108.19782908199704
658.0,68.63312530517578,11.08285903930664,108.30998072099464
659.0,93.48651123046875,13.951709747314453,108.41895736199513
660.0,65.34017181396484,11.054532051086426,108.53173103400331
661.0,115.5750961303711,14.887593269348145,108.65155327599496
662.0,57.28595733642578,9.780342102050781,108.765945156003
663.0,91.20692443847656,14.115838050842285,108.87407331299619
664.0,33.79094696044922,7.476868629455566,108.99391621499672
665.0,31.003223419189453,6.393326282501221,109.1007005690044
666.0,157.52957153320312,16.747411727905273,109.21248454900342
667.0,73.26692199707031,9.239526748657227,109.32599828399543
668.0,42.660118103027344,7.968315124511719,109.44593705999432
669.0,38.62636184692383,7.5349273681640625,109.56015677600226
670.0,173.56533813476562,20.517736434936523,109.6685768210009
671.0,60.779205322265625,10.062457084655762,109.77599433099385
672.0,158.07449340820312,20.044347763061523,109.89809551600774
673.0,26.250995635986328,6.333916187286377,110.0137881450064
674.0,142.85720825195312,16.460012435913086,110.1322934399941
675.0,58.39109802246094,10.984827995300293,110.26199502300005
676.0,29.389083862304688,6.240296840667725,110.36417981999693
677.0,85.76019287109375,12.744431495666504,110.4757971700019
678.0,80.22261810302734,12.497600555419922,110.59004798400565
679.0,113.91719055175781,15.591700553894043,110.7087144679972
680.0,96.15357208251953,13.334985733032227,110.8583093930065
681.0,60.52574157714844,10.379631042480469,110.99414184399939
682.0,40.79047775268555,8.469901084899902,111.10632121100207
683.0,47.30607604980469,8.07540225982666,111.21940187799919
684.0,83.81766510009766,12.695201873779297,111.35316374000104
685.0,55.30359649658203,10.37291145324707,111.4626487360074
686.0,70.9054946899414,12.226020812988281,111.57264841599681
687.0,44.046669006347656,8.182927131652832,111.68472429100075
688.0,66.47911071777344,10.567323684692383,111.79205929799355
689.0,68.30274200439453,10.759262084960938,111.90225982399716
690.0,71.55756378173828,12.510663986206055,112.01365479100787
691.0,45.26520538330078,8.865039825439453,112.12358315600432
692.0,43.10679626464844,8.143481254577637,112.24002541700611
693.0,49.3538818359375,9.263553619384766,112.35746715200366
694.0,66.65182495117188,10.974249839782715,112.47184314900369
695.0,316.7410888671875,28.089324951171875,112.59447129900218
696.0,278.2958984375,26.60157012939453,112.749757469006
697.0,43.18272018432617,7.565401554107666,112.86492604500381
698.0,440.71044921875,35.8001594543457,112.99593203999393
699.0,90.37274169921875,10.776927947998047,113.11012933899474
700.0,97.98457336425781,16.537729263305664,113.22771700700105
701.0,89.572021484375,13.668790817260742,117.43765746999998
702.0,121.4117202758789,17.625675201416016,117.58204159500019
703.0,44.802467346191406,9.371582984924316,117.73734303300444
704.0,138.956298828125,18.52112579345703,117.88254136299656
705.0,123.89682006835938,16.01465606689453,118.11106356600067
706.0,69.84392547607422,10.97095012664795,118.2320712859946
707.0,185.1805419921875,20.700950622558594,118.35747303899552
708.0,103.48258209228516,13.487835884094238,118.47181991800608
709.0,199.6942138671875,22.933168411254883,118.57984660399961
710.0,96.03724670410156,12.24368953704834,118.71646046699607
711.0,72.0303955078125,11.89078426361084,118.82787850000022
712.0,66.24893188476562,11.235116958618164,118.97286769800121
713.0,343.9020080566406,31.48019027709961,119.0927194100077
714.0,132.0333709716797,16.152414321899414,119.20078181900317
715.0,82.34172058105469,12.642047882080078,119.30450338899391
716.0,28.37592315673828,6.526950359344482,119.4137537439965
717.0,42.786197662353516,8.141610145568848,119.5226350150042
718.0,90.72441864013672,14.05822467803955,119.62905519700143
719.0,25.79254150390625,5.846144199371338,119.73645189200761
720.0,68.00979614257812,9.935248374938965,119.84350864200678
721.0,26.795772552490234,6.096113204956055,119.95026383000368
722.0,220.58958435058594,23.284406661987305,120.06340305300546
723.0,101.43079376220703,12.867908477783203,120.1759231689939
724.0,69.96061706542969,9.997760772705078,120.28151145399897
725.0,29.255516052246094,7.082019805908203,120.39251099199464
726.0,36.994041442871094,7.8715105056762695,120.50569572500535
727.0,50.40412902832031,9.960342407226562,120.61896459400305
728.0,30.24303436279297,6.670695781707764,120.73293208700488
729.0,25.974109649658203,6.219271183013916,120.84729612800584
730.0,27.44207000732422,6.551684856414795,120.95726069100783
731.0,52.80162048339844,9.471443176269531,121.07305359900056
732.0,24.31608772277832,5.872364521026611,121.18575053800305
733.0,142.43331909179688,15.309086799621582,121.29132275200391
734.0,148.18502807617188,16.129138946533203,121.39526315299736
735.0,65.84718322753906,11.218807220458984,121.5022660090035
736.0,48.798118591308594,9.273031234741211,121.61405923300481
737.0,38.61227035522461,8.070059776306152,121.73093255399726
738.0,134.67486572265625,18.58143424987793,121.84916002399405
739.0,51.99928665161133,8.581181526184082,121.96403451799415
740.0,68.88235473632812,9.040125846862793,122.07787668300443
741.0,68.10385131835938,10.501585006713867,122.18582222399709
742.0,20.927762985229492,4.892409801483154,122.29260044200055
743.0,37.896209716796875,7.232210636138916,122.40851891999773
744.0,56.06842803955078,10.840214729309082,122.52115703100571
745.0,80.83123016357422,11.105731964111328,122.63108038899372
746.0,50.26685333251953,8.890125274658203,122.74342580599478
747.0,150.97833251953125,18.656991958618164,122.85176615900127
748.0,48.71119689941406,9.81299114227295,122.96242489600263
749.0,86.18900299072266,13.48749828338623,123.07066816699808
750.0,40.42776870727539,7.9212260246276855,123.17934578900167
751.0,66.74235534667969,10.769567489624023,123.29119747500226
752.0,33.610740661621094,7.469221591949463,123.4049634529947
753.0,51.06315612792969,9.308528900146484,123.51457032799954
754.0,59.09550857543945,10.032590866088867,123.63467364400276
755.0,82.13230895996094,12.58482551574707,123.74755491199903
756.0,35.57048034667969,7.789980411529541,123.86041844000283
757.0,62.11918640136719,10.918724060058594,123.9837388300075
758.0,70.57438659667969,12.55308723449707,124.10064765099378
759.0,46.30159378051758,7.638670921325684,124.21422650800378
760.0,62.254066467285156,11.622626304626465,124.3249804280058
761.0,33.998291015625,6.772300720214844,124.45293431999744
762.0,30.20116424560547,6.455368518829346,124.60824664500251
763.0,125.51256561279297,17.286727905273438,124.75797941000201
764.0,38.37071228027344,7.955183506011963,124.90050731299561
765.0,40.773067474365234,7.5503387451171875,125.01556788000744
766.0,188.8202667236328,23.57420539855957,125.12825509200047
767.0,98.89517974853516,13.99206829071045,125.25255565300176
768.0,55.53479766845703,11.01007080078125,125.3587325700064
769.0,66.79011535644531,10.74710750579834,125.45729848499468
770.0,31.63323974609375,7.226115703582764,125.5613100680057
771.0,107.40377807617188,13.038003921508789,125.68312459600565
772.0,148.80455017089844,16.254854202270508,125.79100342700258
773.0,123.7943115234375,16.41936492919922,125.9036065179971
774.0,136.74539184570312,14.528782844543457,126.01234548499633
775.0,121.78682708740234,16.647666931152344,126.12714059899736
776.0,52.315162658691406,9.881258964538574,126.26899105499615
777.0,33.77850341796875,7.27530574798584,126.40708102300414
778.0,62.48796081542969,9.807435989379883,126.55887923299451
779.0,58.68283462524414,11.261868476867676,126.7082757600001
780.0,66.34919738769531,11.452533721923828,126.85179438399791
781.0,25.89636993408203,5.90295934677124,126.95673824400001
782.0,38.00267791748047,7.2179741859436035,127.06241791299544
783.0,215.66925048828125,24.911283493041992,127.16977049800334
784.0,117.8088150024414,16.558446884155273,127.29957355899387
785.0,153.6338653564453,20.39181900024414,127.41316687699873
786.0,139.07269287109375,17.605754852294922,127.51494540700514
787.0,45.624549865722656,7.878568649291992,127.62654988300346
788.0,40.419281005859375,8.446599006652832,127.73854695100454
789.0,36.220401763916016,6.706599235534668,127.87806909199571
790.0,188.56069946289062,24.638290405273438,127.99611013100366
791.0,113.79306030273438,12.665977478027344,128.11542664500303
792.0,47.81658935546875,8.488531112670898,128.22685109199665
793.0,48.50690460205078,8.850641250610352,128.34153695599525
794.0,37.698448181152344,7.42788028717041,128.45229934100644
795.0,80.76348114013672,13.392108917236328,128.5620088440046
796.0,76.31110382080078,12.100993156433105,128.67166844800522
797.0,43.62312698364258,8.540080070495605,128.77473041799385
798.0,66.66740417480469,9.330059051513672,128.89427424500172
799.0,79.61897277832031,13.334178924560547,129.00386204100505
800.0,35.057960510253906,7.135648250579834,129.11976020000293
801.0,34.89456558227539,7.561087608337402,133.04355488400324
802.0,38.713809967041016,8.048065185546875,133.1686365600035
803.0,77.24604034423828,12.803691864013672,133.2838410349941
804.0,48.89411163330078,9.22568130493164,133.40992095699767
805.0,31.9437255859375,6.638339996337891,133.5336470110051
806.0,22.716350555419922,5.35843563079834,133.6783327680023
807.0,82.79161071777344,13.089266777038574,133.80596553000214
808.0,57.98980712890625,10.417750358581543,133.93200810499548
809.0,67.14520263671875,8.969611167907715,134.03976265400706
810.0,31.96633529663086,6.852295875549316,134.15744167999947
811.0,25.885719299316406,5.953922271728516,134.26215525300358
812.0,87.91215515136719,12.775766372680664,134.36285494100593
813.0,143.84423828125,13.974847793579102,134.46558711800026
814.0,42.363216400146484,8.197580337524414,134.57502552799997
815.0,34.69528579711914,6.5528411865234375,134.67787934100488
816.0,145.83428955078125,16.912824630737305,134.78828542299743
817.0,45.856109619140625,8.926983833312988,134.9287286290055
818.0,43.2342529296875,8.405441284179688,135.11786080499587
819.0,24.772090911865234,5.978075981140137,135.222852995008
820.0,84.80441284179688,12.634511947631836,135.32552898599533
821.0,74.12748718261719,12.19636058807373,135.4281142139953
822.0,70.66888427734375,9.962432861328125,135.53214305300207
823.0,28.375885009765625,6.023072719573975,135.63493638999353
824.0,104.1264877319336,14.355342864990234,135.73680730900378
825.0,51.43606948852539,8.383722305297852,135.85420915200666
826.0,78.66551208496094,11.720623016357422,135.9614435130061
827.0,96.93746185302734,14.638381004333496,136.07171992400254
828.0,55.67522430419922,10.847823143005371,136.1869943519996
829.0,66.14131164550781,12.1485595703125,136.30840225900465
830.0,55.873260498046875,10.125641822814941,136.4191893209936
831.0,75.99711608886719,13.004332542419434,136.52497110499826
832.0,64.26213836669922,10.03182601928711,136.64045177100343
833.0,76.34245300292969,12.060613632202148,136.75167579400295
834.0,79.73410034179688,11.740904808044434,136.85757240699604
835.0,47.238853454589844,7.917940139770508,136.9609225699969
836.0,88.66496276855469,9.518558502197266,137.06292919500265
837.0,19.804956436157227,4.629161357879639,137.1726969750016
838.0,47.5198974609375,8.770115852355957,137.2853637990047
839.0,53.75176239013672,8.91657829284668,137.39473469900258
840.0,38.62932586669922,7.453901767730713,137.5064510509983
841.0,30.903837203979492,6.749143600463867,137.625755785004
842.0,127.38511657714844,14.106614112854004,137.73736380699847
843.0,105.2999496459961,15.859673500061035,137.85848652699497
844.0,98.88591003417969,14.530179977416992,137.98109253600705
845.0,39.92820739746094,7.636284828186035,138.07581392599968
846.0,104.28089904785156,12.389647483825684,138.19063457200537
847.0,22.648937225341797,5.133183002471924,138.30184376699617
848.0,28.87057113647461,6.654912948608398,138.41542322900204
849.0,30.517353057861328,6.226698875427246,138.52839979999408
850.0,34.62512969970703,7.637617111206055,138.64004487899365
851.0,39.17078399658203,6.882136821746826,138.75182935599878
852.0,84.49356079101562,10.870396614074707,138.87416221499734
853.0,29.64728355407715,6.56299352645874,138.9853278619994
854.0,147.51638793945312,16.352245330810547,139.08961306800484
855.0,20.456344604492188,4.927037715911865,139.2036128549953
856.0,129.0055389404297,12.206795692443848,139.31672674100264
857.0,43.682777404785156,8.329203605651855,139.43292120400292
858.0,60.23262023925781,9.46599006652832,139.54736057099944
859.0,26.690631866455078,6.066585063934326,139.6627574879967
860.0,65.37773895263672,10.059611320495605,139.77646123699378
861.0,58.05597686767578,10.065027236938477,139.88941309899383
862.0,69.39813995361328,10.991666793823242,139.99771047499962
863.0,22.171541213989258,4.9944071769714355,140.10309948399663
864.0,45.67342758178711,8.028552055358887,140.21760071300378
865.0,25.782909393310547,5.837992191314697,140.33155068999622
866.0,121.46490478515625,15.882871627807617,140.4467070959945
867.0,34.459930419921875,6.940691947937012,140.57962866099842
868.0,75.50556945800781,11.80339241027832,140.6887327410077
869.0,184.48114013671875,20.326961517333984,140.8015624200052
870.0,61.02317810058594,10.288236618041992,140.90680925500055
871.0,199.37681579589844,20.54111099243164,141.0099473500013
872.0,87.13733673095703,11.41940975189209,141.1162696389947
873.0,118.66690063476562,13.965442657470703,141.21827194400248
874.0,97.39436340332031,13.454400062561035,141.32740543299587
875.0,98.37353515625,13.234419822692871,141.43775486999948
876.0,32.82183074951172,6.7707390785217285,141.56467786899884
877.0,73.29727935791016,11.447381973266602,141.66550529800588
878.0,102.19354248046875,14.122344017028809,141.7720235690067
879.0,46.59980010986328,8.477217674255371,141.8816865800036
880.0,34.707557678222656,7.188420295715332,141.98698856199917
881.0,35.7462158203125,7.197322845458984,142.09024572599446
882.0,145.55703735351562,17.450923919677734,142.19590218800295
883.0,20.196231842041016,4.801527976989746,142.30674955900759
884.0,65.88894653320312,9.478507995605469,142.4279567659978
885.0,211.3225860595703,21.871788024902344,142.53653937400668
886.0,229.6146240234375,23.21770477294922,142.6471493489953
887.0,54.58113098144531,10.819136619567871,142.75765076100652
888.0,63.42522430419922,9.859396934509277,142.86771925300127
889.0,36.941383361816406,6.283772945404053,142.97332466700755
890.0,75.56268310546875,13.340457916259766,143.09333001800405
891.0,186.38720703125,21.76226806640625,143.19883061600558
892.0,30.916780471801758,6.397132873535156,143.30648658900463
893.0,86.1026611328125,9.92573070526123,143.42228455800796
894.0,90.56051635742188,12.596382141113281,143.54821527599415
895.0,186.2409210205078,23.692737579345703,143.6715549340006
896.0,253.29151916503906,28.110021591186523,143.79528281300736
897.0,63.094871520996094,11.966447830200195,143.91787457099417
898.0,252.65753173828125,24.983030319213867,144.04105440800777
899.0,84.41712188720703,13.4904146194458,144.15892787100165
900.0,57.570526123046875,10.157970428466797,144.2634237260063
901.0,253.6002655029297,26.6826229095459,148.27118547000282
902.0,47.34906005859375,8.728361129760742,148.38635883299867
903.0,36.028350830078125,6.621403694152832,148.49158936200547
904.0,30.481821060180664,6.255844593048096,148.59939418900467
905.0,440.5260009765625,40.59882354736328,148.71200632999535
906.0,21.67458724975586,5.332493305206299,148.83592124799907
907.0,94.83882904052734,12.803221702575684,148.95721300500736
908.0,177.73849487304688,22.803495407104492,149.06337196100503
909.0,27.996318817138672,5.974915981292725,149.1779158260033
910.0,93.14659118652344,14.400384902954102,149.2957582359959
911.0,26.37564468383789,5.630448818206787,149.4092777170008
912.0,120.32710266113281,16.698509216308594,149.52309036899533
913.0,22.149959564208984,5.098194122314453,149.6267437409988
914.0,53.30022048950195,8.73583984375,149.75675564100675
915.0,38.908111572265625,7.75426721572876,149.90149196100538
916.0,32.56585693359375,7.537346839904785,150.00691009900765
917.0,50.72517013549805,9.292046546936035,150.11284769700433
918.0,36.78804016113281,8.08785343170166,150.216338009006
919.0,44.61709976196289,9.029887199401855,150.3328855879954
920.0,88.74141693115234,11.162282943725586,150.4428289149946
921.0,27.931222915649414,6.2010698318481445,150.55901710399485
922.0,60.195831298828125,9.675507545471191,150.6664285290026
923.0,14.100360870361328,3.800893783569336,150.79663922599866
924.0,22.238542556762695,5.381433963775635,150.9055951449991
925.0,43.844696044921875,8.861696243286133,151.013908783003
926.0,67.16009521484375,11.507787704467773,151.1202696179971
927.0,215.9662628173828,25.345041275024414,151.23236016600276
928.0,19.53235626220703,4.704782009124756,151.34451435599476
929.0,81.09272766113281,13.485208511352539,151.45220804700512
930.0,36.56478500366211,6.985294818878174,151.56258010400052
931.0,48.757293701171875,8.335493087768555,151.67480475400225
932.0,46.19335174560547,7.616447448730469,151.78778509999393
933.0,49.85104751586914,9.152766227722168,151.901515466001
934.0,81.4798355102539,13.064724922180176,152.01470269499987
935.0,61.13789367675781,10.216411590576172,152.17548101099965
936.0,66.84086608886719,9.630245208740234,152.28577669999504
937.0,20.230955123901367,4.795475959777832,152.40368893599953
938.0,124.33882141113281,16.12285614013672,152.5219518380036
939.0,48.94404602050781,8.336188316345215,152.64279396200436
940.0,75.27001953125,11.490100860595703,152.7452924590034
941.0,27.70584487915039,5.763980865478516,152.84957246900012
942.0,50.16730499267578,8.564583778381348,152.95643152399862
943.0,48.992530822753906,8.552444458007812,153.0690273509972
944.0,57.392845153808594,9.172873497009277,153.18272195200552
945.0,29.67885971069336,6.4559407234191895,153.295780475004
946.0,91.48548889160156,11.700237274169922,153.41188037100073
947.0,20.846004486083984,4.721647262573242,153.52808878400538
948.0,60.475990295410156,10.976241111755371,153.64336444799847
949.0,24.539594650268555,5.583678245544434,153.75151734000247
950.0,111.88703918457031,12.481194496154785,153.8624401690031
951.0,222.95884704589844,24.407724380493164,153.96918986299715
952.0,63.96954345703125,10.515939712524414,154.0810729579971
953.0,27.299240112304688,5.93174934387207,154.19116483500693
954.0,38.497806549072266,7.1738762855529785,154.30614216900722
955.0,41.04713439941406,8.633845329284668,154.41586351100705
956.0,47.313941955566406,8.458590507507324,154.5294225999969
957.0,52.792198181152344,9.206230163574219,154.63233043299988
958.0,203.63986206054688,24.700979232788086,154.7290237230045
959.0,43.29092025756836,7.387287139892578,154.84345510900312
960.0,59.77916717529297,11.059118270874023,154.96340149499883
961.0,82.58223724365234,10.833840370178223,155.06945080999867
962.0,63.051612854003906,10.309199333190918,155.18039419299748
963.0,90.23173522949219,13.866121292114258,155.2878610829939
964.0,61.581336975097656,9.75032901763916,155.40134939999552
965.0,64.8226318359375,9.378998756408691,155.51391849400534
966.0,21.316755294799805,5.484447479248047,155.62819212200702
967.0,19.368846893310547,4.557538986206055,155.75826076799422
968.0,26.746662139892578,5.546814441680908,155.86521715800336
969.0,52.72483825683594,9.082931518554688,155.97643945200252
970.0,63.99176788330078,10.697497367858887,156.080561544004
971.0,32.252742767333984,6.591501235961914,156.19636477599852
972.0,14.546387672424316,3.7030041217803955,156.32628641200427
973.0,18.325836181640625,4.384217739105225,156.46602955000708
974.0,19.452770233154297,4.563446044921875,156.6059313500009
975.0,197.55262756347656,20.03012466430664,156.71174217300722
976.0,23.067157745361328,5.292316913604736,156.82526087900624
977.0,31.35595703125,6.759593486785889,156.93886037600168
978.0,70.74578094482422,12.862345695495605,157.05312137899455
979.0,30.409692764282227,6.930091857910156,157.1694447350019
980.0,17.299278259277344,4.49497652053833,157.27963459999592
981.0,49.688514709472656,8.676715850830078,157.39485065100598
982.0,55.52091598510742,9.773368835449219,157.50999250099994
983.0,57.270843505859375,9.473917961120605,157.6249627990037
984.0,30.531356811523438,6.409356117248535,157.7402510259999
985.0,23.958045959472656,5.626168727874756,157.85301654999785
986.0,74.40034484863281,12.334599494934082,157.96791520999977
987.0,46.384552001953125,8.044666290283203,158.08243015799962
988.0,24.777645111083984,5.527108669281006,158.19421156799945
989.0,117.75785827636719,15.5969877243042,158.301994043999
990.0,52.06251525878906,9.330559730529785,158.406769084002
991.0,132.24462890625,18.485654830932617,158.50953753400245
992.0,140.9417266845703,18.82855987548828,158.6203999040008
993.0,85.73033905029297,12.015153884887695,158.75436970499868
994.0,202.30621337890625,21.07829475402832,158.86665308800002
995.0,26.36415672302246,6.06569242477417,158.9976149110007
996.0,62.698883056640625,8.93498706817627,159.10943284000678
997.0,74.78732299804688,10.00338363647461,159.22313333599595
998.0,34.08192443847656,6.578466415405273,159.33010807199753
999.0,85.09152221679688,13.743188858032227,159.43217230400478
1000.0,79.78157043457031,11.08143138885498,159.5358414420043
1001.0,55.54684829711914,10.312281608581543,163.71565008199832
1002.0,150.83023071289062,18.029586791992188,163.83398949800176
1003.0,103.07706451416016,14.983819961547852,163.93475536300684
1004.0,52.67271041870117,9.345276832580566,164.05028479799512
1005.0,28.402620315551758,6.279763698577881,164.1684740530036
1006.0,48.70587158203125,8.156978607177734,164.27901736499916
1007.0,28.83963966369629,6.57507848739624,164.4031092399964
1008.0,56.491416931152344,9.079329490661621,164.51905690900458
1009.0,64.83351135253906,9.9085054397583,164.62234128300042
1010.0,70.38119506835938,10.996231079101562,164.72662796500663
1011.0,120.99040222167969,14.575615882873535,164.85370891800267
1012.0,319.50958251953125,29.331010818481445,164.9597116740042
1013.0,152.71304321289062,19.973567962646484,165.07342287400388
1014.0,83.68934631347656,13.13235092163086,165.1791798560007
1015.0,35.77952575683594,7.241613388061523,165.27495539499796
1016.0,34.7918701171875,6.9404296875,165.3682727980049
1017.0,59.650264739990234,8.11143684387207,165.47681148099946
1018.0,114.38523864746094,13.441368103027344,165.57582046800235
1019.0,105.04288482666016,13.7346830368042,165.67794259199582
1020.0,19.281475067138672,4.631997108459473,165.82187571600662
1021.0,224.25003051757812,22.918123245239258,165.93202639800438
1022.0,115.69267272949219,15.095704078674316,166.04506841300463
1023.0,88.02792358398438,13.145927429199219,166.1602756420034
1024.0,54.1583137512207,10.01594066619873,166.2714435700036
1025.0,39.632083892822266,8.233664512634277,166.41290367300098
1026.0,187.29856872558594,20.591358184814453,166.52547955600312
1027.0,176.63597106933594,19.21470069885254,166.6403581869963
1028.0,76.69021606445312,12.673123359680176,166.75008282500494
1029.0,64.9509506225586,10.443493843078613,166.8534445789992
1030.0,23.94350814819336,5.833883762359619,166.9610656809964
1031.0,17.99139404296875,4.587685585021973,167.073715763996
1032.0,44.24669647216797,8.021820068359375,167.18691558699356
1033.0,76.18263244628906,12.729883193969727,167.29169829499733
1034.0,59.407493591308594,10.184038162231445,167.39904478499375
1035.0,204.92929077148438,20.009103775024414,167.50961311900755
1036.0,474.3550720214844,41.630348205566406,167.62295629699656
1037.0,52.00983810424805,9.564248085021973,167.75186294299783
1038.0,35.70452880859375,7.326660633087158,167.87624450899602
1039.0,89.37335968017578,15.262442588806152,168.01401874699513
1040.0,110.51858520507812,14.847308158874512,168.15195815199695
1041.0,96.85064697265625,10.754694938659668,168.287129053002
1042.0,45.689903259277344,8.131063461303711,168.395705397008
1043.0,27.231769561767578,6.236034393310547,168.50318781200622
1044.0,93.47860717773438,10.500131607055664,168.61676984399674
1045.0,75.90098571777344,13.24756145477295,168.7244287420035
1046.0,75.79610443115234,10.874113082885742,168.83355542000209
1047.0,49.17471694946289,8.50313949584961,168.94593609399453
1048.0,22.938262939453125,5.451179027557373,169.05641638599627
1049.0,34.19654083251953,7.202319145202637,169.17155311899842
1050.0,59.850765228271484,9.473738670349121,169.29785786899447
1051.0,51.17131805419922,9.166446685791016,169.40933338200557
1052.0,21.012725830078125,4.9651899337768555,169.5300911020022
1053.0,92.14860534667969,11.11467456817627,169.64428619699902
1054.0,81.80599975585938,11.949461936950684,169.75791749500786
1055.0,40.565059661865234,7.064033508300781,169.89444998100225
1056.0,34.01948165893555,6.48374605178833,170.01922049900168
1057.0,75.94717407226562,12.0299711227417,170.11498516099527
1058.0,32.79807662963867,6.597668647766113,170.2471430900041
1059.0,20.542213439941406,4.991836071014404,170.35699563199887
1060.0,35.85637283325195,6.710906505584717,170.46414030800224
1061.0,49.17494201660156,8.945052146911621,170.570461470008
1062.0,22.968835830688477,4.991794586181641,170.68650322999747
1063.0,20.719818115234375,5.052512168884277,170.79551115099457
1064.0,92.08453369140625,8.183531761169434,170.91964817000553
1065.0,27.363779067993164,5.597573757171631,171.03092778500286
1066.0,50.89645767211914,9.75428295135498,171.15591864399903
1067.0,21.064891815185547,4.548130512237549,171.2871710610052
1068.0,122.74983215332031,16.100128173828125,171.40096818500024
1069.0,170.639404296875,21.2377872467041,171.5160086840042
1070.0,37.72760009765625,7.321357250213623,171.6308273760078
1071.0,92.91987609863281,14.767809867858887,171.74456593299692
1072.0,257.6795959472656,30.172330856323242,171.8629970720067
1073.0,71.4694595336914,11.152005195617676,171.9781214740069
1074.0,32.343841552734375,6.246635437011719,172.08738615299808
1075.0,49.2333869934082,8.131097793579102,172.1978195499978
1076.0,34.17841339111328,6.844842433929443,172.3056449029973
1077.0,93.7730484008789,11.839165687561035,172.42373252600373
1078.0,48.71505355834961,7.4834885597229,172.54999012799817
1079.0,48.51701354980469,8.629621505737305,172.6633060680033
1080.0,194.67184448242188,23.08168601989746,172.77481121399614
1081.0,18.684223175048828,4.369351863861084,172.90893920100643
1082.0,17.470840454101562,4.214417934417725,173.0258373539982
1083.0,46.5635986328125,8.573558807373047,173.14976121099608
1084.0,63.99724578857422,9.691444396972656,173.25544238499424
1085.0,52.015987396240234,9.592601776123047,173.36170336899522
1086.0,134.60989379882812,14.362517356872559,173.47870811600296
1087.0,56.51015853881836,10.014976501464844,173.58899425600248
1088.0,116.28038024902344,13.160767555236816,173.70380000199657
1089.0,54.87169647216797,8.919177055358887,173.8319945580006
1090.0,57.87616729736328,8.825371742248535,173.95893720400636
1091.0,37.614654541015625,6.817907333374023,174.07071062699833
1092.0,50.78814697265625,9.063756942749023,174.17925590499362
1093.0,27.85453987121582,5.628022193908691,174.2901331059984
1094.0,39.11883544921875,7.229600429534912,174.41962211100326
1095.0,25.10539436340332,5.884579658508301,174.5442252100038
1096.0,64.47726440429688,9.546120643615723,174.65157838500454
1097.0,31.093257904052734,6.903594493865967,174.76500104699517
1098.0,20.287410736083984,4.819569110870361,174.8754547360004
1099.0,77.19136047363281,13.158382415771484,174.98924685899692
1100.0,82.65406799316406,11.340903282165527,175.12080754700582
1101.0,25.34695816040039,5.756063938140869,179.0160347899946
1102.0,22.565641403198242,4.948606491088867,179.12509323700215
1103.0,18.531871795654297,4.542705535888672,179.24256990500726
1104.0,31.30404281616211,6.51531457901001,179.35578720099875
1105.0,29.931604385375977,6.402276515960693,179.4634508540039
1106.0,106.99101257324219,15.78198528289795,179.60123500900227
1107.0,24.422245025634766,5.39224910736084,179.72569283799385
1108.0,44.49971008300781,6.7141804695129395,179.83721584299929
1109.0,108.78366088867188,12.905081748962402,179.95111656999507
1110.0,24.938125610351562,5.546456813812256,180.07615774900478
1111.0,78.98975372314453,10.174805641174316,180.20025214100315
1112.0,105.47651672363281,14.701176643371582,180.31148152099922
1113.0,45.96375274658203,7.778488636016846,180.44077484800073
1114.0,30.608905792236328,6.715146064758301,180.55862262799928
1115.0,46.943580627441406,7.731886386871338,180.66747064200172
1116.0,26.255870819091797,5.6156487464904785,180.78526879700075
1117.0,18.969282150268555,4.373174667358398,180.89659248800308
1118.0,25.906986236572266,5.526267051696777,181.0021289980068
1119.0,61.22578430175781,9.511364936828613,181.12761161400704
1120.0,58.49561309814453,8.535628318786621,181.2394511099992
1121.0,116.00311279296875,14.868160247802734,181.34260332900158
1122.0,32.16510772705078,6.34169340133667,181.44495849400118
1123.0,21.814449310302734,5.042627334594727,181.54994331600028
1124.0,18.021305084228516,4.243677139282227,181.65654854499735
1125.0,34.19734573364258,6.651391506195068,181.7645312579989
1126.0,49.33149719238281,8.988017082214355,181.87395802799438
1127.0,59.70664978027344,8.930841445922852,181.98133581600268
1128.0,43.26213073730469,6.59322452545166,182.0898725290026
1129.0,93.98951721191406,12.223999977111816,182.20120310499624
1130.0,98.50869750976562,13.178762435913086,182.31041209799878
1131.0,46.093421936035156,9.553243637084961,182.41957406500296
1132.0,26.424243927001953,6.155632972717285,182.52917654700286
1133.0,25.863340377807617,5.743974685668945,182.63584337900102
1134.0,30.184200286865234,6.830709457397461,182.74549153899716
1135.0,169.56130981445312,22.5821475982666,182.8562367830018
1136.0,19.80936050415039,4.547632217407227,182.95484769500035
1137.0,49.65935516357422,8.943782806396484,183.0706390730047
1138.0,23.33209228515625,5.298135280609131,183.17781085400202
1139.0,21.624679565429688,5.051592826843262,183.29751890100306
1140.0,61.04463577270508,10.017081260681152,183.40211605699733
1141.0,66.25947570800781,9.271306991577148,183.5012270730076
1142.0,88.66399383544922,12.513391494750977,183.6037717779982
1143.0,59.023536682128906,8.906064987182617,183.70561385199835
1144.0,97.88453674316406,12.396732330322266,183.79897986000287
1145.0,104.81978607177734,10.205618858337402,183.91554308999912
1146.0,47.92778396606445,6.975779056549072,184.01871287700487
1147.0,9.52879524230957,2.8041844367980957,184.120202702994
1148.0,34.050376892089844,6.636256217956543,184.2564890670037
1149.0,13.880647659301758,3.724025011062622,184.3794487099949
1150.0,49.20497131347656,7.729820251464844,184.48420994600747
1151.0,55.63975143432617,9.682060241699219,184.59119428199483
1152.0,33.810302734375,6.594088077545166,184.70812314399518
1153.0,64.5885238647461,10.114551544189453,184.82452539699443
1154.0,49.51637649536133,8.892333030700684,184.92023436899763
1155.0,114.73696899414062,14.955071449279785,185.02661675300624
1156.0,77.85427856445312,12.71139907836914,185.1358564389957
1157.0,120.76998138427734,16.83949089050293,185.24547220999375
1158.0,64.63472747802734,11.611517906188965,185.3473824399989
1159.0,139.4208984375,14.239635467529297,185.45345392399759
1160.0,46.141517639160156,7.009037971496582,185.55684953500167
1161.0,14.328079223632812,3.5600554943084717,185.69344539499434
1162.0,60.48686981201172,9.700859069824219,185.81913536900538
1163.0,50.389678955078125,8.3204984664917,185.9433027740015
1164.0,25.904699325561523,5.913509845733643,186.0705028049997
1165.0,28.875850677490234,5.827078819274902,186.17751046099875
1166.0,52.36750793457031,8.338926315307617,186.2866827520047
1167.0,33.77425003051758,6.317292213439941,186.3894074139971
1168.0,51.56687927246094,9.823827743530273,186.49484594400565
1169.0,12.20097541809082,3.2710623741149902,186.60029173799558
1170.0,28.6533203125,5.822614669799805,186.69794204400387
1171.0,14.730877876281738,3.507479429244995,186.81959885200195
1172.0,22.64620590209961,5.324820518493652,186.94866848000675
1173.0,27.579633712768555,5.672359466552734,187.053623521002
1174.0,106.77332305908203,12.462904930114746,187.17132921199664
1175.0,21.138572692871094,4.74135160446167,187.35658120800508
1176.0,18.509876251220703,4.597813606262207,187.4656596900022
1177.0,21.361480712890625,5.034108638763428,187.58439219200227
1178.0,20.464385986328125,4.563251972198486,187.70135563600343
1179.0,54.52210998535156,8.675064086914062,187.8429126849951
1180.0,44.760337829589844,7.135070323944092,187.94795850099763
1181.0,21.87004852294922,4.359560489654541,188.06542433799768
1182.0,16.023746490478516,4.100376129150391,188.18501947300683
1183.0,24.80807876586914,4.978520393371582,188.2977531840006
1184.0,38.56554412841797,6.864215850830078,188.41181759300525
1185.0,212.68943786621094,22.848464965820312,188.51528561300074
1186.0,183.42039489746094,19.943342208862305,188.61751354200533
1187.0,43.02824783325195,7.752745151519775,188.72136438000598
1188.0,46.96515655517578,8.906062126159668,188.8190810380038
1189.0,44.57265853881836,8.797823905944824,188.9313461020065
1190.0,39.20219421386719,7.15125036239624,189.06158013899403
1191.0,38.62977600097656,7.561784744262695,189.18496482400224
1192.0,75.62007141113281,10.600648880004883,189.29692407800758
1193.0,26.83949089050293,6.378608226776123,189.41321189100563
1194.0,67.07138061523438,11.197774887084961,189.51932536299864
1195.0,22.5715389251709,5.015341281890869,189.62533075800457
1196.0,22.190296173095703,4.251413345336914,189.71772921500087
1197.0,58.49480056762695,10.37169075012207,189.81176125099591
1198.0,40.54920196533203,8.270724296569824,189.9119741320028
1199.0,45.26139831542969,8.130494117736816,190.0303602310014
1200.0,22.107013702392578,5.180119037628174,190.15610557800392
1201.0,45.34759521484375,7.817705154418945,194.24118737800745
1202.0,18.9501953125,4.253504753112793,194.3571199739963
1203.0,20.573596954345703,4.95957612991333,194.46729370400135
1204.0,52.877288818359375,8.556438446044922,194.56980300700525
1205.0,19.121631622314453,4.201031684875488,194.67219151700556
1206.0,31.753299713134766,6.165213584899902,194.7833418759983
1207.0,22.17876434326172,4.64816951751709,194.91943851399992
1208.0,15.815995216369629,3.8573451042175293,195.03086884600634
1209.0,32.49261474609375,6.487674713134766,195.16023648799455
1210.0,17.356216430664062,4.109677791595459,195.27621961200202
1211.0,317.27276611328125,34.28841018676758,195.41360157400777
1212.0,43.51652526855469,8.100387573242188,195.53209730300296
1213.0,32.20247268676758,7.052382946014404,195.6614704280073
1214.0,182.0281524658203,19.182147979736328,195.78147235799406
1215.0,37.585243225097656,6.850030422210693,195.90536163600336
1216.0,61.755775451660156,9.603015899658203,196.03770437200728
1217.0,37.89183044433594,6.66322660446167,196.14386060700053
1218.0,60.92113494873047,8.737203598022461,196.2795166910073
1219.0,52.788673400878906,8.736491203308105,196.3939717500034
1220.0,50.878623962402344,7.354433059692383,196.49544252699707
1221.0,134.23629760742188,11.58138370513916,196.597577189008
1222.0,62.414886474609375,9.880577087402344,196.71173808400636
1223.0,15.850157737731934,3.9495842456817627,196.8451958460064
1224.0,48.869747161865234,7.907452583312988,196.9459213509981
1225.0,152.57301330566406,17.13728141784668,197.04893754700606
1226.0,20.588163375854492,4.975343704223633,197.16124561800098
1227.0,36.73221206665039,7.628003120422363,197.28484674199717
1228.0,30.20416831970215,6.055692672729492,197.39245504999417
1229.0,66.91593933105469,12.152560234069824,197.49871170599363
1230.0,20.79327392578125,4.6078290939331055,197.61916613500216
1231.0,47.243896484375,8.50709056854248,197.75320264100446
1232.0,23.48479461669922,5.356769561767578,197.88501950900536
1233.0,57.88981628417969,10.872112274169922,198.0262536030059
1234.0,24.110210418701172,4.712855339050293,198.13750887500646
1235.0,99.04116821289062,11.425525665283203,198.24244104699756
1236.0,65.27468872070312,9.924737930297852,198.35246367299987
1237.0,42.8601188659668,6.847188472747803,198.46101649300545
1238.0,49.39103317260742,8.654885292053223,198.5703035100014
1239.0,109.0553970336914,12.64484691619873,198.68274997100525
1240.0,81.97635650634766,11.21311092376709,198.79352027499408
1241.0,136.67584228515625,16.642942428588867,198.89860554299958
1242.0,54.38619613647461,7.603372097015381,199.00528611900518
1243.0,137.00575256347656,17.520463943481445,199.11787884900696
1244.0,15.29185676574707,3.880642890930176,199.23429364799813
1245.0,41.41570281982422,7.095216274261475,199.34145739099768
1246.0,98.25055694580078,15.590502738952637,199.46679061700706
1247.0,57.0009880065918,8.615641593933105,199.59346371500578
1248.0,42.73784637451172,8.395529747009277,199.71869166800752
1249.0,70.93310546875,11.422842979431152,199.83403999400616
1250.0,47.97940444946289,9.52232837677002,199.95796687599795
1251.0,42.93882751464844,8.489184379577637,200.06898096700024
1252.0,32.118804931640625,5.752824306488037,200.18457708699862
1253.0,29.523569107055664,6.453530311584473,200.2955049000011
1254.0,21.340269088745117,4.95672607421875,200.44673354900442
1255.0,33.32806396484375,6.179537296295166,200.56749186699744
1256.0,37.4611930847168,6.9714250564575195,200.6841641380015
1257.0,39.570762634277344,7.177623748779297,200.79766880400712
1258.0,28.012670516967773,6.235392093658447,200.90654919600638
1259.0,75.91806030273438,10.58578109741211,201.01439635299903
1260.0,34.05094528198242,6.71437931060791,201.13270630000625
1261.0,66.57046508789062,10.924927711486816,201.2689231300028
1262.0,61.50627136230469,9.609339714050293,201.38393992900092
1263.0,15.818403244018555,3.8067641258239746,201.4913988860062
1264.0,52.92570495605469,9.056672096252441,201.6076989580033
1265.0,108.12596130371094,12.08623218536377,201.7229434500041
1266.0,70.14739990234375,10.98095417022705,201.83109493700613
1267.0,15.225067138671875,3.8489530086517334,201.93661891999363
1268.0,32.4556884765625,6.4010186195373535,202.0395557120064
1269.0,31.816925048828125,6.8983869552612305,202.15279251300672
1270.0,86.04983520507812,11.73326301574707,202.26669283100637
1271.0,214.05224609375,22.844064712524414,202.3757764220063
1272.0,31.884706497192383,6.891366958618164,202.4943492570019
1273.0,24.0157470703125,5.145124435424805,202.6072543150076
1274.0,24.395263671875,5.307560443878174,202.7212114569993
1275.0,18.7398681640625,3.994197130203247,202.84400478200405
1276.0,20.374099731445312,4.657034873962402,202.96325651400548
1277.0,19.38845443725586,4.5668559074401855,203.09437502300716
1278.0,45.29296112060547,8.095710754394531,203.2348520210071
1279.0,50.84489440917969,7.781888008117676,203.34498319000704
1280.0,27.125499725341797,5.58516263961792,203.45447767300357
1281.0,119.7061767578125,14.648606300354004,203.5870834219968
1282.0,24.890605926513672,5.563172817230225,203.69665825899574
1283.0,27.138153076171875,5.4219889640808105,203.8081776080071
1284.0,65.29393005371094,10.155611991882324,203.92404083699512
1285.0,19.0484619140625,4.515754222869873,204.03287757199723
1286.0,59.03385543823242,11.26429557800293,204.15953173399612
1287.0,17.14577865600586,4.253836154937744,204.26928640100232
1288.0,64.67369079589844,9.010839462280273,204.37522498800536
1289.0,55.02068328857422,8.574111938476562,204.48223285199492
1290.0,24.083778381347656,4.671561241149902,204.62383168599627
1291.0,20.20615005493164,4.3693108558654785,204.7620204190025
1292.0,15.525222778320312,3.8835959434509277,204.8910528569977
1293.0,17.984161376953125,3.985990524291992,205.03198724999675
1294.0,85.08013153076172,9.30971908569336,205.1656382259971
1295.0,24.70631980895996,5.394876956939697,205.2937071089982
1296.0,28.274168014526367,6.788031578063965,205.39641010899504
1297.0,50.63274383544922,8.549898147583008,205.50805612000113
1298.0,36.472312927246094,6.610279560089111,205.6174460869952
1299.0,16.127904891967773,3.9987435340881348,205.76898862699454
1300.0,13.39460277557373,3.437697410583496,205.8907028810063
1301.0,26.428335189819336,5.511096954345703,210.0836951329984
1302.0,41.27657699584961,6.863834381103516,210.2126343179989
1303.0,15.491016387939453,4.000458717346191,210.34274762999848
1304.0,21.432456970214844,4.73531436920166,210.49353891900682
1305.0,50.311119079589844,10.017394065856934,210.6158406839968
1306.0,45.95745086669922,7.36234712600708,210.72727266099537
1307.0,29.17344093322754,6.0929718017578125,210.85372255099355
1308.0,60.492279052734375,9.840017318725586,210.9934573299979
1309.0,61.73654556274414,9.89330005645752,211.10556458200153
1310.0,22.703136444091797,5.5386223793029785,211.22445126599632
1311.0,73.76519012451172,12.443551063537598,211.38153811699885
1312.0,59.670753479003906,8.96064281463623,211.49028486700263
1313.0,76.37944030761719,10.632410049438477,211.61240834199998
1314.0,20.744672775268555,4.798737525939941,211.7289605130063
1315.0,14.808296203613281,3.7853753566741943,211.84882993799692
1316.0,24.991893768310547,5.191608428955078,211.96244210099394
1317.0,15.895554542541504,3.8021953105926514,212.07284361400525
1318.0,93.22435760498047,8.12741756439209,212.18672890300513
1319.0,53.40702819824219,7.547036170959473,212.28531386700342
1320.0,24.89419937133789,4.923716068267822,212.38700760400388
1321.0,13.962140083312988,3.813793897628784,212.50171856899397
1322.0,20.708877563476562,4.651698589324951,212.60754245899443
1323.0,21.53057861328125,5.34236478805542,212.74284051499853
1324.0,73.78047180175781,12.68830680847168,212.873783233008
1325.0,65.93075561523438,11.233199119567871,212.97792494999885
1326.0,21.8913516998291,4.975595474243164,213.08992146000674
1327.0,117.59091186523438,13.624378204345703,213.1960207719967
1328.0,39.5482063293457,7.5566205978393555,213.29761662900273
1329.0,37.12959289550781,6.8846516609191895,213.40269244200317
1330.0,16.07221221923828,3.800694704055786,213.52897231900715
1331.0,40.17925262451172,6.969691276550293,213.66345141599595
1332.0,52.446807861328125,9.810208320617676,213.78157503600232
1333.0,41.552757263183594,7.872506618499756,213.88403282800573
1334.0,31.47737693786621,5.839127540588379,213.9873873290053
1335.0,36.27877426147461,6.420005798339844,214.09419369300304
1336.0,32.18947982788086,5.559312343597412,214.20326265100448
1337.0,37.02086639404297,8.194697380065918,214.31426753899723
1338.0,32.874267578125,5.873142719268799,214.4300801060017
1339.0,14.62009048461914,3.8397083282470703,214.54832155599433
1340.0,27.547809600830078,5.50282621383667,214.65972729600617
1341.0,84.6920166015625,10.650774002075195,214.77258944399364
1342.0,89.00299072265625,11.689657211303711,214.8852062119986
1343.0,16.74819564819336,4.100057601928711,214.9959012629988
1344.0,44.55915832519531,5.670090198516846,215.10761664400343
1345.0,48.49189376831055,8.03704833984375,215.21800500999962
1346.0,41.83266830444336,7.879996299743652,215.33281167800305
1347.0,23.36098861694336,5.784841060638428,215.4472147070046
1348.0,70.74637603759766,10.781224250793457,215.56636472800164
1349.0,39.18711853027344,8.072759628295898,215.6778686799953
1350.0,23.192554473876953,5.60391092300415,215.79355903199757
1351.0,87.35699462890625,11.470207214355469,215.91188384700217
1352.0,25.291751861572266,5.395369529724121,216.02279129100498
1353.0,37.43116760253906,7.351928234100342,216.1300500149955
1354.0,34.35762023925781,6.062449932098389,216.2338399769942
1355.0,33.786808013916016,6.4094929695129395,216.34010195100564
1356.0,19.98763656616211,4.490512371063232,216.44447675399715
1357.0,42.35084533691406,7.190102577209473,216.55873845699534
1358.0,15.64723014831543,3.5152199268341064,216.6706104390032
1359.0,32.295860290527344,6.410569667816162,216.78394608899544
1360.0,15.697877883911133,3.856484889984131,216.8967128679942
1361.0,56.15809631347656,7.792726039886475,217.0079185009963
1362.0,99.1092300415039,13.443988800048828,217.11700534400006
1363.0,45.357810974121094,6.39280891418457,217.24267598400183
1364.0,22.432340621948242,4.782679557800293,217.35119458200643
1365.0,18.785472869873047,4.329123497009277,217.47303080299753
1366.0,54.70935821533203,8.6928129196167,217.5930167290062
1367.0,15.895322799682617,3.816540241241455,217.71237567400385
1368.0,11.61468505859375,3.0367207527160645,217.84051570300653
1369.0,26.38042449951172,5.484905242919922,217.96500468699378
1370.0,51.439002990722656,8.558496475219727,218.07875409499684
1371.0,32.72544860839844,6.549330711364746,218.1881691449962
1372.0,29.421430587768555,6.621306419372559,218.3011129439983
1373.0,69.47055053710938,10.805062294006348,218.40946470800554
1374.0,20.819072723388672,4.512569427490234,218.5205888710043
1375.0,194.20022583007812,19.985288619995117,218.63059453800088
1376.0,29.334924697875977,5.723552227020264,218.74149867499364
1377.0,28.48576545715332,5.197956085205078,218.85316429499653
1378.0,28.592445373535156,5.994547367095947,218.95840537500044
1379.0,134.9886932373047,17.42989158630371,219.06711192100192
1380.0,23.27255630493164,5.232498645782471,219.17792778600415
1381.0,120.7518539428711,9.142438888549805,219.28348307000124
1382.0,22.641939163208008,5.263595104217529,219.39453704100742
1383.0,44.85376739501953,7.106385231018066,219.51368775400624
1384.0,336.78167724609375,35.31792068481445,219.61932766900281
1385.0,86.61077117919922,11.352225303649902,219.72125237699947
1386.0,31.272750854492188,6.077266693115234,219.83507645600184
1387.0,25.819469451904297,5.6631760597229,219.94348457899468
1388.0,19.868633270263672,4.478122234344482,220.05734862500685
1389.0,27.531047821044922,5.977445602416992,220.16517925000517
1390.0,31.14851951599121,6.300441265106201,220.2742053099937
1391.0,64.31793212890625,9.707939147949219,220.38786923899897
1392.0,18.595027923583984,4.505134582519531,220.4936839830043
1393.0,60.76158905029297,8.20724105834961,220.63913744399906
1394.0,18.034774780273438,4.512396812438965,220.77374396000232
1395.0,106.86885070800781,16.4342098236084,220.88269133900758
1396.0,29.575281143188477,4.435102939605713,220.99590329799685
1397.0,58.59382629394531,9.229265213012695,221.11002970499976
1398.0,54.07523727416992,8.4668550491333,221.22657896099554
1399.0,17.734426498413086,4.045753479003906,221.33539738299442
1400.0,23.123245239257812,5.33278751373291,221.45114975300385
1401.0,25.255088806152344,5.56263542175293,225.45398586300144
1402.0,95.50247192382812,11.994919776916504,225.57974510600616
1403.0,14.920363426208496,3.876336097717285,225.69793532699987
1404.0,96.13477325439453,15.18946361541748,225.81041004699364
1405.0,18.732892990112305,4.408276557922363,225.92850387499493
1406.0,48.4185791015625,8.796131134033203,226.03266653699393
1407.0,35.795867919921875,7.052573204040527,226.15372784300416
1408.0,31.187768936157227,6.944128513336182,226.27548494200164
1409.0,13.143451690673828,3.495692014694214,226.39096053999674
1410.0,37.542877197265625,7.211785793304443,226.5096193500067
1411.0,72.53426361083984,11.807305335998535,226.62458032999712
1412.0,122.25051879882812,15.747989654541016,226.76740519799932
1413.0,182.7377166748047,22.683502197265625,226.88009725199663
1414.0,40.41325378417969,8.091547012329102,226.99485844100127
1415.0,96.25076293945312,13.66425609588623,227.10721079600626
1416.0,15.380840301513672,3.877012252807617,227.21666347500286
1417.0,166.24142456054688,19.25482940673828,227.3260022119939
1418.0,33.8099479675293,6.654529094696045,227.43629589299962
1419.0,24.200969696044922,5.7941389083862305,227.56168451000121
1420.0,45.66007614135742,6.548938274383545,227.68898565099516
1421.0,55.941932678222656,8.491386413574219,227.80551049500355
1422.0,155.8040771484375,17.165546417236328,227.93998334900243
1423.0,23.51011085510254,5.316077709197998,228.06797938900127
1424.0,31.035579681396484,6.400395393371582,228.1793035390001
1425.0,32.471282958984375,5.327235221862793,228.2824548369972
1426.0,21.249420166015625,4.9079203605651855,228.41158403000736
1427.0,68.14875030517578,9.239426612854004,228.5466741679993
1428.0,31.35322380065918,6.065499305725098,228.65485362500476
1429.0,67.43971252441406,9.265107154846191,228.76799845900678
1430.0,106.47084045410156,13.091526985168457,228.88939794800535
1431.0,37.738136291503906,6.510197162628174,229.01082557899645
1432.0,97.3638916015625,12.872069358825684,229.11401454800216
1433.0,37.02582550048828,7.7391462326049805,229.22125224900083
1434.0,115.02545928955078,12.969273567199707,229.3302897810063
1435.0,41.036834716796875,8.167442321777344,229.46614968399808
1436.0,40.18614196777344,7.76814603805542,229.58524946699617
1437.0,70.29894256591797,10.897517204284668,229.7052792159957
1438.0,53.28578186035156,8.741182327270508,229.84075481300533
1439.0,17.9942626953125,3.8481414318084717,229.95640470899525
1440.0,37.889869689941406,7.7967305183410645,230.0718754289992
1441.0,54.26995086669922,9.08466625213623,230.20066650300578
1442.0,15.845174789428711,4.320741176605225,230.2989240540046
1443.0,59.43901062011719,9.204765319824219,230.4013364410057
1444.0,46.43333053588867,7.913971424102783,230.5126953650033
1445.0,13.059131622314453,3.4286623001098633,230.6627941540064
1446.0,30.16564178466797,5.7941508293151855,230.78761964499427
1447.0,14.500024795532227,3.725109100341797,230.9077972679952
1448.0,26.636247634887695,5.882436275482178,231.02207599299436
1449.0,46.69120407104492,7.60830020904541,231.13881905599555
1450.0,16.194711685180664,3.74829363822937,231.2528678969975
1451.0,23.24648666381836,6.212751865386963,231.35794957799953
1452.0,110.76211547851562,12.130613327026367,231.46445934000076
1453.0,19.315288543701172,4.907217979431152,231.5805303399975
1454.0,131.13624572753906,12.31676197052002,231.69555482799478
1455.0,117.12582397460938,12.731412887573242,231.8103607880039
1456.0,20.52646255493164,5.295171737670898,231.91757319700264
1457.0,84.33614349365234,12.711994171142578,232.0291700020025
1458.0,27.610158920288086,5.905986785888672,232.16307662600593
1459.0,155.72958374023438,17.977188110351562,232.29226629900222
1460.0,37.77642822265625,7.024020671844482,232.3984947680001
1461.0,14.808116912841797,3.7401764392852783,232.50685724499635
1462.0,30.847339630126953,6.336785793304443,232.62028401199495
1463.0,17.114253997802734,3.8668341636657715,232.73866550199455
1464.0,29.263906478881836,5.743109226226807,232.89378150900302
1465.0,48.30585861206055,7.260181903839111,233.01255349400162
1466.0,32.4521369934082,5.749115943908691,233.11155664999387
1467.0,91.34265899658203,11.017704010009766,233.2247024429962
1468.0,126.26513671875,13.738123893737793,233.32923689100426
1469.0,73.58308410644531,9.666936874389648,233.44906457400066
1470.0,73.93888854980469,9.875078201293945,233.55637359200045
1471.0,41.82303237915039,8.082345962524414,233.6541269629961
1472.0,92.46090698242188,11.009729385375977,233.76751855999464
1473.0,18.71738052368164,3.7846477031707764,233.8800364750059
1474.0,22.426681518554688,4.685495376586914,233.98907493799925
1475.0,29.45812225341797,5.304313659667969,234.09622557699913
1476.0,141.635986328125,16.10569190979004,234.20761662200675
1477.0,64.38520812988281,10.577571868896484,234.31793556000048
1478.0,29.91912841796875,6.428035736083984,234.42711357299413
1479.0,19.67251205444336,4.13901424407959,234.5363664530014
1480.0,30.750164031982422,6.791821479797363,234.64245883200783
1481.0,26.175792694091797,5.449986457824707,234.7452174360078
1482.0,116.32838439941406,12.612260818481445,234.86405045099673
1483.0,27.634124755859375,5.262545585632324,234.98431468600756
1484.0,13.092533111572266,3.42569899559021,235.1022642559983
1485.0,19.891559600830078,4.397891044616699,235.2183102650015
1486.0,21.799217224121094,4.607123374938965,235.32922307300032
1487.0,14.19914436340332,3.549069881439209,235.4695309999952
1488.0,36.58335876464844,6.559825897216797,235.61138968200248
1489.0,19.693702697753906,4.279310703277588,235.7390474230051
1490.0,150.31060791015625,16.79224395751953,235.8702953000029
1491.0,35.83187484741211,5.690413475036621,236.01627211499726
1492.0,97.08074951171875,12.752069473266602,236.1386858439946
1493.0,62.773406982421875,9.494806289672852,236.25363534799544
1494.0,19.405746459960938,4.5498046875,236.3603399690037
1495.0,28.866886138916016,6.406768321990967,236.45730582700344
1496.0,53.980918884277344,9.163002967834473,236.5604083299986
1497.0,19.51641845703125,4.557953357696533,236.66045398300048
1498.0,125.19854736328125,13.356877326965332,236.7724847250065
1499.0,31.086570739746094,5.80074405670166,236.89510114199948
1500.0,24.30191993713379,4.778261661529541,237.02447772599407
1501.0,28.487092971801758,5.709560871124268,242.07138446399767
1502.0,34.33634567260742,6.273829936981201,242.17738532999647
1503.0,45.97410583496094,7.1893110275268555,242.32405613599985
1504.0,26.6227970123291,6.101168632507324,242.46735214799992
1505.0,33.90021514892578,7.643357753753662,242.57815910600766
1506.0,235.21058654785156,24.674480438232422,242.70432869800425
1507.0,23.99418830871582,5.546441555023193,242.82997224200517
1508.0,13.255853652954102,3.3246827125549316,242.9495499009936
1509.0,110.1865005493164,14.822047233581543,243.05274105000717
1510.0,95.62339782714844,14.072712898254395,243.19075273000635
1511.0,12.20007038116455,3.025392532348633,243.33724210500077
1512.0,14.38129711151123,3.793792963027954,243.4275028770062
1513.0,94.67668914794922,11.690910339355469,243.554050257997
1514.0,15.183082580566406,3.5911364555358887,243.6732264750026
1515.0,13.685144424438477,3.953904390335083,243.77881440799683
1516.0,19.111480712890625,4.230744361877441,243.89140394299466
1517.0,21.138137817382812,5.260321140289307,244.03048249700805
1518.0,17.868427276611328,4.272395133972168,244.14427983299538
1519.0,72.38284301757812,11.482450485229492,244.26261070799956
1520.0,36.58673858642578,7.482606887817383,244.39239648199873
1521.0,132.75132751464844,16.247230529785156,244.48954845599656
1522.0,12.89210319519043,3.3996684551239014,244.58475765300682
1523.0,22.159135818481445,5.114312648773193,244.68881152800168
1524.0,17.79150390625,4.571810722351074,244.80467454300378
1525.0,60.800567626953125,9.788143157958984,244.91924647899577
1526.0,12.31146240234375,3.453503370285034,245.0306149609969
1527.0,21.911413192749023,5.130912780761719,245.1499184830027
1528.0,44.711570739746094,8.58150577545166,245.26616593799554
1529.0,14.275276184082031,3.64561128616333,245.38488296599826
1530.0,29.5594482421875,6.185634136199951,245.49749867799983
1531.0,81.26937866210938,12.741753578186035,245.6037392779981
1532.0,117.00141906738281,13.346643447875977,245.7170224760048
1533.0,34.22491455078125,7.432736873626709,245.85346887400374
1534.0,45.80302429199219,8.412986755371094,245.95924833499885
1535.0,45.12321472167969,8.061612129211426,246.069591314008
1536.0,33.496299743652344,6.731980800628662,246.17936554100015
1537.0,26.509246826171875,5.64413595199585,246.28616567500285
1538.0,65.84539794921875,9.868887901306152,246.38942772400333
1539.0,91.97467041015625,12.630331993103027,246.4940971939941
1540.0,63.23068618774414,11.440825462341309,246.60345023899572
1541.0,27.156002044677734,6.296497821807861,246.71359427100106
1542.0,28.663864135742188,6.197414398193359,246.81602975699934
1543.0,12.799602508544922,3.2949488162994385,246.91806668399659
1544.0,35.464019775390625,6.458792686462402,247.0278240810003
1545.0,14.242379188537598,3.736440420150757,247.13783924200106
1546.0,29.81170654296875,5.511780261993408,247.25792651000666
1547.0,52.851463317871094,8.398442268371582,247.3675363509974
1548.0,25.8968563079834,5.192640781402588,247.47878275399853
1549.0,39.78076934814453,5.856058120727539,247.5893715580023
1550.0,141.2061767578125,20.291805267333984,247.69225180700596
1551.0,14.257389068603516,3.7891788482666016,247.79037481499836
1552.0,41.76806640625,5.132615089416504,247.89317827300692
1553.0,61.99528503417969,9.194873809814453,248.00098142299976
1554.0,70.3985366821289,10.363059997558594,248.11422615300398
1555.0,62.379478454589844,7.703839302062988,248.21629410400055
1556.0,19.596771240234375,4.769059181213379,248.3241786819999
1557.0,54.456661224365234,8.092068672180176,248.4365161589958
1558.0,68.78106689453125,9.904926300048828,248.54602819599677
1559.0,48.99708557128906,8.249871253967285,248.65404025299358
1560.0,23.030954360961914,5.174370765686035,248.76121834899823
1561.0,80.83917236328125,10.558492660522461,248.87149035900075
1562.0,20.88028335571289,4.22401237487793,248.98834978400555
1563.0,12.104157447814941,3.3352749347686768,249.0969788000075
1564.0,49.883750915527344,8.868576049804688,249.2118277970003
1565.0,14.487367630004883,3.358975887298584,249.33141076100583
1566.0,16.89426040649414,3.69368314743042,249.4401487599971
1567.0,22.73147964477539,4.833952903747559,249.5501939530077
1568.0,40.848297119140625,8.252689361572266,249.67158404400107
1569.0,24.57375717163086,5.487863540649414,249.7747122330038
1570.0,40.936458587646484,7.395376682281494,249.89039467000111
1571.0,50.48577117919922,8.976545333862305,250.0029461219965
1572.0,50.13921356201172,8.475574493408203,250.11158102800255
1573.0,19.01175308227539,4.609249114990234,250.22108505699725
1574.0,29.44563865661621,5.4362473487854,250.3242967929982
1575.0,22.827239990234375,4.429537296295166,250.4356685870007
1576.0,42.86933517456055,7.642200946807861,250.5478551999986
1577.0,79.11785888671875,8.798898696899414,250.6582848100079
1578.0,14.25263786315918,3.645004987716675,250.76793081400683
1579.0,10.1560697555542,2.7045493125915527,250.88274669200473
1580.0,45.590087890625,6.322140693664551,250.9913708850072
1581.0,86.27967834472656,10.933939933776855,251.10783531899506
1582.0,22.1234130859375,5.252029895782471,251.21644183900207
1583.0,229.09727478027344,27.504329681396484,251.35321036199457
1584.0,93.0136489868164,11.730613708496094,251.46494869000162
1585.0,28.879621505737305,5.956470012664795,251.57359503899352
1586.0,31.21053123474121,6.306850433349609,251.6843455210037
1587.0,14.916013717651367,3.8671960830688477,251.79343298000458
1588.0,20.93739891052246,4.7315497398376465,251.90731047600275
1589.0,18.582393646240234,4.61984920501709,252.0168460779969
1590.0,71.89962005615234,10.486931800842285,252.1254810649989
1591.0,52.87046813964844,9.079505920410156,252.231774889995
1592.0,42.23295593261719,7.366043567657471,252.37681133800652
1593.0,48.02277755737305,9.180510520935059,252.51517156200134
1594.0,14.565007209777832,3.898824691772461,252.62003471699427
1595.0,18.638214111328125,4.339678764343262,252.73134362000565
1596.0,18.93120765686035,4.556578636169434,252.86550596100278
1597.0,23.982696533203125,5.759771347045898,253.0050480570062
1598.0,30.50260353088379,6.098304271697998,253.11569479299942
1599.0,17.794189453125,3.735326051712036,253.23233286599861
1600.0,12.855091094970703,3.4547550678253174,253.3529102600005
1601.0,62.805084228515625,9.019824981689453,257.38723298200057
1602.0,22.29076385498047,4.540323734283447,257.5096010929992
1603.0,15.15449333190918,4.111654758453369,257.6228550369997
1604.0,59.903472900390625,7.991833209991455,257.7495884999953
1605.0,20.924301147460938,4.544205188751221,257.9040175160044
1606.0,38.04920959472656,6.864253044128418,258.07708053299575
1607.0,27.464508056640625,5.991880416870117,258.19831025300664
1608.0,65.77693176269531,8.322813987731934,258.3230441860069
1609.0,27.356531143188477,6.049881458282471,258.5137137010024
1610.0,32.130496978759766,6.29142427444458,258.6669410089962
1611.0,25.31955337524414,5.290988445281982,258.7903914920025
1612.0,13.255807876586914,3.457141637802124,258.93064968999533
1613.0,27.24791717529297,5.401657581329346,259.05021196500456
1614.0,79.74017333984375,10.32668685913086,259.2214411909954
1615.0,19.724355697631836,5.134763240814209,259.37767399499717
1616.0,28.419572830200195,5.359861850738525,259.52772666599776
1617.0,38.223419189453125,6.568936824798584,259.64306396699976
1618.0,23.341663360595703,5.012623310089111,259.77176442800555
1619.0,73.93212890625,9.290680885314941,259.8804360579961
1620.0,98.89363861083984,10.773898124694824,259.98776652100787
1621.0,23.85943603515625,5.275630950927734,260.09271558199544
1622.0,65.11802673339844,10.240456581115723,260.1966424330021
1623.0,57.363258361816406,8.57505989074707,260.3117992040061
1624.0,125.60246276855469,15.04206657409668,260.4180036379985
1625.0,71.02293395996094,11.084410667419434,260.52022354200017
1626.0,19.407670974731445,4.843105316162109,260.62416416399356
1627.0,112.71754455566406,15.406259536743164,260.726781564008
1628.0,94.6126480102539,12.164711952209473,260.84931549199973
1629.0,37.237403869628906,6.618972301483154,260.9557061439991
1630.0,17.455774307250977,4.258023262023926,261.06360299799417
1631.0,13.996334075927734,3.6601016521453857,261.1872854039975
1632.0,27.937843322753906,6.213318824768066,261.301414112997
1633.0,15.98438549041748,3.957181930541992,261.4253948859987
1634.0,43.02954864501953,7.0774245262146,261.5382662379998
1635.0,21.162006378173828,4.841439247131348,261.65265080099925
1636.0,12.78557014465332,3.2473247051239014,261.7984026030026
1637.0,16.308406829833984,3.8089852333068848,261.9397841809987
1638.0,21.72623062133789,4.983546257019043,262.06118497000716
1639.0,28.07752227783203,5.781381607055664,262.1752978190052
1640.0,11.502195358276367,3.2129344940185547,262.28986998500477
1641.0,24.336898803710938,5.065667152404785,262.402850701008
1642.0,70.38931274414062,9.86893081665039,262.51500400500663
1643.0,19.656089782714844,4.530121803283691,262.6352819879976
1644.0,30.924495697021484,5.868419170379639,262.7804615250061
1645.0,28.487815856933594,5.7675652503967285,262.91502191100153
1646.0,11.183294296264648,3.1213200092315674,263.04436798799725
1647.0,122.58280944824219,10.213199615478516,263.1608527089993
1648.0,49.81121063232422,10.120357513427734,263.2630168619944
1649.0,55.983551025390625,7.658936977386475,263.3862491680047
1650.0,104.54730987548828,9.319190979003906,263.49907253700076
1651.0,154.0860137939453,18.09125328063965,263.6098020740028
1652.0,33.42958450317383,6.503018379211426,263.7173541660013
1653.0,21.540233612060547,5.096128463745117,263.8239241359988
1654.0,15.264368057250977,3.982252359390259,263.9346840079961
1655.0,8.444524765014648,2.4090631008148193,264.03775809600484
1656.0,34.58224105834961,6.624078750610352,264.1430886339949
1657.0,36.53256607055664,8.32736587524414,264.2679158850078
1658.0,44.57703399658203,7.35818338394165,264.37414301400713
1659.0,17.457836151123047,4.0425705909729,264.50047591299517
1660.0,27.139537811279297,5.4146575927734375,264.6183902860066
1661.0,37.80097961425781,6.707252502441406,264.7274187860021
1662.0,9.264457702636719,2.572672128677368,264.8423066719988
1663.0,68.65553283691406,11.742502212524414,264.93856123399746
1664.0,14.475048065185547,3.8814330101013184,265.0383587410033
1665.0,163.80755615234375,16.48122787475586,265.1472373059951
1666.0,16.671913146972656,3.941502094268799,265.26016113499645
1667.0,421.2828369140625,40.7508544921875,265.3716166999948
1668.0,80.58551788330078,11.440742492675781,265.48397610499524
1669.0,16.729808807373047,4.258052349090576,265.59044155999436
1670.0,22.975364685058594,4.9677510261535645,265.70212660200195
1671.0,25.994853973388672,5.228784084320068,265.81280020199483
1672.0,37.14116287231445,6.873228073120117,265.915802678006
1673.0,102.16891479492188,8.851126670837402,266.01613414600433
1674.0,19.93932342529297,4.404397487640381,266.13847582299786
1675.0,55.38502502441406,8.061588287353516,266.26154106500326
1676.0,54.32550048828125,8.581304550170898,266.3799223630049
1677.0,15.06231689453125,3.6237051486968994,266.49959237400617
1678.0,46.41172790527344,8.189958572387695,266.6062854509946
1679.0,37.840843200683594,7.008289337158203,266.7128470729949
1680.0,42.68950653076172,6.551120758056641,266.82504711599904
1681.0,12.977941513061523,3.21859073638916,266.92160045099445
1682.0,39.350521087646484,6.117239952087402,267.04541555700416
1683.0,12.284866333007812,2.9935250282287598,267.15897724599927
1684.0,31.435556411743164,6.762392997741699,267.2605586999998
1685.0,223.749755859375,26.947900772094727,267.3653568550071
1686.0,36.632545471191406,6.474703311920166,267.47370727799716
1687.0,15.942655563354492,3.9493916034698486,267.5859204320004
1688.0,18.251873016357422,4.345953464508057,267.71262875599496
1689.0,23.486942291259766,5.629559516906738,267.8438153610041
1690.0,61.27287673950195,8.182360649108887,267.9617738560046
1691.0,22.09964370727539,4.866361618041992,268.07623249500466
1692.0,41.399749755859375,8.538450241088867,268.1861062359967
1693.0,42.66447830200195,6.745661735534668,268.2916190200049
1694.0,99.45857238769531,15.708673477172852,268.39451280799403
1695.0,48.107940673828125,9.746541976928711,268.50550445800764
1696.0,47.00754928588867,8.458877563476562,268.6197661960032
1697.0,33.27238464355469,5.840738773345947,268.7508443370025
1698.0,113.18399047851562,12.689082145690918,268.87186291400576
1699.0,8.23456859588623,2.3570802211761475,268.98704110599647
1700.0,55.887359619140625,8.031929969787598,269.1081557449943
1701.0,24.272125244140625,5.540389060974121,273.04635863499425
1702.0,120.73945617675781,13.033804893493652,273.16783150300034
1703.0,37.38817596435547,6.400018215179443,273.29525676999765
1704.0,33.426048278808594,6.933908462524414,273.4327921189979
1705.0,52.3755989074707,9.356720924377441,273.5649282490049
1706.0,15.834258079528809,3.9536619186401367,273.6812207720068
1707.0,150.55548095703125,16.741437911987305,273.7872673509992
1708.0,84.46844482421875,13.260601997375488,273.9130775119993
1709.0,128.83856201171875,15.646955490112305,274.0272173889971
1710.0,56.74473571777344,7.926934242248535,274.16016651499376
1711.0,22.107662200927734,5.287649154663086,274.2635985030065
1712.0,63.415767669677734,9.178433418273926,274.39215728199633
1713.0,13.268352508544922,3.240683078765869,274.5043230320007
1714.0,35.034912109375,6.871611595153809,274.6213374469953
1715.0,18.196643829345703,4.098382949829102,274.737832179002
1716.0,62.08073806762695,10.302382469177246,274.8491390440031
1717.0,19.26339340209961,4.323714256286621,274.9523860269983
1718.0,91.82200622558594,10.667880058288574,275.06314675099566
1719.0,21.057025909423828,4.634486675262451,275.1734173989971
1720.0,29.547529220581055,6.726906776428223,275.289548767003
1721.0,80.40921020507812,10.471776008605957,275.4013628219982
1722.0,77.47884368896484,12.397400856018066,275.50647494800796
1723.0,53.22747039794922,7.883285045623779,275.6023013850063
1724.0,15.823528289794922,4.176016807556152,275.70032927399734
1725.0,16.528358459472656,4.335516929626465,275.80297321900434
1726.0,16.9243221282959,3.540865659713745,275.9260179880075
1727.0,82.67814636230469,12.732906341552734,276.0308178910054
1728.0,24.85983657836914,5.073236465454102,276.1661934260046
1729.0,21.673072814941406,4.704273700714111,276.28391691499564
1730.0,56.60837936401367,9.206621170043945,276.3904753590032
1731.0,17.409587860107422,3.8960182666778564,276.51518859500356
1732.0,38.00464630126953,6.231552600860596,276.67778846100555
1733.0,52.92109680175781,10.051636695861816,276.7901654640009
1734.0,27.581241607666016,5.97045373916626,276.9051906130044
1735.0,43.532020568847656,6.671133518218994,277.02091176999966
1736.0,177.80615234375,22.735034942626953,277.13788192899665
1737.0,12.880610466003418,3.6017990112304688,277.24530634999974
1738.0,34.252838134765625,7.579720497131348,277.35182131800684
1739.0,136.84188842773438,15.5808744430542,277.45760492600675
1740.0,53.27234649658203,9.849982261657715,277.56268144400383
1741.0,75.8938980102539,10.834521293640137,277.66934000000765
1742.0,16.21048927307129,3.833622932434082,277.77478831900225
1743.0,43.996856689453125,7.742686748504639,277.88446953499806
1744.0,39.79076385498047,7.55262565612793,278.0069191020011
1745.0,13.074121475219727,3.2804791927337646,278.12834172300063
1746.0,22.26633071899414,4.563238620758057,278.24101817900373
1747.0,16.086355209350586,3.6568214893341064,278.34659400000237
1748.0,35.85420227050781,6.9546613693237305,278.4594473729958
1749.0,21.51140594482422,4.496644020080566,278.5720639899955
1750.0,97.84130859375,14.861279487609863,278.67946477400255
1751.0,10.440128326416016,2.715039014816284,278.78374313200766
1752.0,8.995353698730469,2.4498229026794434,278.8907791280071
1753.0,19.94634437561035,4.423699378967285,279.0157419390016
1754.0,49.56904220581055,8.718558311462402,279.138613254996
1755.0,18.211257934570312,4.49701452255249,279.2630506220012
1756.0,41.67026901245117,7.134265422821045,279.3666371989966
1757.0,13.12757682800293,3.5511438846588135,279.47604429999774
1758.0,10.461715698242188,2.659224033355713,279.57725943900004
1759.0,54.800804138183594,8.253849029541016,279.68983905299683
1760.0,79.52809143066406,9.061026573181152,279.8056148390024
1761.0,23.55224609375,5.554452419281006,279.9250811999955
1762.0,151.89596557617188,17.45022964477539,280.03278410600615
1763.0,45.170814514160156,7.371332168579102,280.15367450199847
1764.0,34.04074478149414,7.476057529449463,280.27406532400346
1765.0,32.80229949951172,7.068017482757568,280.3852041210048
1766.0,125.09053802490234,13.761247634887695,280.506035710001
1767.0,17.164493560791016,4.161901473999023,280.6334218060074
1768.0,37.97516632080078,7.627560615539551,280.7420057020063
1769.0,16.901296615600586,4.251248836517334,280.85836257299525
1770.0,58.951499938964844,8.257329940795898,280.97495310100203
1771.0,149.05177307128906,16.361703872680664,281.0875039120001
1772.0,37.41921615600586,6.088951587677002,281.1965797809971
1773.0,79.03986358642578,10.992063522338867,281.3061682330008
1774.0,15.060567855834961,3.474881172180176,281.4225101589982
1775.0,69.22498321533203,9.442976951599121,281.5388656550058
1776.0,13.772268295288086,3.2819414138793945,281.65574363799533
1777.0,11.360549926757812,2.81652569770813,281.76439342800586
1778.0,30.303977966308594,5.53313684463501,281.8796724190033
1779.0,37.72418975830078,5.895026206970215,281.987540090995
1780.0,20.281673431396484,4.21994686126709,282.1036243609997
1781.0,16.63959312438965,4.050965785980225,282.21094100100163
1782.0,32.66442108154297,5.857158660888672,282.31562826300797
1783.0,98.02397155761719,12.073675155639648,282.4195414459973
1784.0,38.639617919921875,7.411945819854736,282.5351742000057
1785.0,56.7203369140625,8.578470230102539,282.6504433700029
1786.0,23.41034507751465,4.536410808563232,282.7667414559983
1787.0,15.515457153320312,3.8166487216949463,282.883021732996
1788.0,47.376373291015625,7.372561931610107,282.9896855830011
1789.0,23.839374542236328,5.475264072418213,283.1011057900032
1790.0,63.813751220703125,9.675989151000977,283.21709119100706
1791.0,26.835285186767578,5.260767936706543,283.33093063000706
1792.0,58.10558319091797,7.554776191711426,283.4421328659955
1793.0,14.471567153930664,3.502340793609619,283.55338043600204
1794.0,33.97052764892578,6.773876190185547,283.6656846469996
1795.0,25.21048355102539,4.531699180603027,283.79777227800514
1796.0,16.112899780273438,3.7884747982025146,283.90768197900616
1797.0,138.3089599609375,14.59164810180664,284.0128125449992
1798.0,18.252273559570312,4.144026279449463,284.1256198409974
1799.0,31.227479934692383,5.416257858276367,284.2484136349958
1800.0,20.971908569335938,4.879055976867676,284.35709869800485
1801.0,73.01776885986328,10.112959861755371,288.2164044310048
1802.0,16.947389602661133,4.281608581542969,288.32856852300756
1803.0,37.312705993652344,6.986462116241455,288.4337832070014
1804.0,24.12531852722168,5.4154181480407715,288.5365032139962
1805.0,13.771570205688477,3.5456595420837402,288.6445565470058
1806.0,38.849124908447266,7.066024303436279,288.75823410600424
1807.0,26.55129051208496,5.308681011199951,288.8654252120032
1808.0,36.077388763427734,6.307130336761475,288.994047811997
1809.0,19.54167366027832,3.9531805515289307,289.10831915200106
1810.0,19.71346664428711,4.63055944442749,289.22835210099583
1811.0,16.953079223632812,3.9494285583496094,289.3711385600036
1812.0,38.428157806396484,5.507675647735596,289.4764186240063
1813.0,33.50791549682617,7.568237781524658,289.60594975600543
1814.0,28.223560333251953,5.779331207275391,289.7221775759972
1815.0,43.0540771484375,7.087416172027588,289.8337587970018
1816.0,14.367366790771484,3.7335221767425537,289.9684304490074
1817.0,25.42099380493164,4.733044624328613,290.0979638090066
1818.0,23.90673065185547,4.8703532218933105,290.22095745100523
1819.0,48.215938568115234,6.978978633880615,290.35749722100445
1820.0,22.411331176757812,5.279597282409668,290.4815386609989
1821.0,49.442100524902344,7.957644939422607,290.62651352099783
1822.0,115.76420593261719,8.795867919921875,290.7601629139972
1823.0,94.71378326416016,9.252503395080566,290.88960905899876
1824.0,21.800954818725586,4.198049068450928,291.0177006400045
1825.0,18.264652252197266,4.359538555145264,291.1243528420018
1826.0,37.423179626464844,7.002441883087158,291.2520872190071
1827.0,18.888530731201172,4.568551063537598,291.3546971540054
1828.0,32.95977783203125,5.416807174682617,291.4618373419944
1829.0,22.489593505859375,4.566018104553223,291.56898158999684
1830.0,45.217533111572266,6.437491416931152,291.69537044300523
1831.0,41.28414535522461,6.430043697357178,291.79360153499874
1832.0,53.760169982910156,8.116012573242188,291.90155529200274
1833.0,460.14739990234375,42.36301040649414,291.9993905110023
1834.0,287.332763671875,22.947494506835938,292.10620921199734
1835.0,29.013757705688477,6.202364444732666,292.2170657990064
1836.0,13.704180717468262,3.4728591442108154,292.32539664300566
1837.0,35.757057189941406,6.7302632331848145,292.4670852840063
1838.0,9.360937118530273,2.6495728492736816,292.5948281720048
1839.0,17.247058868408203,3.826442241668701,292.70169096400787
1840.0,12.956798553466797,3.6093194484710693,292.8135633089987
1841.0,28.12728500366211,5.262621879577637,292.9245263470075
1842.0,66.97824096679688,8.718950271606445,293.0334124570072
1843.0,11.246038436889648,2.7666144371032715,293.1526547539979
1844.0,19.10177993774414,4.432363986968994,293.2699041769956
1845.0,97.4617691040039,13.689220428466797,293.3883510290034
1846.0,25.178848266601562,5.18269681930542,293.50485936900077
1847.0,11.954575538635254,3.093160390853882,293.61765233600454
1848.0,52.954002380371094,8.512371063232422,293.73530457000015
1849.0,45.45769500732422,8.033454895019531,293.84410801899503
1850.0,21.501834869384766,4.630579471588135,293.95945200799906
1851.0,13.970062255859375,3.5708441734313965,294.0774973570078
1852.0,39.772361755371094,6.901374340057373,294.19070865200774
1853.0,16.533668518066406,3.853044033050537,294.29735875700135
1854.0,19.258522033691406,4.184083938598633,294.4074310750002
1855.0,28.44474220275879,5.34652042388916,294.5166317760013
1856.0,23.60810661315918,5.66182279586792,294.6257753389946
1857.0,16.4196834564209,4.257544994354248,294.7252073109994
1858.0,81.28258514404297,9.723706245422363,294.82973240500723
1859.0,15.96813678741455,3.774373769760132,294.93368574700435
1860.0,152.12777709960938,17.444726943969727,295.03892476500187
1861.0,53.08277893066406,8.536933898925781,295.1434645910049
1862.0,21.143848419189453,5.182579040527344,295.25642601700383
1863.0,38.59184265136719,7.61492395401001,295.3729468889942
1864.0,12.053069114685059,3.0024280548095703,295.48299984200276
1865.0,15.554357528686523,4.007175445556641,295.59251843500533
1866.0,23.823047637939453,5.525028705596924,295.71298017099616
1867.0,13.272588729858398,3.0509893894195557,295.83497835199523
1868.0,20.179872512817383,4.47144079208374,295.9670508840063
1869.0,30.952890396118164,6.408187389373779,296.1041498169943
1870.0,32.329715728759766,5.885066032409668,296.2329913709982
1871.0,55.35047912597656,8.749247550964355,296.3344412610022
1872.0,18.364891052246094,4.23422384262085,296.43508444400504
1873.0,19.629352569580078,4.234306335449219,296.540203069002
1874.0,13.358036041259766,3.342404842376709,296.6400136320008
1875.0,77.28878021240234,8.744461059570312,296.766116675004
1876.0,14.386260986328125,3.563356637954712,296.90343432199734
1877.0,18.11038589477539,4.134650230407715,297.0148528090067
1878.0,15.813547134399414,4.485385417938232,297.1360710440058
1879.0,67.92664337158203,9.819329261779785,297.32658731499396
1880.0,43.62084197998047,7.56252908706665,297.43195288200513
1881.0,11.669939994812012,3.1463310718536377,297.54121049800597
1882.0,10.535290718078613,3.0515012741088867,297.6436377939972
1883.0,205.8378143310547,26.663557052612305,297.7510717050027
1884.0,28.258604049682617,5.793918132781982,297.8707344919967
1885.0,12.763062477111816,3.151738166809082,297.986088331003
1886.0,24.180004119873047,5.074137210845947,298.093200051997
1887.0,49.96744155883789,6.9033355712890625,298.197797892004
1888.0,24.58025550842285,4.807223796844482,298.30522468900017
1889.0,18.1922607421875,3.997863531112671,298.4152413319971
1890.0,19.1785945892334,4.0414347648620605,298.5195099840057
1891.0,194.74252319335938,18.582252502441406,298.63026511800126
1892.0,26.903465270996094,5.632710933685303,298.7314549839939
1893.0,46.005645751953125,7.990840911865234,298.8411630920018
1894.0,31.113693237304688,5.5038018226623535,298.95057780100615
1895.0,54.20124816894531,8.310211181640625,299.06514037000306
1896.0,22.391807556152344,5.4861907958984375,299.2023491709988
1897.0,33.13739776611328,5.86804723739624,299.3133679070015
1898.0,39.186988830566406,6.38442850112915,299.4186973189935
1899.0,13.148443222045898,3.13974928855896,299.51925830199616
1900.0,9.391321182250977,2.5982666015625,299.6219511340023
1901.0,69.9638671875,9.64503002166748,303.63534660000005
1902.0,14.04416561126709,3.4319276809692383,303.7434932820033
1903.0,68.61150360107422,9.81028938293457,303.861435016006
1904.0,84.6837158203125,10.291274070739746,303.9658274480025
1905.0,45.50401306152344,7.799839973449707,304.093383629006
1906.0,44.43975830078125,6.903284549713135,304.20633432699833
1907.0,72.1944580078125,10.340117454528809,304.33051333000185
1908.0,16.58832550048828,3.464702844619751,304.45839627299574
1909.0,26.211700439453125,5.616466522216797,304.589985736995
1910.0,98.49542236328125,15.568621635437012,304.71790755100665
1911.0,31.600994110107422,6.912536144256592,304.85198080999544
1912.0,18.908382415771484,4.490004539489746,304.9748644259962
1913.0,72.83771514892578,11.540369987487793,305.0937754750048
1914.0,53.90430450439453,7.673450946807861,305.1981882060063
1915.0,70.3648452758789,9.30102825164795,305.3027949450043
1916.0,17.614648818969727,4.133732795715332,305.40603178800666
1917.0,13.548910140991211,3.0009586811065674,305.5347945789981
1918.0,11.45246410369873,3.1226518154144287,305.6467939550057
1919.0,13.43359375,3.8523223400115967,305.7594462880079
1920.0,31.419401168823242,5.447128772735596,305.87588002999837
1921.0,41.653175354003906,6.217407703399658,305.9861866220017
1922.0,18.106964111328125,4.515676021575928,306.10595604000264
1923.0,15.95416259765625,3.7132110595703125,306.23213601100724
1924.0,13.275115966796875,3.5609829425811768,306.3446912030049
1925.0,11.369925498962402,2.918355703353882,306.45508687599795
1926.0,30.118389129638672,5.772068500518799,306.5698169679963
1927.0,10.530895233154297,2.6789331436157227,306.67781919200206
1928.0,11.254476547241211,3.353586196899414,306.78168869999354
1929.0,11.547972679138184,3.1319892406463623,306.8957350779965
1930.0,36.49399948120117,6.13209342956543,307.00844823500665
1931.0,32.10028076171875,7.189654350280762,307.12484800899983
1932.0,58.80167770385742,9.019953727722168,307.25677630699647
1933.0,12.636929512023926,3.2030088901519775,307.3646239100053
1934.0,19.771135330200195,4.556642532348633,307.4713091790036
1935.0,23.22805404663086,4.842001438140869,307.5772295630013
1936.0,12.170791625976562,3.1735751628875732,307.6862662570056
1937.0,35.721038818359375,5.890294551849365,307.79945021700405
1938.0,34.95402145385742,5.336610794067383,307.91446440000436
1939.0,67.5703125,11.573697090148926,308.0423502670019
1940.0,49.37376022338867,6.839907169342041,308.16181411499565
1941.0,193.79080200195312,19.064868927001953,308.26617425799486
1942.0,33.395626068115234,6.3905181884765625,308.37252554400766
1943.0,92.22248840332031,10.29826831817627,308.4872413529956
1944.0,21.236120223999023,4.732588768005371,308.6001298129995
1945.0,20.998476028442383,4.936160564422607,308.71192220400553
1946.0,13.018226623535156,2.8021934032440186,308.824826911994
1947.0,13.704944610595703,3.1836013793945312,308.9373826020019
1948.0,22.261409759521484,4.401334762573242,309.04783439800667
1949.0,30.29800796508789,5.574739933013916,309.1699454519985
1950.0,35.326393127441406,6.974172592163086,309.27653674100293
1951.0,84.93846130371094,12.915468215942383,309.38456390700594
1952.0,256.1292419433594,29.683176040649414,309.49643178000406
1953.0,27.66217613220215,5.65408182144165,309.6128828600049
1954.0,27.868288040161133,5.38425874710083,309.71921625400137
1955.0,12.428539276123047,3.220543146133423,309.8251351950021
1956.0,119.06307983398438,12.527894973754883,309.9370973400073
1957.0,38.991600036621094,7.356007099151611,310.0381971260067
1958.0,12.830755233764648,3.227592945098877,310.14671655099664
1959.0,45.314247131347656,7.845364570617676,310.25725098700786
1960.0,18.07118797302246,4.142196178436279,310.36383878599736
1961.0,25.251415252685547,5.251229763031006,310.4902553889988
1962.0,32.032169342041016,6.67547082901001,310.6149291150068
1963.0,53.83295822143555,8.476909637451172,310.7352455450018
1964.0,152.05947875976562,15.634719848632812,310.8544423150015
1965.0,40.577659606933594,6.187978744506836,311.00226887100143
1966.0,61.36256408691406,7.625101566314697,311.12394472600135
1967.0,23.14323616027832,4.585358142852783,311.2337296170008
1968.0,44.841712951660156,7.10768985748291,311.34546327299904
1969.0,105.12932586669922,11.160104751586914,311.45742946400424
1970.0,43.96611785888672,8.336125373840332,311.5886854230048
1971.0,57.63755798339844,9.668497085571289,311.7053132370056
1972.0,387.5327453613281,33.641902923583984,311.81675121499575
1973.0,76.25555419921875,12.04499340057373,311.93103204100044
1974.0,26.761131286621094,5.212565898895264,312.05365142600203
1975.0,181.08181762695312,16.923625946044922,312.18192176400044
1976.0,27.537925720214844,4.854831218719482,312.3123882820073
1977.0,28.016738891601562,5.36786413192749,312.42199128000357
1978.0,18.03542709350586,3.9630074501037598,312.5329266560002
1979.0,17.811885833740234,4.297419548034668,312.6445420980017
1980.0,28.77936553955078,6.296711444854736,312.7611096460023
1981.0,10.742782592773438,2.8565475940704346,312.8739241489966
1982.0,15.539339065551758,3.435037136077881,312.984342198004
1983.0,14.566338539123535,3.6066157817840576,313.09946793499694
1984.0,17.39190673828125,3.5115997791290283,313.2131655539997
1985.0,9.661396026611328,2.718323230743408,313.3257919440075
1986.0,23.473350524902344,4.665717124938965,313.4375612360018
1987.0,14.387899398803711,3.761561155319214,313.55119948499487
1988.0,11.379718780517578,2.688054084777832,313.66782787699776
1989.0,14.57280158996582,3.3410472869873047,313.77636980799434
1990.0,12.834213256835938,3.140188455581665,313.899572039998
1991.0,329.1454162597656,34.48685836791992,314.0156160080078
1992.0,52.71412658691406,7.6283135414123535,314.13432379000005
1993.0,25.429622650146484,5.69327449798584,314.25081794800644
1994.0,22.58737564086914,4.807858467102051,314.359712378995
1995.0,43.08723068237305,7.61328649520874,314.4711924860021
1996.0,34.33611297607422,5.630749702453613,314.58390909699665
1997.0,10.785196304321289,2.7746920585632324,314.6997793689952
1998.0,11.020150184631348,2.8704090118408203,314.82855047700286
1999.0,15.688932418823242,3.5265297889709473,314.96522222399653
2000.0,30.869953155517578,6.158348083496094,315.0696289159969
2001.0,17.326858520507812,3.6354494094848633,319.0483014670026
2002.0,291.330322265625,31.37904167175293,319.16277595500287
2003.0,77.31847381591797,10.864418029785156,319.2714560290042
2004.0,23.441686630249023,5.405160903930664,319.3884579940059
2005.0,65.3506851196289,10.596199989318848,319.52549158800684
2006.0,29.67572593688965,6.574020862579346,319.6473166420037
2007.0,22.283145904541016,4.748523235321045,319.76367844500055
2008.0,52.57850646972656,9.744696617126465,319.8742768850061
2009.0,18.49247932434082,4.348147869110107,319.9796038780041
2010.0,45.064979553222656,6.783549785614014,320.0825373490079
2011.0,48.203670501708984,7.756760120391846,320.189049143999
2012.0,20.457090377807617,4.802350044250488,320.3213567579951
2013.0,86.55023956298828,10.732223510742188,320.43321897200076
2014.0,81.42752838134766,8.79584789276123,320.552254292008
2015.0,35.018402099609375,7.57120418548584,320.66830533300526
2016.0,21.75926971435547,5.519578456878662,320.7937788859999
2017.0,28.32919692993164,6.386087894439697,320.93287254900497
2018.0,36.35466003417969,6.2996087074279785,321.047781346002
2019.0,10.698675155639648,2.9218924045562744,321.180342467007
2020.0,21.589834213256836,4.062682628631592,321.295963837998
2021.0,14.421369552612305,3.365706443786621,321.4001344629942
2022.0,36.255165100097656,6.185515880584717,321.51077239299775
2023.0,33.310855865478516,7.243068695068359,321.6337264760077
2024.0,69.42056274414062,8.055122375488281,321.76294765000057
2025.0,14.788381576538086,3.4601633548736572,321.86027124999964
2026.0,62.76704025268555,9.34939193725586,322.00082779099466
2027.0,27.656360626220703,5.886666774749756,322.131765113998
2028.0,17.164724349975586,3.6374542713165283,322.256877805994
2029.0,41.93818664550781,6.830094337463379,322.3704449430079
2030.0,33.76026153564453,6.209159851074219,322.5034607020061
2031.0,34.96601104736328,6.20050048828125,322.62927623100404
2032.0,94.3869857788086,9.992608070373535,322.75349200100754
2033.0,39.37773895263672,6.403800964355469,322.86244397399423
2034.0,11.057195663452148,3.070190191268921,323.0112438060023
2035.0,30.24752426147461,5.578337669372559,323.11228972600657
2036.0,9.130916595458984,2.4961297512054443,323.2665567149961
2037.0,13.350336074829102,3.061897039413452,323.376583846999
2038.0,11.350997924804688,2.9160139560699463,323.4971377470065
2039.0,15.140965461730957,3.305450201034546,323.62002769700484
2040.0,41.110687255859375,6.525040149688721,323.74501790599606
2041.0,70.0208511352539,9.69997787475586,323.8747545850056
2042.0,19.731887817382812,4.856914520263672,323.9970900299959
2043.0,21.507930755615234,4.645902633666992,324.11174069999834
2044.0,11.888965606689453,2.689704656600952,324.23752542299917
2045.0,63.69695281982422,9.305231094360352,324.3592630140047
2046.0,31.856006622314453,5.88431978225708,324.4718140759942
2047.0,137.4235382080078,16.364437103271484,324.5741937109997
2048.0,40.606407165527344,7.7209553718566895,324.675043670999
2049.0,37.93532943725586,7.618599891662598,324.7748586929956
2050.0,18.379947662353516,4.423328399658203,324.8832099919964
2051.0,85.54752349853516,11.531814575195312,324.997014225999
2052.0,17.522611618041992,4.363378047943115,325.11728757400124
2053.0,28.705219268798828,5.536336421966553,325.2258204910031
2054.0,48.94340515136719,6.679732799530029,325.3554218490026
2055.0,14.400266647338867,3.56144380569458,325.4656575609988
2056.0,32.775047302246094,6.335535526275635,325.576980910002
2057.0,89.16331481933594,12.62881851196289,325.7156404270063
2058.0,99.1867904663086,16.0133113861084,325.8614745329978
2059.0,45.26774597167969,8.407855033874512,325.96966956800316
2060.0,40.100975036621094,7.867085933685303,326.0750677479955
2061.0,14.241912841796875,3.5928401947021484,326.1892321060004
2062.0,28.15552520751953,5.779969692230225,326.3158687319956
2063.0,19.830768585205078,4.500939846038818,326.433421491005
2064.0,36.43585968017578,5.8325886726379395,326.5525794730056
2065.0,39.44537353515625,7.395519733428955,326.6587225510011
2066.0,38.53996276855469,6.629767894744873,326.7715607930004
2067.0,21.70218276977539,4.688287734985352,326.86832782800775
2068.0,19.42862892150879,3.9802796840667725,326.96248755199485
2069.0,17.984649658203125,4.278257369995117,327.0600355390052
2070.0,28.629430770874023,4.940093040466309,327.16515771800186
2071.0,42.473575592041016,6.639705181121826,327.27139094700397
2072.0,54.877532958984375,10.94162654876709,327.3835190880054
2073.0,40.411643981933594,6.897655010223389,327.4978778060031
2074.0,20.217735290527344,4.0556840896606445,327.60921632900136
2075.0,63.251441955566406,7.823291778564453,327.720801397998
2076.0,15.407672882080078,3.5670461654663086,327.83679772100004
2077.0,10.766011238098145,2.841277599334717,327.94409758699476
2078.0,95.404052734375,10.296577453613281,328.0577335340058
2079.0,21.543941497802734,4.683740615844727,328.172037893004
2080.0,40.0740852355957,5.820305347442627,328.2836141860025
2081.0,12.325117111206055,3.1981422901153564,328.39666354100336
2082.0,24.905921936035156,3.732059955596924,328.51443688600557
2083.0,16.45443344116211,3.3775012493133545,328.6401074500027
2084.0,26.6644229888916,4.8830108642578125,328.7471109659964
2085.0,33.39531707763672,6.069215297698975,328.8573694030056
2086.0,20.40358543395996,4.029600143432617,328.98540270800004
2087.0,16.225156784057617,3.6491174697875977,329.1071862579993
2088.0,72.39118194580078,8.618181228637695,329.2322721310047
2089.0,8.067071914672852,2.3017380237579346,329.36607255399576
2090.0,38.960914611816406,7.425503253936768,329.4809887940064
2091.0,35.15986633300781,7.031698703765869,329.5934237199981
2092.0,34.20372772216797,6.015773773193359,329.7061889979959
2093.0,14.193485260009766,3.9820773601531982,329.82374035799876
2094.0,93.44664001464844,12.777610778808594,329.94174973500776
2095.0,218.23907470703125,22.665897369384766,330.058965121003
2096.0,15.759692192077637,4.216887474060059,330.16907784799696
2097.0,12.595708847045898,3.124781370162964,330.27798717400583
2098.0,49.84446334838867,8.137027740478516,330.411535014995
2099.0,33.3521842956543,7.162973880767822,330.52558465900074
2100.0,26.587093353271484,5.1188788414001465,330.65327047499886
2101.0,44.59430694580078,7.932712078094482,334.78039005999744
2102.0,19.540067672729492,5.007361888885498,334.90268302100594
2103.0,112.65983581542969,12.027695655822754,335.0617117399961
2104.0,10.996161460876465,2.917863368988037,335.18608491000487
2105.0,63.191986083984375,7.009519577026367,335.30589819300803
2106.0,17.5064754486084,3.7126293182373047,335.4393393180071
2107.0,55.12983703613281,7.194475173950195,335.5557369110029
2108.0,32.49736404418945,5.455353736877441,335.7085302850028
2109.0,20.91249656677246,4.533591270446777,335.80741366700386
2110.0,30.824533462524414,5.779739856719971,335.92370169500646
2111.0,53.873870849609375,6.608615398406982,336.0751351380022
2112.0,12.735851287841797,3.3136823177337646,336.1888087200059
2113.0,36.221961975097656,6.494439125061035,336.3099496579962
2114.0,95.49768829345703,11.862105369567871,336.430902513006
2115.0,10.916547775268555,2.5193469524383545,336.5419586060016
2116.0,45.6627197265625,8.0719633102417,336.66329507699993
2117.0,64.60983276367188,8.497478485107422,336.7841857470048
2118.0,98.127685546875,8.150511741638184,336.91693329600093
2119.0,12.857187271118164,3.209261178970337,337.04934611600765
2120.0,39.712249755859375,6.75895881652832,337.3212268040079
2121.0,22.12596321105957,4.565046787261963,337.5254619769985
2122.0,53.277835845947266,7.646011829376221,337.65156377499807
2123.0,49.356170654296875,6.703637599945068,337.7769317899947
2124.0,10.66016674041748,2.6001133918762207,337.9014075669984
2125.0,20.465559005737305,4.26647424697876,338.02671504700265
2126.0,13.282773971557617,3.4630379676818848,338.1860198939976
2127.0,10.512145042419434,2.4487242698669434,338.3185238599981
2128.0,17.393692016601562,4.145529270172119,338.46661575100734
2129.0,144.5306854248047,9.620393753051758,338.58429422699555
2130.0,10.972322463989258,2.929227828979492,338.6998061750055
2131.0,11.877168655395508,2.843562364578247,338.85624259800534
2132.0,24.672149658203125,4.613664150238037,338.97430048500246
2133.0,46.71812438964844,6.612120151519775,339.079347218998
2134.0,24.280866622924805,4.615713596343994,339.189308978006
2135.0,15.387016296386719,4.110839366912842,339.30740740800684
2136.0,23.278657913208008,5.318336486816406,339.4296261020063
2137.0,9.705175399780273,2.475980758666992,339.5961080739944
2138.0,42.597537994384766,7.724793910980225,339.73028912399604
2139.0,119.0776596069336,13.543523788452148,339.89874492200033
2140.0,45.16017150878906,7.672879219055176,340.012450936003
2141.0,50.99528503417969,9.099018096923828,340.11449423400336
2142.0,26.009069442749023,5.210646629333496,340.2469453609956
2143.0,51.658042907714844,8.631950378417969,340.3839698660013
2144.0,123.23687744140625,14.258527755737305,340.4975151069957
2145.0,16.63530731201172,4.786377429962158,340.6165357379941
2146.0,21.732542037963867,5.1258392333984375,340.72275415800686
2147.0,11.648273468017578,3.0354294776916504,340.83672683099576
2148.0,31.713729858398438,5.645805358886719,340.9674627659988
2149.0,43.9144287109375,6.896326065063477,341.0704254059965
2150.0,20.740846633911133,5.166064739227295,341.1813035590021
2151.0,24.903217315673828,4.21923828125,341.28723047200765
2152.0,34.94108581542969,5.307266712188721,341.3944796050055
2153.0,206.95266723632812,26.25960350036621,341.5010043640068
2154.0,28.386924743652344,5.854849338531494,341.6126582029974
2155.0,23.201873779296875,4.909051418304443,341.7201109470043
2156.0,26.976699829101562,5.22581672668457,341.8613467660034
2157.0,31.831806182861328,5.357428073883057,341.9813997470046
2158.0,24.22364044189453,4.851599216461182,342.134922437006
2159.0,197.31842041015625,20.333532333374023,342.282486252996
2160.0,11.33913516998291,2.8385655879974365,342.4138676690054
2161.0,46.541072845458984,6.140539646148682,342.53650285399635
2162.0,11.879617691040039,2.6980581283569336,342.66564374699374
2163.0,16.890127182006836,4.262688636779785,342.7890526840056
2164.0,25.596385955810547,4.84331750869751,342.89964427599625
2165.0,10.539971351623535,2.9805712699890137,343.037268561995
2166.0,23.671924591064453,4.908636569976807,343.1607036140049
2167.0,23.657020568847656,4.861399173736572,343.26863672300533
2168.0,38.48651885986328,6.6665730476379395,343.3753336869995
2169.0,37.91387939453125,8.086958885192871,343.4955340019951
2170.0,12.003228187561035,2.8505163192749023,343.6084750919981
2171.0,107.69083404541016,13.992453575134277,343.72169769099855
2172.0,38.894004821777344,7.104527950286865,343.8443716939946
2173.0,20.050994873046875,4.985109806060791,343.9899448520009
2174.0,21.057395935058594,4.6780805587768555,344.1246791529993
2175.0,9.096056938171387,2.5866599082946777,344.24886125199555
2176.0,41.09084701538086,5.818149089813232,344.3799414370005
2177.0,17.701276779174805,4.020965576171875,344.4985552760045
2178.0,44.33796691894531,4.8921122550964355,344.629001497
2179.0,36.27153015136719,6.567836761474609,344.772924126999
2180.0,22.359378814697266,4.416894912719727,344.90172442000767
2181.0,14.805089950561523,3.6232330799102783,345.0412572570058
2182.0,10.253379821777344,2.811392307281494,345.16401967199636
2183.0,54.77488327026367,8.472332954406738,345.2781478190009
2184.0,15.622547149658203,3.3120815753936768,345.4072584069945
2185.0,12.503060340881348,3.4937055110931396,345.54663622099906
2186.0,47.641517639160156,7.053822040557861,345.6725898680015
2187.0,39.17475509643555,5.554154872894287,345.8260570029961
2188.0,17.99765968322754,4.348948955535889,345.9403705480072
2189.0,45.114013671875,7.291589736938477,346.06635000300594
2190.0,29.56132698059082,5.091513156890869,346.1996528370073
2191.0,17.664440155029297,3.8637866973876953,346.31498715799535
2192.0,86.07984924316406,10.768067359924316,346.44335699900694
2193.0,34.56270980834961,5.347509384155273,346.5651579109981
2194.0,24.035598754882812,4.599569797515869,346.69572191000043
2195.0,14.086284637451172,3.4255423545837402,346.8197187790065
2196.0,21.188331604003906,5.216358184814453,346.949757719005
2197.0,35.61195755004883,5.872344017028809,347.07849697100755
2198.0,95.93988037109375,15.152563095092773,347.2042106059962
2199.0,9.25203800201416,2.3170218467712402,347.3393378990004
2200.0,12.53156852722168,3.1077167987823486,347.46367350799846
2201.0,11.477783203125,2.782386302947998,351.60279280699615
2202.0,11.073884963989258,2.5976052284240723,351.7197178409988
2203.0,13.636772155761719,3.066387176513672,351.9196099910041
2204.0,48.109901428222656,6.585756301879883,352.0311113839998
2205.0,21.661088943481445,4.646406650543213,352.14925338799367
2206.0,36.43791580200195,5.55792236328125,352.27304774800723
2207.0,12.740158081054688,3.033701181411743,352.3913911260024
2208.0,23.673810958862305,4.996462345123291,352.5183970060025
2209.0,24.684654235839844,5.648077011108398,352.6285975780047
2210.0,79.39514923095703,11.066577911376953,352.75022416500724
2211.0,52.862937927246094,9.457976341247559,352.8662813349947
2212.0,55.626800537109375,7.6642632484436035,353.0076010729972
2213.0,77.1859359741211,8.787296295166016,353.11438396600715
2214.0,103.83168029785156,11.70241928100586,353.2373469710001
2215.0,15.870018005371094,3.4644761085510254,353.3995875919936
2216.0,78.3891830444336,13.856694221496582,353.5044280459988
2217.0,76.01669311523438,9.480609893798828,353.6346815730067
2218.0,108.30450439453125,13.938324928283691,353.75607297000533
2219.0,25.582998275756836,5.1577253341674805,353.8729666110012
2220.0,159.48330688476562,19.775400161743164,353.98794848599937
2221.0,18.80870246887207,4.504711151123047,354.09250243099814
2222.0,26.65591049194336,4.7790751457214355,354.2131181300065
2223.0,10.427549362182617,2.9899797439575195,354.34473091800464
2224.0,21.309551239013672,3.842643976211548,354.4855972850055
2225.0,39.79068374633789,7.058609485626221,354.6030045450025
2226.0,15.755392074584961,3.684694528579712,354.7210444770026
2227.0,25.496475219726562,4.888073444366455,354.85246039500635
2228.0,46.69450378417969,6.896714687347412,354.96575415099505
2229.0,208.49215698242188,20.33798599243164,355.0765752860025
2230.0,18.776060104370117,4.444484710693359,355.2016030530067
2231.0,15.132284164428711,3.400273561477661,355.30944623899995
2232.0,37.08088684082031,5.51736307144165,355.4184254069987
2233.0,39.204254150390625,6.505778789520264,355.52282097400166
2234.0,8.864397048950195,2.357775926589966,355.6524087199941
2235.0,65.36460876464844,8.919702529907227,355.7810234140052
2236.0,10.670122146606445,2.595332384109497,355.89596470199467
2237.0,53.823936462402344,8.540282249450684,356.00992115099507
2238.0,14.874970436096191,3.629742383956909,356.12439508200623
2239.0,15.760374069213867,3.359079122543335,356.23622392700054
2240.0,56.286678314208984,7.083533763885498,356.34571598199545
2241.0,70.24678039550781,9.62586498260498,356.45027090799704
2242.0,34.678443908691406,6.002520561218262,356.56559235899476
2243.0,35.569786071777344,6.300217151641846,356.6741151390015
2244.0,27.85772705078125,4.955819129943848,356.7835286769987
2245.0,114.96702575683594,13.286934852600098,356.90976908200537
2246.0,13.613484382629395,3.243544340133667,357.03204880599515
2247.0,15.08289909362793,3.8229751586914062,357.1671533799963
2248.0,14.917469024658203,3.5656590461730957,357.2764559269999
2249.0,23.646013259887695,4.2123122215271,357.39248009100265
2250.0,19.410255432128906,4.226419925689697,357.5051302119973
2251.0,26.726436614990234,5.209939479827881,357.6139632650011
2252.0,30.493026733398438,5.636407852172852,357.72113050799817
2253.0,88.29753875732422,11.477052688598633,357.83219232999545
2254.0,20.32866668701172,4.810117244720459,357.94905810999626
2255.0,38.47582244873047,5.956394672393799,358.06605358699744
2256.0,16.100784301757812,3.7108592987060547,358.18758100700506
2257.0,9.642269134521484,2.413203001022339,358.29745313599415
2258.0,24.893266677856445,6.278243541717529,358.407273386998
2259.0,27.32712173461914,5.067228317260742,358.5198853460024
2260.0,48.830657958984375,7.517922401428223,358.6343732709938
2261.0,35.2161865234375,5.721482276916504,358.74685204699927
2262.0,7.757299423217773,2.1122779846191406,358.8583183409937
2263.0,17.760997772216797,4.102430820465088,358.97316489000514
2264.0,10.622725486755371,2.9073455333709717,359.077935067995
2265.0,9.383380889892578,2.574068069458008,359.19483266399766
2266.0,22.947071075439453,4.769286632537842,359.31255551299546
2267.0,28.295269012451172,4.6400465965271,359.43022177400417
2268.0,36.193115234375,5.9436235427856445,359.54874718299834
2269.0,11.56589126586914,2.6044108867645264,359.6608824779978
2270.0,23.48153305053711,4.151411533355713,359.76870106700517
2271.0,15.268688201904297,3.7831194400787354,359.8877077789948
2272.0,53.01545715332031,7.483495235443115,359.99938926499453
2273.0,40.194156646728516,6.431589603424072,360.10977833200013
2274.0,20.42388916015625,4.112638473510742,360.2196887320024
2275.0,49.486698150634766,7.327558994293213,360.3325278389966
2276.0,32.909629821777344,5.703013896942139,360.44769856099447
2277.0,24.155057907104492,4.815044403076172,360.56508572399616
2278.0,19.80782699584961,4.13426399230957,360.68148115099757
2279.0,34.846946716308594,6.583759307861328,360.7979248299962
2280.0,12.499582290649414,2.92802095413208,360.9129300880013
2281.0,17.748580932617188,3.7378058433532715,361.028439258007
2282.0,77.61714935302734,9.150424003601074,361.1458688290004
2283.0,23.11616325378418,4.8484673500061035,361.2584122810076
2284.0,30.336545944213867,6.679287433624268,361.3739565010037
2285.0,64.45152282714844,9.593445777893066,361.49087864600006
2286.0,53.81233215332031,8.251206398010254,361.6030558969942
2287.0,15.251333236694336,3.845150947570801,361.715939850008
2288.0,20.419605255126953,4.733668804168701,361.8312269750022
2289.0,23.766864776611328,5.825104713439941,361.9448463419976
2290.0,62.892242431640625,8.736124992370605,362.0651032339956
2291.0,42.22148895263672,9.064902305603027,362.17616290200385
2292.0,29.427288055419922,7.033830165863037,362.2864873780054
2293.0,17.74645233154297,4.550197124481201,362.3969355970039
2294.0,34.69752883911133,7.0600152015686035,362.50401228400005
2295.0,23.20056915283203,5.473262786865234,362.61381708600675
2296.0,13.3800687789917,3.2138819694519043,362.72867986799974
2297.0,28.316566467285156,5.9501051902771,362.84195891600393
2298.0,47.168296813964844,8.05870246887207,362.95202338299714
2299.0,46.544029235839844,7.624984264373779,363.06205866999517
2300.0,21.32015609741211,4.8992390632629395,363.1747801169986
2301.0,10.103614807128906,2.6392133235931396,367.1821019630006
2302.0,54.64523696899414,7.140278339385986,367.29143150699383
2303.0,78.75541687011719,9.899438858032227,367.4101505580038
2304.0,91.19020080566406,10.413679122924805,367.53071108499717
2305.0,13.473482131958008,3.4566495418548584,367.64043615499395
2306.0,71.75862121582031,8.367182731628418,367.77028347000305
2307.0,20.116605758666992,4.139614582061768,367.88378596899565
2308.0,17.115928649902344,3.8743956089019775,367.99709256200003
2309.0,28.38405990600586,5.237554550170898,368.1112072160031
2310.0,30.29698371887207,5.098438262939453,368.24946411000565
2311.0,14.545916557312012,3.66440749168396,368.4083655419963
2312.0,77.29796600341797,10.907767295837402,368.57896824499767
2313.0,29.134632110595703,6.274156093597412,368.73558023400255
2314.0,167.5150146484375,16.928205490112305,369.03152810000756
2315.0,29.342164993286133,6.76554536819458,369.17036256799474
2316.0,29.07607650756836,5.5563645362854,369.3082044180046
2317.0,10.164544105529785,2.794161081314087,369.44502276000276
2318.0,33.75566101074219,6.1296067237854,369.56134110700805
2319.0,17.375959396362305,3.880571126937866,369.68170834099874
2320.0,39.2812614440918,6.843386173248291,369.82342480600346
2321.0,19.47259521484375,3.692291021347046,369.973693278007
2322.0,43.94819641113281,7.094052314758301,370.12818874500226
2323.0,14.42562198638916,3.254737615585327,370.2656260490039
2324.0,146.52078247070312,20.01567840576172,370.52677038700494
2325.0,48.13271713256836,6.663045406341553,370.645041049007
2326.0,51.98541259765625,8.064534187316895,370.7821720990032
2327.0,21.118946075439453,3.6292431354522705,370.94973683799617
2328.0,13.373854637145996,2.8051609992980957,371.0998616099969
2329.0,31.931751251220703,5.238986015319824,371.2501456080063
2330.0,65.32616424560547,7.93345832824707,371.47523268000805
2331.0,22.4979248046875,5.033024311065674,371.59685103299853
2332.0,14.548019409179688,3.9710183143615723,371.7100807550014
2333.0,80.20561981201172,9.534308433532715,371.8313095170015
2334.0,16.015125274658203,3.5104806423187256,371.94099441899743
2335.0,39.229244232177734,5.1259331703186035,372.0433238620026
2336.0,10.268141746520996,2.7382969856262207,372.1945385959989
2337.0,9.68971061706543,2.4297966957092285,372.30528254700766
2338.0,22.83466339111328,4.493175029754639,372.4129679369944
2339.0,24.165775299072266,4.634249210357666,372.5414309070038
2340.0,8.800313949584961,2.399440050125122,372.65086933200655
2341.0,27.72761344909668,6.213407516479492,372.7614961549989
2342.0,34.70848083496094,5.866727352142334,372.88248680399556
2343.0,36.531368255615234,6.888720989227295,372.9910702079942
2344.0,13.104405403137207,3.4738969802856445,373.1060416679975
2345.0,71.16801452636719,8.012587547302246,373.2189778930042
2346.0,123.24128723144531,13.616729736328125,373.3265440440009
2347.0,10.704154968261719,2.526339292526245,373.43536779300484
2348.0,37.45163345336914,7.649910926818848,373.5436750520021
2349.0,33.68255615234375,5.18712043762207,373.65299465399585
2350.0,137.8096923828125,18.940467834472656,373.7655988839979
2351.0,18.97553253173828,4.106363296508789,373.8750929980015
2352.0,74.79934692382812,9.686405181884766,374.0022311479988
2353.0,65.17045593261719,9.415596961975098,374.1212411190063
2354.0,20.404903411865234,4.923843860626221,374.2796364829992
2355.0,20.974163055419922,4.154324531555176,374.3929015689937
2356.0,10.138518333435059,2.5668814182281494,374.52876504100277
2357.0,10.467565536499023,2.685497283935547,374.64650506900216
2358.0,81.30416870117188,9.808792114257812,374.7617343830061
2359.0,23.518545150756836,4.3128509521484375,374.87067403299443
2360.0,39.43986892700195,6.049103260040283,374.98233634799544
2361.0,14.289957046508789,3.246562957763672,375.09295929300424
2362.0,15.188720703125,3.287778377532959,375.22488213800534
2363.0,19.529991149902344,4.484426021575928,375.3829917020048
2364.0,20.68657684326172,3.9331133365631104,375.5396188129962
2365.0,13.928206443786621,3.5341131687164307,375.7268190610048
2366.0,14.490686416625977,3.558382749557495,375.92684209599975
2367.0,82.40557861328125,11.116388320922852,376.03759530700336
2368.0,84.87159729003906,9.516160011291504,376.1592940650007
2369.0,16.44267463684082,4.039216995239258,376.3220169529959
2370.0,12.012890815734863,3.2813684940338135,376.4326795079978
2371.0,166.25018310546875,16.68971824645996,376.5464612450014
2372.0,44.235870361328125,6.269061088562012,376.65701073000673
2373.0,12.312777519226074,3.2659006118774414,376.76991574700514
2374.0,60.32152557373047,7.871007442474365,376.879847617005
2375.0,27.705665588378906,5.877213478088379,376.9986898329953
2376.0,20.954002380371094,4.2890472412109375,377.09670656800154
2377.0,39.91292953491211,6.736565589904785,377.2097255099943
2378.0,12.536640167236328,2.95741868019104,377.31327948800754
2379.0,27.86664581298828,5.663488864898682,377.4298492819944
2380.0,27.569515228271484,5.188353061676025,377.53308576000563
2381.0,33.8060417175293,5.663110733032227,377.63829787200666
2382.0,69.30648803710938,8.890334129333496,377.7394989650056
2383.0,122.23175048828125,14.822362899780273,377.84504968200054
2384.0,84.31082153320312,12.55273151397705,377.9525891219964
2385.0,53.224632263183594,9.145474433898926,378.05522352400294
2386.0,70.17868041992188,9.459259986877441,378.6323518970021
2387.0,25.013717651367188,4.926438808441162,379.2696436050028
2388.0,24.954120635986328,4.73947286605835,380.01777977199527
2389.0,9.842617988586426,2.600595712661743,380.6977411459957
2390.0,17.14025115966797,3.5358405113220215,381.32661382200604
2391.0,47.146888732910156,7.252830982208252,382.05511092199595
2392.0,29.802330017089844,5.7924346923828125,382.3140615970042
2393.0,13.886813163757324,3.3023297786712646,382.42611260600097
2394.0,64.94683837890625,8.710297584533691,382.53979358299694
2395.0,18.713375091552734,4.202486515045166,382.6500752360007
2396.0,82.81166076660156,10.129480361938477,382.76779328599514
2397.0,24.456966400146484,4.950127124786377,382.88267701699806
2398.0,46.17619323730469,7.625959873199463,382.98998124299396
2399.0,63.26488494873047,8.59201431274414,383.10165381399565
2400.0,32.15336608886719,6.847120761871338,383.2199210230028
2401.0,13.318279266357422,3.3061470985412598,387.1815626239986
2402.0,34.168434143066406,7.446499824523926,387.30130986600125
2403.0,32.16794204711914,6.383031845092773,387.4712847329938
2404.0,21.313350677490234,4.075974464416504,387.6855100340035
2405.0,45.32972717285156,7.57820987701416,387.838815547002
2406.0,14.737776756286621,3.618018388748169,387.9502634389937
2407.0,135.2364501953125,14.660146713256836,388.1072904879984
2408.0,21.612308502197266,4.509551525115967,388.225483821996
2409.0,22.70848846435547,4.1985297203063965,388.3304644220043
2410.0,129.72157287597656,15.881075859069824,388.4637844039971
2411.0,56.86650085449219,8.046622276306152,388.57602797700383
2412.0,52.972755432128906,8.572651863098145,388.700719460001
2413.0,28.879985809326172,5.19101095199585,388.8121700990014
2414.0,87.19058227539062,9.6519136428833,388.9244563510001
2415.0,10.73166561126709,2.7981274127960205,389.04845146600564
2416.0,34.441078186035156,6.708480358123779,389.16476280399365
2417.0,12.163702011108398,3.1604607105255127,389.2808447360003
2418.0,25.391979217529297,6.274267673492432,389.3876352630032
2419.0,15.900166511535645,3.6342556476593018,389.49451350000163
2420.0,21.637298583984375,4.372536659240723,389.6048639219953
2421.0,13.824624061584473,3.094619035720825,389.7450229929964
2422.0,22.141468048095703,4.3014912605285645,389.8773459130025
2423.0,12.093624114990234,2.9235899448394775,389.9941720469942
2424.0,38.102439880371094,6.30332088470459,390.12317604800046
2425.0,29.959054946899414,6.969724655151367,390.2534701569966
2426.0,15.628868103027344,3.8153765201568604,390.36572868899384
2427.0,26.124164581298828,5.977672576904297,390.4719563349936
2428.0,10.573948860168457,2.755068063735962,390.60314405799727
2429.0,34.012046813964844,6.681712627410889,390.72046056200634
2430.0,108.21368408203125,13.554171562194824,390.83914617300616
2431.0,14.656839370727539,3.5418860912323,390.9574905549962
2432.0,54.279754638671875,8.151726722717285,391.0939094189962
2433.0,11.039643287658691,3.3038320541381836,391.2253773419943
2434.0,22.70684242248535,4.7776079177856445,391.33917164399463
2435.0,35.78369903564453,7.196839809417725,391.45298178600206
2436.0,10.946849822998047,3.0495285987854004,391.5637809089967
2437.0,28.18111228942871,4.077761650085449,391.69549918800476
2438.0,26.466068267822266,5.474517822265625,391.80551703499805
2439.0,205.98060607910156,26.306344985961914,391.91727899400576
2440.0,30.562156677246094,5.796772480010986,392.02986468200106
2441.0,14.474943161010742,3.5447754859924316,392.1418377020018
2442.0,13.87482738494873,3.1931588649749756,392.2804092139995
2443.0,25.392662048339844,4.562989234924316,392.4226332279941
2444.0,12.172988891601562,3.1804914474487305,392.56682621099753
2445.0,32.303382873535156,5.251034259796143,392.67893686000025
2446.0,10.464628219604492,2.557873249053955,392.79385843999626
2447.0,30.24524688720703,4.841432571411133,392.9037576039991
2448.0,11.170080184936523,3.1266441345214844,393.01380182300636
2449.0,8.862977027893066,2.4861838817596436,393.1282297959988
2450.0,10.879711151123047,2.832453727722168,393.244687554994
2451.0,20.698974609375,4.34358549118042,393.3562909040047
2452.0,7.811376094818115,2.1532645225524902,393.4601747840061
2453.0,49.26917266845703,6.0911407470703125,393.56926761700015
2454.0,13.412324905395508,3.7147789001464844,393.6863163060043
2455.0,28.614513397216797,5.225905418395996,393.7931912310014
2456.0,13.16116714477539,3.531116485595703,393.914706112002
2457.0,66.91586303710938,7.88692045211792,394.0193431539956
2458.0,12.298700332641602,2.7505407333374023,394.1291777440056
2459.0,28.152618408203125,5.549356937408447,394.2697902649961
2460.0,19.415550231933594,3.5559139251708984,394.3837923749961
2461.0,25.51665496826172,4.899511814117432,394.5031422119937
2462.0,29.353317260742188,4.749141216278076,394.61047565699846
2463.0,77.14215087890625,8.142312049865723,394.72133515399764
2464.0,96.81031799316406,10.50267505645752,394.83561144399573
2465.0,8.29356575012207,2.4509713649749756,394.94572273100493
2466.0,24.094297409057617,4.979123115539551,395.05429588900006
2467.0,50.33143615722656,6.879042625427246,395.16779092900106
2468.0,56.37908935546875,6.712841033935547,395.26932561400463
2469.0,33.846168518066406,6.614797592163086,395.3762860440038
2470.0,59.78723907470703,7.912070274353027,395.48303440200107
2471.0,21.91086769104004,3.9516756534576416,395.588198544996
2472.0,93.81382751464844,9.755172729492188,395.69386077100353
2473.0,39.80622100830078,6.089748382568359,395.80757365599857
2474.0,35.65288162231445,5.317135810852051,395.9241455089941
2475.0,15.920997619628906,4.025496959686279,396.03494918700017
2476.0,11.81486701965332,2.9717533588409424,396.14885851299914
2477.0,23.65094757080078,4.6201171875,396.25627971500217
2478.0,15.018110275268555,3.0721230506896973,396.3861486079986
2479.0,30.748125076293945,5.12190580368042,396.53960508000455
2480.0,10.879304885864258,2.7079215049743652,396.6554580240045
2481.0,19.894886016845703,4.573785781860352,396.78725999699964
2482.0,9.192863464355469,2.313591241836548,396.8874249369983
2483.0,23.43082046508789,5.289380073547363,397.00232766900444
2484.0,41.28571319580078,7.153606414794922,397.11521806499513
2485.0,50.2552490234375,7.584998607635498,397.2297823639965
2486.0,22.693614959716797,4.957761764526367,397.3454491519951
2487.0,7.436659812927246,1.8411953449249268,397.4581174269988
2488.0,27.863162994384766,5.292845726013184,397.5798092699988
2489.0,11.517601013183594,3.13322377204895,397.6843711429974
2490.0,15.444072723388672,3.721766233444214,397.801835456994
2491.0,119.10564422607422,13.752559661865234,397.91528214499704
2492.0,17.88800048828125,3.641263008117676,398.0289524999971
2493.0,57.58306121826172,8.334815979003906,398.1725635299954
2494.0,27.554214477539062,5.0820698738098145,398.2688257749978
2495.0,22.201507568359375,4.530993938446045,398.37482112
2496.0,14.480705261230469,3.609912633895874,398.4985269960016
2497.0,67.1054916381836,10.034536361694336,398.6304601760057
2498.0,43.62183380126953,6.374225616455078,398.7663603270048
2499.0,19.416282653808594,3.827972888946533,398.8823111829988
2500.0,11.707079887390137,2.4442901611328125,399.0006064170011
2501.0,26.518831253051758,5.187003135681152,405.5530090109969
2502.0,10.833486557006836,2.8308467864990234,405.65574099200603
2503.0,16.01496696472168,4.303292274475098,405.77415862999624
2504.0,23.50163459777832,5.348620891571045,405.8882348460029
2505.0,76.26294708251953,10.922256469726562,406.0055290290038
2506.0,20.080400466918945,4.359747409820557,406.1216529980011
2507.0,20.4116268157959,4.381422519683838,406.2409571140015
2508.0,11.088029861450195,2.921311616897583,406.3662231460039
2509.0,17.995691299438477,4.119983673095703,406.5100006270077
2510.0,30.821582794189453,5.418683052062988,406.6213877340051
2511.0,34.815650939941406,5.365579605102539,406.7518044580065
2512.0,14.493436813354492,3.7176549434661865,406.88149867899483
2513.0,80.43550872802734,11.338523864746094,406.9881960229977
2514.0,53.38865661621094,9.381660461425781,407.0931667230034
2515.0,44.79755401611328,8.379416465759277,407.20158999299747
2516.0,52.38262176513672,8.85556411743164,407.3112921020074
2517.0,50.87511444091797,7.88236665725708,407.44754884400754
2518.0,22.436429977416992,4.685633182525635,407.5651075710048
2519.0,111.0107650756836,13.369722366333008,407.6859343469987
2520.0,10.142911911010742,2.8464484214782715,407.804717787003
2521.0,19.91919708251953,4.2420878410339355,407.94863626699953
2522.0,12.35235595703125,3.256300210952759,408.07371897500707
2523.0,30.25273895263672,5.129179954528809,408.2290436869953
2524.0,21.050777435302734,4.329349517822266,408.3550309389975
2525.0,10.920581817626953,2.882453441619873,408.53772557699995
2526.0,138.00355529785156,14.825286865234375,408.7242572899995
2527.0,10.466808319091797,2.366694211959839,408.8637511410052
2528.0,15.551749229431152,3.2866711616516113,409.0184709860041
2529.0,32.924400329589844,5.8011794090271,409.1632461910049
2530.0,36.492034912109375,6.024308681488037,409.30072731600376
2531.0,69.83692932128906,10.320638656616211,409.44073838599434
2532.0,41.54059982299805,7.155148506164551,409.5785370480007
2533.0,9.600931167602539,2.4145021438598633,409.71487194800284
2534.0,28.23088836669922,5.254758834838867,409.878767799004
2535.0,14.225839614868164,3.7525265216827393,409.9956688300008
2536.0,27.520206451416016,4.762836456298828,410.0953004070034
2537.0,17.03965187072754,3.564661741256714,410.20560652800486
2538.0,16.601842880249023,3.7612459659576416,410.31391957799497
2539.0,8.910116195678711,2.3576526641845703,410.4277470789966
2540.0,20.84679412841797,4.551235198974609,410.5406681570021
2541.0,25.85314178466797,4.99282693862915,410.6623828849988
2542.0,25.42642593383789,3.7126846313476562,410.77926415900583
2543.0,25.18912696838379,4.6090617179870605,410.8943261359964
2544.0,40.536869049072266,4.586050033569336,411.00557860299887
2545.0,29.873424530029297,4.98547887802124,411.11380954500055
2546.0,6.833892822265625,1.910551905632019,411.22124423900095
2547.0,66.02027130126953,8.74576187133789,411.3323466699949
2548.0,62.63749694824219,11.363457679748535,411.44596951900166
2549.0,33.76398849487305,6.379125118255615,411.56756257399684
2550.0,69.8440170288086,10.562498092651367,411.6778116589994
2551.0,35.56424331665039,7.080514430999756,411.78864286300086
2552.0,11.887791633605957,2.7647836208343506,411.9054444850044
2553.0,24.18014144897461,5.267276763916016,412.0114745059982
2554.0,15.149945259094238,3.786550760269165,412.1173630349949
2555.0,104.60340881347656,12.78320026397705,412.2314348320069
2556.0,17.986980438232422,4.055783748626709,412.34449905400106
2557.0,58.35498809814453,7.987412929534912,412.4529115740006
2558.0,50.56597900390625,7.823946952819824,412.55948346199875
2559.0,54.45764923095703,8.154518127441406,412.6738451800047
2560.0,12.395675659179688,2.6926066875457764,412.78240094899957
2561.0,48.85068130493164,8.48300838470459,412.9028805200069
2562.0,17.790729522705078,4.096452236175537,413.0159502500028
2563.0,92.03802490234375,10.377326965332031,413.1251669199992
2564.0,13.474867820739746,3.1689672470092773,413.252985337007
2565.0,11.577125549316406,2.884554862976074,413.35703719299636
2566.0,9.978066444396973,2.541771173477173,413.4641641479975
2567.0,21.41593360900879,4.641148567199707,413.5752722629986
2568.0,24.97964859008789,4.785516262054443,413.67798184699495
2569.0,96.24160766601562,10.904256820678711,413.78884321100486
2570.0,16.405744552612305,3.5492584705352783,413.8957528030005
2571.0,75.56599426269531,9.125253677368164,414.00142890600546
2572.0,14.918298721313477,3.8451266288757324,414.1135413449956
2573.0,24.732315063476562,5.172794342041016,414.2216667360044
2574.0,24.683555603027344,4.561081886291504,414.32507928500127
2575.0,20.530296325683594,5.197361469268799,414.4323510270042
2576.0,30.18857192993164,5.452814102172852,414.5440006520075
2577.0,51.685302734375,7.139604568481445,414.65215971300495
2578.0,48.63103103637695,6.744156837463379,414.7619298500067
2579.0,13.348997116088867,2.908510446548462,414.87314252399665
2580.0,12.895931243896484,3.3923418521881104,414.9859902629978
2581.0,9.210465431213379,2.3934526443481445,415.0923719830025
2582.0,14.516524314880371,3.0350852012634277,415.2131557840039
2583.0,17.275146484375,3.8693270683288574,415.3261469840072
2584.0,43.476680755615234,5.4554314613342285,415.44148357599624
2585.0,34.747154235839844,5.403341770172119,415.5698647179961
2586.0,49.45493698120117,6.688663482666016,415.70521806000033
2587.0,73.28092956542969,9.495410919189453,415.8107984620001
2588.0,8.824350357055664,2.2405407428741455,415.91937340599543
2589.0,8.439621925354004,2.340350389480591,416.0321681159985
2590.0,14.300460815429688,3.3981664180755615,416.1511572140007
2591.0,51.79683303833008,6.380884170532227,416.2674609819951
2592.0,37.357093811035156,6.027049541473389,416.3858288479969
2593.0,198.71026611328125,23.07854461669922,416.5038790980034
2594.0,64.47909545898438,8.914616584777832,416.61942083900794
2595.0,18.814208984375,4.717030048370361,416.73507302800135
2596.0,28.19485092163086,4.431679725646973,416.8504691410053
2597.0,75.55239868164062,12.164932250976562,416.9932406730077
2598.0,25.811267852783203,4.444278717041016,417.15136487300333
2599.0,15.174171447753906,3.2931630611419678,417.27045730600366
2600.0,14.496224403381348,3.4654057025909424,417.3740646660008
2601.0,20.32657241821289,3.7190968990325928,421.89515904900327
2602.0,19.309083938598633,3.7563343048095703,422.00920547600253
2603.0,54.63698196411133,8.389959335327148,422.13075148400094
2604.0,40.77384948730469,5.615029335021973,422.2522512620053
2605.0,25.184326171875,4.640986919403076,422.3557764940051
2606.0,19.49697494506836,3.808939218521118,422.4661649089976
2607.0,33.27599334716797,5.629106521606445,422.57269268800155
2608.0,18.668785095214844,4.606269836425781,422.6797668979998
2609.0,8.043655395507812,1.9469826221466064,422.7914739800035
2610.0,35.56365966796875,5.68359899520874,422.9064035699994
2611.0,135.44102478027344,14.925776481628418,423.0320435350004
2612.0,25.56720542907715,4.506325721740723,423.1610121660051
2613.0,28.150619506835938,4.90606689453125,423.28203944000416
2614.0,9.341291427612305,2.44842267036438,423.40402908300166
2615.0,20.842029571533203,4.959817886352539,423.54174960500677
2616.0,35.56415939331055,6.173429489135742,423.64717525499873
2617.0,14.762145042419434,3.162670612335205,423.7624543550046
2618.0,29.38576889038086,5.438652515411377,423.8861747549963
2619.0,16.411956787109375,3.9192543029785156,424.0487230269937
2620.0,21.16836166381836,4.446496963500977,424.15774340200005
2621.0,24.802860260009766,5.558201313018799,424.27636757800065
2622.0,43.15102005004883,6.965725898742676,424.39091590000317
2623.0,9.359691619873047,2.3855879306793213,424.5135614830069
2624.0,13.063613891601562,2.696061372756958,424.6269983740058
2625.0,40.2249755859375,6.510729789733887,424.74797548800416
2626.0,16.3504638671875,3.547258138656616,424.8810159889981
2627.0,70.34344482421875,10.099947929382324,424.99840430500626
2628.0,13.444889068603516,3.136427640914917,425.1501014020032
2629.0,58.473697662353516,5.979961395263672,425.26707156799966
2630.0,37.20170974731445,5.928516864776611,425.3785584090074
2631.0,35.84577178955078,5.9619317054748535,425.5204645170015
2632.0,131.1696014404297,13.31924819946289,425.6386102819961
2633.0,50.149139404296875,7.971888542175293,425.7597420039965
2634.0,31.664108276367188,5.296176910400391,425.94030153000494
2635.0,11.38387680053711,2.6748790740966797,426.0494092680019
2636.0,26.20510482788086,5.0670342445373535,426.1638408370054
2637.0,40.16263198852539,5.827653408050537,426.271469016996
2638.0,24.07648468017578,4.171858787536621,426.38438059900363
2639.0,17.826602935791016,4.402805328369141,426.49455578600464
2640.0,16.658363342285156,4.0478973388671875,426.6028755110019
2641.0,119.00318908691406,12.017852783203125,426.7119852879987
2642.0,23.123416900634766,4.877106666564941,426.82134848000715
2643.0,11.130396842956543,2.6922476291656494,426.9303061560058
2644.0,9.123623847961426,2.3618924617767334,427.0375682129961
2645.0,17.200679779052734,3.5979347229003906,427.1456664510042
2646.0,14.2572660446167,3.09541916847229,427.2539956999972
2647.0,75.75389099121094,13.227384567260742,427.3635058899963
2648.0,46.7923698425293,4.968157768249512,427.4712016560079
2649.0,30.18063735961914,4.658812046051025,427.5848434399959
2650.0,12.994071960449219,2.996145248413086,427.70044730900554
2651.0,23.266799926757812,4.305832386016846,427.8045176440064
2652.0,20.090896606445312,4.657052516937256,427.9088753219985
2653.0,11.700462341308594,3.074705123901367,428.0120272119966
2654.0,23.942373275756836,4.952582836151123,428.1171103950037
2655.0,19.189237594604492,3.5507256984710693,428.2186494600028
2656.0,12.98968505859375,3.47011661529541,428.33095249699545
2657.0,13.102886199951172,3.383291721343994,428.4511039019999
2658.0,16.19054412841797,3.463780164718628,428.56527676100086
2659.0,13.675366401672363,3.2291479110717773,428.68235746400023
2660.0,13.790334701538086,3.1589581966400146,428.8017680740013
2661.0,48.981380462646484,6.244885444641113,428.90945602199645
2662.0,20.815675735473633,4.272679328918457,429.0199382970022
2663.0,37.80543518066406,7.007635116577148,429.14467572300055
2664.0,12.781190872192383,3.3763980865478516,429.25539298199874
2665.0,21.219600677490234,4.5547332763671875,429.367829099996
2666.0,14.644420623779297,3.742694854736328,429.48582060799527
2667.0,18.97140121459961,4.182192802429199,429.5919894510007
2668.0,81.81108093261719,11.338264465332031,429.70633998699486
2669.0,10.038424491882324,2.376471757888794,429.8187401879986
2670.0,37.17108154296875,5.820348262786865,429.93036433300585
2671.0,26.897563934326172,4.811505317687988,430.0390775450069
2672.0,40.801231384277344,6.769694805145264,430.1419783930032
2673.0,28.10066032409668,5.793920993804932,430.2495643440052
2674.0,35.17084884643555,5.667659759521484,430.3716227810073
2675.0,11.146446228027344,2.8405792713165283,430.4912192579941
2676.0,58.345008850097656,6.437469959259033,430.61483524899813
2677.0,60.38544464111328,7.954490661621094,430.7260874180065
2678.0,17.63884735107422,3.393547296524048,430.8304615369998
2679.0,10.102313041687012,2.523536205291748,430.93975593200594
2680.0,5.952096939086914,1.7351365089416504,431.0425105290051
2681.0,17.669971466064453,3.8277223110198975,431.14803414500784
2682.0,31.496461868286133,5.011484622955322,431.25579409899365
2683.0,29.972877502441406,5.559269905090332,431.3774559839949
2684.0,12.32440185546875,3.0887176990509033,431.48309910300304
2685.0,28.345924377441406,5.508178234100342,431.58749327300757
2686.0,11.827436447143555,2.692232847213745,431.69206197299354
2687.0,18.69213104248047,4.110344886779785,431.81230321699695
2688.0,72.38154602050781,9.215595245361328,431.9410919229995
2689.0,49.362422943115234,7.059200286865234,432.05159690999426
2690.0,16.46481704711914,3.999458074569702,432.1609499759943
2691.0,9.697187423706055,2.6634294986724854,432.2664490860043
2692.0,18.606983184814453,3.6857612133026123,432.37245363400143
2693.0,9.034036636352539,2.1797337532043457,432.47827923699515
2694.0,41.59669876098633,6.520465850830078,432.5905657669937
2695.0,36.2806510925293,6.545712947845459,432.70692846699967
2696.0,7.092038631439209,1.9219036102294922,432.81263376100105
2697.0,46.545921325683594,6.581612586975098,432.9187602180027
2698.0,15.697807312011719,3.659597873687744,433.02838168499875
2699.0,9.843196868896484,2.683999538421631,433.16177885999787
2700.0,50.974334716796875,9.711352348327637,433.267477055997
2701.0,219.94271850585938,26.300065994262695,437.0492159389978
2702.0,181.15103149414062,18.560922622680664,437.161022529006
2703.0,137.7060546875,15.964943885803223,437.26855418100604
2704.0,11.625694274902344,2.730393171310425,437.3716301039967
2705.0,36.44928741455078,6.394410133361816,437.4826992379967
2706.0,11.567447662353516,2.857923984527588,437.589239576002
2707.0,18.069101333618164,3.9924798011779785,437.69996616299613
2708.0,54.019840240478516,8.944884300231934,437.81852099900425
2709.0,11.711103439331055,2.904301166534424,437.93159843400645
2710.0,11.060091972351074,2.8082520961761475,438.03978192599607
2711.0,20.563247680664062,4.604165554046631,438.1561199209973
2712.0,22.090938568115234,4.338929176330566,438.2750075600052
2713.0,28.629484176635742,4.970990180969238,438.3839148450061
2714.0,20.175735473632812,4.458973407745361,438.4928691940004
2715.0,45.00654983520508,7.036284446716309,438.6212757570029
2716.0,91.271240234375,8.826924324035645,438.75281678199826
2717.0,37.86710739135742,6.288693428039551,438.87264786000014
2718.0,112.95951843261719,12.059666633605957,439.0084059200017
2719.0,6.100478172302246,1.7689834833145142,439.12086549800006
2720.0,11.644672393798828,3.2455453872680664,439.22999641099887
2721.0,19.670345306396484,4.26837682723999,439.3401031969988
2722.0,45.48777770996094,9.152999877929688,439.46089673000097
2723.0,37.79169845581055,6.810227870941162,439.58459979700274
2724.0,21.87099266052246,4.9987101554870605,439.70874642599665
2725.0,37.78753662109375,7.1910481452941895,439.820303985005
2726.0,41.02485656738281,7.023834705352783,439.9303024569963
2727.0,89.59147644042969,9.595908164978027,440.0392670400033
2728.0,9.346478462219238,2.3156728744506836,440.1618547120015
2729.0,13.5543851852417,3.4908447265625,440.27818333399773
2730.0,11.6619234085083,2.9216299057006836,440.38698052300606
2731.0,31.777156829833984,5.369976997375488,440.48883781999757
2732.0,34.124794006347656,4.907490253448486,440.5934538519941
2733.0,128.6947479248047,18.71397590637207,440.72894268699747
2734.0,19.55752944946289,3.6949880123138428,440.8356383939972
2735.0,49.19026565551758,6.803555011749268,440.95735606600647
2736.0,7.234391689300537,1.8141233921051025,441.0661597610015
2737.0,28.171436309814453,6.000673294067383,441.17210175799846
2738.0,10.286517143249512,2.64031720161438,441.2770057720045
2739.0,38.6949348449707,6.6406636238098145,441.3813383259985
2740.0,49.828025817871094,7.675983905792236,441.4861988640041
2741.0,35.97899627685547,6.027787685394287,441.63002743000106
2742.0,15.211584091186523,3.047419786453247,441.7658804679959
2743.0,12.106477737426758,2.714226484298706,441.8767389470013
2744.0,15.52445125579834,3.2480764389038086,441.9847062970075
2745.0,21.423538208007812,4.126138687133789,442.0916283830011
2746.0,12.563112258911133,3.3090403079986572,442.18929995999497
2747.0,10.332627296447754,2.8098127841949463,442.32034455100074
2748.0,8.780220031738281,2.175158977508545,442.42248742000083
2749.0,11.05362606048584,2.646014928817749,442.53066425900033
2750.0,36.39112854003906,7.470827579498291,442.64262815100665
2751.0,23.795730590820312,4.4631242752075195,442.75616741599515
2752.0,17.277997970581055,3.6214067935943604,442.874949524994
2753.0,14.970638275146484,3.436260461807251,443.01036456499423
2754.0,10.094480514526367,2.4479146003723145,443.1457394549943
2755.0,42.775848388671875,6.957046985626221,443.2621597929974
2756.0,49.38583755493164,6.944561004638672,443.3685491340002
2757.0,9.04028606414795,2.1504061222076416,443.48414902099466
2758.0,8.849810600280762,2.376849412918091,443.59141047099547
2759.0,95.65281677246094,15.857501983642578,443.7015061179991
2760.0,30.562355041503906,5.57918119430542,443.8126043660013
2761.0,15.859294891357422,3.3351292610168457,443.9200692220038
2762.0,68.90088653564453,10.304911613464355,444.04141574099776
2763.0,4.983677864074707,1.3815206289291382,444.16017580199696
2764.0,100.65193176269531,10.554144859313965,444.2720048339979
2765.0,17.589595794677734,3.6028144359588623,444.3828024300019
2766.0,25.275012969970703,5.1581315994262695,444.50019615900237
2767.0,77.86976623535156,9.077054023742676,444.618534438996
2768.0,34.36388397216797,5.1327385902404785,444.73382201099594
2769.0,10.109375,2.5809109210968018,444.8492610950052
2770.0,18.93373680114746,3.73641037940979,444.9630634979985
2771.0,71.09213256835938,8.281645774841309,445.091421079007
2772.0,26.58601188659668,4.543797969818115,445.21870843399665
2773.0,25.26760482788086,4.658743858337402,445.33908290100226
2774.0,21.250267028808594,3.6198503971099854,445.46134463199996
2775.0,20.127193450927734,4.180587291717529,445.5723299740057
2776.0,22.678550720214844,4.162034511566162,445.6945559540036
2777.0,8.310518264770508,2.2814016342163086,445.8184584190021
2778.0,28.336387634277344,4.588764190673828,445.9361078619986
2779.0,8.559818267822266,2.2574265003204346,446.05147755300277
2780.0,154.11117553710938,16.824451446533203,446.1700657570036
2781.0,19.312705993652344,3.3844289779663086,446.2934609520016
2782.0,14.215051651000977,3.2716293334960938,446.41280921699945
2783.0,8.688499450683594,2.2085368633270264,446.52458562899847
2784.0,38.27830505371094,6.2694573402404785,446.630605747996
2785.0,34.34421157836914,5.436131477355957,446.73553324899694
2786.0,62.30967712402344,7.485754489898682,446.8488760110049
2787.0,9.703948974609375,2.7414464950561523,446.9513084329956
2788.0,32.09541320800781,5.870972156524658,447.0619954379945
2789.0,15.351417541503906,3.66230845451355,447.17043892500806
2790.0,21.28817367553711,4.526607990264893,447.28342362299736
2791.0,25.898990631103516,4.9372663497924805,447.40660420600034
2792.0,14.87141227722168,3.3204290866851807,447.52366531000007
2793.0,23.641307830810547,4.861754894256592,447.63734278900665
2794.0,29.89254379272461,6.4206037521362305,447.7522022519988
2795.0,12.828309059143066,3.19681453704834,447.8653821810003
2796.0,18.948270797729492,4.415441989898682,447.9705208700034
2797.0,67.3134994506836,9.21446704864502,448.0729268230061
2798.0,14.392904281616211,3.859910249710083,448.1754930790048
2799.0,49.99162673950195,7.059823513031006,448.28709759999765
2800.0,31.94352912902832,5.582369327545166,448.3912025010068
2801.0,54.54920196533203,9.453737258911133,452.6545173659979
2802.0,20.60771942138672,4.2223100662231445,452.77727656300704
2803.0,94.51680755615234,9.73369026184082,452.90608128700114
2804.0,31.49261474609375,6.465443134307861,453.0352798560052
2805.0,10.364775657653809,2.3803956508636475,453.1726703900058
2806.0,15.070859909057617,3.562344789505005,453.2864072800003
2807.0,15.924567222595215,4.175360679626465,453.3945004080015
2808.0,49.64801025390625,8.041369438171387,453.5431579760043
2809.0,8.733031272888184,2.250380277633667,453.6764328709978
2810.0,146.30673217773438,16.20102882385254,453.8135013840074
2811.0,19.247411727905273,4.599823951721191,453.94127987399406
2812.0,9.731752395629883,2.375091552734375,454.0744431549974
2813.0,18.92863655090332,4.724826812744141,454.2090800290025
2814.0,48.40576934814453,7.217059135437012,454.3520670160069
2815.0,41.784019470214844,6.7581024169921875,454.46705920400564
2816.0,35.03765106201172,5.709842205047607,454.57440264400793
2817.0,38.382347106933594,6.600890159606934,454.69987421699625
2818.0,91.45326232910156,10.749283790588379,454.8397506939946
2819.0,45.47035217285156,6.8606438636779785,454.9795059830067
2820.0,43.578948974609375,7.147468566894531,455.09759635600494
2821.0,25.520835876464844,4.142866611480713,455.22896146800485
2822.0,30.89211654663086,6.269636631011963,455.34193446999416
2823.0,83.30307006835938,9.290003776550293,455.506373968994
2824.0,22.143047332763672,5.076166152954102,455.6171319040004
2825.0,11.95944595336914,2.606045722961426,455.8217445820046
2826.0,37.531917572021484,5.311984539031982,456.1186635930062
2827.0,50.69847869873047,6.905755043029785,457.04854838699976
2828.0,22.944530487060547,4.285054683685303,457.9082528949948
2829.0,9.545816421508789,2.2245254516601562,458.7542106769979
2830.0,25.19540023803711,5.103114128112793,459.1250294030033
2831.0,15.819723129272461,3.7090959548950195,459.23950550200243
2832.0,19.476905822753906,4.201548099517822,459.3494765719952
2833.0,17.994640350341797,3.847425937652588,459.48681350999686
2834.0,32.189849853515625,5.407888889312744,459.6102095660026
2835.0,80.40582275390625,13.839836120605469,459.72753764799563
2836.0,20.382919311523438,3.946706771850586,459.8511576419987
2837.0,33.96331024169922,6.759378433227539,459.99062922499434
2838.0,21.19774055480957,3.9492883682250977,460.10591692199523
2839.0,24.860898971557617,5.442858695983887,460.2277597430075
2840.0,66.31668853759766,8.847114562988281,460.33467854899936
2841.0,63.827430725097656,9.284570693969727,460.4457207259984
2842.0,17.787504196166992,3.6603004932403564,460.56747576499765
2843.0,73.39527893066406,9.413537979125977,460.6864307119977
2844.0,33.458229064941406,5.617971897125244,460.8036604299996
2845.0,23.211410522460938,5.692501544952393,460.90967701299815
2846.0,56.62005615234375,8.488702774047852,461.02609927499725
2847.0,61.62812805175781,9.191614151000977,461.1415848900069
2848.0,12.15078067779541,3.2579009532928467,461.2487940430001
2849.0,33.851898193359375,5.72220516204834,461.3759606530075
2850.0,42.163814544677734,6.9527764320373535,461.50675302800664
2851.0,81.74140930175781,9.153485298156738,461.6418701530056
2852.0,33.732059478759766,6.21410608291626,461.7566927500011
2853.0,11.118934631347656,3.332146644592285,461.90585667100095
2854.0,9.594738960266113,2.640986919403076,462.0493668410054
2855.0,7.187746524810791,1.9015849828720093,462.1517319440027
2856.0,13.239295959472656,2.801435947418213,462.2621517399966
2857.0,35.076202392578125,7.667541027069092,462.3802144479996
2858.0,66.3158187866211,7.505281448364258,462.4937090589956
2859.0,62.71828079223633,7.9774699211120605,462.6042537780013
2860.0,23.459548950195312,4.87359619140625,462.7166269360023
2861.0,28.912734985351562,5.018652439117432,462.83085025699984
2862.0,14.254491806030273,3.1407711505889893,462.94440342900634
2863.0,24.016298294067383,4.51032018661499,463.0541924069985
2864.0,19.524394989013672,3.8730697631835938,463.16631332000543
2865.0,32.24717712402344,5.723587512969971,463.27860272300313
2866.0,9.285171508789062,2.4164111614227295,463.38872169400565
2867.0,10.804551124572754,2.735623836517334,463.50047955999617
2868.0,8.887932777404785,2.4028587341308594,463.6119334499963
2869.0,14.711212158203125,2.7979166507720947,463.71538004699687
2870.0,14.65504264831543,3.505810022354126,463.82042343899957
2871.0,36.64447784423828,6.245090007781982,463.9282268759998
2872.0,10.10481071472168,2.423952579498291,464.0392791579943
2873.0,16.518312454223633,3.6402945518493652,464.1788475039939
2874.0,21.042678833007812,4.531592845916748,464.30913337699894
2875.0,11.035774230957031,2.942406415939331,464.433311204004
2876.0,30.899585723876953,5.731943130493164,464.52794148599787
2877.0,11.748087882995605,2.7980475425720215,464.6549080560071
2878.0,18.97537612915039,3.9758501052856445,464.78697755999747
2879.0,20.394275665283203,3.8159146308898926,464.90366033799364
2880.0,11.055596351623535,2.861647129058838,465.00665308699536
2881.0,49.80154800415039,5.574489593505859,465.11584447399946
2882.0,40.619815826416016,6.507867813110352,465.22869538700616
2883.0,36.604209899902344,7.844047546386719,465.3391885489982
2884.0,15.733856201171875,3.607632875442505,465.4546877179964
2885.0,53.60607147216797,7.316028594970703,465.5624550280045
2886.0,88.13690948486328,13.046960830688477,465.6813488750049
2887.0,21.62972640991211,4.461826324462891,465.7914257789962
2888.0,121.40577697753906,15.035746574401855,465.89888428400445
2889.0,16.386878967285156,3.7581589221954346,466.00379491600324
2890.0,16.249675750732422,3.696859359741211,466.11572274399805
2891.0,19.4047794342041,4.05122184753418,466.22660088499833
2892.0,20.785415649414062,4.046483516693115,466.33837007000693
2893.0,7.49451208114624,1.8358557224273682,466.4450383390067
2894.0,25.540529251098633,5.550537109375,466.55690710899944
2895.0,38.73603820800781,7.374853134155273,466.673430912997
2896.0,58.45768737792969,6.850470542907715,466.78597584500676
2897.0,19.064599990844727,4.055537700653076,466.8985211870022
2898.0,15.13692855834961,3.5746424198150635,467.0359690970072
2899.0,108.55076599121094,14.128255844116211,467.1483657659992
2900.0,7.6293416023254395,2.0808191299438477,467.2754914420075
2901.0,27.690135955810547,5.508906364440918,471.2898222119984
2902.0,146.4672393798828,16.44008445739746,471.3989926810027
2903.0,11.965738296508789,3.210338830947876,471.50293463800335
2904.0,12.249567985534668,3.3602023124694824,471.61138976299844
2905.0,35.38859558105469,6.0707244873046875,471.72124039099435
2906.0,18.11529541015625,3.904087543487549,471.83226323999406
2907.0,8.673627853393555,2.4579005241394043,471.96245903300587
2908.0,84.17066192626953,10.119348526000977,472.08443733099557
2909.0,44.866485595703125,8.034377098083496,472.2179569059954
2910.0,24.915246963500977,4.535436153411865,472.3782351520058
2911.0,27.221546173095703,5.040383815765381,472.50126943699433
2912.0,14.890323638916016,3.6018028259277344,472.62944768500165
2913.0,14.932613372802734,3.519207000732422,472.7553433860012
2914.0,9.563217163085938,2.453583002090454,472.85524392299703
2915.0,34.15996551513672,6.2353620529174805,472.96082967999973
2916.0,76.87355041503906,7.7602386474609375,473.06388210100704
2917.0,12.682214736938477,2.8448238372802734,473.1901985870063
2918.0,19.479476928710938,4.710550308227539,473.3103551959939
2919.0,19.547245025634766,3.9496893882751465,473.44430724100675
2920.0,46.11098861694336,6.265049934387207,473.5766093819984
2921.0,53.25884246826172,6.560254096984863,473.6915861849993
2922.0,8.874641418457031,2.2641232013702393,473.82460664599785
2923.0,9.132651329040527,2.430360794067383,473.94694004200574
2924.0,9.285699844360352,2.481289863586426,474.048363296999
2925.0,27.994659423828125,4.969562530517578,474.16001482600404
2926.0,24.34109115600586,4.348799228668213,474.27218698700017
2927.0,8.668656349182129,2.1909284591674805,474.3998631249997
2928.0,24.195579528808594,4.86268424987793,474.5180911780044
2929.0,32.025543212890625,6.800461292266846,474.64279230199463
2930.0,16.519683837890625,3.1659674644470215,474.79015065600106
2931.0,79.8940200805664,13.890623092651367,474.9331120450079
2932.0,19.241151809692383,5.014339923858643,475.0609214080032
2933.0,39.099212646484375,5.5297017097473145,475.18158304500685
2934.0,10.591753005981445,3.1395533084869385,475.28808841599675
2935.0,22.221393585205078,3.8809995651245117,475.3993935269973
2936.0,89.73219299316406,9.590871810913086,475.5125313180033
2937.0,58.183223724365234,7.640610218048096,475.642711574008
2938.0,23.452455520629883,5.594692230224609,475.7753243420011
2939.0,15.08270263671875,3.345906972885132,475.9457997940044
2940.0,148.64999389648438,19.7617244720459,476.0984430709941
2941.0,14.032629013061523,3.1494274139404297,476.2413412830065
2942.0,23.716474533081055,4.412984848022461,476.41438622599526
2943.0,14.150736808776855,3.612933397293091,476.52897689299425
2944.0,23.370407104492188,5.163057804107666,476.6511690519983
2945.0,27.500896453857422,5.204920768737793,476.83977801199944
2946.0,8.283357620239258,2.154569149017334,476.99229704799654
2947.0,16.395814895629883,3.8627710342407227,477.15795574999356
2948.0,9.484179496765137,2.4235198497772217,477.32174943400605
2949.0,25.156070709228516,5.251397609710693,477.45355181100604
2950.0,50.6655387878418,6.68245267868042,477.5768702839996
2951.0,32.75343704223633,5.211512565612793,477.70416825500433
2952.0,34.720802307128906,5.309201240539551,477.8280141760042
2953.0,56.92177963256836,8.184857368469238,477.94198782599415
2954.0,7.985516548156738,2.2228243350982666,478.04938738000055
2955.0,11.446696281433105,2.8918347358703613,478.16655905700463
2956.0,34.11504364013672,5.681360721588135,478.26631726800406
2957.0,12.65085220336914,3.3481650352478027,478.3700987869961
2958.0,7.416327953338623,1.9671932458877563,478.47478514700197
2959.0,46.96105194091797,9.189176559448242,478.5838266320061
2960.0,11.078756332397461,2.7065184116363525,478.6923114139936
2961.0,76.60298156738281,9.135156631469727,478.8071118270018
2962.0,62.396995544433594,10.995945930480957,478.9131136460055
2963.0,11.261955261230469,2.992856740951538,479.03136363299564
2964.0,15.336904525756836,3.485072135925293,479.1418256150064
2965.0,43.08180236816406,6.655323505401611,479.33421824399556
2966.0,10.801344871520996,2.62604022026062,479.4680713620037
2967.0,16.568422317504883,3.70466685295105,479.5863717470056
2968.0,11.922487258911133,2.847022533416748,479.6920032019989
2969.0,36.87770080566406,6.000849723815918,479.7891229749948
2970.0,63.523902893066406,7.720445156097412,479.89815066900337
2971.0,28.008853912353516,5.380043983459473,480.021689065994
2972.0,34.74150848388672,6.527279376983643,480.124114293998
2973.0,12.672801971435547,3.494211196899414,480.23326179200376
2974.0,19.52794647216797,4.480043888092041,480.3425351150072
2975.0,21.31789779663086,3.8510992527008057,480.47304952400737
2976.0,9.513699531555176,2.4029080867767334,480.5878758350009
2977.0,9.615096092224121,2.4610605239868164,480.69854102299723
2978.0,57.948707580566406,6.593647480010986,480.8054335869965
2979.0,36.50144958496094,5.293941497802734,480.9269668850029
2980.0,208.55612182617188,20.62498664855957,481.04695908300346
2981.0,19.14132308959961,4.3371381759643555,481.1772731910023
2982.0,7.270474910736084,1.7615090608596802,481.286553234997
2983.0,104.4749755859375,12.312748908996582,481.4025865250005
2984.0,77.72386169433594,9.939719200134277,481.5126293229987
2985.0,9.500899314880371,2.2944633960723877,481.62311747000786
2986.0,29.021549224853516,5.611299991607666,481.7297253680008
2987.0,29.19403648376465,4.987580299377441,481.8428488250065
2988.0,12.035331726074219,2.6825647354125977,481.95453040899883
2989.0,77.19979858398438,10.423741340637207,482.0722585290059
2990.0,14.974095344543457,3.657593250274658,482.18974561500363
2991.0,17.93534278869629,3.5312020778656006,482.2951691229973
2992.0,9.101037979125977,2.3222880363464355,482.4083069210028
2993.0,16.136676788330078,3.508317708969116,482.51336734100187
2994.0,111.33527374267578,11.456924438476562,482.6197971070069
2995.0,28.303449630737305,5.838479995727539,482.7358499980037
2996.0,40.65920639038086,6.779739856719971,482.84870227800275
2997.0,79.90339660644531,9.561300277709961,482.9572954070027
2998.0,14.277921676635742,3.144228219985962,483.0941276520025
2999.0,8.446834564208984,2.1007237434387207,483.2296738110017
3000.0,17.53252410888672,3.4192798137664795,483.3617411449959
3001.0,27.033674240112305,4.891707897186279,487.7216408499953
3002.0,9.287837982177734,2.5719189643859863,487.8638151490013
3003.0,23.16168975830078,5.130609035491943,487.96998312500364
3004.0,24.611595153808594,5.0766520500183105,488.07411514599517
3005.0,25.952224731445312,4.603983402252197,488.17991483199876
3006.0,15.012948989868164,2.8473196029663086,488.28924529500364
3007.0,8.086165428161621,2.3045711517333984,488.3918342249963
3008.0,38.73869323730469,6.351747512817383,488.498514181003
3009.0,26.04458999633789,4.984860897064209,488.6078618820029
3010.0,12.635852813720703,3.002000093460083,488.7163296390063
3011.0,14.334537506103516,2.820448398590088,488.8261965290003
3012.0,19.780662536621094,4.841036796569824,488.93360602500616
3013.0,8.963337898254395,2.3369691371917725,489.04333230400516
3014.0,31.333053588867188,5.107624053955078,489.15616882100585
3015.0,51.53501892089844,6.4934797286987305,489.2673056000058
3016.0,15.068058967590332,3.3696346282958984,489.38124883499404
3017.0,28.385334014892578,6.756014823913574,489.49298345600255
3018.0,32.375267028808594,6.06696891784668,489.6067194000061
3019.0,17.752710342407227,4.656732559204102,489.72470022999914
3020.0,12.430159568786621,2.8043570518493652,489.832733867006
3021.0,51.09518814086914,9.7220458984375,489.9363926090009
3022.0,19.03186798095703,3.500403881072998,490.0380377840047
3023.0,55.5855712890625,9.958108901977539,490.1641245990031
3024.0,38.35053634643555,5.290526390075684,490.2813188650034
3025.0,30.840351104736328,6.003411293029785,490.41752437100513
3026.0,68.39202117919922,9.042987823486328,490.5300016050023
3027.0,12.924544334411621,2.73224139213562,490.6410122840025
3028.0,26.697465896606445,4.780826568603516,490.77782720699906
3029.0,48.319305419921875,6.341780662536621,490.9306568860047
3030.0,44.62419128417969,6.8594441413879395,491.0382126589975
3031.0,13.58853530883789,3.050124406814575,491.1601723490021
3032.0,54.18247985839844,7.964798450469971,491.2709649449971
3033.0,14.01154899597168,3.7486987113952637,491.3964907339978
3034.0,57.925071716308594,5.598461627960205,491.54182359200786
3035.0,8.980049133300781,2.0628557205200195,491.66464344800625
3036.0,31.702106475830078,4.465616703033447,491.80026433400053
3037.0,17.018951416015625,4.22659969329834,491.92514257000585
3038.0,9.453361511230469,2.5835611820220947,492.0418167010066
3039.0,9.106893539428711,2.1947805881500244,492.17637988799834
3040.0,23.66958999633789,5.224080562591553,492.2941981890035
3041.0,16.583282470703125,3.4842019081115723,492.4095328859985
3042.0,16.84617805480957,3.8833131790161133,492.54212184199423
3043.0,33.009456634521484,5.800971508026123,492.65857680099725
3044.0,16.096134185791016,3.682598352432251,492.7612014000042
3045.0,11.627330780029297,2.7745461463928223,492.8860927640053
3046.0,16.130369186401367,3.591500997543335,493.02347132199793
3047.0,8.159307479858398,1.9708729982376099,493.1335192510014
3048.0,9.471233367919922,2.291879892349243,493.24071718999767
3049.0,13.691333770751953,3.1268718242645264,493.34446307699545
3050.0,23.27472686767578,4.618618488311768,493.4857090680016
3051.0,27.65174674987793,4.863300800323486,493.60511234699516
3052.0,9.911877632141113,2.4527499675750732,493.6911021959968
3053.0,13.94759750366211,3.182149648666382,493.7972552739957
3054.0,24.037715911865234,4.5360589027404785,493.90822964800464
3055.0,30.864177703857422,4.819919109344482,494.0239367979957
3056.0,7.517272472381592,1.9653035402297974,494.13244603399653
3057.0,75.26276397705078,8.555830001831055,494.2341135220049
3058.0,9.311208724975586,2.384077548980713,494.3403651099943
3059.0,23.93680763244629,4.769968032836914,494.44612346199574
3060.0,95.51036071777344,9.988100051879883,494.5584032390034
3061.0,10.776517868041992,2.872241973876953,494.6632617980067
3062.0,16.35243797302246,3.341141939163208,494.7709008219972
3063.0,40.604793548583984,5.7331132888793945,494.8772883240017
3064.0,53.8236083984375,8.110971450805664,494.9829428420053
3065.0,30.957334518432617,5.403377532958984,495.0849394569959
3066.0,22.49403953552246,4.3213114738464355,495.1910966550058
3067.0,8.356325149536133,2.1419713497161865,495.2940440859966
3068.0,33.62069320678711,4.862061977386475,495.4029215990013
3069.0,14.528114318847656,3.602658987045288,495.5174199699977
3070.0,41.45476531982422,6.699130058288574,495.6299904119951
3071.0,109.25703430175781,14.414539337158203,495.7399163249938
3072.0,10.854105949401855,2.4140419960021973,495.848841746003
3073.0,37.00580978393555,5.436912536621094,495.95682864199625
3074.0,10.61897087097168,2.6853113174438477,496.0645648770005
3075.0,28.03963851928711,5.00186014175415,496.18470830300066
3076.0,13.9832763671875,3.152191400527954,496.29369610300637
3077.0,27.129093170166016,5.143799781799316,496.40277104399865
3078.0,137.1304473876953,19.358299255371094,496.51316950199543
3079.0,34.23124694824219,5.8589606285095215,496.62325643599615
3080.0,34.59376525878906,6.477287292480469,496.7354589089955
3081.0,17.04608154296875,3.6659915447235107,496.8492621159967
3082.0,54.364192962646484,8.259841918945312,496.96220410200476
3083.0,74.53233337402344,8.91269588470459,497.07205881900154
3084.0,7.796557426452637,1.8787167072296143,497.18504172499524
3085.0,75.88634490966797,9.868826866149902,497.30175980800414
3086.0,6.988977909088135,1.780192255973816,497.42500907300564
3087.0,25.837909698486328,4.639874458312988,497.52696872799424
3088.0,18.1630859375,4.471831321716309,497.6395859780023
3089.0,18.740999221801758,4.814766883850098,497.75318925800093
3090.0,7.182063579559326,1.8576596975326538,497.86064495300525
3091.0,26.903892517089844,5.183640480041504,497.9677847290004
3092.0,22.790725708007812,4.415725231170654,498.07293044899416
3093.0,16.469135284423828,4.16268253326416,498.1926097859978
3094.0,11.812420845031738,2.9182286262512207,498.29478615500557
3095.0,112.00929260253906,8.066912651062012,498.395061164003
3096.0,27.26312255859375,4.4765238761901855,498.50065735900716
3097.0,36.361968994140625,4.231215000152588,498.6081311769958
3098.0,89.4168701171875,9.840087890625,498.7170795330021
3099.0,53.88268280029297,8.016087532043457,498.82560463600385
3100.0,10.97097396850586,2.4100708961486816,498.9311076629965
3101.0,9.177339553833008,2.3232572078704834,503.2407236669969
3102.0,18.489044189453125,3.397939920425415,503.3497671060031
3103.0,24.509492874145508,4.5965166091918945,503.4604707779945
3104.0,31.697586059570312,5.653248310089111,503.5695918260026
3105.0,17.36315155029297,3.483234167098999,503.69321502000093
3106.0,10.084860801696777,2.7222321033477783,503.806040209005
3107.0,50.309200286865234,7.055945873260498,503.91525515000103
3108.0,18.28705596923828,3.5857913494110107,504.0241239720053
3109.0,37.940162658691406,5.823679447174072,504.1321542549995
3110.0,25.238178253173828,5.660655975341797,504.2390611979936
3111.0,17.085947036743164,4.115739345550537,504.3437727230048
3112.0,97.90657806396484,14.049839973449707,504.4524617959978
3113.0,48.99888610839844,7.544071674346924,504.5658642240014
3114.0,44.06498718261719,8.530447959899902,504.68230408900126
3115.0,85.48495483398438,11.767876625061035,504.7893978259963
3116.0,13.606197357177734,3.67793607711792,504.89718310900207
3117.0,10.525314331054688,2.518888235092163,505.004671734001
3118.0,11.225192070007324,2.7055373191833496,505.12126368499594
3119.0,18.76156997680664,3.9133918285369873,505.23892419399635
3120.0,15.831650733947754,3.733537435531616,505.3496167239937
3121.0,50.577980041503906,7.247488498687744,505.4535243540013
3122.0,13.832167625427246,3.001345157623291,505.5576797340036
3123.0,6.870375156402588,1.8457870483398438,505.66528210800607
3124.0,52.959102630615234,8.131710052490234,505.7817185620079
3125.0,55.254608154296875,7.871232509613037,505.8960844969988
3126.0,37.97838592529297,6.371192455291748,506.0042378789949
3127.0,13.250608444213867,3.2186665534973145,506.1111022160039
3128.0,25.201683044433594,4.553509712219238,506.2161087239947
3129.0,7.541079044342041,2.1650567054748535,506.325482678003
3130.0,213.70028686523438,21.663591384887695,506.46631406199594
3131.0,47.08940887451172,7.960374355316162,506.5743457500066
3132.0,26.182106018066406,4.48420524597168,506.7066448130063
3133.0,57.441123962402344,6.926400661468506,506.8106639720063
3134.0,14.025482177734375,3.2227563858032227,506.91294172100606
3135.0,7.467093467712402,1.8982759714126587,507.0198818839999
3136.0,14.979745864868164,3.250913619995117,507.16452880299767
3137.0,11.267578125,3.1304237842559814,507.2784721229982
3138.0,16.66319465637207,3.460482120513916,507.3910621209943
3139.0,9.777807235717773,2.45339298248291,507.5243075930048
3140.0,13.405231475830078,3.59135365486145,507.649098984999
3141.0,7.999026298522949,2.1536271572113037,507.78041131599457
3142.0,56.41973114013672,8.026243209838867,507.9033547260042
3143.0,10.35366439819336,2.5871171951293945,508.0206741949951
3144.0,16.630874633789062,3.138333559036255,508.144504210999
3145.0,7.649867057800293,2.084958076477051,508.2598366070015
3146.0,9.860057830810547,2.6191213130950928,508.36859052299405
3147.0,24.026229858398438,5.138195991516113,508.48369783999806
3148.0,13.416044235229492,3.124818801879883,508.596874128998
3149.0,15.50954818725586,3.990311861038208,508.71715534200484
3150.0,16.268444061279297,3.447861433029175,508.8503912909946
3151.0,20.29186248779297,4.324078559875488,508.97379871500016
3152.0,45.923126220703125,6.432189464569092,509.09274978800386
3153.0,32.872596740722656,5.192138195037842,509.2089687050029
3154.0,24.539318084716797,4.594180583953857,509.32472214200243
3155.0,36.27985382080078,6.225808143615723,509.45537024400255
3156.0,25.464988708496094,5.293358325958252,509.588380065994
3157.0,21.62161636352539,4.346441745758057,509.72043266099354
3158.0,11.552725791931152,2.8128068447113037,509.8542454790004
3159.0,91.4376449584961,10.110186576843262,509.9699045330053
3160.0,297.28460693359375,33.19896697998047,510.08629887300776
3161.0,16.265316009521484,3.929076910018921,510.1879224550066
3162.0,18.210758209228516,3.5172159671783447,510.2971012719936
3163.0,38.81208038330078,5.429777145385742,510.39917515800335
3164.0,134.62802124023438,15.239325523376465,510.5091892420023
3165.0,73.55765533447266,11.91394329071045,510.6130698030029
3166.0,27.00945472717285,4.76755952835083,510.72535411900026
3167.0,13.850142478942871,3.6171114444732666,510.8375845650007
3168.0,54.35840606689453,11.44237232208252,510.9474705890025
3169.0,23.369003295898438,5.402419090270996,511.063802507997
3170.0,31.592437744140625,5.27234411239624,511.1804000209959
3171.0,59.15172576904297,8.230284690856934,511.29386040900135
3172.0,28.957691192626953,4.683106899261475,511.4117942820012
3173.0,25.195205688476562,5.466494083404541,511.52640032500494
3174.0,10.22111988067627,2.6107912063598633,511.6402672200056
3175.0,26.131103515625,4.973198890686035,511.75159049700596
3176.0,15.979432106018066,3.4366772174835205,511.86892695700226
3177.0,37.47034454345703,6.079684257507324,511.981922802006
3178.0,37.97638702392578,7.073237895965576,512.0952309410059
3179.0,7.79332160949707,2.0022048950195312,512.2138006019959
3180.0,11.819389343261719,1.9403467178344727,512.3341749940009
3181.0,16.50645637512207,3.2731945514678955,512.4499913129985
3182.0,23.041393280029297,4.144528865814209,512.5729240999935
3183.0,27.263561248779297,4.999323844909668,512.690770635003
3184.0,35.86054229736328,6.249517440795898,512.8016167570022
3185.0,24.348711013793945,4.7331037521362305,512.9152044570073
3186.0,18.274946212768555,3.5191073417663574,513.0342303740035
3187.0,14.583000183105469,3.2502572536468506,513.1586674029968
3188.0,7.209404945373535,1.7449657917022705,513.2950207469985
3189.0,30.70612335205078,4.68588924407959,513.4280113450077
3190.0,44.60094451904297,7.230503559112549,513.556792368996
3191.0,34.848854064941406,7.001370906829834,513.6694152209966
3192.0,11.54229736328125,3.091904878616333,513.8333633129951
3193.0,23.522600173950195,4.332672119140625,513.9493405770045
3194.0,89.55755615234375,11.433632850646973,514.058866790001
3195.0,181.41595458984375,18.885292053222656,514.176495310996
3196.0,10.547903060913086,2.484788179397583,514.2905081009958
3197.0,19.782337188720703,4.496641159057617,514.4150244299963
3198.0,45.704410552978516,9.200582504272461,514.5345384649991
3199.0,72.80523681640625,7.434811592102051,514.660244558996
3200.0,31.390392303466797,6.238898277282715,514.7850863079948
3201.0,48.99088668823242,7.9432373046875,518.7633277020068
3202.0,25.736703872680664,4.370693206787109,518.8735874669946
3203.0,8.74545669555664,2.2273387908935547,518.9865941600001
3204.0,19.11464500427246,4.676012992858887,519.1412321899988
3205.0,15.745967864990234,3.2769124507904053,519.264606879995
3206.0,82.25772094726562,7.202066898345947,519.3742051029985
3207.0,12.23635482788086,3.0637917518615723,519.4839323220076
3208.0,33.62754821777344,5.920899868011475,519.604115826005
3209.0,37.96888732910156,7.213668346405029,519.7230477429985
3210.0,11.9703950881958,2.660649299621582,519.845809159
3211.0,16.587709426879883,4.148480415344238,519.954826376008
3212.0,23.031904220581055,4.570883750915527,520.0616750570043
3213.0,10.282095909118652,2.6386797428131104,520.1675798060023
3214.0,9.903955459594727,2.321045398712158,520.279467661996
3215.0,11.890281677246094,3.2418813705444336,520.3927281840006
3216.0,32.341278076171875,5.744293212890625,520.5065905049996
3217.0,20.340091705322266,3.958639621734619,520.627415252995
3218.0,42.09904861450195,7.060655117034912,520.7400130280002
3219.0,8.555558204650879,2.1430187225341797,520.8454583480052
3220.0,55.59014892578125,7.955362319946289,520.9511297739955
3221.0,22.03790283203125,5.4951863288879395,521.0552037019952
3222.0,13.288688659667969,3.905482292175293,521.1609472690034
3223.0,31.297630310058594,4.854916572570801,521.2764502649952
3224.0,13.246993064880371,2.7730393409729004,521.3910775190016
3225.0,9.658190727233887,2.724778890609741,521.5035879119969
3226.0,86.00200653076172,9.649481773376465,521.6153873919975
3227.0,27.864078521728516,5.580338478088379,521.788941139006
3228.0,21.718666076660156,4.678976535797119,521.9395379140042
3229.0,45.99064254760742,6.767457962036133,522.0729958620068
3230.0,72.15765380859375,8.813980102539062,522.1835686310078
3231.0,23.804683685302734,5.075133323669434,522.3017453180073
3232.0,8.573144912719727,2.343482494354248,522.4238589260058
3233.0,19.881086349487305,4.309840202331543,522.578157188007
3234.0,12.839529991149902,2.871310234069824,522.6957104190078
3235.0,8.045482635498047,2.1677181720733643,522.8141909099941
3236.0,84.45396423339844,14.034873962402344,522.9425477049954
3237.0,12.995734214782715,3.3693532943725586,523.0537538469944
3238.0,10.875362396240234,2.814044237136841,523.167604368995
3239.0,31.341798782348633,5.204211235046387,523.3111463389941
3240.0,18.4053897857666,4.192668914794922,523.4332415670069
3241.0,10.266773223876953,2.8416643142700195,523.6153800059983
3242.0,17.827383041381836,3.9123926162719727,523.7416794659948
3243.0,21.933446884155273,4.02058219909668,523.8956636609946
3244.0,35.958251953125,5.941814422607422,524.0034175530018
3245.0,42.14777374267578,5.858667373657227,524.1083187189943
3246.0,8.381773948669434,2.318568468093872,524.2322803629941
3247.0,44.76415252685547,6.069726943969727,524.3443436749949
3248.0,13.065483093261719,2.993133306503296,524.449123095008
3249.0,18.948028564453125,3.4579856395721436,524.9490482999972
3250.0,7.571726322174072,2.1692752838134766,525.6025771400018
3251.0,45.376468658447266,6.752285003662109,526.3218841719936
3252.0,19.990076065063477,4.636834144592285,527.065538979994
3253.0,58.104652404785156,6.130668640136719,527.797144805998
3254.0,33.821048736572266,6.038192272186279,528.545536531994
3255.0,16.398069381713867,4.403464317321777,528.7554693220009
3256.0,80.49909973144531,10.733360290527344,528.8679283920064
3257.0,71.30614471435547,9.518975257873535,528.9789728890028
3258.0,105.12496948242188,12.823151588439941,529.0914055780013
3259.0,27.96172332763672,5.749909400939941,529.1991706469998
3260.0,13.65957260131836,3.028441905975342,529.311332073994
3261.0,33.808326721191406,5.62576150894165,529.4370757910074
3262.0,19.055622100830078,4.132043361663818,529.5603236970055
3263.0,9.272851943969727,2.219256639480591,529.6808243310079
3264.0,121.10108184814453,14.197379112243652,529.7909297629958
3265.0,7.553305625915527,2.083280324935913,529.8972746600048
3266.0,24.6992244720459,4.31613302230835,529.9999423639965
3267.0,11.944517135620117,3.396254301071167,530.104104522994
3268.0,29.795246124267578,5.977911472320557,530.2227421370044
3269.0,10.6668701171875,2.8884737491607666,530.3283934729989
3270.0,115.15176391601562,13.119527816772461,530.433934886998
3271.0,115.01835632324219,13.370524406433105,530.5679955789965
3272.0,14.914701461791992,3.25138258934021,530.6795706010016
3273.0,13.933523178100586,3.274540424346924,530.7907447000034
3274.0,42.37958526611328,7.463766098022461,530.9062602549966
3275.0,23.17654037475586,4.611891269683838,531.0241003330011
3276.0,18.74435806274414,4.445674419403076,531.1329201890039
3277.0,24.710948944091797,5.353867053985596,531.2413677519944
3278.0,21.16307830810547,4.044443130493164,531.3550381870009
3279.0,9.597954750061035,2.3941314220428467,531.469808134003
3280.0,9.932490348815918,2.75903582572937,531.5849245910067
3281.0,13.897550582885742,2.956202507019043,531.6918438480061
3282.0,19.376258850097656,3.6250383853912354,531.8019145319995
3283.0,6.956869602203369,1.9675248861312866,531.9039280840079
3284.0,15.2913818359375,3.3079099655151367,532.0183960620052
3285.0,12.50381851196289,2.757927179336548,532.1281089910044
3286.0,20.465087890625,3.838998556137085,532.237854645995
3287.0,30.410730361938477,5.095127582550049,532.345933507997
3288.0,9.397039413452148,2.5542988777160645,532.4646744540078
3289.0,19.695453643798828,4.065351963043213,532.608664504005
3290.0,9.423245429992676,2.1398556232452393,532.7545282210049
3291.0,37.05318069458008,6.042184829711914,532.9003185600013
3292.0,12.332002639770508,3.067962408065796,533.043419419002
3293.0,43.16621017456055,6.094997406005859,533.1714578020037
3294.0,7.275359153747559,1.8709908723831177,533.3043479879998
3295.0,9.291020393371582,2.236468553543091,533.4218532490049
3296.0,24.35504150390625,5.0985589027404785,533.5397185559996
3297.0,10.736263275146484,2.48128604888916,533.6472209530039
3298.0,10.037174224853516,2.4604005813598633,533.7853771450027
3299.0,109.87692260742188,17.57475471496582,533.9049912479968
3300.0,30.905601501464844,6.148793697357178,534.0093685519969
3301.0,6.258443355560303,1.630480170249939,538.3389474260039
3302.0,11.18588638305664,2.731098175048828,538.4523158270022
3303.0,15.452690124511719,3.3104946613311768,538.5652191529953
3304.0,104.73551177978516,11.425848960876465,538.6846360369964
3305.0,34.217491149902344,5.14309024810791,538.7902587470016
3306.0,12.126336097717285,2.3591365814208984,538.9016252830043
3307.0,54.51306915283203,7.754447937011719,539.015853253004
3308.0,30.557889938354492,5.7392377853393555,539.1216523490002
3309.0,12.656841278076172,3.6226847171783447,539.2458326990018
3310.0,66.34918212890625,8.178305625915527,539.3728100529988
3311.0,17.91975212097168,4.406284332275391,539.5215079659974
3312.0,12.825141906738281,3.0740978717803955,539.6643505850079
3313.0,26.733158111572266,4.305744647979736,539.7696718660009
3314.0,84.79609680175781,10.355032920837402,539.8709029390011
3315.0,23.511432647705078,4.3145527839660645,539.9724476209958
3316.0,60.91218566894531,7.228395938873291,540.0860999430006
3317.0,14.390615463256836,2.5690670013427734,540.1894572809979
3318.0,45.4520378112793,7.380210876464844,540.3238734449988
3319.0,12.770994186401367,2.9303534030914307,540.4229704629979
3320.0,11.813582420349121,2.8017995357513428,540.5287010129978
3321.0,9.74411392211914,2.1923916339874268,540.6514795080002
3322.0,10.139054298400879,2.6076860427856445,540.7989243009943
3323.0,33.509437561035156,5.0952324867248535,540.9216907810041
3324.0,6.271269798278809,1.623366355895996,541.042917964005
3325.0,27.840373992919922,5.161776065826416,541.1685012230009
3326.0,40.226505279541016,5.864312171936035,541.2827115109976
3327.0,64.38916778564453,8.840033531188965,541.3922885469947
3328.0,18.25403594970703,3.4916348457336426,541.519316571008
3329.0,15.527030944824219,3.3236939907073975,541.6419485840015
3330.0,37.985694885253906,6.186016082763672,541.7497656990017
3331.0,15.805428504943848,3.1400365829467773,541.8940232629975
3332.0,14.596612930297852,3.4938836097717285,542.0296549600025
3333.0,16.911317825317383,3.1648495197296143,542.1607432040037
3334.0,59.095054626464844,10.500487327575684,542.2884883219958
3335.0,206.0529022216797,24.058460235595703,542.4236932450003
3336.0,27.078306198120117,5.281528949737549,542.5506495559966
3337.0,28.962947845458984,5.779633522033691,542.6641133929952
3338.0,31.05126190185547,5.826764106750488,542.8018921110051
3339.0,23.04046630859375,4.591531753540039,542.9232966550044
3340.0,19.709455490112305,3.9721486568450928,543.0521451840032
3341.0,52.82360076904297,8.507780075073242,543.1573734989943
3342.0,38.283424377441406,5.7372589111328125,543.2713807079999
3343.0,10.895727157592773,2.6457769870758057,543.3907196820073
3344.0,75.17131805419922,9.017495155334473,543.4942944680079
3345.0,38.64624786376953,6.096773147583008,543.6105514090013
3346.0,41.944984436035156,6.956242561340332,543.7351450559945
3347.0,26.528425216674805,5.891393661499023,543.857853605994
3348.0,71.25399780273438,8.334997177124023,544.0378180029948
3349.0,10.057506561279297,2.52377986907959,544.1491347789997
3350.0,16.536216735839844,3.4301629066467285,544.2679503789986
3351.0,35.16057586669922,5.045022010803223,544.3872752650059
3352.0,74.11787414550781,10.947599411010742,544.5122817530064
3353.0,31.4930419921875,6.519803524017334,544.6402260780014
3354.0,17.35719871520996,4.2990264892578125,544.7577850499947
3355.0,9.996731758117676,2.499404191970825,544.8795989930077
3356.0,41.26496124267578,6.4823174476623535,545.0107554830029
3357.0,19.753551483154297,3.8098104000091553,545.1223162079987
3358.0,21.692781448364258,4.689136505126953,545.2246389280044
3359.0,47.341007232666016,6.418408393859863,545.3830448499939
3360.0,20.33332061767578,3.985673427581787,545.5433346850041
3361.0,12.827898025512695,3.2614479064941406,545.6826695339987
3362.0,37.92433547973633,8.440940856933594,545.8354131660017
3363.0,31.940549850463867,5.380494117736816,545.9852604290063
3364.0,66.37332153320312,9.2892427444458,546.1519610420073
3365.0,47.88481521606445,6.650829315185547,546.2805637139973
3366.0,141.54693603515625,15.684751510620117,546.3931603100064
3367.0,29.80101203918457,5.66042423248291,546.5324334180041
3368.0,23.10348892211914,4.58882474899292,546.6499152949982
3369.0,11.528214454650879,3.022812604904175,546.7637147829955
3370.0,46.37915802001953,8.409266471862793,546.8724487419968
3371.0,30.496036529541016,5.712637901306152,546.9822390790068
3372.0,15.759418487548828,3.7260582447052,547.0870470160007
3373.0,31.427080154418945,5.42710018157959,547.195118898002
3374.0,13.556035041809082,3.166760206222534,547.3083444749936
3375.0,105.7655029296875,14.45796012878418,547.4252336589998
3376.0,11.565311431884766,2.746887683868408,547.5478359020053
3377.0,10.495193481445312,2.493337869644165,547.6659192320076
3378.0,34.184104919433594,4.870034694671631,547.774487970004
3379.0,18.4072208404541,4.237225532531738,547.8829299210047
3380.0,27.98011016845703,4.969856262207031,547.9958727430057
3381.0,32.3446044921875,5.228872776031494,548.1250814030063
3382.0,91.16310119628906,10.866695404052734,548.2497308099992
3383.0,73.98381805419922,8.244887351989746,548.3570228890021
3384.0,21.277244567871094,4.798534393310547,548.4699044279987
3385.0,78.15481567382812,9.934423446655273,548.5861454200058
3386.0,10.167888641357422,2.3433475494384766,548.6922450290003
3387.0,79.32997131347656,10.347622871398926,548.8267416629969
3388.0,12.35095500946045,2.916879892349243,548.9344178659958
3389.0,40.68251037597656,8.326619148254395,549.0408136159967
3390.0,62.58647918701172,8.10575008392334,549.1491460380057
3391.0,50.08131790161133,7.364410400390625,549.2612091150077
3392.0,28.923709869384766,4.966553688049316,549.3969159529952
3393.0,53.295989990234375,10.328970909118652,549.5019257020031
3394.0,83.7887954711914,9.413029670715332,549.6100554809964
3395.0,17.551326751708984,3.0932939052581787,549.7192646080075
3396.0,38.755859375,6.445974826812744,549.8418250849936
3397.0,26.23847007751465,4.357169151306152,549.959116063008
3398.0,27.74874496459961,5.011257648468018,550.0826940999978
3399.0,24.0244140625,4.392235279083252,550.2124238560064
3400.0,44.856590270996094,7.22156286239624,550.3166935290064
3401.0,20.109230041503906,4.149221420288086,554.2563008769939
3402.0,17.908201217651367,3.5556108951568604,554.3599995450058
3403.0,11.923833847045898,3.0521459579467773,554.4654463150073
3404.0,10.03293514251709,2.5654659271240234,554.5720274589985
3405.0,56.47364044189453,6.368181228637695,554.6791979209956
3406.0,12.245345115661621,3.3649377822875977,554.8165415660042
3407.0,88.39517974853516,11.048966407775879,554.9319915219967
3408.0,38.93721389770508,7.390577793121338,555.0388143430027
3409.0,40.81960678100586,7.444868564605713,555.1515460759983
3410.0,31.375205993652344,6.003227233886719,555.2850614060008
3411.0,22.909690856933594,4.062322616577148,555.3932962660037
3412.0,8.247909545898438,2.2080414295196533,555.5008132910007
3413.0,10.666370391845703,2.8867979049682617,555.6100466329954
3414.0,38.507625579833984,7.54180383682251,555.7190189889952
3415.0,8.307832717895508,2.320330858230591,555.8369167829951
3416.0,49.27285385131836,7.526269912719727,555.9481106199964
3417.0,45.891761779785156,7.668102741241455,556.0580268579943
3418.0,16.342300415039062,3.7193875312805176,556.1775868219993
3419.0,39.73808670043945,7.323129653930664,556.2883923949994
3420.0,28.42984390258789,5.489209175109863,556.3988370919978
3421.0,28.475080490112305,5.431976795196533,556.5093705189938
3422.0,14.039165496826172,3.2107925415039062,556.6230158840044
3423.0,56.88014221191406,10.50272274017334,556.7310360039992
3424.0,60.43382263183594,10.982024192810059,556.8349953150027
3425.0,28.57488250732422,5.858784198760986,556.9419137000077
3426.0,8.629990577697754,2.057126760482788,557.0392090090027
3427.0,72.68115234375,12.120362281799316,557.1485357670026
3428.0,41.64850616455078,7.494185447692871,557.248573770994
3429.0,35.440025329589844,5.10431432723999,557.3515120130032
3430.0,60.68901062011719,8.601171493530273,557.4552551719971
3431.0,38.215614318847656,6.233716011047363,557.5587350239948
3432.0,21.12834930419922,4.020402431488037,557.6693028860027
3433.0,15.746391296386719,2.9043874740600586,557.7753396049957
3434.0,35.10767364501953,5.561216831207275,557.8803071110015
3435.0,12.523481369018555,2.655813217163086,558.0289607220038
3436.0,13.61733627319336,2.8547377586364746,558.145241064005
3437.0,9.406076431274414,2.318288564682007,558.2543429609941
3438.0,23.999292373657227,4.30590295791626,558.3901784670015
3439.0,4.515117168426514,1.3273226022720337,558.5117429740058
3440.0,36.13027572631836,5.909833908081055,558.6573445209942
3441.0,12.806713104248047,2.9971935749053955,558.7686295309977
3442.0,13.832328796386719,3.0049526691436768,558.880630945001
3443.0,9.11767864227295,2.389322519302368,559.0115835479955
3444.0,15.239824295043945,3.613978862762451,559.1429022240045
3445.0,17.792766571044922,3.990424156188965,559.2597710789996
3446.0,14.811258316040039,3.7449705600738525,559.3818181759998
3447.0,32.75711441040039,5.835362434387207,559.4876105889998
3448.0,20.646772384643555,3.886408805847168,559.603550298998
3449.0,53.08157730102539,6.760538101196289,559.7180510619946
3450.0,13.206342697143555,3.7645647525787354,559.8324707610009
3451.0,10.375040054321289,2.804729461669922,559.9506037899991
3452.0,20.25552749633789,4.361013412475586,560.0627489689941
3453.0,30.936471939086914,4.672832012176514,560.1928289930074
3454.0,13.428995132446289,2.815255641937256,560.3005740070075
3455.0,14.842522621154785,3.301151990890503,560.4133624759997
3456.0,22.96866226196289,4.548680782318115,560.5427904509997
3457.0,12.01797866821289,2.7912228107452393,560.6665740190074
3458.0,15.08610725402832,3.616513967514038,560.7924364030041
3459.0,10.232196807861328,2.6829235553741455,560.9240370159969
3460.0,10.979116439819336,2.684804916381836,561.0327598099975
3461.0,8.770065307617188,2.149094581604004,561.1544953310076
3462.0,22.476924896240234,4.952727317810059,561.2650296380016
3463.0,20.82044792175293,3.736719846725464,561.3713138599996
3464.0,40.672279357910156,5.530880928039551,561.4746481799957
3465.0,6.848883152008057,1.8671379089355469,561.5852899640013
3466.0,9.56991958618164,2.2669222354888916,561.6915435789997
3467.0,23.53851318359375,3.877474546432495,561.7951066300011
3468.0,20.285259246826172,3.7916247844696045,561.9021936130011
3469.0,92.99530792236328,11.412843704223633,562.0158094210055
3470.0,12.676937103271484,3.2047951221466064,562.1220649610041
3471.0,13.814349174499512,2.752457857131958,562.2365109800012
3472.0,16.024526596069336,3.160607099533081,562.3448235719989
3473.0,18.921642303466797,4.258925914764404,562.4864376339974
3474.0,78.06300354003906,8.93860149383545,562.6326961400046
3475.0,13.677460670471191,3.03643536567688,562.7575172030047
3476.0,12.513782501220703,3.3303382396698,562.9051406600047
3477.0,19.592201232910156,4.386669158935547,563.0488467910036
3478.0,8.72286319732666,2.5618703365325928,563.1807195610018
3479.0,28.191543579101562,4.993912696838379,563.2979339550075
3480.0,33.534671783447266,5.405617713928223,563.4135625269992
3481.0,31.88286590576172,5.7860894203186035,563.5170448510034
3482.0,63.19781494140625,8.223780632019043,563.633588511002
3483.0,20.2512149810791,3.542858839035034,563.7397335970018
3484.0,8.527946472167969,2.0393311977386475,563.8514673010068
3485.0,65.31513977050781,9.10185432434082,563.9637888739962
3486.0,27.858959197998047,5.3409013748168945,564.0714242469985
3487.0,28.07361602783203,4.802520275115967,564.1903155260079
3488.0,36.05101776123047,6.079153537750244,564.3077277319971
3489.0,7.846248149871826,1.9420795440673828,564.4191038360004
3490.0,7.666530609130859,2.026305913925171,564.5260913079983
3491.0,15.146092414855957,2.5939652919769287,564.6328833690059
3492.0,28.801071166992188,4.124547958374023,564.7509208630072
3493.0,164.09185791015625,21.266178131103516,564.8695830840006
3494.0,20.28584861755371,4.164625644683838,564.9791565689957
3495.0,9.563553810119629,2.271594285964966,565.0872954740043
3496.0,12.774175643920898,2.9173882007598877,565.1936678269994
3497.0,19.446046829223633,4.803557395935059,565.3060582830076
3498.0,38.99906921386719,6.480083465576172,565.4156159980048
3499.0,26.310810089111328,5.321591377258301,565.5203863680072
3500.0,72.302978515625,8.146347045898438,565.6720752929978
3501.0,39.06258773803711,6.440392971038818,569.7953360329993
3502.0,22.746326446533203,4.323474884033203,569.8987100619997
3503.0,8.751052856445312,2.3628695011138916,570.0086677210056
3504.0,31.246967315673828,4.707583904266357,570.1253479589941
3505.0,39.28398895263672,6.0554070472717285,570.2333656849951
3506.0,13.388154983520508,3.511587142944336,570.3452935539972
3507.0,15.45405387878418,3.584817409515381,570.4515247789968
3508.0,31.9586238861084,7.280542373657227,570.5660684110044
3509.0,15.848775863647461,4.259304523468018,570.6873514670006
3510.0,138.48374938964844,15.631866455078125,570.8174543310015
3511.0,25.204343795776367,4.055445194244385,570.9418287900044
3512.0,23.302019119262695,4.690859317779541,571.0579813310032
3513.0,10.692680358886719,2.690005302429199,571.1638176169945
3514.0,87.6517333984375,6.872310161590576,571.2818831250042
3515.0,18.097299575805664,3.611572265625,571.3977538350009
3516.0,8.081819534301758,2.0588464736938477,571.5190404349996
3517.0,32.63645553588867,6.273191452026367,571.6261612679955
3518.0,155.63970947265625,15.997873306274414,571.7295930420078
3519.0,36.61833953857422,5.974553108215332,571.8613825869979
3520.0,14.905173301696777,3.7583160400390625,571.9760132130032
3521.0,27.19710922241211,4.752777576446533,572.0881860320078
3522.0,61.97630310058594,7.473576068878174,572.191294809003
3523.0,10.981037139892578,3.0849769115448,572.3003098329937
3524.0,25.628259658813477,4.704517841339111,572.407605468994
3525.0,58.952537536621094,7.563223838806152,572.5215891539992
3526.0,8.890563011169434,2.406470537185669,572.6343290660006
3527.0,29.55126190185547,5.541322708129883,572.7478283389937
3528.0,11.36241626739502,2.9612038135528564,572.8646511900006
3529.0,12.111953735351562,2.9438393115997314,572.9716494070017
3530.0,16.64043426513672,3.8722474575042725,573.1029594400025
3531.0,6.683232307434082,1.6938153505325317,573.2430595699989
3532.0,14.157425880432129,3.2318062782287598,573.3749982629961
3533.0,45.22308349609375,7.460610866546631,573.4948154199956
3534.0,10.080876350402832,2.595778703689575,573.6198371890059
3535.0,43.10888671875,6.917680740356445,573.7792910309945
3536.0,30.092870712280273,4.374835014343262,573.9083538950072
3537.0,10.398781776428223,2.672776460647583,574.0423101780034
3538.0,77.80266571044922,10.972616195678711,574.1985938300058
3539.0,14.56577205657959,3.9085090160369873,574.353859017996
3540.0,30.35581398010254,6.980915546417236,574.469435373001
3541.0,51.08599853515625,7.713418483734131,574.616548046004
3542.0,20.874156951904297,4.37250280380249,574.7569136840029
3543.0,45.974464416503906,5.710135459899902,574.8915381060069
3544.0,11.192440032958984,2.8711485862731934,575.0170722850016
3545.0,9.760879516601562,2.545762777328491,575.1779893159983
3546.0,97.90350341796875,16.478242874145508,575.3039993929997
3547.0,49.224525451660156,8.084487915039062,575.4446565100079
3548.0,17.080854415893555,3.7861244678497314,575.5691779500048
3549.0,18.74024200439453,3.944845199584961,575.6987014509941
3550.0,40.41765594482422,5.848110198974609,575.8120276800037
3551.0,36.29018783569336,5.89564323425293,575.9621558859944
3552.0,24.67269515991211,5.28488302230835,576.1475272030075
3553.0,13.24750804901123,3.265765905380249,576.2676677690033
3554.0,48.37899398803711,6.607639789581299,576.3827578719938
3555.0,17.11560821533203,3.601062774658203,576.4909101119993
3556.0,13.499675750732422,3.091597557067871,576.6034264479968
3557.0,12.353763580322266,3.158773422241211,576.7503974809952
3558.0,10.51071548461914,2.649728536605835,576.8760047520045
3559.0,8.494736671447754,2.0708303451538086,576.9754660850012
3560.0,19.264570236206055,3.593000650405884,577.0837727129983
3561.0,16.020034790039062,2.878403425216675,577.2248609679955
3562.0,52.49293899536133,7.42453670501709,577.3434968520014
3563.0,32.47153854370117,5.330007076263428,577.4413795620057
3564.0,411.366943359375,37.10981750488281,577.5655268060073
3565.0,16.914264678955078,3.250466823577881,577.6755869920016
3566.0,28.841960906982422,4.549808025360107,577.7627990229958
3567.0,110.76766967773438,13.248841285705566,577.8787278259988
3568.0,19.209152221679688,3.4407167434692383,577.9771210189938
3569.0,40.21843719482422,6.619866371154785,578.0789166439936
3570.0,9.66887092590332,2.7617902755737305,578.179843676
3571.0,14.670085906982422,3.966423273086548,578.3042312369944
3572.0,37.10124206542969,5.142429828643799,578.415379515005
3573.0,40.342838287353516,6.173641204833984,578.5277025469986
3574.0,46.49374771118164,7.261972904205322,578.6448619949952
3575.0,20.711307525634766,3.648050546646118,578.7548241089971
3576.0,53.60660171508789,7.929065704345703,578.8707914910046
3577.0,10.478833198547363,2.6885454654693604,578.9807376160024
3578.0,95.2490234375,9.752920150756836,579.0892617299978
3579.0,5.19758415222168,1.4210563898086548,579.1967111709964
3580.0,13.682790756225586,2.8536107540130615,579.3275505689962
3581.0,12.380264282226562,2.8589775562286377,579.4456211490033
3582.0,35.99566650390625,6.100972652435303,579.5565649040072
3583.0,13.606850624084473,3.1043174266815186,579.6690161370061
3584.0,9.407439231872559,2.491236686706543,579.8378778640035
3585.0,135.4070587158203,14.937137603759766,579.9511946410057
3586.0,8.886154174804688,2.185757637023926,580.0799754930049
3587.0,36.900535583496094,5.402718544006348,580.2075685029995
3588.0,65.93790435791016,7.312005519866943,580.316461141003
3589.0,7.796514511108398,2.107184648513794,580.4173207940039
3590.0,72.51180267333984,8.340004920959473,580.5416569429945
3591.0,30.896530151367188,5.75978946685791,580.6664521140046
3592.0,21.40696144104004,4.525322914123535,580.7877318450046
3593.0,10.016852378845215,2.714888572692871,580.9325867459993
3594.0,27.845985412597656,5.603242874145508,581.0755779839965
3595.0,30.46783447265625,5.56490421295166,581.2000973880058
3596.0,49.13688659667969,6.999886512756348,581.3135585160053
3597.0,49.58430480957031,8.743093490600586,581.4309479530057
3598.0,38.386680603027344,6.269238471984863,581.5431250099937
3599.0,16.170072555541992,3.1073381900787354,581.6664587940031
3600.0,12.295974731445312,3.2497000694274902,581.7703420229955
3601.0,31.2116756439209,5.533268451690674,585.9012454680051
3602.0,55.88050079345703,8.551281929016113,586.0158000780066
3603.0,12.427118301391602,2.972465991973877,586.1263209960016
3604.0,20.952594757080078,4.0274834632873535,586.2302163029963
3605.0,11.96202278137207,3.2379276752471924,586.3387408319977
3606.0,37.12294387817383,5.100553035736084,586.456298293997
3607.0,13.945249557495117,3.1658856868743896,586.5706252020027
3608.0,58.79938507080078,6.651098728179932,586.6844170810073
3609.0,27.41295623779297,5.223899841308594,586.7887356639985
3610.0,16.54400634765625,3.5224597454071045,586.8907016140001
3611.0,10.890425682067871,2.562286615371704,587.0019037659949
3612.0,8.296467781066895,2.244804620742798,587.115029335997
3613.0,22.0788516998291,4.4233856201171875,587.236026507002
3614.0,94.15940856933594,9.85332202911377,587.341783366006
3615.0,28.3714599609375,5.80991792678833,587.4457377840008
3616.0,34.61222457885742,5.525500297546387,587.5524731290061
3617.0,50.859657287597656,7.559179782867432,587.6615620920056
3618.0,34.11894226074219,5.299000263214111,587.7762766649976
3619.0,13.125114440917969,3.367432117462158,587.8924265679962
3620.0,14.365949630737305,3.6836023330688477,588.0114848719968
3621.0,9.298413276672363,2.367400884628296,588.121487284996
3622.0,69.94561004638672,9.180583000183105,588.230687970994
3623.0,17.655790328979492,3.9211442470550537,588.3427200709993
3624.0,26.695819854736328,5.265178680419922,588.4559384760068
3625.0,11.878534317016602,2.683626651763916,588.5661412259942
3626.0,232.9249267578125,23.53948211669922,588.6809990710026
3627.0,25.552532196044922,5.199895858764648,588.7935146039963
3628.0,51.99531936645508,6.742029190063477,588.9046710490074
3629.0,10.05838394165039,2.6093597412109375,589.0219214120007
3630.0,27.366622924804688,4.7978901863098145,589.1253742760018
3631.0,86.01432800292969,10.050920486450195,589.2463180140039
3632.0,118.72360229492188,13.124977111816406,589.3771187179955
3633.0,14.437264442443848,3.090392827987671,589.4892949490022
3634.0,53.566131591796875,8.652337074279785,589.6080950059986
3635.0,15.731599807739258,3.9366331100463867,589.7299391650013
3636.0,12.82282543182373,2.6479649543762207,589.851179514997
3637.0,6.198700428009033,1.7356915473937988,589.990828310998
3638.0,31.300819396972656,4.693608283996582,590.1049070180015
3639.0,10.16439437866211,2.724247455596924,590.2431580109987
3640.0,20.002899169921875,4.623956203460693,590.3621480019938
3641.0,20.34813690185547,4.421733379364014,590.491933605008
3642.0,8.255087852478027,2.325016736984253,590.6249828120053
3643.0,9.246622085571289,2.4368042945861816,590.7367102650023
3644.0,71.02044677734375,8.541696548461914,590.8747666160052
3645.0,40.0670166015625,6.298937797546387,591.0065854249988
3646.0,50.515525817871094,6.408963203430176,591.1312109739956
3647.0,8.765192031860352,2.259342670440674,591.2438296879991
3648.0,67.62935638427734,8.652095794677734,591.3539556449978
3649.0,25.993148803710938,4.298318862915039,591.4689209829958
3650.0,20.045377731323242,4.121007919311523,591.5924972070061
3651.0,34.25130081176758,5.112840175628662,591.7055545519979
3652.0,59.942955017089844,10.115559577941895,591.8331455029984
3653.0,22.46731185913086,3.945767879486084,591.9433026890038
3654.0,13.422783851623535,3.264955997467041,592.0539975169959
3655.0,15.549324989318848,3.291606903076172,592.168815033001
3656.0,38.81919860839844,6.123335361480713,592.2949755750014
3657.0,31.593799591064453,5.081572532653809,592.4166450339981
3658.0,11.465344429016113,2.915459632873535,592.5242921070021
3659.0,10.346863746643066,2.5587382316589355,592.6534857060033
3660.0,10.890953063964844,2.577061414718628,592.760751681999
3661.0,28.598255157470703,5.566030025482178,592.8993664709997
3662.0,12.505834579467773,2.8633387088775635,593.0559149769979
3663.0,24.170005798339844,4.785130023956299,593.2020727369963
3664.0,21.41996192932129,3.6222989559173584,593.325472165001
3665.0,22.945789337158203,4.500136375427246,593.4547181850066
3666.0,13.908662796020508,3.8296821117401123,593.5725492820056
3667.0,23.06466293334961,4.467487812042236,593.6957651620032
3668.0,11.513510704040527,2.8385393619537354,593.807434176997
3669.0,24.935508728027344,5.270345211029053,593.9123280700005
3670.0,8.578577041625977,2.084094285964966,594.010535925001
3671.0,20.651081085205078,4.5810370445251465,594.1126575450035
3672.0,24.368457794189453,4.3453369140625,594.214470121995
3673.0,16.98110580444336,3.2844951152801514,594.319153081
3674.0,19.836091995239258,4.9611124992370605,594.4385772469977
3675.0,73.87687683105469,9.998485565185547,594.5458564650035
3676.0,13.120725631713867,2.9260871410369873,594.6567190110072
3677.0,37.41239547729492,6.375448703765869,594.7739358520048
3678.0,9.2053804397583,2.0502495765686035,594.888033575
3679.0,19.947025299072266,3.6449437141418457,595.002954947995
3680.0,11.000802993774414,2.8068718910217285,595.1172512979974
3681.0,38.21467971801758,5.939403057098389,595.2352399450028
3682.0,6.829061508178711,1.6290684938430786,595.3482475649944
3683.0,13.954545974731445,2.433431386947632,595.4886669260013
3684.0,16.413101196289062,3.403406858444214,595.6280433770007
3685.0,9.774739265441895,2.3864688873291016,595.7435191300028
3686.0,8.724546432495117,2.121748208999634,595.8584288080019
3687.0,20.403514862060547,4.6262946128845215,595.972007659002
3688.0,7.156858921051025,1.9681662321090698,596.0763914760028
3689.0,145.67172241210938,15.764849662780762,596.1857575030008
3690.0,11.558592796325684,2.6605281829833984,596.2873597779981
3691.0,11.740114212036133,2.5474841594696045,596.389856298003
3692.0,8.16558837890625,2.228048086166382,596.4932594970014
3693.0,26.112802505493164,4.311824798583984,596.6209676489962
3694.0,7.209641456604004,1.9644150733947754,596.7377253529994
3695.0,58.937496185302734,8.435920715332031,596.8504380689992
3696.0,64.08788299560547,8.135530471801758,596.954855613003
3697.0,23.12363052368164,4.653908729553223,597.0685957740061
3698.0,103.8535385131836,11.89952278137207,597.1855379229964
3699.0,44.302391052246094,6.669430255889893,597.3008759820077
3700.0,30.754789352416992,4.143299579620361,597.4105974489939
3701.0,35.75393295288086,5.781533718109131,601.4848036580079
3702.0,43.52429962158203,6.036483287811279,601.6220985819964
3703.0,28.916641235351562,4.580180644989014,601.7412552780006
3704.0,19.258380889892578,3.8166325092315674,601.8873944480001
3705.0,16.9497127532959,4.2135186195373535,602.009796843995
3706.0,8.229105949401855,1.9639828205108643,602.1194012060005
3707.0,8.558388710021973,2.263458728790283,602.2320306900074
3708.0,10.419777870178223,2.531857967376709,602.3431639890041
3709.0,10.955404281616211,2.9781246185302734,602.4478319619957
3710.0,159.6460723876953,21.63202476501465,602.5557115239935
3711.0,29.59174346923828,5.456802845001221,602.6659504730051
3712.0,22.356006622314453,4.111701488494873,602.7768772849959
3713.0,28.188676834106445,4.98487663269043,602.8904021430062
3714.0,22.665359497070312,4.687809944152832,602.9983032799937
3715.0,14.686368942260742,3.1064839363098145,603.1051038750011
3716.0,12.361928939819336,2.425570249557495,603.220063012006
3717.0,24.036800384521484,4.1885175704956055,603.3439882289967
3718.0,26.444589614868164,4.546347141265869,603.4550046670047
3719.0,35.11903381347656,6.5811614990234375,603.5623481229995
3720.0,29.407047271728516,4.85371208190918,603.672297875004
3721.0,10.907777786254883,2.094705104827881,603.7817860820069
3722.0,7.496423244476318,2.020057201385498,603.8951893519989
3723.0,22.30968475341797,4.15575647354126,603.9975138290029
3724.0,11.96273422241211,3.018526315689087,604.0985087239969
3725.0,10.687528610229492,2.657041549682617,604.2081430100079
3726.0,23.832019805908203,4.294246673583984,604.3136856759957
3727.0,15.058956146240234,3.0952887535095215,604.4224558919959
3728.0,12.01925277709961,2.869837999343872,604.5347171449976
3729.0,15.510295867919922,3.3668155670166016,604.6517702940037
3730.0,36.4346923828125,6.015065670013428,604.7693891550007
3731.0,47.138519287109375,8.95969295501709,604.8830535760062
3732.0,24.392578125,5.940662860870361,604.9965314669971
3733.0,36.57614517211914,6.2029709815979,605.1007629550004
3734.0,12.246892929077148,3.009596586227417,605.2130332399975
3735.0,71.16571044921875,7.86191463470459,605.3242709089973
3736.0,10.620746612548828,2.8153724670410156,605.4274418319983
3737.0,20.308752059936523,4.738595962524414,605.5401993999985
3738.0,19.38007354736328,4.511193752288818,605.7116841600073
3739.0,21.931415557861328,4.647125720977783,605.8594647059945
3740.0,13.937887191772461,3.3854212760925293,605.9933661429968
3741.0,22.442230224609375,3.3437278270721436,606.1251770179952
3742.0,14.214641571044922,3.4544644355773926,606.2386793659971
3743.0,18.894451141357422,4.410853862762451,606.3869716699992
3744.0,23.906248092651367,4.237123966217041,606.500259694003
3745.0,24.94778823852539,4.05723762512207,606.6042037230072
3746.0,17.618669509887695,3.278313398361206,606.7379820399947
3747.0,28.4150390625,4.80787467956543,606.8695357469987
3748.0,57.48088073730469,8.53526496887207,606.9906296080007
3749.0,46.20404052734375,7.768429756164551,607.1661868910014
3750.0,12.183349609375,3.2531676292419434,607.2746990830055
3751.0,27.80914306640625,4.546538829803467,607.3950229170005
3752.0,24.84947395324707,4.182161808013916,607.5154683540022
3753.0,52.06315612792969,7.379090785980225,607.6469078920054
3754.0,10.5442476272583,2.7903099060058594,607.7575709850062
3755.0,42.99846267700195,6.474941730499268,607.8984842799982
3756.0,21.77358627319336,4.243451118469238,608.0241528400074
3757.0,88.08999633789062,15.490729331970215,608.1326825930009
3758.0,19.870962142944336,4.503138542175293,608.2491494230053
3759.0,6.468042373657227,1.6008542776107788,608.3567347799981
3760.0,11.279317855834961,2.3370981216430664,608.4732590030035
3761.0,10.534784317016602,2.780024766921997,608.6452659280039
3762.0,62.63744354248047,8.233023643493652,608.7663821449969
3763.0,63.66523742675781,9.109994888305664,608.8711031660059
3764.0,9.778176307678223,2.32658314704895,608.9796823259967
3765.0,16.03377914428711,3.201000213623047,609.119023872001
3766.0,9.411086082458496,2.2691824436187744,609.2309580540023
3767.0,21.324539184570312,3.9842236042022705,609.3399103050033
3768.0,33.33242416381836,5.4540581703186035,609.4637338629982
3769.0,51.715599060058594,6.250599384307861,609.6040617719991
3770.0,9.749425888061523,2.7245311737060547,609.7583499510074
3771.0,8.475959777832031,2.0916526317596436,609.8970946490008
3772.0,11.318679809570312,2.721463680267334,610.035790659007
3773.0,10.72884750366211,2.556044816970825,610.1460237989959
3774.0,16.20850372314453,3.8318979740142822,610.2765457450005
3775.0,36.5389518737793,5.6549601554870605,610.4001685240073
3776.0,15.470109939575195,3.542642593383789,610.5087034989992
3777.0,14.109325408935547,2.98339581489563,610.6314118500013
3778.0,20.445953369140625,3.5291361808776855,610.7660614579945
3779.0,5.887055397033691,1.5968176126480103,610.9283483489999
3780.0,59.83589553833008,7.208454608917236,611.0790600119944
3781.0,5.388587474822998,1.426164984703064,611.185236425008
3782.0,29.302433013916016,4.899453163146973,611.3029168990033
3783.0,70.83657836914062,8.083821296691895,611.4056411110068
3784.0,37.72635269165039,5.910253047943115,611.5034808240016
3785.0,18.59054946899414,3.720210075378418,611.6049083810067
3786.0,25.96060562133789,4.052141189575195,611.713996157996
3787.0,8.108447074890137,1.967416763305664,611.836905188
3788.0,14.326786041259766,3.2906460762023926,611.9495996030018
3789.0,21.32386016845703,4.756073474884033,612.0587532789941
3790.0,14.931259155273438,2.851153612136841,612.1775675370009
3791.0,25.347747802734375,5.576938152313232,612.2961832010042
3792.0,20.173242568969727,5.023222923278809,612.4047630319983
3793.0,25.398712158203125,5.212553024291992,612.5515440830059
3794.0,69.41365051269531,7.52376127243042,612.6626277250034
3795.0,10.159077644348145,2.5308754444122314,612.7801301160071
3796.0,20.486013412475586,4.527982234954834,612.8889118200022
3797.0,9.250554084777832,2.797489643096924,613.0024015009985
3798.0,19.698749542236328,3.735980749130249,613.1141332870029
3799.0,35.355865478515625,6.763001441955566,613.2280465679942
3800.0,23.272918701171875,4.777743339538574,613.3325909620035
3801.0,12.88028621673584,2.9170353412628174,617.3341379710037
3802.0,9.063262939453125,2.030419111251831,617.448263792001
3803.0,15.728416442871094,2.720609426498413,617.5530171520077
3804.0,19.86418342590332,3.8413164615631104,617.6513921389997
3805.0,37.417991638183594,6.650140285491943,617.7612012239988
3806.0,12.487703323364258,2.771104097366333,617.8689175449981
3807.0,14.22636890411377,3.0805280208587646,617.9788557489956
3808.0,16.152118682861328,3.221693992614746,618.0851532300003
3809.0,12.451949119567871,2.944951057434082,618.1986962509982
3810.0,6.724139213562012,1.7391294240951538,618.3064816050028
3811.0,16.097455978393555,3.3802857398986816,618.4151974330016
3812.0,8.582115173339844,1.9039239883422852,618.5182357260055
3813.0,37.18193817138672,5.337872505187988,618.6432895960024
3814.0,28.261945724487305,4.767599582672119,618.7601819529955
3815.0,104.1095962524414,12.520319938659668,618.9013748180005
3816.0,37.07276916503906,7.368756294250488,619.0151355470007
3817.0,11.650943756103516,3.1292788982391357,619.1534685730003
3818.0,15.062857627868652,2.950166940689087,619.2588186710054
3819.0,25.448856353759766,4.107484340667725,619.3725065920007
3820.0,21.272079467773438,4.279992580413818,619.4834714960016
3821.0,16.26124382019043,3.345168352127075,619.5909180540039
3822.0,10.697528839111328,2.5201504230499268,619.6982820770063
3823.0,45.35279083251953,6.687571048736572,619.8120086910058
3824.0,12.713044166564941,3.255683183670044,619.9253677390079
3825.0,9.028460502624512,2.3132879734039307,620.0486631050007
3826.0,11.74251937866211,2.583949327468872,620.1592297360039
3827.0,10.416132926940918,3.0162293910980225,620.2870641269983
3828.0,22.775981903076172,4.049411296844482,620.3958814899961
3829.0,22.739173889160156,4.223465919494629,620.5129712630005
3830.0,39.37234878540039,5.610709190368652,620.6159126590064
3831.0,43.42784881591797,6.642985820770264,620.7254467489984
3832.0,21.7763671875,4.135721683502197,620.8278037809941
3833.0,20.082111358642578,3.3713717460632324,620.9631706329965
3834.0,14.524593353271484,3.3961386680603027,621.0814257320017
3835.0,18.151330947875977,3.6373791694641113,621.1953609390039
3836.0,8.977516174316406,2.5185232162475586,621.3068710200023
3837.0,50.41497802734375,7.540948867797852,621.439311922004
3838.0,19.56793212890625,3.9079620838165283,621.5763325820008
3839.0,72.15483093261719,7.21670389175415,621.7021356729965
3840.0,6.810275077819824,1.7978997230529785,621.8522626009944
3841.0,31.835060119628906,4.788144111633301,621.969493637007
3842.0,9.638200759887695,2.2316102981567383,622.121828192001
3843.0,51.41139221191406,6.23063850402832,622.2343738509953
3844.0,33.866661071777344,5.253443241119385,622.344328414998
3845.0,20.943923950195312,3.8321526050567627,622.4514061469963
3846.0,8.303662300109863,2.194949150085449,622.564067913001
3847.0,31.291593551635742,5.19573450088501,622.6733873600024
3848.0,21.604135513305664,4.104885578155518,622.7810150349978
3849.0,12.808837890625,2.747076988220215,622.940139665996
3850.0,39.76495361328125,7.018418788909912,623.0536671629961
3851.0,12.523892402648926,3.271188259124756,623.1926329770067
3852.0,13.743461608886719,3.434696674346924,623.3136676010035
3853.0,6.015638828277588,1.7030165195465088,623.4482254710019
3854.0,11.708046913146973,2.855957508087158,623.5606922080042
3855.0,16.275938034057617,3.508666753768921,623.6720848609984
3856.0,33.37965393066406,6.6341094970703125,623.7806147189985
3857.0,36.04399108886719,5.6943159103393555,623.8974637990032
3858.0,13.741609573364258,3.4957480430603027,624.0244241979963
3859.0,29.012680053710938,5.387670516967773,624.1528023300052
3860.0,71.91374969482422,7.906330108642578,624.2735937920079
3861.0,56.487491607666016,7.9859843254089355,624.3845375660021
3862.0,15.511781692504883,3.3249125480651855,624.5018687069969
3863.0,34.37108612060547,5.761180877685547,624.6429120529938
3864.0,19.165924072265625,4.319970607757568,624.7680429790053
3865.0,12.077620506286621,2.7682228088378906,624.9097071190045
3866.0,27.300399780273438,4.537533760070801,625.0198521209968
3867.0,6.311732292175293,1.5948807001113892,625.1329160610039
3868.0,19.28023338317871,3.6297836303710938,625.2447381889942
3869.0,52.608116149902344,7.329141139984131,625.3502899769956
3870.0,47.31651306152344,5.97405481338501,625.4670547989954
3871.0,6.6097822189331055,1.807241439819336,625.5876664149982
3872.0,10.37508773803711,2.2152035236358643,625.7156907140015
3873.0,11.41657829284668,2.5187671184539795,625.8230214810028
3874.0,21.6584415435791,4.177990913391113,625.9357196769997
3875.0,17.372222900390625,3.4984471797943115,626.0437199150037
3876.0,33.58245849609375,4.496416091918945,626.1539698209963
3877.0,48.02495574951172,6.271270751953125,626.2647615000024
3878.0,9.276400566101074,2.3128292560577393,626.3709192940005
3879.0,102.90663146972656,16.361465454101562,626.468786974001
3880.0,98.70069122314453,11.662659645080566,626.5803759039991
3881.0,6.958168983459473,2.0510053634643555,626.6846847859997
3882.0,52.47020721435547,7.535646438598633,626.7947997250012
3883.0,24.518329620361328,4.440239429473877,626.9018211960065
3884.0,9.87537670135498,2.0979933738708496,627.0150276890054
3885.0,57.81974411010742,7.085959434509277,627.119722442003
3886.0,35.91864013671875,6.779999256134033,627.2351883090014
3887.0,17.503528594970703,3.5589873790740967,627.3466737800045
3888.0,20.207645416259766,3.5267367362976074,627.4675421599968
3889.0,27.944419860839844,6.042078018188477,627.601415024008
3890.0,16.443984985351562,3.1346077919006348,627.7093320489948
3891.0,62.84130859375,8.508075714111328,627.8274574980023
3892.0,14.224239349365234,3.305245876312256,627.9296318770066
3893.0,46.309852600097656,6.217055320739746,628.0353907259996
3894.0,22.005626678466797,4.904103755950928,628.1416923700017
3895.0,26.076892852783203,4.821724891662598,628.2611628110026
3896.0,35.18366622924805,5.697638511657715,628.372313261003
3897.0,8.122562408447266,1.9905033111572266,628.4851324170013
3898.0,36.59254837036133,5.317321300506592,628.6089908669965
3899.0,30.74410629272461,5.477065563201904,628.8013079520024
3900.0,38.92314147949219,4.904644966125488,628.9208807069954
3901.0,10.442339897155762,2.8554251194000244,633.1202226190071
3902.0,16.375106811523438,3.4774413108825684,633.2488624940015
3903.0,73.92669677734375,7.231239318847656,633.3732274299982
3904.0,18.35521697998047,4.669541835784912,633.4995711660013
3905.0,16.256511688232422,3.621295213699341,633.614938668994
3906.0,14.251143455505371,3.1628401279449463,633.7271143770049
3907.0,35.285865783691406,5.397608757019043,633.8445488790021
3908.0,47.42818069458008,7.8054304122924805,633.9576832169987
3909.0,9.797966957092285,2.5239436626434326,634.0769273180049
3910.0,9.30354118347168,2.31766939163208,634.1980267710023
3911.0,14.405218124389648,3.5330357551574707,634.3096739610046
3912.0,42.18072509765625,5.708637237548828,634.4238407649973
3913.0,20.07736587524414,3.7755203247070312,634.5349053590035
3914.0,8.651141166687012,2.023559808731079,634.6428647720022
3915.0,32.061729431152344,5.129028797149658,634.7511445900018
3916.0,13.339574813842773,2.9111855030059814,634.8599246640078
3917.0,13.593442916870117,3.5276904106140137,634.976597454006
3918.0,8.86689567565918,2.542926788330078,635.0870823110017
3919.0,11.264650344848633,2.8338043689727783,635.1945484049938
3920.0,13.008262634277344,3.225339412689209,635.304127994008
3921.0,22.313907623291016,4.862837791442871,635.4390558180021
3922.0,10.339884757995605,2.778695821762085,635.5612486820028
3923.0,14.697105407714844,3.0720152854919434,635.6794454449991
3924.0,13.491697311401367,2.7925727367401123,635.7868029300007
3925.0,10.3372220993042,2.560912609100342,635.9046532759967
3926.0,9.64937973022461,2.7039241790771484,636.0191412410059
3927.0,14.931793212890625,3.5501058101654053,636.1341833839979
3928.0,32.143280029296875,4.382274627685547,636.2479588029964
3929.0,39.18474578857422,6.346693992614746,636.3626368419937
3930.0,10.689891815185547,2.520280361175537,636.4810078629962
3931.0,11.506242752075195,3.1604859828948975,636.6042145850079
3932.0,23.139081954956055,5.092913627624512,636.7174144330056
3933.0,16.362192153930664,3.6853747367858887,636.8293703380041
3934.0,18.082067489624023,3.8124406337738037,636.9448213690048
3935.0,44.81473159790039,6.326731204986572,637.0625728860032
3936.0,9.88851261138916,2.2192811965942383,637.1742102230055
3937.0,19.672170639038086,4.483698844909668,637.2844291189977
3938.0,30.513935089111328,4.960804462432861,637.3948494979995
3939.0,38.63096618652344,5.592658519744873,637.5105808160006
3940.0,15.311857223510742,3.458263397216797,637.6375714900059
3941.0,14.47569465637207,2.895242214202881,637.7462086199957
3942.0,15.475114822387695,2.742830991744995,637.8587048360059
3943.0,132.48605346679688,18.494352340698242,637.9693916800024
3944.0,13.740852355957031,3.3896782398223877,638.1055611299962
3945.0,26.66543960571289,5.017407417297363,638.2200087509991
3946.0,14.894445419311523,2.8712120056152344,638.3410647499986
3947.0,21.841785430908203,4.403519630432129,638.4596371009975
3948.0,4.7753071784973145,1.3557243347167969,638.5826711569971
3949.0,7.5966267585754395,1.8850897550582886,638.7076020130044
3950.0,6.27822732925415,1.671526551246643,638.8252023189998
3951.0,56.99047088623047,5.712719917297363,638.9398294109997
3952.0,40.93939208984375,6.442773818969727,639.0726150919945
3953.0,19.600509643554688,3.7810983657836914,639.1894383610052
3954.0,52.29637145996094,7.564938545227051,639.326080607003
3955.0,6.933362007141113,1.7393196821212769,639.4438121849962
3956.0,8.810396194458008,2.1956965923309326,639.5579848470079
3957.0,8.55537223815918,1.9828295707702637,639.6654137150035
3958.0,30.435060501098633,4.606831073760986,639.875988743006
3959.0,64.7354507446289,8.000861167907715,639.9956610030058
3960.0,8.706424713134766,2.0678367614746094,640.1116535589972
3961.0,15.13017463684082,3.402573347091675,640.2180471589963
3962.0,18.522602081298828,3.6575143337249756,640.3416746660077
3963.0,27.352081298828125,5.919595718383789,640.461158029997
3964.0,31.935813903808594,5.252903461456299,640.5791851849935
3965.0,25.098987579345703,4.5270915031433105,640.6892132479989
3966.0,107.59454345703125,12.630570411682129,640.8184793679975
3967.0,15.229524612426758,3.2476398944854736,640.9367469279969
3968.0,17.56580352783203,3.505481004714966,641.0617429970007
3969.0,10.70750617980957,2.4454243183135986,641.1788572810037
3970.0,15.474830627441406,3.7147791385650635,641.2937546159956
3971.0,38.34064483642578,5.935518264770508,641.4072820169968
3972.0,102.15512084960938,9.948420524597168,641.5517365929991
3973.0,24.884654998779297,4.936779022216797,641.685443454
3974.0,24.835575103759766,4.468564510345459,641.8056893339963
3975.0,39.699249267578125,5.716738700866699,641.936500248994
3976.0,39.95886993408203,6.405826568603516,642.075064988996
3977.0,16.402185440063477,3.5267417430877686,642.2068047899957
3978.0,22.05875015258789,4.185111045837402,642.3292362930079
3979.0,19.689674377441406,4.032707691192627,642.4443739260023
3980.0,40.58089828491211,7.64389705657959,642.5497290789936
3981.0,15.130546569824219,3.3624773025512695,642.6624448820075
3982.0,10.805171966552734,2.6075053215026855,642.780608718007
3983.0,15.345474243164062,4.009018421173096,642.9144600940053
3984.0,44.18077850341797,6.893946647644043,643.0586123920075
3985.0,4.299505710601807,1.2540090084075928,643.1919437799952
3986.0,9.502933502197266,2.329551935195923,643.3231675270072
3987.0,9.205920219421387,2.4591312408447266,643.4370912339946
3988.0,14.786575317382812,3.443218946456909,643.5454590890004
3989.0,21.02888298034668,4.113922119140625,643.6536733719986
3990.0,17.29216194152832,3.6104021072387695,643.7778518959967
3991.0,9.5386962890625,2.5862877368927,643.9197220729984
3992.0,13.183833122253418,3.4378137588500977,644.037332300999
3993.0,21.871017456054688,3.9993295669555664,644.174759816
3994.0,51.44674301147461,7.081451416015625,644.289024216996
3995.0,8.034921646118164,2.2341606616973877,644.398418886005
3996.0,47.279632568359375,6.501476287841797,644.5647328089981
3997.0,42.85031509399414,6.025761604309082,644.7879251900013
3998.0,7.486907958984375,2.0129058361053467,644.9095364499954
3999.0,151.23916625976562,16.07094383239746,645.0340433359961
4000.0,102.92642211914062,12.22702693939209,645.178562932997
4001.0,16.478221893310547,3.120927095413208,649.9608287080046
4002.0,16.13164710998535,2.970754861831665,650.0735417359974
4003.0,6.574911594390869,1.6992812156677246,650.1788352570002
4004.0,8.69837474822998,2.2429616451263428,650.2874463119952
4005.0,10.987960815429688,2.6501758098602295,650.3877956590004
4006.0,12.958114624023438,2.6913273334503174,650.5410040059942
4007.0,66.34953308105469,12.199848175048828,650.6577083550073
4008.0,11.720654487609863,3.0946741104125977,650.7685277099954
4009.0,34.779815673828125,4.779266834259033,650.8839212860039
4010.0,4.792873382568359,1.245619297027588,650.9877940559963
4011.0,36.187957763671875,5.725761413574219,651.0992847269954
4012.0,18.95749282836914,4.29904317855835,651.1989894620056
4013.0,86.22412109375,12.652936935424805,651.2893303470046
4014.0,76.6252670288086,11.42288589477539,651.3897954309941
4015.0,24.31292724609375,4.5357232093811035,651.5403211230005
4016.0,40.255958557128906,6.039966583251953,651.6493292079977
4017.0,48.288116455078125,6.48519229888916,651.7695153280074
4018.0,11.250153541564941,2.717165470123291,651.8915962449973
4019.0,37.51438522338867,5.983510494232178,652.0148689170019
4020.0,10.422962188720703,2.8367786407470703,652.1250191349973
4021.0,11.151633262634277,2.8202295303344727,652.2363965330005
4022.0,9.110058784484863,2.1233413219451904,652.3440083519963
4023.0,16.43072509765625,3.5772597789764404,652.4634163099981
4024.0,35.89213562011719,5.58986234664917,652.606310187999
4025.0,27.956375122070312,4.8393731117248535,652.7316830570053
4026.0,90.81704711914062,10.050741195678711,652.8399546180008
4027.0,37.16142272949219,6.968108177185059,652.9681739600055
4028.0,36.33338928222656,6.523523330688477,653.0719159260043
4029.0,27.400623321533203,5.403266429901123,653.2061058550025
4030.0,73.20054626464844,8.447759628295898,653.3260790180066
4031.0,23.367259979248047,3.8009889125823975,653.4621157939982
4032.0,6.908888816833496,1.9638187885284424,653.5896562989947
4033.0,27.627105712890625,5.064448356628418,653.7048229619977
4034.0,17.685489654541016,3.4484593868255615,653.846727829994
4035.0,16.345439910888672,3.1337311267852783,653.962943520004
4036.0,24.7581787109375,4.984465599060059,654.0789060889947
4037.0,27.290409088134766,4.480482578277588,654.1940841519972
4038.0,14.28900146484375,3.439844846725464,654.3332178800047
4039.0,14.651834487915039,3.914229393005371,654.4626783239946
4040.0,18.10622787475586,3.4869613647460938,654.5832307259989
4041.0,6.567897319793701,1.8821603059768677,654.7356891130039
4042.0,9.555326461791992,2.282421588897705,654.9059152469999
4043.0,71.42225646972656,9.654746055603027,655.0169514870067
4044.0,8.560318946838379,2.276397943496704,655.223294993004
4045.0,32.71958923339844,5.560640811920166,655.4056574319984
4046.0,9.26862907409668,2.4674694538116455,655.6456413770065
4047.0,27.45459747314453,5.6500244140625,655.8182315110025
4048.0,9.208017349243164,2.309370279312134,655.9543594040006
4049.0,13.910892486572266,3.483968734741211,656.0779726769979
4050.0,21.03256607055664,3.8210854530334473,656.2123644579988
4051.0,35.09596252441406,5.248123645782471,656.3570604319975
4052.0,12.513225555419922,2.830472707748413,656.5111469730036
4053.0,28.356861114501953,5.074942588806152,656.6260479310004
4054.0,41.68889617919922,6.516530513763428,656.7862653000047
4055.0,81.59187316894531,10.516746520996094,656.9020474499994
4056.0,35.51203536987305,5.419242858886719,657.0160265830054
4057.0,8.670791625976562,2.287846088409424,657.1346281550068
4058.0,8.07601261138916,1.9001704454421997,657.2984242020029
4059.0,14.464829444885254,3.351381301879883,657.4175497039978
4060.0,19.715675354003906,3.7689902782440186,657.5291872009984
4061.0,36.48212814331055,5.557459831237793,657.6345861290029
4062.0,20.154010772705078,3.738884210586548,657.7499874610075
4063.0,13.471461296081543,3.0277535915374756,657.8972697680001
4064.0,11.678548812866211,2.2566614151000977,658.0142913750024
4065.0,12.146207809448242,2.956327438354492,658.1262971469987
4066.0,28.669506072998047,6.3889079093933105,658.2349682890053
4067.0,12.731609344482422,2.7079732418060303,658.3413547780074
4068.0,8.997774124145508,2.204514741897583,658.4324290000077
4069.0,69.5983657836914,8.06837272644043,658.5232006440056
4070.0,84.4587173461914,8.493924140930176,658.6280611080001
4071.0,21.816259384155273,4.035427570343018,658.730966521005
4072.0,16.613327026367188,3.658237934112549,658.854881257008
4073.0,7.787578105926514,2.1334266662597656,658.973458752007
4074.0,8.498119354248047,2.1794352531433105,659.0958520489949
4075.0,13.341242790222168,2.5709052085876465,659.233953005998
4076.0,31.12807846069336,5.718299865722656,659.3541789110022
4077.0,23.218730926513672,4.0788254737854,659.4598437639943
4078.0,9.196028709411621,2.349398612976074,659.6178668979992
4079.0,21.17038345336914,3.7147350311279297,659.7315624740004
4080.0,14.481000900268555,2.7760815620422363,659.8629722030018
4081.0,35.13838195800781,5.618690490722656,659.9728058879991
4082.0,58.23114013671875,7.773179531097412,660.0998629679962
4083.0,15.80910873413086,3.7884514331817627,660.2011133449996
4084.0,6.264739990234375,1.783291220664978,660.3352675030037
4085.0,18.497779846191406,4.490340232849121,660.4434606209979
4086.0,13.993230819702148,3.5370535850524902,660.572122387006
4087.0,42.7904052734375,5.809797286987305,660.7642512379971
4088.0,9.573999404907227,2.23881196975708,660.9065012339997
4089.0,8.77452278137207,2.3580994606018066,661.0104063409963
4090.0,40.0374870300293,6.359031677246094,661.1145628869999
4091.0,19.818220138549805,3.274585247039795,661.2235747450031
4092.0,27.472139358520508,3.812427043914795,661.3319553519977
4093.0,94.20271301269531,11.315742492675781,661.4576082209969
4094.0,14.613264083862305,3.6835498809814453,661.5737993210059
4095.0,7.68241024017334,1.9993499517440796,661.6910342850024
4096.0,22.508522033691406,4.384300231933594,661.8097619670007
4097.0,41.27326202392578,6.685567378997803,661.9230642850016
4098.0,9.66894817352295,2.293966054916382,662.0381428969995
4099.0,34.644954681396484,5.190961837768555,662.1474480960023
4100.0,20.05710220336914,4.577317237854004,662.2461031940038
4101.0,36.174461364746094,5.892574310302734,666.2485497699963
4102.0,19.525123596191406,4.8961029052734375,666.3497324589989
4103.0,11.129172325134277,2.587536334991455,666.4512259309995
4104.0,16.652833938598633,3.2770259380340576,666.5547552549979
4105.0,7.810754299163818,2.0718586444854736,666.6581674759946
4106.0,10.861847877502441,2.575275182723999,666.7594395259948
4107.0,9.40693187713623,2.1681270599365234,666.8728368589946
4108.0,102.70635986328125,7.119796276092529,666.9805477199989
4109.0,22.511829376220703,4.052200794219971,667.0862078759965
4110.0,18.47807502746582,3.557868719100952,667.1978363469971
4111.0,33.99211120605469,4.974557399749756,667.3076176559989
4112.0,43.865909576416016,7.073139190673828,667.4185203399975
4113.0,12.554969787597656,3.234340190887451,667.5267188680009
4114.0,117.28201293945312,16.666276931762695,667.6472903440008
4115.0,48.48418426513672,9.313910484313965,667.7462953270006
4116.0,45.053871154785156,6.5845513343811035,667.8580053810001
4117.0,51.264747619628906,7.893294811248779,667.9706515970029
4118.0,35.029232025146484,6.019986152648926,668.0798174569936
4119.0,16.168855667114258,3.3707330226898193,668.1984473490011
4120.0,66.98640441894531,7.6010308265686035,668.3098134549946
4121.0,16.776840209960938,3.6079776287078857,668.4231963070051
4122.0,42.341976165771484,6.096933841705322,668.5407180089969
4123.0,13.285636901855469,2.9168202877044678,668.6469060179952
4124.0,26.23943328857422,4.723269939422607,668.7603339250054
4125.0,22.029380798339844,5.275112628936768,668.8714205760043
4126.0,26.74502944946289,4.145794868469238,668.9782942400052
4127.0,23.784696578979492,3.8360748291015625,669.0878321030032
4128.0,10.901939392089844,2.8990113735198975,669.1909199479996
4129.0,23.359203338623047,4.341686248779297,669.3068015290046
4130.0,5.382763385772705,1.4513416290283203,669.4192597729998
4131.0,40.324745178222656,6.2661237716674805,669.5431143250025
4132.0,17.220211029052734,3.79695200920105,669.6799495409941
4133.0,8.152735710144043,1.9588161706924438,669.8034773270047
4134.0,11.865734100341797,2.9618093967437744,669.9095745719969
4135.0,22.588809967041016,3.8592734336853027,670.0133563709969
4136.0,19.671300888061523,4.13895845413208,670.1213240710058
4137.0,20.557485580444336,4.30043888092041,670.2319763819978
4138.0,14.482498168945312,3.4934332370758057,670.3336316789937
4139.0,29.953336715698242,4.750497817993164,670.4499135320075
4140.0,5.188204765319824,1.3541545867919922,670.5630444749986
4141.0,185.44580078125,17.918010711669922,670.6752511329978
4142.0,14.593790054321289,3.0449647903442383,670.8258676440018
4143.0,38.474639892578125,5.838439464569092,670.9336313990061
4144.0,27.982261657714844,4.852596759796143,671.0538269289973
4145.0,7.021895885467529,1.6957733631134033,671.1632305200037
4146.0,13.03571891784668,3.2315282821655273,671.3095675609948
4147.0,90.28999328613281,11.295763969421387,671.4497300109942
4148.0,37.79324722290039,6.0587286949157715,671.5680676810007
4149.0,51.24887466430664,7.816329479217529,671.7361570520006
4150.0,7.604445457458496,1.9560842514038086,671.8704026269988
4151.0,22.011272430419922,4.147566795349121,672.0101967140072
4152.0,13.10104751586914,2.905635118484497,672.1653654179972
4153.0,14.405553817749023,3.9764630794525146,672.2785940190079
4154.0,11.706448554992676,3.1084134578704834,672.3879546660028
4155.0,29.612363815307617,4.050631523132324,672.5290298589971
4156.0,11.451581954956055,2.4096202850341797,672.6282643199957
4157.0,16.67877960205078,3.484807252883911,672.7468341530039
4158.0,23.608745574951172,4.467343330383301,672.8556616069982
4159.0,9.457733154296875,2.683547258377075,672.9673236850067
4160.0,5.827742576599121,1.4954626560211182,673.1177433620032
4161.0,22.594802856445312,4.305756568908691,673.2803833030048
4162.0,10.602471351623535,2.4139394760131836,673.4227059779951
4163.0,45.088260650634766,6.393970012664795,673.5605649659992
4164.0,6.832437038421631,1.6980003118515015,673.6806627000042
4165.0,47.59950256347656,6.464563846588135,673.8018502570048
4166.0,201.17396545410156,21.11141586303711,673.9607401319954
4167.0,19.740829467773438,4.385962963104248,674.0758060200023
4168.0,32.4786376953125,5.554757595062256,674.194879001996
4169.0,8.646743774414062,2.081289529800415,674.3379719399964
4170.0,6.802950859069824,2.0013997554779053,674.4589032759977
4171.0,45.98564147949219,6.164146423339844,674.566510026998
4172.0,7.493008136749268,2.214348793029785,674.6758250919956
4173.0,15.384639739990234,3.368548631668091,674.7777886340045
4174.0,92.95671844482422,9.197813987731934,674.9008069730044
4175.0,39.87746047973633,6.985223770141602,675.0156419160048
4176.0,93.00837707519531,10.1680326461792,675.1228449780028
4177.0,17.869976043701172,3.67889666557312,675.2326258130051
4178.0,37.88335418701172,6.4363579750061035,675.343810655002
4179.0,21.062171936035156,4.026002407073975,675.4696781590028
4180.0,16.1915340423584,5.100273132324219,675.5921588000056
4181.0,8.659664154052734,2.3979146480560303,675.7173731929943
4182.0,13.049774169921875,3.752823829650879,675.8185204680049
4183.0,15.394784927368164,3.636098623275757,675.9172814259946
4184.0,52.220088958740234,8.383180618286133,676.0284525790048
4185.0,38.46453857421875,5.401058197021484,676.1436711290007
4186.0,192.25657653808594,25.246549606323242,676.2503215890029
4187.0,19.809730529785156,3.5987820625305176,676.360422275
4188.0,16.888200759887695,4.389247417449951,676.459847777005
4189.0,22.54901695251465,4.360817909240723,676.5783785219974
4190.0,13.03099536895752,2.7644646167755127,676.6866682069958
4191.0,11.037178993225098,2.7083115577697754,676.8008344099944
4192.0,19.659040451049805,4.8381757736206055,676.920337839998
4193.0,81.93443298339844,10.66445541381836,677.0322777330002
4194.0,52.51025390625,6.200494289398193,677.1410758450074
4195.0,16.170747756958008,3.9188528060913086,677.2451161689969
4196.0,27.688148498535156,4.512899875640869,677.3507346520055
4197.0,37.57042694091797,5.801632881164551,677.4707320449961
4198.0,13.039865493774414,2.95686936378479,677.5893476399942
4199.0,18.12940216064453,3.661794662475586,677.7048658029962
4200.0,15.926080703735352,3.430850028991699,677.8112225289951
4201.0,9.035314559936523,2.27903413772583,681.7926052039984
4202.0,6.5816144943237305,1.5589219331741333,681.8978811559937
4203.0,13.176265716552734,2.965527057647705,682.0093133920018
4204.0,29.560693740844727,4.613229751586914,682.1460014549957
4205.0,57.05413818359375,8.470673561096191,682.2775399770035
4206.0,5.429012298583984,1.3550453186035156,682.3839115709998
4207.0,14.773771286010742,2.756739616394043,682.4951630459982
4208.0,8.88792610168457,2.2933831214904785,682.5944449359959
4209.0,6.570466995239258,1.8523731231689453,682.7054602020071
4210.0,59.59244155883789,8.72332763671875,682.8379181280034
4211.0,88.47248840332031,13.168306350708008,682.9527654550038
4212.0,27.783218383789062,4.6831583976745605,683.0653665169957
4213.0,52.86231231689453,6.128238201141357,683.1838731960015
4214.0,9.455190658569336,2.6680641174316406,683.2830260589981
4215.0,17.81637191772461,3.9095680713653564,683.416245394008
4216.0,65.57511901855469,7.7210283279418945,683.548650783996
4217.0,16.428730010986328,3.3193299770355225,683.6785872449982
4218.0,35.35395050048828,5.705560684204102,683.7839204000047
4219.0,28.117603302001953,4.9849724769592285,683.8876955169981
4220.0,31.174549102783203,5.149604797363281,684.0035161380074
4221.0,21.69952392578125,4.175868511199951,684.139508481996
4222.0,14.99355697631836,3.6354777812957764,684.2729700820055
4223.0,32.10706329345703,5.494993209838867,684.3784827360068
4224.0,15.121566772460938,3.548305034637451,684.4926555270067
4225.0,9.380030632019043,2.2989308834075928,684.5987017480074
4226.0,16.587366104125977,3.406740188598633,684.7117552950076
4227.0,33.596195220947266,5.407810688018799,684.8242443329946
4228.0,8.455168724060059,2.1888082027435303,684.9378630410065
4229.0,10.94735336303711,2.895944356918335,685.038317686005
4230.0,50.62865447998047,6.691461086273193,685.1797384730016
4231.0,5.333593368530273,1.4110170602798462,685.2828721340047
4232.0,7.458189010620117,2.2783758640289307,685.3958282039966
4233.0,19.727352142333984,4.451720237731934,685.5137028299941
4234.0,23.036579132080078,4.214787483215332,685.6255712929997
4235.0,16.682666778564453,3.7991623878479004,685.7403211049968
4236.0,20.78865623474121,4.121717929840088,685.8575896639959
4237.0,32.56224822998047,4.425516128540039,685.959729987997
4238.0,9.389958381652832,2.4184963703155518,686.0761336340074
4239.0,18.661760330200195,3.4714159965515137,686.186488641004
4240.0,33.062599182128906,5.512666702270508,686.2901756210049
4241.0,43.575157165527344,7.203925132751465,686.4220679999999
4242.0,15.332466125488281,3.853342056274414,686.538493592001
4243.0,17.65393829345703,3.5805647373199463,686.6794548860053
4244.0,18.207408905029297,4.620875358581543,686.8214302590059
4245.0,18.305259704589844,3.239980697631836,686.9417736309988
4246.0,3.778191566467285,1.0332940816879272,687.0836306889978
4247.0,43.03063201904297,8.033733367919922,687.2749922980001
4248.0,32.38711929321289,4.648140907287598,687.4139157839963
4249.0,42.066383361816406,6.1204609870910645,687.5776215119986
4250.0,23.410396575927734,3.970806121826172,687.7179597149952
4251.0,14.76073169708252,3.013889789581299,687.828355620004
4252.0,55.969337463378906,8.283260345458984,688.0075464050024
4253.0,27.3632869720459,5.6982808113098145,688.1418483529997
4254.0,122.40554809570312,11.325154304504395,688.2938848259946
4255.0,35.695213317871094,6.107621192932129,688.4126284140075
4256.0,39.294464111328125,5.576058387756348,688.5448161210079
4257.0,8.118907928466797,2.0228404998779297,688.6753711100027
4258.0,11.439289093017578,2.2030065059661865,688.7801961429941
4259.0,17.268795013427734,2.811486005783081,688.892626204004
4260.0,7.5022406578063965,1.874548077583313,689.0122197519959
4261.0,8.283506393432617,2.1111056804656982,689.1203613709949
4262.0,23.831790924072266,3.9078011512756348,689.2505055399961
4263.0,6.981356620788574,1.8460808992385864,689.3721499350067
4264.0,10.522980690002441,2.491629123687744,689.4849650889955
4265.0,6.9346208572387695,2.0311832427978516,689.5902442960069
4266.0,25.525341033935547,4.415461540222168,689.6986660399998
4267.0,15.264776229858398,3.5927894115448,689.8230011559936
4268.0,27.488121032714844,4.516903877258301,689.9542501649994
4269.0,75.14063262939453,9.332895278930664,690.0644468670071
4270.0,25.66509246826172,4.882658004760742,690.1778071269946
4271.0,9.616159439086914,2.347961187362671,690.2916396770015
4272.0,14.21084976196289,2.8074114322662354,690.4026941869961
4273.0,39.9564323425293,5.283067226409912,690.5211970389937
4274.0,10.136207580566406,2.289219379425049,690.6294772529945
4275.0,120.77873229980469,12.731059074401855,690.7346917520044
4276.0,7.6981635093688965,2.1155624389648438,690.8403798030049
4277.0,95.58860778808594,11.333061218261719,690.945902706997
4278.0,15.757684707641602,3.076307535171509,691.0576307860028
4279.0,12.477420806884766,2.6306610107421875,691.171142348001
4280.0,16.702957153320312,3.351496458053589,691.2781418329978
4281.0,17.97998809814453,3.3337316513061523,691.3989330979966
4282.0,11.058752059936523,2.9806735515594482,691.5075457549974
4283.0,8.576859474182129,2.169329881668091,691.6768001699966
4284.0,12.450555801391602,2.8369200229644775,691.826560949994
4285.0,7.009982109069824,1.7316769361495972,691.969289857996
4286.0,22.637054443359375,4.1560492515563965,692.0841097869998
4287.0,7.561270236968994,1.9314839839935303,692.189633764996
4288.0,15.044050216674805,3.492931604385376,692.2950833280047
4289.0,169.93377685546875,22.27755355834961,692.4045219730033
4290.0,10.093730926513672,2.3957998752593994,692.5083385650069
4291.0,14.041263580322266,3.6008434295654297,692.6139986719936
4292.0,19.521183013916016,3.8647620677948,692.7215358219983
4293.0,20.137601852416992,4.428721904754639,692.8754485620011
4294.0,20.246334075927734,3.7109014987945557,692.9916572770017
4295.0,5.36450719833374,1.4512189626693726,693.1041806330031
4296.0,55.34754943847656,6.56265115737915,693.2133471120032
4297.0,12.076337814331055,2.686232805252075,693.3211868719955
4298.0,60.091461181640625,8.887269973754883,693.4285340409988
4299.0,27.819839477539062,4.198336124420166,693.5393418820022
4300.0,20.012596130371094,4.241352081298828,693.6486318959942
4301.0,14.997861862182617,3.6899545192718506,697.6709172489936
4302.0,14.682962417602539,3.2158353328704834,697.7680190609972
4303.0,116.7391357421875,12.208124160766602,697.885687860995
4304.0,12.431612014770508,2.96333909034729,698.0117701150011
4305.0,10.137472152709961,2.5480895042419434,698.1301822270034
4306.0,16.31133460998535,3.642317056655884,698.237089176997
4307.0,98.43887329101562,10.947463989257812,698.3681323579949
4308.0,30.004981994628906,5.866650104522705,698.4784357400058
4309.0,8.709611892700195,2.071847438812256,698.585317931007
4310.0,9.942837715148926,2.2533721923828125,698.6888202160044
4311.0,11.762189865112305,2.98492693901062,698.8050620129943
4312.0,58.2651252746582,8.99119758605957,698.9193849730073
4313.0,20.415706634521484,3.0877134799957275,699.0260203829966
4314.0,33.368648529052734,5.865710735321045,699.1479512410006
4315.0,14.083760261535645,3.199854850769043,699.2537912160042
4316.0,106.85846710205078,10.409590721130371,699.3559478740062
4317.0,12.048519134521484,2.581533432006836,699.4653824739944
4318.0,15.476200103759766,3.131486177444458,699.569266963008
4319.0,18.3278751373291,4.083250999450684,699.6810659490002
4320.0,16.615863800048828,3.318483829498291,699.8026195239945
4321.0,47.274906158447266,6.250980854034424,699.9363748309988
4322.0,23.759916305541992,4.340507507324219,700.0525805619982
4323.0,13.512883186340332,3.542592763900757,700.1615707409946
4324.0,283.4440612792969,21.15534210205078,700.270176578997
4325.0,52.26387023925781,6.793724060058594,700.3829293129966
4326.0,11.315837860107422,3.1686508655548096,700.4859388170007
4327.0,27.002361297607422,4.725055694580078,700.5877452080022
4328.0,47.82270431518555,7.90451192855835,700.6889891879982
4329.0,10.293802261352539,2.452511787414551,700.8031322820025
4330.0,40.06825256347656,5.759970664978027,700.907407827006
4331.0,35.48175811767578,5.572330951690674,701.0137159339938
4332.0,22.879531860351562,3.7490978240966797,701.1179942449962
4333.0,11.485496520996094,2.513763427734375,701.2257583510072
4334.0,6.879678726196289,1.7007439136505127,701.3353145620058
4335.0,23.972557067871094,5.21875,701.4446289909974
4336.0,24.916881561279297,4.676784515380859,701.5594228880072
4337.0,10.518308639526367,2.6947150230407715,701.6727020730032
4338.0,57.312068939208984,6.552831172943115,701.7866681260057
4339.0,19.93494415283203,3.737471103668213,701.9557125239953
4340.0,27.809059143066406,4.454851150512695,702.0912788800051
4341.0,7.302798271179199,1.862694263458252,702.2163600350032
4342.0,23.743019104003906,4.220818519592285,702.3342959900037
4343.0,70.74525451660156,9.966453552246094,702.445433536006
4344.0,21.80282211303711,4.674868106842041,702.5701868080068
4345.0,19.596195220947266,3.788273334503174,702.7275044660055
4346.0,23.45092010498047,4.053123950958252,702.8794120219973
4347.0,11.818216323852539,2.916534185409546,703.0237836339948
4348.0,10.307413101196289,2.6526637077331543,703.1492455690022
4349.0,8.25434684753418,2.1834945678710938,703.275761915007
4350.0,15.83543872833252,3.7773325443267822,703.396793944994
4351.0,19.60118293762207,4.468628883361816,703.526107009995
4352.0,14.29249382019043,3.444897413253784,703.6560956169997
4353.0,12.256063461303711,2.8920278549194336,703.8427415900078
4354.0,12.180173873901367,3.225367546081543,703.9846452339989
4355.0,28.625164031982422,4.652997016906738,704.1208158530062
4356.0,15.997383117675781,3.771541118621826,704.2458774569968
4357.0,25.14730453491211,4.607564449310303,704.3600574640004
4358.0,5.042015075683594,1.3545148372650146,704.4871967609943
4359.0,45.84199523925781,6.064498424530029,704.5959894510015
4360.0,9.951172828674316,2.58797550201416,704.7010116599995
4361.0,9.722352981567383,2.3218941688537598,704.8109178089944
4362.0,10.299664497375488,2.168633460998535,704.9199534229992
4363.0,30.473453521728516,5.608209133148193,705.0232903840079
4364.0,39.90813064575195,5.584691524505615,705.1289736650069
4365.0,52.8499755859375,7.972592353820801,705.2431448629941
4366.0,40.73826599121094,8.057595252990723,705.3698018840078
4367.0,51.69289779663086,8.009244918823242,705.4965406139963
4368.0,22.53989028930664,4.089900016784668,705.6171757980046
4369.0,8.31971549987793,2.0896573066711426,705.7282415240043
4370.0,31.023630142211914,5.428855895996094,705.8374928029953
4371.0,17.550128936767578,3.7106516361236572,705.9550990639982
4372.0,20.813289642333984,3.6888136863708496,706.0793098800059
4373.0,125.6301040649414,13.21465015411377,706.2052111640078
4374.0,21.354490280151367,3.9981284141540527,706.3108636840043
4375.0,31.549530029296875,5.258632659912109,706.4135330900026
4376.0,7.646693229675293,1.8076171875,706.5349693320022
4377.0,22.8138427734375,4.348423480987549,706.6506401570077
4378.0,45.060001373291016,6.427781581878662,706.7705268169957
4379.0,98.912353515625,12.223773956298828,706.892141564007
4380.0,16.031217575073242,3.6383211612701416,707.0032626699976
4381.0,34.54734802246094,6.692680835723877,707.114125387001
4382.0,13.710298538208008,3.3657658100128174,707.2260701630003
4383.0,51.55073165893555,6.424284934997559,707.336827192994
4384.0,10.505692481994629,2.679675579071045,707.4508816040034
4385.0,29.775325775146484,4.840389251708984,707.564213531994
4386.0,47.722747802734375,7.523052215576172,707.6773021300032
4387.0,57.13276672363281,6.635846138000488,707.789690620004
4388.0,7.01995849609375,1.8457943201065063,707.9010653320001
4389.0,9.19787883758545,2.598158836364746,708.0182507840073
4390.0,24.530406951904297,4.2632365226745605,708.1446996940067
4391.0,19.10411834716797,3.65214467048645,708.2671899359993
4392.0,33.401397705078125,5.257250785827637,708.3953056960017
4393.0,43.627872467041016,5.988442420959473,708.5066502489935
4394.0,7.240833282470703,1.8220961093902588,708.6436114139942
4395.0,11.336668968200684,3.1296863555908203,708.7541785649955
4396.0,32.201568603515625,5.692331790924072,708.8666954750079
4397.0,51.64284133911133,7.775437355041504,708.979654477007
4398.0,18.707733154296875,3.205942392349243,709.096973880005
4399.0,6.618378639221191,1.7539887428283691,709.2004341020074
4400.0,13.48859691619873,2.919734239578247,709.3083352300018
4401.0,25.754283905029297,5.044610977172852,713.1402383660024
4402.0,33.51414489746094,4.61401891708374,713.2374705179973
4403.0,9.082504272460938,2.13582706451416,713.3467403950053
4404.0,10.757232666015625,2.5208821296691895,713.4524302640057
4405.0,11.724929809570312,2.7673821449279785,713.564541743006
4406.0,19.04195213317871,4.01502799987793,713.6657628340035
4407.0,15.617080688476562,3.1688156127929688,713.7816753140069
4408.0,52.205101013183594,9.474998474121094,713.910216645003
4409.0,15.313541412353516,2.9397189617156982,714.0199650860013
4410.0,14.877490997314453,3.260784864425659,714.1246820270026
4411.0,17.13309669494629,4.286774158477783,714.2314027149987
4412.0,14.54551887512207,3.3034298419952393,714.3424946110026
4413.0,15.388729095458984,3.4014639854431152,714.4465116640058
4414.0,17.663074493408203,3.1501986980438232,714.5554202649946
4415.0,26.427711486816406,4.705446720123291,714.660164728004
4416.0,51.611106872558594,8.868790626525879,714.772649614999
4417.0,12.419368743896484,2.503058433532715,714.8746856969956
4418.0,20.034141540527344,3.2355573177337646,714.9811110979936
4419.0,3.8269739151000977,1.0877796411514282,715.0869818390056
4420.0,13.831430435180664,2.7675609588623047,715.2116485400038
4421.0,11.118837356567383,2.5591912269592285,715.3323513210053
4422.0,23.961483001708984,4.737008571624756,715.4623691320012
4423.0,5.953238487243652,1.420553207397461,715.5955036789965
4424.0,41.82917785644531,5.787666320800781,715.7254284320079
4425.0,7.290871620178223,1.7444700002670288,715.8378577010008
4426.0,8.02196979522705,2.111266613006592,715.9408421440021
4427.0,9.758221626281738,2.245861768722534,716.0446762229985
4428.0,10.12055778503418,2.409982681274414,716.1630770909978
4429.0,15.18775749206543,3.0538721084594727,716.2675754200027
4430.0,8.663107872009277,2.1901907920837402,716.3712630009977
4431.0,31.54275894165039,6.120833873748779,716.4862926799979
4432.0,25.885358810424805,4.518544673919678,716.585839145002
4433.0,13.140022277832031,3.2848827838897705,716.714450437008
4434.0,8.82286262512207,2.060718297958374,716.837071558999
4435.0,24.351642608642578,3.9403131008148193,716.9453248509963
4436.0,24.681751251220703,4.0253753662109375,717.0563496399991
4437.0,34.582923889160156,5.151209831237793,717.1627104979998
4438.0,13.08846378326416,3.076829195022583,717.2637621549948
4439.0,23.687894821166992,4.308093547821045,717.3822873720055
4440.0,7.464354038238525,2.1530940532684326,717.4765497629996
4441.0,41.39344024658203,5.521569728851318,717.5994060840021
4442.0,33.96654510498047,4.831696510314941,717.6907817960018
4443.0,8.062255859375,1.8439162969589233,717.7980880929972
4444.0,18.825990676879883,3.9388718605041504,717.9144684079947
4445.0,19.320913314819336,3.811452627182007,718.0188857169996
4446.0,12.051658630371094,2.938642740249634,718.1497801100049
4447.0,48.70922088623047,5.765969276428223,718.2903719790047
4448.0,16.114093780517578,3.4606549739837646,718.4377588119969
4449.0,17.27973747253418,3.9284939765930176,718.5928378770041
4450.0,19.688411712646484,3.632349729537964,718.7580505890073
4451.0,6.620909690856934,1.9140464067459106,718.9037192289979
4452.0,88.85307312011719,15.309764862060547,719.037625241006
4453.0,8.754302978515625,2.325806140899658,719.1595341420034
4454.0,21.23882293701172,3.667325496673584,719.2594723240036
4455.0,22.020313262939453,3.930964946746826,719.3766249909968
4456.0,8.316110610961914,2.1187562942504883,719.5097877619992
4457.0,8.182186126708984,2.453918695449829,719.6517810980004
4458.0,5.051629543304443,1.4068201780319214,719.7687329159962
4459.0,22.54787826538086,4.24296236038208,719.8708386829967
4460.0,35.97651290893555,5.895471572875977,719.9929824669962
4461.0,223.03248596191406,19.12395477294922,720.1334322960029
4462.0,13.543289184570312,2.896864175796509,720.2612207280035
4463.0,69.25210571289062,12.590953826904297,720.4096857830009
4464.0,22.65932846069336,4.125558853149414,720.5187564439984
4465.0,16.148475646972656,3.2427468299865723,720.6314469909994
4466.0,7.976621627807617,2.142939567565918,720.7408303620032
4467.0,16.131187438964844,2.7817039489746094,720.874565777005
4468.0,9.398481369018555,2.762768030166626,721.00529981
4469.0,155.2635498046875,9.849242210388184,721.1340027169936
4470.0,7.7326507568359375,2.0211236476898193,721.2498498770001
4471.0,19.299236297607422,4.579000949859619,721.3652140430058
4472.0,8.043634414672852,1.9418013095855713,721.4737651879987
4473.0,12.981184005737305,2.496934175491333,721.5772214320023
4474.0,7.727840423583984,2.169562339782715,721.7027137359983
4475.0,6.777596950531006,1.633049488067627,721.8608236510045
4476.0,32.749717712402344,5.08958625793457,721.9940205710009
4477.0,11.136170387268066,2.7217729091644287,722.0934369250026
4478.0,23.308605194091797,3.905104875564575,722.2132369610044
4479.0,46.54864501953125,7.185800075531006,722.3179830279987
4480.0,8.903042793273926,2.213751792907715,722.4579546169989
4481.0,10.25749397277832,2.282543659210205,722.5611419070046
4482.0,23.494661331176758,4.212386608123779,722.6963384249975
4483.0,10.344196319580078,2.0177109241485596,722.849740863996
4484.0,17.156108856201172,3.1064066886901855,722.9958376230061
4485.0,20.04941177368164,3.956315755844116,723.1165232280036
4486.0,14.495969772338867,3.150520086288452,723.2563990130002
4487.0,7.266283988952637,1.7773908376693726,723.3732235469943
4488.0,11.635665893554688,2.9537243843078613,723.509359624004
4489.0,15.367583274841309,2.9504637718200684,723.6281551550055
4490.0,25.987518310546875,4.250358581542969,723.7358182600001
4491.0,24.623464584350586,4.075479030609131,723.847607609001
4492.0,9.235916137695312,2.412290096282959,723.9599844330078
4493.0,36.20441818237305,6.224868297576904,724.0963385079958
4494.0,11.440876960754395,2.613746166229248,724.2223751440033
4495.0,36.20722198486328,6.210629463195801,724.3350507709984
4496.0,5.3784379959106445,1.3474712371826172,724.4954445640033
4497.0,21.56572151184082,4.698065757751465,724.6090862389974
4498.0,13.296058654785156,2.9313647747039795,724.7272871449968
4499.0,20.135435104370117,3.42580246925354,724.8472828329977
4500.0,12.413337707519531,2.727118492126465,724.9611123840004
4501.0,6.5857086181640625,1.7582539319992065,729.2700457290048
4502.0,17.546955108642578,3.2205746173858643,729.3744418739952
4503.0,6.950104713439941,1.7772278785705566,729.4786708570027
4504.0,12.754081726074219,2.7039074897766113,729.6201752880006
4505.0,7.617003917694092,1.9788379669189453,729.7385460070072
4506.0,19.988569259643555,4.211900234222412,729.8459325050062
4507.0,28.05049705505371,5.004758358001709,729.9545402100048
4508.0,31.955368041992188,5.734848499298096,730.0624282479985
4509.0,8.21301555633545,2.1011290550231934,730.1816521760047
4510.0,19.733200073242188,4.094603061676025,730.2910903349984
4511.0,9.789708137512207,2.229952573776245,730.4006615380058
4512.0,7.711705684661865,1.828743577003479,730.5128005199949
4513.0,11.155899047851562,2.356092929840088,730.6276275849959
4514.0,15.704654693603516,3.047713041305542,730.7399239649967
4515.0,36.0631103515625,5.501847267150879,730.8626884849946
4516.0,8.845806121826172,2.3416624069213867,730.9722420689941
4517.0,24.959518432617188,4.409847259521484,731.0884032460017
4518.0,17.233903884887695,3.9194202423095703,731.2029412539996
4519.0,36.98259735107422,6.241421699523926,731.3541883720027
4520.0,12.466901779174805,2.6195688247680664,731.487604466005
4521.0,19.489723205566406,4.342769145965576,731.6044937800034
4522.0,33.49135208129883,5.044369697570801,731.7147141610039
4523.0,28.906814575195312,6.426344871520996,731.8276218490064
4524.0,30.706134796142578,4.896395683288574,731.9470814819942
4525.0,11.706385612487793,3.0921788215637207,732.0531739709986
4526.0,44.0512580871582,4.459808349609375,732.1728711430042
4527.0,9.946280479431152,2.494112491607666,732.2811920149979
4528.0,27.872669219970703,4.615881443023682,732.3977235210041
4529.0,39.116058349609375,6.151279926300049,732.5096914909955
4530.0,32.52281188964844,6.26497220993042,732.6362282960035
4531.0,38.37360763549805,5.546536922454834,732.7526644220052
4532.0,32.322837829589844,6.33504581451416,732.878496143996
4533.0,19.978343963623047,3.7372868061065674,733.013302434003
4534.0,7.645764350891113,2.0749905109405518,733.1405175450054
4535.0,8.71725082397461,2.4822232723236084,733.2581881030055
4536.0,10.742469787597656,2.381568431854248,733.372658392007
4537.0,77.30538940429688,8.189986228942871,733.492932453999
4538.0,9.625303268432617,2.2714524269104004,733.6220771259977
4539.0,8.218842506408691,2.455253839492798,733.7464737270057
4540.0,40.173179626464844,6.618070602416992,733.882463271002
4541.0,38.962806701660156,5.436882972717285,733.991669985
4542.0,9.388531684875488,2.5632879734039307,734.1045210239972
4543.0,78.77161407470703,9.78848648071289,734.2153185460047
4544.0,12.981584548950195,2.7105116844177246,734.3306464509951
4545.0,17.47333335876465,2.9610371589660645,734.4569695760001
4546.0,47.956390380859375,6.42211389541626,734.5625486280042
4547.0,30.109315872192383,6.278284072875977,734.6742074439971
4548.0,19.3486328125,3.7835497856140137,734.7789315650007
4549.0,28.33728790283203,5.792053699493408,734.8909293290053
4550.0,20.411338806152344,2.643897533416748,735.0107792850031
4551.0,64.95316314697266,9.260767936706543,735.1265644539963
4552.0,18.92165756225586,3.457500696182251,735.3044285000069
4553.0,113.19587707519531,13.192407608032227,735.4373105550039
4554.0,39.190948486328125,6.314554691314697,735.5603751360031
4555.0,23.74696159362793,4.255373001098633,735.671847288002
4556.0,23.960350036621094,4.760875701904297,735.7960979820054
4557.0,28.828704833984375,6.232625484466553,735.920279323007
4558.0,13.79648208618164,2.7758893966674805,736.1005150139972
4559.0,14.803953170776367,3.465217351913452,736.2575040910015
4560.0,51.708580017089844,6.9382500648498535,736.3774975459964
4561.0,16.015060424804688,3.054522752761841,736.4924552680022
4562.0,29.68852424621582,4.473737716674805,736.6081569880043
4563.0,94.09065246582031,8.626876831054688,736.7613106350036
4564.0,8.28734016418457,2.1610348224639893,736.9286835609964
4565.0,64.23558044433594,7.614468097686768,737.0800955000013
4566.0,6.559579849243164,1.7762396335601807,737.204944668003
4567.0,10.576044082641602,2.5941877365112305,737.3719118489971
4568.0,53.12516784667969,6.977055072784424,737.4910183269967
4569.0,6.708871841430664,1.7654658555984497,737.5964927650057
4570.0,15.464166641235352,3.6087586879730225,737.6976083790069
4571.0,20.82644271850586,4.2668328285217285,737.8110734670045
4572.0,132.8433074951172,14.11536693572998,737.9255679079943
4573.0,85.97682189941406,9.185559272766113,738.0448047529935
4574.0,151.2561492919922,15.526886940002441,738.1688805489975
4575.0,7.707614421844482,2.245821475982666,738.2953129569942
4576.0,23.15001106262207,4.405152797698975,738.4099439779966
4577.0,27.19057273864746,5.0113959312438965,738.5267169090075
4578.0,7.124912738800049,2.028789520263672,738.676489549005
4579.0,62.900550842285156,7.6976494789123535,738.8273484840029
4580.0,42.33012771606445,6.841282367706299,738.9347780450044
4581.0,81.31324768066406,12.366958618164062,739.025460001998
4582.0,9.993766784667969,2.4226527214050293,739.1361926109967
4583.0,13.801136016845703,2.7526907920837402,739.2679241129954
4584.0,23.545520782470703,5.222402572631836,739.3721238160069
4585.0,16.030038833618164,3.5170154571533203,739.4830761839985
4586.0,13.463109970092773,3.3312416076660156,739.5903442950075
4587.0,18.014123916625977,4.357006072998047,739.6951746609993
4588.0,41.67060852050781,5.980950355529785,739.8057536739943
4589.0,15.754148483276367,2.818769931793213,739.9100986160047
4590.0,51.2245979309082,5.80092191696167,740.0477240159962
4591.0,43.77543640136719,5.933355808258057,740.1580528479972
4592.0,56.340179443359375,7.6288042068481445,740.2669175949995
4593.0,29.435386657714844,5.560059070587158,740.3780628990062
4594.0,21.867389678955078,4.590190410614014,740.4799253840029
4595.0,45.93180847167969,6.9383955001831055,740.592566264997
4596.0,67.93563079833984,12.250713348388672,740.6954017719981
4597.0,29.180683135986328,6.770704746246338,740.7964463020035
4598.0,72.99984741210938,10.121406555175781,740.9005270199996
4599.0,13.406625747680664,3.1872785091400146,741.0028106999962
4600.0,48.97984313964844,6.500753879547119,741.1113017099997
4601.0,53.68084716796875,8.053123474121094,745.748650605994
4602.0,42.5056266784668,6.163415431976318,745.8585106109967
4603.0,39.81447982788086,6.287217617034912,745.9651421900053
4604.0,10.793082237243652,2.7832560539245605,746.0771418780059
4605.0,16.201799392700195,3.837932825088501,746.1909445390047
4606.0,39.875152587890625,5.998161315917969,746.3140687720006
4607.0,12.777043342590332,2.8238799571990967,746.4659397729993
4608.0,47.846412658691406,7.664648056030273,746.5834880960028
4609.0,35.672576904296875,6.679134368896484,746.6854589499999
4610.0,9.430902481079102,2.416771650314331,746.8310130739992
4611.0,28.847557067871094,5.405301570892334,746.9462559109961
4612.0,23.40153694152832,4.264797687530518,747.0548423879954
4613.0,7.018324851989746,1.7221369743347168,747.1717812529969
4614.0,40.19093322753906,6.034268379211426,747.2949205210025
4615.0,23.36211395263672,4.513322353363037,747.4110991540074
4616.0,19.05533218383789,3.9616141319274902,747.5232289060077
4617.0,12.562213897705078,3.375117778778076,747.6344063959987
4618.0,15.526712417602539,3.010881185531616,747.7462172740052
4619.0,11.112732887268066,2.898862838745117,747.8555514189939
4620.0,12.443197250366211,2.972590446472168,747.9706574070005
4621.0,9.499032974243164,2.426018238067627,748.0964900459949
4622.0,20.36898422241211,4.487707614898682,748.2164267129992
4623.0,24.519084930419922,4.488099575042725,748.3531068709999
4624.0,7.859208583831787,2.026329755783081,748.4619276779995
4625.0,40.85456848144531,6.254555702209473,748.6579790789983
4626.0,12.854085922241211,2.5383050441741943,748.7794471590023
4627.0,14.596857070922852,2.6355948448181152,748.9077244090004
4628.0,22.650434494018555,3.922488212585449,749.0160184050037
4629.0,56.116455078125,10.829415321350098,749.1493932080048
4630.0,6.8761444091796875,1.6823580265045166,749.2655378149939
4631.0,6.351883888244629,1.7169287204742432,749.3808442050067
4632.0,19.017147064208984,3.5466091632843018,749.4933421239984
4633.0,36.956764221191406,5.680511474609375,749.6349242470023
4634.0,9.596449851989746,2.486686944961548,749.7969162560039
4635.0,11.41665267944336,2.765087366104126,749.9706040790043
4636.0,16.53741455078125,3.282769203186035,750.1357659030036
4637.0,51.18742752075195,6.6791486740112305,750.272965755008
4638.0,20.871536254882812,4.511472702026367,750.400788939005
4639.0,29.230453491210938,5.311794281005859,750.5597480290016
4640.0,28.155120849609375,5.3332319259643555,750.6872286989965
4641.0,12.74050235748291,2.749290704727173,750.8115005690051
4642.0,27.785194396972656,4.648282051086426,750.9564383270044
4643.0,6.023391246795654,1.6976590156555176,751.0991621620051
4644.0,10.398125648498535,2.6467347145080566,751.2413405039988
4645.0,28.08576202392578,4.748696327209473,751.3782342360064
4646.0,20.48353385925293,3.675795793533325,751.5369285549968
4647.0,12.013681411743164,3.0058960914611816,751.6867599789985
4648.0,20.884374618530273,4.213618278503418,751.8249606280006
4649.0,18.04753875732422,3.777374505996704,751.9518453180062
4650.0,16.729736328125,3.574612855911255,752.1056956490065
4651.0,23.418659210205078,4.1249165534973145,752.2346074700035
4652.0,16.353679656982422,3.557516574859619,752.3814423449949
4653.0,14.649507522583008,3.1623308658599854,752.5642190149956
4654.0,23.578754425048828,4.730973720550537,752.7390303300053
4655.0,17.661022186279297,3.146188974380493,752.9145416270039
4656.0,5.911799430847168,1.4635967016220093,753.1782866889989
4657.0,13.457784652709961,3.411102056503296,753.371302405998
4658.0,6.399935722351074,1.6962684392929077,753.5384058439959
4659.0,40.132476806640625,5.613994598388672,753.7125643570034
4660.0,17.519535064697266,3.831554651260376,753.9139382669964
4661.0,6.246172904968262,1.6725623607635498,754.1124245440005
4662.0,29.24569320678711,5.026195526123047,754.3591568410047
4663.0,48.80864334106445,6.639396667480469,754.5592527510016
4664.0,12.708538055419922,3.040649175643921,754.8018685110001
4665.0,35.30386734008789,6.727092742919922,755.0311546250014
4666.0,20.027990341186523,4.022769927978516,755.1813598230074
4667.0,50.190269470214844,7.253660678863525,755.3197597880062
4668.0,24.850692749023438,4.728094577789307,755.578476183
4669.0,15.845181465148926,4.06290340423584,755.9959397210041
4670.0,40.075836181640625,7.409568786621094,756.2889292850014
4671.0,67.64866638183594,7.957732200622559,756.4766765340028
4672.0,8.900705337524414,2.2906253337860107,756.6731196960027
4673.0,8.046545028686523,1.9896818399429321,756.8222428519948
4674.0,9.60238265991211,2.5522308349609375,757.111607148996
4675.0,35.25642776489258,5.394551753997803,757.4216008350049
4676.0,94.60417175292969,11.814635276794434,757.6671757650038
4677.0,23.52068328857422,5.011165618896484,757.8371583450062
4678.0,7.452248573303223,2.031508207321167,757.9527359339991
4679.0,28.696552276611328,4.382107734680176,758.0843977280019
4680.0,6.901331424713135,1.7074873447418213,758.1979203920055
4681.0,55.22215270996094,6.303307056427002,758.3066465690063
4682.0,26.442066192626953,5.585094928741455,758.4289929539955
4683.0,36.39903259277344,5.566049575805664,758.5429183800006
4684.0,31.172657012939453,5.183088302612305,758.6547851299983
4685.0,9.892245292663574,2.8694534301757812,758.7654134180048
4686.0,42.73020935058594,6.249853610992432,758.8814422040014
4687.0,33.482765197753906,5.6861572265625,759.004662530002
4688.0,32.06596755981445,5.141295909881592,759.1205170260073
4689.0,20.28705596923828,3.8417654037475586,759.2615828319977
4690.0,12.206789016723633,3.173647403717041,759.4179386790056
4691.0,34.18211364746094,5.589694023132324,759.5710124680045
4692.0,37.988895416259766,5.587363243103027,759.7025173650036
4693.0,39.83067321777344,5.004053115844727,759.822299306994
4694.0,48.6312141418457,6.378971099853516,759.9423211179965
4695.0,62.8894157409668,11.836459159851074,760.0474299449997
4696.0,33.61473846435547,5.608303546905518,760.1547755259962
4697.0,46.34649658203125,7.196251392364502,760.2652986769972
4698.0,8.789148330688477,2.4659175872802734,760.3808230559953
4699.0,56.218833923339844,10.00390911102295,760.5173404950037
4700.0,18.292179107666016,4.271197319030762,760.630694513995
4701.0,23.914274215698242,4.6930460929870605,765.0317847499973
4702.0,27.91099739074707,4.765111446380615,765.1436257750029
4703.0,13.783609390258789,2.923584461212158,765.2493683899957
4704.0,33.57398986816406,5.0184173583984375,765.3980941400077
4705.0,61.713829040527344,10.910276412963867,765.5321646630036
4706.0,8.857606887817383,2.252933979034424,765.6473874250078
4707.0,28.548805236816406,5.876644134521484,765.7682448209962
4708.0,47.61676025390625,8.682002067565918,765.8902966070018
4709.0,21.969070434570312,4.317907333374023,766.0005954590015
4710.0,47.72257995605469,4.634660243988037,766.1098036549956
4711.0,7.1245012283325195,2.031534194946289,766.2184168899985
4712.0,19.945859909057617,3.5850253105163574,766.3340951840073
4713.0,65.59921264648438,11.583470344543457,766.4578800070012
4714.0,38.82931900024414,6.000283241271973,766.5735888049967
4715.0,21.09752655029297,4.306530475616455,766.6988636650058
4716.0,54.83235168457031,8.206547737121582,766.8103681789944
4717.0,12.528820037841797,2.994364023208618,766.9304086070042
4718.0,13.900836944580078,2.8476431369781494,767.0631218780036
4719.0,4.5433030128479,1.3379096984863281,767.1878253850009
4720.0,9.164999961853027,2.248491048812866,767.3052056849992
4721.0,20.825511932373047,3.92391300201416,767.4187235309946
4722.0,7.259181499481201,1.6283328533172607,767.5292877180036
4723.0,11.754508018493652,2.6134724617004395,767.639363691007
4724.0,34.658111572265625,5.807903289794922,767.7566699680028
4725.0,13.391855239868164,2.636551856994629,767.8715631380037
4726.0,18.013065338134766,3.2010321617126465,767.9868133950076
4727.0,38.3712272644043,5.5777692794799805,768.1025091740012
4728.0,21.787513732910156,5.01404333114624,768.2156938550033
4729.0,19.241802215576172,4.025305271148682,768.332412386997
4730.0,12.335920333862305,2.723940372467041,768.4506218809984
4731.0,11.744856834411621,2.626455307006836,768.5584769060079
4732.0,25.276880264282227,5.335501670837402,768.6698546770058
4733.0,13.22372055053711,2.7209932804107666,768.7798764820036
4734.0,14.880788803100586,2.625181198120117,768.8903928060026
4735.0,5.634045124053955,1.5114306211471558,769.0013852470001
4736.0,15.520044326782227,3.4507341384887695,769.1117923080019
4737.0,15.383909225463867,4.023609161376953,769.2095589050004
4738.0,6.996633529663086,1.9112132787704468,769.3150188889995
4739.0,22.00350570678711,3.914031744003296,769.4260656120023
4740.0,5.450606346130371,1.396431803703308,769.5365962659998
4741.0,6.578134536743164,1.761046051979065,769.6475523130066
4742.0,24.809749603271484,4.393258094787598,769.7605287960032
4743.0,137.2471160888672,14.442008018493652,769.8864691199997
4744.0,7.126962661743164,1.6885358095169067,769.9935644929938
4745.0,22.838809967041016,4.164833068847656,770.1079049539985
4746.0,10.025794982910156,2.851445198059082,770.2253058060014
4747.0,21.572956085205078,4.230375289916992,770.3428846120078
4748.0,14.987579345703125,3.6566479206085205,770.459664398004
4749.0,11.915550231933594,2.9622771739959717,770.5778139879985
4750.0,31.93807601928711,5.358609676361084,770.6988426629978
4751.0,6.943849086761475,1.756598949432373,770.8140911350056
4752.0,29.49350357055664,6.000767230987549,770.9278469650017
4753.0,11.928449630737305,2.9331271648406982,771.0402412389958
4754.0,10.632219314575195,1.8084447383880615,771.1550535319984
4755.0,59.76372528076172,7.575921535491943,771.2663323949964
4756.0,9.350112915039062,2.270054340362549,771.3919598140055
4757.0,7.2946882247924805,2.0024242401123047,771.5099213630019
4758.0,145.08245849609375,15.319863319396973,771.6493244279991
4759.0,9.034929275512695,2.0553016662597656,771.7826784810022
4760.0,68.12104797363281,8.281585693359375,771.8983573419973
4761.0,16.773117065429688,3.4439353942871094,772.0346640740026
4762.0,12.638883590698242,2.8077919483184814,772.1606020250038
4763.0,16.964988708496094,3.6643145084381104,772.2928579290019
4764.0,26.709575653076172,4.203019618988037,772.4235627159942
4765.0,14.33592700958252,2.988210439682007,772.5404872500076
4766.0,37.496864318847656,4.565511226654053,772.6850957429997
4767.0,8.170746803283691,2.1566920280456543,772.7983542239963
4768.0,9.532145500183105,2.621701240539551,772.9339602270047
4769.0,22.548503875732422,4.450432777404785,773.0620476470067
4770.0,40.14519500732422,7.297529220581055,773.2332124980021
4771.0,18.362205505371094,4.084813117980957,773.3597158049961
4772.0,20.093849182128906,4.457679271697998,773.4693154989945
4773.0,76.40689849853516,8.193277359008789,773.5735786040023
4774.0,14.698440551757812,3.8512163162231445,773.6799156750058
4775.0,11.269743919372559,2.8481597900390625,773.821382330003
4776.0,9.065252304077148,2.3451919555664062,774.0189041289996
4777.0,25.149232864379883,4.107690811157227,774.2650695129996
4778.0,7.017568588256836,2.0705442428588867,774.3863017399999
4779.0,132.79969787597656,14.54869270324707,774.5126932410058
4780.0,17.640539169311523,3.9754955768585205,774.623001066997
4781.0,32.57054901123047,5.3368730545043945,774.7736620789947
4782.0,8.359946250915527,2.101728916168213,774.8914662919997
4783.0,26.01128578186035,5.553609371185303,775.0012904830073
4784.0,15.210702896118164,2.796626091003418,775.1017277789942
4785.0,11.279266357421875,2.2861876487731934,775.2442504200008
4786.0,7.115540504455566,1.7449686527252197,775.3706937469979
4787.0,47.76692199707031,7.151336193084717,775.4937878960045
4788.0,9.850568771362305,2.2993078231811523,775.6113178749947
4789.0,9.146865844726562,2.489453077316284,775.7350851369993
4790.0,15.180519104003906,3.0631234645843506,775.8528845450055
4791.0,29.26938247680664,4.966996669769287,775.9940535290079
4792.0,7.127288341522217,1.756684422492981,776.1457433659962
4793.0,8.328458786010742,2.1183412075042725,776.2736051450047
4794.0,29.68853759765625,3.476374626159668,776.4053081339953
4795.0,6.2537336349487305,1.628527283668518,776.5222624989983
4796.0,22.744380950927734,4.68774938583374,776.6355290539941
4797.0,7.956244468688965,2.1262807846069336,776.7825618500065
4798.0,76.65274047851562,9.831107139587402,776.9089854820049
4799.0,22.047286987304688,3.9921936988830566,777.0313727110042
4800.0,18.252010345458984,3.0192136764526367,777.1401647510065
4801.0,19.32626724243164,3.5696511268615723,781.6426548519958
4802.0,52.36022186279297,5.222015380859375,781.7507821129984
4803.0,22.63003158569336,3.9228174686431885,781.8544797390059
4804.0,7.4828200340271,1.9448316097259521,781.9582777100004
4805.0,14.937456130981445,3.446444272994995,782.0624261939956
4806.0,22.794017791748047,4.181143283843994,782.1715954670071
4807.0,6.812562942504883,1.6907877922058105,782.2785622890078
4808.0,8.990217208862305,2.215766429901123,782.3816960190015
4809.0,34.32188415527344,5.45039701461792,782.5178403479949
4810.0,12.687835693359375,3.1082088947296143,782.6258155929972
4811.0,29.77564239501953,5.008264064788818,782.7443047760025
4812.0,90.94784545898438,10.748849868774414,782.8635454960022
4813.0,36.98906707763672,6.2864251136779785,782.9742238659965
4814.0,6.078505039215088,1.7412669658660889,783.1022157660045
4815.0,101.02195739746094,9.778393745422363,783.2063572589977
4816.0,11.45189380645752,2.583225727081299,783.3174536760052
4817.0,38.61396789550781,6.3597540855407715,783.4290947830013
4818.0,13.543188095092773,2.91011905670166,783.538399786994
4819.0,16.868494033813477,3.7450461387634277,783.6429401469941
4820.0,26.351200103759766,4.5410051345825195,783.755765858994
4821.0,13.634868621826172,2.858163833618164,783.8754304010072
4822.0,17.267684936523438,3.7212321758270264,783.988830753995
4823.0,18.671279907226562,3.8654870986938477,784.1137653829937
4824.0,12.176472663879395,2.774888277053833,784.2332690740004
4825.0,33.79970932006836,5.376453876495361,784.3412463709974
4826.0,8.234593391418457,2.229675531387329,784.4438072379999
4827.0,14.30418586730957,2.839561700820923,784.5494340040023
4828.0,23.947717666625977,4.347387790679932,784.6589776839974
4829.0,15.577966690063477,3.4996695518493652,784.783920449001
4830.0,45.845558166503906,6.447812080383301,784.8957189859939
4831.0,14.788434982299805,3.1796674728393555,785.0114988599962
4832.0,13.659690856933594,3.5221245288848877,785.1364715569944
4833.0,22.895048141479492,4.497104167938232,785.2547616359952
4834.0,19.540287017822266,3.6958377361297607,785.361284863
4835.0,7.4757513999938965,1.7522212266921997,785.4630091319996
4836.0,6.024389266967773,1.6477742195129395,785.5688139359991
4837.0,9.078394889831543,2.442751169204712,785.6807720729994
4838.0,60.769508361816406,8.03892707824707,785.7962300899962
4839.0,18.763797760009766,3.4424691200256348,785.9314851289964
4840.0,32.47649002075195,5.691726207733154,786.0311235789995
4841.0,21.366226196289062,3.8691697120666504,786.1444955320039
4842.0,10.298423767089844,2.6188507080078125,786.2579338490032
4843.0,26.04684829711914,5.6924614906311035,786.3674889719987
4844.0,10.742685317993164,2.408871650695801,786.4730192669958
4845.0,67.09148406982422,6.754791259765625,786.579697758003
4846.0,44.979331970214844,5.566041469573975,786.6860754759982
4847.0,45.21311950683594,6.279628276824951,786.792816939007
4848.0,15.67906379699707,3.8581717014312744,786.898123728999
4849.0,24.68923568725586,6.093472480773926,786.9965213779942
4850.0,46.35298538208008,5.698758125305176,787.0991564730066
4851.0,12.173012733459473,2.6786537170410156,787.2141024529992
4852.0,35.068721771240234,5.170018672943115,787.3225728230027
4853.0,25.9218692779541,4.617027759552002,787.4303379439953
4854.0,25.422992706298828,4.241415500640869,787.5481635110045
4855.0,5.9772162437438965,1.7120171785354614,787.6568334829935
4856.0,37.756622314453125,5.265683174133301,787.7607948160003
4857.0,28.945335388183594,4.523279666900635,787.867584438005
4858.0,14.392780303955078,3.101449489593506,787.9726258360024
4859.0,25.797359466552734,4.162571430206299,788.0843366570043
4860.0,12.493412017822266,3.1486480236053467,788.203863554998
4861.0,11.93397331237793,2.8126044273376465,788.3379648919945
4862.0,20.665374755859375,4.158008575439453,788.4474921479996
4863.0,8.805671691894531,1.9860012531280518,788.5620522289973
4864.0,37.38935852050781,5.565861225128174,788.6878768299939
4865.0,62.971107482910156,7.772388458251953,788.8010806420061
4866.0,26.00713348388672,4.532414436340332,788.920424943004
4867.0,17.315149307250977,3.3702738285064697,789.0460683599958
4868.0,9.466392517089844,2.474825382232666,789.1722307510063
4869.0,13.967942237854004,3.15458345413208,789.2965674110019
4870.0,7.266663551330566,1.8364688158035278,789.439912863003
4871.0,38.124820709228516,5.530701160430908,789.560700631002
4872.0,11.25400161743164,2.4855825901031494,789.6932193219982
4873.0,10.210613250732422,2.7462618350982666,789.8028816570004
4874.0,9.697772979736328,2.466928243637085,789.9240042739984
4875.0,52.52334213256836,6.210513114929199,790.0385742789949
4876.0,26.638484954833984,5.1392292976379395,790.1599345940049
4877.0,24.998661041259766,4.500957489013672,790.2750401140074
4878.0,16.659290313720703,3.490161895751953,790.408780127007
4879.0,18.334091186523438,3.617359161376953,790.5296222720062
4880.0,34.361175537109375,6.597774028778076,790.6512590210041
4881.0,97.16830444335938,15.838062286376953,790.7895745910064
4882.0,18.513416290283203,3.7648274898529053,790.9048844390054
4883.0,10.357215881347656,2.822268486022949,791.0172266790032
4884.0,4.780046463012695,1.32376229763031,791.1465804150066
4885.0,102.07088470458984,12.22979736328125,791.2981458279974
4886.0,10.683276176452637,2.5955417156219482,791.4424550249969
4887.0,42.84077453613281,9.19541072845459,791.5484066899953
4888.0,11.620599746704102,3.238048553466797,791.6554930150014
4889.0,25.801605224609375,3.9510340690612793,791.7600120239949
4890.0,9.669830322265625,2.313417673110962,791.8673358179949
4891.0,18.271272659301758,3.320566415786743,791.9778251520038
4892.0,10.853704452514648,2.6763811111450195,792.0853282110038
4893.0,10.835274696350098,3.042119264602661,792.2190033999941
4894.0,22.893634796142578,4.185750961303711,792.353091469995
4895.0,21.392513275146484,4.553562641143799,792.4593128809938
4896.0,110.85404968261719,10.752267837524414,792.5676281240012
4897.0,6.506616592407227,1.6661134958267212,792.7061273739964
4898.0,10.87559700012207,2.8048174381256104,792.8653127639991
4899.0,16.397815704345703,3.5875000953674316,792.9880713739985
4900.0,19.07565689086914,4.428178310394287,793.120341892005
4901.0,35.022640228271484,5.874938011169434,797.2569760100014
4902.0,13.172513961791992,3.1978416442871094,797.3572752860055
4903.0,21.780784606933594,4.111605644226074,797.4667511919979
4904.0,8.257018089294434,2.5381946563720703,797.574678681005
4905.0,38.885292053222656,6.340514659881592,797.683198202998
4906.0,35.55828857421875,5.927401065826416,797.7900025239942
4907.0,21.518709182739258,3.2729721069335938,797.8916505429952
4908.0,39.35093688964844,6.367637634277344,797.9985840959998
4909.0,14.851551055908203,3.0472800731658936,798.1131253560015
4910.0,11.935457229614258,3.5600218772888184,798.2157933160051
4911.0,12.546749114990234,3.3937742710113525,798.3197218029964
4912.0,10.124959945678711,2.251520872116089,798.4284108449938
4913.0,12.867877960205078,2.618762731552124,798.5376601089956
4914.0,6.206210613250732,1.5579025745391846,798.6548109599971
4915.0,11.98668098449707,2.7772722244262695,798.7732900630072
4916.0,6.786770820617676,1.6204900741577148,798.8854990219988
4917.0,13.116978645324707,2.775364875793457,799.0009079629963
4918.0,5.915329933166504,1.5804232358932495,799.1172357629985
4919.0,34.379425048828125,6.383240699768066,799.2329229949974
4920.0,21.724254608154297,4.266999244689941,799.353549751002
4921.0,14.678427696228027,3.0009756088256836,799.4636444719945
4922.0,7.038015365600586,1.8426560163497925,799.593479727002
4923.0,17.761249542236328,3.5540974140167236,799.7314124440018
4924.0,36.326107025146484,5.518780708312988,799.8580535999936
4925.0,7.785333633422852,1.9610655307769775,799.972301094007
4926.0,7.360429763793945,2.149367570877075,800.0709249369975
4927.0,7.343387603759766,1.7720805406570435,800.1793665150035
4928.0,18.027280807495117,4.03211784362793,800.2919931740034
4929.0,42.03203582763672,6.52500581741333,800.4058702740003
4930.0,8.549884796142578,1.9910941123962402,800.5636340640049
4931.0,9.67922306060791,2.2501871585845947,800.6835570520052
4932.0,6.611226558685303,1.6371471881866455,800.7996493969986
4933.0,12.945711135864258,3.0975570678710938,800.9388102840021
4934.0,124.88749694824219,13.579020500183105,801.0533805190062
4935.0,9.978727340698242,2.208141803741455,801.175436548001
4936.0,36.00544357299805,6.235390663146973,801.2943642570026
4937.0,11.625856399536133,2.6135263442993164,801.4097089940042
4938.0,12.563499450683594,3.34304141998291,801.5245778200042
4939.0,15.168489456176758,3.8593082427978516,801.6347689039976
4940.0,14.409673690795898,2.8482391834259033,801.7369599679951
4941.0,7.796505451202393,1.988613247871399,801.8373233269958
4942.0,69.97911071777344,7.962282180786133,801.941079384007
4943.0,23.136898040771484,3.9841606616973877,802.0590454579942
4944.0,9.942880630493164,2.4290671348571777,802.1893453390076
4945.0,37.0411262512207,5.48780632019043,802.3202238999947
4946.0,15.298910140991211,3.684178352355957,802.4300726189977
4947.0,15.124659538269043,2.9325764179229736,802.5352771409962
4948.0,6.547858238220215,1.6339937448501587,802.6559267349949
4949.0,30.37564468383789,4.719760417938232,802.7642660130077
4950.0,26.535785675048828,4.528253555297852,802.8720749979984
4951.0,5.35026741027832,1.3981095552444458,802.9877346840076
4952.0,26.409879684448242,4.559403896331787,803.1039759499981
4953.0,23.335548400878906,4.107911586761475,803.2206959030009
4954.0,31.62360954284668,5.335350036621094,803.3238267929992
4955.0,13.83375072479248,3.372969627380371,803.4373966959974
4956.0,166.73265075683594,23.341217041015625,803.5550361219939
4957.0,8.510719299316406,2.0250065326690674,803.6941187799966
4958.0,24.319137573242188,3.6232645511627197,803.8383499129995
4959.0,83.790771484375,9.683067321777344,803.9564328929991
4960.0,8.746577262878418,2.165510416030884,804.0839575510036
4961.0,9.14493465423584,2.2041969299316406,804.1926951860078
4962.0,22.634342193603516,4.198402404785156,804.3170115959947
4963.0,7.356170177459717,1.8574599027633667,804.4358500870003
4964.0,32.721771240234375,5.9214348793029785,804.5683155709994
4965.0,48.50045394897461,5.98528528213501,804.6959873260057
4966.0,10.940540313720703,2.8076581954956055,804.8544815890054
4967.0,6.989971160888672,1.875783085823059,804.9705278080073
4968.0,32.861820220947266,4.880374431610107,805.1163327630056
4969.0,26.81295394897461,4.413219451904297,805.243347761003
4970.0,19.386001586914062,3.9682435989379883,805.364906488001
4971.0,41.16633224487305,6.254173755645752,805.4769984930026
4972.0,37.48969268798828,6.056262016296387,805.5835396820039
4973.0,10.646256446838379,2.716671943664551,805.6929511540075
4974.0,24.221630096435547,4.19289493560791,805.8057586399955
4975.0,43.517616271972656,5.782025337219238,805.9155491359998
4976.0,89.35508728027344,10.92422103881836,806.052229021996
4977.0,102.44607543945312,11.405976295471191,806.1695708920015
4978.0,6.3045549392700195,1.593804121017456,806.2854509390017
4979.0,17.238113403320312,3.7033565044403076,806.4041330400069
4980.0,77.92501831054688,9.331448554992676,806.5162638409965
4981.0,34.19691848754883,4.964531898498535,806.6623494819942
4982.0,22.425125122070312,3.9229047298431396,806.824450043001
4983.0,13.312835693359375,2.8666911125183105,806.9461890389939
4984.0,30.63263702392578,5.113059043884277,807.0654739220045
4985.0,21.72163963317871,4.191440105438232,807.2186175530078
4986.0,24.768301010131836,3.956951141357422,807.3303284800058
4987.0,41.713401794433594,6.096445083618164,807.4455791009968
4988.0,9.411251068115234,2.4477834701538086,807.5696478680038
4989.0,19.441761016845703,4.563082218170166,807.699880515007
4990.0,7.271549224853516,1.6758465766906738,807.8198846400046
4991.0,9.521533966064453,2.92923641204834,807.9354038919992
4992.0,25.7823486328125,4.964724063873291,808.0609971810045
4993.0,58.88301467895508,5.426330089569092,808.1798100839951
4994.0,26.343700408935547,4.501698017120361,808.3081415180059
4995.0,19.089468002319336,4.215804100036621,808.4209800490062
4996.0,42.798622131347656,5.274021625518799,808.5328101199993
4997.0,18.741111755371094,3.395374298095703,808.6544642969966
4998.0,11.787035942077637,2.5846006870269775,808.7840576510062
4999.0,7.7606000900268555,1.7943861484527588,808.9116829279956
5000.0,6.930158615112305,2.084928274154663,809.0481795259984
5001.0,14.566930770874023,3.5065784454345703,813.2410858980002
5002.0,10.842363357543945,3.004258155822754,813.3463922670053
5003.0,8.412453651428223,2.2575666904449463,813.4496634740062
5004.0,60.40756607055664,7.146311283111572,813.5576993319992
5005.0,9.490423202514648,2.1621456146240234,813.6690127790062
5006.0,7.739748954772949,2.0827646255493164,813.7815178580058
5007.0,11.478501319885254,2.478325128555298,813.8891569840052
5008.0,24.29375457763672,4.887091159820557,813.9932699269993
5009.0,30.00588035583496,4.447661399841309,814.1031320580078
5010.0,21.743032455444336,4.3522820472717285,814.2176692070061
5011.0,12.030985832214355,2.5948147773742676,814.3290160720062
5012.0,5.807068347930908,1.3748475313186646,814.4435965169978
5013.0,8.802983283996582,2.201714277267456,814.5582009570062
5014.0,6.984714508056641,1.8146551847457886,814.6749209099944
5015.0,9.669909477233887,2.0875861644744873,814.7872553439956
5016.0,14.933019638061523,3.1249899864196777,814.9032839720021
5017.0,9.227375030517578,2.3720924854278564,815.0175702440029
5018.0,19.141155242919922,3.448441982269287,815.1348722179973
5019.0,23.077228546142578,4.743394374847412,815.2395942970034
5020.0,5.7056779861450195,1.3309799432754517,815.3471992419945
5021.0,46.458168029785156,8.732169151306152,815.4463428870076
5022.0,43.7783317565918,5.838006496429443,815.5479209670011
5023.0,4.219874382019043,1.1459734439849854,815.6793664249999
5024.0,22.353389739990234,3.961520195007324,815.7924831300043
5025.0,29.85309600830078,5.2585768699646,815.9079025380051
5026.0,31.816497802734375,4.509694576263428,816.0223542500025
5027.0,8.574787139892578,1.9011307954788208,816.1413678889949
5028.0,8.105648040771484,2.316866874694824,816.251391925005
5029.0,30.82426643371582,4.9284348487854,816.3661407220061
5030.0,139.5736541748047,13.975390434265137,816.4796038810018
5031.0,67.38300323486328,10.76482105255127,816.5933401509974
5032.0,70.12174987792969,10.533535957336426,816.7131881109963
5033.0,7.088500022888184,1.7281773090362549,816.8281251230073
5034.0,11.52910041809082,2.980104684829712,816.932140400997
5035.0,11.159430503845215,3.078047752380371,817.0403095630027
5036.0,26.694141387939453,4.7874579429626465,817.1617156749999
5037.0,29.454504013061523,5.0398454666137695,817.2830307599943
5038.0,57.12272262573242,7.843348503112793,817.3882834079996
5039.0,17.771697998046875,3.831627130508423,817.4924384280021
5040.0,9.4532470703125,2.984238862991333,817.5986528439971
5041.0,26.961021423339844,5.818718433380127,817.7040814570064
5042.0,10.928060531616211,2.856689453125,817.8139177060075
5043.0,24.40936279296875,4.1455841064453125,817.9243986579968
5044.0,8.819355010986328,2.263507127761841,818.0341417029995
5045.0,20.112415313720703,3.71740460395813,818.1406787680025
5046.0,22.232511520385742,3.800856828689575,818.2426550840028
5047.0,11.269643783569336,3.0409648418426514,818.3427258260053
5048.0,28.632183074951172,4.66057825088501,818.4585337739991
5049.0,13.375992774963379,2.954000949859619,818.5788433200069
5050.0,19.16726303100586,3.773729085922241,818.691376635994
5051.0,8.801950454711914,1.7558284997940063,818.7873029869952
5052.0,11.585868835449219,2.4053893089294434,818.8933913780056
5053.0,32.403255462646484,6.156419277191162,818.9973607360007
5054.0,8.856998443603516,2.3737027645111084,819.1037458789942
5055.0,107.31761169433594,11.620437622070312,819.2155648110056
5056.0,22.681076049804688,5.391836643218994,819.3233705849998
5057.0,11.392176628112793,2.671086311340332,819.4287893129949
5058.0,11.57872486114502,2.5150318145751953,819.5411690680048
5059.0,29.47603988647461,4.6919169425964355,819.661616301004
5060.0,20.911888122558594,4.877293109893799,819.7882949750056
5061.0,46.39243698120117,7.591214179992676,819.9262926800002
5062.0,51.57025909423828,6.884488582611084,820.044570373997
5063.0,9.256124496459961,1.9531993865966797,820.1562596069998
5064.0,23.46518325805664,4.258991718292236,820.2723778679938
5065.0,22.68923568725586,3.9326517581939697,820.4173890170059
5066.0,33.82914733886719,6.073359966278076,820.5332978060032
5067.0,25.82386016845703,4.143951416015625,820.661274765007
5068.0,9.769815444946289,2.5511765480041504,820.7739953230048
5069.0,7.032286643981934,1.5524401664733887,820.9021277540014
5070.0,9.45085334777832,2.495382785797119,821.0132333520014
5071.0,19.03145980834961,3.1348416805267334,821.119599676007
5072.0,11.931461334228516,2.4525463581085205,821.2583549190022
5073.0,7.917200088500977,1.9062775373458862,821.3610709219938
5074.0,24.561656951904297,5.046908855438232,821.4911522150069
5075.0,21.962657928466797,4.657827377319336,821.6186496760056
5076.0,46.94579315185547,9.77765941619873,821.734356934001
5077.0,23.970752716064453,5.288791179656982,821.8614921700064
5078.0,16.10508155822754,3.6239473819732666,821.9747417990002
5079.0,11.038490295410156,3.281336784362793,822.0938584310061
5080.0,51.95112228393555,5.532413005828857,822.2321299350006
5081.0,10.085776329040527,2.4050655364990234,822.3393667189957
5082.0,4.982623100280762,1.2789851427078247,822.4579279019963
5083.0,13.342281341552734,3.0346968173980713,822.5675778699951
5084.0,50.080421447753906,9.969683647155762,822.6902949740033
5085.0,81.75006103515625,8.172426223754883,822.8125983509963
5086.0,18.909847259521484,3.8816721439361572,822.9327540960076
5087.0,42.64691162109375,7.020646095275879,823.0427804960054
5088.0,63.49737548828125,8.297221183776855,823.1509198639978
5089.0,31.494632720947266,5.323083877563477,823.2779065880022
5090.0,22.368743896484375,4.0646071434021,823.374314613
5091.0,64.74183654785156,8.050957679748535,823.4613833280018
5092.0,13.548388481140137,2.7667911052703857,823.5749095640058
5093.0,7.9487409591674805,1.8817757368087769,823.6849598440022
5094.0,26.380809783935547,4.524871826171875,823.7969370899955
5095.0,6.7250847816467285,1.7760109901428223,823.9211662909947
5096.0,28.279457092285156,4.686422824859619,824.0307531480066
5097.0,52.7413330078125,6.389593124389648,824.1508611890022
5098.0,6.39991569519043,1.8493162393569946,824.2686057350074
5099.0,11.017204284667969,2.9013001918792725,824.3924238269974
5100.0,51.26640319824219,10.60049057006836,824.4987351470045
5101.0,32.17079162597656,4.594101428985596,828.4265893510019
5102.0,22.37997817993164,3.8878543376922607,828.5433882259968
5103.0,23.318004608154297,3.869124174118042,828.6653000270016
5104.0,19.718534469604492,3.6585187911987305,828.7940524839942
5105.0,10.266142845153809,2.713062286376953,828.9133345390001
5106.0,18.789241790771484,3.6677043437957764,829.0011192389939
5107.0,11.54340934753418,3.44470477104187,829.1022590390057
5108.0,31.523601531982422,5.300619125366211,829.2107930280035
5109.0,21.590700149536133,4.7702813148498535,829.3163518579968
5110.0,7.2988362312316895,2.1133203506469727,829.4389673130063
5111.0,19.595975875854492,3.5708601474761963,829.5587974740047
5112.0,6.270615577697754,1.396974802017212,829.6663207569945
5113.0,10.113818168640137,2.4397127628326416,829.785275770002
5114.0,10.228342056274414,2.3045995235443115,829.8847316920001
5115.0,9.106978416442871,2.2305707931518555,829.9916190179938
5116.0,11.805564880371094,2.9010443687438965,830.102194127001
5117.0,24.724925994873047,4.821069240570068,830.2473433289997
5118.0,9.337535858154297,2.366604804992676,830.3561015720043
5119.0,12.824603080749512,3.045283317565918,830.4700484920031
5120.0,11.67285442352295,2.7515969276428223,830.5859610210027
5121.0,23.10962677001953,4.077005386352539,830.6991712360032
5122.0,19.42479705810547,3.7027366161346436,830.8060105939949
5123.0,46.66703414916992,6.837389945983887,830.9213560729986
5124.0,6.0171332359313965,1.7146553993225098,831.0349785449944
5125.0,5.957197189331055,1.5789921283721924,831.1518844509992
5126.0,6.519379615783691,1.9108332395553589,831.2657166239951
5127.0,23.401870727539062,4.158753395080566,831.3828416220058
5128.0,10.556783676147461,2.0690815448760986,831.503237293
5129.0,17.28590965270996,3.356290578842163,831.6044407559966
5130.0,8.380507469177246,1.9982439279556274,831.7100947410072
5131.0,9.456988334655762,1.9077869653701782,831.8319274459936
5132.0,13.662930488586426,2.8894662857055664,831.9414525519969
5133.0,36.82617950439453,5.020694255828857,832.0542543140036
5134.0,26.103267669677734,4.211752414703369,832.2015719909978
5135.0,128.80715942382812,19.30144500732422,832.3476873460022
5136.0,9.818477630615234,2.277972936630249,832.5156988460076
5137.0,41.35205841064453,5.220011234283447,832.6333972249995
5138.0,14.533977508544922,3.073320150375366,832.7464868499956
5139.0,10.108797073364258,2.300276517868042,832.8534411180008
5140.0,14.807099342346191,3.677253007888794,832.967903865996
5141.0,9.478014945983887,1.9755117893218994,833.0816141310061
5142.0,24.432432174682617,4.267474174499512,833.1990121669951
5143.0,10.24701976776123,1.8147257566452026,833.3428692769958
5144.0,24.03521728515625,4.500860691070557,833.449029904994
5145.0,27.17856216430664,4.404944896697998,833.5619459589943
5146.0,9.98558235168457,2.5571744441986084,833.6766100940004
5147.0,6.4587249755859375,1.91756272315979,833.7975262060063
5148.0,17.523487091064453,3.3295743465423584,833.8984673310042
5149.0,7.037262916564941,1.8582841157913208,834.0109595649992
5150.0,112.71446990966797,12.378477096557617,834.1215731130069
5151.0,20.673419952392578,3.5423758029937744,834.2292558939953
5152.0,15.528718948364258,3.656540870666504,834.3483386500011
5153.0,17.293703079223633,3.598799228668213,834.4580928850046
5154.0,43.30137634277344,6.207401752471924,834.5641115030012
5155.0,9.403356552124023,2.3671958446502686,834.6743600710033
5156.0,62.795536041259766,8.907719612121582,834.7857550850022
5157.0,20.76688003540039,3.8635573387145996,834.902566025994
5158.0,41.35786437988281,6.068302631378174,835.0132297569944
5159.0,74.27425384521484,9.09821605682373,835.1332011640043
5160.0,19.20736312866211,4.366631031036377,835.2404436759971
5161.0,25.53826141357422,6.193580150604248,835.3479203860043
5162.0,22.694637298583984,4.175070762634277,835.4911213209998
5163.0,15.97557544708252,3.829451322555542,835.5978240830009
5164.0,6.323973178863525,1.7287867069244385,835.7255676689965
5165.0,18.656484603881836,4.154769420623779,835.8720406890061
5166.0,8.512428283691406,2.3112330436706543,836.0239850820071
5167.0,8.7301664352417,2.4522249698638916,836.1963770099974
5168.0,17.462642669677734,3.3435611724853516,836.3166728890064
5169.0,25.820571899414062,4.486372947692871,836.4581265260058
5170.0,27.530460357666016,4.633618354797363,836.6122339120047
5171.0,9.079732894897461,2.0402016639709473,836.739018252003
5172.0,22.60588836669922,4.619544982910156,836.9003922130069
5173.0,13.434793472290039,2.7164573669433594,837.0219802180072
5174.0,14.658363342285156,2.6136560440063477,837.1584949170065
5175.0,42.143863677978516,4.5653862953186035,837.2770066179946
5176.0,79.66462707519531,8.397555351257324,837.3842219109938
5177.0,5.421158790588379,1.564687967300415,837.5076005680021
5178.0,8.063335418701172,2.012920379638672,837.6138472360035
5179.0,21.337812423706055,4.213467121124268,837.7519091779977
5180.0,9.382501602172852,2.605334520339966,837.8992991620034
5181.0,9.00195598602295,2.2780210971832275,838.0440043980052
5182.0,8.466403007507324,2.1485321521759033,838.1855551420012
5183.0,25.207345962524414,5.2971906661987305,838.3745835320005
5184.0,15.32090950012207,3.048032760620117,838.5100856270001
5185.0,20.016691207885742,3.6224794387817383,838.6219171279954
5186.0,7.134439468383789,1.6630254983901978,838.7670733060077
5187.0,17.348678588867188,3.8870277404785156,838.9216556159954
5188.0,12.827293395996094,2.6423118114471436,839.116722382998
5189.0,54.131080627441406,7.170076370239258,839.301158368995
5190.0,12.571632385253906,2.941310405731201,839.4399747590069
5191.0,10.219294548034668,2.530719757080078,839.5939667610073
5192.0,23.528724670410156,5.325859546661377,839.705417478006
5193.0,17.637950897216797,3.240755319595337,839.9243289570004
5194.0,23.307331085205078,4.518622875213623,840.0442081920046
5195.0,10.911202430725098,2.7382800579071045,840.1588176590012
5196.0,9.54052448272705,2.200662851333618,840.2948724680027
5197.0,10.755123138427734,2.5458054542541504,840.4107963940041
5198.0,21.310779571533203,4.182234287261963,840.550586176003
5199.0,40.08727264404297,5.5583086013793945,840.6925897680048
5200.0,17.223299026489258,3.3930583000183105,840.8459243389952
5201.0,16.468210220336914,2.8246684074401855,845.4867414960027
5202.0,36.14445114135742,4.978768348693848,845.5930210210063
5203.0,56.69301986694336,6.358334064483643,845.7251872619963
5204.0,9.625469207763672,2.5204336643218994,845.8614979870035
5205.0,5.668178558349609,1.4161322116851807,845.990338055999
5206.0,18.270078659057617,3.4268743991851807,846.0954143260024
5207.0,49.116065979003906,5.713649749755859,846.2287117300002
5208.0,24.36548614501953,4.191349029541016,846.3646589599957
5209.0,32.985694885253906,4.746953964233398,846.4655533769983
5210.0,74.06047821044922,7.99572229385376,846.5707401940017
5211.0,102.1830825805664,12.526346206665039,846.6697631040006
5212.0,10.54295825958252,2.5903656482696533,846.7892889320065
5213.0,29.020156860351562,6.017981052398682,846.9000718640018
5214.0,26.0817813873291,4.348143577575684,847.0064203990041
5215.0,14.101018905639648,2.8904848098754883,847.1207817359973
5216.0,114.14384460449219,17.752548217773438,847.2385599749978
5217.0,14.1802978515625,2.9342918395996094,847.345768803003
5218.0,9.609485626220703,2.481550455093384,847.5144458300056
5219.0,34.29512023925781,5.527196407318115,847.6367488920077
5220.0,8.624878883361816,2.0358335971832275,847.7443072339956
5221.0,27.158660888671875,5.014130115509033,847.8413185350073
5222.0,23.108318328857422,5.852705001831055,847.9310278850025
5223.0,15.953306198120117,3.460982322692871,848.0249810399982
5224.0,126.24996948242188,12.942538261413574,848.1392386450025
5225.0,14.438920974731445,3.1090755462646484,848.2674393540074
5226.0,7.348117351531982,1.8607057332992554,848.3783272169967
5227.0,3.7666678428649902,1.0585689544677734,848.4867327950051
5228.0,3.719858169555664,1.1234532594680786,848.5966471870051
5229.0,69.3551254272461,7.530624866485596,848.7091391430004
5230.0,21.725271224975586,3.0370900630950928,848.8224217120005
5231.0,14.22597885131836,3.733135938644409,848.930133678994
5232.0,12.229608535766602,2.8375935554504395,849.0398610099946
5233.0,33.83659362792969,4.517547130584717,849.1535729150055
5234.0,19.350505828857422,3.7995643615722656,849.2605731969961
5235.0,25.24479866027832,4.220803260803223,849.3706946940074
5236.0,33.05442810058594,5.503452301025391,849.4921954339952
5237.0,17.431175231933594,2.973785638809204,849.6059124000021
5238.0,14.357959747314453,3.736565351486206,849.7238338169991
5239.0,66.49666595458984,8.5492582321167,849.8389078250038
5240.0,7.351572513580322,2.143695592880249,849.9494854590012
5241.0,15.987372398376465,3.7930829524993896,850.0602854519966
5242.0,40.20018005371094,5.6606340408325195,850.1764340630034
5243.0,12.229652404785156,3.0475049018859863,850.3200003630045
5244.0,7.283899307250977,1.7597049474716187,850.4552165040077
5245.0,20.080965042114258,5.111936569213867,850.567831221997
5246.0,24.565147399902344,5.163610935211182,850.6743950840028
5247.0,41.465579986572266,6.696252822875977,850.8237993500079
5248.0,14.243186950683594,3.284245491027832,850.9606244549941
5249.0,32.69127655029297,5.909958362579346,851.0992578239966
5250.0,7.832776069641113,1.7755346298217773,851.2732344679971
5251.0,9.951640129089355,2.5863564014434814,851.3947831810074
5252.0,93.96722412109375,11.29349422454834,851.5219510549941
5253.0,29.301837921142578,4.796971797943115,851.6653338939941
5254.0,48.63188552856445,7.130090713500977,851.7801884460059
5255.0,19.451709747314453,3.6325314044952393,851.9011152839958
5256.0,29.25526237487793,5.338221549987793,852.0330484890001
5257.0,15.628316879272461,3.34277606010437,852.1480785780004
5258.0,35.36170196533203,6.037525177001953,852.2552449990035
5259.0,45.899818420410156,6.3780622482299805,852.3762866150064
5260.0,23.097179412841797,4.604986667633057,852.5082817039947
5261.0,8.859768867492676,2.43615984916687,852.6515109000029
5262.0,6.6508612632751465,1.7769708633422852,852.790571977006
5263.0,27.25425910949707,4.409632205963135,852.9301093340036
5264.0,43.06108856201172,6.7438554763793945,853.071403185997
5265.0,45.24698257446289,7.567605018615723,853.239785867001
5266.0,16.297985076904297,3.265944004058838,853.3732246319996
5267.0,22.028804779052734,4.738759994506836,853.5129861479945
5268.0,27.33621597290039,4.636441707611084,853.6452180229971
5269.0,23.033767700195312,4.261817455291748,853.7804046240053
5270.0,29.686553955078125,4.6190032958984375,853.8812968220009
5271.0,9.810065269470215,2.227839231491089,854.0012020870054
5272.0,22.661380767822266,4.6168622970581055,854.1583594569965
5273.0,21.12653923034668,4.266601085662842,854.2969615729962
5274.0,33.06985855102539,5.132505416870117,854.4217309590022
5275.0,31.589000701904297,5.625300407409668,854.5503625489946
5276.0,23.45538902282715,3.9436161518096924,854.6934143029939
5277.0,12.148255348205566,2.9806270599365234,854.8173343039962
5278.0,17.597450256347656,3.8689560890197754,854.930934649994
5279.0,34.28850555419922,5.818401336669922,855.0604399620061
5280.0,7.630543231964111,1.8339459896087646,855.2024704539945
5281.0,22.43275260925293,3.66464900970459,855.3422937790019
5282.0,10.735383987426758,2.294660806655884,855.4862243380048
5283.0,17.25465202331543,3.7401785850524902,855.6139761119994
5284.0,10.977815628051758,2.7513229846954346,855.7383989950031
5285.0,6.591644287109375,1.7305448055267334,855.8658283230034
5286.0,10.831357955932617,2.6687943935394287,855.9911320340034
5287.0,8.288317680358887,2.2468268871307373,856.1663806559955
5288.0,10.35732364654541,2.537341356277466,856.310631675995
5289.0,31.517894744873047,5.297307968139648,856.4262374840037
5290.0,9.20534896850586,2.4731271266937256,856.5577934400062
5291.0,12.04883861541748,2.991271495819092,856.6673768970068
5292.0,19.314701080322266,3.9658634662628174,856.7763504180039
5293.0,24.221763610839844,5.771299362182617,856.8801917189994
5294.0,19.241558074951172,3.4744229316711426,856.9861265500076
5295.0,24.2643985748291,3.6318652629852295,857.0921241000033
5296.0,6.790042877197266,1.5378741025924683,857.1953953579941
5297.0,24.621715545654297,5.029735088348389,857.2957593049941
5298.0,33.924278259277344,5.244275093078613,857.4235667460016
5299.0,10.13166332244873,2.8113608360290527,857.5347461780038
5300.0,5.926522731781006,1.5663422346115112,857.6422730509948
5301.0,34.48990249633789,5.8115010261535645,861.9941944339953
5302.0,14.32040786743164,3.116461753845215,862.1005612230074
5303.0,16.830684661865234,3.3472771644592285,862.214611051997
5304.0,35.83076858520508,6.446605205535889,862.3307575520012
5305.0,14.535048484802246,3.1394155025482178,862.4494539029984
5306.0,10.68513298034668,2.826749086380005,862.5599237809947
5307.0,76.44754791259766,10.058402061462402,862.6737034300022
5308.0,45.48286437988281,5.942261695861816,862.7817203769955
5309.0,26.674297332763672,4.005592346191406,862.8917752020061
5310.0,16.279855728149414,3.928807258605957,863.0045947869949
5311.0,23.862201690673828,4.727963447570801,863.1076389730006
5312.0,9.57434368133545,2.782885789871216,863.2155695730034
5313.0,41.921295166015625,5.872302532196045,863.3216747919942
5314.0,40.30097198486328,6.006970405578613,863.4327031569992
5315.0,64.848388671875,8.567845344543457,863.5404208120017
5316.0,5.89077091217041,1.6127829551696777,863.6520309589978
5317.0,10.344329833984375,2.377149820327759,863.7667888370052
5318.0,30.122295379638672,5.075965404510498,863.8761076399969
5319.0,7.504276275634766,1.7850542068481445,863.9844387070043
5320.0,6.659130573272705,1.606247067451477,864.0853810260014
5321.0,8.304023742675781,2.0739662647247314,864.1957030339981
5322.0,3.6896886825561523,1.0329618453979492,864.3020485989982
5323.0,8.682235717773438,2.1393256187438965,864.413263925002
5324.0,77.83119201660156,7.789663314819336,864.5259381119977
5325.0,31.96329689025879,5.2889580726623535,864.6568407890009
5326.0,15.544084548950195,3.3783347606658936,864.7664978810062
5327.0,30.992151260375977,5.116247653961182,864.8778379580035
5328.0,31.790517807006836,4.60624885559082,864.987261429007
5329.0,5.412448406219482,1.465562105178833,865.0952778030041
5330.0,8.587599754333496,2.059955596923828,865.2073888180021
5331.0,9.197343826293945,2.1580915451049805,865.3190573629981
5332.0,8.554773330688477,2.268075704574585,865.4547452709958
5333.0,24.979862213134766,4.243443489074707,865.5887799140037
5334.0,33.378082275390625,5.051441192626953,865.712935855001
5335.0,14.073551177978516,3.4982852935791016,865.8296520220028
5336.0,7.127346992492676,1.7026193141937256,865.9425491489965
5337.0,161.73818969726562,21.88954734802246,866.0943583470071
5338.0,69.11868286132812,8.194727897644043,866.2363877339958
5339.0,32.16569519042969,4.798803806304932,866.3737661299965
5340.0,19.057632446289062,3.2263944149017334,866.485057155005
5341.0,18.280174255371094,2.962644577026367,866.6093030509946
5342.0,8.701414108276367,2.446971893310547,866.7246524119982
5343.0,11.044853210449219,2.2653982639312744,866.8445066150016
5344.0,41.85179901123047,6.593048095703125,866.9499502310064
5345.0,4.85582160949707,1.2372541427612305,867.0642736570007
5346.0,11.728250503540039,2.513615608215332,867.1816683560028
5347.0,24.199010848999023,4.7162957191467285,867.2924311889947
5348.0,21.04677963256836,4.223570823669434,867.4004329580057
5349.0,29.177082061767578,4.6699113845825195,867.511074687005
5350.0,14.609722137451172,3.1163978576660156,867.650636735998
5351.0,38.953880310058594,6.593426704406738,867.7836264969956
5352.0,10.51002311706543,2.275871992111206,867.8844817360077
5353.0,19.37245750427246,3.607682228088379,867.9967707900068
5354.0,23.650455474853516,3.82187819480896,868.1187558079982
5355.0,10.041177749633789,2.490959405899048,868.2425795909949
5356.0,21.092140197753906,4.410799503326416,868.3768338759983
5357.0,26.11998748779297,4.520382881164551,868.5083264029963
5358.0,6.187340259552002,1.4951633214950562,868.6606412800029
5359.0,30.521465301513672,6.219404220581055,868.768778779995
5360.0,14.279325485229492,3.1959996223449707,868.8780208520038
5361.0,92.77571105957031,10.879823684692383,868.9965791680006
5362.0,7.168084144592285,1.7969411611557007,869.1165372069954
5363.0,37.08232879638672,6.325403690338135,869.2329985899996
5364.0,10.804523468017578,2.834486722946167,869.3421486519946
5365.0,12.138883590698242,2.7395832538604736,869.4615332999965
5366.0,23.544748306274414,4.0424604415893555,869.5969059490017
5367.0,20.946292877197266,4.402276039123535,869.7082673459954
5368.0,35.367122650146484,5.7917351722717285,869.8198374839994
5369.0,99.87091827392578,12.003929138183594,869.9370385170041
5370.0,49.23894119262695,7.200798988342285,870.0724096600024
5371.0,11.732297897338867,2.832982063293457,870.2028515809943
5372.0,14.077157020568848,3.0371294021606445,870.349312942999
5373.0,21.269718170166016,3.954995632171631,870.4804444570036
5374.0,7.99435567855835,1.9928442239761353,870.5935540219944
5375.0,48.222808837890625,5.500063419342041,870.7367883789993
5376.0,95.254150390625,11.368319511413574,870.8556068040052
5377.0,59.12907028198242,7.059233665466309,870.965632403997
5378.0,18.302284240722656,3.370206117630005,871.0761565870052
5379.0,21.253870010375977,4.726393699645996,871.2336280979944
5380.0,15.684727668762207,3.5566141605377197,871.3636672779976
5381.0,31.35504913330078,4.691065788269043,871.4884271220071
5382.0,6.305424690246582,1.7449871301651,871.6104405350052
5383.0,9.035882949829102,2.2542707920074463,871.7204003660008
5384.0,6.68153190612793,1.538461685180664,871.8655918250006
5385.0,33.18977737426758,4.989255905151367,871.9890670750028
5386.0,52.58638000488281,7.221958637237549,872.11831618
5387.0,10.191521644592285,2.161802291870117,872.2422967830062
5388.0,12.868938446044922,3.024813175201416,872.3655929530069
5389.0,36.01999282836914,5.046717643737793,872.4831358149968
5390.0,14.920310020446777,2.737579584121704,872.6409021430009
5391.0,12.379380226135254,2.872534990310669,872.7771872580051
5392.0,18.696571350097656,3.5251054763793945,872.8904062359943
5393.0,8.094095230102539,1.92180335521698,873.001144031994
5394.0,51.4616813659668,6.460553169250488,873.1349669040064
5395.0,12.989705085754395,3.204505681991577,873.2611711789941
5396.0,18.47383689880371,3.421912908554077,873.391947569995
5397.0,6.8672332763671875,1.9288090467453003,873.528428798003
5398.0,5.655721664428711,1.5812591314315796,873.6654425940069
5399.0,19.6691951751709,3.8409676551818848,873.7975478320004
5400.0,10.110562324523926,2.2970468997955322,873.9342637630034
5401.0,10.102729797363281,2.135362386703491,877.9838385049952
5402.0,15.389671325683594,3.5185413360595703,878.0922284770058
5403.0,21.604942321777344,3.735520839691162,878.2087350719958
5404.0,5.164307117462158,1.3782318830490112,878.3130511729978
5405.0,7.88481330871582,1.9287868738174438,878.4424142170028
5406.0,7.515082359313965,1.9291208982467651,878.569206731001
5407.0,8.045259475708008,2.100125789642334,878.6989036419982
5408.0,7.319248199462891,1.8697394132614136,878.8050637400011
5409.0,6.1084747314453125,1.5208592414855957,878.9102696939954
5410.0,7.376527786254883,1.8262099027633667,879.0182151360059
5411.0,7.327818870544434,1.6700615882873535,879.1216523320036
5412.0,5.218764305114746,1.321670651435852,879.228369591001
5413.0,8.66860294342041,2.082329273223877,879.3409300140047
5414.0,89.33737182617188,10.214142799377441,879.4460169420054
5415.0,27.41427993774414,4.35268497467041,879.5632144800038
5416.0,18.591915130615234,3.7767300605773926,879.6698345939949
5417.0,9.139108657836914,2.1783225536346436,879.784594761004
5418.0,45.24542236328125,5.642961025238037,879.8932241839939
5419.0,30.311655044555664,4.550331115722656,880.0062317429984
5420.0,18.758020401000977,3.6434128284454346,880.1237501230062
5421.0,19.60407257080078,3.6206328868865967,880.2544620749977
5422.0,48.11616516113281,5.4851837158203125,880.3580424389947
5423.0,50.35374450683594,10.441482543945312,880.4676459460024
5424.0,37.83607864379883,6.081538200378418,880.6061799430026
5425.0,49.78821563720703,7.052184104919434,880.7127959710051
5426.0,13.905180931091309,3.269113540649414,880.8256140909943
5427.0,17.483049392700195,3.5786187648773193,880.9414868820022
5428.0,31.0083065032959,5.511717796325684,881.0919856709952
5429.0,30.694931030273438,5.443811893463135,881.2029164980049
5430.0,7.280919551849365,2.04467511177063,881.3174843900051
5431.0,13.56122875213623,2.9524834156036377,881.4300192869996
5432.0,8.486913681030273,1.7963907718658447,881.5311038200016
5433.0,34.67045593261719,5.422176361083984,881.6371698870062
5434.0,9.273488998413086,2.3745298385620117,881.7431148210017
5435.0,119.96180725097656,11.71094036102295,881.8650473169982
5436.0,8.031994819641113,1.7450766563415527,882.036933026
5437.0,16.805091857910156,2.9869484901428223,882.1799921710044
5438.0,9.486370086669922,2.5840134620666504,882.3182957779936
5439.0,26.571182250976562,4.286954402923584,882.436130934002
5440.0,31.91360855102539,5.123867988586426,882.5319204490079
5441.0,15.957799911499023,3.1708695888519287,882.635223670004
5442.0,35.213356018066406,5.892630100250244,882.767786972996
5443.0,18.535804748535156,3.403825044631958,882.8754578630032
5444.0,34.638763427734375,4.853470325469971,882.9841683510022
5445.0,22.665691375732422,5.166548252105713,883.0967392250022
5446.0,54.959529876708984,7.129157066345215,883.2072680130077
5447.0,21.213376998901367,4.796847820281982,883.3286319600011
5448.0,11.784265518188477,2.753246545791626,883.4494797369989
5449.0,24.230987548828125,4.601832389831543,883.5868270409992
5450.0,15.177928924560547,2.637286901473999,883.7075432290003
5451.0,6.66317081451416,1.6859112977981567,883.8099530170002
5452.0,6.0414018630981445,1.5928411483764648,883.9076910790027
5453.0,22.737857818603516,4.07798957824707,884.0479803119961
5454.0,16.061351776123047,3.462322235107422,884.1874937499961
5455.0,14.89953899383545,2.87453293800354,884.3333063850005
5456.0,17.312164306640625,3.2843174934387207,884.4455696600053
5457.0,7.766368865966797,1.6858667135238647,884.5676448690065
5458.0,6.79816198348999,1.8398932218551636,884.7083028530033
5459.0,10.07235336303711,2.842017650604248,884.863044334008
5460.0,36.31468200683594,4.377964019775391,885.0259507309966
5461.0,6.764726638793945,1.7079955339431763,885.1815582130075
5462.0,33.84686279296875,6.513236999511719,885.3324391899951
5463.0,22.917617797851562,4.29058837890625,885.4953162940074
5464.0,8.245969772338867,2.073594093322754,885.6759460030007
5465.0,44.80946350097656,7.053488254547119,885.796734552001
5466.0,13.019842147827148,2.645275831222534,885.9302544609964
5467.0,19.42635726928711,3.723069906234741,886.0528190470068
5468.0,7.628504753112793,2.1034955978393555,886.1765474590065
5469.0,23.55118179321289,4.034972667694092,886.3130623269972
5470.0,21.838943481445312,4.831556797027588,886.4263020100043
5471.0,9.316226959228516,2.286853313446045,886.5506430100068
5472.0,27.677562713623047,4.558002948760986,886.6952763110021
5473.0,38.29695129394531,6.273691177368164,886.8322042130021
5474.0,16.64122200012207,3.3827061653137207,886.9457969740033
5475.0,41.65972137451172,5.7989301681518555,887.087388896005
5476.0,26.322195053100586,4.077973365783691,887.2154026829958
5477.0,33.19312286376953,5.165513515472412,887.3299173669948
5478.0,8.776632308959961,2.507476329803467,887.4362891540077
5479.0,14.308343887329102,3.2544710636138916,887.5404330400052
5480.0,13.153234481811523,3.453584909439087,887.6444148779992
5481.0,8.99557876586914,2.384526014328003,887.7571324430028
5482.0,62.504249572753906,8.071005821228027,887.8829857090022
5483.0,5.235080242156982,1.3677982091903687,888.0506215290079
5484.0,8.073874473571777,2.1789636611938477,888.1899889769993
5485.0,20.433441162109375,3.875735282897949,888.3039779469982
5486.0,7.030582427978516,2.042815923690796,888.4124801010039
5487.0,8.11492919921875,1.9824317693710327,888.572286138995
5488.0,28.41424560546875,3.924234628677368,888.7150574300031
5489.0,14.749282836914062,3.6248552799224854,888.8527886819938
5490.0,6.216683864593506,1.4701886177062988,889.0021449990018
5491.0,18.191537857055664,4.150799751281738,889.1143986550014
5492.0,16.1607666015625,4.174022197723389,889.2373207600031
5493.0,11.853827476501465,2.3325448036193848,889.3484966910037
5494.0,7.678168296813965,1.756925344467163,889.5056338290015
5495.0,8.937705993652344,2.572293996810913,889.6200274739967
5496.0,15.528566360473633,3.69073748588562,889.7319247440028
5497.0,53.288734436035156,7.626752853393555,889.8966980630066
5498.0,21.34893035888672,4.296182632446289,890.0056680790003
5499.0,16.184921264648438,2.9172725677490234,890.1120772620052
5500.0,46.9725227355957,6.038683891296387,890.2269267130032
5501.0,7.8779144287109375,2.1298446655273438,894.4083200120076
5502.0,36.5053596496582,5.973628044128418,894.5266438160033
5503.0,16.6130428314209,3.577514171600342,894.6382328129985
5504.0,9.799181938171387,2.3377201557159424,894.7400410249975
5505.0,5.783727645874023,1.5254074335098267,894.8503739239968
5506.0,11.123525619506836,2.7057132720947266,894.9687892729999
5507.0,26.067678451538086,5.774064064025879,895.0832872269966
5508.0,5.929196357727051,1.6500887870788574,895.1936260369985
5509.0,31.04181671142578,5.107626914978027,895.3085346769949
5510.0,10.413091659545898,2.558168649673462,895.4213865570055
5511.0,11.256010055541992,3.144205331802368,895.5296099279949
5512.0,16.100114822387695,3.417626142501831,895.6445732139982
5513.0,35.873878479003906,5.2880754470825195,895.750172280008
5514.0,15.183021545410156,3.537285089492798,895.8641448050039
5515.0,14.801590919494629,3.4205970764160156,895.9808520869992
5516.0,12.98278522491455,2.9153308868408203,896.0903669980034
5517.0,29.5593204498291,5.886824607849121,896.212335203003
5518.0,57.008460998535156,7.918970108032227,896.3327017840056
5519.0,7.876204490661621,1.9745004177093506,896.4436951139942
5520.0,45.21778106689453,4.3744215965271,896.555246969001
5521.0,20.943721771240234,4.718535900115967,896.6761612679984
5522.0,24.741352081298828,4.019992351531982,896.7895021970035
5523.0,86.18135833740234,8.985692024230957,896.9021264610055
5524.0,24.897602081298828,4.010925769805908,897.0109210590017
5525.0,5.786558628082275,1.4401800632476807,897.1203049900068
5526.0,26.56133270263672,4.716891288757324,897.2395036569942
5527.0,27.825504302978516,5.021124839782715,897.3415282780043
5528.0,53.9901123046875,6.363473892211914,897.4546143540065
5529.0,14.620922088623047,2.6647069454193115,897.5632895669987
5530.0,34.300315856933594,5.767491340637207,897.6839336789999
5531.0,50.430564880371094,6.717286586761475,897.7997285430029
5532.0,19.942407608032227,3.099743604660034,897.930594215999
5533.0,10.621868133544922,3.06331729888916,898.047215027007
5534.0,12.587150573730469,2.769534111022949,898.1660252690053
5535.0,19.359344482421875,3.7973945140838623,898.2803351019975
5536.0,11.714228630065918,2.7498321533203125,898.3892102359969
5537.0,57.29112243652344,6.60386323928833,898.499000915006
5538.0,17.939151763916016,3.4483516216278076,898.6107079759968
5539.0,10.30148696899414,2.5099148750305176,898.7210096439958
5540.0,37.6059684753418,8.14244556427002,898.834651326004
5541.0,40.57288360595703,6.3102803230285645,898.9434598119988
5542.0,17.235061645507812,3.3650496006011963,899.0669208379986
5543.0,10.916656494140625,2.3753676414489746,899.1914584220067
5544.0,31.293498992919922,4.388243675231934,899.3493053779966
5545.0,5.679528713226318,1.4477912187576294,899.4589846919989
5546.0,6.380404472351074,1.4271255731582642,899.5702762989968
5547.0,34.73739242553711,5.312330722808838,899.6809766229999
5548.0,49.742576599121094,5.68049430847168,899.7840837810072
5549.0,9.099393844604492,2.367197036743164,899.8958419080009
5550.0,29.817304611206055,5.375147342681885,900.0125521129958
5551.0,40.210906982421875,5.847586154937744,900.1300737109996
5552.0,10.610054016113281,2.4189910888671875,900.2497387030016
5553.0,23.62236213684082,4.615240097045898,900.369139596005
5554.0,6.724827766418457,2.003746271133423,900.4972104329936
5555.0,5.959714412689209,1.5900039672851562,900.6459884820069
5556.0,13.572859764099121,2.924136161804199,900.7795801729953
5557.0,12.311352729797363,3.31005859375,900.9036365670036
5558.0,9.877159118652344,2.2524631023406982,901.0338192240015
5559.0,7.429409027099609,1.9779235124588013,901.1655318039993
5560.0,21.913753509521484,3.8225626945495605,901.2775897560059
5561.0,29.792356491088867,4.963054656982422,901.3879544189986
5562.0,27.94554901123047,5.004461288452148,901.497678854008
5563.0,8.089805603027344,1.9776939153671265,901.6075715769985
5564.0,17.52458953857422,3.748908042907715,901.7123098059965
5565.0,82.15806579589844,8.61682415008545,901.8393560349941
5566.0,68.5025405883789,12.681326866149902,901.9753775919962
5567.0,18.30026626586914,3.159836530685425,902.0891963400063
5568.0,29.469669342041016,5.862756252288818,902.2210588979942
5569.0,11.774593353271484,2.5826966762542725,902.3537512839976
5570.0,39.142738342285156,5.94124698638916,902.496200071997
5571.0,30.453311920166016,4.620450496673584,902.7041152260063
5572.0,21.66521644592285,3.966782808303833,902.842453477002
5573.0,6.756512641906738,1.88644540309906,902.953730039997
5574.0,9.612617492675781,2.5752758979797363,903.0646830479964
5575.0,13.537495613098145,2.7563905715942383,903.2032140289957
5576.0,36.709938049316406,5.821972370147705,903.3172686930047
5577.0,15.080513000488281,3.1280367374420166,903.4371370620065
5578.0,39.3109130859375,6.1331987380981445,903.5548708590068
5579.0,7.391275882720947,1.7637863159179688,903.666796806996
5580.0,32.10289764404297,5.798379421234131,903.8130563070008
5581.0,11.631261825561523,2.5446255207061768,903.9531863820011
5582.0,14.559919357299805,2.9893434047698975,904.1452128480014
5583.0,6.273054599761963,1.5503567457199097,904.2833225840004
5584.0,17.01130485534668,3.269484043121338,904.4366059780004
5585.0,33.27031707763672,4.313661098480225,904.5803637320059
5586.0,15.98493766784668,3.1744461059570312,904.6937756630068
5587.0,8.491192817687988,2.482409715652466,904.8572957480064
5588.0,6.145695209503174,1.4925217628479004,904.9772925139987
5589.0,189.34368896484375,17.327526092529297,905.1192150770075
5590.0,8.245843887329102,2.09026837348938,905.2490444519935
5591.0,13.20986270904541,2.973371982574463,905.3738302220008
5592.0,39.929222106933594,5.457240581512451,905.5051989409985
5593.0,9.982641220092773,2.3319199085235596,905.6221230420051
5594.0,14.908417701721191,3.5580506324768066,905.7199884879956
5595.0,37.930267333984375,5.50221061706543,905.8098466160009
5596.0,29.050525665283203,4.215300559997559,905.9137544039986
5597.0,8.125443458557129,1.8899545669555664,906.0169923799986
5598.0,12.149667739868164,2.940277576446533,906.1226549929997
5599.0,6.393877029418945,1.6071670055389404,906.2429197370075
5600.0,13.954358100891113,2.917109727859497,906.3539520439954
5601.0,11.663779258728027,2.8944694995880127,910.4966255640029
5602.0,10.821565628051758,2.2356903553009033,910.6108739850024
5603.0,54.494117736816406,7.281472206115723,910.7523476539936
5604.0,8.394540786743164,1.9791840314865112,910.8849408109963
5605.0,10.40890121459961,2.2111802101135254,911.1077480130043
5606.0,7.236894130706787,1.7805677652359009,911.2596567680012
5607.0,19.798770904541016,3.6334221363067627,911.3657100679993
5608.0,14.641425132751465,2.6028168201446533,911.4830267280049
5609.0,19.055469512939453,3.558511257171631,911.589325560999
5610.0,31.27198028564453,4.643993854522705,911.699177529008
5611.0,8.883320808410645,2.1879706382751465,911.8179360430076
5612.0,30.377683639526367,4.454331398010254,911.9294738280005
5613.0,40.79174041748047,5.758455753326416,912.0546180679958
5614.0,13.033472061157227,2.777783155441284,912.1626637570007
5615.0,9.916874885559082,2.2884082794189453,912.2826711980015
5616.0,53.60078430175781,6.321460723876953,912.4016760189988
5617.0,67.86673736572266,8.971632957458496,912.535666566997
5618.0,8.121722221374512,1.7778586149215698,912.6565715210018
5619.0,7.500423431396484,1.6817960739135742,912.7800806620071
5620.0,15.38908863067627,3.3213024139404297,912.8930919510021
5621.0,81.45188903808594,9.030550003051758,913.0035309310042
5622.0,48.06464767456055,10.04617691040039,913.1443879300059
5623.0,24.305686950683594,5.502192497253418,913.2578132579947
5624.0,44.580081939697266,5.140493869781494,913.3925277719973
5625.0,7.901846885681152,2.1068077087402344,913.501001304001
5626.0,22.83060646057129,4.4730329513549805,913.6105471009942
5627.0,20.09345245361328,3.9000353813171387,913.7271797199937
5628.0,31.3673152923584,4.6237945556640625,913.8465283810074
5629.0,48.4329833984375,6.807161331176758,913.9603520469973
5630.0,13.602392196655273,3.3978238105773926,914.0669308869983
5631.0,26.637882232666016,5.145320415496826,914.1892393320013
5632.0,4.738296985626221,1.2671806812286377,914.3311984710017
5633.0,193.413330078125,16.626502990722656,914.4391287040053
5634.0,5.551050186157227,1.319867730140686,914.5561588790006
5635.0,41.89152526855469,5.814983367919922,914.6735981009988
5636.0,20.093488693237305,3.538633108139038,914.785450772004
5637.0,10.19692325592041,2.8900229930877686,914.8965153449972
5638.0,14.308138847351074,3.185084581375122,915.0096659789997
5639.0,21.26101303100586,3.9044158458709717,915.1248393270071
5640.0,10.800188064575195,2.5791749954223633,915.2481509520003
5641.0,12.069867134094238,2.9955923557281494,915.3661347640009
5642.0,42.11752700805664,6.077002048492432,915.4895951619983
5643.0,14.808353424072266,3.3736629486083984,915.6159180929972
5644.0,43.12129211425781,5.858569145202637,915.7306772339944
5645.0,6.827945232391357,1.970061182975769,915.8650460579956
5646.0,19.452844619750977,3.669205904006958,916.0080166209955
5647.0,19.175678253173828,3.729970932006836,916.1146760130068
5648.0,8.046985626220703,2.096038341522217,916.2273154809955
5649.0,19.80017852783203,3.407562017440796,916.346081456999
5650.0,10.45275592803955,2.6224615573883057,916.472948761002
5651.0,8.160024642944336,2.115560531616211,916.6019550409983
5652.0,154.18423461914062,15.045205116271973,916.7241512400069
5653.0,28.199947357177734,4.30416202545166,916.8456504500064
5654.0,8.28154182434082,2.133631944656372,916.9505753260019
5655.0,11.929685592651367,2.774125337600708,917.0587368709967
5656.0,27.813507080078125,4.829019546508789,917.2190511999943
5657.0,66.55613708496094,8.53404712677002,917.3401054139977
5658.0,13.113792419433594,3.1701242923736572,917.4574603850051
5659.0,17.007144927978516,3.239837646484375,917.5693172320025
5660.0,26.670522689819336,4.551117897033691,917.6746404790028
5661.0,18.797576904296875,3.794461250305176,917.7717138940061
5662.0,14.326730728149414,3.0667738914489746,917.8850928989996
5663.0,12.52253246307373,3.000227928161621,917.9887176720076
5664.0,46.622886657714844,6.876783847808838,918.1135068339936
5665.0,24.200984954833984,3.839052200317383,918.277019532994
5666.0,15.267251968383789,3.6938791275024414,918.4110437570052
5667.0,9.898778915405273,2.5133543014526367,918.5432020620065
5668.0,29.419660568237305,5.222082614898682,918.6527991339972
5669.0,48.11861801147461,4.804401874542236,918.7886743779964
5670.0,18.924530029296875,3.1422998905181885,918.9071936260007
5671.0,26.379281997680664,4.690471649169922,919.0207585640019
5672.0,40.309165954589844,6.588381767272949,919.1336764440057
5673.0,31.022525787353516,5.28700590133667,919.3162297499948
5674.0,21.267650604248047,3.9781856536865234,919.4340462039982
5675.0,8.791879653930664,2.2541890144348145,919.5480491530034
5676.0,6.248012065887451,1.7890552282333374,919.6732314859983
5677.0,19.193565368652344,3.8922173976898193,919.7871200140071
5678.0,10.347677230834961,1.8100826740264893,919.9053839900007
5679.0,60.14385986328125,7.445551872253418,920.0924539749976
5680.0,8.594264030456543,2.406071901321411,920.2625703020021
5681.0,6.635622501373291,1.672175407409668,920.3811459760036
5682.0,8.117122650146484,2.0455265045166016,920.5120534300077
5683.0,10.366512298583984,2.875948429107666,920.6584853569948
5684.0,5.250426769256592,1.4672024250030518,920.7946400700021
5685.0,30.539722442626953,5.023351669311523,920.921027739998
5686.0,11.09433364868164,2.6108789443969727,921.0724664589943
5687.0,49.55315399169922,6.432931423187256,921.1934211670014
5688.0,14.317529678344727,3.140700340270996,921.3073468350049
5689.0,38.095706939697266,5.688733100891113,921.4236537410034
5690.0,8.05919361114502,2.1176161766052246,921.5351437520003
5691.0,9.774011611938477,1.8455476760864258,921.6537435920036
5692.0,10.565547943115234,2.4887545108795166,921.8010594130028
5693.0,13.422586441040039,2.9451911449432373,921.9207819430012
5694.0,12.592378616333008,3.083254814147949,922.068607809997
5695.0,29.220962524414062,5.81512975692749,922.1849449139991
5696.0,5.798153400421143,1.525568962097168,922.298541340002
5697.0,16.943737030029297,3.0961873531341553,922.4190505449951
5698.0,136.07862854003906,19.355037689208984,922.5495989920018
5699.0,15.11386489868164,2.991515874862671,922.669653881996
5700.0,11.071152687072754,2.371880531311035,922.7804210350005
5701.0,13.97409439086914,3.559551239013672,926.893213496005
5702.0,11.575401306152344,2.460070848464966,926.9954340450058
5703.0,11.722991943359375,2.701204776763916,927.113525038003
5704.0,35.6303596496582,5.435611248016357,927.2256083370012
5705.0,30.497514724731445,4.9138569831848145,927.3381778570038
5706.0,13.509208679199219,3.3291409015655518,927.4452916930022
5707.0,28.824426651000977,4.948694705963135,927.5635280590068
5708.0,17.788955688476562,3.529705286026001,927.679319368006
5709.0,7.766446590423584,2.0869455337524414,927.7830435020005
5710.0,9.13315200805664,1.994654893875122,927.8942161419982
5711.0,32.182762145996094,5.337480068206787,928.0345316199964
5712.0,20.829509735107422,3.89090895652771,928.1503488870076
5713.0,36.89935302734375,7.586406230926514,928.2709987599956
5714.0,11.284193992614746,2.780447483062744,928.3845488679945
5715.0,79.94219970703125,6.418895721435547,928.5161557109968
5716.0,22.230289459228516,4.73680305480957,928.6273018750071
5717.0,14.948031425476074,2.8704171180725098,928.733640232007
5718.0,40.344268798828125,6.411287784576416,928.8462883890024
5719.0,19.919326782226562,3.492344379425049,928.9706431219965
5720.0,13.954821586608887,3.527520179748535,929.0885215419985
5721.0,29.779926300048828,5.447449684143066,929.2037860989949
5722.0,12.393671035766602,3.0257599353790283,929.3349425210035
5723.0,13.942032814025879,3.1341936588287354,929.4444746899972
5724.0,36.06796646118164,6.295278072357178,929.554198636004
5725.0,6.595449447631836,1.8010332584381104,929.665443018006
5726.0,22.25920867919922,3.874615430831909,929.7859179179941
5727.0,12.955530166625977,3.156633138656616,929.9088028760016
5728.0,13.046039581298828,2.6149513721466064,930.0239581110072
5729.0,16.825443267822266,3.1884310245513916,930.1387841719989
5730.0,43.00492477416992,6.2530999183654785,930.2400165230065
5731.0,5.062804698944092,1.2637808322906494,930.3577645449986
5732.0,12.544336318969727,2.3482282161712646,930.4641329339938
5733.0,7.779104232788086,1.96306574344635,930.5775678700011
5734.0,9.512676239013672,2.124052047729492,930.6885628089949
5735.0,9.394524574279785,2.1704585552215576,930.7963917010056
5736.0,6.20608377456665,1.6350558996200562,930.9034265390073
5737.0,6.667691230773926,1.639052152633667,931.0149890699977
5738.0,10.026361465454102,2.3828554153442383,931.1178241409943
5739.0,12.617557525634766,2.8874306678771973,931.2250727740029
5740.0,12.453157424926758,2.2807095050811768,931.327701910006
5741.0,118.41825866699219,13.758899688720703,931.4344200320047
5742.0,15.135284423828125,3.3248302936553955,931.5754132120055
5743.0,41.294986724853516,8.5090970993042,931.6917906370072
5744.0,22.185388565063477,4.510629653930664,931.801616961995
5745.0,11.476668357849121,2.0757153034210205,931.9099191749992
5746.0,26.93865203857422,5.336150169372559,932.0143786060071
5747.0,56.690704345703125,7.262180805206299,932.1279112509947
5748.0,25.53843116760254,4.016468048095703,932.2529396729951
5749.0,22.220802307128906,4.616355895996094,932.3646579049964
5750.0,8.743568420410156,2.1810503005981445,932.4973024939973
5751.0,5.762901306152344,1.6012669801712036,932.6227723759948
5752.0,17.7149658203125,3.652585744857788,932.7454071850079
5753.0,8.020743370056152,2.061795473098755,932.8669966870075
5754.0,7.224944591522217,1.7911913394927979,932.9723932969937
5755.0,25.431358337402344,4.547555923461914,933.0853614270018
5756.0,63.48323059082031,8.031795501708984,933.1944732720003
5757.0,10.907560348510742,2.3065760135650635,933.3333909119974
5758.0,36.86211395263672,5.323052406311035,933.4424297539954
5759.0,11.19216251373291,2.2869677543640137,933.5662511370028
5760.0,10.66357707977295,2.442434310913086,933.7059549330006
5761.0,6.916790962219238,1.7608747482299805,933.8257540570048
5762.0,28.334449768066406,5.65304708480835,933.9385951250006
5763.0,25.498790740966797,4.408477783203125,934.0476351219986
5764.0,18.958654403686523,5.136157989501953,934.1641324969969
5765.0,54.579994201660156,7.991425037384033,934.276869770998
5766.0,6.709671974182129,1.6744717359542847,934.3893229280075
5767.0,18.459095001220703,4.1325507164001465,934.5021410720074
5768.0,9.105111122131348,2.3541855812072754,934.6113990960002
5769.0,7.017942905426025,2.1018033027648926,934.7442364589951
5770.0,24.06574249267578,5.247060775756836,934.8664661729999
5771.0,44.606605529785156,5.8591179847717285,934.9911755509966
5772.0,7.537726402282715,1.6570357084274292,935.1290026100032
5773.0,24.840423583984375,4.514383792877197,935.2639501230005
5774.0,8.494300842285156,1.9865933656692505,935.389629162004
5775.0,8.898862838745117,2.4064223766326904,935.521330892996
5776.0,147.05030822753906,21.23602294921875,935.6346392609994
5777.0,28.252788543701172,5.098194122314453,935.7742428390047
5778.0,30.28759002685547,4.686040878295898,935.8917662320018
5779.0,11.25804328918457,2.4451818466186523,936.0217834259965
5780.0,9.286368370056152,2.0897860527038574,936.1564181040012
5781.0,8.270732879638672,2.44838285446167,936.3310830459959
5782.0,22.74449920654297,4.081864833831787,936.445266655006
5783.0,10.705806732177734,2.6292808055877686,936.5695734330075
5784.0,12.307491302490234,2.467606782913208,936.6909825309995
5785.0,13.855607986450195,3.139176368713379,936.8045907630003
5786.0,14.885297775268555,2.8158562183380127,936.9285055189976
5787.0,13.717872619628906,3.1776344776153564,937.058844084997
5788.0,13.839813232421875,3.7585384845733643,937.1736903270066
5789.0,28.95465087890625,5.637624740600586,937.2831879570003
5790.0,63.686431884765625,6.501004219055176,937.407506167001
5791.0,36.349098205566406,5.823563098907471,937.5272513569944
5792.0,11.795352935791016,2.857529640197754,937.6408424249967
5793.0,36.92041778564453,5.314090251922607,937.8281770750036
5794.0,25.175792694091797,4.791939735412598,937.9490872510069
5795.0,33.02174758911133,5.005468845367432,938.057698249002
5796.0,19.479869842529297,3.373932123184204,938.1701468980027
5797.0,7.7781572341918945,1.607163906097412,938.2869972920016
5798.0,10.591060638427734,2.6636087894439697,938.3920278489968
5799.0,8.057391166687012,2.1566319465637207,938.5036773070024
5800.0,51.934295654296875,6.700291633605957,938.613485170994
5801.0,62.590171813964844,8.329087257385254,942.5083483310009
5802.0,40.232566833496094,5.520772933959961,942.6270971670019
5803.0,36.198211669921875,5.229255199432373,942.7394952659961
5804.0,104.69448852539062,12.31767749786377,942.842781778003
5805.0,29.194549560546875,3.9823391437530518,942.9518102580041
5806.0,6.486006259918213,1.5517135858535767,943.056573281996
5807.0,24.698158264160156,4.4792890548706055,943.165859544999
5808.0,7.493006706237793,1.9911140203475952,943.2709038549947
5809.0,10.137216567993164,2.6355040073394775,943.4132892649941
5810.0,5.761053085327148,1.4539822340011597,943.5204586299951
5811.0,9.306585311889648,2.3276827335357666,943.6224625409959
5812.0,36.79222106933594,5.374045372009277,943.7323667029996
5813.0,12.234199523925781,2.6570241451263428,943.8499562740035
5814.0,20.937850952148438,3.3312344551086426,943.9674726119993
5815.0,8.317874908447266,2.4449996948242188,944.0813406039961
5816.0,15.059091567993164,2.4990804195404053,944.1964274530037
5817.0,13.338911056518555,2.796487331390381,944.3102703829936
5818.0,6.022856712341309,1.5125514268875122,944.4187156999978
5819.0,6.183562278747559,1.5773049592971802,944.5313113029988
5820.0,13.769571304321289,2.96425461769104,944.6582949570002
5821.0,6.831051826477051,1.7388042211532593,944.7753794330056
5822.0,23.04813003540039,4.0598554611206055,944.8909303310065
5823.0,29.368694305419922,4.639560222625732,945.0088465269946
5824.0,19.662845611572266,3.955681324005127,945.1362661339954
5825.0,37.44964599609375,5.552665710449219,945.2468346539972
5826.0,11.907682418823242,2.9555156230926514,945.3516629969963
5827.0,57.744354248046875,10.677334785461426,945.495558620998
5828.0,30.794025421142578,5.699329853057861,945.6054704179987
5829.0,15.50663948059082,3.8028242588043213,945.7174774260056
5830.0,56.74238586425781,6.739789009094238,945.8345076929982
5831.0,18.08112335205078,3.6279959678649902,945.9437155600026
5832.0,8.820886611938477,2.2532191276550293,946.0584855470079
5833.0,9.578618049621582,2.364501476287842,946.1709197529999
5834.0,27.07353973388672,3.975548267364502,946.2771348420065
5835.0,15.832277297973633,3.298497438430786,946.3814211449935
5836.0,81.2973861694336,9.291208267211914,946.4929772890027
5837.0,17.645992279052734,4.016963958740234,946.6030758929992
5838.0,52.900413513183594,6.422050476074219,946.7148201740056
5839.0,26.244224548339844,4.5604567527771,946.8288501049974
5840.0,14.451593399047852,3.6401526927948,946.9467203420063
5841.0,74.07215118408203,11.63961410522461,947.0542043460009
5842.0,16.630264282226562,3.348435163497925,947.1664388899953
5843.0,7.040243148803711,1.8392963409423828,947.2765233090031
5844.0,35.037132263183594,5.129260540008545,947.3837371090049
5845.0,29.078197479248047,4.831252098083496,947.4971866650012
5846.0,9.535245895385742,2.369077682495117,947.6120670609962
5847.0,27.157390594482422,4.776431560516357,947.717539514997
5848.0,27.28707504272461,5.939651012420654,947.8316915339965
5849.0,12.658153533935547,3.2994303703308105,947.936062888999
5850.0,35.15819549560547,6.622767448425293,948.048569881008
5851.0,19.11785125732422,3.488189935684204,948.1665949129965
5852.0,45.160430908203125,6.780219078063965,948.2789856809977
5853.0,4.366166591644287,1.2000731229782104,948.3921019679983
5854.0,19.27657127380371,3.4890377521514893,948.5007223639986
5855.0,9.594646453857422,2.6100525856018066,948.6138346020016
5856.0,22.535648345947266,4.428354740142822,948.7208518109983
5857.0,7.009603023529053,2.195020914077759,948.8303225580021
5858.0,88.17314910888672,9.09238338470459,948.9354040409962
5859.0,11.4318265914917,2.7687344551086426,949.0561071859993
5860.0,18.39520263671875,3.7081027030944824,949.1746392009954
5861.0,18.831851959228516,3.38065242767334,949.2885866029974
5862.0,17.06431770324707,3.0442328453063965,949.4075510039984
5863.0,6.495309829711914,1.8377710580825806,949.5315882709983
5864.0,6.420526504516602,1.5730282068252563,949.6523857270076
5865.0,9.498682975769043,2.234262228012085,949.837126169994
5866.0,7.38662052154541,1.9554234743118286,950.0207784850063
5867.0,35.89152526855469,5.758241176605225,950.1833742010058
5868.0,23.902084350585938,4.421517372131348,950.2929799959966
5869.0,12.4224853515625,2.8527753353118896,950.4123008199967
5870.0,15.392677307128906,3.1058101654052734,950.5500836840074
5871.0,33.75892639160156,5.519691467285156,950.6776915350056
5872.0,7.040660381317139,1.8117910623550415,950.797936685005
5873.0,18.892000198364258,3.999276876449585,950.9179574489972
5874.0,78.91860961914062,10.354187965393066,951.0267180920055
5875.0,6.900270938873291,1.9664950370788574,951.1366950119991
5876.0,28.0166015625,4.1476850509643555,951.3052352899977
5877.0,13.3380765914917,3.447951316833496,951.4184673910058
5878.0,22.727706909179688,3.5429298877716064,951.553717525996
5879.0,21.024200439453125,4.225550651550293,951.6828159550059
5880.0,83.57890319824219,9.251352310180664,951.8158505589963
5881.0,7.812329292297363,2.1852498054504395,951.9603530239983
5882.0,7.619097709655762,1.9967873096466064,952.0759047140018
5883.0,42.740047454833984,4.5187296867370605,952.1989414459968
5884.0,8.177985191345215,2.0274300575256348,952.3203435510077
5885.0,18.933063507080078,3.395057201385498,952.4369696210051
5886.0,95.0557861328125,11.568657875061035,952.5593728270032
5887.0,20.03055763244629,3.9364571571350098,952.7189840250066
5888.0,27.78569793701172,4.934595108032227,952.8594291350018
5889.0,5.065273761749268,1.45492684841156,952.9981092990056
5890.0,10.697704315185547,3.246075391769409,953.145352542997
5891.0,17.132522583007812,3.6780853271484375,953.2930594390054
5892.0,39.9754638671875,5.625366687774658,953.4587382419995
5893.0,22.085065841674805,3.83099102973938,953.572501143004
5894.0,17.005521774291992,3.6052985191345215,953.6926672349946
5895.0,41.32123947143555,5.687523365020752,953.8173556620022
5896.0,16.171247482299805,3.0781633853912354,953.9432961450075
5897.0,4.8873701095581055,1.156338095664978,954.0559507650032
5898.0,10.809778213500977,2.4332456588745117,954.1764504530001
5899.0,12.343886375427246,2.7873785495758057,954.283932802995
5900.0,16.724079132080078,3.163337469100952,954.4018668539939
5901.0,37.089500427246094,4.3748698234558105,958.2996751659957
5902.0,31.892248153686523,5.99224328994751,958.4068722109951
5903.0,9.468753814697266,2.0302767753601074,958.5133902350062
5904.0,12.300918579101562,2.962022066116333,958.6355309789942
5905.0,19.262554168701172,4.0987138748168945,958.7497687860014
5906.0,32.65846252441406,5.572386741638184,958.8592917329952
5907.0,75.59915924072266,8.967863082885742,958.9847301959962
5908.0,19.836727142333984,4.352625846862793,959.1024899990007
5909.0,49.12596893310547,8.076085090637207,959.2312963449949
5910.0,11.288116455078125,2.611011028289795,959.3559150859946
5911.0,29.578765869140625,4.787857532501221,959.4925403950037
5912.0,63.732704162597656,6.844107627868652,959.6057000639994
5913.0,13.645418167114258,3.100672721862793,959.7105935389991
5914.0,32.348812103271484,4.568441390991211,959.8245155930053
5915.0,24.55297088623047,4.300591945648193,959.9343095960066
5916.0,15.798766136169434,3.604757785797119,960.0480583489989
5917.0,6.986489295959473,1.7007323503494263,960.1713727250026
5918.0,10.411709785461426,2.6304287910461426,960.2911591400043
5919.0,79.50777435302734,11.160862922668457,960.3963014150067
5920.0,7.9727983474731445,1.7862350940704346,960.5013429670071
5921.0,9.527387619018555,2.214184284210205,960.6271487850026
5922.0,10.39461612701416,2.770547866821289,960.7415155299968
5923.0,8.035161018371582,1.670563817024231,960.9011524920061
5924.0,11.939800262451172,2.551004648208618,961.0430641410057
5925.0,9.303296089172363,2.3421518802642822,961.1542225909943
5926.0,6.274971961975098,1.8991174697875977,961.2640123260062
5927.0,21.19759750366211,4.774351119995117,961.3728805349965
5928.0,6.487120151519775,2.0068540573120117,961.479170216
5929.0,15.307506561279297,3.545567274093628,961.5917814010027
5930.0,12.839347839355469,3.29164457321167,961.7059828820056
5931.0,69.0806655883789,7.940953731536865,961.8164446760056
5932.0,21.391765594482422,3.3435983657836914,961.9253390649974
5933.0,18.684141159057617,3.2709178924560547,962.0438673110039
5934.0,73.38188171386719,8.82764720916748,962.1612248440069
5935.0,7.6449127197265625,2.063772201538086,962.2702843800071
5936.0,40.268104553222656,5.527804374694824,962.3781461949984
5937.0,24.24513053894043,4.578114986419678,962.4876179840066
5938.0,13.143548965454102,3.2444825172424316,962.5993717300007
5939.0,19.43834114074707,3.619819402694702,962.7096273200004
5940.0,27.03104591369629,5.355307102203369,962.8256856280059
5941.0,6.718855381011963,1.5702234506607056,962.9424608400004
5942.0,7.096051216125488,1.6113271713256836,963.0611715679988
5943.0,18.436738967895508,4.0335259437561035,963.1748736730078
5944.0,136.18893432617188,19.486295700073242,963.2828641009983
5945.0,14.64842414855957,3.1272668838500977,963.3900333009951
5946.0,13.71238899230957,3.2296504974365234,963.5275795140042
5947.0,8.323373794555664,2.177994966506958,963.6578632559977
5948.0,22.211181640625,4.478457450866699,963.7842930240004
5949.0,34.64592742919922,5.487482070922852,963.8897605469974
5950.0,10.723745346069336,2.8267266750335693,963.9946032400039
5951.0,8.881168365478516,2.1767098903656006,964.1032582070038
5952.0,11.46933364868164,2.9573328495025635,964.2085117450042
5953.0,4.608400821685791,1.2322359085083008,964.3292556300003
5954.0,8.096906661987305,1.8455810546875,964.4423108159972
5955.0,37.300804138183594,5.248379707336426,964.5787592970009
5956.0,34.72555160522461,5.115259647369385,964.694395175
5957.0,15.674086570739746,3.17630672454834,964.8079420860013
5958.0,12.362665176391602,2.441248655319214,964.9184002550028
5959.0,64.89635467529297,5.596138954162598,965.0350893440045
5960.0,45.076229095458984,5.179635047912598,965.1590201520012
5961.0,12.713254928588867,2.806623935699463,965.2704390129948
5962.0,14.330110549926758,3.2307543754577637,965.3882291610062
5963.0,9.198741912841797,2.459275960922241,965.5016638020024
5964.0,6.4915947914123535,1.7238812446594238,965.6097320469999
5965.0,21.841873168945312,4.531020641326904,965.7193715710018
5966.0,7.955911636352539,1.9745206832885742,965.8380260459962
5967.0,8.246259689331055,2.3733935356140137,965.9511349380045
5968.0,27.94851303100586,4.795961380004883,966.0801193579973
5969.0,13.694398880004883,2.9142861366271973,966.2099558470072
5970.0,25.875192642211914,4.419460296630859,966.3462546060036
5971.0,63.6650505065918,12.276762962341309,966.4653126269986
5972.0,12.631204605102539,3.156055212020874,966.5945358110039
5973.0,8.01037883758545,1.6257014274597168,966.729019876002
5974.0,25.848628997802734,4.523504734039307,966.8393843030062
5975.0,22.101871490478516,4.428969383239746,966.9475556789985
5976.0,86.71393585205078,9.435356140136719,967.0847714200063
5977.0,23.016511917114258,5.125146389007568,967.5813984200067
5978.0,13.192825317382812,3.0169429779052734,968.5552660859976
5979.0,6.424441337585449,1.9440491199493408,969.2905168440047
5980.0,76.33470153808594,9.704221725463867,970.2942306900077
5981.0,20.5091609954834,3.7745678424835205,971.3263688099978
5982.0,44.788543701171875,8.18886661529541,971.4507140119968
5983.0,38.0152473449707,5.701186656951904,971.5630779950006
5984.0,44.48048400878906,5.373934745788574,971.6823953559942
5985.0,7.675407409667969,2.174281597137451,971.8112439990073
5986.0,9.632308959960938,2.463223457336426,971.9200408369943
5987.0,6.318179130554199,1.5660921335220337,972.0240279200079
5988.0,24.050899505615234,4.206796169281006,972.1323333299952
5989.0,29.211225509643555,5.20334005355835,972.2393010520027
5990.0,27.63045883178711,4.454834461212158,972.3726600689988
5991.0,7.995785713195801,2.1394858360290527,972.5217766139976
5992.0,17.240760803222656,3.2427501678466797,972.6380081090028
5993.0,24.138782501220703,4.606854438781738,972.749483460997
5994.0,13.592132568359375,2.306351900100708,972.8674530050048
5995.0,17.935264587402344,3.762589931488037,973.0114031779958
5996.0,25.099750518798828,4.567717552185059,973.1462710969936
5997.0,18.756153106689453,3.31083083152771,973.2687446409982
5998.0,39.974212646484375,6.210017204284668,973.3864118839992
5999.0,15.05594253540039,2.8337762355804443,973.5083616649936
6000.0,14.244791984558105,3.4192512035369873,973.6263615409989
6001.0,6.301891803741455,1.5511972904205322,977.9416543630068
6002.0,15.335434913635254,2.9410016536712646,978.0887501910038
6003.0,57.36484909057617,7.836559295654297,978.2168771340075
6004.0,22.28475570678711,4.276577949523926,978.3504838929948
6005.0,9.532129287719727,2.3934192657470703,978.4655444030068
6006.0,7.867208480834961,1.9851679801940918,978.5807995789946
6007.0,28.198394775390625,4.2452616691589355,978.7016343379946
6008.0,50.31432342529297,7.1475629806518555,978.8244193099963
6009.0,6.204614162445068,1.6267021894454956,978.9372871619998
6010.0,18.585203170776367,3.9332196712493896,979.0742917000025
6011.0,15.218666076660156,2.697761058807373,979.1807858760003
6012.0,20.801990509033203,3.614499568939209,979.2828587469994
6013.0,32.248207092285156,4.753705024719238,979.389421800006
6014.0,34.83406066894531,5.345334053039551,979.5058811060007
6015.0,26.31800651550293,4.3583083152771,979.6157211249956
6016.0,66.0217514038086,6.884244441986084,979.7469213779987
6017.0,11.66192626953125,2.1893718242645264,979.8586615170061
6018.0,6.513931751251221,1.6592905521392822,979.9804988249962
6019.0,11.68667221069336,2.975264310836792,980.096737646003
6020.0,7.5880937576293945,1.7040621042251587,980.2153703850054
6021.0,37.59860610961914,6.402736663818359,980.3257440199959
6022.0,29.485809326171875,5.0546441078186035,980.4338291640015
6023.0,42.223167419433594,6.707118988037109,980.5423592760053
6024.0,37.788604736328125,5.618645668029785,980.650418862002
6025.0,20.678314208984375,3.8603508472442627,980.7635071359982
6026.0,41.36372375488281,5.977304935455322,980.8735865769995
6027.0,17.369945526123047,3.289280891418457,980.9845432980073
6028.0,93.50125122070312,10.943000793457031,981.1020273479953
6029.0,16.479284286499023,3.1916871070861816,981.2199831759935
6030.0,25.308189392089844,3.966332197189331,981.3362395029981
6031.0,41.93797302246094,5.71852970123291,981.4412485490029
6032.0,25.658588409423828,4.3573079109191895,981.5494554409961
6033.0,13.816242218017578,3.1303279399871826,981.6569893739943
6034.0,6.557379245758057,1.8327754735946655,981.7732790629962
6035.0,14.71092700958252,2.893807888031006,981.8872576169961
6036.0,6.447786331176758,1.583853006362915,981.9972587189986
6037.0,9.76677131652832,2.635725259780884,982.1077857619966
6038.0,7.2880859375,1.6506787538528442,982.2119601080049
6039.0,6.802545070648193,1.5972774028778076,982.3181614659989
6040.0,40.19346237182617,4.3828325271606445,982.4182525920041
6041.0,11.069201469421387,3.099254608154297,982.5383122560015
6042.0,41.04572296142578,6.2785868644714355,982.650668688002
6043.0,27.055967330932617,4.38879919052124,982.7565644739952
6044.0,15.770423889160156,3.191915988922119,982.8709270840045
6045.0,12.319202423095703,3.1868069171905518,982.9802893559972
6046.0,12.422835350036621,3.297323226928711,983.1166010449961
6047.0,20.000816345214844,4.132297515869141,983.2385673700046
6048.0,9.563308715820312,2.5856456756591797,983.3502164050005
6049.0,38.89528274536133,8.602547645568848,983.4685197180079
6050.0,11.218816757202148,2.6818666458129883,983.5882017219992
6051.0,7.943917274475098,2.0790939331054688,983.7020053250017
6052.0,6.1665544509887695,1.8403505086898804,983.8148202820012
6053.0,16.728500366210938,3.4112300872802734,983.9333863659995
6054.0,5.3004279136657715,1.4140307903289795,984.0617217690015
6055.0,77.15192413330078,8.593822479248047,984.1800888879952
6056.0,75.84942626953125,9.130194664001465,984.3118839819945
6057.0,14.032071113586426,2.7961552143096924,984.4225530840049
6058.0,17.800418853759766,3.5810935497283936,984.5325052789995
6059.0,17.550487518310547,3.1981465816497803,984.6388551130076
6060.0,10.385489463806152,2.4444727897644043,984.7440077869978
6061.0,15.420348167419434,2.8566408157348633,984.8462888570066
6062.0,8.522563934326172,1.9437028169631958,984.9545662989985
6063.0,29.281518936157227,5.568404197692871,985.0716485620069
6064.0,19.93069839477539,3.9664440155029297,985.177021060008
6065.0,11.683385848999023,2.5358946323394775,985.2818092999951
6066.0,24.71149444580078,3.8525891304016113,985.3935493860045
6067.0,16.180511474609375,3.230949878692627,985.5287566379993
6068.0,7.39204216003418,1.5170434713363647,985.656352015998
6069.0,4.261959552764893,1.017584204673767,985.8142493420019
6070.0,18.1055850982666,2.933121919631958,986.0212734740053
6071.0,98.67655181884766,10.712846755981445,986.1301484830037
6072.0,13.111249923706055,3.2488343715667725,986.2903766100062
6073.0,38.00417709350586,5.455938816070557,986.4390625800006
6074.0,19.641490936279297,5.003116607666016,986.5606708569976
6075.0,62.93727111816406,7.990166187286377,986.6868246119993
6076.0,34.32696533203125,5.195008754730225,986.8591905110079
6077.0,19.75485610961914,3.9556572437286377,987.0379898870015
6078.0,9.751432418823242,2.1419179439544678,987.1860471880063
6079.0,29.228775024414062,4.899647235870361,987.3674952459987
6080.0,13.667570114135742,2.8197126388549805,987.4724878130073
6081.0,30.775318145751953,5.712399482727051,987.5726350250043
6082.0,18.984451293945312,3.771003484725952,987.6781585900026
6083.0,66.76946258544922,12.079692840576172,987.8287357910012
6084.0,36.43659973144531,5.456294059753418,987.9383818250062
6085.0,14.398275375366211,3.022186279296875,988.0501679940062
6086.0,8.915742874145508,2.5342235565185547,988.1597003380011
6087.0,27.825193405151367,4.521851062774658,988.2628207410016
6088.0,7.248344421386719,2.1582071781158447,988.3963526839943
6089.0,25.515960693359375,4.646950721740723,988.5084105220012
6090.0,35.13672637939453,5.113341331481934,988.6303461729985
6091.0,35.48625183105469,5.425438404083252,988.7373054049967
6092.0,18.906967163085938,4.047024250030518,988.8434233019943
6093.0,7.9440107345581055,1.875716209411621,988.9471053199959
6094.0,9.089825630187988,2.0798704624176025,989.0524057760049
6095.0,11.591732025146484,2.33860182762146,989.1699506209989
6096.0,20.360179901123047,3.9375088214874268,989.3114972960029
6097.0,9.601842880249023,2.378171920776367,989.4173239090014
6098.0,10.130653381347656,2.6407852172851562,989.5116376649967
6099.0,8.158468246459961,2.24588942527771,989.613945021003
6100.0,25.71409034729004,4.482577800750732,989.7176440640033
6101.0,6.926159858703613,1.71559739112854,993.5758007380064
6102.0,7.799170017242432,2.051816940307617,993.6832267520076
6103.0,50.49934387207031,5.8949103355407715,993.7970828770049
6104.0,6.2961578369140625,1.4406753778457642,993.9052851900051
6105.0,29.447425842285156,5.627827167510986,994.0055798800022
6106.0,22.297927856445312,3.694037675857544,994.1087563820038
6107.0,30.77008056640625,6.26824426651001,994.2183841140068
6108.0,15.009763717651367,3.64277982711792,994.3299287669943
6109.0,7.522608757019043,2.0097594261169434,994.43255107
6110.0,12.42524528503418,2.2668824195861816,994.5435536010045
6111.0,15.060688018798828,3.4587295055389404,994.6584379450069
6112.0,19.045860290527344,3.634258270263672,994.7713214029936
6113.0,30.271310806274414,4.985084056854248,994.8851791689958
6114.0,7.793698310852051,2.0817408561706543,994.9957457690034
6115.0,22.699729919433594,3.8569142818450928,995.1069528039952
6116.0,15.606746673583984,3.7552714347839355,995.2679691119993
6117.0,8.104833602905273,2.151308536529541,995.3983302660054
6118.0,5.354365825653076,1.4281069040298462,995.5394808679994
6119.0,13.395086288452148,3.0005998611450195,995.6779086699971
6120.0,23.22401237487793,5.395228385925293,995.7926283779962
6121.0,15.449201583862305,3.2737553119659424,995.9327783290064
6122.0,13.103251457214355,2.7260031700134277,996.0482068929996
6123.0,14.845796585083008,2.93219256401062,996.1814263220003
6124.0,10.689980506896973,2.45310640335083,996.3079780539992
6125.0,7.084921836853027,1.7631365060806274,996.4246943269973
6126.0,14.738834381103516,3.860377788543701,996.5452259659942
6127.0,14.889476776123047,2.7399041652679443,996.652270163002
6128.0,12.553814888000488,2.443474531173706,996.7679297090071
6129.0,7.596858978271484,1.9225354194641113,996.8788602679997
6130.0,22.49517822265625,3.8655507564544678,996.996371087007
6131.0,21.117000579833984,5.294242858886719,997.1116479180055
6132.0,18.341291427612305,3.8300466537475586,997.2208372680034
6133.0,24.051773071289062,3.881439685821533,997.3252593719953
6134.0,27.116857528686523,4.496541976928711,997.4400383460015
6135.0,17.05950927734375,3.6118485927581787,997.5549359599972
6136.0,14.412145614624023,3.2371163368225098,997.6747309219936
6137.0,20.92483139038086,3.86893630027771,997.7851016439963
6138.0,37.43293380737305,6.073563575744629,997.8991764120001
6139.0,24.845073699951172,4.394237995147705,998.0030024459993
6140.0,16.220474243164062,2.7449653148651123,998.1130500650033
6141.0,64.0130844116211,7.378693580627441,998.2215305529971
6142.0,47.272125244140625,5.266086101531982,998.3173482239945
6143.0,21.600723266601562,4.296507835388184,998.4221532390075
6144.0,6.011020660400391,1.431696891784668,998.5328323529975
6145.0,19.628374099731445,3.903160333633423,998.6603349289944
6146.0,7.204378128051758,1.7405645847320557,998.7846502100001
6147.0,7.045310974121094,2.0501604080200195,998.9373313569959
6148.0,44.344871520996094,6.454460620880127,999.1041092899977
6149.0,36.62542724609375,5.851651191711426,999.2290944190026
6150.0,12.682046890258789,3.228099822998047,999.3399414239975
6151.0,33.96812438964844,5.317493915557861,999.4479421239957
6152.0,10.415058135986328,2.4419302940368652,999.5593122270075
6153.0,41.51182174682617,6.671276092529297,999.6762105050002
6154.0,36.76151657104492,6.284554958343506,999.7901326249994
6155.0,7.313922882080078,1.794895887374878,999.9010325150011
6156.0,12.72522258758545,2.9248390197753906,1000.0085096830007
6157.0,9.048288345336914,2.7243051528930664,1000.1199131199974
6158.0,8.788681030273438,2.1052615642547607,1000.2323643459968
6159.0,18.00458335876465,3.6845266819000244,1000.337315287994
6160.0,6.6257100105285645,1.5507822036743164,1000.4476867530029
6161.0,7.828498363494873,1.7239772081375122,1000.5661154679983
6162.0,11.249439239501953,2.1762328147888184,1000.6899822370033
6163.0,9.089554786682129,2.6136064529418945,1000.8022661900031
6164.0,30.343730926513672,4.634591579437256,1000.9266626559984
6165.0,5.7845635414123535,1.5418038368225098,1001.038596835002
6166.0,87.1935043334961,10.536041259765625,1001.164446144001
6167.0,8.594340324401855,2.1061413288116455,1001.278495149003
6168.0,87.02134704589844,9.371492385864258,1001.3839447579958
6169.0,18.25080680847168,3.427976131439209,1001.4947686329979
6170.0,54.46931457519531,6.064504146575928,1001.5996570779971
6171.0,11.946952819824219,2.388320207595825,1001.7079855920019
6172.0,13.036588668823242,3.1221280097961426,1001.843385938002
6173.0,12.157459259033203,2.351330280303955,1001.9709941150068
6174.0,9.20564079284668,2.465269088745117,1002.0787665160024
6175.0,10.864787101745605,2.6009304523468018,1002.1927993770078
6176.0,7.248079299926758,1.844878911972046,1002.3281445780012
6177.0,23.02651596069336,3.6271443367004395,1002.4418526910013
6178.0,54.68975067138672,8.30023193359375,1002.5687151250022
6179.0,31.57965850830078,4.434792995452881,1002.6829128880054
6180.0,12.98337459564209,2.553070545196533,1002.7906250230008
6181.0,34.58070373535156,5.344038486480713,1002.9119106010039
6182.0,21.886085510253906,4.299167156219482,1003.0232661850023
6183.0,36.609676361083984,6.2334208488464355,1003.1420413059968
6184.0,9.532088279724121,2.317638874053955,1003.2826301150053
6185.0,6.793649673461914,1.797552466392517,1003.4369121579948
6186.0,8.973307609558105,2.3532874584198,1003.5832219440053
6187.0,5.211235046386719,1.2558834552764893,1003.7090654759959
6188.0,17.11196517944336,3.1640148162841797,1003.8253329580039
6189.0,61.00156784057617,5.309891223907471,1003.9344320289965
6190.0,18.131567001342773,4.225934982299805,1004.0602674859983
6191.0,4.0028486251831055,0.9519802331924438,1004.1929914020002
6192.0,12.213417053222656,2.866837501525879,1004.3050419030042
6193.0,25.83165740966797,4.371816635131836,1004.4187033799972
6194.0,17.878662109375,3.4326844215393066,1004.5244035299984
6195.0,6.620035171508789,1.6289398670196533,1004.6285572740017
6196.0,34.09029769897461,5.111292362213135,1004.771872821002
6197.0,36.816497802734375,5.6148362159729,1004.9281959729997
6198.0,26.54268455505371,4.882529258728027,1005.0516919500078
6199.0,38.98602294921875,5.379538059234619,1005.2038054529985
6200.0,6.147134304046631,1.4511644840240479,1005.3275049320073
6201.0,18.47006607055664,3.5369465351104736,1009.3765670809953
6202.0,5.612890720367432,1.3758399486541748,1009.4825838480028
6203.0,18.595060348510742,3.590545415878296,1009.5867396980029
6204.0,11.542478561401367,3.0114781856536865,1009.7110060989944
6205.0,19.126182556152344,3.570186138153076,1009.8293106500059
6206.0,22.43599510192871,4.798931121826172,1009.9419481609948
6207.0,14.094101905822754,2.80993914604187,1010.0498722579941
6208.0,41.6563720703125,5.450080871582031,1010.1689031910064
6209.0,15.200021743774414,3.500145435333252,1010.2890568379953
6210.0,12.32366943359375,3.2713863849639893,1010.4190190869995
6211.0,5.2152934074401855,1.2952579259872437,1010.5411267370073
6212.0,18.853919982910156,3.4009437561035156,1010.6582826359954
6213.0,13.373077392578125,3.0138256549835205,1010.781475818003
6214.0,8.2826509475708,1.9571471214294434,1010.8947508639976
6215.0,6.399355888366699,1.7599531412124634,1011.0147756130027
6216.0,95.52214050292969,10.630215644836426,1011.1355291799991
6217.0,11.006813049316406,2.501819610595703,1011.249789198002
6218.0,47.6954231262207,7.237100601196289,1011.3653837940074
6219.0,18.195785522460938,3.6330976486206055,1011.5089032940014
6220.0,4.903613567352295,1.3857004642486572,1011.6186623149988
6221.0,6.568880558013916,1.860924243927002,1011.7206553879951
6222.0,34.22454071044922,5.294497966766357,1011.8417171140027
6223.0,30.15203285217285,5.216209411621094,1011.9551064200059
6224.0,16.38306427001953,3.8443691730499268,1012.0749109080061
6225.0,11.340641975402832,3.027987480163574,1012.1835966240033
6226.0,7.550187587738037,1.9172905683517456,1012.2932266959979
6227.0,38.179420471191406,5.644503593444824,1012.399229001996
6228.0,27.53413963317871,4.675515174865723,1012.5290260680049
6229.0,23.349933624267578,3.809056282043457,1012.6438048849959
6230.0,4.96776008605957,1.313917636871338,1012.7620457290031
6231.0,14.826559066772461,3.533639430999756,1012.8898851179983
6232.0,18.010372161865234,3.35155987739563,1013.0343514349952
6233.0,10.258635520935059,2.613003730773926,1013.162135681996
6234.0,40.48265838623047,8.951141357421875,1013.2849617669999
6235.0,12.488088607788086,2.854393720626831,1013.4039969580044
6236.0,19.07206153869629,3.934354782104492,1013.517391714995
6237.0,25.55089569091797,4.699510097503662,1013.6299880890001
6238.0,11.563109397888184,2.958548069000244,1013.7400959929946
6239.0,18.062721252441406,4.003849506378174,1013.8584875590022
6240.0,33.479042053222656,4.856917858123779,1013.9674041620019
6241.0,15.405779838562012,3.8472070693969727,1014.0717040080053
6242.0,17.873815536499023,4.633113861083984,1014.2047396130074
6243.0,15.125448226928711,2.6729347705841064,1014.336688876996
6244.0,8.074544906616211,2.0693747997283936,1014.4401697790017
6245.0,48.546531677246094,4.95257568359375,1014.5769211980078
6246.0,18.393470764160156,3.5392606258392334,1014.6880934000073
6247.0,13.17967414855957,3.086108446121216,1014.8173238960007
6248.0,32.0626220703125,5.540829658508301,1014.9515686859959
6249.0,31.035526275634766,4.950136661529541,1015.0634588480025
6250.0,6.503310203552246,1.7721271514892578,1015.1744404009951
6251.0,8.64522933959961,2.2218422889709473,1015.2869577030069
6252.0,14.344466209411621,3.408843755722046,1015.4180235120002
6253.0,40.18824768066406,4.885263919830322,1015.5390554070036
6254.0,5.802453994750977,1.5166929960250854,1015.6568431439955
6255.0,8.714921951293945,2.4596400260925293,1015.7752867770032
6256.0,25.95261001586914,4.003386974334717,1015.8846221919957
6257.0,17.9689998626709,4.934786319732666,1015.9963136769948
6258.0,15.158681869506836,3.1617658138275146,1016.1138632700022
6259.0,16.30708885192871,3.4063832759857178,1016.2248404639977
6260.0,38.05300521850586,5.736019611358643,1016.3395607730054
6261.0,110.15742492675781,17.726564407348633,1016.4655511430028
6262.0,20.620830535888672,4.38970947265625,1016.5785293160006
6263.0,15.931230545043945,3.2729902267456055,1016.6918125189986
6264.0,14.158483505249023,3.347747325897217,1016.8066568149952
6265.0,19.534481048583984,3.679676055908203,1016.9263782670023
6266.0,7.845292091369629,1.8838591575622559,1017.034097456999
6267.0,12.862098693847656,3.050320863723755,1017.1632282490027
6268.0,19.52631378173828,3.7707176208496094,1017.3025716380071
6269.0,22.922584533691406,3.7434210777282715,1017.4638992490072
6270.0,16.346637725830078,3.2238540649414062,1017.6074288399977
6271.0,12.888724327087402,2.7080860137939453,1017.7494474529958
6272.0,7.737130641937256,1.9497358798980713,1017.8764719049941
6273.0,22.918880462646484,3.771007537841797,1017.9915714740055
6274.0,16.947301864624023,3.8973255157470703,1018.1177806839987
6275.0,22.530529022216797,3.9871487617492676,1018.290292575999
6276.0,8.24679946899414,2.3662819862365723,1018.4093536279979
6277.0,72.05564880371094,8.684998512268066,1018.5564041369944
6278.0,7.353499412536621,1.8671783208847046,1018.6896188579994
6279.0,6.259819507598877,1.5859789848327637,1018.8128747870069
6280.0,5.619760990142822,1.4984475374221802,1018.9239376850019
6281.0,11.580215454101562,2.531202554702759,1019.0347216899972
6282.0,19.726390838623047,3.2581751346588135,1019.1484089339938
6283.0,22.604049682617188,4.155432224273682,1019.2754557440057
6284.0,30.44843292236328,4.6339216232299805,1019.4609838309989
6285.0,6.22210693359375,1.780326008796692,1019.6068394879985
6286.0,28.370758056640625,5.155427932739258,1019.7310362139979
6287.0,7.935504913330078,1.7438715696334839,1019.846313586997
6288.0,94.01445007324219,11.392009735107422,1020.014106201008
6289.0,5.116398334503174,1.3734716176986694,1020.1328377540049
6290.0,13.343502044677734,3.1446890830993652,1020.2538361729967
6291.0,7.7494425773620605,1.9752277135849,1020.3781105149974
6292.0,8.694784164428711,2.0625476837158203,1020.511126191006
6293.0,14.171317100524902,2.733207941055298,1020.7122916509979
6294.0,36.03179168701172,5.310758590698242,1020.8255153939972
6295.0,42.83934783935547,5.181085109710693,1020.9646289149969
6296.0,6.484718322753906,1.5222501754760742,1021.0691674520058
6297.0,54.2060432434082,6.0707478523254395,1021.1958684130077
6298.0,43.18871307373047,6.063385009765625,1021.3134143149946
6299.0,6.05183219909668,1.6005085706710815,1021.4284597759979
6300.0,4.873993873596191,1.197737455368042,1021.558922035998
6301.0,18.23697280883789,4.598819255828857,1025.7471495439968
6302.0,11.07307243347168,2.183633804321289,1025.8726231010078
6303.0,27.26856231689453,4.80427360534668,1026.0437275639997
6304.0,18.972145080566406,3.419301986694336,1026.1550431579963
6305.0,7.815543174743652,2.1083409786224365,1026.2559626750008
6306.0,9.068299293518066,2.2581472396850586,1026.357422549001
6307.0,9.735995292663574,2.20526123046875,1026.4601919410052
6308.0,6.2484660148620605,1.6648626327514648,1026.5718814629945
6309.0,44.70974349975586,4.671404838562012,1026.6797633399983
6310.0,18.872241973876953,3.555490493774414,1026.7871015580022
6311.0,13.014717102050781,2.5309786796569824,1026.9016090090008
6312.0,7.963061809539795,1.7860467433929443,1027.0271053799952
6313.0,17.70948600769043,4.166426181793213,1027.1391226130072
6314.0,7.433775424957275,1.7901865243911743,1027.261373995003
6315.0,27.98297119140625,5.044244289398193,1027.3763907300017
6316.0,11.908914566040039,2.4947211742401123,1027.495458698002
6317.0,19.98133087158203,3.824138879776001,1027.601632898004
6318.0,31.285388946533203,5.160329818725586,1027.712322167994
6319.0,22.81281280517578,3.6161952018737793,1027.8380232869968
6320.0,6.532019138336182,1.5374855995178223,1027.9462445389945
6321.0,5.746450424194336,1.5475764274597168,1028.068775451
6322.0,5.850617408752441,1.428162693977356,1028.1803854909958
6323.0,26.574909210205078,4.550468921661377,1028.2748260730004
6324.0,25.411075592041016,4.122155666351318,1028.3866019230045
6325.0,22.65494155883789,3.716562032699585,1028.5004481049982
6326.0,15.717534065246582,3.3771398067474365,1028.610382429004
6327.0,16.194194793701172,3.3307456970214844,1028.717957247005
6328.0,12.582112312316895,2.714547872543335,1028.8149140599999
6329.0,18.4051513671875,3.9125781059265137,1028.9192530040018
6330.0,13.018268585205078,2.5948822498321533,1029.0215138610074
6331.0,14.129867553710938,3.0391108989715576,1029.1320246920077
6332.0,13.88491439819336,3.0662078857421875,1029.2516523710074
6333.0,44.56828689575195,5.85536003112793,1029.405394083995
6334.0,45.138797760009766,7.167777061462402,1029.5403083200072
6335.0,15.228010177612305,3.782132148742676,1029.6536100609956
6336.0,14.521831512451172,3.045424461364746,1029.746672024994
6337.0,8.216102600097656,1.8434836864471436,1029.8646355679957
6338.0,11.845852851867676,3.298064708709717,1029.963940821006
6339.0,6.924784183502197,1.8846911191940308,1030.094726402007
6340.0,12.528968811035156,2.4312028884887695,1030.204025094994
6341.0,12.687657356262207,2.7026617527008057,1030.3185836659977
6342.0,16.115169525146484,3.409065008163452,1030.4375051639945
6343.0,42.177757263183594,6.808593273162842,1030.5650051310076
6344.0,31.478107452392578,4.8277058601379395,1030.6829306269938
6345.0,15.940836906433105,3.008253335952759,1030.7969302830024
6346.0,11.098340034484863,2.6265900135040283,1030.9191271580057
6347.0,75.56990051269531,8.995473861694336,1031.036950773996
6348.0,9.552690505981445,2.7534964084625244,1031.155761482005
6349.0,4.207515239715576,1.1473464965820312,1031.2614522390068
6350.0,7.6472015380859375,2.032930850982666,1031.3682982839964
6351.0,8.327252388000488,2.3656399250030518,1031.4763355589967
6352.0,13.95449447631836,3.160198211669922,1031.5999626560078
6353.0,181.8969268798828,24.100934982299805,1031.7157638210047
6354.0,11.236822128295898,2.9962735176086426,1031.8418405919947
6355.0,16.61952781677246,3.4292380809783936,1031.951531491999
6356.0,38.96900939941406,5.357330799102783,1032.0557619890023
6357.0,11.889649391174316,2.7654874324798584,1032.1705128299945
6358.0,28.37453269958496,5.07800817489624,1032.2946443770052
6359.0,14.57381820678711,3.0484933853149414,1032.4076619340049
6360.0,40.74787902832031,5.6924147605896,1032.5197594329948
6361.0,20.9063777923584,3.7795798778533936,1032.622110583994
6362.0,24.922183990478516,4.515355587005615,1032.7203903479967
6363.0,16.46121597290039,3.612659215927124,1032.8180061979947
6364.0,11.927857398986816,2.5636355876922607,1032.931406128002
6365.0,17.372474670410156,3.4627957344055176,1033.0252834099956
6366.0,6.033867835998535,1.471761703491211,1033.124703377005
6367.0,40.301963806152344,6.285020351409912,1033.2374082049937
6368.0,13.499960899353027,3.5177245140075684,1033.352190398
6369.0,25.03384780883789,4.773186206817627,1033.4722440769983
6370.0,16.37242889404297,2.6854469776153564,1033.5923488020053
6371.0,6.450928211212158,1.5778528451919556,1033.6984738059982
6372.0,8.036541938781738,2.22245717048645,1033.8037693340011
6373.0,13.47630500793457,2.1964473724365234,1033.9783790670044
6374.0,7.3011627197265625,1.4852982759475708,1034.0956091929984
6375.0,14.845690727233887,2.992795944213867,1034.2321382880036
6376.0,70.31207275390625,9.161776542663574,1034.3535940180009
6377.0,10.941144943237305,2.4381535053253174,1034.4616553310043
6378.0,3.2380762100219727,0.9214363098144531,1034.5801722379983
6379.0,39.62599563598633,6.659913063049316,1034.7032962509984
6380.0,19.702484130859375,3.530275821685791,1034.834734242002
6381.0,6.197948455810547,1.4927029609680176,1034.943709611005
6382.0,24.157756805419922,5.102596759796143,1035.0550901950046
6383.0,15.590363502502441,3.041543960571289,1035.1705981029954
6384.0,14.416177749633789,2.570932626724243,1035.299033629999
6385.0,24.204254150390625,4.826479434967041,1035.4200336789945
6386.0,5.545954704284668,1.4714325666427612,1035.5250037310034
6387.0,40.020450592041016,6.259186267852783,1035.6355067139957
6388.0,6.764465808868408,1.70131254196167,1035.7566991820058
6389.0,5.642868995666504,1.295600414276123,1035.9012798080075
6390.0,73.29644775390625,8.805585861206055,1036.0288105910004
6391.0,116.04918670654297,11.23237133026123,1036.1505281790014
6392.0,5.270723342895508,1.3747124671936035,1036.2617048829998
6393.0,40.70347213745117,6.874418258666992,1036.3861904840014
6394.0,13.62580394744873,3.041795015335083,1036.5255448300013
6395.0,9.29361343383789,2.6022825241088867,1036.6859255279996
6396.0,22.50253677368164,3.9426960945129395,1036.7940251200052
6397.0,14.363628387451172,3.2594683170318604,1036.9471056360053
6398.0,15.805662155151367,2.948946475982666,1037.054600411997
6399.0,14.290106773376465,3.110740900039673,1037.1672574490076
6400.0,6.058145046234131,1.7401623725891113,1037.2813081689965
6401.0,15.718507766723633,3.003971815109253,1041.4348262270069
6402.0,8.249101638793945,2.1370670795440674,1041.5425497929973
6403.0,42.16181564331055,5.636682510375977,1041.6576955560013
6404.0,13.223348617553711,2.9052040576934814,1041.7740698130074
6405.0,14.457374572753906,2.9722886085510254,1041.8839970560075
6406.0,6.4202375411987305,1.5537172555923462,1042.0004179840034
6407.0,59.96086883544922,7.34926700592041,1042.1071844069957
6408.0,11.689496040344238,2.320298433303833,1042.2213972470054
6409.0,57.76849365234375,6.649563789367676,1042.3494884969987
6410.0,35.78338623046875,5.397689342498779,1042.4667626209994
6411.0,27.91602325439453,4.942485809326172,1042.5846508789982
6412.0,16.915752410888672,3.201603889465332,1042.6989311210054
6413.0,5.875484466552734,1.5366815328598022,1042.8431596169976
6414.0,9.22295093536377,2.2740941047668457,1042.9599289920006
6415.0,14.410290718078613,3.223313093185425,1043.0762876560038
6416.0,5.809925556182861,1.5494334697723389,1043.1967987819953
6417.0,7.615675449371338,2.0436556339263916,1043.3163546099968
6418.0,7.248386859893799,1.6947039365768433,1043.418413188003
6419.0,13.050307273864746,2.8172826766967773,1043.5185405429947
6420.0,9.775035858154297,2.367199420928955,1043.6363435819949
6421.0,21.66837501525879,3.968616247177124,1043.7808817189944
6422.0,76.21797180175781,7.850846290588379,1043.921429932001
6423.0,11.553542137145996,2.521522045135498,1044.0343299450033
6424.0,6.155672073364258,1.5477579832077026,1044.142456785994
6425.0,82.4040298461914,9.700748443603516,1044.3060205549991
6426.0,19.629512786865234,3.6335885524749756,1044.502136944997
6427.0,13.830757141113281,3.099367618560791,1044.6509186949988
6428.0,29.13751220703125,4.678348541259766,1044.7655122840079
6429.0,42.75000762939453,5.9599928855896,1044.9276831089956
6430.0,5.338719844818115,1.4862103462219238,1045.0456677330076
6431.0,15.294065475463867,2.910496234893799,1045.1750735600071
6432.0,13.642501831054688,2.247014045715332,1045.27688202
6433.0,7.2545342445373535,1.749099850654602,1045.385080277003
6434.0,23.978069305419922,5.509134292602539,1045.501820106001
6435.0,12.668905258178711,2.8167052268981934,1045.604018173006
6436.0,14.94873046875,2.953914165496826,1045.7193080139987
6437.0,30.49613380432129,4.774287223815918,1045.8601194479998
6438.0,36.627464294433594,5.13512659072876,1045.9979516070016
6439.0,12.376874923706055,2.913515567779541,1046.121449334998
6440.0,5.9153337478637695,1.395999550819397,1046.2262313350075
6441.0,10.5518159866333,2.300367593765259,1046.3394009220065
6442.0,7.968606948852539,1.9462774991989136,1046.455917144005
6443.0,15.867599487304688,3.002981662750244,1046.5687448280078
6444.0,17.38016128540039,3.2421765327453613,1046.6748232039972
6445.0,13.716967582702637,2.704160451889038,1046.7904176989978
6446.0,5.665146827697754,1.6281943321228027,1046.905109348998
6447.0,9.128827095031738,2.431037187576294,1047.0098006040062
6448.0,7.117791175842285,1.9076679944992065,1047.1141045749973
6449.0,39.75030517578125,6.350696086883545,1047.2339012120065
6450.0,6.934669017791748,1.7329076528549194,1047.344628567007
6451.0,9.73416519165039,2.475175380706787,1047.496882528998
6452.0,13.856639862060547,2.7647690773010254,1047.6328145000007
6453.0,42.79135513305664,5.167079925537109,1047.762022587005
6454.0,19.27089500427246,3.369320869445801,1047.859553043003
6455.0,8.179579734802246,2.3721296787261963,1047.9849950500065
6456.0,23.505517959594727,4.091940879821777,1048.1558580300043
6457.0,22.53470802307129,3.5109939575195312,1048.3365072290035
6458.0,31.615447998046875,5.128861427307129,1048.4960567069938
6459.0,8.092531204223633,2.160273551940918,1048.6211357349966
6460.0,13.218653678894043,3.0110902786254883,1048.7476343989983
6461.0,21.098623275756836,3.61869478225708,1048.8684328929958
6462.0,22.663860321044922,4.049822807312012,1049.0347124940017
6463.0,14.672065734863281,3.213001251220703,1049.2113599069999
6464.0,19.122901916503906,3.7533211708068848,1049.3175425740046
6465.0,8.214012145996094,2.351607322692871,1049.433432374004
6466.0,9.904033660888672,2.655240297317505,1049.5755837059987
6467.0,8.545774459838867,2.42806339263916,1049.7203503899946
6468.0,12.595907211303711,2.7690632343292236,1049.8943318630045
6469.0,16.204174041748047,2.877690315246582,1050.1545716300025
6470.0,8.517997741699219,2.1288352012634277,1050.2745860120049
6471.0,7.396568298339844,1.8763686418533325,1050.4080786099948
6472.0,30.321428298950195,4.031495094299316,1050.5733238620014
6473.0,21.08208465576172,3.6130659580230713,1050.687945187994
6474.0,18.72516441345215,4.131970405578613,1050.8532215239975
6475.0,18.669677734375,3.700594902038574,1051.0234099689987
6476.0,31.426868438720703,5.515530586242676,1051.2044404479966
6477.0,9.37006664276123,2.1937897205352783,1051.3178316569974
6478.0,10.718523979187012,2.1319050788879395,1051.4322692330024
6479.0,19.072895050048828,3.6293177604675293,1051.5593370450079
6480.0,5.880342960357666,1.5531034469604492,1051.7168625399936
6481.0,18.61174774169922,3.2084925174713135,1051.8629730340035
6482.0,35.444480895996094,5.775087833404541,1052.035401112007
6483.0,22.519243240356445,3.606759548187256,1052.2189253849938
6484.0,8.991424560546875,2.3221209049224854,1052.4020913139975
6485.0,22.32639503479004,3.5521674156188965,1052.5286697690026
6486.0,7.797210693359375,1.7321444749832153,1052.7032597789948
6487.0,10.543051719665527,2.669985294342041,1052.823388068995
6488.0,5.779289245605469,1.4381998777389526,1052.9965956550004
6489.0,11.652054786682129,2.4752609729766846,1053.121883683998
6490.0,6.615626335144043,1.9556186199188232,1053.2448416260013
6491.0,19.820499420166016,3.8097994327545166,1053.3640980320051
6492.0,11.442846298217773,2.378916025161743,1053.5207110240008
6493.0,13.188477516174316,3.9260451793670654,1053.6458696570044
6494.0,18.040651321411133,3.7084155082702637,1053.8175355160056
6495.0,16.26230239868164,3.763853073120117,1053.9410398239997
6496.0,9.647878646850586,2.790724754333496,1054.0571052430023
6497.0,10.607494354248047,2.5015671253204346,1054.1791979730042
6498.0,25.11662483215332,3.6381142139434814,1054.356475995999
6499.0,23.729393005371094,3.9950056076049805,1054.4713150619937
6500.0,6.923628330230713,1.6865832805633545,1054.6185647950042
6501.0,6.813004016876221,1.8132725954055786,1059.104671455003
6502.0,38.26988983154297,5.386919975280762,1059.2754565590003
6503.0,7.398550033569336,1.9066998958587646,1059.3964545740018
6504.0,36.27930450439453,5.339359283447266,1059.5290136709955
6505.0,7.684903144836426,1.9076642990112305,1059.656685406997
6506.0,4.7278618812561035,1.1649383306503296,1060.4055522370036
6507.0,19.56643295288086,4.380952835083008,1061.215488501999
6508.0,138.119140625,20.35911750793457,1062.249720961001
6509.0,22.215320587158203,4.790410041809082,1063.0050064889947
6510.0,26.932395935058594,4.185354232788086,1063.7733684569976
6511.0,20.38614845275879,3.7546117305755615,1063.9723419039947
6512.0,13.152724266052246,3.203899383544922,1064.0829928900057
6513.0,16.148540496826172,3.518432140350342,1064.1960901190032
6514.0,13.865219116210938,3.612041473388672,1064.312114593995
6515.0,12.262300491333008,2.009540557861328,1064.4514038360066
6516.0,8.088396072387695,1.9583148956298828,1064.5566111969965
6517.0,9.894342422485352,2.414105176925659,1064.665120870006
6518.0,9.426129341125488,2.696523427963257,1064.8014114270045
6519.0,14.25908088684082,3.1114742755889893,1064.9368734669988
6520.0,6.140341281890869,1.8401710987091064,1065.0515143189987
6521.0,19.773250579833984,4.221378326416016,1065.1750989889988
6522.0,18.4030704498291,3.762319564819336,1065.2901800349937
6523.0,32.42840576171875,4.9485182762146,1065.4088854239963
6524.0,7.358944416046143,1.7951923608779907,1065.5258567749988
6525.0,29.90694236755371,4.644647598266602,1065.6397221210063
6526.0,25.168519973754883,4.1250386238098145,1065.753327243001
6527.0,5.78489351272583,1.637098789215088,1065.8685590910027
6528.0,6.178092956542969,1.6085950136184692,1065.9926000039995
6529.0,9.432456970214844,2.585272789001465,1066.100178631008
6530.0,26.493478775024414,4.994382381439209,1066.207244417994
6531.0,17.510757446289062,3.393702745437622,1066.3184788229992
6532.0,10.546611785888672,2.3956427574157715,1066.4387307129946
6533.0,8.27013111114502,1.9256126880645752,1066.5502241680078
6534.0,11.567493438720703,2.5133862495422363,1066.6630925039935
6535.0,33.118289947509766,4.788202285766602,1066.799542667999
6536.0,12.563650131225586,2.6430375576019287,1066.9100704370067
6537.0,10.774835586547852,2.3598861694335938,1067.0458230770018
6538.0,9.31397819519043,2.679625988006592,1067.184711875001
6539.0,27.958221435546875,4.805887222290039,1067.348784781003
6540.0,7.295129776000977,2.123124837875366,1067.486408369994
6541.0,148.9681854248047,20.37825584411621,1067.6223404089978
6542.0,9.259065628051758,2.1823222637176514,1067.7306169119984
6543.0,75.23502349853516,11.228167533874512,1067.847448237997
6544.0,10.21697998046875,2.729912757873535,1067.9561088240007
6545.0,11.093507766723633,2.3606884479522705,1068.1207574510045
6546.0,5.2619404792785645,1.3406012058258057,1068.2430479850009
6547.0,23.618173599243164,4.7995100021362305,1068.3606235189945
6548.0,9.941465377807617,1.8478788137435913,1068.472567320001
6549.0,14.219808578491211,3.3813376426696777,1068.579399409995
6550.0,43.2498779296875,6.99843168258667,1068.6983082299994
6551.0,43.32647705078125,6.363116264343262,1068.8234653389954
6552.0,11.365467071533203,2.7012650966644287,1068.9409233019978
6553.0,43.207618713378906,6.639066219329834,1069.049251104996
6554.0,28.621501922607422,4.620966911315918,1069.1597840199975
6555.0,27.014482498168945,4.409987449645996,1069.2857465550042
6556.0,29.00476837158203,4.676848888397217,1069.4004140729958
6557.0,12.249176025390625,2.8218250274658203,1069.516638948
6558.0,3.5450079441070557,0.9037315249443054,1069.659376865995
6559.0,22.702102661132812,4.495879173278809,1069.776289774003
6560.0,9.286317825317383,2.0678112506866455,1069.917241616
6561.0,31.835758209228516,4.835177898406982,1070.0559517060028
6562.0,46.00717544555664,6.850217819213867,1070.1774871289963
6563.0,37.90635299682617,4.188800811767578,1070.2906875250046
6564.0,17.07331085205078,3.5650010108947754,1070.401900650002
6565.0,8.953848838806152,2.036790132522583,1070.5414444600028
6566.0,11.142993927001953,2.690708637237549,1070.6768569419946
6567.0,143.59701538085938,14.131272315979004,1070.8057958849968
6568.0,16.46070098876953,3.2735648155212402,1070.9530264130008
6569.0,33.071224212646484,4.958474159240723,1071.121169664999
6570.0,23.54831314086914,4.09696102142334,1071.2427603179967
6571.0,28.58970069885254,4.959980010986328,1071.3762927729986
6572.0,10.132509231567383,2.8286004066467285,1071.519483527998
6573.0,34.833702087402344,5.213769912719727,1071.6308101510076
6574.0,17.998136520385742,3.201580047607422,1071.7644420830038
6575.0,6.878032684326172,1.777390718460083,1071.8798082050052
6576.0,7.803850173950195,1.8020366430282593,1072.0010906520038
6577.0,6.3757123947143555,1.6449830532073975,1072.1094771189964
6578.0,9.218741416931152,2.236935615539551,1072.219692564002
6579.0,32.12153625488281,5.266756534576416,1072.3620453790063
6580.0,30.627260208129883,4.706873893737793,1072.5001903219963
6581.0,6.419060707092285,1.8286892175674438,1072.6639696140046
6582.0,15.796455383300781,2.965569019317627,1072.7805333750002
6583.0,6.922231197357178,1.6991136074066162,1072.9335036090051
6584.0,36.256771087646484,4.461863040924072,1073.0513175170054
6585.0,15.902809143066406,3.6183459758758545,1073.1765441339958
6586.0,10.332148551940918,2.1394217014312744,1073.3218276800035
6587.0,14.93389892578125,2.519541025161743,1073.4494726279954
6588.0,6.915087699890137,2.1669883728027344,1073.5627630719973
6589.0,22.94447898864746,3.707218885421753,1073.6858561700064
6590.0,20.514984130859375,3.486459970474243,1073.8250055789977
6591.0,5.8017191886901855,1.7686481475830078,1073.9494847349997
6592.0,8.61552906036377,2.330941915512085,1074.0789324590005
6593.0,23.32881736755371,4.965320110321045,1074.250331408999
6594.0,10.789693832397461,2.614208459854126,1074.371053297
6595.0,34.853981018066406,5.247476100921631,1074.4932503760065
6596.0,10.768696784973145,2.402547597885132,1074.6302875440015
6597.0,16.730134963989258,3.3586320877075195,1074.8184296830004
6598.0,59.087005615234375,7.423529148101807,1074.9658269850042
6599.0,60.331748962402344,8.644091606140137,1075.0975462789938
6600.0,24.693389892578125,5.502713203430176,1075.254923378001
6601.0,15.681877136230469,3.921670913696289,1079.6919195640075
6602.0,23.961891174316406,3.8400821685791016,1079.8066732620064
6603.0,40.131248474121094,6.903885841369629,1079.919425236003
6604.0,36.48037338256836,5.805023193359375,1080.043670692001
6605.0,15.55490493774414,2.992471933364868,1080.1980800320016
6606.0,37.00959396362305,5.98692512512207,1080.3101431039977
6607.0,24.742000579833984,4.556496620178223,1080.4363910630054
6608.0,17.508777618408203,3.6375436782836914,1080.5717238289944
6609.0,11.662354469299316,2.377065658569336,1080.7057502579992
6610.0,11.743545532226562,3.041583299636841,1080.846594675997
6611.0,10.44748306274414,2.845794677734375,1080.9736991789978
6612.0,12.913732528686523,3.1687800884246826,1081.1325078700029
6613.0,16.53376007080078,4.005709171295166,1081.262806615996
6614.0,21.625186920166016,4.765433311462402,1081.3746669999964
6615.0,32.07500457763672,4.828991413116455,1081.546849708
6616.0,38.46833419799805,5.015092849731445,1081.6497934880026
6617.0,36.625953674316406,4.782262325286865,1081.7548501830024
6618.0,6.805819511413574,1.6151200532913208,1081.8759602560021
6619.0,19.146940231323242,3.0164785385131836,1082.0473250439973
6620.0,30.285499572753906,3.6289870738983154,1082.1580703079962
6621.0,32.30775451660156,5.642728805541992,1082.279349236007
6622.0,16.071247100830078,4.299378395080566,1082.410729369003
6623.0,7.23659610748291,1.9801102876663208,1082.5871893150033
6624.0,31.168434143066406,5.255083084106445,1082.718320037995
6625.0,13.793896675109863,3.086280107498169,1082.8535984930058
6626.0,5.391448020935059,1.3952285051345825,1082.9690431890049
6627.0,29.49761199951172,4.153111934661865,1083.1160978520056
6628.0,21.789764404296875,3.4639575481414795,1083.2520474880002
6629.0,8.453640937805176,1.9215245246887207,1083.379663560001
6630.0,8.089273452758789,2.1439568996429443,1083.5253983169969
6631.0,64.69322204589844,8.236370086669922,1083.6457329340046
6632.0,11.927848815917969,2.3980166912078857,1083.7739867930068
6633.0,6.377513885498047,1.4908740520477295,1083.8779773879942
6634.0,28.650588989257812,4.849742889404297,1083.9985368630005
6635.0,8.475842475891113,2.0111961364746094,1084.1240260720078
6636.0,27.14077377319336,5.182660102844238,1084.2722693219985
6637.0,18.05478286743164,3.2263362407684326,1084.3763137040078
6638.0,9.197821617126465,2.344059944152832,1084.4999064190051
6639.0,7.529569625854492,1.8661949634552002,1084.6271593590063
6640.0,10.445566177368164,2.381255626678467,1084.7745814700029
6641.0,11.91208267211914,2.32118558883667,1084.9083361789963
6642.0,9.915399551391602,2.2758162021636963,1085.0200466740062
6643.0,24.653076171875,4.28112268447876,1085.1521998280077
6644.0,4.229001522064209,1.1110222339630127,1085.2686349430005
6645.0,36.246253967285156,5.433228492736816,1085.3944522950042
6646.0,18.98004913330078,3.264615058898926,1085.5195541239955
6647.0,6.269137859344482,1.5682377815246582,1085.6320677159965
6648.0,6.672567844390869,1.9744493961334229,1085.740630579996
6649.0,32.49934387207031,5.22341251373291,1085.8963291580003
6650.0,7.462978363037109,2.0890841484069824,1086.0267331689975
6651.0,4.825469017028809,1.3031479120254517,1086.1712103949976
6652.0,40.17857360839844,5.586601257324219,1086.2971253090072
6653.0,21.082080841064453,3.471590757369995,1086.4030961539975
6654.0,35.5776481628418,5.518894195556641,1086.5053438970062
6655.0,38.27257537841797,4.405409812927246,1086.606842920999
6656.0,6.235424995422363,1.5091503858566284,1086.7293598760007
6657.0,88.61248779296875,9.544584274291992,1086.8614224079938
6658.0,17.537668228149414,3.4729251861572266,1086.9860347590002
6659.0,29.739267349243164,4.143313407897949,1087.1143266849976
6660.0,18.48721694946289,3.152949571609497,1087.223080145006
6661.0,13.525152206420898,2.8958740234375,1087.3351811989996
6662.0,49.42277145385742,6.865126609802246,1087.451149643006
6663.0,30.31048011779785,5.123297214508057,1087.5959476309945
6664.0,37.40325164794922,6.177134037017822,1087.7081656869996
6665.0,10.642875671386719,2.874478816986084,1087.8225960739946
6666.0,13.556394577026367,3.7096874713897705,1087.9356331669987
6667.0,8.247001647949219,1.831483006477356,1088.0437266240042
6668.0,67.25698852539062,7.436083793640137,1088.1607658569992
6669.0,22.222118377685547,4.2444329261779785,1088.2808924529963
6670.0,43.20618438720703,6.766274452209473,1088.4266449520073
6671.0,66.75749969482422,12.023775100708008,1088.5365280429978
6672.0,12.052328109741211,2.840348720550537,1088.6465785659966
6673.0,14.394271850585938,3.2009336948394775,1088.765298362996
6674.0,54.4908332824707,10.634682655334473,1088.8808408049954
6675.0,11.971471786499023,2.7473747730255127,1088.9940631469944
6676.0,7.206972122192383,1.9493986368179321,1089.1188724780077
6677.0,14.721311569213867,3.5249059200286865,1089.266541830002
6678.0,30.330852508544922,4.542156219482422,1089.3975097570074
6679.0,15.42869758605957,3.014449119567871,1089.5519667509943
6680.0,19.654190063476562,3.5026767253875732,1089.671470892994
6681.0,4.838513374328613,1.1326978206634521,1089.7943761439965
6682.0,7.41356086730957,1.481484293937683,1089.967329570005
6683.0,9.854423522949219,2.0274362564086914,1090.1015513890015
6684.0,31.23902702331543,5.447751045227051,1090.2343227200035
6685.0,11.658955574035645,2.674919366836548,1090.3535618580063
6686.0,11.136524200439453,3.4286787509918213,1090.4936891599937
6687.0,80.22745513916016,8.742484092712402,1090.6283415880025
6688.0,17.976219177246094,3.059580087661743,1090.7385373160068
6689.0,24.283695220947266,3.9165923595428467,1090.886518918007
6690.0,7.287130832672119,1.503318428993225,1091.0563509259955
6691.0,21.867233276367188,3.928415536880493,1091.1724704340013
6692.0,30.30104637145996,5.10141658782959,1091.2972677689977
6693.0,3.1689164638519287,0.8381890654563904,1091.4224056219973
6694.0,9.398488998413086,2.136759042739868,1091.5398109060043
6695.0,18.295167922973633,4.151796340942383,1091.673275402005
6696.0,8.453716278076172,2.291569709777832,1091.796198422002
6697.0,26.954654693603516,4.330236911773682,1091.9743977830076
6698.0,19.892803192138672,4.129190444946289,1092.0897675150045
6699.0,21.089365005493164,4.311819553375244,1092.2766131300014
6700.0,32.63773727416992,7.565526485443115,1092.4236722640053
6701.0,10.897500991821289,3.218752861022949,1096.6099330580037
6702.0,15.279568672180176,3.4128339290618896,1096.7750411260058
6703.0,6.4442901611328125,1.5104302167892456,1096.8807829580037
6704.0,5.394293308258057,1.2301249504089355,1096.9902996620076
6705.0,25.094982147216797,4.4782915115356445,1097.142660958998
6706.0,19.649486541748047,3.2900731563568115,1097.3218179219984
6707.0,73.76213073730469,7.838317394256592,1097.4780620179954
6708.0,10.279064178466797,2.5878007411956787,1097.6247328369936
6709.0,7.326479911804199,1.6773580312728882,1097.761515516002
6710.0,15.745729446411133,3.2497479915618896,1097.9040857369982
6711.0,10.713683128356934,2.647660493850708,1098.0384155530046
6712.0,32.84413146972656,5.68773889541626,1098.1858495339984
6713.0,24.811222076416016,4.73952579498291,1098.3165250190068
6714.0,111.489501953125,11.64548397064209,1098.4845605360024
6715.0,70.97004699707031,8.035247802734375,1098.6108653099946
6716.0,11.620523452758789,2.6636528968811035,1098.7383487339976
6717.0,51.181488037109375,7.680050373077393,1098.8731424480065
6718.0,34.46044921875,7.1919074058532715,1099.0055499900045
6719.0,48.89054870605469,7.394330024719238,1099.1150510309963
6720.0,288.5206298828125,25.2119197845459,1099.2239517359994
6721.0,215.5423583984375,17.636018753051758,1099.334693865996
6722.0,53.128326416015625,6.323041915893555,1099.4531745450076
6723.0,6.047307014465332,1.573621153831482,1099.5971957519941
6724.0,17.135412216186523,3.0941569805145264,1099.7370337199973
6725.0,8.494950294494629,2.128431558609009,1099.8787614780013
6726.0,18.87666893005371,4.018244743347168,1100.0192466839944
6727.0,109.31234741210938,10.276776313781738,1100.1549955310038
6728.0,24.659542083740234,4.284933090209961,1100.3081540120038
6729.0,32.42331314086914,6.404796600341797,1100.4730703539972
6730.0,72.97225952148438,8.647441864013672,1100.6056143629976
6731.0,75.56990051269531,8.194001197814941,1100.7517728660023
6732.0,8.666301727294922,1.8629297018051147,1100.876372519997
6733.0,6.745852947235107,1.65891695022583,1101.0014996020036
6734.0,17.33321189880371,3.7736170291900635,1101.1464746279962
6735.0,10.4486083984375,2.4877631664276123,1101.273981225997
6736.0,10.759363174438477,2.3947501182556152,1101.3842006630002
6737.0,6.776945114135742,1.7013055086135864,1101.4947030309995
6738.0,15.47852611541748,3.8535571098327637,1101.6066053609975
6739.0,14.736628532409668,2.898859977722168,1101.7210451499996
6740.0,78.40928649902344,8.161945343017578,1101.8329596679978
6741.0,9.706966400146484,2.622988700866699,1101.9423373409954
6742.0,7.500965595245361,1.8806540966033936,1102.0557141330064
6743.0,52.772254943847656,7.771785736083984,1102.1714226259937
6744.0,6.199177265167236,1.4491181373596191,1102.2874850119988
6745.0,26.861087799072266,5.214948654174805,1102.4155245029979
6746.0,14.663657188415527,3.332526922225952,1102.5318691400025
6747.0,18.294715881347656,4.112734317779541,1102.6417398360063
6748.0,20.84885025024414,3.6903631687164307,1102.7502958469995
6749.0,9.673303604125977,2.682934045791626,1102.859382235998
6750.0,23.129100799560547,3.3215677738189697,1102.9688050480036
6751.0,28.36429786682129,4.7429280281066895,1103.1142782649986
6752.0,31.604145050048828,4.9083075523376465,1103.2291287249973
6753.0,26.60147476196289,4.848740100860596,1103.3381453199981
6754.0,37.272464752197266,5.763699531555176,1103.4464452350076
6755.0,11.73812484741211,2.272829294204712,1103.564626722
6756.0,7.894674301147461,2.074626922607422,1103.6854353929957
6757.0,29.183643341064453,4.676172733306885,1103.8074281739973
6758.0,6.651229381561279,1.5493396520614624,1103.9197291710007
6759.0,32.57210159301758,5.822274208068848,1104.0353410149983
6760.0,11.152650833129883,2.9525606632232666,1104.1576515030029
6761.0,16.032760620117188,2.963371992111206,1104.2885832140018
6762.0,15.497912406921387,2.966066837310791,1104.425977128005
6763.0,11.557400703430176,2.8974123001098633,1104.544707085006
6764.0,12.967727661132812,2.8599436283111572,1104.6866909030068
6765.0,7.048933982849121,1.9784936904907227,1104.837029286995
6766.0,14.033780097961426,3.449455499649048,1104.9829201450048
6767.0,36.83546447753906,5.835544586181641,1105.1201527499943
6768.0,30.01177978515625,7.02515172958374,1105.2611836129945
6769.0,9.401970863342285,2.5173635482788086,1105.395275834002
6770.0,24.612445831298828,4.720157623291016,1105.519766551006
6771.0,10.529008865356445,2.4102790355682373,1105.639951361998
6772.0,14.061932563781738,3.0813117027282715,1105.8005964699987
6773.0,23.691158294677734,4.271966934204102,1105.948162989007
6774.0,6.28681755065918,1.5577470064163208,1106.0802875740046
6775.0,6.89823579788208,1.647182822227478,1106.2075083730015
6776.0,8.364400863647461,2.4227325916290283,1106.3483486500045
6777.0,55.518890380859375,7.0172929763793945,1106.4603294539993
6778.0,13.883064270019531,2.546427011489868,1106.5760087639937
6779.0,4.425040245056152,1.155018925666809,1106.7027593240055
6780.0,13.566909790039062,2.8409416675567627,1106.8668063570076
6781.0,28.856407165527344,4.9131245613098145,1107.0061718689976
6782.0,21.964656829833984,4.308523178100586,1107.1672460459959
6783.0,13.040999412536621,3.535226583480835,1107.3119367400068
6784.0,9.337666511535645,1.9855808019638062,1107.4696489530033
6785.0,23.536964416503906,3.6755754947662354,1107.6836129660078
6786.0,34.60426712036133,4.2090911865234375,1107.8324887250055
6787.0,15.55245590209961,3.299159049987793,1107.993363874004
6788.0,32.34246063232422,4.827692985534668,1108.1606955400057
6789.0,59.784976959228516,6.9668049812316895,1108.3091362730047
6790.0,18.07325553894043,2.5118424892425537,1108.4430716210045
6791.0,18.07607650756836,3.544614315032959,1108.5711675659986
6792.0,8.90757942199707,2.4165279865264893,1108.6974118159997
6793.0,40.76921081542969,5.422486305236816,1108.8237912860059
6794.0,6.839283466339111,1.7779655456542969,1108.9656281899952
6795.0,15.23956298828125,3.18987774848938,1109.081759296998
6796.0,16.317934036254883,2.988511085510254,1109.2112396790035
6797.0,84.76102447509766,10.247211456298828,1109.3351431810006
6798.0,6.0145158767700195,1.5349375009536743,1109.4937742220063
6799.0,11.215099334716797,2.3630311489105225,1109.679371161008
6800.0,15.594143867492676,2.829857110977173,1109.8353060079971
6801.0,12.306864738464355,2.3374295234680176,1114.411349367001
6802.0,43.308067321777344,6.617886543273926,1114.5272530109942
6803.0,14.80921459197998,2.428609848022461,1114.646494126995
6804.0,108.51240539550781,16.99701499938965,1114.7705306629941
6805.0,9.625465393066406,2.5423331260681152,1114.9123290220014
6806.0,8.566997528076172,2.1479527950286865,1115.035470885996
6807.0,10.721622467041016,2.5902884006500244,1115.1755393950007
6808.0,12.815462112426758,2.65313720703125,1115.2902321940055
6809.0,11.215860366821289,2.3059821128845215,1115.4137351730024
6810.0,27.31613540649414,5.144312858581543,1115.5414220139937
6811.0,63.3061408996582,11.785698890686035,1115.661229232006
6812.0,21.111942291259766,3.317925214767456,1115.7883002140006
6813.0,6.96811580657959,1.7666938304901123,1115.9462397540046
6814.0,4.696689128875732,1.2010577917099,1116.0755797250022
6815.0,9.591950416564941,2.069333553314209,1116.1974621599948
6816.0,23.497526168823242,4.681030750274658,1116.3125725470018
6817.0,11.932123184204102,3.329369068145752,1116.436587846998
6818.0,7.324084281921387,1.6653943061828613,1116.555574462007
6819.0,35.55430221557617,7.208017826080322,1116.683032011002
6820.0,15.769489288330078,2.7662603855133057,1116.8252307119983
6821.0,23.997852325439453,4.2088799476623535,1116.96698071
6822.0,15.446954727172852,2.6228318214416504,1117.122050623002
6823.0,14.337444305419922,2.7469449043273926,1117.238014668008
6824.0,5.818497657775879,1.3553965091705322,1117.3637508469983
6825.0,20.84231185913086,4.850940704345703,1117.511048572007
6826.0,11.185903549194336,3.063512086868286,1117.6407223040005
6827.0,33.413394927978516,4.7015156745910645,1117.7519937339966
6828.0,8.724045753479004,2.0613956451416016,1117.8756860239955
6829.0,5.264871120452881,1.3714503049850464,1117.9960879010032
6830.0,38.72092056274414,5.96774435043335,1118.1120823859965
6831.0,9.993659973144531,2.323045253753662,1118.2386424959986
6832.0,11.646734237670898,2.648340940475464,1118.3604582230037
6833.0,6.177515029907227,1.8269511461257935,1118.504136757998
6834.0,21.985363006591797,3.7401111125946045,1118.6232014169946
6835.0,23.24441146850586,3.7120845317840576,1118.772935015004
6836.0,22.95400047302246,3.865320920944214,1118.910997126004
6837.0,6.1575164794921875,1.655883550643921,1119.051389979999
6838.0,6.054676055908203,1.759112000465393,1119.191459431997
6839.0,8.228218078613281,2.2274694442749023,1119.345174386006
6840.0,9.009099960327148,2.274848461151123,1119.5302510890033
6841.0,66.06706237792969,9.553380012512207,1119.6529820440046
6842.0,34.0244140625,4.999160289764404,1119.8018658240035
6843.0,35.46791458129883,5.150246620178223,1119.9483217030065
6844.0,24.96306610107422,4.679274559020996,1120.0897433250066
6845.0,15.60372543334961,2.3659751415252686,1120.2413267719967
6846.0,10.911579132080078,2.5038375854492188,1120.365558919002
6847.0,4.734286785125732,1.3164353370666504,1120.4876302040066
6848.0,9.51635456085205,2.3433220386505127,1120.6215927900048
6849.0,6.811235427856445,1.9752353429794312,1120.777152908995
6850.0,24.679580688476562,3.9799535274505615,1120.8875051009963
6851.0,21.051513671875,3.9079761505126953,1121.0033509019995
6852.0,93.33633422851562,9.978482246398926,1121.1499264279992
6853.0,35.45158004760742,5.768570423126221,1121.2799248910014
6854.0,6.464445114135742,2.0576374530792236,1121.429877571005
6855.0,17.504104614257812,3.304838180541992,1121.5722347810079
6856.0,17.099092483520508,3.493788719177246,1121.6990400549985
6857.0,15.047893524169922,3.1119089126586914,1121.8373543750058
6858.0,10.02166748046875,2.241547107696533,1121.9726308789977
6859.0,8.098400115966797,1.8171006441116333,1122.0862440810015
6860.0,31.439697265625,4.823777198791504,1122.201459267002
6861.0,11.743657112121582,2.3810198307037354,1122.3300623329997
6862.0,26.26704978942871,4.339837074279785,1122.4846269429981
6863.0,11.79833984375,2.462057113647461,1122.5929845030041
6864.0,65.57182312011719,8.593353271484375,1122.719948729995
6865.0,31.817157745361328,5.776101112365723,1122.8561360220046
6866.0,29.755144119262695,5.168543338775635,1122.9819361550035
6867.0,14.141474723815918,3.069622039794922,1123.0986547329958
6868.0,10.23449993133545,2.1962785720825195,1123.225707375008
6869.0,11.998308181762695,2.688626527786255,1123.3605586699996
6870.0,20.03272247314453,3.7535159587860107,1123.4789174189937
6871.0,6.0591630935668945,1.5775859355926514,1123.5901261679974
6872.0,64.74143981933594,8.014631271362305,1123.7277055339946
6873.0,34.314002990722656,5.085721015930176,1123.8793665450066
6874.0,38.2062873840332,6.269676208496094,1124.038150345994
6875.0,13.281987190246582,3.136155843734741,1124.1651311360038
6876.0,21.377336502075195,4.49849796295166,1124.3415482900018
6877.0,114.60200500488281,12.445228576660156,1124.4609791139956
6878.0,22.27488899230957,5.09794282913208,1124.5952992749953
6879.0,44.195411682128906,7.084419250488281,1124.730204506006
6880.0,8.935661315917969,2.2815322875976562,1124.8454839930055
6881.0,27.15460777282715,4.813873767852783,1124.9624159700033
6882.0,9.378959655761719,2.1071431636810303,1125.146605928996
6883.0,8.969816207885742,2.5195815563201904,1125.2988299489953
6884.0,80.21160888671875,8.976491928100586,1125.4759507470008
6885.0,7.975876808166504,1.906006932258606,1125.621174756001
6886.0,15.67192268371582,2.6318812370300293,1125.7441463440045
6887.0,15.41726303100586,3.472975254058838,1125.8675491339964
6888.0,7.009551048278809,1.6243551969528198,1125.9775608500058
6889.0,13.147100448608398,3.099236011505127,1126.098978456008
6890.0,6.363633155822754,1.544335126876831,1126.2554054850043
6891.0,10.49853515625,2.8615636825561523,1126.3794146059954
6892.0,7.444705009460449,2.0169949531555176,1126.5372606930032
6893.0,9.824016571044922,2.1840980052948,1126.6779377589992
6894.0,15.971238136291504,3.3237051963806152,1126.8235195620073
6895.0,7.0874834060668945,1.933070182800293,1126.9587345400068
6896.0,12.912057876586914,3.0138368606567383,1127.0907874380064
6897.0,10.462913513183594,2.1894474029541016,1127.2467690649937
6898.0,11.023576736450195,1.9477578401565552,1127.4190662059991
6899.0,8.872088432312012,2.274566650390625,1127.5619420980074
6900.0,14.793545722961426,3.554724931716919,1127.7203074120043
6901.0,20.01470184326172,3.8656749725341797,1132.3612041099987
6902.0,16.613040924072266,3.076625108718872,1132.4871188840043
6903.0,25.017284393310547,4.065385341644287,1132.6037604000012
6904.0,11.766684532165527,2.258542537689209,1132.7128600279975
6905.0,24.103759765625,3.6101233959198,1132.8526652180008
6906.0,8.138612747192383,1.880893349647522,1132.9662974800012
6907.0,24.412546157836914,4.258750915527344,1133.077446633004
6908.0,7.283566951751709,2.1090915203094482,1133.198952589999
6909.0,7.52195930480957,1.7843176126480103,1133.329959819006
6910.0,23.645153045654297,4.062427997589111,1133.4424228090065
6911.0,19.521682739257812,3.5155489444732666,1133.5589419330063
6912.0,36.56049346923828,7.189218044281006,1133.6732375660067
6913.0,26.498924255371094,4.769047260284424,1133.818305984998
6914.0,31.59334945678711,4.312750339508057,1133.9423038569948
6915.0,7.320873260498047,1.7363231182098389,1134.0606493300002
6916.0,31.287858963012695,5.10432243347168,1134.1976280030067
6917.0,21.67587661743164,3.703653573989868,1134.3233946490072
6918.0,13.839618682861328,2.9979074001312256,1134.469496974998
6919.0,4.657415866851807,1.24470055103302,1134.6021808799997
6920.0,10.010669708251953,2.2726409435272217,1134.7345643150038
6921.0,17.500484466552734,3.3083043098449707,1134.858375058
6922.0,7.262062072753906,1.9032917022705078,1134.9767714430054
6923.0,14.414754867553711,3.2918825149536133,1135.1000028029957
6924.0,5.5566558837890625,1.4239912033081055,1135.229550485994
6925.0,25.260908126831055,4.288137435913086,1135.3404058239976
6926.0,10.085856437683105,2.8390846252441406,1135.4835482680064
6927.0,13.710500717163086,2.7626876831054688,1135.6049443609954
6928.0,15.997209548950195,3.260780096054077,1135.722365167996
6929.0,28.3896541595459,4.176424503326416,1135.8399690840015
6930.0,17.71331024169922,2.3768529891967773,1135.983719441996
6931.0,8.502074241638184,2.090718984603882,1136.1111334680027
6932.0,18.172908782958984,3.507310390472412,1136.2392394890048
6933.0,48.68414306640625,6.36104154586792,1136.3491480939992
6934.0,11.302839279174805,2.98901104927063,1136.452917889008
6935.0,5.390188217163086,1.2754387855529785,1136.5586467219982
6936.0,21.67081069946289,3.831580877304077,1136.6633588090044
6937.0,9.180805206298828,2.409862995147705,1136.7863149500045
6938.0,72.66770935058594,9.590218544006348,1136.958541799002
6939.0,16.230148315429688,3.562093734741211,1137.106638571
6940.0,14.496718406677246,2.7799952030181885,1137.231350985996
6941.0,16.72691535949707,3.687541961669922,1137.3386560030049
6942.0,45.72639083862305,5.8744282722473145,1137.4479436849942
6943.0,7.817829608917236,1.99704110622406,1137.5715469650022
6944.0,6.154974937438965,1.7490655183792114,1137.7130066709942
6945.0,50.496437072753906,5.873292446136475,1137.8401676530048
6946.0,31.537368774414062,5.322366714477539,1137.9609445100068
6947.0,18.016036987304688,3.37955904006958,1138.078929965006
6948.0,12.340356826782227,3.1015288829803467,1138.1991190660046
6949.0,17.366859436035156,3.2029685974121094,1138.3112006199954
6950.0,39.192100524902344,5.530385494232178,1138.4148325429996
6951.0,12.769918441772461,3.1763768196105957,1138.5222880579968
6952.0,30.014711380004883,4.228091239929199,1138.6295328510023
6953.0,12.118635177612305,2.6265060901641846,1138.752432510999
6954.0,33.45770263671875,5.283247470855713,1138.892034022996
6955.0,28.12137794494629,5.549818515777588,1139.000076204
6956.0,30.281688690185547,4.772813320159912,1139.1163357540063
6957.0,8.139701843261719,1.8702620267868042,1139.267596656995
6958.0,15.094085693359375,3.4767282009124756,1139.3828847599943
6959.0,66.61476135253906,7.115307331085205,1139.5035054909968
6960.0,9.573436737060547,2.157609701156616,1139.6100888899964
6961.0,25.61849594116211,4.4417524337768555,1139.7235439140059
6962.0,6.399970531463623,1.9469369649887085,1139.8494021149963
6963.0,9.404757499694824,2.5279541015625,1140.0160298520059
6964.0,26.1879940032959,4.488803386688232,1140.1922715289984
6965.0,29.196971893310547,4.335604190826416,1140.3011620150064
6966.0,5.592912673950195,1.4518648386001587,1140.4221186700015
6967.0,29.997081756591797,5.260807514190674,1140.5613847810018
6968.0,15.994184494018555,3.5928122997283936,1140.6914628560044
6969.0,4.533969402313232,1.1028358936309814,1140.818785415002
6970.0,30.076948165893555,4.525871276855469,1140.9445421690034
6971.0,8.643220901489258,1.8959122896194458,1141.0688817460032
6972.0,8.611448287963867,2.338123321533203,1141.214579876003
6973.0,8.11677360534668,2.0614869594573975,1141.3339268290001
6974.0,23.780315399169922,4.752386569976807,1141.455239118004
6975.0,12.810367584228516,3.1285674571990967,1141.5823435549974
6976.0,6.737027168273926,1.679194450378418,1141.7617558829952
6977.0,33.99977493286133,5.413226127624512,1141.9567857490038
6978.0,29.75292205810547,4.839540481567383,1142.0957659480046
6979.0,10.718317031860352,2.721789598464966,1142.244362739002
6980.0,23.767406463623047,4.4923200607299805,1142.372565533995
6981.0,7.530938148498535,1.8734053373336792,1142.5138137059985
6982.0,18.078838348388672,3.5719311237335205,1142.6799849579984
6983.0,11.424972534179688,2.701977491378784,1142.8009814620018
6984.0,12.675421714782715,2.5094730854034424,1142.920499343003
6985.0,5.576755523681641,1.356496810913086,1143.0555504380027
6986.0,19.79801368713379,3.7368295192718506,1143.1736422270042
6987.0,15.264959335327148,3.742856502532959,1143.320117921001
6988.0,33.74216842651367,5.305753231048584,1143.4586994349957
6989.0,35.87334442138672,5.348308086395264,1143.6235548569966
6990.0,7.584446907043457,1.8876231908798218,1143.784913038995
6991.0,19.915687561035156,2.814868688583374,1143.9206583610066
6992.0,32.43021774291992,5.601507663726807,1144.0497884359938
6993.0,35.57715606689453,5.556138038635254,1144.2249649629957
6994.0,7.048947334289551,1.5574768781661987,1144.3542193699977
6995.0,35.39341735839844,5.201896667480469,1144.465462053995
6996.0,19.12228775024414,3.369473457336426,1144.5810532000032
6997.0,9.339797019958496,2.369603395462036,1144.7114944259956
6998.0,83.93436431884766,9.557905197143555,1144.8749120349967
6999.0,23.401351928710938,3.877063512802124,1145.009316871001
7000.0,16.784809112548828,3.056671380996704,1145.1225027619948
7001.0,7.011164665222168,1.6251991987228394,1149.6873200840055
7002.0,34.2120361328125,5.063198089599609,1149.8134715540073
7003.0,14.520149230957031,2.9264941215515137,1149.950481138003
7004.0,10.701730728149414,2.336744546890259,1150.0732675489999
7005.0,20.953941345214844,3.580533027648926,1150.213531995003
7006.0,9.042613983154297,2.3105692863464355,1150.3334846469952
7007.0,5.884649276733398,1.667941689491272,1150.4403187080025
7008.0,55.444583892822266,7.656656265258789,1150.5614315770072
7009.0,52.141883850097656,5.184640884399414,1150.7139733240037
7010.0,64.08364868164062,8.636248588562012,1150.836440019004
7011.0,12.528244018554688,2.481415033340454,1150.9806758220075
7012.0,10.264089584350586,2.636434316635132,1151.1007143720053
7013.0,24.012489318847656,4.444883346557617,1151.213921350005
7014.0,22.59337615966797,3.4957022666931152,1151.3235161079938
7015.0,13.944910049438477,3.748404026031494,1151.4384143539937
7016.0,33.068687438964844,5.029672145843506,1151.5474161330058
7017.0,26.392471313476562,5.1038079261779785,1151.6917442599952
7018.0,5.51000452041626,1.4852923154830933,1151.809393885007
7019.0,32.35014343261719,5.017770767211914,1151.921701113999
7020.0,17.453365325927734,4.356963157653809,1152.0603804540006
7021.0,8.839031219482422,2.5181758403778076,1152.209210891
7022.0,36.4586181640625,5.2033257484436035,1152.3206448720011
7023.0,29.101778030395508,4.446043968200684,1152.4492151769955
7024.0,19.58013153076172,4.170327663421631,1152.5710821670073
7025.0,17.4346981048584,3.233431577682495,1152.7076678449957
7026.0,5.729300498962402,1.4990181922912598,1152.8684014419996
7027.0,66.23947143554688,7.9535322189331055,1152.998812153004
7028.0,6.9043049812316895,2.0155105590820312,1153.1466042730026
7029.0,34.867801666259766,5.608996868133545,1153.2665034889942
7030.0,5.761935234069824,1.518740177154541,1153.4028233270074
7031.0,5.730544567108154,1.3814481496810913,1153.529750650996
7032.0,185.05007934570312,23.192407608032227,1153.698309764004
7033.0,17.09319496154785,2.9945497512817383,1153.812538134007
7034.0,11.938597679138184,2.6433286666870117,1153.9481373300077
7035.0,12.25537395477295,2.167607307434082,1154.093175550006
7036.0,64.06026458740234,11.123296737670898,1154.2144174739951
7037.0,10.968595504760742,2.298380136489868,1154.332635447994
7038.0,5.421514987945557,1.3401460647583008,1154.4462667199987
7039.0,18.437049865722656,4.030690670013428,1154.562295611002
7040.0,10.661561965942383,1.8844600915908813,1154.6793118030037
7041.0,43.42936706542969,5.682135581970215,1154.8124465660076
7042.0,15.462850570678711,2.860499620437622,1154.9306501670071
7043.0,19.599609375,3.8944289684295654,1155.0693915339943
7044.0,10.419841766357422,2.6365737915039062,1155.1992163889954
7045.0,6.176202774047852,1.9075077772140503,1155.3076728260057
7046.0,10.405667304992676,2.663141965866089,1155.4234632820007
7047.0,5.111098289489746,1.354894757270813,1155.5421151619958
7048.0,51.258033752441406,6.695722579956055,1155.652715204007
7049.0,4.8515167236328125,1.2853896617889404,1155.7674777840002
7050.0,9.029650688171387,2.072463274002075,1155.8766393620026
7051.0,27.857431411743164,4.101749420166016,1155.995589045997
7052.0,23.30712127685547,4.850030422210693,1156.102605135995
7053.0,7.541929244995117,1.7069116830825806,1156.2158735139965
7054.0,12.564861297607422,2.459465265274048,1156.3376435259997
7055.0,13.829280853271484,3.1819560527801514,1156.4705211569963
7056.0,66.68504333496094,7.597451210021973,1156.6219328699954
7057.0,14.729768753051758,4.097423553466797,1156.7464268210024
7058.0,33.84726333618164,5.326338291168213,1156.869634771996
7059.0,9.18588638305664,2.1841723918914795,1157.0187865240005
7060.0,5.636213779449463,1.4108670949935913,1157.1390059749974
7061.0,8.1702299118042,2.1356770992279053,1157.2763856050005
7062.0,71.16006469726562,8.0397367477417,1157.4066825229966
7063.0,13.044992446899414,3.206594944000244,1157.5877675420052
7064.0,36.346805572509766,5.135401725769043,1157.730631768005
7065.0,24.341022491455078,4.735032558441162,1157.8459652279998
7066.0,10.755278587341309,2.54312801361084,1157.9599116680038
7067.0,9.815410614013672,2.465756416320801,1158.0940590700047
7068.0,12.967218399047852,2.683462619781494,1158.2291908159968
7069.0,10.387243270874023,2.478425979614258,1158.3501101889997
7070.0,8.199930191040039,2.448082208633423,1158.4934501270036
7071.0,8.205833435058594,2.0528640747070312,1158.6357326080033
7072.0,15.324734687805176,3.325636386871338,1158.7566166930046
7073.0,35.10322952270508,5.239807605743408,1158.884613590999
7074.0,30.761211395263672,5.172994136810303,1159.012210219007
7075.0,128.11460876464844,8.81799602508545,1159.135106873
7076.0,7.0336103439331055,1.6126503944396973,1159.2934126680047
7077.0,22.004981994628906,3.5557098388671875,1159.449616576996
7078.0,6.2981672286987305,1.6107369661331177,1159.6033327409968
7079.0,10.521502494812012,2.3858704566955566,1159.7751416139945
7080.0,5.67913818359375,1.3463194370269775,1159.9312876269978
7081.0,7.199103355407715,1.7622973918914795,1160.0926398690062
7082.0,39.97340393066406,6.36126184463501,1160.2326479890035
7083.0,17.67382049560547,3.41774845123291,1160.357420084998
7084.0,8.829980850219727,2.643950939178467,1160.5211208440014
7085.0,80.69813537597656,8.97978401184082,1160.652438228004
7086.0,25.722511291503906,5.273082256317139,1160.8185197569983
7087.0,20.40850830078125,3.3678627014160156,1160.9324319080042
7088.0,19.68090057373047,3.3870456218719482,1161.040785531004
7089.0,27.68954086303711,5.113815784454346,1161.1662007029954
7090.0,27.145103454589844,4.400690078735352,1161.290851347003
7091.0,25.055339813232422,4.130967140197754,1161.4191450289945
7092.0,20.4440860748291,3.8905029296875,1161.559678168007
7093.0,26.849199295043945,4.617226600646973,1161.684011681995
7094.0,7.9517107009887695,1.9693653583526611,1161.8553583220055
7095.0,32.57518768310547,5.443197727203369,1161.969641898002
7096.0,35.62478256225586,5.223817825317383,1162.083574668999
7097.0,32.703426361083984,5.417191505432129,1162.2308552080067
7098.0,19.082275390625,3.7094810009002686,1162.3467257510056
7099.0,8.453600883483887,2.279573678970337,1162.4625772569998
7100.0,16.790821075439453,3.3770580291748047,1162.6221882160025
7101.0,20.676551818847656,3.988424301147461,1167.245335669999
7102.0,42.054534912109375,5.292205333709717,1167.366413869997
7103.0,4.52024507522583,1.1080633401870728,1167.4875130500004
7104.0,8.758453369140625,2.104301691055298,1167.5989513850072
7105.0,6.75258207321167,1.7158188819885254,1167.7100956710055
7106.0,13.574116706848145,3.0601463317871094,1167.823017599003
7107.0,11.714544296264648,2.4765727519989014,1167.9420671330008
7108.0,6.588942050933838,1.8014156818389893,1168.061698621008
7109.0,13.818672180175781,2.2684173583984375,1168.1799010340037
7110.0,25.041101455688477,4.091566562652588,1168.2792892889993
7111.0,30.881683349609375,5.18630313873291,1168.4179569639964
7112.0,10.01183795928955,2.94315767288208,1168.5631844989985
7113.0,17.44704818725586,3.27186918258667,1168.688465697007
7114.0,11.349550247192383,2.4967894554138184,1168.8070483829943
7115.0,20.35670280456543,4.047191619873047,1168.9166279469937
7116.0,8.775113105773926,2.437023878097534,1169.0330081680004
7117.0,156.05052185058594,21.422605514526367,1169.1473146670032
7118.0,8.393528938293457,1.895431637763977,1169.2510927760013
7119.0,8.151012420654297,2.0194568634033203,1169.358378164994
7120.0,5.408586502075195,1.4308795928955078,1169.4711235809955
7121.0,72.48332214355469,12.521955490112305,1169.6124507640052
7122.0,4.613447666168213,1.4102442264556885,1169.7305454419984
7123.0,41.265716552734375,6.300243854522705,1169.8404550559935
7124.0,8.851385116577148,2.310859441757202,1169.955968484006
7125.0,19.077728271484375,3.83777117729187,1170.0713618550071
7126.0,33.065284729003906,5.572603702545166,1170.1868292319996
7127.0,50.969696044921875,7.312671184539795,1170.3008749660075
7128.0,37.77790832519531,5.508978843688965,1170.414375021006
7129.0,25.02439308166504,4.601748943328857,1170.5265647680062
7130.0,14.819201469421387,3.2064151763916016,1170.6627191559965
7131.0,28.373016357421875,5.972466468811035,1170.7796645670023
7132.0,21.61061668395996,4.139174938201904,1170.9044425030006
7133.0,12.51198959350586,2.271246910095215,1171.023583357004
7134.0,20.03607749938965,3.9305436611175537,1171.1602551039978
7135.0,20.33927345275879,3.708801031112671,1171.2871213350008
7136.0,15.373815536499023,3.524808406829834,1171.4150285109936
7137.0,14.455533981323242,2.7883355617523193,1171.5290905809961
7138.0,45.622642517089844,6.871007442474365,1171.638317695004
7139.0,23.68288230895996,4.481710910797119,1171.751469513998
7140.0,6.251558303833008,1.421730875968933,1171.8745374379941
7141.0,21.629047393798828,3.9189558029174805,1171.9823699029948
7142.0,12.93359375,2.319357395172119,1172.112666150002
7143.0,20.526689529418945,3.8288798332214355,1172.240934276997
7144.0,9.351128578186035,2.4215505123138428,1172.3711989389994
7145.0,9.939061164855957,2.7823057174682617,1172.494523432004
7146.0,32.30480194091797,4.935998439788818,1172.6348224420071
7147.0,27.943538665771484,4.188156604766846,1172.7525982689986
7148.0,37.29004669189453,5.517757415771484,1172.901815129997
7149.0,14.580259323120117,2.9455618858337402,1173.0403259970044
7150.0,11.7591552734375,2.506734609603882,1173.1665513619955
7151.0,16.200353622436523,3.3380775451660156,1173.2809258719935
7152.0,17.48430633544922,3.4975826740264893,1173.4241447050008
7153.0,13.680978775024414,3.442018508911133,1173.557668502006
7154.0,14.073936462402344,3.834707260131836,1173.6824814779975
7155.0,61.7901611328125,7.434016227722168,1173.8111514570046
7156.0,17.451887130737305,3.3474371433258057,1173.931126762007
7157.0,19.90323257446289,3.283224582672119,1174.0584665610077
7158.0,5.965804100036621,1.45326566696167,1174.2246023680054
7159.0,20.502870559692383,4.323420524597168,1174.4004054789984
7160.0,11.06460952758789,2.445739507675171,1174.5125358369987
7161.0,49.43347930908203,6.7983222007751465,1174.6249574289977
7162.0,31.611352920532227,4.91309118270874,1174.7464522670052
7163.0,6.327359676361084,1.6131815910339355,1174.8806696240063
7164.0,27.87218475341797,4.482348442077637,1175.038744739999
7165.0,18.670978546142578,3.6227915287017822,1175.177437396007
7166.0,59.78617477416992,8.141983985900879,1175.3105233179958
7167.0,9.073347091674805,2.645888090133667,1175.4590703199938
7168.0,13.69861888885498,3.265284299850464,1175.5877823420014
7169.0,31.578773498535156,3.636906623840332,1175.7452188989992
7170.0,6.127778053283691,1.5403679609298706,1175.871269752999
7171.0,31.43576431274414,4.364449501037598,1176.003467204995
7172.0,33.77908706665039,5.518191337585449,1176.120769553003
7173.0,7.590505599975586,1.9732667207717896,1176.2324286369985
7174.0,28.572357177734375,6.615251541137695,1176.3489500860014
7175.0,11.992473602294922,2.7998671531677246,1176.4738464580005
7176.0,20.646198272705078,3.892221212387085,1176.6422995510075
7177.0,66.56834411621094,7.579261302947998,1176.7593069819995
7178.0,23.51616668701172,5.798727035522461,1176.8999001839984
7179.0,6.223357677459717,1.876613974571228,1177.021051913005
7180.0,5.680490970611572,1.4655317068099976,1177.1605056520057
7181.0,25.878387451171875,3.953425884246826,1177.2783378540043
7182.0,3.4162421226501465,0.8699037432670593,1177.3892391940026
7183.0,12.11491870880127,2.948486089706421,1177.5103041770053
7184.0,12.780147552490234,3.110260248184204,1177.6522878420074
7185.0,42.67403793334961,4.507874965667725,1177.772496332007
7186.0,6.005119323730469,1.4833312034606934,1177.893725810005
7187.0,48.8487548828125,7.063387870788574,1178.033659364999
7188.0,77.90101623535156,7.970550537109375,1178.2008846679964
7189.0,38.40226364135742,5.379941940307617,1178.3285682510032
7190.0,19.641984939575195,4.405457973480225,1178.460709285995
7191.0,15.302508354187012,3.9811086654663086,1178.5919276180066
7192.0,8.632644653320312,2.044729471206665,1178.7439527319948
7193.0,31.91849708557129,5.348348140716553,1178.8896418799995
7194.0,2.7947638034820557,0.7847414612770081,1179.010756157004
7195.0,36.85787582397461,5.739271640777588,1179.1265888350026
7196.0,39.42056655883789,5.577124118804932,1179.2872246110055
7197.0,16.18262481689453,3.6033854484558105,1179.4009500969987
7198.0,16.10037612915039,2.6496119499206543,1179.510200774006
7199.0,7.326532363891602,1.7971858978271484,1179.627605021
7200.0,13.059443473815918,3.0390613079071045,1179.7375601579988
7201.0,16.236892700195312,3.0841798782348633,1183.8764420320076
7202.0,10.34240436553955,2.7076194286346436,1183.9867246539943
7203.0,54.79230499267578,7.491436004638672,1184.0934176559967
7204.0,20.47184944152832,3.66477370262146,1184.2089303510002
7205.0,45.11821746826172,6.079979419708252,1184.3176977370022
7206.0,131.76092529296875,13.36475658416748,1184.4340951750055
7207.0,5.552159786224365,1.4319630861282349,1184.5442569809966
7208.0,47.02191162109375,7.48977518081665,1184.6695947849948
7209.0,54.74488067626953,7.3807878494262695,1184.7901061019948
7210.0,14.429193496704102,2.984907388687134,1184.9097699029953
7211.0,11.425098419189453,2.486654043197632,1185.0193621380022
7212.0,13.826173782348633,2.8590502738952637,1185.1255874530034
7213.0,28.574037551879883,4.1861572265625,1185.2469073670072
7214.0,114.23356628417969,18.216764450073242,1185.3806303339952
7215.0,5.942376136779785,1.55648934841156,1185.5433693160012
7216.0,3.717557668685913,1.0316795110702515,1185.6718113289971
7217.0,6.6074090003967285,1.9259735345840454,1185.773962323001
7218.0,22.750652313232422,3.4716198444366455,1185.8848272220057
7219.0,60.60276794433594,8.427682876586914,1185.9983895220066
7220.0,6.185019016265869,1.4980436563491821,1186.146542197006
7221.0,5.8334527015686035,1.4392057657241821,1186.3053669219953
7222.0,5.320544719696045,1.419594645500183,1186.4259776459949
7223.0,7.797329902648926,1.9376347064971924,1186.5457320989954
7224.0,7.611347198486328,2.2773520946502686,1186.6893458169943
7225.0,5.122664451599121,1.1729283332824707,1186.838554848
7226.0,13.861193656921387,2.238476037979126,1186.9624784100015
7227.0,16.35733413696289,2.985231876373291,1187.076624142006
7228.0,8.515153884887695,2.223353624343872,1187.2163927509973
7229.0,6.557790756225586,1.6429885625839233,1187.3602440999966
7230.0,27.20854949951172,4.54705286026001,1187.4903650549968
7231.0,54.88880920410156,6.500941753387451,1187.6925747119967
7232.0,23.435150146484375,5.1771440505981445,1187.8617672709952
7233.0,6.053680419921875,1.5463567972183228,1187.9812753820006
7234.0,14.287431716918945,3.0470974445343018,1188.1181426289986
7235.0,6.476062774658203,1.6054993867874146,1188.2675476629956
7236.0,43.810909271240234,5.189223289489746,1188.3784956409945
7237.0,6.993805885314941,1.904956579208374,1188.5066418259958
7238.0,31.565404891967773,4.7704267501831055,1188.651957737995
7239.0,16.622833251953125,3.704308032989502,1188.794370360003
7240.0,7.59086275100708,1.826082468032837,1188.901436732005
7241.0,17.251461029052734,3.3263766765594482,1189.0133841269999
7242.0,8.015140533447266,2.175100088119507,1189.126551067995
7243.0,79.38387298583984,9.038335800170898,1189.2882540660066
7244.0,7.7429423332214355,2.2093069553375244,1189.4309978689998
7245.0,8.468326568603516,2.4628350734710693,1189.5782998149953
7246.0,9.473198890686035,2.377795457839966,1189.6960297610058
7247.0,21.529010772705078,4.024421691894531,1189.8430208329955
7248.0,8.123645782470703,2.0688796043395996,1189.9785999330052
7249.0,4.653770923614502,1.1387126445770264,1190.087979169999
7250.0,23.86864471435547,3.4937522411346436,1190.2024397159985
7251.0,5.901325225830078,1.4938116073608398,1190.3133724880026
7252.0,12.227615356445312,2.9285497665405273,1190.4258352930046
7253.0,10.950603485107422,1.9703233242034912,1190.5445126039995
7254.0,28.37567901611328,5.127582550048828,1190.6602930980007
7255.0,8.003934860229492,1.955061435699463,1190.7679582410055
7256.0,31.627403259277344,4.722875595092773,1190.8865233620018
7257.0,42.2532958984375,6.874420166015625,1191.0142009109986
7258.0,10.681678771972656,2.804184913635254,1191.1438414930017
7259.0,13.417593002319336,3.142751693725586,1191.2931116590044
7260.0,23.739933013916016,3.887718439102173,1191.4415144009981
7261.0,20.010379791259766,3.3695409297943115,1191.5484051039966
7262.0,21.58887481689453,4.3930888175964355,1191.6533269810025
7263.0,63.95744705200195,7.307582378387451,1191.761692814005
7264.0,11.242593765258789,2.8502111434936523,1191.949918821003
7265.0,42.87528991699219,6.743013858795166,1192.1187398470065
7266.0,6.674411773681641,1.6982676982879639,1192.2709292820073
7267.0,9.172066688537598,2.250626564025879,1192.4030636740063
7268.0,40.95652770996094,6.654443264007568,1192.5393928279955
7269.0,6.73397159576416,1.5727185010910034,1192.6908830250031
7270.0,9.758480072021484,2.248430013656616,1192.8119854830002
7271.0,13.953801155090332,2.8989198207855225,1192.9204742970032
7272.0,9.79263973236084,2.468942880630493,1193.019703551996
7273.0,10.874822616577148,2.9355201721191406,1193.1287259530072
7274.0,15.756538391113281,4.138768196105957,1193.259452735001
7275.0,9.206130981445312,2.6991121768951416,1193.3809295450046
7276.0,10.601581573486328,2.4594974517822266,1193.4988628940046
7277.0,19.850858688354492,3.679425001144409,1193.6182821529947
7278.0,10.235733032226562,2.448155403137207,1193.7820942319959
7279.0,14.014961242675781,2.9416325092315674,1193.9090666859993
7280.0,27.231674194335938,4.3870439529418945,1194.0785769310023
7281.0,17.84885025024414,3.4489595890045166,1194.2026529239956
7282.0,119.32850646972656,11.855209350585938,1194.3537647030025
7283.0,61.828853607177734,8.354524612426758,1194.4838779720012
7284.0,20.642547607421875,4.276881217956543,1194.6101432190044
7285.0,23.884178161621094,4.155733585357666,1194.7403046969994
7286.0,12.385705947875977,2.6469321250915527,1194.8742143779964
7287.0,22.049396514892578,3.5649471282958984,1194.9959220419987
7288.0,31.904132843017578,4.787204265594482,1195.146368236994
7289.0,14.146485328674316,3.2612855434417725,1195.3246992119966
7290.0,45.1600341796875,7.065202236175537,1195.4871906799963
7291.0,5.851296424865723,1.419704556465149,1195.6117866470013
7292.0,22.007150650024414,3.7633602619171143,1195.7579633559944
7293.0,4.231323719024658,1.214255690574646,1195.8884702270007
7294.0,16.770187377929688,3.410198450088501,1196.0595773850073
7295.0,52.54167938232422,6.607754230499268,1196.2556450099946
7296.0,9.127483367919922,1.9936769008636475,1196.3987471040018
7297.0,8.186229705810547,2.1159374713897705,1196.534329550006
7298.0,5.338145732879639,1.3215736150741577,1196.6564559800026
7299.0,13.488231658935547,2.8024885654449463,1196.8085044780019
7300.0,23.23381805419922,3.818828821182251,1196.9669671970041
7301.0,4.574948310852051,1.1426860094070435,1201.4398185390019
7302.0,30.804611206054688,4.716760158538818,1201.5529120120045
7303.0,12.927783966064453,2.8630967140197754,1201.6668564970023
7304.0,16.196067810058594,3.7559661865234375,1201.7812136199937
7305.0,45.99700927734375,6.68884801864624,1201.9013637229946
7306.0,32.152976989746094,5.63924503326416,1202.0320970220055
7307.0,5.694289207458496,1.443424105644226,1202.1571685620002
7308.0,40.49713897705078,5.639865398406982,1202.279041258007
7309.0,33.745384216308594,5.0409674644470215,1202.4141576679976
7310.0,73.19949340820312,8.361352920532227,1202.5322274469945
7311.0,74.08927917480469,8.972146987915039,1202.6509206290066
7312.0,6.865505218505859,1.767958164215088,1202.7674384389975
7313.0,12.014570236206055,2.9396698474884033,1202.9179195909965
7314.0,16.297447204589844,2.9767699241638184,1203.0285186340043
7315.0,13.399709701538086,2.654935359954834,1203.1521975109936
7316.0,21.078250885009766,3.75449538230896,1203.2726793699985
7317.0,10.899307250976562,2.5356149673461914,1203.3824590650038
7318.0,56.96011734008789,5.025069236755371,1203.5420532870048
7319.0,12.965402603149414,3.1782543659210205,1203.678136921997
7320.0,106.50712585449219,12.777741432189941,1203.7921965620044
7321.0,16.080223083496094,3.065382957458496,1203.9067299760063
7322.0,20.546550750732422,3.664289951324463,1204.0145511790033
7323.0,17.481393814086914,3.0825448036193848,1204.1248156899965
7324.0,26.73293685913086,4.097417831420898,1204.2471277620061
7325.0,5.517172336578369,1.4517096281051636,1204.3984658090048
7326.0,13.943402290344238,3.561497688293457,1204.5122798569937
7327.0,19.947723388671875,3.9271080493927,1204.6520974529994
7328.0,10.0036039352417,2.222960948944092,1204.762321022994
7329.0,10.231511116027832,2.2116918563842773,1204.8806415760046
7330.0,20.500587463378906,4.117599010467529,1205.0094858810044
7331.0,6.239092826843262,1.3193200826644897,1205.129083274005
7332.0,20.09105682373047,3.4865074157714844,1205.245022589006
7333.0,14.565572738647461,2.580199718475342,1205.3561092419986
7334.0,17.529815673828125,2.9400315284729004,1205.4659516630054
7335.0,6.917369842529297,1.8562620878219604,1205.6078608450043
7336.0,7.802010536193848,1.9480278491973877,1205.7445617729973
7337.0,12.044300079345703,2.3719394207000732,1205.8639282149961
7338.0,11.589712142944336,2.8094053268432617,1205.9727748239966
7339.0,18.374710083007812,3.6047523021698,1206.0827545630018
7340.0,15.012928009033203,4.218395233154297,1206.2012497090036
7341.0,7.945952415466309,1.7678873538970947,1206.3215646659955
7342.0,15.113630294799805,2.7685813903808594,1206.431430483004
7343.0,18.413291931152344,3.192134141921997,1206.5606516410044
7344.0,28.4179630279541,4.83595085144043,1206.670878007004
7345.0,7.024824142456055,1.796446681022644,1206.8229655460018
7346.0,8.076950073242188,2.2215614318847656,1206.977784970004
7347.0,8.991777420043945,2.2030630111694336,1207.0891703660018
7348.0,20.153602600097656,3.858110189437866,1207.2103756569995
7349.0,7.448504447937012,1.9125136137008667,1207.3263885820052
7350.0,18.580018997192383,3.175903081893921,1207.452399368005
7351.0,14.050700187683105,2.890787363052368,1207.563861336006
7352.0,32.01597595214844,4.256735324859619,1207.7013628400018
7353.0,8.992778778076172,1.9135668277740479,1207.8174551190023
7354.0,24.110191345214844,3.700443744659424,1207.9725731320068
7355.0,12.515884399414062,2.4637162685394287,1208.143028751001
7356.0,15.335163116455078,2.6917004585266113,1208.2803818370012
7357.0,60.06144714355469,11.404035568237305,1208.406341406997
7358.0,11.975143432617188,2.191088914871216,1208.5334932380065
7359.0,15.844181060791016,3.76754093170166,1208.6750608379953
7360.0,19.89919662475586,3.5849509239196777,1208.8040487090038
7361.0,9.894116401672363,1.928804636001587,1208.9187642619945
7362.0,21.194503784179688,3.922152519226074,1209.0326179830008
7363.0,63.60287094116211,7.7664408683776855,1209.1598684869969
7364.0,21.77737808227539,3.953970432281494,1209.2777062940004
7365.0,11.570484161376953,2.108748197555542,1209.390632337003
7366.0,8.455434799194336,2.1102707386016846,1209.5093209110055
7367.0,14.690098762512207,2.9639832973480225,1209.624692301004
7368.0,26.654333114624023,4.395923137664795,1209.7350350619963
7369.0,19.782394409179688,3.3948488235473633,1209.8945308429975
7370.0,17.298377990722656,3.0308475494384766,1210.0664499029954
7371.0,29.08935546875,4.012183666229248,1210.222390594994
7372.0,14.263529777526855,2.7988057136535645,1210.368585143995
7373.0,27.04766845703125,4.8867058753967285,1210.5034536909952
7374.0,26.76545524597168,4.217750549316406,1210.623432531007
7375.0,6.762646198272705,1.8075834512710571,1210.7470439610042
7376.0,11.499898910522461,2.9360861778259277,1210.8889432900032
7377.0,17.338462829589844,3.2194206714630127,1211.1513997069997
7378.0,26.084941864013672,4.70544958114624,1211.2962691209977
7379.0,8.92159366607666,2.3369908332824707,1211.4452839820005
7380.0,16.858068466186523,2.674085855484009,1211.6067583590047
7381.0,10.305543899536133,2.5630407333374023,1211.748937723998
7382.0,5.016293048858643,1.3820728063583374,1211.9124426519993
7383.0,30.996118545532227,4.863637447357178,1212.0531415919977
7384.0,16.440670013427734,4.016336917877197,1212.2225049639965
7385.0,39.61594772338867,5.754981994628906,1212.357650638005
7386.0,6.5426764488220215,1.7682183980941772,1212.488395376
7387.0,13.320610046386719,3.0030031204223633,1212.7129832360079
7388.0,19.852291107177734,3.4272243976593018,1212.8673691779986
7389.0,18.807405471801758,4.053575038909912,1213.1129410050053
7390.0,10.634123802185059,2.225651741027832,1213.348171153004
7391.0,6.218576908111572,1.550911784172058,1213.5504682180035
7392.0,18.418739318847656,4.113307952880859,1213.701075539997
7393.0,39.718841552734375,6.2914018630981445,1213.8261352440022
7394.0,33.73316192626953,5.257152557373047,1214.0192171450035
7395.0,31.556072235107422,4.782824516296387,1214.193112441004
7396.0,10.548346519470215,2.5643842220306396,1214.3400237120077
7397.0,358.228759765625,32.09243392944336,1214.4990469400072
7398.0,19.079938888549805,3.6667497158050537,1214.6636804440059
7399.0,16.59595489501953,3.0329720973968506,1214.859771250005
7400.0,26.22832489013672,4.9293341636657715,1214.9845345280046
7401.0,50.84502410888672,5.90371036529541,1219.3293563150073
7402.0,23.96306800842285,4.554856777191162,1219.4536800490023
7403.0,26.7650146484375,3.7801544666290283,1219.583864094995
7404.0,41.91027069091797,6.577983856201172,1219.7247037339985
7405.0,12.117145538330078,2.467550277709961,1219.840417355008
7406.0,14.498808860778809,3.3667263984680176,1219.9666309349996
7407.0,7.647765636444092,1.7673968076705933,1220.0902414839948
7408.0,8.219207763671875,2.24364972114563,1220.2027504860016
7409.0,23.895965576171875,4.57752799987793,1220.3176249380049
7410.0,8.479129791259766,1.9825294017791748,1220.4445098300057
7411.0,80.13810729980469,9.892463684082031,1220.5638374270056
7412.0,32.73902130126953,5.650163650512695,1220.679289563006
7413.0,8.88282299041748,1.975905418395996,1220.8047110339976
7414.0,8.219439506530762,2.329630136489868,1220.9299963649974
7415.0,17.632282257080078,3.031715154647827,1221.0411914080032
7416.0,30.595359802246094,6.404831886291504,1221.1630536370067
7417.0,12.031485557556152,2.4862611293792725,1221.2785034609988
7418.0,7.449499607086182,1.8139652013778687,1221.4077682579955
7419.0,5.805380344390869,1.4767757654190063,1221.558051221
7420.0,6.146360397338867,1.512079119682312,1221.7790163330064
7421.0,28.616024017333984,4.01901912689209,1221.9226926200063
7422.0,7.307126998901367,1.827284574508667,1222.0723652710003
7423.0,114.55613708496094,11.433908462524414,1222.2136224080023
7424.0,7.007416248321533,1.9716867208480835,1222.366001581002
7425.0,29.785961151123047,4.749848365783691,1222.5127526760043
7426.0,15.34744930267334,3.235065460205078,1222.6682225709956
7427.0,12.141838073730469,2.549626111984253,1222.795670641004
7428.0,36.378929138183594,6.288586616516113,1222.919793299996
7429.0,10.418220520019531,2.4473140239715576,1223.0503284019942
7430.0,8.878421783447266,2.0529379844665527,1223.171916627005
7431.0,119.91747283935547,12.229049682617188,1223.2894742909994
7432.0,19.141923904418945,3.788926601409912,1223.407266246999
7433.0,12.747217178344727,2.637587308883667,1223.5413679150079
7434.0,15.860491752624512,3.3404324054718018,1223.6529213890026
7435.0,12.137319564819336,3.0325396060943604,1223.7645796910074
7436.0,20.707319259643555,3.127011299133301,1223.9037584379985
7437.0,43.29950714111328,5.810397148132324,1224.0202873189992
7438.0,5.372164726257324,1.3414918184280396,1224.1374499429949
7439.0,15.788824081420898,2.836979389190674,1224.2668807860027
7440.0,19.441673278808594,3.326784133911133,1224.386835518002
7441.0,20.163249969482422,4.137491226196289,1224.508087840004
7442.0,7.464364051818848,1.712240219116211,1224.6343642599968
7443.0,16.96918296813965,3.0785276889801025,1224.7482023060002
7444.0,8.534086227416992,2.5649540424346924,1224.9033547360013
7445.0,4.908351421356201,1.3354363441467285,1225.0207702059997
7446.0,46.17633819580078,4.293881893157959,1225.136537013008
7447.0,6.076627731323242,1.781082272529602,1225.259403639997
7448.0,31.44892120361328,4.590022563934326,1225.3704422620067
7449.0,41.18582534790039,5.755246162414551,1225.5261903520004
7450.0,32.568931579589844,4.932596683502197,1225.6424181129987
7451.0,7.212306976318359,1.7649364471435547,1225.8062276840064
7452.0,45.598907470703125,8.374166488647461,1225.940739312995
7453.0,8.945533752441406,2.2883496284484863,1226.0904840790026
7454.0,7.373793601989746,1.9682867527008057,1226.2306273419963
7455.0,11.437309265136719,2.6215615272521973,1226.3754168510059
7456.0,17.256622314453125,3.437134027481079,1226.4978388320014
7457.0,19.802513122558594,3.7723662853240967,1226.6183343089942
7458.0,8.942256927490234,2.020371437072754,1226.7543321470002
7459.0,6.502783298492432,1.7913459539413452,1226.8989999320038
7460.0,11.032346725463867,2.5468671321868896,1227.0114461810008
7461.0,5.9367570877075195,1.4580143690109253,1227.1342836870026
7462.0,12.313344955444336,2.6182610988616943,1227.2593241150025
7463.0,24.593311309814453,4.582367897033691,1227.3731049509952
7464.0,84.40350341796875,8.380374908447266,1227.5089145079983
7465.0,9.794215202331543,2.42081880569458,1227.6220931410062
7466.0,26.867717742919922,4.391770839691162,1227.7473946620012
7467.0,21.671619415283203,3.872274398803711,1227.885468264998
7468.0,53.29351806640625,10.236876487731934,1228.0175093569997
7469.0,28.47535514831543,4.7264723777771,1228.2231642870029
7470.0,23.774017333984375,4.125342845916748,1228.3972060910019
7471.0,27.799102783203125,5.1190056800842285,1228.5520999040018
7472.0,9.108450889587402,2.3859877586364746,1228.7308788980008
7473.0,31.422626495361328,5.249830722808838,1228.893754425997
7474.0,54.90833282470703,7.6239333152771,1229.0239852270024
7475.0,21.17852783203125,3.793389081954956,1229.1360097099969
7476.0,30.010892868041992,5.080897331237793,1229.300296358997
7477.0,9.279365539550781,1.949501395225525,1229.456688449005
7478.0,7.023722171783447,1.6635076999664307,1229.6241373039957
7479.0,9.422859191894531,2.108043909072876,1229.7480596079986
7480.0,7.33528995513916,1.583004117012024,1229.9007303520048
7481.0,15.818315505981445,3.2420670986175537,1230.075004415994
7482.0,14.07378101348877,3.3928651809692383,1230.3056761810003
7483.0,8.396390914916992,2.2731029987335205,1230.489004011004
7484.0,11.262141227722168,2.0866539478302,1230.65964944
7485.0,8.8197021484375,2.1575944423675537,1230.7887674020021
7486.0,11.372692108154297,2.240384101867676,1230.9149263769941
7487.0,11.880964279174805,2.641465902328491,1231.0367038800032
7488.0,11.672689437866211,2.6252098083496094,1231.1913748270017
7489.0,30.522924423217773,4.738003730773926,1231.3397208030074
7490.0,11.383466720581055,2.456198215484619,1231.4864908809977
7491.0,6.155895233154297,1.6517443656921387,1231.6089813750004
7492.0,50.91071319580078,7.591100215911865,1231.7449285290058
7493.0,8.210582733154297,2.135704755783081,1231.8857073840045
7494.0,8.189826011657715,1.8507375717163086,1232.0373869619943
7495.0,12.176395416259766,2.330315589904785,1232.1787999240041
7496.0,16.733915328979492,3.6444499492645264,1232.3466768380022
7497.0,8.861918449401855,2.2368462085723877,1232.550413186007
7498.0,11.96752643585205,3.1448709964752197,1232.706359806005
7499.0,33.46977615356445,3.9230763912200928,1232.831740588008
7500.0,97.82699584960938,9.511212348937988,1233.0434849839949
7501.0,35.29943084716797,5.27501916885376,1239.3516418920044
7502.0,37.64717102050781,5.855062007904053,1239.5542620089982
7503.0,15.455278396606445,3.501596212387085,1239.756394266995
7504.0,22.895160675048828,3.6390273571014404,1240.0140760539944
7505.0,23.385574340820312,4.334660530090332,1240.2254653819982
7506.0,6.158761024475098,1.4879705905914307,1240.3998408650077
7507.0,27.346851348876953,4.6914286613464355,1240.562850767994
7508.0,11.031848907470703,2.717510223388672,1241.4794273540028
7509.0,27.09442901611328,4.120879173278809,1242.5379393500043
7510.0,10.923501014709473,2.775655746459961,1243.7285239720077
7511.0,31.691158294677734,5.361667633056641,1244.0582568579994
7512.0,9.225330352783203,2.4207324981689453,1244.2813543569937
7513.0,4.4929304122924805,1.1657475233078003,1244.4507145810057
7514.0,9.621846199035645,2.1946804523468018,1244.5599923749978
7515.0,11.183565139770508,2.4303970336914062,1244.6868363090034
7516.0,15.381875991821289,3.344568967819214,1244.8051516220003
7517.0,5.767306804656982,1.387002944946289,1244.981468404003
7518.0,31.514331817626953,4.407340049743652,1245.1957266840036
7519.0,8.256972312927246,2.046373128890991,1245.314362322999
7520.0,92.7391357421875,15.58443832397461,1245.4233160099975
7521.0,14.00864028930664,2.947993755340576,1245.5456735759944
7522.0,21.728403091430664,3.5315866470336914,1245.682057279002
7523.0,17.255516052246094,4.082396507263184,1245.8374795130076
7524.0,7.018226623535156,1.7299808263778687,1245.9489685330045
7525.0,10.803009986877441,2.7713913917541504,1246.113627262006
7526.0,14.253530502319336,2.484805107116699,1246.2574403420003
7527.0,118.9056167602539,11.859655380249023,1246.3623422009987
7528.0,28.345348358154297,5.264747619628906,1246.467472083008
7529.0,26.143985748291016,4.4226908683776855,1246.5734107280005
7530.0,33.56575393676758,5.2205681800842285,1246.6832901769958
7531.0,10.192337036132812,2.622051954269409,1246.7880379380076
7532.0,58.100040435791016,5.260275840759277,1246.8983129639964
7533.0,138.66287231445312,20.290239334106445,1247.0117422430048
7534.0,13.201742172241211,3.53479266166687,1247.1259155230073
7535.0,24.16851806640625,4.362592697143555,1247.2698580750002
7536.0,20.747705459594727,4.95289421081543,1247.399523057
7537.0,24.28066635131836,4.29451322555542,1247.515013448996
7538.0,11.147191047668457,2.5536177158355713,1247.627134423994
7539.0,16.061155319213867,2.7521376609802246,1247.7714570550015
7540.0,25.079086303710938,4.433091640472412,1247.9056877669937
7541.0,14.488740921020508,3.223423480987549,1248.0546773550013
7542.0,12.343130111694336,2.938220977783203,1248.1680005870003
7543.0,21.192237854003906,3.547571897506714,1248.2752218709938
7544.0,24.233383178710938,4.8217949867248535,1248.3874751139956
7545.0,11.121654510498047,2.4935195446014404,1248.500037773003
7546.0,16.550945281982422,3.8024559020996094,1248.610434960996
7547.0,11.5906982421875,2.2367475032806396,1248.7328639189946
7548.0,7.268103122711182,2.237189292907715,1248.8750096809963
7549.0,12.393115997314453,3.0631654262542725,1248.986833390998
7550.0,9.311582565307617,2.2260210514068604,1249.0925166450033
7551.0,9.528484344482422,2.2441799640655518,1249.2118380750035
7552.0,13.319132804870605,3.313119888305664,1249.3287876660033
7553.0,37.48991012573242,4.417276859283447,1249.4376478479971
7554.0,12.667984008789062,2.519629955291748,1249.5439553199976
7555.0,9.62296199798584,2.5953357219696045,1249.6578017970023
7556.0,5.44025182723999,1.6572893857955933,1249.7677588689985
7557.0,23.22758674621582,4.407884120941162,1249.8780673370056
7558.0,8.03177261352539,1.4984984397888184,1249.992752539998
7559.0,36.635684967041016,5.746804237365723,1250.104688751002
7560.0,42.417137145996094,5.778955459594727,1250.2108353770018
7561.0,10.919069290161133,2.576975107192993,1250.3269206940022
7562.0,7.263829231262207,1.664810299873352,1250.437137572997
7563.0,23.43682098388672,3.942809581756592,1250.550642675007
7564.0,19.714244842529297,3.01292085647583,1250.6790049720003
7565.0,6.776322841644287,1.7221755981445312,1250.798596697001
7566.0,17.73397445678711,3.355607271194458,1250.910294205998
7567.0,5.072046279907227,1.2985767126083374,1251.0273135549942
7568.0,10.186156272888184,2.3239808082580566,1251.1421322840033
7569.0,6.92685604095459,1.6567004919052124,1251.273278837005
7570.0,14.942779541015625,2.9394445419311523,1251.3941912449955
7571.0,5.968807697296143,1.5986946821212769,1251.5096502429951
7572.0,10.270599365234375,2.1394081115722656,1251.6169051960023
7573.0,78.64048767089844,9.341141700744629,1251.7586890490056
7574.0,10.79456615447998,2.1671245098114014,1251.8799325370055
7575.0,14.801101684570312,2.9435830116271973,1252.0253314330039
7576.0,16.052536010742188,3.1628496646881104,1252.1549430000014
7577.0,21.362499237060547,3.8858087062835693,1252.263747488003
7578.0,7.371121406555176,1.765343427658081,1252.3783507949993
7579.0,38.32056427001953,5.98517370223999,1252.4907200580055
7580.0,20.830768585205078,3.697537422180176,1252.6124268150015
7581.0,7.082318305969238,1.9721014499664307,1252.7794740310055
7582.0,32.201107025146484,4.856319904327393,1252.8901748899953
7583.0,29.40485382080078,4.849339008331299,1253.0004255120002
7584.0,8.432610511779785,1.958072304725647,1253.139695816004
7585.0,9.871440887451172,2.406486749649048,1253.2603890059981
7586.0,29.24025535583496,4.6223955154418945,1253.39032459
7587.0,17.377830505371094,3.1334891319274902,1253.5016367920034
7588.0,10.3654146194458,2.934593439102173,1253.612280226007
7589.0,5.4936957359313965,1.424396276473999,1253.767105068997
7590.0,7.137561798095703,1.2871490716934204,1253.8955621810019
7591.0,102.0405502319336,10.921414375305176,1254.0114168250002
7592.0,26.641826629638672,4.727657794952393,1254.1377921350067
7593.0,10.003475189208984,2.460545778274536,1254.2590963399998
7594.0,23.020965576171875,3.78806734085083,1254.4139737579972
7595.0,8.361066818237305,2.282784938812256,1254.5484532300034
7596.0,5.67076301574707,1.5069321393966675,1254.7002255340049
7597.0,14.974581718444824,2.8082597255706787,1254.8204335369956
7598.0,10.742753028869629,2.6286087036132812,1254.9327934939938
7599.0,5.909735202789307,1.5791101455688477,1255.043192216006
7600.0,5.363622665405273,1.346529245376587,1255.1535565390077
7601.0,99.81193542480469,9.8798246383667,1259.573877397008
7602.0,12.569555282592773,2.693567991256714,1259.6879694130039
7603.0,11.852153778076172,3.4159016609191895,1259.795400531002
7604.0,7.3856964111328125,1.5792369842529297,1259.9131483810052
7605.0,5.931588172912598,1.448696255683899,1260.043378479997
7606.0,23.984081268310547,3.7202658653259277,1260.1650603419985
7607.0,18.59336280822754,3.3731842041015625,1260.2811581679998
7608.0,34.85641098022461,5.431978702545166,1260.3959165489941
7609.0,7.427335739135742,1.9156408309936523,1260.5453329890006
7610.0,107.26533508300781,10.245650291442871,1260.6571544350008
7611.0,31.047100067138672,4.976358413696289,1260.7714027210022
7612.0,11.821122169494629,3.0808558464050293,1260.8936468339962
7613.0,6.520854473114014,1.4873225688934326,1261.0203825079952
7614.0,10.067045211791992,2.561464548110962,1261.139099388005
7615.0,38.066497802734375,5.9210638999938965,1261.2620730060007
7616.0,25.32048225402832,4.467666149139404,1261.3817202079954
7617.0,5.6579766273498535,1.3412446975708008,1261.5162850540073
7618.0,47.123409271240234,9.904007911682129,1261.6405559900013
7619.0,7.510550022125244,1.7763359546661377,1261.7587300089945
7620.0,10.982038497924805,2.504495859146118,1261.8755733519938
7621.0,13.153217315673828,2.8929073810577393,1261.9874867030012
7622.0,6.771122455596924,1.6352977752685547,1262.1013503790018
7623.0,10.392234802246094,2.4342925548553467,1262.215046783007
7624.0,8.97028923034668,2.2303829193115234,1262.3260399669962
7625.0,8.296628952026367,1.7034376859664917,1262.4340730380063
7626.0,30.304061889648438,5.78250789642334,1262.5409487040015
7627.0,54.30230712890625,6.091439723968506,1262.6506772220018
7628.0,9.861169815063477,2.093395948410034,1262.785059435002
7629.0,7.456972122192383,1.6554248332977295,1262.9235882130015
7630.0,18.971210479736328,3.7093238830566406,1263.039751010001
7631.0,12.308857917785645,2.917168617248535,1263.1489305419964
7632.0,27.33441925048828,4.517303943634033,1263.2516519380006
7633.0,18.916227340698242,3.8477108478546143,1263.3747241920064
7634.0,17.01258087158203,3.423208236694336,1263.5110878220003
7635.0,16.04639434814453,3.030405044555664,1263.6278798099956
7636.0,34.2153205871582,5.188920497894287,1263.7443002740038
7637.0,18.420124053955078,3.736095905303955,1263.8706288190006
7638.0,18.647228240966797,3.6980347633361816,1264.0000441239972
7639.0,29.63272476196289,4.913814067840576,1264.1243209079985
7640.0,20.92714500427246,4.637341499328613,1264.2425660989975
7641.0,22.868436813354492,4.604381561279297,1264.3514772600029
7642.0,16.628137588500977,3.538810968399048,1264.454949232997
7643.0,36.4581298828125,5.42525577545166,1264.566535646998
7644.0,14.179325103759766,3.4630961418151855,1264.6926906589943
7645.0,45.943397521972656,6.964521408081055,1264.8140442110016
7646.0,35.311344146728516,4.711332321166992,1264.9322388980072
7647.0,10.204517364501953,2.4824795722961426,1265.0636653690017
7648.0,8.994902610778809,1.9112324714660645,1265.1981090150075
7649.0,70.11463165283203,8.275193214416504,1265.3017963760067
7650.0,7.141979217529297,2.1413166522979736,1265.4375229319994
7651.0,49.980125427246094,7.564366817474365,1265.5500769100036
7652.0,14.800745964050293,2.9245457649230957,1265.6682630440046
7653.0,11.629321098327637,2.502573251724243,1265.7814763780043
7654.0,15.052194595336914,2.864551067352295,1265.9185291309986
7655.0,5.013525485992432,1.2983615398406982,1266.0357734830031
7656.0,18.211769104003906,3.7436041831970215,1266.149053037996
7657.0,17.507295608520508,2.8417840003967285,1266.2683768529969
7658.0,21.341129302978516,3.9171342849731445,1266.3768787309964
7659.0,14.4054594039917,2.8898062705993652,1266.490368925006
7660.0,7.491995334625244,2.1625561714172363,1266.605529958004
7661.0,16.692432403564453,3.692625045776367,1266.724532192995
7662.0,37.00105667114258,5.143674373626709,1266.8340724659938
7663.0,17.801698684692383,3.9901201725006104,1266.9476053959952
7664.0,8.367334365844727,2.0470621585845947,1267.0762304300006
7665.0,9.698148727416992,2.600800037384033,1267.190573394997
7666.0,15.238412857055664,2.7623136043548584,1267.3110245040007
7667.0,23.980918884277344,4.422458171844482,1267.432186236998
7668.0,43.5145263671875,6.048889636993408,1267.5429337950045
7669.0,42.48768997192383,6.6904120445251465,1267.6521511220053
7670.0,53.284088134765625,6.003751277923584,1267.7730534230068
7671.0,7.055027008056641,1.6870265007019043,1267.8869836189988
7672.0,31.50756072998047,4.741495132446289,1268.0006098900049
7673.0,7.999185562133789,1.7098956108093262,1268.1137606849952
7674.0,14.87386703491211,3.763145685195923,1268.2243384059984
7675.0,4.624403476715088,1.1802152395248413,1268.3416991440026
7676.0,62.20552444458008,6.765552520751953,1268.4574942140025
7677.0,11.934072494506836,3.0392158031463623,1268.5814613730035
7678.0,7.640843391418457,2.288444995880127,1268.6981379299978
7679.0,5.027161598205566,1.4352877140045166,1268.8101730570052
7680.0,30.959102630615234,4.495579242706299,1268.9315481910016
7681.0,4.877760410308838,1.2545756101608276,1269.0377769229963
7682.0,17.517568588256836,3.2624902725219727,1269.1576400500053
7683.0,7.796611785888672,1.7249560356140137,1269.332135189994
7684.0,5.540592193603516,1.2497485876083374,1269.465326842008
7685.0,21.44296646118164,3.5682663917541504,1269.5999915139982
7686.0,26.80596160888672,3.976292133331299,1269.725498825006
7687.0,22.191455841064453,4.2304840087890625,1269.8418460510002
7688.0,20.328510284423828,3.6057984828948975,1269.953528359998
7689.0,13.505130767822266,2.7515156269073486,1270.098996344008
7690.0,79.92089080810547,8.959356307983398,1270.2142579609936
7691.0,7.206197738647461,1.9017584323883057,1270.330640294007
7692.0,15.376075744628906,2.6755082607269287,1270.4633051489946
7693.0,30.224632263183594,5.311479568481445,1270.5884466429998
7694.0,21.530996322631836,4.059700012207031,1270.7112949110015
7695.0,8.03597640991211,1.7452826499938965,1270.8420577560028
7696.0,14.310127258300781,3.147862434387207,1270.9632676010078
7697.0,24.574451446533203,4.774806976318359,1271.076799942006
7698.0,17.198429107666016,2.994670867919922,1271.1894466560043
7699.0,15.301530838012695,2.690329074859619,1271.3190626020078
7700.0,9.75361442565918,2.3029513359069824,1271.4491275710025
7701.0,10.036486625671387,2.8568472862243652,1275.9605143469962
7702.0,11.65015697479248,2.1033661365509033,1276.0849694810022
7703.0,6.878082752227783,1.9318411350250244,1276.2073609549989
7704.0,108.5668716430664,16.957365036010742,1276.3293119489972
7705.0,10.864133834838867,2.697066068649292,1276.457015079999
7706.0,23.98068618774414,3.5703353881835938,1276.5597660240019
7707.0,27.74977684020996,4.307868480682373,1276.7452592329937
7708.0,11.619364738464355,2.3413772583007812,1276.9447018270002
7709.0,4.7269368171691895,1.253994345664978,1277.0899383259966
7710.0,7.421713829040527,1.9138668775558472,1277.223920022996
7711.0,78.35629272460938,9.52143383026123,1277.3619490959973
7712.0,19.781265258789062,3.5607643127441406,1277.496292456999
7713.0,28.325763702392578,4.322824001312256,1277.6387871089973
7714.0,24.542055130004883,4.806268215179443,1277.7768484940025
7715.0,12.705585479736328,2.9942777156829834,1277.922350680994
7716.0,15.371618270874023,3.439755916595459,1278.0426930350077
7717.0,6.900167465209961,1.7838075160980225,1278.1660270739958
7718.0,31.96417236328125,5.386397838592529,1278.3079976599984
7719.0,7.370222568511963,1.8185707330703735,1278.4381692430034
7720.0,18.631027221679688,4.273148059844971,1278.5679450720054
7721.0,27.426300048828125,4.28595495223999,1278.6890564329951
7722.0,12.223837852478027,2.9480438232421875,1278.809874434999
7723.0,34.507999420166016,4.928170680999756,1278.9273741060024
7724.0,9.270999908447266,2.0481786727905273,1279.037146785995
7725.0,15.496321678161621,3.108227252960205,1279.1422112849978
7726.0,11.785067558288574,2.066287040710449,1279.253617631999
7727.0,27.28910255432129,5.028194427490234,1279.3691795949999
7728.0,6.339211463928223,1.441315770149231,1279.495973654004
7729.0,7.090087413787842,1.5288639068603516,1279.6207528130035
7730.0,44.855533599853516,5.149375915527344,1279.7375678690005
7731.0,23.703960418701172,3.9980146884918213,1279.8717145569972
7732.0,6.683891296386719,2.0546770095825195,1279.9986711310048
7733.0,77.6475830078125,9.687983512878418,1280.1118501930032
7734.0,11.881706237792969,2.7323005199432373,1280.2477212039958
7735.0,102.87577819824219,10.354499816894531,1280.393644650001
7736.0,19.75599479675293,3.571436643600464,1280.5296387599956
7737.0,14.656922340393066,2.7610628604888916,1280.6690066059964
7738.0,17.60245132446289,3.4389660358428955,1280.8004038549989
7739.0,14.603561401367188,3.185509443283081,1280.9362658150058
7740.0,13.755559921264648,3.129173994064331,1281.0635571599996
7741.0,34.81805419921875,6.380002975463867,1281.201563213006
7742.0,9.577258110046387,2.32110857963562,1281.314828564995
7743.0,11.001291275024414,2.3139407634735107,1281.4435814600001
7744.0,7.247481346130371,1.6510396003723145,1281.5649706069962
7745.0,6.26515531539917,1.5139864683151245,1281.700153305006
7746.0,8.963627815246582,2.2195816040039062,1281.8336774619966
7747.0,9.188772201538086,2.697957992553711,1281.9747671399964
7748.0,35.55593490600586,5.930264472961426,1282.0963704290043
7749.0,23.859996795654297,4.1987481117248535,1282.2280766860058
7750.0,17.054180145263672,3.5191433429718018,1282.342953547006
7751.0,29.149805068969727,4.5717973709106445,1282.4839315919962
7752.0,45.847740173339844,5.544294834136963,1282.6229684110003
7753.0,49.26468276977539,7.361403942108154,1282.7496853180055
7754.0,37.87360763549805,5.3717498779296875,1282.899041993005
7755.0,11.103419303894043,2.3813798427581787,1283.0023499969975
7756.0,67.20555114746094,7.973204135894775,1283.1153930190048
7757.0,7.838509559631348,1.896023154258728,1283.2544282839954
7758.0,8.149328231811523,1.9453309774398804,1283.3687386800011
7759.0,32.57600784301758,4.067658424377441,1283.4812918389944
7760.0,19.995216369628906,4.391041278839111,1283.5998074569943
7761.0,31.364612579345703,4.630831241607666,1283.7353222210077
7762.0,9.500601768493652,2.128873825073242,1283.876421723995
7763.0,38.90407180786133,5.673584461212158,1283.998108425003
7764.0,13.127504348754883,2.5685534477233887,1284.1223625440034
7765.0,7.55105447769165,2.0593693256378174,1284.263992082997
7766.0,17.64486312866211,2.7917189598083496,1284.3913772550004
7767.0,8.521058082580566,2.126049280166626,1284.518566794999
7768.0,9.332268714904785,2.1386971473693848,1284.656929963996
7769.0,22.431358337402344,3.658601999282837,1284.7775955399993
7770.0,18.96914291381836,4.2977519035339355,1284.9193020740058
7771.0,35.19424819946289,5.4038567543029785,1285.0314985339937
7772.0,9.224519729614258,2.473628520965576,1285.1335898230027
7773.0,25.923828125,4.877621173858643,1285.2386458910041
7774.0,32.22882080078125,5.509814739227295,1285.345222762
7775.0,24.377391815185547,4.033407688140869,1285.4548083700065
7776.0,11.159518241882324,2.771636962890625,1285.5591714600014
7777.0,18.08738136291504,3.831188678741455,1285.7285191739938
7778.0,10.735555648803711,2.401512622833252,1285.857610549996
7779.0,31.023324966430664,4.680598735809326,1285.9621560020023
7780.0,12.212091445922852,2.5850043296813965,1286.0714332070056
7781.0,7.344748020172119,2.043593406677246,1286.1874643530027
7782.0,18.13761329650879,2.8762762546539307,1286.298362454996
7783.0,7.054549694061279,1.529006838798523,1286.4326344230067
7784.0,45.07623291015625,5.3856892585754395,1286.5582871859951
7785.0,27.561792373657227,4.141372203826904,1286.6722905700008
7786.0,96.76507568359375,9.60954475402832,1286.796949555006
7787.0,67.35566711425781,8.16385555267334,1286.9096072620014
7788.0,14.887777328491211,2.541024684906006,1287.0150094069977
7789.0,8.953197479248047,2.2805092334747314,1287.1351322660048
7790.0,13.219453811645508,2.9483606815338135,1287.302215846008
7791.0,36.48228073120117,5.464820861816406,1287.4229226500029
7792.0,12.386106491088867,2.473015546798706,1287.548708096001
7793.0,88.68025970458984,10.919601440429688,1287.6746300929954
7794.0,34.971282958984375,5.87354040145874,1287.8011598010053
7795.0,14.878217697143555,3.0464460849761963,1287.9543529850052
7796.0,20.27195930480957,3.3602654933929443,1288.099493318994
7797.0,30.884164810180664,5.4725236892700195,1288.2589320620027
7798.0,9.785587310791016,2.221710443496704,1288.3941722070012
7799.0,23.318923950195312,3.864381790161133,1288.5238183750043
7800.0,8.5436372756958,2.034632444381714,1288.649150808007
7801.0,24.875102996826172,3.950725793838501,1294.139974470003
7802.0,80.65762329101562,13.547748565673828,1294.3367494749982
7803.0,27.584964752197266,4.933701038360596,1294.5155523639987
7804.0,4.526926040649414,1.2345852851867676,1294.6362284479983
7805.0,15.230664253234863,3.142414093017578,1294.7726039359986
7806.0,6.332242012023926,1.6091219186782837,1294.8933260210033
7807.0,19.790809631347656,3.7629055976867676,1295.023461128003
7808.0,14.951778411865234,2.873091459274292,1295.1683626720042
7809.0,15.16585922241211,2.58361554145813,1295.332660946995
7810.0,5.877896308898926,1.4838370084762573,1295.4753377830057
7811.0,20.1739501953125,3.987349510192871,1295.592817730998
7812.0,11.588729858398438,2.581860303878784,1295.7218758490053
7813.0,6.987729072570801,1.8732285499572754,1295.8626618220005
7814.0,20.96636199951172,3.8073086738586426,1296.0037055639987
7815.0,5.294686317443848,1.3292152881622314,1296.1562907619955
7816.0,51.05518341064453,6.232705593109131,1296.316610113994
7817.0,7.112570285797119,1.7179807424545288,1296.4633672710042
7818.0,7.197829246520996,1.8359670639038086,1296.6056050390034
7819.0,32.79863357543945,5.269313335418701,1296.7671435939992
7820.0,11.939681053161621,3.0719809532165527,1296.8748161719996
7821.0,19.252506256103516,3.3323922157287598,1296.9830692859978
7822.0,30.151376724243164,3.4705798625946045,1297.110736896997
7823.0,6.186752796173096,1.6389033794403076,1297.2184443379956
7824.0,6.250304222106934,1.7996587753295898,1297.3432840449968
7825.0,3.3835480213165283,0.9216919541358948,1297.5097796990012
7826.0,17.391128540039062,4.288735866546631,1297.6533428310067
7827.0,8.405345916748047,2.4648382663726807,1297.784600390005
7828.0,20.795263290405273,3.5723981857299805,1297.9174418330076
7829.0,10.369525909423828,2.1604886054992676,1298.0771167810017
7830.0,31.617616653442383,4.575324535369873,1298.206866737004
7831.0,13.312898635864258,2.7314484119415283,1298.356519374007
7832.0,15.487348556518555,4.061585426330566,1298.4852117230039
7833.0,9.91771125793457,2.3971621990203857,1298.6018816610012
7834.0,11.833799362182617,2.6957828998565674,1298.718530623999
7835.0,5.630617141723633,1.3880064487457275,1298.8872771850001
7836.0,23.403995513916016,4.254796504974365,1299.008189729997
7837.0,7.424044609069824,1.7785961627960205,1299.156480908001
7838.0,68.49410247802734,9.688729286193848,1299.2976514299953
7839.0,27.227806091308594,4.792471408843994,1299.4177824439976
7840.0,37.5728759765625,4.782381534576416,1299.5488768570067
7841.0,5.934648036956787,1.363357663154602,1299.6761865559965
7842.0,25.66559600830078,4.333322525024414,1299.798419558996
7843.0,4.9492292404174805,1.2993611097335815,1299.908542692996
7844.0,12.651716232299805,2.654560089111328,1300.0415369450056
7845.0,8.818721771240234,2.4455816745758057,1300.1774520629988
7846.0,22.784465789794922,3.993382453918457,1300.2972941070038
7847.0,10.842778205871582,2.2405495643615723,1300.4097056299943
7848.0,23.56526756286621,4.388521671295166,1300.520801260005
7849.0,8.209343910217285,1.9898021221160889,1300.632293296003
7850.0,19.668804168701172,3.667811870574951,1300.744714157001
7851.0,13.553821563720703,2.8270437717437744,1300.8760101009975
7852.0,19.582338333129883,3.874877691268921,1301.000231751008
7853.0,34.717193603515625,7.793287754058838,1301.1310774919984
7854.0,66.15185546875,7.33497953414917,1301.249009719002
7855.0,17.984783172607422,3.188187837600708,1301.356248822005
7856.0,10.365643501281738,2.003572702407837,1301.4674487690063
7857.0,16.230112075805664,3.0508816242218018,1301.646767269005
7858.0,6.230478286743164,1.6387290954589844,1301.7777450580033
7859.0,30.195707321166992,4.483571529388428,1301.9137085779948
7860.0,8.129227638244629,1.9407471418380737,1302.024612371999
7861.0,13.163963317871094,2.7696499824523926,1302.1304254069983
7862.0,6.586599349975586,1.918702244758606,1302.245881722003
7863.0,7.068707466125488,1.7672498226165771,1302.385316592001
7864.0,13.07737922668457,2.631260633468628,1302.5151892260037
7865.0,11.425575256347656,2.7252914905548096,1302.6333756530075
7866.0,6.571907043457031,1.5501095056533813,1302.7537811850052
7867.0,5.592792510986328,1.472885012626648,1302.8706222820038
7868.0,27.569149017333984,4.879335880279541,1303.0007464009977
7869.0,16.06878662109375,2.8376824855804443,1303.136739805006
7870.0,6.47981071472168,1.5638214349746704,1303.2581412879954
7871.0,11.672627449035645,2.3336737155914307,1303.4012832080043
7872.0,75.22395324707031,9.245415687561035,1303.5126414200058
7873.0,24.418704986572266,4.627976417541504,1303.6262977849983
7874.0,11.960180282592773,2.3971102237701416,1303.7668263259984
7875.0,83.2505111694336,12.215400695800781,1303.8846786880022
7876.0,10.393800735473633,2.4696011543273926,1304.002009421005
7877.0,39.81262969970703,5.9261884689331055,1304.1122921320057
7878.0,6.421916961669922,1.4334743022918701,1304.2508662220062
7879.0,15.849682807922363,3.190727949142456,1304.3527757480042
7880.0,111.64524841308594,11.154159545898438,1304.4658565179998
7881.0,10.253467559814453,2.5684196949005127,1304.5751514260046
7882.0,7.650411128997803,2.2276039123535156,1304.6911953999952
7883.0,15.91700553894043,3.444023370742798,1304.8065611509955
7884.0,17.71483612060547,3.2426652908325195,1304.9467693519982
7885.0,5.440060615539551,1.542629361152649,1305.065014894004
7886.0,30.493560791015625,5.197367191314697,1305.1934572330065
7887.0,6.342035293579102,1.623921513557434,1305.3121723820077
7888.0,18.175397872924805,3.3625760078430176,1305.4334389090072
7889.0,13.746374130249023,3.2355761528015137,1305.5700335910078
7890.0,10.066044807434082,2.4357898235321045,1305.7130964539974
7891.0,25.621295928955078,4.444286823272705,1305.8293602290069
7892.0,7.922590255737305,1.9348585605621338,1305.9941794600018
7893.0,20.717662811279297,4.2145609855651855,1306.1235307710012
7894.0,36.474056243896484,5.366758346557617,1306.244933170994
7895.0,5.987568378448486,1.4424926042556763,1306.3771262100054
7896.0,28.42477035522461,5.574752330780029,1306.510233463996
7897.0,18.386507034301758,3.161924362182617,1306.6280640299956
7898.0,24.157560348510742,4.387836456298828,1306.7413511549967
7899.0,12.67110538482666,2.9269297122955322,1306.8689232140023
7900.0,31.35750961303711,5.309518814086914,1307.0131613590056
7901.0,28.05929946899414,5.051313877105713,1311.3163333770062
7902.0,190.18702697753906,25.24916648864746,1311.418211504002
7903.0,10.90052604675293,2.472442865371704,1311.5326343500055
7904.0,16.301462173461914,3.379368543624878,1311.6482328270067
7905.0,13.624505996704102,3.289849281311035,1311.7573405510047
7906.0,5.563442707061768,1.2977830171585083,1311.876776324003
7907.0,6.120565891265869,1.4274898767471313,1311.9905563530046
7908.0,34.0656623840332,4.961190223693848,1312.1326743149984
7909.0,5.792607307434082,1.3921830654144287,1312.2562048599939
7910.0,7.248465538024902,1.565117359161377,1312.373910180002
7911.0,15.384443283081055,3.5042011737823486,1312.4991791829962
7912.0,15.998104095458984,2.9211912155151367,1312.6113097089983
7913.0,5.180741786956787,1.4114911556243896,1312.7260813299945
7914.0,6.993076324462891,1.7012572288513184,1312.8705805240024
7915.0,19.243183135986328,3.329533100128174,1313.0060683960037
7916.0,31.215560913085938,5.430887222290039,1313.1220957330079
7917.0,11.34122085571289,2.4202945232391357,1313.2448607230035
7918.0,14.289054870605469,2.3947594165802,1313.3664582170022
7919.0,40.93128204345703,6.609575271606445,1313.4805149970052
7920.0,41.4471549987793,6.522027969360352,1313.5970987979963
7921.0,10.02983283996582,2.2049245834350586,1313.7087990569999
7922.0,5.82319450378418,1.4745498895645142,1313.8497137039958
7923.0,4.601474761962891,1.2370635271072388,1313.971751279998
7924.0,22.535564422607422,3.9227707386016846,1314.1187864560052
7925.0,7.248570919036865,1.9884967803955078,1314.2689453310013
7926.0,5.4147539138793945,1.7644191980361938,1314.4087035239936
7927.0,20.659107208251953,3.914381742477417,1314.5467835500021
7928.0,7.943683624267578,2.191349744796753,1314.6613160380075
7929.0,10.5423583984375,2.634181022644043,1314.7929910340026
7930.0,11.909048080444336,2.9763545989990234,1314.9169758490025
7931.0,34.08922576904297,5.726202964782715,1315.0467321250035
7932.0,25.50899887084961,4.937912464141846,1315.1808533750009
7933.0,18.597797393798828,3.173229455947876,1315.461561256001
7934.0,14.006118774414062,3.0296566486358643,1315.612579105
7935.0,10.516107559204102,2.81339168548584,1315.7562479240005
7936.0,41.266357421875,4.54208517074585,1315.8826008369942
7937.0,14.582062721252441,3.1244750022888184,1316.0089384890016
7938.0,7.975513458251953,2.3654229640960693,1316.130239820006
7939.0,12.434924125671387,2.687649726867676,1316.2665260619979
7940.0,6.162805080413818,1.6083402633666992,1316.389238032003
7941.0,39.988983154296875,5.931581497192383,1316.5311177389958
7942.0,7.469327926635742,1.5638829469680786,1316.6688804639998
7943.0,5.017460823059082,1.1376762390136719,1316.7918784689973
7944.0,21.809059143066406,4.012359142303467,1316.9181469199975
7945.0,4.7820940017700195,1.422888159751892,1317.0483144739992
7946.0,24.527015686035156,4.12955904006958,1317.1779712989955
7947.0,6.643594741821289,1.5682616233825684,1317.3240925879945
7948.0,30.784061431884766,4.199724197387695,1317.4486071980064
7949.0,67.1390380859375,8.946080207824707,1317.5779340510053
7950.0,5.821362018585205,1.5079879760742188,1317.7144708730048
7951.0,33.119873046875,4.274645805358887,1317.846433765997
7952.0,17.74156951904297,3.4102470874786377,1317.9580318990047
7953.0,20.07827377319336,3.191035270690918,1318.070363439998
7954.0,5.000043869018555,1.3622591495513916,1318.1847521129966
7955.0,7.717076778411865,1.7471952438354492,1318.3172144470009
7956.0,43.79189682006836,5.537766933441162,1318.4672799560067
7957.0,6.397692680358887,1.7383981943130493,1318.6242996759975
7958.0,12.070650100708008,2.8835690021514893,1318.8040084230015
7959.0,27.3813419342041,4.062597274780273,1318.9604621199978
7960.0,5.968152046203613,1.609028697013855,1319.0822149120067
7961.0,41.00678253173828,5.000166416168213,1319.2035631619947
7962.0,6.752825736999512,2.1138017177581787,1319.3323486029985
7963.0,15.046268463134766,3.338324546813965,1319.4937398500042
7964.0,26.2901611328125,4.465596675872803,1319.6059257769957
7965.0,14.0440034866333,2.6128952503204346,1319.737443496997
7966.0,27.51532745361328,3.8286643028259277,1319.8550943449955
7967.0,25.587535858154297,3.7484796047210693,1319.9714021300024
7968.0,15.912410736083984,2.8345859050750732,1320.0871822490008
7969.0,20.838407516479492,3.756047487258911,1320.2048036259948
7970.0,23.42217254638672,5.805960178375244,1320.3251204330008
7971.0,16.523460388183594,3.7283990383148193,1320.440055383995
7972.0,28.123085021972656,5.5262861251831055,1320.5606915259996
7973.0,31.35995101928711,4.805081844329834,1320.6729507800046
7974.0,96.5801010131836,10.276898384094238,1320.782013115997
7975.0,7.038553714752197,1.6801997423171997,1320.8996144580015
7976.0,15.61867904663086,3.3567919731140137,1321.0266175730067
7977.0,18.005390167236328,3.360149621963501,1321.1627633960015
7978.0,6.891623497009277,1.7826393842697144,1321.2800606319943
7979.0,25.551773071289062,4.355465888977051,1321.4091253679944
7980.0,7.803017616271973,1.9828416109085083,1321.5445345379994
7981.0,7.43966007232666,1.914189338684082,1321.6662677809945
7982.0,13.479631423950195,2.815568208694458,1321.7804402460024
7983.0,16.744882583618164,3.960214376449585,1321.8999273749941
7984.0,27.090023040771484,4.471767425537109,1322.0328183579986
7985.0,29.138416290283203,4.722655773162842,1322.1955869780068
7986.0,30.78696632385254,4.734405040740967,1322.3584397170052
7987.0,13.00395393371582,2.264132261276245,1322.5150985520013
7988.0,75.76570129394531,8.714956283569336,1322.6756823580072
7989.0,69.97100067138672,5.688179969787598,1322.815241158998
7990.0,7.590534210205078,2.1089935302734375,1322.9564885559957
7991.0,22.0887508392334,3.4243555068969727,1323.1170821279957
7992.0,10.298185348510742,2.0817489624023438,1323.3168613140006
7993.0,32.94514846801758,4.910658359527588,1323.4724504049955
7994.0,9.192819595336914,2.3840248584747314,1323.5925980689935
7995.0,20.343751907348633,3.5030763149261475,1323.729975002003
7996.0,7.966797828674316,2.2322442531585693,1323.842847220003
7997.0,28.585725784301758,5.168407440185547,1323.9996404929989
7998.0,9.859365463256836,2.691214084625244,1324.1129209420033
7999.0,18.386911392211914,4.188911437988281,1324.2426396009978
8000.0,25.555675506591797,4.267944812774658,1324.359394154002
8001.0,3.5879807472229004,0.903165340423584,1331.6579945289996
8002.0,50.79184341430664,7.267594337463379,1331.7671859539987
8003.0,5.660669326782227,1.4271507263183594,1331.8842137710017
8004.0,14.288286209106445,2.8133912086486816,1332.0307372810057
8005.0,25.995418548583984,4.7332377433776855,1332.1885459229961
8006.0,15.957462310791016,3.644544839859009,1332.3042285980046
8007.0,24.299251556396484,3.9783966541290283,1332.421069752003
8008.0,5.186046600341797,1.3604512214660645,1332.5270848280052
8009.0,25.666126251220703,4.179990291595459,1332.6340552150068
8010.0,7.766224384307861,1.9754445552825928,1332.7404059190012
8011.0,5.679549217224121,1.396045207977295,1332.8519583960006
8012.0,6.237115859985352,1.5584043264389038,1332.9627059710037
8013.0,9.334344863891602,2.171736240386963,1333.0719345420075
8014.0,6.366777420043945,1.560684323310852,1333.2073350610008
8015.0,11.970422744750977,2.5948450565338135,1333.320004121997
8016.0,31.46340560913086,6.023977756500244,1333.466913614
8017.0,21.856128692626953,3.9060862064361572,1333.5938099710038
8018.0,31.754661560058594,4.542595863342285,1333.702946557998
8019.0,93.18678283691406,15.280106544494629,1333.8250440239935
8020.0,27.453929901123047,4.641147136688232,1333.9446953580045
8021.0,23.98908233642578,4.0586347579956055,1334.0645610049978
8022.0,11.63730239868164,2.7900917530059814,1334.192283604003
8023.0,6.565639019012451,1.7817392349243164,1334.3182788770064
8024.0,16.823657989501953,3.720860481262207,1334.433075355002
8025.0,16.946189880371094,3.2743399143218994,1334.5413446680031
8026.0,32.339603424072266,5.2076287269592285,1334.6528838660015
8027.0,41.926185607910156,4.102745056152344,1334.764028976002
8028.0,5.061977386474609,1.3105156421661377,1334.8849721309962
8029.0,5.132109642028809,1.2406957149505615,1335.000362464998
8030.0,12.042457580566406,2.700939655303955,1335.1133324730035
8031.0,36.94546127319336,5.347067832946777,1335.2366807829967
8032.0,34.012062072753906,5.763172626495361,1335.359821680002
8033.0,29.148967742919922,6.858039855957031,1335.4817633540079
8034.0,18.82876205444336,2.8854150772094727,1335.593924707995
8035.0,10.737939834594727,2.110287666320801,1335.7037830269983
8036.0,37.95808410644531,5.617219924926758,1335.8087650079979
8037.0,33.863365173339844,5.324897766113281,1335.9140406170045
8038.0,12.624130249023438,3.4358303546905518,1336.0339554730017
8039.0,7.54542350769043,1.6787714958190918,1336.1666048080078
8040.0,24.052297592163086,4.444448947906494,1336.2782111790002
8041.0,16.576234817504883,3.115063428878784,1336.4101657889987
8042.0,15.251153945922852,3.4046993255615234,1336.574370207003
8043.0,30.289348602294922,4.818934440612793,1336.6913904980029
8044.0,6.335320472717285,1.6439005136489868,1336.8061454559938
8045.0,20.619277954101562,3.5258102416992188,1336.9270770129951
8046.0,8.100861549377441,2.038874864578247,1337.0493590650003
8047.0,12.0418701171875,2.4237499237060547,1337.1765339480044
8048.0,8.161592483520508,1.8856308460235596,1337.3101373829995
8049.0,17.13694190979004,3.121648073196411,1337.9384672479937
8050.0,18.625389099121094,3.3174431324005127,1338.734021725002
8051.0,8.037934303283691,2.0091254711151123,1339.5973908120068
8052.0,23.641803741455078,4.23140811920166,1340.4501072410058
8053.0,15.089153289794922,3.2020957469940186,1340.5910898769944
8054.0,15.613773345947266,3.7232065200805664,1340.7142720200063
8055.0,20.98261070251465,4.864960193634033,1340.845766169994
8056.0,41.396385192871094,5.24467134475708,1340.9681355039938
8057.0,31.1036376953125,5.568066596984863,1341.0825181410037
8058.0,21.2987003326416,4.569546699523926,1341.2290099149977
8059.0,20.114931106567383,3.899646759033203,1341.355388883996
8060.0,10.560453414916992,2.2778093814849854,1341.4753701029986
8061.0,24.663341522216797,4.270566940307617,1341.6022972619976
8062.0,8.452461242675781,2.4186484813690186,1341.7233939090074
8063.0,20.310163497924805,3.5661699771881104,1341.8406500900019
8064.0,6.16942834854126,1.8063582181930542,1341.956527086004
8065.0,18.930078506469727,3.9461240768432617,1342.063726716995
8066.0,26.354333877563477,5.128355026245117,1342.1797349760018
8067.0,9.99488639831543,2.121513843536377,1342.2845761659992
8068.0,26.039066314697266,4.130198001861572,1342.3941613350034
8069.0,8.249876022338867,1.976227045059204,1342.5085885160079
8070.0,12.693693161010742,2.8662071228027344,1342.621459115995
8071.0,97.43514251708984,11.451446533203125,1342.7499224439962
8072.0,84.14444732666016,8.297691345214844,1342.873806128002
8073.0,20.600299835205078,3.3860063552856445,1342.9909199649992
8074.0,107.47581481933594,11.52211856842041,1343.1080679269944
8075.0,27.60833740234375,3.8079140186309814,1343.2460504290066
8076.0,12.272363662719727,2.9686412811279297,1343.3779044480034
8077.0,40.12046432495117,5.536532878875732,1343.4901961959986
8078.0,21.519664764404297,3.629344940185547,1343.5960533330071
8079.0,15.463865280151367,3.306344747543335,1343.7028595650045
8080.0,14.112951278686523,2.69470477104187,1343.8171083990019
8081.0,19.33185577392578,4.895212173461914,1343.932795034998
8082.0,94.67304229736328,10.90744686126709,1344.0468773320026
8083.0,11.756113052368164,3.392566442489624,1344.1768337350077
8084.0,4.376893997192383,1.2872012853622437,1344.291908380008
8085.0,12.642438888549805,2.592909336090088,1344.4090610400017
8086.0,26.126264572143555,4.928801536560059,1344.5411671979964
8087.0,41.724822998046875,5.677196025848389,1344.657552538003
8088.0,19.778526306152344,3.9276599884033203,1344.7734510489972
8089.0,6.7681989669799805,1.6890122890472412,1344.9191357050004
8090.0,20.986907958984375,3.8823626041412354,1345.0467663739983
8091.0,13.020005226135254,2.520104169845581,1345.2390609940048
8092.0,62.62510681152344,7.8910040855407715,1345.369249825002
8093.0,6.296908378601074,1.3934998512268066,1345.495356147003
8094.0,29.606801986694336,4.89634895324707,1345.6179761090025
8095.0,14.681573867797852,2.4158449172973633,1345.7342483840039
8096.0,23.648395538330078,3.9188380241394043,1345.844017262003
8097.0,13.428150177001953,2.772847890853882,1345.956350085995
8098.0,50.37207794189453,6.098968982696533,1346.0715380350011
8099.0,21.317394256591797,4.391430854797363,1346.197763468008
8100.0,12.801800727844238,3.193824052810669,1346.3205970770068
8101.0,5.755299091339111,1.5441733598709106,1350.6083125050063
8102.0,12.411426544189453,2.692018985748291,1350.7115116269997
8103.0,12.301883697509766,3.2397212982177734,1350.8222457329975
8104.0,6.297008514404297,1.8891160488128662,1350.940550225001
8105.0,38.993980407714844,4.8351664543151855,1351.0611003810045
8106.0,5.404889106750488,1.4356082677841187,1351.1717150019977
8107.0,28.395326614379883,4.56942081451416,1351.283298046008
8108.0,36.32792663574219,5.793961524963379,1351.4065697879996
8109.0,11.214117050170898,2.780179977416992,1351.535023712
8110.0,9.100261688232422,2.095066547393799,1351.6503775930032
8111.0,27.54957389831543,4.599027633666992,1351.770506269997
8112.0,11.52784252166748,3.062098979949951,1351.8838424970018
8113.0,20.444557189941406,3.8916332721710205,1352.0030929829954
8114.0,27.480804443359375,5.041907787322998,1352.1126037409995
8115.0,24.1374454498291,3.819685459136963,1352.2263956810057
8116.0,8.46906852722168,2.1661922931671143,1352.337004903995
8117.0,26.813400268554688,4.044311046600342,1352.4475703759963
8118.0,5.593221664428711,1.1849089860916138,1352.5667249800026
8119.0,5.797257423400879,1.4786242246627808,1352.6885223980062
8120.0,27.569847106933594,4.618614673614502,1352.8079904100014
8121.0,9.492737770080566,2.0620012283325195,1352.9263959910022
8122.0,5.37214994430542,1.2603405714035034,1353.0310531840078
8123.0,95.64552307128906,9.563276290893555,1353.148019276996
8124.0,48.91615295410156,5.726109981536865,1353.2980699080072
8125.0,7.301694869995117,1.7402722835540771,1353.4025857899978
8126.0,8.905216217041016,2.163382053375244,1353.5059216310037
8127.0,11.192330360412598,2.5175747871398926,1353.6196342780022
8128.0,8.39039421081543,1.9690649509429932,1353.7299255789985
8129.0,6.684611797332764,1.9107214212417603,1353.8380758770072
8130.0,32.79969787597656,5.31184720993042,1353.9615813730052
8131.0,15.011096954345703,4.1476898193359375,1354.0920174509956
8132.0,8.398977279663086,2.1903860569000244,1354.2038457949966
8133.0,4.785781383514404,1.2085891962051392,1354.3196327869955
8134.0,11.529048919677734,2.5608203411102295,1354.4336630229955
8135.0,91.03338623046875,10.380128860473633,1354.5495137800026
8136.0,100.17483520507812,10.872721672058105,1354.6686133170006
8137.0,7.958558082580566,1.5482282638549805,1354.8068706420017
8138.0,16.305519104003906,3.611595869064331,1354.9243365430011
8139.0,10.442770004272461,2.6085045337677,1355.0416393199994
8140.0,9.393559455871582,2.112794876098633,1355.1855978520034
8141.0,7.84773063659668,2.1837639808654785,1355.2980254580034
8142.0,14.78901481628418,3.364807605743408,1355.4110239669972
8143.0,43.21247863769531,5.7046685218811035,1355.5187988980033
8144.0,31.526506423950195,5.207046985626221,1355.6316519009997
8145.0,11.461061477661133,2.2413406372070312,1355.7509960190073
8146.0,4.863433361053467,1.1942285299301147,1355.8651532820077
8147.0,25.755630493164062,4.47122049331665,1355.9849785940023
8148.0,5.699356555938721,1.6488574743270874,1356.1199531110033
8149.0,34.5041389465332,5.62253475189209,1356.251332107
8150.0,12.033780097961426,3.1255691051483154,1356.3809194180067
8151.0,16.390947341918945,3.3298158645629883,1356.5071189949958
8152.0,10.322460174560547,2.2678592205047607,1356.6295808809955
8153.0,13.15310287475586,2.3937110900878906,1356.7379969780013
8154.0,29.088390350341797,4.41259241104126,1356.8490178399952
8155.0,13.975082397460938,2.6446449756622314,1356.9575129870063
8156.0,12.199675559997559,2.2676241397857666,1357.065832954002
8157.0,6.217709541320801,1.703131914138794,1357.2079357290058
8158.0,11.929471969604492,2.486961603164673,1357.3525852190069
8159.0,94.53368377685547,16.081098556518555,1357.5038434830058
8160.0,23.395017623901367,3.681474447250366,1357.6188615400024
8161.0,12.788837432861328,2.725706100463867,1357.7358251810074
8162.0,28.811431884765625,4.380015850067139,1357.8479521560075
8163.0,24.879741668701172,4.439326286315918,1357.9606518149958
8164.0,17.411338806152344,2.7266087532043457,1358.073385391006
8165.0,10.600400924682617,2.9125757217407227,1358.187426908
8166.0,11.453587532043457,2.445852041244507,1358.3033704749978
8167.0,14.794492721557617,3.025737762451172,1358.4193401579978
8168.0,38.80461883544922,5.71907377243042,1358.533375340994
8169.0,27.244705200195312,4.502124309539795,1358.6478195210075
8170.0,17.436664581298828,3.4055349826812744,1358.7667090540053
8171.0,7.100818634033203,1.7012741565704346,1358.871307303998
8172.0,6.562784671783447,1.652170181274414,1358.982242897997
8173.0,5.804357528686523,1.4866856336593628,1359.0942451540031
8174.0,35.86902618408203,5.218897819519043,1359.2165700250043
8175.0,28.967205047607422,4.266386032104492,1359.3315249750012
8176.0,5.785547733306885,1.2954144477844238,1359.455785639002
8177.0,5.776468276977539,1.5747642517089844,1359.5654609449994
8178.0,72.11836242675781,8.295434951782227,1359.6964158540068
8179.0,5.259910583496094,1.3323280811309814,1359.810606818006
8180.0,32.22898864746094,5.165192604064941,1359.925454352997
8181.0,6.0928239822387695,1.4877290725708008,1360.042711977003
8182.0,16.744369506835938,3.4093918800354004,1360.166741715002
8183.0,10.414206504821777,2.987490177154541,1360.283819616001
8184.0,6.709527015686035,1.6862832307815552,1360.4112885020004
8185.0,42.04835510253906,7.115468502044678,1360.5418108159938
8186.0,11.502315521240234,2.7035374641418457,1360.673429789007
8187.0,6.244829177856445,1.8130253553390503,1360.7839580790023
8188.0,4.6050543785095215,1.2099103927612305,1360.9125913169992
8189.0,11.631118774414062,2.368018388748169,1361.0561445659987
8190.0,8.199538230895996,1.7867413759231567,1361.189771240999
8191.0,105.66783905029297,7.3343610763549805,1361.3366119359998
8192.0,44.267433166503906,9.210013389587402,1361.4563849709957
8193.0,10.267114639282227,2.7739365100860596,1361.5806762249995
8194.0,36.72203063964844,5.141505718231201,1361.7060818589962
8195.0,8.463301658630371,2.1180105209350586,1361.8430044760025
8196.0,7.661642551422119,2.2815229892730713,1361.9548216330004
8197.0,20.78180694580078,3.1778697967529297,1362.0635500899953
8198.0,6.794099807739258,1.7439563274383545,1362.1989121960069
8199.0,6.389230728149414,1.6387910842895508,1362.316628525994
8200.0,70.00791931152344,8.384515762329102,1362.4352941770048
8201.0,4.707579612731934,1.123392939567566,1367.2506248970021
8202.0,8.983295440673828,2.720688581466675,1367.3817277280032
8203.0,10.548357963562012,2.32773494720459,1367.4996111579967
8204.0,20.169458389282227,3.532860040664673,1367.6136336000054
8205.0,10.70506763458252,2.4210872650146484,1367.7278304920037
8206.0,29.834308624267578,3.5736045837402344,1367.8376198309998
8207.0,5.935474395751953,1.3666719198226929,1367.9465051599982
8208.0,101.18743133544922,12.161784172058105,1368.048412283999
8209.0,11.203327178955078,2.3109400272369385,1368.1693367090047
8210.0,15.026683807373047,2.7811739444732666,1368.291915039008
8211.0,12.626272201538086,2.2246551513671875,1368.4015439640061
8212.0,18.800399780273438,3.257735252380371,1368.5151353469992
8213.0,23.50667381286621,4.638523578643799,1368.6252562269947
8214.0,9.664098739624023,1.9866182804107666,1368.7365962180047
8215.0,5.5743584632873535,1.6564340591430664,1368.8425438959966
8216.0,6.649911403656006,1.6971793174743652,1368.9475453579944
8217.0,15.992968559265137,3.8150041103363037,1369.0733535559993
8218.0,18.10856056213379,3.213559627532959,1369.2043145070056
8219.0,15.506929397583008,3.243434429168701,1369.3329531500058
8220.0,21.027179718017578,3.4792864322662354,1369.4596591409936
8221.0,11.87075424194336,3.4543423652648926,1369.5782776760025
8222.0,15.641756057739258,3.6009769439697266,1369.7000456160022
8223.0,33.891902923583984,4.990505218505859,1369.8152345190028
8224.0,22.578899383544922,4.336589813232422,1369.941980995005
8225.0,6.630025386810303,1.690639853477478,1370.0806376969995
8226.0,23.921104431152344,4.7328925132751465,1370.1926803389943
8227.0,23.17573356628418,4.593243598937988,1370.315421502004
8228.0,11.208221435546875,2.9124200344085693,1370.4198766049958
8229.0,43.368202209472656,6.122429847717285,1370.5435013819952
8230.0,16.50130844116211,3.665058135986328,1370.6497165839974
8231.0,23.476177215576172,3.829472303390503,1370.7750527369935
8232.0,20.458770751953125,3.677286148071289,1370.9111299700016
8233.0,10.641093254089355,2.6053707599639893,1371.030276578007
8234.0,8.111373901367188,1.8047680854797363,1371.157000502004
8235.0,15.004638671875,2.9786033630371094,1371.2780491979938
8236.0,30.248435974121094,4.69602632522583,1371.4143245419982
8237.0,15.406789779663086,3.228891372680664,1371.649258785008
8238.0,77.25788116455078,9.730162620544434,1371.7927341500035
8239.0,20.616703033447266,3.9667766094207764,1371.9393833430076
8240.0,141.6687469482422,11.905107498168945,1372.0484877029958
8241.0,20.62920570373535,3.3311827182769775,1372.1613205339963
8242.0,40.222084045410156,6.386795520782471,1372.3020678110042
8243.0,24.88054656982422,4.271278381347656,1372.440076843006
8244.0,14.287123680114746,2.8279166221618652,1372.5701729800057
8245.0,12.921201705932617,2.631229877471924,1372.6904311270046
8246.0,12.604042053222656,3.292990207672119,1372.8236488330003
8247.0,64.63008117675781,8.1659517288208,1372.9572650049959
8248.0,18.7127742767334,3.3449978828430176,1373.0983103250037
8249.0,5.613318920135498,1.376096487045288,1373.234392822007
8250.0,6.625067710876465,1.6233270168304443,1373.3537884969992
8251.0,17.649642944335938,3.907442331314087,1373.479230885001
8252.0,52.18818283081055,6.015445709228516,1373.5976359009946
8253.0,10.125530242919922,1.89059317111969,1373.7129808220052
8254.0,36.72547149658203,4.698802947998047,1373.828323669004
8255.0,4.776312828063965,1.2805219888687134,1373.9794512189983
8256.0,8.937207221984863,2.5243773460388184,1374.1216963670013
8257.0,29.684083938598633,5.434167861938477,1374.2344773140067
8258.0,99.57051086425781,16.059661865234375,1374.3512516180053
8259.0,15.08298397064209,3.3267955780029297,1374.4728533409943
8260.0,11.157716751098633,2.6105711460113525,1374.6138607280009
8261.0,7.149718284606934,1.9055988788604736,1374.747055055006
8262.0,34.23221969604492,5.974357604980469,1374.875198748996
8263.0,6.262709617614746,1.4935683012008667,1374.985872699006
8264.0,10.898163795471191,2.5853264331817627,1375.096452497004
8265.0,10.599295616149902,2.4399876594543457,1375.2423637290049
8266.0,32.138328552246094,5.195191860198975,1375.457208325999
8267.0,15.082643508911133,3.311389446258545,1375.6100098489987
8268.0,18.457984924316406,3.634262800216675,1375.7223774250015
8269.0,43.86197280883789,6.39341402053833,1375.8471895200055
8270.0,5.631611347198486,1.498871922492981,1375.9685575470066
8271.0,11.427412033081055,2.753488063812256,1376.086395898994
8272.0,8.086981773376465,1.9596383571624756,1376.2243523649959
8273.0,8.460954666137695,2.213897705078125,1376.375311188007
8274.0,23.000259399414062,4.58760404586792,1376.4931775010045
8275.0,12.994637489318848,3.1858811378479004,1376.622333583
8276.0,14.959774017333984,4.0726318359375,1376.7391966750001
8277.0,20.69869613647461,4.728075981140137,1376.857968908007
8278.0,10.344767570495605,2.6890199184417725,1376.9971884650004
8279.0,32.82803726196289,5.0793585777282715,1377.1464135999995
8280.0,115.50890350341797,12.236486434936523,1377.2897783590015
8281.0,6.425932884216309,1.5464476346969604,1377.419111066003
8282.0,31.616207122802734,4.749894618988037,1377.551484141004
8283.0,13.601911544799805,2.688514232635498,1377.6665951820032
8284.0,83.52198028564453,9.68193244934082,1377.802092138998
8285.0,18.331226348876953,3.7147700786590576,1377.9499737769947
8286.0,19.560081481933594,3.330045700073242,1378.0799982030003
8287.0,12.441097259521484,2.585998058319092,1378.2007538189937
8288.0,25.81026840209961,4.48283576965332,1378.3319285780017
8289.0,10.593955039978027,2.18583083152771,1378.4603114519996
8290.0,7.249078750610352,1.7215142250061035,1378.6384877679957
8291.0,67.88713073730469,6.721328258514404,1378.7564297070057
8292.0,18.862987518310547,3.002349376678467,1378.884161074995
8293.0,32.960350036621094,5.196227550506592,1379.0142470150022
8294.0,38.33849334716797,6.122372150421143,1379.1506481039978
8295.0,7.410942077636719,1.700545310974121,1379.2877091560076
8296.0,8.064281463623047,2.000659465789795,1379.4163028549956
8297.0,7.781484603881836,2.0655198097229004,1379.5933027520077
8298.0,31.033893585205078,4.335849285125732,1379.722939447005
8299.0,12.43050765991211,2.3218305110931396,1379.879827976998
8300.0,21.006465911865234,3.7695672512054443,1380.0394593920064
8301.0,21.91815948486328,4.495810031890869,1384.4431551250018
8302.0,30.41727066040039,5.116430282592773,1384.5802603379998
8303.0,3.7690649032592773,0.9932166337966919,1384.7158774650015
8304.0,7.810491561889648,2.161302328109741,1384.8369961709977
8305.0,10.640595436096191,2.369719982147217,1384.9481632550014
8306.0,28.71788787841797,6.467590808868408,1385.078863650997
8307.0,8.136863708496094,1.7428252696990967,1385.2016306690057
8308.0,7.2752556800842285,1.7348383665084839,1385.3134846790053
8309.0,19.17265510559082,3.358541250228882,1385.4297269399976
8310.0,10.256553649902344,2.5691628456115723,1385.5478570029954
8311.0,8.75438404083252,2.2421207427978516,1385.662177923994
8312.0,23.60397720336914,3.9181854724884033,1385.796402263004
8313.0,13.636834144592285,2.7185325622558594,1385.914628612998
8314.0,15.654264450073242,2.866555690765381,1386.0323345119978
8315.0,15.001163482666016,3.236096143722534,1386.1386678739946
8316.0,8.073949813842773,1.9637839794158936,1386.2598069619999
8317.0,18.94738006591797,3.334418535232544,1386.3685302980011
8318.0,67.53463745117188,6.884565830230713,1386.473725746997
8319.0,11.119028091430664,2.239222526550293,1386.5919285609998
8320.0,11.898815155029297,2.4609320163726807,1386.717342488002
8321.0,59.24324035644531,6.814413070678711,1386.8266459320002
8322.0,32.828880310058594,4.390109539031982,1386.9542893280013
8323.0,24.01747703552246,4.047867774963379,1387.0688500630058
8324.0,37.31831741333008,5.642444610595703,1387.2127633490018
8325.0,7.705167770385742,1.6982449293136597,1387.3237422660022
8326.0,22.061370849609375,4.455754280090332,1387.4362232770072
8327.0,28.67759132385254,4.172184467315674,1387.5490917309944
8328.0,97.11167907714844,9.327727317810059,1387.6612894550053
8329.0,23.28641128540039,3.6090829372406006,1387.7797472139937
8330.0,4.616706848144531,1.194217562675476,1387.8923991649935
8331.0,13.315849304199219,2.484935998916626,1388.0033152899996
8332.0,15.3607177734375,3.143763780593872,1388.1311883580056
8333.0,13.757171630859375,2.655061960220337,1388.2477192000079
8334.0,3.232461452484131,0.8297216296195984,1388.3634521119966
8335.0,10.424196243286133,2.633622646331787,1388.4815173440002
8336.0,6.829133987426758,1.6623311042785645,1388.6329276809993
8337.0,92.01280975341797,9.736818313598633,1388.7434301900066
8338.0,12.967479705810547,2.8036623001098633,1388.8543409830017
8339.0,17.33289337158203,3.577709197998047,1388.9901560370054
8340.0,20.213607788085938,3.5893614292144775,1389.1245869029954
8341.0,9.063483238220215,2.4558005332946777,1389.2356428799976
8342.0,29.944377899169922,5.535818576812744,1389.3383461119956
8343.0,10.754307746887207,2.372623920440674,1389.453939471001
8344.0,6.668113708496094,1.9655745029449463,1389.5654727880028
8345.0,12.113536834716797,2.5492846965789795,1389.6775309549994
8346.0,6.45695686340332,1.9502739906311035,1389.7867117179994
8347.0,16.790313720703125,3.263204574584961,1389.8929777140002
8348.0,5.74440336227417,1.7660006284713745,1390.0139720860025
8349.0,8.206628799438477,2.2648208141326904,1390.1540953020012
8350.0,10.08859634399414,1.8436825275421143,1390.2939137840003
8351.0,11.440656661987305,2.5068531036376953,1390.406530762004
8352.0,5.468862056732178,1.5100364685058594,1390.5228604129952
8353.0,35.634849548339844,4.082712173461914,1390.6340972119942
8354.0,56.043888092041016,8.422307014465332,1390.7585399490054
8355.0,13.968341827392578,3.528188705444336,1390.8700172209938
8356.0,12.22834300994873,2.255927562713623,1390.9831740960071
8357.0,6.803053855895996,1.6527576446533203,1391.095625668997
8358.0,10.74163818359375,2.5360193252563477,1391.213745866
8359.0,13.024954795837402,2.670513868331909,1391.357338411006
8360.0,22.187929153442383,3.916496992111206,1391.4767465049954
8361.0,21.378498077392578,3.8871514797210693,1391.6064231469936
8362.0,30.950393676757812,5.16318416595459,1391.721517262995
8363.0,7.328150272369385,1.9486117362976074,1391.8401376349939
8364.0,21.449161529541016,3.3219926357269287,1391.9591512280022
8365.0,18.253742218017578,4.1511006355285645,1392.064389236999
8366.0,15.272004127502441,3.07977032661438,1392.1783944130002
8367.0,16.714702606201172,3.0295517444610596,1392.3214575900056
8368.0,17.408559799194336,4.476348400115967,1392.443354863004
8369.0,22.317157745361328,4.320267677307129,1392.5671264980047
8370.0,99.34191131591797,10.044149398803711,1392.6997309809958
8371.0,36.085777282714844,4.63714599609375,1392.8226151919953
8372.0,34.163856506347656,4.7465996742248535,1392.9856600240018
8373.0,24.28215980529785,4.17496395111084,1393.106755161003
8374.0,28.245994567871094,4.713191986083984,1393.241189184002
8375.0,6.604768753051758,1.3026810884475708,1393.37856302
8376.0,10.439977645874023,2.1490464210510254,1393.5315868100006
8377.0,37.235877990722656,5.3064775466918945,1393.6759566649998
8378.0,28.96601104736328,4.896609306335449,1393.7976861740026
8379.0,50.8139533996582,7.494213104248047,1393.9092655970016
8380.0,5.003258228302002,1.5165818929672241,1394.0434930689953
8381.0,17.215415954589844,3.7591354846954346,1394.1713745470042
8382.0,24.80499267578125,4.50111198425293,1394.2744867389993
8383.0,23.971078872680664,5.054015636444092,1394.3839521640039
8384.0,17.807100296020508,3.65673565864563,1394.4928068209992
8385.0,30.707969665527344,4.377416610717773,1394.6144033900055
8386.0,13.926446914672852,2.832101583480835,1394.7260371449956
8387.0,26.888063430786133,3.1559414863586426,1394.8406898469984
8388.0,16.54639434814453,3.0715670585632324,1394.9607570030057
8389.0,5.467600345611572,1.354575276374817,1395.0760505770013
8390.0,93.84266662597656,9.653705596923828,1395.2218675610056
8391.0,23.11800765991211,4.447782516479492,1395.337141099997
8392.0,19.32171630859375,3.2884066104888916,1395.4591033769975
8393.0,6.509296417236328,1.6041759252548218,1395.5877017680032
8394.0,15.863125801086426,2.9366989135742188,1395.7219922359945
8395.0,22.3525447845459,4.029401779174805,1395.8519132700021
8396.0,16.683982849121094,3.064546823501587,1396.001965864998
8397.0,7.019846439361572,1.6577727794647217,1396.1203339549975
8398.0,15.603145599365234,2.8457441329956055,1396.245099880005
8399.0,20.01416015625,3.731701135635376,1396.4044567170058
8400.0,5.766145706176758,1.5572781562805176,1396.566930697998
8401.0,14.515802383422852,3.143941640853882,1401.7961079579982
8402.0,24.838947296142578,4.98658561706543,1401.9056606390077
8403.0,9.369823455810547,2.2325150966644287,1402.009882216007
8404.0,38.20912551879883,4.908094882965088,1402.1216048829956
8405.0,5.964982032775879,1.4414867162704468,1402.2433778800041
8406.0,43.27944564819336,5.970343112945557,1402.3478501859936
8407.0,10.368490219116211,2.410404682159424,1402.474466907006
8408.0,21.071521759033203,3.89043927192688,1402.6158410680073
8409.0,8.374344825744629,2.058488368988037,1402.7355689920078
8410.0,29.102596282958984,4.66517448425293,1402.8532099650038
8411.0,29.97234344482422,4.45453405380249,1402.9701064270048
8412.0,8.497703552246094,2.599677562713623,1403.1065960150008
8413.0,26.619216918945312,4.853787422180176,1403.2221120309987
8414.0,7.408721923828125,1.693328857421875,1403.362204981997
8415.0,18.18235206604004,4.229261875152588,1403.4949880740023
8416.0,32.20695877075195,4.778992176055908,1403.6147812770068
8417.0,9.385350227355957,3.0856614112854004,1403.7347118119942
8418.0,21.900405883789062,4.848552703857422,1403.836141035994
8419.0,9.725650787353516,2.693380355834961,1403.945553536003
8420.0,12.325279235839844,2.6372926235198975,1404.0860673639982
8421.0,22.277469635009766,4.041233062744141,1404.244599587997
8422.0,17.136734008789062,3.1501624584198,1404.3553359700018
8423.0,6.1313652992248535,1.5604593753814697,1404.4808758879954
8424.0,23.346141815185547,3.8353328704833984,1404.5920885600062
8425.0,96.11084747314453,16.380537033081055,1404.7153107399936
8426.0,21.810623168945312,3.7095787525177,1404.8845908359945
8427.0,46.17747497558594,6.608786582946777,1405.0124932839972
8428.0,32.02083969116211,4.894842147827148,1405.1446600729978
8429.0,17.692842483520508,4.03825569152832,1405.2712790749938
8430.0,6.499870300292969,1.5422955751419067,1405.3945895250072
8431.0,10.056816101074219,2.9869909286499023,1405.5370755559998
8432.0,31.753353118896484,5.901007175445557,1405.6639504070044
8433.0,48.10601806640625,6.057518005371094,1405.7880976830056
8434.0,9.617584228515625,2.1186375617980957,1405.8911562129942
8435.0,23.41802215576172,4.496118068695068,1406.036047118003
8436.0,8.544198036193848,2.128354549407959,1406.156054185005
8437.0,75.86092376708984,13.635393142700195,1406.2692139230057
8438.0,7.786250114440918,2.2154033184051514,1406.3894390189962
8439.0,13.461471557617188,3.078951597213745,1406.521775169007
8440.0,5.653590679168701,1.4194724559783936,1406.6428324599983
8441.0,8.336392402648926,2.1732847690582275,1406.7633718139987
8442.0,23.24380874633789,3.8339011669158936,1406.8743119260034
8443.0,29.656044006347656,4.877681732177734,1406.984573698006
8444.0,45.403953552246094,5.316686153411865,1407.0885799459938
8445.0,22.694791793823242,3.4209771156311035,1407.1930079680023
8446.0,18.20949935913086,3.2760488986968994,1407.3258346950024
8447.0,18.102771759033203,4.266813278198242,1407.4468192420027
8448.0,18.368972778320312,3.8256707191467285,1407.5799205570074
8449.0,10.529497146606445,2.1143176555633545,1407.7007483009947
8450.0,36.72638702392578,4.924551010131836,1407.8552909010032
8451.0,17.455469131469727,3.8652920722961426,1407.9612086169946
8452.0,6.766340732574463,1.533432126045227,1408.0840836959978
8453.0,30.617780685424805,4.864246845245361,1408.2222794650006
8454.0,14.547201156616211,3.5500073432922363,1408.3370625800017
8455.0,16.00116539001465,3.0959360599517822,1408.4527956329985
8456.0,5.045964241027832,1.3642323017120361,1408.5634571630071
8457.0,9.747827529907227,2.38348126411438,1408.6968230939965
8458.0,14.797744750976562,3.399132013320923,1408.8336454969976
8459.0,7.344508171081543,1.8570767641067505,1408.942712086995
8460.0,7.087893962860107,2.1816203594207764,1409.0545144610078
8461.0,18.856191635131836,4.393718242645264,1409.1758655669983
8462.0,28.154006958007812,5.680342197418213,1409.3130010909954
8463.0,74.20315551757812,9.500502586364746,1409.4287502859952
8464.0,7.755010604858398,1.925248384475708,1409.5462478010013
8465.0,7.972262382507324,1.9399608373641968,1409.674475574997
8466.0,5.918010234832764,1.5829768180847168,1409.8035203610052
8467.0,6.864114761352539,1.6510021686553955,1409.9256471669942
8468.0,48.93370056152344,7.192193031311035,1410.0474979319988
8469.0,10.989773750305176,2.5547094345092773,1410.1664501479972
8470.0,12.063011169433594,2.8045427799224854,1410.2851803109952
8471.0,28.72667121887207,3.718855857849121,1410.410972439
8472.0,10.760601043701172,2.260646104812622,1410.547134124994
8473.0,6.063359260559082,1.5634617805480957,1410.673036467997
8474.0,16.04714584350586,3.1529924869537354,1410.7984525469947
8475.0,5.373903274536133,1.2530990839004517,1410.8967500190047
8476.0,5.842484951019287,1.40200674533844,1411.0098579110054
8477.0,43.101905822753906,5.547401428222656,1411.1260653770005
8478.0,7.4009904861450195,1.787498116493225,1411.262921128
8479.0,19.178346633911133,3.2601773738861084,1411.384354586
8480.0,5.576075553894043,1.413204312324524,1411.494218545995
8481.0,30.51236915588379,4.7754225730896,1411.6054356530076
8482.0,13.540704727172852,2.5778300762176514,1411.7347388829949
8483.0,7.378650665283203,1.9870525598526,1411.8507866510045
8484.0,16.38553237915039,2.9869837760925293,1411.9639930179983
8485.0,30.805387496948242,3.3791394233703613,1412.0769867040071
8486.0,29.809402465820312,3.870199203491211,1412.211983057001
8487.0,24.51723289489746,3.7942006587982178,1412.3314014479984
8488.0,26.140090942382812,4.833471775054932,1412.468268947996
8489.0,39.607704162597656,8.645318984985352,1412.599854583008
8490.0,5.760762691497803,1.6735426187515259,1412.7102442750038
8491.0,6.846170425415039,1.5335899591445923,1412.8207506549952
8492.0,8.589700698852539,2.0165469646453857,1412.9512952280056
8493.0,9.616202354431152,2.1858317852020264,1413.0615809989977
8494.0,17.900634765625,2.908865451812744,1413.1850629649998
8495.0,7.108257293701172,1.7706825733184814,1413.295512911005
8496.0,7.989720821380615,1.6939096450805664,1413.4061779979966
8497.0,28.453929901123047,4.623358249664307,1413.5497967690026
8498.0,24.32949447631836,4.1768341064453125,1413.6665300400055
8499.0,12.371522903442383,2.376366376876831,1413.7749424250069
8500.0,11.734882354736328,2.567979335784912,1413.888625460997
8501.0,10.859173774719238,2.7303409576416016,1418.427637308996
8502.0,5.491988658905029,1.3511643409729004,1418.537382538998
8503.0,13.756619453430176,3.20469331741333,1418.6436349300056
8504.0,48.96870040893555,5.745355606079102,1418.7494247569994
8505.0,6.188333511352539,1.6148518323898315,1418.868842092008
8506.0,13.663053512573242,2.704033613204956,1418.987191843
8507.0,12.104084014892578,2.3273189067840576,1419.1023555730062
8508.0,12.310439109802246,3.0585553646087646,1419.212759329006
8509.0,9.44704532623291,2.323542833328247,1419.3304951890022
8510.0,57.27420425415039,7.028322696685791,1419.461767722998
8511.0,31.77444076538086,4.695094108581543,1419.589268566997
8512.0,30.661319732666016,4.958348274230957,1419.7325561930047
8513.0,19.648223876953125,4.068411827087402,1419.871517837004
8514.0,8.503825187683105,1.8842030763626099,1419.9832371700031
8515.0,36.73222351074219,5.603400230407715,1420.0966076930054
8516.0,6.644782543182373,1.5720807313919067,1420.226617045002
8517.0,6.429560661315918,1.6290838718414307,1420.390539383996
8518.0,9.270659446716309,2.2009527683258057,1420.507366795995
8519.0,19.35828399658203,3.4055252075195312,1420.6348772399942
8520.0,16.467836380004883,2.998544931411743,1420.754562764996
8521.0,51.819644927978516,5.649880409240723,1420.8748021089996
8522.0,15.424570083618164,2.800974130630493,1420.988571986003
8523.0,6.12198543548584,1.5289314985275269,1421.1102682979981
8524.0,15.420085906982422,2.9580624103546143,1421.2495249810017
8525.0,22.741252899169922,5.069692134857178,1421.3566077980067
8526.0,41.862083435058594,6.364814758300781,1421.4620669949945
8527.0,16.56136703491211,3.5105080604553223,1421.598787682
8528.0,8.378649711608887,2.1278903484344482,1421.7188628519943
8529.0,16.72856903076172,3.120399236679077,1421.829227342998
8530.0,27.334739685058594,4.001298427581787,1421.9346725509968
8531.0,15.445466995239258,3.287496328353882,1422.0414462960034
8532.0,17.120494842529297,3.2737667560577393,1422.165876182
8533.0,23.950124740600586,3.5738260746002197,1422.2733337590034
8534.0,16.757640838623047,2.8802571296691895,1422.3851912429964
8535.0,18.34577178955078,3.2207043170928955,1422.4996053530049
8536.0,5.619718551635742,1.4287086725234985,1422.6136033539951
8537.0,15.407402038574219,3.308651924133301,1422.7275004590047
8538.0,41.15029525756836,5.50481653213501,1422.8414595960057
8539.0,6.344532489776611,1.6598912477493286,1422.9691714660003
8540.0,22.347492218017578,3.8839070796966553,1423.1127515480039
8541.0,6.303781986236572,1.4743841886520386,1423.2543696430075
8542.0,14.820690155029297,4.109410285949707,1423.3736875299946
8543.0,11.387578964233398,2.8543155193328857,1423.4903929020074
8544.0,14.857391357421875,3.242269992828369,1423.5996115460002
8545.0,9.869416236877441,2.519728660583496,1423.728522268997
8546.0,15.591148376464844,3.1499555110931396,1423.849708845999
8547.0,17.899757385253906,3.950951337814331,1423.9668263240019
8548.0,16.186767578125,3.496039867401123,1424.0716606909991
8549.0,4.813111305236816,1.2463303804397583,1424.1834600019938
8550.0,5.619197845458984,1.2827179431915283,1424.3207372640027
8551.0,104.25376892089844,11.494009971618652,1424.4522325559956
8552.0,10.898171424865723,3.015500545501709,1424.5683392880019
8553.0,11.815335273742676,2.525017023086548,1424.687115231005
8554.0,45.745330810546875,7.388949871063232,1424.8054731070006
8555.0,20.135780334472656,4.616199493408203,1424.9358320839965
8556.0,8.32327651977539,1.6585752964019775,1425.0517870129988
8557.0,17.92400360107422,3.2889180183410645,1425.1691861029976
8558.0,43.72079086303711,5.419225692749023,1425.2856836300052
8559.0,13.37078857421875,2.712674140930176,1425.396940717008
8560.0,88.33806610107422,9.695398330688477,1425.5017772900028
8561.0,12.377172470092773,2.5632412433624268,1425.6216023250017
8562.0,10.171516418457031,2.660224437713623,1425.7352804730035
8563.0,11.266539573669434,3.148693084716797,1425.849581981005
8564.0,22.496170043945312,4.025225639343262,1425.9754516079993
8565.0,18.260520935058594,3.256762981414795,1426.0804346390069
8566.0,31.313751220703125,7.411617279052734,1426.1908460310078
8567.0,60.37632751464844,8.025718688964844,1426.3116957019956
8568.0,8.617640495300293,2.047093152999878,1426.4277329199977
8569.0,10.764559745788574,2.874563694000244,1426.589274169004
8570.0,7.809496879577637,2.066575050354004,1426.6956529239978
8571.0,33.78446578979492,5.185667991638184,1426.8222625680064
8572.0,100.63526916503906,11.348398208618164,1426.9369740160037
8573.0,13.476526260375977,2.429365873336792,1427.0571943959949
8574.0,12.867768287658691,2.7290501594543457,1427.1860319950065
8575.0,31.647098541259766,4.618193626403809,1427.298683674002
8576.0,4.916882514953613,1.1963598728179932,1427.434279123001
8577.0,31.348848342895508,4.391530513763428,1427.5435419200076
8578.0,14.573701858520508,3.0521786212921143,1427.6719703510025
8579.0,6.770681381225586,1.7547110319137573,1427.7885011010076
8580.0,6.860700607299805,1.8111788034439087,1427.8985302049987
8581.0,5.199558258056641,1.4399086236953735,1428.0078433449962
8582.0,11.23044490814209,2.858555316925049,1428.1138637609984
8583.0,5.318100452423096,1.4445124864578247,1428.2304007079947
8584.0,14.937163352966309,3.2821896076202393,1428.3592327310034
8585.0,7.281713485717773,2.2404422760009766,1428.5062856849981
8586.0,31.84979248046875,4.913448810577393,1428.6151219199965
8587.0,24.335325241088867,4.387289524078369,1428.7420712470048
8588.0,9.383512496948242,2.0986478328704834,1428.8817627600074
8589.0,6.952043533325195,2.1404659748077393,1429.033997299004
8590.0,11.920482635498047,2.056485176086426,1429.1731866850023
8591.0,6.816864013671875,1.6761053800582886,1429.302974006001
8592.0,40.17925262451172,5.89558219909668,1429.4361545389984
8593.0,53.88539123535156,6.360762596130371,1429.5542119370075
8594.0,48.73493957519531,5.507132530212402,1429.6824000159977
8595.0,16.510990142822266,3.027906894683838,1429.8405458070047
8596.0,7.892062187194824,1.9471678733825684,1429.961655178995
8597.0,22.645687103271484,3.7948157787323,1430.0892206520075
8598.0,7.019970893859863,1.6892513036727905,1430.209085579001
8599.0,7.487288951873779,1.9233371019363403,1430.3209866329998
8600.0,90.851806640625,10.299050331115723,1430.4275772039982
8601.0,6.651401042938232,1.6343694925308228,1434.608779265007
8602.0,32.412635803222656,5.484691619873047,1434.7134793430014
8603.0,11.282793045043945,2.817945718765259,1434.8315980100015
8604.0,12.53690242767334,2.7742867469787598,1434.947737605995
8605.0,7.494865417480469,1.9382463693618774,1435.0577392450068
8606.0,28.980751037597656,4.523946285247803,1435.1752595040016
8607.0,22.194610595703125,2.893833637237549,1435.2888430500025
8608.0,5.317287921905518,1.3685319423675537,1435.3967834180075
8609.0,70.47982788085938,9.133904457092285,1435.535185102999
8610.0,11.78619384765625,2.6847267150878906,1435.6676231129968
8611.0,17.447269439697266,3.5654706954956055,1435.8099485580024
8612.0,15.034065246582031,2.7208733558654785,1435.9136497620057
8613.0,5.651407718658447,1.4066799879074097,1436.046456740005
8614.0,20.505382537841797,3.415447235107422,1436.1658182779938
8615.0,9.636076927185059,1.9763895273208618,1436.2971053039946
8616.0,16.4649658203125,3.2639029026031494,1436.412123467002
8617.0,9.32529067993164,2.3958044052124023,1436.5516890349973
8618.0,9.917488098144531,2.353764295578003,1436.6776586110063
8619.0,7.028253555297852,1.8121997117996216,1436.810254430995
8620.0,14.734644889831543,2.986929416656494,1436.935123468007
8621.0,19.129623413085938,3.7555902004241943,1437.0468345010013
8622.0,14.710211753845215,3.3044750690460205,1437.187334614995
8623.0,6.052399635314941,1.487507939338684,1437.3112185469945
8624.0,21.357839584350586,4.240753650665283,1437.4276623490005
8625.0,24.64293670654297,4.304980754852295,1437.5523128939967
8626.0,9.27599048614502,2.2381229400634766,1437.6871060720005
8627.0,10.203824043273926,2.4600608348846436,1437.7879034320067
8628.0,47.38494873046875,6.581913471221924,1437.8843832109997
8629.0,10.03133773803711,2.4828433990478516,1438.0125296540064
8630.0,28.929840087890625,4.73434591293335,1438.1448360020004
8631.0,6.140381336212158,1.5043210983276367,1438.2582553469983
8632.0,39.37757110595703,6.417375087738037,1438.373085639003
8633.0,11.857952117919922,2.248425006866455,1438.4936482070043
8634.0,5.243518352508545,1.6312040090560913,1438.6104419729963
8635.0,20.193340301513672,3.644972324371338,1438.773453996997
8636.0,15.557823181152344,2.8512208461761475,1438.925049559999
8637.0,8.55912971496582,1.996334195137024,1439.0493550959945
8638.0,17.868162155151367,3.777527332305908,1439.1795032539958
8639.0,7.976408958435059,1.8938761949539185,1439.2965086559998
8640.0,53.13407897949219,6.261609077453613,1439.4093990709953
8641.0,3.8834333419799805,1.0522665977478027,1439.5315832490014
8642.0,4.614400863647461,1.1021113395690918,1439.6587881519954
8643.0,39.69730758666992,4.83167839050293,1439.803430496002
8644.0,7.397226333618164,1.8494728803634644,1440.0032482109964
8645.0,7.393798828125,1.9024944305419922,1440.1285925020056
8646.0,10.629875183105469,2.221041202545166,1440.2397794660064
8647.0,4.147139549255371,1.0279754400253296,1440.348439502006
8648.0,10.126176834106445,1.6747469902038574,1440.468397115008
8649.0,17.922183990478516,3.174285888671875,1440.6044941260043
8650.0,38.594749450683594,5.686576843261719,1440.7196113039972
8651.0,20.550987243652344,3.35221791267395,1440.8517069329973
8652.0,7.131809234619141,1.5527912378311157,1440.9683026010025
8653.0,17.691457748413086,3.1611669063568115,1441.0935994440079
8654.0,16.203845977783203,3.280380964279175,1441.2056958159956
8655.0,3.7663421630859375,0.9814380407333374,1441.3140515300038
8656.0,22.395793914794922,3.672215223312378,1441.4269314819976
8657.0,34.6987190246582,5.547647476196289,1441.547252806995
8658.0,53.88987350463867,6.696211338043213,1441.6572608529968
8659.0,4.95501184463501,1.2991706132888794,1441.7734600010008
8660.0,23.108413696289062,4.003124713897705,1441.8864687869936
8661.0,12.234273910522461,2.602269172668457,1442.0193666039995
8662.0,9.507999420166016,2.315045118331909,1442.1270947169978
8663.0,7.107089996337891,1.5942714214324951,1442.2698227250075
8664.0,17.272092819213867,2.9135398864746094,1442.4072294340003
8665.0,33.34907531738281,5.035467624664307,1442.525854438005
8666.0,30.997591018676758,5.086106300354004,1442.6334154340002
8667.0,23.34484100341797,4.096103191375732,1442.7602230019984
8668.0,11.788360595703125,2.417818784713745,1442.8694762800005
8669.0,15.266956329345703,3.1435184478759766,1442.9765887749963
8670.0,8.125375747680664,1.9702105522155762,1443.0843768600025
8671.0,15.111337661743164,3.1797401905059814,1443.1929296169983
8672.0,21.829505920410156,3.8460049629211426,1443.3092999229993
8673.0,16.54050636291504,3.3882851600646973,1443.412597403003
8674.0,23.813467025756836,4.474936485290527,1443.5225745869975
8675.0,105.15752410888672,11.478882789611816,1443.6185255519958
8676.0,15.462176322937012,2.904808521270752,1443.7253351270047
8677.0,7.185580730438232,1.9163265228271484,1443.8426465380035
8678.0,8.6837797164917,2.224614143371582,1443.9971256340068
8679.0,9.558049201965332,2.0328047275543213,1444.134360017997
8680.0,22.551410675048828,4.4078288078308105,1444.2467702199938
8681.0,17.968456268310547,3.3713018894195557,1444.3806343920005
8682.0,24.32611083984375,4.128087043762207,1444.5025623389956
8683.0,17.563175201416016,3.003181219100952,1444.6203575160034
8684.0,7.66621208190918,1.852320909500122,1444.7303648109955
8685.0,12.779605865478516,2.988104820251465,1444.8416896970011
8686.0,19.078266143798828,3.0959479808807373,1444.9526637569943
8687.0,16.28839683532715,4.1304216384887695,1445.0796901190042
8688.0,6.189424514770508,1.4874988794326782,1445.2160834310052
8689.0,27.462907791137695,4.097292423248291,1445.3166119189991
8690.0,11.466484069824219,2.9300527572631836,1445.4559573089937
8691.0,18.010913848876953,3.2591569423675537,1445.569444460998
8692.0,29.97269630432129,4.473522663116455,1445.682656347999
8693.0,13.3243408203125,3.529224157333374,1445.9068178610032
8694.0,8.457174301147461,2.557650327682495,1446.0273053520068
8695.0,6.243690013885498,1.7610652446746826,1446.1482067290053
8696.0,35.90752410888672,5.422909736633301,1446.2859200090024
8697.0,29.52078628540039,5.218236446380615,1446.4333609680034
8698.0,7.203667163848877,1.9552490711212158,1446.5488348439976
8699.0,6.9339985847473145,2.1572513580322266,1446.6750902409985
8700.0,29.96023941040039,4.675840377807617,1446.7938057069987
8701.0,14.966717720031738,3.2734596729278564,1452.0156509109947
8702.0,13.559412002563477,2.386427402496338,1452.1378333129978
8703.0,10.46109676361084,2.1366467475891113,1452.2408771110058
8704.0,12.171483993530273,2.522930860519409,1452.3484303500009
8705.0,117.94125366210938,12.0443115234375,1452.4627857659943
8706.0,30.814212799072266,5.001888751983643,1452.5944122130022
8707.0,21.69582176208496,3.982222080230713,1452.7272877369978
8708.0,16.53018569946289,2.985954999923706,1452.8617493409984
8709.0,9.994974136352539,2.2422425746917725,1452.981005498994
8710.0,10.674802780151367,2.359645128250122,1453.1175218999997
8711.0,7.250330924987793,1.7374541759490967,1453.2333576859965
8712.0,30.771343231201172,5.896368503570557,1453.3517618250044
8713.0,17.241544723510742,3.5769615173339844,1453.4579564769956
8714.0,13.645086288452148,3.270613193511963,1453.591045149995
8715.0,29.50619125366211,5.180652618408203,1453.710014352997
8716.0,13.635283470153809,3.053999185562134,1453.8253708940028
8717.0,14.024242401123047,3.2887024879455566,1453.9418118890026
8718.0,5.269604682922363,1.3515079021453857,1454.068762437004
8719.0,7.269220352172852,1.8372269868850708,1454.183209573006
8720.0,11.782712936401367,2.768134117126465,1454.2885844609991
8721.0,5.734115123748779,1.5933399200439453,1454.3982060510025
8722.0,15.826286315917969,3.1304216384887695,1454.5106655059935
8723.0,6.043764114379883,1.6213377714157104,1454.6284810710058
8724.0,23.365951538085938,3.613351821899414,1454.7371537120052
8725.0,7.361339569091797,2.0572848320007324,1454.850783700007
8726.0,5.9487080574035645,1.3743603229522705,1454.9640900280065
8727.0,8.19658088684082,2.1360855102539062,1455.076753743997
8728.0,18.37442398071289,3.9909002780914307,1455.191180943002
8729.0,7.3930439949035645,1.9600666761398315,1455.3166091010062
8730.0,16.49057388305664,3.1071150302886963,1455.4343104849977
8731.0,5.579835891723633,1.4162458181381226,1455.5514811360044
8732.0,10.71505069732666,2.473961353302002,1455.6685265790002
8733.0,29.989091873168945,4.697003364562988,1455.7732383029943
8734.0,25.86780548095703,4.604147911071777,1455.884473209997
8735.0,8.81599235534668,2.315147638320923,1455.9943957869982
8736.0,5.894684314727783,1.3928799629211426,1456.1073267260072
8737.0,8.601314544677734,2.1475534439086914,1456.2259197270032
8738.0,6.781543731689453,1.722421407699585,1456.3435322339938
8739.0,8.363936424255371,2.1429290771484375,1456.462669348999
8740.0,18.967622756958008,3.335212469100952,1456.5894497910049
8741.0,13.74363899230957,2.6842753887176514,1456.7071082509938
8742.0,36.505950927734375,5.460999011993408,1456.8297537369945
8743.0,78.40168762207031,14.062212944030762,1456.9479847610055
8744.0,9.930788040161133,2.429501533508301,1457.0561813230015
8745.0,9.55522346496582,2.0414273738861084,1457.1712374799972
8746.0,23.903152465820312,4.726173400878906,1457.2938081419998
8747.0,36.043819427490234,4.690121173858643,1457.4103198660014
8748.0,9.991222381591797,2.456350088119507,1457.5228160230035
8749.0,8.77546501159668,2.1521453857421875,1457.6508591309976
8750.0,7.562593460083008,1.8996586799621582,1457.7792161329999
8751.0,24.130661010742188,5.66085958480835,1457.9069465170032
8752.0,7.084216117858887,1.788792371749878,1458.0298187360022
8753.0,7.898343086242676,2.4257566928863525,1458.142925328997
8754.0,24.224348068237305,4.134627342224121,1458.2529340040055
8755.0,8.384943008422852,1.9715770483016968,1458.366094786994
8756.0,27.676311492919922,4.4238505363464355,1458.4754126360058
8757.0,14.268818855285645,2.72314453125,1458.584133819997
8758.0,5.783631324768066,1.7944886684417725,1458.701570197998
8759.0,10.6612548828125,2.8856663703918457,1458.818945785999
8760.0,6.388661861419678,1.4563980102539062,1458.932183262994
8761.0,30.109420776367188,5.245832443237305,1459.055313224002
8762.0,6.5896148681640625,1.6267518997192383,1459.1753558930068
8763.0,88.849365234375,14.262228965759277,1459.2796519080002
8764.0,17.39368438720703,2.982189178466797,1459.4127331290074
8765.0,6.0299458503723145,1.548825740814209,1459.521028489995
8766.0,39.335357666015625,6.182969570159912,1459.6284191059967
8767.0,23.763336181640625,5.100471496582031,1459.7510614460043
8768.0,21.787797927856445,3.8279919624328613,1459.8638848650007
8769.0,36.48554229736328,5.0951714515686035,1459.9784785770025
8770.0,3.7237939834594727,1.087174415588379,1460.1004908869945
8771.0,80.62225341796875,8.572474479675293,1460.2141554499976
8772.0,5.270174980163574,1.2665929794311523,1460.3332694800047
8773.0,16.909164428710938,3.3072292804718018,1460.438589633006
8774.0,6.297306537628174,1.3612533807754517,1460.5531606440054
8775.0,13.04030990600586,2.7180826663970947,1460.6608253949962
8776.0,9.916000366210938,2.3252270221710205,1460.7742448360077
8777.0,6.926139831542969,2.068878173828125,1460.888051766
8778.0,41.85969161987305,6.361021041870117,1461.0075644750032
8779.0,25.815107345581055,4.4626898765563965,1461.1257662459975
8780.0,10.530369758605957,2.2737300395965576,1461.248141589007
8781.0,53.55741882324219,6.156848430633545,1461.3625525969983
8782.0,16.7353515625,3.161048412322998,1461.4726675940037
8783.0,45.184226989746094,6.729720592498779,1461.5899098090013
8784.0,11.588180541992188,2.5063462257385254,1461.7041225379944
8785.0,5.050638198852539,1.2999906539916992,1461.823075266002
8786.0,22.583335876464844,3.3568532466888428,1461.9465972260077
8787.0,14.916751861572266,2.8316946029663086,1462.0685992229992
8788.0,12.502883911132812,2.4582293033599854,1462.1922053570015
8789.0,16.10492706298828,3.7232601642608643,1462.3117545230052
8790.0,4.621705055236816,1.2746813297271729,1462.4259125359968
8791.0,7.149380683898926,2.148266553878784,1462.5445253159996
8792.0,11.127897262573242,2.4836769104003906,1462.6533609960024
8793.0,14.10657024383545,4.007079124450684,1462.7709993470053
8794.0,27.093936920166016,4.763696193695068,1462.8889096710045
8795.0,5.461508750915527,1.3718068599700928,1463.0015622329956
8796.0,93.53680419921875,11.593062400817871,1463.1162106440024
8797.0,11.247920036315918,2.3104050159454346,1463.2285647490062
8798.0,39.530906677246094,5.60561990737915,1463.3400176529976
8799.0,6.355204105377197,1.6766688823699951,1463.4493818509945
8800.0,13.421871185302734,3.1595187187194824,1463.561632249999
8801.0,31.127059936523438,4.79950475692749,1468.3380458930042
8802.0,10.649234771728516,2.1848337650299072,1468.4787455740006
8803.0,23.56119155883789,4.432466983795166,1468.614527622005
8804.0,10.870986938476562,2.9080302715301514,1468.7535993380006
8805.0,15.645002365112305,3.0656044483184814,1468.902748264998
8806.0,5.872654914855957,1.4707897901535034,1469.0302630310034
8807.0,23.05394744873047,3.7992336750030518,1469.158498165998
8808.0,36.445579528808594,5.232378005981445,1469.2807880030014
8809.0,22.97214126586914,4.309079170227051,1469.4144158160052
8810.0,17.089723587036133,2.994736433029175,1469.5493869670026
8811.0,4.716882228851318,1.2543444633483887,1469.710057535005
8812.0,20.866209030151367,4.007391452789307,1469.8605251499976
8813.0,8.455459594726562,2.556615114212036,1469.9750632170035
8814.0,33.500640869140625,4.540798187255859,1470.0887488470034
8815.0,25.080726623535156,4.126432418823242,1470.2096489749965
8816.0,44.0821533203125,5.815222263336182,1470.3358045409987
8817.0,31.570396423339844,3.1420652866363525,1470.473787074996
8818.0,4.796762466430664,1.1909431219100952,1470.584179301004
8819.0,13.31410026550293,2.582181215286255,1470.6934751249937
8820.0,11.662134170532227,2.8183767795562744,1470.8015225459967
8821.0,12.910791397094727,3.1088292598724365,1470.9076825569937
8822.0,12.036166191101074,2.4170613288879395,1471.0134685920057
8823.0,6.439626693725586,1.602683186531067,1471.1172156910034
8824.0,14.361536979675293,3.2246761322021484,1471.2255095879955
8825.0,18.30254554748535,3.3956618309020996,1471.3483957650024
8826.0,14.964231491088867,2.9113779067993164,1471.4816723679978
8827.0,5.568033695220947,1.6286680698394775,1471.6083734319982
8828.0,13.965911865234375,2.6685800552368164,1471.7459142750013
8829.0,14.841840744018555,3.136979579925537,1471.8738708199962
8830.0,17.971660614013672,3.0885701179504395,1471.9937591049966
8831.0,10.667390823364258,2.1963260173797607,1472.1094180289947
8832.0,69.59334564208984,8.960325241088867,1472.2212615839962
8833.0,3.5778777599334717,0.8807480335235596,1472.343419865996
8834.0,8.864767074584961,2.5144529342651367,1472.4931000100041
8835.0,38.38774490356445,5.161057472229004,1472.624211988994
8836.0,6.550619125366211,1.8113083839416504,1472.7359224829997
8837.0,34.409027099609375,4.994584083557129,1472.8580895839987
8838.0,13.701013565063477,2.806056499481201,1472.9829250890034
8839.0,7.217225074768066,1.6603353023529053,1473.0945181300049
8840.0,12.566783905029297,3.318655014038086,1473.2114910109958
8841.0,10.394994735717773,2.8663413524627686,1473.3242657299998
8842.0,9.830025672912598,2.0397586822509766,1473.4307893579971
8843.0,22.25764274597168,3.5790302753448486,1473.5436348250078
8844.0,17.203758239746094,3.968367099761963,1473.6565877770045
8845.0,12.602505683898926,2.574098587036133,1473.7898490730004
8846.0,21.253000259399414,3.6009726524353027,1473.917985388005
8847.0,15.278602600097656,2.9658050537109375,1474.0556453760073
8848.0,46.172088623046875,7.942250728607178,1474.1744792179961
8849.0,12.797802925109863,2.7310807704925537,1474.286686018997
8850.0,49.40587615966797,9.983023643493652,1474.4175695800077
8851.0,12.405509948730469,2.8050785064697266,1474.588124825008
8852.0,24.731380462646484,5.491553783416748,1474.6947043330001
8853.0,21.979862213134766,4.981201648712158,1474.8053018680075
8854.0,48.025596618652344,7.3162736892700195,1474.9172225109942
8855.0,13.692216873168945,3.658754587173462,1475.0331778170075
8856.0,36.98220443725586,5.6844000816345215,1475.152820850999
8857.0,59.46528625488281,7.875164985656738,1475.2699411590002
8858.0,54.455169677734375,9.089516639709473,1475.3852124730038
8859.0,9.418411254882812,2.7981884479522705,1475.5058317929943
8860.0,34.23229217529297,5.00972318649292,1475.623528170996
8861.0,51.11300277709961,6.806532859802246,1475.735631827003
8862.0,19.716278076171875,4.4000091552734375,1475.8532847850001
8863.0,37.48351287841797,6.259448528289795,1475.9912892889988
8864.0,31.88977813720703,5.0398359298706055,1476.1203341890068
8865.0,7.686800479888916,2.019061803817749,1476.2298088399984
8866.0,10.214298248291016,2.8260061740875244,1476.3435013090057
8867.0,6.8782243728637695,1.607054591178894,1476.455487337007
8868.0,8.58607292175293,2.296459436416626,1476.5659042110055
8869.0,15.137109756469727,2.979522466659546,1476.6814983009972
8870.0,9.373151779174805,2.25042724609375,1476.7957924479997
8871.0,31.356201171875,4.64863920211792,1476.9374722770008
8872.0,8.763700485229492,2.4080216884613037,1477.0477714790031
8873.0,6.004502296447754,1.4560273885726929,1477.1766986629955
8874.0,5.342040061950684,1.3736573457717896,1477.2816013150004
8875.0,6.422307968139648,1.44876229763031,1477.3993777550058
8876.0,19.744754791259766,3.6187386512756348,1477.5213614329987
8877.0,161.2288055419922,15.468955039978027,1477.635059460008
8878.0,50.30010223388672,5.635278224945068,1477.745664269998
8879.0,12.09793472290039,2.8959457874298096,1477.8557248800062
8880.0,47.484344482421875,5.921128749847412,1477.967030911008
8881.0,7.7957916259765625,2.0667381286621094,1478.0788568419957
8882.0,16.046178817749023,3.196484327316284,1478.1939639509947
8883.0,3.6734867095947266,0.9909951686859131,1478.3214242889953
8884.0,7.433806896209717,1.652062177658081,1478.4316619080055
8885.0,9.65513801574707,2.0332119464874268,1478.5413430210028
8886.0,12.432228088378906,2.7139132022857666,1478.6582896140026
8887.0,16.58257293701172,2.9153499603271484,1478.7680690580019
8888.0,17.192264556884766,2.6802008152008057,1478.878592604
8889.0,23.402416229248047,3.5080273151397705,1478.9870510720066
8890.0,9.973474502563477,2.419365644454956,1479.0979754610016
8891.0,62.24636459350586,8.006524085998535,1479.208493736005
8892.0,55.1175537109375,7.451993942260742,1479.3199475910078
8893.0,40.50800323486328,5.624680995941162,1479.4388735139946
8894.0,17.923601150512695,3.2201106548309326,1479.547013067
8895.0,7.838107109069824,1.8889036178588867,1479.6510173279967
8896.0,10.935527801513672,2.561185359954834,1479.7703157710057
8897.0,33.670196533203125,4.995253086090088,1479.9000320869964
8898.0,30.503604888916016,5.096785545349121,1480.0105677480024
8899.0,27.956701278686523,5.2498674392700195,1480.1243689870025
8900.0,55.727455139160156,6.933622360229492,1480.2508747469983
8901.0,21.496803283691406,4.14293098449707,1484.505380143004
8902.0,47.587425231933594,8.691884994506836,1484.6207395139936
8903.0,64.39108276367188,8.42417049407959,1484.7289412179962
8904.0,8.98521900177002,2.448239803314209,1484.838986511997
8905.0,8.894617080688477,2.202343463897705,1484.9513704309938
8906.0,34.43035125732422,5.971215724945068,1485.0524427839991
8907.0,8.185918807983398,2.0263314247131348,1485.168400280003
8908.0,13.63245964050293,2.896012544631958,1485.2808627220074
8909.0,7.388656139373779,1.9575884342193604,1485.3971662660042
8910.0,37.08233642578125,5.871780872344971,1485.5139000000054
8911.0,31.131431579589844,4.506552219390869,1485.6252481970005
8912.0,15.060590744018555,3.6096031665802,1485.7353491959948
8913.0,32.690773010253906,5.2145586013793945,1485.8489213680004
8914.0,13.898289680480957,2.3640079498291016,1485.963600545001
8915.0,25.759180068969727,4.553647041320801,1486.0761034040042
8916.0,4.839383602142334,1.1827008724212646,1486.1866047250078
8917.0,5.28800106048584,1.31083083152771,1486.3078333080048
8918.0,20.523183822631836,3.89766001701355,1486.4228326489974
8919.0,18.052406311035156,3.0767438411712646,1486.5370421130065
8920.0,69.57183074951172,12.894731521606445,1486.6508014459978
8921.0,18.664104461669922,3.8994598388671875,1486.7688506760023
8922.0,20.626388549804688,3.4363934993743896,1486.885082629
8923.0,28.188270568847656,4.370612621307373,1487.0004956060002
8924.0,5.745924949645996,1.5172125101089478,1487.1143592300068
8925.0,17.675567626953125,3.323416233062744,1487.2390066689986
8926.0,6.456872940063477,1.6581231355667114,1487.3551592059957
8927.0,5.992066860198975,1.5578879117965698,1487.470576118998
8928.0,20.22502326965332,3.637847661972046,1487.5998054640077
8929.0,18.122318267822266,3.300446033477783,1487.722607623
8930.0,101.62623596191406,10.990906715393066,1487.8392396739946
8931.0,11.264552116394043,2.817091464996338,1487.9494156830042
8932.0,14.252063751220703,3.3662524223327637,1488.058932853004
8933.0,5.95451545715332,1.4091472625732422,1488.1822037130041
8934.0,7.605971813201904,1.531817078590393,1488.2959796020004
8935.0,42.36845779418945,5.350644111633301,1488.4106000210013
8936.0,36.33782196044922,4.070343971252441,1488.525278857007
8937.0,11.119926452636719,2.1822350025177,1488.6368465029955
8938.0,9.888172149658203,2.7848896980285645,1488.7499187399953
8939.0,17.066940307617188,3.374452829360962,1488.8746538559935
8940.0,16.708450317382812,3.1405677795410156,1489.0077020769968
8941.0,13.116631507873535,3.450887441635132,1489.1284056389995
8942.0,20.924667358398438,4.191616058349609,1489.254084842003
8943.0,7.666660308837891,1.6089794635772705,1489.3719543519983
8944.0,10.532347679138184,2.1797375679016113,1489.4900211350032
8945.0,67.73482513427734,6.742849349975586,1489.6021172939945
8946.0,12.748565673828125,3.1193087100982666,1489.712545500006
8947.0,9.807087898254395,2.477107524871826,1489.8496845670015
8948.0,6.949750900268555,1.7815909385681152,1489.9800631109974
8949.0,7.412343978881836,1.729740023612976,1490.0896341729967
8950.0,54.00432586669922,6.6870646476745605,1490.210964814003
8951.0,14.742988586425781,3.0191869735717773,1490.3454357430019
8952.0,13.730287551879883,2.4533355236053467,1490.4869749530044
8953.0,6.775992393493652,1.8434840440750122,1490.5990236700018
8954.0,16.036054611206055,3.7166855335235596,1490.7087190299935
8955.0,25.852821350097656,4.69529914855957,1490.8262660320033
8956.0,12.886903762817383,2.8081209659576416,1490.954047873005
8957.0,19.289752960205078,3.840503215789795,1491.1482818539953
8958.0,6.6244964599609375,1.5071595907211304,1491.3034562819958
8959.0,6.448110580444336,1.4478462934494019,1491.5109809870046
8960.0,59.41620635986328,9.035429000854492,1491.6258385910041
8961.0,8.182807922363281,2.1437060832977295,1491.7308176799997
8962.0,2.872720718383789,0.8312764763832092,1491.8506144400017
8963.0,6.9107465744018555,1.7515242099761963,1491.9784395210008
8964.0,4.913771629333496,1.2781034708023071,1492.1004696750024
8965.0,19.27686882019043,3.1218979358673096,1492.2390915599972
8966.0,9.088186264038086,2.1879172325134277,1492.3854771820043
8967.0,10.903007507324219,3.024388313293457,1492.5014782929939
8968.0,11.391077041625977,2.5148746967315674,1492.632664995006
8969.0,4.899209976196289,1.3643152713775635,1492.7677317329944
8970.0,17.391387939453125,3.184971332550049,1492.907520370005
8971.0,19.774131774902344,3.3114702701568604,1493.048304423006
8972.0,18.749237060546875,3.036343812942505,1493.1816312690062
8973.0,5.4576826095581055,1.4835498332977295,1493.3125842809968
8974.0,15.974699020385742,3.4940857887268066,1493.434029038006
8975.0,23.258872985839844,4.256898403167725,1493.570130246997
8976.0,10.821352005004883,2.1110987663269043,1493.7028304370033
8977.0,9.297795295715332,2.0381035804748535,1493.8290542049945
8978.0,20.99060821533203,3.738840341567993,1493.9519287010044
8979.0,8.748204231262207,2.1603567600250244,1494.0665018940053
8980.0,7.180296421051025,1.7104963064193726,1494.1880596260016
8981.0,97.35057830810547,11.367307662963867,1494.3019368130044
8982.0,8.01769733428955,1.9244716167449951,1494.418994592008
8983.0,23.41143035888672,3.7658920288085938,1494.5343397840043
8984.0,19.867229461669922,3.9487173557281494,1494.6464300350053
8985.0,9.141474723815918,1.980586290359497,1494.7579655500012
8986.0,5.928218841552734,1.4349452257156372,1494.8704561210034
8987.0,10.462764739990234,2.0093820095062256,1494.9953294730076
8988.0,49.957984924316406,7.527141571044922,1495.1107763519976
8989.0,28.856983184814453,4.58578634262085,1495.234542899998
8990.0,20.754125595092773,3.7457032203674316,1495.3492770769953
8991.0,28.081281661987305,4.660084247589111,1495.4638132219989
8992.0,7.768285751342773,1.726163387298584,1495.5778598210018
8993.0,10.449483871459961,2.4740383625030518,1495.6925232390058
8994.0,5.593900680541992,1.5601027011871338,1495.8099334860017
8995.0,25.860244750976562,3.421060562133789,1495.946551910005
8996.0,42.85696792602539,4.8184380531311035,1496.0581256639998
8997.0,14.130975723266602,2.642850399017334,1496.1724968290073
8998.0,11.518832206726074,2.568941116333008,1496.2805043669941
8999.0,27.42746353149414,4.5774455070495605,1496.3940704910056
9000.0,7.952197074890137,1.7323721647262573,1496.5066516259976
9001.0,36.29561996459961,4.464404106140137,1501.3750202899973
9002.0,8.616368293762207,2.0472095012664795,1501.4951103610074
9003.0,73.46161651611328,12.93120002746582,1501.619547270995
9004.0,16.232311248779297,2.9529266357421875,1501.774763310008
9005.0,8.040424346923828,2.0579323768615723,1501.9340370370046
9006.0,10.269979476928711,2.2680017948150635,1502.0495362210058
9007.0,16.37273406982422,3.47275972366333,1502.1581344160077
9008.0,35.86946105957031,5.6108293533325195,1502.269720174998
9009.0,21.433351516723633,3.7653188705444336,1502.443209545003
9010.0,26.017173767089844,4.591620922088623,1502.622458304002
9011.0,36.1982421875,5.720813751220703,1502.7340232470015
9012.0,22.50883674621582,3.8985981941223145,1502.8549262680026
9013.0,13.890887260437012,2.639423370361328,1502.9683434019971
9014.0,6.744027614593506,1.7309091091156006,1503.086807931002
9015.0,6.02504825592041,1.7122305631637573,1503.2033947559976
9016.0,6.828216075897217,1.6078461408615112,1503.3478026380035
9017.0,90.87959289550781,9.740439414978027,1503.4587195119966
9018.0,7.384997367858887,2.1920812129974365,1503.5721837780002
9019.0,30.00149154663086,4.512600898742676,1503.703494639005
9020.0,12.916561126708984,2.7369213104248047,1503.843059766994
9021.0,6.882986545562744,1.533814787864685,1503.9629284779949
9022.0,45.58756637573242,5.253759860992432,1504.0795639429998
9023.0,7.690779685974121,2.030822992324829,1504.1985228190024
9024.0,13.138420104980469,2.9947164058685303,1504.326958603997
9025.0,8.146472930908203,2.0207936763763428,1504.446392237005
9026.0,12.636438369750977,2.539379596710205,1504.5583948540007
9027.0,36.47346496582031,5.628130912780762,1504.6728075980063
9028.0,15.16273307800293,3.1037206649780273,1504.791588209002
9029.0,8.326177597045898,1.5872776508331299,1504.9227156800043
9030.0,9.379165649414062,2.0433032512664795,1505.0484512679977
9031.0,15.40125560760498,2.6961159706115723,1505.1944676190033
9032.0,6.735235214233398,1.6616995334625244,1505.3177662829985
9033.0,22.490013122558594,5.038110733032227,1505.4259196820058
9034.0,5.352560997009277,1.2993919849395752,1505.5341098009958
9035.0,13.169355392456055,3.5881457328796387,1505.6567334959982
9036.0,26.512104034423828,3.904914379119873,1505.7687781620043
9037.0,74.81668090820312,8.271912574768066,1505.9164320639975
9038.0,7.420506000518799,1.893092155456543,1506.0585143079952
9039.0,19.945018768310547,4.467644691467285,1506.1803591750067
9040.0,18.227527618408203,3.321725368499756,1506.3162179259962
9041.0,10.001879692077637,2.2255468368530273,1506.4390540059976
9042.0,8.473302841186523,1.9852712154388428,1506.559942235006
9043.0,29.309616088867188,4.510448932647705,1506.677345543998
9044.0,23.44080924987793,4.257486343383789,1506.7893952510058
9045.0,11.609600067138672,2.5939550399780273,1506.9229666070023
9046.0,15.250537872314453,3.732412099838257,1507.0638730189967
9047.0,8.437122344970703,2.297898054122925,1507.1910972170008
9048.0,27.992538452148438,4.73231315612793,1507.2963889730017
9049.0,37.78026580810547,5.108469009399414,1507.4105815229996
9050.0,24.941030502319336,4.493325710296631,1507.5237842210045
9051.0,7.2483906745910645,1.6711517572402954,1507.637555409994
9052.0,29.581525802612305,4.482668399810791,1507.7565484520019
9053.0,10.486896514892578,2.58235764503479,1507.875914949007
9054.0,5.479794025421143,1.380922555923462,1508.0075223930035
9055.0,11.83678150177002,2.8426706790924072,1508.1344846569991
9056.0,15.800838470458984,2.662899971008301,1508.2625435899972
9057.0,27.479347229003906,4.2171220779418945,1508.3898163679987
9058.0,32.968955993652344,4.414920806884766,1508.5131001800037
9059.0,9.792107582092285,2.218599319458008,1508.6455239460047
9060.0,28.264537811279297,4.920873165130615,1508.8256201299955
9061.0,6.1773858070373535,1.2589420080184937,1508.9989576910011
9062.0,6.922708511352539,1.8274980783462524,1509.1329252629948
9063.0,29.84604263305664,5.517420291900635,1509.2850579670048
9064.0,7.979436874389648,1.3216217756271362,1509.458358072996
9065.0,4.055296421051025,1.1561133861541748,1509.5710605589993
9066.0,22.596622467041016,3.8824048042297363,1509.6823837989941
9067.0,26.300933837890625,4.421124458312988,1509.801624989006
9068.0,19.695981979370117,5.308558940887451,1509.9107272550027
9069.0,9.73202133178711,2.232008457183838,1510.0184815980028
9070.0,13.334200859069824,2.5165634155273438,1510.1526875599957
9071.0,18.025222778320312,3.6219418048858643,1510.288223993004
9072.0,5.5001301765441895,1.5025326013565063,1510.4071650650003
9073.0,104.01506805419922,11.384410858154297,1510.5156520610035
9074.0,10.678201675415039,2.691110849380493,1510.6279489949957
9075.0,6.4299702644348145,1.8723361492156982,1510.7375399010052
9076.0,29.861326217651367,4.591774940490723,1510.8510237930022
9077.0,14.197486877441406,3.0570590496063232,1510.9664209589973
9078.0,23.941055297851562,4.027792930603027,1511.119112647997
9079.0,231.3795928955078,28.230445861816406,1511.2378059119947
9080.0,10.315475463867188,2.251188278198242,1511.3517011039949
9081.0,7.761270999908447,1.9729199409484863,1511.4645006930077
9082.0,9.396024703979492,1.79469895362854,1511.5656950150005
9083.0,7.278083801269531,1.8283326625823975,1511.6883643010078
9084.0,9.30610466003418,1.631981372833252,1511.7902195880015
9085.0,15.943164825439453,3.0603485107421875,1511.9078501170006
9086.0,17.92894744873047,3.563530683517456,1512.0245597030007
9087.0,8.156150817871094,2.1319775581359863,1512.1371883319953
9088.0,26.930606842041016,4.858123302459717,1512.2426297469938
9089.0,8.847676277160645,2.3310253620147705,1512.3513336720061
9090.0,18.396289825439453,3.537849187850952,1512.468330653006
9091.0,30.092529296875,4.559025764465332,1512.5768380759982
9092.0,15.162443161010742,2.9963600635528564,1512.698498384998
9093.0,23.104129791259766,3.598557710647583,1512.8191900660022
9094.0,6.0195817947387695,1.448081135749817,1512.9496279120067
9095.0,14.198830604553223,2.731110095977783,1513.0572617269936
9096.0,9.210006713867188,1.938783884048462,1513.1728198380006
9097.0,23.661907196044922,4.512269496917725,1513.286682733
9098.0,8.557523727416992,1.7448256015777588,1513.4160950359947
9099.0,19.56548500061035,3.59414005279541,1513.5511033929943
9100.0,7.3365936279296875,1.595937728881836,1513.687272613999
9101.0,5.366105079650879,1.585676908493042,1519.0534249119955
9102.0,13.554580688476562,1.9308174848556519,1519.1760104970017
9103.0,41.70628356933594,5.958871364593506,1519.3052954669984
9104.0,16.241477966308594,3.2754862308502197,1519.4033654170053
9105.0,19.54644203186035,3.8409876823425293,1519.521474291003
9106.0,79.97100830078125,9.743916511535645,1519.631109534006
9107.0,26.059005737304688,3.3237249851226807,1519.7549865019973
9108.0,37.579872131347656,3.9565768241882324,1519.884558535996
9109.0,17.804885864257812,3.0646283626556396,1519.9933512580028
9110.0,21.065223693847656,4.028899669647217,1520.110563284994
9111.0,12.288291931152344,2.626089096069336,1520.2443292079988
9112.0,10.784799575805664,1.936485767364502,1520.4305606249982
9113.0,6.909600257873535,1.5192625522613525,1520.594269720008
9114.0,90.90399169921875,9.813239097595215,1520.7336341030023
9115.0,14.81218147277832,2.627108335494995,1520.8844812010066
9116.0,69.1303482055664,7.068146705627441,1520.999768145004
9117.0,30.763477325439453,4.427811145782471,1521.1405748910038
9118.0,25.781505584716797,4.3012919425964355,1521.2500155529997
9119.0,8.380929946899414,2.309354782104492,1521.3786922090076
9120.0,23.793495178222656,4.467312812805176,1521.5050516750052
9121.0,11.323469161987305,2.7445552349090576,1521.620586022007
9122.0,55.973602294921875,8.157065391540527,1521.7364594139945
9123.0,11.716592788696289,2.219942092895508,1521.8727079620003
9124.0,187.70895385742188,24.082992553710938,1521.997092274003
9125.0,17.59891128540039,3.0335094928741455,1522.1036608919967
9126.0,12.301254272460938,2.549377679824829,1522.2241842140065
9127.0,15.576602935791016,3.067232131958008,1522.3345844470023
9128.0,27.884838104248047,4.857343673706055,1522.450017576004
9129.0,7.646063804626465,1.8842675685882568,1522.5668584160012
9130.0,10.953368186950684,2.6237058639526367,1522.6814130400016
9131.0,5.736799240112305,1.4128973484039307,1522.7919230739935
9132.0,7.039953231811523,1.8458772897720337,1522.9041625020036
9133.0,5.429521560668945,1.4082598686218262,1523.023975603006
9134.0,14.671978950500488,2.8290822505950928,1523.1359538100078
9135.0,6.205955505371094,1.584762692451477,1523.2657553229947
9136.0,10.95561408996582,2.044445276260376,1523.3806531510054
9137.0,5.599582672119141,1.5526447296142578,1523.4988123140065
9138.0,38.189598083496094,5.271805286407471,1523.6119863519998
9139.0,17.880403518676758,3.1700315475463867,1523.7274759300053
9140.0,11.254813194274902,2.391946315765381,1523.8687681610027
9141.0,23.540592193603516,3.8935787677764893,1524.0179570799955
9142.0,68.5963363647461,8.516542434692383,1524.1375065640023
9143.0,12.70914077758789,2.8889379501342773,1524.2626928009995
9144.0,25.583892822265625,6.375804901123047,1524.3824137140036
9145.0,23.07292938232422,3.7607579231262207,1524.5067693360033
9146.0,7.472272872924805,1.918874740600586,1524.6343195390073
9147.0,6.447411060333252,1.5189054012298584,1524.7542863039998
9148.0,5.646500587463379,1.6012322902679443,1524.871991906999
9149.0,14.097618103027344,3.0402450561523438,1524.9899976250017
9150.0,12.723954200744629,2.7359297275543213,1525.102279771003
9151.0,10.573464393615723,2.697383165359497,1525.2195254270046
9152.0,6.4582109451293945,1.5485060214996338,1525.3396117569937
9153.0,7.644112586975098,1.7138231992721558,1525.4847416429984
9154.0,10.8387451171875,2.564409017562866,1525.620798828997
9155.0,32.60820770263672,4.857852935791016,1525.7275310599944
9156.0,5.925460338592529,1.5486793518066406,1525.8543785520014
9157.0,10.706950187683105,2.368173360824585,1525.9795180770016
9158.0,5.225732803344727,1.3204107284545898,1526.1020273790054
9159.0,14.467288970947266,3.307366371154785,1526.2267173779983
9160.0,17.661579132080078,3.0563173294067383,1526.3378609409992
9161.0,6.32554292678833,1.568882942199707,1526.4519201539952
9162.0,10.701848983764648,2.357247829437256,1526.5679609490035
9163.0,9.959654808044434,2.5923728942871094,1526.6770699960034
9164.0,6.211472511291504,1.510934591293335,1526.8345650739939
9165.0,5.31527853012085,1.2035142183303833,1526.9533673260012
9166.0,11.927167892456055,2.3838491439819336,1527.1270133070066
9167.0,17.325515747070312,2.7582385540008545,1527.2406466050015
9168.0,61.25634765625,7.295732021331787,1527.3843266549957
9169.0,10.074230194091797,2.3983154296875,1527.4985943469947
9170.0,5.44332218170166,1.3394218683242798,1527.605946648997
9171.0,7.653561592102051,2.0461323261260986,1527.715482404994
9172.0,7.8324103355407715,2.108393907546997,1527.848381571006
9173.0,12.837575912475586,3.1456000804901123,1527.9625529180048
9174.0,4.808719635009766,1.2393110990524292,1528.1034247339994
9175.0,10.642393112182617,2.2551991939544678,1528.2135909909994
9176.0,24.946550369262695,3.7940354347229004,1528.3254687849985
9177.0,21.2493953704834,3.550610065460205,1528.431327600003
9178.0,28.81841278076172,5.265018463134766,1528.540466371007
9179.0,35.35298156738281,5.1646647453308105,1528.6516627039964
9180.0,6.675769805908203,1.7831122875213623,1528.7711925320036
9181.0,4.852304935455322,1.3756532669067383,1528.9016792640032
9182.0,21.380823135375977,3.3760876655578613,1529.0350595729979
9183.0,18.153804779052734,3.2443222999572754,1529.1502056690078
9184.0,22.558231353759766,3.728645086288452,1529.2587897500052
9185.0,7.019513130187988,1.601625680923462,1529.362842249
9186.0,7.3707499504089355,2.0687289237976074,1529.469298748998
9187.0,51.93852996826172,10.337030410766602,1529.5712893290038
9188.0,31.694826126098633,5.819478988647461,1529.6798844349978
9189.0,5.749538421630859,1.4878108501434326,1529.8096537899983
9190.0,9.426434516906738,2.0462963581085205,1529.9210800709989
9191.0,14.022705078125,3.0474610328674316,1530.037684009003
9192.0,25.654855728149414,3.3569042682647705,1530.1544726879947
9193.0,4.85817289352417,1.2850829362869263,1530.262025589007
9194.0,93.85525512695312,6.867892742156982,1530.372516910007
9195.0,22.694087982177734,3.7364253997802734,1530.4885547729937
9196.0,8.459879875183105,1.9088114500045776,1530.6073188849987
9197.0,13.48501968383789,3.0962657928466797,1530.7184549100057
9198.0,29.264076232910156,4.409297943115234,1530.8230365649943
9199.0,17.87559700012207,3.488877534866333,1530.930103442006
9200.0,10.139481544494629,2.304490327835083,1531.050561348995
9201.0,13.227981567382812,3.027329444885254,1535.4765069470013
9202.0,14.892300605773926,2.7537472248077393,1535.641484177002
9203.0,11.26486587524414,2.3465023040771484,1535.776121101997
9204.0,6.51015043258667,1.351271629333496,1535.9073392930004
9205.0,18.03973388671875,3.6758928298950195,1536.0590529740002
9206.0,62.1491813659668,7.5219807624816895,1536.183550197995
9207.0,32.27650451660156,5.0465264320373535,1536.2897926419973
9208.0,17.944839477539062,3.670524835586548,1536.4034105159953
9209.0,17.248374938964844,3.548635959625244,1536.518863218007
9210.0,10.124666213989258,2.527891159057617,1536.6579289530055
9211.0,6.260504722595215,1.6294220685958862,1536.8318526649964
9212.0,32.335655212402344,4.604090213775635,1536.946723535002
9213.0,13.821540832519531,2.8625800609588623,1537.0529461270053
9214.0,10.247169494628906,2.08416485786438,1537.2049891049974
9215.0,12.876659393310547,2.689640522003174,1537.3344212969969
9216.0,4.979567050933838,1.3108770847320557,1537.4452739240078
9217.0,5.874063968658447,1.471479058265686,1537.565509720007
9218.0,27.97864532470703,5.704369068145752,1537.6953323979978
9219.0,10.860145568847656,2.7478649616241455,1537.8486798039958
9220.0,11.442419052124023,2.515148639678955,1537.9557274740073
9221.0,25.45611572265625,4.5020928382873535,1538.0694290450047
9222.0,20.744844436645508,3.792982578277588,1538.189798760999
9223.0,17.174724578857422,3.655388593673706,1538.3063082300068
9224.0,16.92129898071289,3.8178000450134277,1538.4134427170065
9225.0,9.092732429504395,2.6965725421905518,1538.5215620200033
9226.0,32.76387405395508,7.584421157836914,1538.635285794997
9227.0,12.81862735748291,2.8908417224884033,1538.7517530250043
9228.0,11.284472465515137,2.7718262672424316,1538.865511113996
9229.0,23.766658782958984,4.5762505531311035,1538.984413718994
9230.0,108.86968231201172,12.376179695129395,1539.0884862230014
9231.0,28.205608367919922,4.418794631958008,1539.1974802869954
9232.0,7.289089202880859,1.851210355758667,1539.305650431008
9233.0,17.433948516845703,3.3544974327087402,1539.4154101059976
9234.0,14.706249237060547,3.102876663208008,1539.5261317719996
9235.0,37.28166198730469,6.034806728363037,1539.6403011570073
9236.0,15.486748695373535,3.2072243690490723,1539.7556191040057
9237.0,10.235668182373047,1.7699143886566162,1539.8763731030049
9238.0,20.63439178466797,3.462167263031006,1539.9789900350006
9239.0,22.35105323791504,4.209654808044434,1540.0989831049956
9240.0,8.138982772827148,1.904463291168213,1540.209782867998
9241.0,67.17091369628906,8.736593246459961,1540.3219815949997
9242.0,70.24535369873047,7.308048725128174,1540.435254402997
9243.0,28.822053909301758,5.117349624633789,1540.558716989006
9244.0,13.202573776245117,2.7842957973480225,1540.6745652579993
9245.0,9.735958099365234,2.884556293487549,1540.7803540879977
9246.0,22.650659561157227,4.045949459075928,1540.8926138020033
9247.0,22.73047637939453,3.5258374214172363,1541.0051986110047
9248.0,26.997777938842773,4.081198215484619,1541.1264599029964
9249.0,27.07143783569336,4.107550144195557,1541.2521333449986
9250.0,73.71276092529297,8.394078254699707,1541.3624022349977
9251.0,8.169431686401367,2.3424596786499023,1541.473766281997
9252.0,5.680962085723877,1.625902533531189,1541.5838643659954
9253.0,14.769047737121582,2.700745105743408,1541.7222599369998
9254.0,9.100184440612793,2.330899715423584,1541.8541201890039
9255.0,17.578550338745117,3.3443169593811035,1541.9923567359947
9256.0,5.571432590484619,1.3159934282302856,1542.1247086160001
9257.0,27.02578353881836,5.229893684387207,1542.2406065420073
9258.0,15.088638305664062,3.283939838409424,1542.3543657060072
9259.0,12.086074829101562,2.6557250022888184,1542.467041551994
9260.0,22.090179443359375,3.568071126937866,1542.5798762110062
9261.0,44.157920837402344,4.309274196624756,1542.7104414259957
9262.0,27.643896102905273,4.198808193206787,1542.8187251780037
9263.0,9.550895690917969,2.006873607635498,1542.9582382730005
9264.0,4.4035139083862305,1.1269505023956299,1543.092430812001
9265.0,10.75112533569336,2.517469882965088,1543.2410634650005
9266.0,29.067081451416016,4.406235694885254,1543.370447784997
9267.0,27.67784309387207,4.854366302490234,1543.4961716700054
9268.0,9.660368919372559,2.1573281288146973,1543.6117303869978
9269.0,58.70921325683594,6.605794429779053,1543.7440042740054
9270.0,16.175308227539062,3.113773822784424,1543.9443297660036
9271.0,13.61419677734375,2.7981390953063965,1544.0690066749958
9272.0,5.612525939941406,1.2800917625427246,1544.2010136739991
9273.0,39.941436767578125,5.44124174118042,1544.3373102549958
9274.0,22.813343048095703,3.9573781490325928,1544.4705584659969
9275.0,22.9866943359375,3.9976794719696045,1544.5849722130079
9276.0,10.744596481323242,2.964557647705078,1544.6963574190013
9277.0,6.524931907653809,1.7103512287139893,1544.8279167400033
9278.0,29.36649513244629,4.494825839996338,1544.950426445008
9279.0,5.553081512451172,1.4790931940078735,1545.0943396850053
9280.0,10.776044845581055,2.288994789123535,1545.215801612998
9281.0,6.230990409851074,1.8135148286819458,1545.3575249309943
9282.0,5.406294345855713,1.2782303094863892,1545.4719210750045
9283.0,12.47437572479248,2.929194450378418,1545.5819371980033
9284.0,4.503161430358887,1.0982943773269653,1545.6941023349937
9285.0,28.07275390625,5.0748209953308105,1545.8111522490071
9286.0,20.46204376220703,4.043396949768066,1545.923809422995
9287.0,16.437416076660156,4.535816192626953,1546.053588944007
9288.0,15.409202575683594,2.898491859436035,1546.1800313720014
9289.0,26.7972412109375,4.282927513122559,1546.3183010430075
9290.0,6.977531433105469,2.143838405609131,1546.4666756369988
9291.0,11.301667213439941,2.3115482330322266,1546.5972284970048
9292.0,6.7833709716796875,1.75693678855896,1546.7570845430018
9293.0,34.67803955078125,5.99776029586792,1546.8952981790062
9294.0,37.870147705078125,6.039837837219238,1547.016992186007
9295.0,37.79532241821289,5.039977073669434,1547.1634028370026
9296.0,12.132390022277832,2.902151107788086,1547.3155423069984
9297.0,7.567233562469482,1.7635148763656616,1547.4509068220068
9298.0,12.257232666015625,2.843306064605713,1547.5758425079985
9299.0,33.3226203918457,5.15915584564209,1547.6963873860077
9300.0,5.833853721618652,1.4041790962219238,1547.8215061329975
9301.0,19.610088348388672,3.348684310913086,1552.951902137007
9302.0,5.567740440368652,1.6319440603256226,1553.0779620999965
9303.0,10.322341918945312,2.8893673419952393,1553.2241457769996
9304.0,7.791631698608398,1.5652505159378052,1553.3474253589957
9305.0,18.628482818603516,3.711906671524048,1553.4614906579955
9306.0,4.78310489654541,1.3177794218063354,1553.5821887909988
9307.0,7.454781532287598,1.7739248275756836,1553.7002253910032
9308.0,24.537395477294922,4.647130012512207,1553.8078530009952
9309.0,27.12946128845215,3.822077512741089,1553.9357519559999
9310.0,13.048288345336914,2.8541064262390137,1554.0460506179952
9311.0,16.38630485534668,2.7511374950408936,1554.161933822994
9312.0,10.982551574707031,2.2078094482421875,1554.267142398996
9313.0,30.16122817993164,4.395430564880371,1554.4004007180047
9314.0,34.688087463378906,5.673235893249512,1554.5435103850032
9315.0,7.096867561340332,1.700308918952942,1554.657989408006
9316.0,23.45937728881836,3.9578049182891846,1554.7868290479964
9317.0,32.12635803222656,5.559976100921631,1554.9004911509983
9318.0,33.73487091064453,3.830611228942871,1555.0378508559952
9319.0,19.03432273864746,3.332411766052246,1555.1506739439938
9320.0,5.808075904846191,1.5860310792922974,1555.2588586920028
9321.0,4.773703575134277,1.176789402961731,1555.3784703419951
9322.0,11.90323257446289,2.415860414505005,1555.5161636239936
9323.0,46.71198272705078,9.363916397094727,1555.6215861429955
9324.0,17.635473251342773,3.3808975219726562,1555.7328209319967
9325.0,6.1789870262146,1.5202172994613647,1555.8605513990042
9326.0,46.559295654296875,6.444237232208252,1555.978326808996
9327.0,18.207691192626953,3.6358039379119873,1556.0848242750071
9328.0,11.224043846130371,2.9173598289489746,1556.1982963810005
9329.0,32.53373718261719,5.626263618469238,1556.309572940998
9330.0,19.35348129272461,3.397885322570801,1556.4318110110034
9331.0,10.989450454711914,2.281153440475464,1556.5489671630057
9332.0,48.884490966796875,7.193347454071045,1556.6580593990075
9333.0,19.625850677490234,3.552670478820801,1556.7715926100063
9334.0,6.922969818115234,1.9636530876159668,1556.889611916995
9335.0,4.492090225219727,1.184175729751587,1557.0050168890011
9336.0,5.027994155883789,1.2394481897354126,1557.1109380349953
9337.0,22.357376098632812,4.274745941162109,1557.2221158659959
9338.0,28.86849021911621,5.459629058837891,1557.3318416639959
9339.0,10.247231483459473,2.3342154026031494,1557.4440053410071
9340.0,11.781484603881836,2.5379817485809326,1557.5568580560066
9341.0,9.80843734741211,2.9532246589660645,1557.6744431389961
9342.0,12.662205696105957,3.2001516819000244,1557.7888442609983
9343.0,7.957365036010742,1.8484617471694946,1557.900492626999
9344.0,7.391658782958984,1.7617815732955933,1558.0120064630028
9345.0,5.873867511749268,1.4908394813537598,1558.1259757890075
9346.0,18.033493041992188,3.5265250205993652,1558.2473447210068
9347.0,9.134536743164062,2.259692907333374,1558.3533415130078
9348.0,16.08529281616211,3.2556605339050293,1558.4716697999975
9349.0,26.917102813720703,4.744017601013184,1558.5934849750047
9350.0,14.93017578125,2.909518003463745,1558.7563138989935
9351.0,14.239477157592773,2.6731700897216797,1558.8873022420012
9352.0,61.05160140991211,8.175250053405762,1559.0145342489996
9353.0,46.69407653808594,5.380682945251465,1559.158795648007
9354.0,4.961099147796631,1.2549006938934326,1559.2713286070066
9355.0,34.517982482910156,5.59448766708374,1559.3969808020047
9356.0,16.247514724731445,2.7042171955108643,1559.5188595600048
9357.0,5.634775161743164,1.4926064014434814,1559.6537056600064
9358.0,23.038175582885742,3.6800265312194824,1559.8013220110006
9359.0,7.400681495666504,1.7562119960784912,1559.9213330689963
9360.0,13.354418754577637,2.553136110305786,1560.0333655790018
9361.0,26.310096740722656,4.2471747398376465,1560.1387398359948
9362.0,5.906309127807617,1.7012848854064941,1560.2698413839971
9363.0,9.30278491973877,2.2117056846618652,1560.3867118640046
9364.0,9.014978408813477,2.880340814590454,1560.5188072479941
9365.0,24.194272994995117,3.5751402378082275,1560.651310663001
9366.0,10.614837646484375,2.4574549198150635,1560.760755329
9367.0,4.944750785827637,1.4429105520248413,1560.8776967519952
9368.0,7.145282745361328,1.779844045639038,1560.9962332010036
9369.0,22.631366729736328,4.449311256408691,1561.1090969109937
9370.0,24.190807342529297,4.216801643371582,1561.2184738189972
9371.0,10.708589553833008,2.1507790088653564,1561.330193782007
9372.0,17.155269622802734,3.1539368629455566,1561.4559856889973
9373.0,42.26459884643555,5.908031463623047,1561.5897178269952
9374.0,11.087682723999023,2.6366562843322754,1561.6968450020067
9375.0,6.3636088371276855,1.7276841402053833,1561.8012227900035
9376.0,25.960704803466797,4.793885707855225,1561.9116002490046
9377.0,13.06204605102539,2.5614380836486816,1562.0525324000046
9378.0,14.110936164855957,2.2320339679718018,1562.1609202139953
9379.0,5.279894828796387,1.350730061531067,1562.2969998140034
9380.0,13.621319770812988,2.367147922515869,1562.4188025330077
9381.0,35.664302825927734,4.6389031410217285,1562.5305616490077
9382.0,16.560924530029297,2.7298531532287598,1562.6505664610013
9383.0,34.14965057373047,4.501142978668213,1562.770793357995
9384.0,7.448121070861816,1.8334585428237915,1562.8845900099986
9385.0,7.8226728439331055,1.9475538730621338,1563.0026744469942
9386.0,9.277257919311523,2.679060220718384,1563.1424490520003
9387.0,14.492874145507812,3.3581199645996094,1563.2924430200073
9388.0,22.561458587646484,4.591172695159912,1563.4235893909936
9389.0,6.885746955871582,1.9793275594711304,1563.5486109720077
9390.0,6.5406389236450195,1.3491655588150024,1563.6577497639955
9391.0,36.98737716674805,5.158866882324219,1563.7706203120033
9392.0,36.52657699584961,4.683351993560791,1563.891806271
9393.0,10.627201080322266,2.187852382659912,1564.0289178950043
9394.0,16.387292861938477,3.3572468757629395,1564.1484779110033
9395.0,24.8287296295166,3.7754242420196533,1564.2658233550028
9396.0,29.885177612304688,4.862069129943848,1564.3747841110016
9397.0,25.780019760131836,4.130595684051514,1564.4866370240052
9398.0,21.986038208007812,4.338367938995361,1564.5952356070047
9399.0,5.9705705642700195,1.413899540901184,1564.707073063997
9400.0,14.184232711791992,2.8102259635925293,1564.8148633329984
9401.0,32.661903381347656,4.782724380493164,1570.412941579998
9402.0,41.883567810058594,8.150214195251465,1570.5482317470014
9403.0,12.439952850341797,2.2477517127990723,1570.6968289450015
9404.0,42.92085266113281,5.263521671295166,1570.8250020190026
9405.0,8.772217750549316,2.1329662799835205,1570.9818806440016
9406.0,14.896398544311523,2.784968614578247,1571.0940068799973
9407.0,16.088619232177734,2.8235342502593994,1571.2332358830026
9408.0,16.495458602905273,2.9215946197509766,1571.3902553160005
9409.0,6.989179611206055,1.6209917068481445,1571.5416361730022
9410.0,33.85906219482422,4.749468803405762,1571.6657839660038
9411.0,15.408378601074219,3.8571109771728516,1571.7958774559957
9412.0,6.001934051513672,1.4367727041244507,1571.928952939008
9413.0,10.438761711120605,2.5893847942352295,1572.0804632770014
9414.0,2.9381518363952637,0.8097389936447144,1572.2085608960042
9415.0,10.029731750488281,2.1464316844940186,1572.3334985060064
9416.0,23.23746681213379,4.171143531799316,1572.4429901730036
9417.0,8.048707008361816,2.0783753395080566,1572.5638601249957
9418.0,7.119729518890381,2.192349433898926,1572.685648594008
9419.0,16.20830726623535,2.898489475250244,1572.8029080739943
9420.0,50.021881103515625,6.500290870666504,1572.9170867140056
9421.0,28.47951316833496,4.374346733093262,1573.0274361320044
9422.0,17.476665496826172,3.0345020294189453,1573.1334717800055
9423.0,11.090530395507812,3.100526809692383,1573.2440992470074
9424.0,13.903555870056152,2.679583787918091,1573.3672072040063
9425.0,70.60598754882812,8.594446182250977,1573.519400834004
9426.0,7.470646381378174,1.7481234073638916,1573.6542261020077
9427.0,27.94657325744629,4.4659857749938965,1573.768648576006
9428.0,47.51659393310547,5.589319229125977,1573.8890852740005
9429.0,4.449185848236084,1.189846396446228,1574.001346967998
9430.0,13.028910636901855,2.762316942214966,1574.1469994030049
9431.0,23.468502044677734,3.8559601306915283,1574.2731497299974
9432.0,14.990264892578125,2.7747318744659424,1574.4229349929956
9433.0,16.275848388671875,3.0538668632507324,1574.5311896180065
9434.0,67.79383087158203,7.180089950561523,1574.6316452799947
9435.0,29.43463897705078,4.631664276123047,1574.7446744259942
9436.0,7.725090980529785,2.189228057861328,1574.8605473460048
9437.0,11.749755859375,2.736050605773926,1574.9977407490078
9438.0,10.195158004760742,2.5173447132110596,1575.1396465430007
9439.0,10.716443061828613,2.470128297805786,1575.2729782499955
9440.0,9.937233924865723,2.173739433288574,1575.3806403670023
9441.0,8.606643676757812,2.009693145751953,1575.4899261690007
9442.0,10.013961791992188,2.6893410682678223,1575.6011247520073
9443.0,24.568628311157227,3.1405234336853027,1575.712545538001
9444.0,22.661121368408203,4.217188835144043,1575.8245854800043
9445.0,35.705841064453125,4.414505958557129,1575.9325373440079
9446.0,26.056331634521484,3.8459959030151367,1576.0555410710076
9447.0,15.822543144226074,3.0846519470214844,1576.210302691994
9448.0,20.473308563232422,3.7886786460876465,1576.3201309419965
9449.0,7.233402729034424,1.7729657888412476,1576.428716933995
9450.0,27.913097381591797,4.470953464508057,1576.544116457997
9451.0,12.774206161499023,2.730574369430542,1576.6636081379984
9452.0,10.863882064819336,2.309964179992676,1576.7830124339962
9453.0,16.112802505493164,3.5923149585723877,1576.8940934099955
9454.0,7.000858306884766,1.661761999130249,1576.9980821329955
9455.0,5.061036586761475,1.1653586626052856,1577.1086276650021
9456.0,16.69794464111328,3.0432114601135254,1577.2231188949954
9457.0,18.917896270751953,3.7672131061553955,1577.3321689730074
9458.0,13.333536148071289,2.5304243564605713,1577.4464842979942
9459.0,26.08534812927246,3.9632132053375244,1577.5875276680017
9460.0,9.413381576538086,2.1984803676605225,1577.7107174169942
9461.0,10.724552154541016,2.4846408367156982,1577.829623483005
9462.0,15.474715232849121,2.7974941730499268,1577.9673652019992
9463.0,5.480669021606445,1.5397522449493408,1578.0779201469995
9464.0,20.204242706298828,3.5621814727783203,1578.1969280500052
9465.0,15.801244735717773,2.816964626312256,1578.308087204001
9466.0,44.331275939941406,6.438050270080566,1578.4169658850005
9467.0,19.185501098632812,3.3073840141296387,1578.5321386690048
9468.0,7.610964775085449,2.0719637870788574,1578.650215525995
9469.0,5.967373847961426,1.4881796836853027,1578.7681726190058
9470.0,19.75965118408203,4.25697660446167,1578.8874347829988
9471.0,52.35793685913086,7.624199390411377,1579.0277096909995
9472.0,9.59483814239502,2.251581907272339,1579.1574231520062
9473.0,10.472638130187988,2.2657294273376465,1579.3252150930057
9474.0,5.552301406860352,1.7404913902282715,1579.4666056949936
9475.0,20.668899536132812,3.4471993446350098,1579.580500740005
9476.0,45.00069808959961,5.955816268920898,1579.6970664950059
9477.0,13.152403831481934,3.098076105117798,1579.8071300979936
9478.0,11.196175575256348,2.571913719177246,1579.9215831430047
9479.0,10.46949577331543,2.550265073776245,1580.059825082004
9480.0,4.33144998550415,1.1633626222610474,1580.1697440699936
9481.0,10.330642700195312,2.0946028232574463,1580.2887842130003
9482.0,14.985678672790527,3.094172477722168,1580.3998129899992
9483.0,9.669676780700684,1.8200016021728516,1580.5089020430023
9484.0,5.151320934295654,1.3374069929122925,1580.6111860770034
9485.0,14.844705581665039,2.8889715671539307,1580.7155007319961
9486.0,17.780141830444336,4.683444976806641,1580.828946087
9487.0,14.489774703979492,2.6416232585906982,1580.9505322750047
9488.0,9.767760276794434,2.4957847595214844,1581.0611927699938
9489.0,33.31465148925781,4.829548358917236,1581.172542582004
9490.0,10.209510803222656,2.416952133178711,1581.2927743479959
9491.0,13.248083114624023,2.7045910358428955,1581.4049377720075
9492.0,16.65152359008789,3.0297718048095703,1581.5105821010075
9493.0,8.981104850769043,2.6380088329315186,1581.6231117699936
9494.0,17.433216094970703,3.226074457168579,1581.763420104995
9495.0,7.329494476318359,1.906173825263977,1581.8749420050008
9496.0,32.935420989990234,5.116097450256348,1582.0052274759946
9497.0,6.569451332092285,1.6822205781936646,1582.1136445739976
9498.0,26.438011169433594,4.371877670288086,1582.2280005539942
9499.0,11.450445175170898,2.807114839553833,1582.3468242740055
9500.0,10.264572143554688,2.2816030979156494,1582.4821191999945
9501.0,9.459128379821777,2.2312538623809814,1586.9684062419983
9502.0,7.11805534362793,1.5401315689086914,1587.090071515995
9503.0,8.08265495300293,1.9751285314559937,1587.2363710219943
9504.0,6.574410915374756,1.7576255798339844,1587.4103159560036
9505.0,26.32071304321289,4.125602722167969,1587.5708466969954
9506.0,31.334213256835938,4.649598121643066,1587.7506244109973
9507.0,7.915599822998047,1.8614518642425537,1587.8581691779982
9508.0,7.48036527633667,1.6680099964141846,1587.9675207950058
9509.0,24.682390213012695,4.618955612182617,1588.0722947330069
9510.0,19.000030517578125,4.651587009429932,1588.1857610010047
9511.0,36.38566207885742,5.569890975952148,1588.3268082150025
9512.0,20.000778198242188,3.990875720977783,1588.4764490060043
9513.0,7.4091796875,1.7381995916366577,1588.614716384007
9514.0,5.5978593826293945,1.3234411478042603,1588.7544329950033
9515.0,36.48120880126953,5.035524368286133,1588.8747938519955
9516.0,16.11478042602539,3.133976697921753,1588.9968848550052
9517.0,12.856695175170898,3.1991543769836426,1589.1278345890023
9518.0,6.626104354858398,1.4889414310455322,1589.2633881660004
9519.0,55.89136505126953,7.229506969451904,1589.4065756680066
9520.0,4.278258800506592,1.225778341293335,1589.5329947110004
9521.0,10.649967193603516,2.7720346450805664,1589.6464366120053
9522.0,13.051436424255371,2.775047779083252,1589.7862499119947
9523.0,5.860713005065918,1.4615728855133057,1589.9409780129936
9524.0,6.781062126159668,1.4936389923095703,1590.045278310994
9525.0,22.41439437866211,4.176891326904297,1590.1659558429965
9526.0,13.979610443115234,2.628661870956421,1590.2771124610008
9527.0,30.98134994506836,4.291096210479736,1590.3858772579988
9528.0,39.36433410644531,5.496152400970459,1590.4954048869986
9529.0,21.798629760742188,4.083021640777588,1590.6073158329964
9530.0,10.821348190307617,2.6827476024627686,1590.7208500859997
9531.0,19.372676849365234,3.9477555751800537,1590.8590843270067
9532.0,13.205318450927734,2.182086706161499,1590.9725476699969
9533.0,12.800305366516113,2.6191940307617188,1591.094581377998
9534.0,9.452106475830078,2.4327468872070312,1591.2162498770049
9535.0,42.862953186035156,6.49666690826416,1591.337124476995
9536.0,6.146488666534424,1.5045427083969116,1591.4489472809946
9537.0,8.322749137878418,2.1677932739257812,1591.5955059230037
9538.0,12.555583953857422,2.400968313217163,1591.7058512810036
9539.0,16.534042358398438,2.997093439102173,1591.8321284590056
9540.0,10.61046028137207,2.2236363887786865,1591.980746236004
9541.0,7.460843086242676,1.6017800569534302,1592.0924437539943
9542.0,6.4990153312683105,1.6535834074020386,1592.2070192870015
9543.0,9.766365051269531,2.007211685180664,1592.3289210109942
9544.0,5.150035858154297,1.3491625785827637,1592.4453692450043
9545.0,100.70161437988281,11.578596115112305,1592.5584930780024
9546.0,13.313130378723145,2.7468879222869873,1592.6867639450065
9547.0,14.911431312561035,3.2507495880126953,1592.8031927539996
9548.0,87.67045593261719,15.116364479064941,1592.913136200994
9549.0,94.84124755859375,10.189464569091797,1593.0274972350016
9550.0,10.731701850891113,2.669447898864746,1593.1332108969946
9551.0,81.54830169677734,14.72185230255127,1593.2459147759946
9552.0,22.031021118164062,3.6169321537017822,1593.3838431990007
9553.0,24.031963348388672,4.331267833709717,1593.4988683130068
9554.0,7.740760803222656,1.4859919548034668,1593.619041717
9555.0,8.982311248779297,2.1363425254821777,1593.7364100999985
9556.0,21.172700881958008,3.7049288749694824,1593.850716151006
9557.0,32.46297836303711,4.907106876373291,1593.9887703569984
9558.0,16.89651870727539,3.0364303588867188,1594.1001522550068
9559.0,30.184659957885742,5.0779595375061035,1594.2123008130002
9560.0,48.755035400390625,8.730180740356445,1594.3272697380016
9561.0,11.781075477600098,2.6210877895355225,1594.4393263609963
9562.0,14.408428192138672,3.1946749687194824,1594.5486613069952
9563.0,23.10907745361328,4.570039749145508,1594.6595002219983
9564.0,70.95024108886719,7.4914679527282715,1594.768297104005
9565.0,5.845643997192383,1.6042579412460327,1594.8861363769975
9566.0,11.204310417175293,2.205601453781128,1595.0008641220047
9567.0,8.516776084899902,2.1391475200653076,1595.1106886540074
9568.0,5.821280479431152,1.4871679544448853,1595.2247093610058
9569.0,10.739469528198242,2.9014148712158203,1595.3418840340019
9570.0,3.5375053882598877,1.0511879920959473,1595.4562855709955
9571.0,11.140254974365234,3.045914888381958,1595.5710652779962
9572.0,19.403358459472656,3.925262212753296,1595.704368892999
9573.0,8.782526016235352,2.083216428756714,1595.8312165310053
9574.0,5.371667861938477,1.318953514099121,1595.9436107780057
9575.0,8.492586135864258,2.5133025646209717,1596.0614216709946
9576.0,8.918646812438965,2.4167582988739014,1596.1794025209965
9577.0,88.40504455566406,11.179281234741211,1596.3443523970054
9578.0,14.023725509643555,2.8838653564453125,1596.485199193994
9579.0,13.573047637939453,3.136530637741089,1596.5993816900009
9580.0,7.157135009765625,1.9813694953918457,1596.7263847239956
9581.0,26.630279541015625,5.013806343078613,1596.8442076130013
9582.0,21.857696533203125,3.2025911808013916,1596.9687843660067
9583.0,14.215058326721191,2.773340940475464,1597.0758566519944
9584.0,19.548240661621094,3.30112624168396,1597.2230682020017
9585.0,15.435567855834961,2.177184581756592,1597.3328977329948
9586.0,3.85502290725708,1.0164223909378052,1597.4446203099942
9587.0,40.431007385253906,5.106886386871338,1597.5594284270046
9588.0,7.837767601013184,1.949359655380249,1597.6722832530068
9589.0,93.03876495361328,11.392619132995605,1597.8126548209984
9590.0,11.121328353881836,2.438450336456299,1597.9189424710057
9591.0,12.51500129699707,2.671812057495117,1598.0500103749946
9592.0,8.133978843688965,2.052605152130127,1598.1601376430044
9593.0,14.965147972106934,2.797807455062866,1598.292921100001
9594.0,13.428617477416992,2.506031036376953,1598.4189188080054
9595.0,15.157615661621094,2.935615301132202,1598.547710851999
9596.0,24.71331024169922,4.273694038391113,1598.689055764
9597.0,20.29871368408203,3.951157331466675,1598.808588025
9598.0,6.855381011962891,1.8316487073898315,1598.9387993410055
9599.0,18.51120948791504,3.223674774169922,1599.0619354170049
9600.0,7.1373796463012695,1.6060271263122559,1599.1807714120077
9601.0,112.4515380859375,10.69255542755127,1603.4441138289985
9602.0,10.483332633972168,2.0385689735412598,1603.5960827249946
9603.0,5.46885871887207,1.4940754175186157,1603.7276936950075
9604.0,8.56045150756836,2.1959874629974365,1603.8658220689977
9605.0,6.089476585388184,1.7528138160705566,1604.0167521510011
9606.0,17.58087921142578,3.0040955543518066,1604.1411286960065
9607.0,9.619747161865234,2.4625604152679443,1604.2959381550027
9608.0,4.976531505584717,1.2925230264663696,1604.391934733998
9609.0,6.384133338928223,1.8413184881210327,1604.4966256810003
9610.0,11.814133644104004,2.434960126876831,1604.606665817002
9611.0,5.257144927978516,1.3522558212280273,1604.7281737769954
9612.0,12.358306884765625,2.4632790088653564,1604.8675799680059
9613.0,5.851872444152832,1.330055832862854,1604.9988095300068
9614.0,8.424398422241211,1.8353703022003174,1605.1178287820076
9615.0,20.417491912841797,3.2960972785949707,1605.253994548999
9616.0,8.283906936645508,2.355271100997925,1605.3637461559993
9617.0,8.830533027648926,2.215388536453247,1605.4766067000019
9618.0,24.936771392822266,4.544022560119629,1605.5954698620044
9619.0,7.89127254486084,2.0231032371520996,1605.7076376759942
9620.0,23.059364318847656,4.361397743225098,1605.8330792100023
9621.0,11.281827926635742,2.6402339935302734,1605.9402085000038
9622.0,29.2686824798584,5.026611804962158,1606.0494569639995
9623.0,29.800891876220703,4.2573981285095215,1606.1617037599935
9624.0,5.879744529724121,1.3284482955932617,1606.2682654410019
9625.0,11.857633590698242,2.601041316986084,1606.380012826994
9626.0,5.618603706359863,1.3695374727249146,1606.4931207939953
9627.0,51.80967712402344,6.6358232498168945,1606.633450466994
9628.0,15.722314834594727,2.934737205505371,1606.7577641440002
9629.0,13.664619445800781,2.9048798084259033,1606.8641238840064
9630.0,5.773232936859131,1.4510705471038818,1606.965107033
9631.0,11.3182373046875,2.715121269226074,1607.0793421330018
9632.0,34.84245300292969,4.383927822113037,1607.2058018520038
9633.0,4.205499649047852,1.2240052223205566,1607.3236418760061
9634.0,63.755550384521484,8.81964111328125,1607.4437187430012
9635.0,6.077816963195801,1.4871915578842163,1607.5575439079985
9636.0,14.800357818603516,3.5634164810180664,1607.6829698000074
9637.0,24.72980499267578,6.0294508934021,1607.7956871719944
9638.0,16.866655349731445,3.079540252685547,1607.9116272749961
9639.0,21.39297866821289,3.735297203063965,1608.020685925003
9640.0,18.297042846679688,3.0027623176574707,1608.1377651049988
9641.0,20.903696060180664,3.859086751937866,1608.2693210590078
9642.0,28.599960327148438,4.7257280349731445,1608.3885439389996
9643.0,6.43133544921875,1.569970726966858,1608.499671247002
9644.0,5.893744468688965,1.4005777835845947,1608.609772650001
9645.0,11.070899963378906,2.0555195808410645,1608.7249965630035
9646.0,12.728691101074219,2.787006378173828,1608.844689628997
9647.0,4.158799648284912,1.0132098197937012,1608.9840120360022
9648.0,16.4339656829834,3.2829394340515137,1609.123838170999
9649.0,26.39138412475586,3.0707054138183594,1609.2612982160063
9650.0,13.021452903747559,3.054076910018921,1609.407645913001
9651.0,26.794105529785156,4.9002909660339355,1609.5188738980069
9652.0,6.544872283935547,1.6985807418823242,1609.632245700006
9653.0,16.6036319732666,3.0226731300354004,1609.750294849
9654.0,15.048089981079102,3.3466343879699707,1609.865518022998
9655.0,22.37030792236328,4.0236968994140625,1609.9720486839942
9656.0,6.083442687988281,1.5941662788391113,1610.0793404160067
9657.0,9.372945785522461,2.069261312484741,1610.2024551539944
9658.0,13.402942657470703,2.635802745819092,1610.3191598330013
9659.0,45.63832092285156,6.813869953155518,1610.433874506998
9660.0,19.891151428222656,3.476766586303711,1610.5747948469943
9661.0,62.52589416503906,8.361075401306152,1610.687930783999
9662.0,30.23898696899414,4.61914587020874,1610.8087657900032
9663.0,20.858062744140625,3.931201219558716,1610.9310278350022
9664.0,23.487506866455078,3.713981866836548,1611.0513123410055
9665.0,68.25741577148438,7.3104448318481445,1611.161320168001
9666.0,28.991451263427734,4.428290843963623,1611.2759580929996
9667.0,11.236614227294922,2.4657235145568848,1611.397336067006
9668.0,33.484901428222656,5.072352409362793,1611.530859216
9669.0,12.157740592956543,2.3757777214050293,1611.6401931410073
9670.0,14.5977783203125,3.1429319381713867,1611.7755061600037
9671.0,4.690858364105225,1.1863454580307007,1611.8919890010002
9672.0,17.259986877441406,3.5216922760009766,1612.0078270270023
9673.0,14.759343147277832,3.128040313720703,1612.1155506890063
9674.0,25.387699127197266,4.268955707550049,1612.2259927230043
9675.0,5.947216033935547,1.6271612644195557,1612.336945707997
9676.0,23.48656463623047,3.7959606647491455,1612.4502966199943
9677.0,14.712749481201172,2.535789728164673,1612.5630872439942
9678.0,29.825950622558594,5.190306186676025,1612.6770521660073
9679.0,6.024016857147217,1.5659205913543701,1612.7966859959997
9680.0,12.22653865814209,2.5484375953674316,1612.9160752000025
9681.0,12.594291687011719,2.939268112182617,1613.0689156190056
9682.0,19.025135040283203,3.4504175186157227,1613.208106043996
9683.0,32.014678955078125,3.202796697616577,1613.3378129070043
9684.0,25.795696258544922,4.314079761505127,1613.4577061199961
9685.0,13.952493667602539,2.6163229942321777,1613.5636937819945
9686.0,9.620535850524902,2.3412351608276367,1613.6742583140003
9687.0,15.879616737365723,3.1245412826538086,1613.8105674389953
9688.0,17.5102596282959,2.8251187801361084,1613.9461608919955
9689.0,38.07244110107422,5.829374313354492,1614.0487667120033
9690.0,10.306122779846191,2.6112046241760254,1614.1648784489953
9691.0,9.914111137390137,2.0860512256622314,1614.2732918830006
9692.0,100.79112243652344,10.60818099975586,1614.391816591
9693.0,6.288477897644043,1.3762969970703125,1614.5263226359966
9694.0,30.3114070892334,5.327450752258301,1614.6312339480064
9695.0,50.17316436767578,7.201127529144287,1614.7432459529955
9696.0,31.267501831054688,4.596570014953613,1614.8722364440036
9697.0,27.758907318115234,3.8492417335510254,1615.0048370510049
9698.0,31.44672393798828,4.765293598175049,1615.1352564389963
9699.0,46.616432189941406,8.732763290405273,1615.260188485001
9700.0,80.99071502685547,8.080801010131836,1615.3719912889937
9701.0,17.95447540283203,3.214578866958618,1620.4840585659986
9702.0,13.81812858581543,2.9880056381225586,1620.6507002199942
9703.0,9.177057266235352,2.022634744644165,1620.7856094830058
9704.0,12.049184799194336,2.612400770187378,1620.921998927006
9705.0,79.03966522216797,9.938484191894531,1621.0460293729993
9706.0,16.812049865722656,3.199068069458008,1621.1834705299989
9707.0,27.902883529663086,4.14956521987915,1621.3371552180033
9708.0,5.059340953826904,1.3915703296661377,1621.4567251669941
9709.0,5.481113433837891,1.483544111251831,1621.5893275900016
9710.0,8.02214241027832,2.121513605117798,1621.7537658520014
9711.0,10.322916030883789,2.689326763153076,1621.8845930800017
9712.0,6.317542552947998,1.5295090675354004,1622.0346354380017
9713.0,31.219430923461914,5.502747058868408,1622.1457685409987
9714.0,5.795138835906982,1.7401272058486938,1622.2765453930042
9715.0,5.9299516677856445,1.6719099283218384,1622.432477748007
9716.0,16.035945892333984,3.335965394973755,1622.5654253149987
9717.0,18.3079833984375,3.626164197921753,1622.6950059130031
9718.0,10.45702838897705,2.5807504653930664,1622.8078139989957
9719.0,8.244816780090332,1.7309925556182861,1622.9361707070057
9720.0,16.8310546875,3.4888224601745605,1623.0573616790061
9721.0,33.86421203613281,5.181737422943115,1623.1806431970035
9722.0,9.603504180908203,2.285629987716675,1623.296589421996
9723.0,20.094879150390625,3.7173984050750732,1623.4143644139986
9724.0,18.40125274658203,3.3417882919311523,1623.5222464749968
9725.0,18.36913299560547,3.1607680320739746,1623.6370800830045
9726.0,5.4786376953125,1.3526663780212402,1623.7511787880067
9727.0,2.675422191619873,0.7276510000228882,1623.855853879999
9728.0,6.031069755554199,1.5048943758010864,1623.9662503839936
9729.0,3.0779738426208496,0.883072018623352,1624.0833319789963
9730.0,40.060218811035156,5.8091840744018555,1624.1888004570064
9731.0,9.083654403686523,2.275221109390259,1624.3201994929987
9732.0,14.698834419250488,2.369643211364746,1624.430967223001
9733.0,9.137909889221191,2.636086940765381,1624.5473194539954
9734.0,23.377159118652344,3.941190719604492,1624.6683268540073
9735.0,56.49052429199219,6.890817642211914,1624.787476950005
9736.0,7.8780317306518555,1.890089511871338,1624.9042786619975
9737.0,10.348260879516602,2.695875644683838,1625.0451613930054
9738.0,14.937633514404297,2.7705085277557373,1625.1626959220011
9739.0,17.623519897460938,3.3072752952575684,1625.2761125980032
9740.0,24.60413360595703,4.086912631988525,1625.4380288200045
9741.0,32.26035690307617,7.507793426513672,1625.5723778350075
9742.0,15.204607009887695,3.001584529876709,1625.6869384419988
9743.0,19.206130981445312,3.39155912399292,1625.8050679720036
9744.0,14.084976196289062,3.0909204483032227,1625.9419375050056
9745.0,28.94866943359375,4.83786153793335,1626.053656752003
9746.0,42.05840301513672,4.072109699249268,1626.1966646509973
9747.0,35.14287567138672,5.720556735992432,1626.3064214070037
9748.0,30.431106567382812,6.7607927322387695,1626.418561619008
9749.0,5.042250156402588,1.2410109043121338,1626.5197197429952
9750.0,7.148280143737793,1.746945858001709,1626.6421620019973
9751.0,19.593769073486328,2.759742021560669,1626.7515427960025
9752.0,8.366203308105469,1.9942172765731812,1626.8678371860005
9753.0,32.976844787597656,5.062482833862305,1626.990015304007
9754.0,7.240128517150879,2.0472679138183594,1627.1031506900035
9755.0,10.42085075378418,2.603135824203491,1627.2339525849966
9756.0,7.219419479370117,1.7257097959518433,1627.3720424369967
9757.0,7.327633857727051,1.980088472366333,1627.524483471003
9758.0,17.98577308654785,3.211141586303711,1627.6321774499957
9759.0,4.920611381530762,1.4097639322280884,1627.7829652380024
9760.0,20.917814254760742,4.735435962677002,1627.913098072997
9761.0,13.943458557128906,2.8935136795043945,1628.0230072889972
9762.0,18.429285049438477,3.4656410217285156,1628.138330243004
9763.0,9.40371322631836,2.309735059738159,1628.2497329040052
9764.0,16.212575912475586,3.711660385131836,1628.367905962994
9765.0,4.164353370666504,1.1005384922027588,1628.4997957400046
9766.0,6.803754806518555,1.7467302083969116,1628.6610533729981
9767.0,5.744956016540527,1.4221916198730469,1628.8093016880011
9768.0,16.09955406188965,2.9344632625579834,1628.9555918270053
9769.0,16.511756896972656,3.4024620056152344,1629.0974852049985
9770.0,12.906024932861328,2.6859166622161865,1629.2257407440047
9771.0,124.77090454101562,11.820571899414062,1629.3596273440053
9772.0,18.01569366455078,3.365939140319824,1629.5014783630031
9773.0,6.282122611999512,1.631616234779358,1629.6451292720012
9774.0,8.99913215637207,2.0510525703430176,1629.768084839001
9775.0,16.209102630615234,3.1289074420928955,1629.9107502179977
9776.0,33.24264144897461,3.9029736518859863,1630.0544666640053
9777.0,13.861660957336426,2.82014536857605,1630.1990471570025
9778.0,73.43382263183594,9.291868209838867,1630.3744819450076
9779.0,6.022623062133789,1.3601218461990356,1630.5329079810035
9780.0,25.7886962890625,3.9786434173583984,1630.7066364759958
9781.0,5.074115753173828,1.3041807413101196,1630.8582481610065
9782.0,8.759143829345703,1.914435863494873,1631.0196911880048
9783.0,28.195045471191406,4.422893524169922,1631.1492131959967
9784.0,12.48945140838623,2.696427345275879,1631.2723397780064
9785.0,5.737703800201416,1.3332431316375732,1631.3882898019947
9786.0,17.25888442993164,4.649607181549072,1631.5112827609992
9787.0,5.588191032409668,1.240865707397461,1631.6330046259973
9788.0,20.235347747802734,3.3115875720977783,1631.759495189006
9789.0,12.820089340209961,2.622063636779785,1631.8770287460065
9790.0,13.890851974487305,2.2911744117736816,1631.995124713998
9791.0,20.492334365844727,3.314978837966919,1632.1157906959997
9792.0,62.91624069213867,11.751827239990234,1632.2537957659952
9793.0,5.105050086975098,1.2714264392852783,1632.368592422994
9794.0,5.554836750030518,1.3321336507797241,1632.4800002099946
9795.0,42.2148323059082,5.758667945861816,1632.5909281810018
9796.0,86.77059173583984,10.502294540405273,1632.6952150739962
9797.0,23.329790115356445,3.263484239578247,1632.817089988006
9798.0,20.436796188354492,3.8873541355133057,1632.9728267229948
9799.0,20.296489715576172,3.5689480304718018,1633.1225933550013
9800.0,20.891956329345703,3.715628147125244,1633.2695536389947
9801.0,23.140560150146484,3.922386646270752,1637.6917741679936
9802.0,15.488667488098145,3.4730684757232666,1637.8274342929944
9803.0,36.5808219909668,4.829242706298828,1637.9582278870075
9804.0,8.651335716247559,2.2534027099609375,1638.0929291710054
9805.0,16.670400619506836,3.25268292427063,1638.243852265994
9806.0,9.228087425231934,2.422694444656372,1638.394618188002
9807.0,37.40895080566406,6.336427688598633,1638.5140466620069
9808.0,6.157074928283691,1.5701792240142822,1638.6310118919937
9809.0,18.253206253051758,3.4412293434143066,1638.7461373660044
9810.0,11.281353950500488,1.8581722974777222,1638.8714739739953
9811.0,10.46605110168457,2.289787530899048,1639.016664462004
9812.0,9.267433166503906,2.073215961456299,1639.1466691459937
9813.0,9.128229141235352,2.1952171325683594,1639.2595268580044
9814.0,14.58045768737793,2.183645725250244,1639.3861704709998
9815.0,7.861603260040283,2.334645986557007,1639.515537719999
9816.0,10.697600364685059,2.226506233215332,1639.6240203540074
9817.0,9.588157653808594,2.561359405517578,1639.7355364130053
9818.0,4.468079090118408,1.0757282972335815,1639.8622510470013
9819.0,28.932659149169922,4.599826335906982,1639.977999160008
9820.0,6.343883991241455,1.5852806568145752,1640.1020714879996
9821.0,31.025556564331055,4.488590240478516,1640.2273307279975
9822.0,22.865440368652344,3.446640968322754,1640.3488223659951
9823.0,7.5180583000183105,1.820781946182251,1640.4875077629986
9824.0,9.276095390319824,2.0987443923950195,1640.6060432609956
9825.0,13.637838363647461,3.134032726287842,1640.727354881994
9826.0,71.84996032714844,8.353175163269043,1640.8628219670063
9827.0,7.24534797668457,2.073127031326294,1641.0031748710026
9828.0,9.19658088684082,2.5029654502868652,1641.1468023490015
9829.0,8.514144897460938,2.3420324325561523,1641.2699538269953
9830.0,6.46871280670166,2.0059549808502197,1641.3926112490008
9831.0,18.695812225341797,3.307600498199463,1641.5320398559998
9832.0,7.209623336791992,1.7871183156967163,1641.6503552740032
9833.0,18.170501708984375,3.279383420944214,1641.7672685580037
9834.0,27.975263595581055,4.5204291343688965,1641.875509272999
9835.0,5.589857578277588,1.4596703052520752,1641.9958705169993
9836.0,25.15457534790039,3.678986072540283,1642.1340330770036
9837.0,5.8017120361328125,1.4392926692962646,1642.2644838520064
9838.0,28.102237701416016,4.381237030029297,1642.3906014920067
9839.0,24.036911010742188,4.500785827636719,1642.5193384290033
9840.0,5.111728191375732,1.3050684928894043,1642.6576947550057
9841.0,31.789104461669922,4.200470924377441,1642.8248809299985
9842.0,34.04938507080078,5.073432445526123,1642.9534380090045
9843.0,12.595088958740234,2.4628496170043945,1643.0907509050012
9844.0,34.00126266479492,5.1042351722717285,1643.2149250710063
9845.0,21.124107360839844,3.4999163150787354,1643.359654328
9846.0,84.77593231201172,14.940580368041992,1643.501273382004
9847.0,85.2725601196289,9.889276504516602,1643.6416685339937
9848.0,5.059816360473633,1.5475966930389404,1643.7576800179959
9849.0,9.376431465148926,2.616238594055176,1643.8713816160016
9850.0,15.950777053833008,3.011317014694214,1643.9951479400042
9851.0,19.999155044555664,3.9972493648529053,1644.1505779080035
9852.0,11.128339767456055,2.2418413162231445,1644.2699955790013
9853.0,12.531682968139648,2.299797534942627,1644.3986899269948
9854.0,4.790846824645996,1.0696154832839966,1644.5229760729999
9855.0,11.640226364135742,2.680722713470459,1644.6573193759978
9856.0,31.922157287597656,5.544955730438232,1644.7884803159977
9857.0,15.634870529174805,3.009303092956543,1644.9031203250051
9858.0,4.7898969650268555,1.334739089012146,1645.011187334996
9859.0,13.322385787963867,2.835749387741089,1645.1610482719989
9860.0,35.728580474853516,5.306344032287598,1645.305457978
9861.0,5.696956634521484,1.488237738609314,1645.460964665006
9862.0,15.461400985717773,3.2133562564849854,1645.5706728679943
9863.0,11.357612609863281,2.3040311336517334,1645.6887169969996
9864.0,14.41891860961914,2.7137274742126465,1645.8144118920027
9865.0,22.70601463317871,3.4598844051361084,1645.9274152500002
9866.0,10.928611755371094,2.3172528743743896,1646.0653660270036
9867.0,19.11065673828125,3.649423599243164,1646.1875278700027
9868.0,28.09531021118164,4.3073835372924805,1646.339996195995
9869.0,7.806227684020996,2.0104901790618896,1646.4698459250067
9870.0,28.02019691467285,3.4141151905059814,1646.600194478
9871.0,5.229069232940674,1.280779242515564,1646.7126393850049
9872.0,49.21512985229492,6.7603936195373535,1646.8279681860004
9873.0,42.10494613647461,6.326188564300537,1646.9424529160024
9874.0,10.595955848693848,2.462007761001587,1647.0667789260042
9875.0,18.366619110107422,3.701521396636963,1647.2686440529942
9876.0,25.0743350982666,4.147162914276123,1647.4380873909977
9877.0,9.464348793029785,1.9723427295684814,1647.5714422860037
9878.0,12.316605567932129,2.8309338092803955,1647.7104396659997
9879.0,34.1304931640625,4.61784553527832,1647.831736054999
9880.0,29.240385055541992,5.266995429992676,1647.969651968
9881.0,39.16827392578125,4.735249996185303,1648.0743254270055
9882.0,14.957862854003906,2.747480630874634,1648.2033781869977
9883.0,10.69871711730957,2.3604936599731445,1648.3248714649962
9884.0,16.710691452026367,3.472341537475586,1648.4402926210023
9885.0,17.41354751586914,3.1335322856903076,1648.5515120960044
9886.0,6.7539777755737305,1.64247727394104,1648.664483339002
9887.0,25.556365966796875,4.590137481689453,1648.7743832080014
9888.0,15.183192253112793,2.8909003734588623,1648.887715852994
9889.0,71.2252197265625,7.6676812171936035,1649.0115217690036
9890.0,11.601512908935547,1.6724046468734741,1649.1387676379964
9891.0,18.63202667236328,3.309077024459839,1649.2685952449974
9892.0,14.743070602416992,2.8269283771514893,1649.3827091550047
9893.0,26.19681167602539,3.7715516090393066,1649.5066240669985
9894.0,4.785941123962402,1.2382078170776367,1649.6319198499987
9895.0,14.313089370727539,2.6214547157287598,1649.7819622520037
9896.0,5.774178504943848,1.2947100400924683,1649.9261733099993
9897.0,57.790523529052734,6.183666706085205,1650.069369734003
9898.0,16.83539581298828,2.8050544261932373,1650.2275256400026
9899.0,10.631107330322266,2.2432072162628174,1650.4077500349958
9900.0,15.939085006713867,2.82074236869812,1650.5601685029978
9901.0,21.885738372802734,3.910745859146118,1657.0199038249993
9902.0,6.590321063995361,1.82094144821167,1657.135538721006
9903.0,6.428328037261963,1.5443681478500366,1657.3070720279939
9904.0,20.863208770751953,3.651231050491333,1657.5143805529951
9905.0,11.100118637084961,2.6438186168670654,1657.792137935001
9906.0,14.260849952697754,3.403052806854248,1658.1276519770036
9907.0,22.065670013427734,4.532448768615723,1658.387444663007
9908.0,10.997075080871582,3.061903238296509,1658.5737269889942
9909.0,17.2110595703125,4.069644451141357,1658.8806962160015
9910.0,7.73109245300293,1.8846360445022583,1659.0416640350013
9911.0,26.54408073425293,4.370987892150879,1659.2065267970029
9912.0,8.845569610595703,2.484123945236206,1659.4277445930056
9913.0,59.51167678833008,7.441053867340088,1659.6276054079935
9914.0,22.93238067626953,3.5430712699890137,1659.7919501160068
9915.0,15.218603134155273,2.9994003772735596,1659.9582842310047
9916.0,70.82049560546875,10.321639060974121,1660.1077028029977
9917.0,10.342702865600586,2.273189067840576,1660.257261220002
9918.0,5.455495834350586,1.2838364839553833,1660.3838246109954
9919.0,26.87523651123047,3.444124221801758,1660.5239385970053
9920.0,8.248051643371582,1.6658610105514526,1660.7494639619981
9921.0,10.777493476867676,2.3946447372436523,1660.9333083600068
9922.0,4.190998554229736,1.037545084953308,1661.0706003980013
9923.0,8.47426986694336,2.082528829574585,1661.217795124001
9924.0,40.150299072265625,6.7038044929504395,1661.3246058549994
9925.0,55.76604461669922,5.892122268676758,1661.430442361001
9926.0,24.19705581665039,4.566632270812988,1661.6092434510065
9927.0,49.5744743347168,6.241941928863525,1661.754537232002
9928.0,12.825718879699707,3.1070871353149414,1661.8753810449998
9929.0,38.23027038574219,5.221962928771973,1662.0216096009972
9930.0,6.853652000427246,1.7052509784698486,1662.1702117899986
9931.0,10.555228233337402,2.365290403366089,1662.3321135169972
9932.0,31.43747329711914,4.633453845977783,1662.4882064029953
9933.0,106.8563461303711,12.059799194335938,1662.6221258629957
9934.0,7.8296966552734375,2.105663776397705,1662.7737533420004
9935.0,29.308269500732422,3.1164169311523438,1662.8904906149983
9936.0,14.635461807250977,2.702150821685791,1663.0249307979975
9937.0,19.993024826049805,3.7598557472229004,1663.1657661140052
9938.0,13.854902267456055,2.6479225158691406,1663.2804465230001
9939.0,10.226014137268066,2.1595101356506348,1663.3969813220028
9940.0,14.663861274719238,3.089111566543579,1663.5407303289976
9941.0,40.84639358520508,6.054840564727783,1663.687547102003
9942.0,20.224109649658203,3.3283579349517822,1663.809326899005
9943.0,7.880008220672607,1.711931586265564,1663.9615693119995
9944.0,18.23372459411621,3.3679871559143066,1664.1085855440033
9945.0,5.8442792892456055,1.2357491254806519,1664.2233362209954
9946.0,7.384673118591309,2.091092824935913,1664.3322072760056
9947.0,13.60457992553711,2.4846982955932617,1664.4764997169987
9948.0,56.9046516418457,6.032906532287598,1664.6069457900012
9949.0,4.938262462615967,1.2812200784683228,1664.7907238199987
9950.0,6.136111736297607,1.5583853721618652,1664.9293790670054
9951.0,14.77746295928955,3.2119815349578857,1665.129219024995
9952.0,57.096580505371094,6.817204475402832,1665.3169387950038
9953.0,8.273595809936523,1.9678412675857544,1665.4514249439962
9954.0,11.370586395263672,2.60420298576355,1665.5620891739964
9955.0,9.957783699035645,2.489954948425293,1665.681690351994
9956.0,7.2767791748046875,1.62306809425354,1665.8489067659975
9957.0,27.125015258789062,4.031797885894775,1666.0701986960048
9958.0,10.415910720825195,2.1677534580230713,1666.1827887399995
9959.0,5.988470077514648,1.8326224088668823,1666.3040873379941
9960.0,6.375845432281494,1.9360874891281128,1666.4389232209942
9961.0,8.394773483276367,2.2373554706573486,1666.5721777489962
9962.0,5.1046857833862305,1.4822100400924683,1666.6891401070025
9963.0,12.840314865112305,2.426832675933838,1666.8289435210027
9964.0,8.331761360168457,1.818649411201477,1666.9640639069985
9965.0,5.117179870605469,1.288508415222168,1667.0907907439978
9966.0,4.504947662353516,1.0859347581863403,1667.220028486001
9967.0,7.509390830993652,1.9089725017547607,1667.403365161008
9968.0,4.5181660652160645,1.0563151836395264,1667.5440791360015
9969.0,11.210927963256836,3.237859010696411,1667.7125599029969
9970.0,21.758808135986328,3.347792148590088,1667.850709752005
9971.0,36.02574157714844,4.248318672180176,1667.9752199700015
9972.0,5.4043378829956055,1.3399492502212524,1668.096252347008
9973.0,24.580228805541992,5.858556747436523,1668.2325461059954
9974.0,30.642019271850586,4.915909290313721,1668.3834854390007
9975.0,7.449304580688477,1.7144430875778198,1668.508365984002
9976.0,7.290306091308594,1.6294350624084473,1668.6339231720049
9977.0,11.128538131713867,2.917665481567383,1668.7547245919995
9978.0,8.404205322265625,2.0482606887817383,1668.8747127789975
9979.0,14.583444595336914,3.1166133880615234,1668.9889202409977
9980.0,20.382537841796875,3.5409483909606934,1669.1028727520024
9981.0,14.17463493347168,2.8937532901763916,1669.2209006350022
9982.0,6.276785373687744,1.429132103919983,1669.3310330380045
9983.0,24.580150604248047,4.166567325592041,1669.4593912940036
9984.0,10.014798164367676,2.732868194580078,1669.6007778829953
9985.0,29.162567138671875,4.84665060043335,1669.7240476290026
9986.0,15.734079360961914,2.846177339553833,1669.8649414779939
9987.0,7.212968826293945,2.0804622173309326,1669.9806396229978
9988.0,17.023937225341797,3.20424747467041,1670.1038007489988
9989.0,19.016427993774414,3.283165216445923,1670.219202733002
9990.0,56.39717102050781,6.847493648529053,1670.332770492998
9991.0,20.36747932434082,4.319614887237549,1670.4437951069995
9992.0,6.302668571472168,1.5359808206558228,1670.5547124419973
9993.0,6.1305317878723145,1.490095853805542,1670.699752843997
9994.0,27.27800178527832,4.656952381134033,1670.8160173500073
9995.0,21.927818298339844,3.530320882797241,1670.9240347879968
9996.0,15.837764739990234,3.1877171993255615,1671.0363763119967
9997.0,39.43988800048828,5.978191375732422,1671.1468702300044
9998.0,29.358840942382812,4.41392183303833,1671.249390212004
9999.0,18.264625549316406,3.498333692550659,1671.355316183006
10000.0,3.7161545753479004,0.9685257077217102,1671.461549166008
10001.0,4.6440887451171875,1.1898542642593384,1675.8292184199963
10002.0,30.424652099609375,4.442622184753418,1675.9612711679947
10003.0,10.69654655456543,2.17927622795105,1676.0782634019997
10004.0,23.99466323852539,4.076929092407227,1676.250903039996
10005.0,10.261554718017578,2.7518348693847656,1676.363329549
10006.0,9.713014602661133,2.4475927352905273,1676.4859789559996
10007.0,24.64299774169922,4.261623382568359,1676.6656174770033
10008.0,24.198009490966797,3.6552574634552,1676.7703466770035
10009.0,7.851423263549805,2.1414473056793213,1676.9393897810078
10010.0,31.063499450683594,5.163357734680176,1677.0778701999952
10011.0,10.926640510559082,2.510333776473999,1677.2332374929974
10012.0,11.046431541442871,2.710618734359741,1677.3429455260048
10013.0,7.569914817810059,1.7797598838806152,1677.4510937690065
10014.0,11.635019302368164,2.624095916748047,1677.5714338520047
10015.0,4.560121536254883,1.1409521102905273,1677.6773982190061
10016.0,10.85556697845459,2.588376998901367,1677.784907445006
10017.0,5.920462608337402,1.4206526279449463,1677.9167206209968
10018.0,15.109511375427246,3.4602904319763184,1678.0279531660053
10019.0,23.4138126373291,3.5697104930877686,1678.1985448159976
10020.0,34.20469665527344,3.882554769515991,1678.3388380389952
10021.0,5.478007793426514,1.4186348915100098,1678.5013840659958
10022.0,30.518882751464844,5.187809944152832,1678.648599439999
10023.0,9.592095375061035,2.61161208152771,1678.7541867490072
10024.0,20.73600959777832,3.8441295623779297,1678.8592495269986
10025.0,37.39031982421875,8.200291633605957,1678.9757019079989
10026.0,8.870389938354492,1.786968469619751,1679.1077448949945
10027.0,14.249031066894531,2.1616532802581787,1679.2129171090055
10028.0,10.09152603149414,2.3385210037231445,1679.3268096999964
10029.0,6.574219703674316,1.5978857278823853,1679.4302971739962
10030.0,33.21025085449219,3.8593227863311768,1679.5348164869938
10031.0,23.059490203857422,5.190341472625732,1679.6426321170002
10032.0,6.497143745422363,1.4344934225082397,1679.7630099170055
10033.0,13.292842864990234,3.4039151668548584,1679.892355789998
10034.0,12.684625625610352,2.5560660362243652,1680.0032811239944
10035.0,8.497647285461426,1.865077018737793,1680.1102162989991
10036.0,12.717031478881836,2.581941604614258,1680.2226805200044
10037.0,19.470308303833008,3.5223917961120605,1680.3717487510003
10038.0,15.509742736816406,3.5219082832336426,1680.4920843940054
10039.0,5.809107780456543,1.3534607887268066,1680.6196358779998
10040.0,19.186382293701172,3.3028922080993652,1680.760419305996
10041.0,37.57451629638672,5.750030994415283,1680.9129094399977
10042.0,7.055647850036621,1.7673704624176025,1681.062560463004
10043.0,91.5215072631836,12.099432945251465,1681.2974445879954
10044.0,41.21429443359375,6.247981071472168,1681.4407576999947
10045.0,21.19356346130371,3.801043748855591,1681.566797121006
10046.0,16.641048431396484,3.08488392829895,1681.6816922650032
10047.0,9.045328140258789,2.615154504776001,1681.8027640869986
10048.0,78.20262145996094,8.267290115356445,1681.921213538997
10049.0,26.010440826416016,4.579403400421143,1682.0425987820054
10050.0,18.377601623535156,3.8970565795898438,1682.1619697160058
10051.0,13.716695785522461,3.0462114810943604,1682.287349058999
10052.0,15.484809875488281,3.3027126789093018,1682.4549542790046
10053.0,14.40103530883789,2.660022258758545,1682.5933797939942
10054.0,11.932538986206055,2.9707796573638916,1682.7116915630031
10055.0,33.16022491455078,5.424829959869385,1682.8292718250013
10056.0,4.869655609130859,1.1802135705947876,1682.9664206559974
10057.0,13.647428512573242,2.535080909729004,1683.083358072996
10058.0,41.42624282836914,5.440122604370117,1683.2052748879942
10059.0,14.210317611694336,3.818580150604248,1683.313514303998
10060.0,12.598806381225586,3.009056806564331,1683.4176510170073
10061.0,11.1796875,2.3839633464813232,1683.5302235179988
10062.0,7.184116363525391,2.142111301422119,1683.645969057994
10063.0,6.523099422454834,1.6255626678466797,1683.7588621769974
10064.0,33.829715728759766,5.155194282531738,1683.8799078320008
10065.0,10.633097648620605,2.7998850345611572,1684.0037996979954
10066.0,73.87376403808594,9.108115196228027,1684.1220129830035
10067.0,14.502095222473145,3.2250444889068604,1684.2353160540079
10068.0,7.438360214233398,2.0411415100097656,1684.3572006220056
10069.0,25.823444366455078,5.0575737953186035,1684.4810135430016
10070.0,3.778472423553467,1.0095936059951782,1684.5960361540056
10071.0,42.132362365722656,6.153077125549316,1684.7085565309972
10072.0,7.5536346435546875,1.4736732244491577,1684.823009329004
10073.0,5.50009822845459,1.6653516292572021,1684.9355424160021
10074.0,24.787931442260742,4.165924072265625,1685.0458481670066
10075.0,10.927469253540039,2.3428585529327393,1685.1619048110006
10076.0,25.88424301147461,4.4728684425354,1685.276843300002
10077.0,39.484893798828125,5.534132957458496,1685.4076033739984
10078.0,10.02406120300293,2.5011212825775146,1685.5210063749983
10079.0,60.27159881591797,7.945784568786621,1685.6295690279949
10080.0,77.17138671875,8.763766288757324,1685.737598075997
10081.0,20.23968505859375,3.5612666606903076,1685.8619353810063
10082.0,14.037056922912598,2.863708257675171,1685.9817331399972
10083.0,14.746511459350586,3.000314235687256,1686.1195864850015
10084.0,12.366256713867188,2.747802972793579,1686.2339759440074
10085.0,8.341740608215332,1.7440264225006104,1686.355761785002
10086.0,27.050495147705078,4.789381504058838,1686.465266426996
10087.0,31.262619018554688,5.200637340545654,1686.5810762820038
10088.0,13.654359817504883,3.0370750427246094,1686.7155110220046
10089.0,9.317691802978516,2.3817975521087646,1686.8278340670076
10090.0,16.62579345703125,3.497032403945923,1686.943410797001
10091.0,12.712090492248535,2.5646607875823975,1687.064795815997
10092.0,6.370580673217773,1.8870463371276855,1687.2424740190036
10093.0,23.67782974243164,4.264863967895508,1687.3959650379984
10094.0,16.174402236938477,3.3368582725524902,1687.5071724930021
10095.0,31.826330184936523,5.0464372634887695,1687.6210212110018
10096.0,6.344409465789795,1.63917076587677,1687.757552206007
10097.0,10.257343292236328,2.718358278274536,1687.8753876810079
10098.0,6.585391998291016,1.4770148992538452,1688.0023044950067
10099.0,14.196340560913086,2.5171375274658203,1688.1181318970048
10100.0,25.72446060180664,3.189753532409668,1688.2524325480044
10101.0,24.025224685668945,4.115774154663086,1692.741233036999
10102.0,5.282198905944824,1.2762219905853271,1692.8580723129999
10103.0,28.033252716064453,4.362625598907471,1692.9757448640012
10104.0,110.77439880371094,11.382133483886719,1693.090226707005
10105.0,13.937700271606445,2.4319775104522705,1693.2054358739988
10106.0,4.8590521812438965,1.1644384860992432,1693.3106262229994
10107.0,23.0947208404541,3.814842462539673,1693.4287818239973
10108.0,12.45225715637207,2.444021224975586,1693.5485107569984
10109.0,77.55500793457031,7.3753437995910645,1693.6663817090011
10110.0,8.035385131835938,2.312178611755371,1693.773931165997
10111.0,10.122154235839844,2.2890701293945312,1693.8826073240052
10112.0,16.600358963012695,3.091665267944336,1694.0297812200006
10113.0,5.709981918334961,1.4238618612289429,1694.1683032019937
10114.0,25.91292953491211,4.295650482177734,1694.2731765000062
10115.0,5.2833333015441895,1.3934106826782227,1694.364600728004
10116.0,6.392016887664795,1.4385502338409424,1694.475790883007
10117.0,12.194978713989258,2.549767017364502,1694.584342882008
10118.0,62.7801513671875,7.816058158874512,1694.6977508590062
10119.0,19.269344329833984,5.103610515594482,1694.8087897649966
10120.0,4.241886138916016,1.0799483060836792,1694.9245924889983
10121.0,5.955447673797607,1.4790737628936768,1695.033225223
10122.0,15.862260818481445,3.808588743209839,1695.1508722459985
10123.0,8.061796188354492,2.2522945404052734,1695.2651248699985
10124.0,15.464426040649414,2.9908688068389893,1695.3720160670055
10125.0,3.6092376708984375,0.9102652072906494,1695.4899911009998
10126.0,11.549041748046875,2.434262752532959,1695.6011556500016
10127.0,5.573666572570801,1.631533145904541,1695.7114813740045
10128.0,4.855648517608643,1.266501545906067,1695.8246115119982
10129.0,5.729079246520996,1.5598136186599731,1695.936202205994
10130.0,15.512691497802734,2.9309988021850586,1696.0534175570065
10131.0,18.930492401123047,3.075995683670044,1696.171845828998
10132.0,7.058341026306152,1.7237883806228638,1696.2853482289938
10133.0,20.90520477294922,3.4926302433013916,1696.3950533400057
10134.0,11.336006164550781,2.545551061630249,1696.5144305970025
10135.0,21.942607879638672,3.515995740890503,1696.6329469600023
10136.0,6.6800994873046875,1.7469635009765625,1696.7547407160018
10137.0,5.595824241638184,1.535158634185791,1696.8685412490013
10138.0,25.757694244384766,4.37581729888916,1697.0089360220009
10139.0,17.271923065185547,2.3654587268829346,1697.1334072659956
10140.0,14.514605522155762,2.9630606174468994,1697.2765642479935
10141.0,11.467019081115723,2.555394172668457,1697.4261629760003
10142.0,3.6099328994750977,0.942531168460846,1697.560604956001
10143.0,8.078104019165039,1.9163835048675537,1697.6942849439947
10144.0,11.388519287109375,2.8271806240081787,1697.8380214089993
10145.0,33.05841827392578,4.560715198516846,1697.9555970670044
10146.0,5.170149803161621,1.5342944860458374,1698.0720587340038
10147.0,10.570293426513672,2.5447113513946533,1698.1793134170002
10148.0,4.967813491821289,1.2324622869491577,1698.296155420001
10149.0,29.08608627319336,5.095152854919434,1698.4079663989978
10150.0,17.89286994934082,3.5465872287750244,1698.5296607399941
10151.0,19.426963806152344,3.926612138748169,1698.6520512200077
10152.0,6.6445794105529785,1.8537689447402954,1698.758966096997
10153.0,26.128360748291016,3.176314115524292,1698.8765524040064
10154.0,51.851348876953125,7.673304557800293,1698.9883514209941
10155.0,8.729507446289062,2.31213641166687,1699.0982172229997
10156.0,5.784144878387451,1.7347222566604614,1699.2104175379936
10157.0,12.770036697387695,2.946209192276001,1699.330336044004
10158.0,8.98397445678711,1.9144537448883057,1699.4447787679965
10159.0,17.946273803710938,3.064701795578003,1699.5657372910064
10160.0,15.741010665893555,3.891716718673706,1699.681032655004
10161.0,11.377986907958984,2.3188936710357666,1699.7886526560033
10162.0,10.417333602905273,2.3722360134124756,1699.902368990006
10163.0,11.050827980041504,2.277208089828491,1700.0128042620054
10164.0,15.425765991210938,2.7243759632110596,1700.1264067540033
10165.0,68.0942153930664,7.019354820251465,1700.2493295769964
10166.0,13.189130783081055,2.5875210762023926,1700.3666045989958
10167.0,111.1745376586914,11.480948448181152,1700.5039042940043
10168.0,31.759788513183594,4.1826276779174805,1700.614700635997
10169.0,22.512157440185547,3.6088707447052,1700.7270878620038
10170.0,5.287293434143066,1.2893025875091553,1700.836782487997
10171.0,24.265422821044922,4.223238468170166,1700.946522119004
10172.0,5.5332841873168945,1.4683560132980347,1701.0638833380071
10173.0,66.41545867919922,8.164483070373535,1701.1764538440038
10174.0,5.176316261291504,1.3416717052459717,1701.2868000820017
10175.0,11.073127746582031,2.2613062858581543,1701.4065292820014
10176.0,25.01937484741211,3.963369369506836,1701.525994769996
10177.0,9.089656829833984,2.0857038497924805,1701.6386521770037
10178.0,22.563152313232422,3.7540621757507324,1701.7544951729942
10179.0,31.44719696044922,4.592152118682861,1701.8697708810068
10180.0,12.624736785888672,2.497866153717041,1701.9835785629984
10181.0,40.97932434082031,5.449413776397705,1702.0941391539964
10182.0,21.712013244628906,3.9209177494049072,1702.213395084007
10183.0,27.317707061767578,6.213170528411865,1702.3360969170026
10184.0,13.890743255615234,3.5795705318450928,1702.4493404709938
10185.0,36.622554779052734,5.451984882354736,1702.5603361940011
10186.0,10.143411636352539,1.9890549182891846,1702.680760732008
10187.0,6.561690807342529,1.7579669952392578,1702.7953055029939
10188.0,26.10296630859375,4.398349761962891,1702.9075843440078
10189.0,32.72158432006836,4.875679969787598,1703.0173119139945
10190.0,5.810013294219971,1.4256892204284668,1703.133147763001
10191.0,11.623658180236816,2.2084200382232666,1703.2421643499983
10192.0,11.759899139404297,2.938006639480591,1703.353451233008
10193.0,10.283647537231445,2.4341578483581543,1703.466766632002
10194.0,6.905028343200684,1.8039335012435913,1703.5774774879974
10195.0,25.9448184967041,4.605477333068848,1703.6918244330009
10196.0,57.52528762817383,8.00475025177002,1703.8099560060073
10197.0,34.518028259277344,5.718631744384766,1703.927843811005
10198.0,9.926511764526367,2.3238255977630615,1704.0415040310036
10199.0,6.479333877563477,1.8980917930603027,1704.1604775290034
10200.0,12.992239952087402,2.552579641342163,1704.2671570999955
10201.0,98.24878692626953,10.299267768859863,1708.6408216059936
10202.0,7.379003524780273,1.6854945421218872,1708.757656204005
10203.0,17.773040771484375,3.9221315383911133,1708.8691974190006
10204.0,7.614164352416992,2.0117721557617188,1708.9941774140025
10205.0,12.294795989990234,2.671093702316284,1709.112198236995
10206.0,9.100144386291504,2.3588175773620605,1709.2204682459997
10207.0,18.044607162475586,2.8645339012145996,1709.3358731400076
10208.0,11.836181640625,2.0953190326690674,1709.4617701300012
10209.0,5.432314872741699,1.373672366142273,1709.6234319280047
10210.0,5.087374210357666,1.3094717264175415,1709.741665937996
10211.0,13.084993362426758,2.0676512718200684,1709.8631249720056
10212.0,3.8126487731933594,0.873755931854248,1709.9952158079977
10213.0,11.81212043762207,2.357142925262451,1710.1084624490031
10214.0,8.751724243164062,2.301976203918457,1710.2199914140074
10215.0,14.251443862915039,2.1364893913269043,1710.3327478550054
10216.0,5.677264213562012,1.4512109756469727,1710.4556717749947
10217.0,8.697929382324219,2.277282238006592,1710.5755841339997
10218.0,18.66313934326172,3.307974338531494,1710.6913280330045
10219.0,30.242998123168945,4.573906421661377,1710.8052272990026
10220.0,19.87613868713379,3.5607035160064697,1710.9224160540034
10221.0,19.479236602783203,3.633235454559326,1711.0376578300056
10222.0,23.104066848754883,4.168929576873779,1711.1506047250004
10223.0,31.555505752563477,5.187166690826416,1711.2670184010058
10224.0,6.691159725189209,1.978874921798706,1711.3847380710067
10225.0,47.6114616394043,8.638533592224121,1711.496965355007
10226.0,16.346099853515625,2.8608028888702393,1711.6124181060004
10227.0,41.21505355834961,6.656323432922363,1711.7230728480063
10228.0,15.546457290649414,3.503342866897583,1711.832877495006
10229.0,9.409855842590332,2.240241765975952,1711.9404737300065
10230.0,43.27698516845703,5.391934394836426,1712.0465411460027
10231.0,9.543346405029297,1.7330552339553833,1712.1592755870079
10232.0,4.312890529632568,1.3322608470916748,1712.2669495589944
10233.0,12.8182954788208,2.8492610454559326,1712.3841982830054
10234.0,38.325950622558594,5.35421895980835,1712.512449861999
10235.0,8.533167839050293,2.34308123588562,1712.6274573709961
10236.0,22.496517181396484,3.7007968425750732,1712.7544270829967
10237.0,8.820364952087402,2.004183769226074,1712.8728313260071
10238.0,6.999433994293213,1.7310203313827515,1712.9887095919985
10239.0,33.67995071411133,4.125361442565918,1713.0985416729964
10240.0,12.053157806396484,2.4560372829437256,1713.2120064119954
10241.0,29.60100555419922,4.450266361236572,1713.3186834340013
10242.0,7.197230815887451,1.7553775310516357,1713.427231611
10243.0,12.2515287399292,1.989447832107544,1713.5391263850033
10244.0,8.571205139160156,2.5234365463256836,1713.652493429996
10245.0,17.397178649902344,3.44091796875,1713.763794642
10246.0,14.487807273864746,2.909867763519287,1713.8978544739948
10247.0,4.342971324920654,1.0958331823349,1714.0082048930053
10248.0,6.578398704528809,1.8243563175201416,1714.1150374209974
10249.0,6.589681148529053,1.8694530725479126,1714.220959512997
10250.0,19.32927131652832,3.2619004249572754,1714.3354765340046
10251.0,8.787256240844727,1.668798565864563,1714.4541458690073
10252.0,5.873144149780273,1.4250940084457397,1714.5638611199975
10253.0,10.587688446044922,2.284658193588257,1714.6766072680039
10254.0,5.261796951293945,1.6046830415725708,1714.7898690669972
10255.0,15.360326766967773,3.2947657108306885,1714.8992907939974
10256.0,20.64482879638672,3.939143419265747,1715.0172288540052
10257.0,14.842550277709961,3.1609723567962646,1715.1369130579988
10258.0,5.9788312911987305,1.4677002429962158,1715.2493796380004
10259.0,10.236861228942871,2.1643452644348145,1715.3530174860061
10260.0,11.315403938293457,2.2722530364990234,1715.463245179999
10261.0,5.677505970001221,1.4834150075912476,1715.5764859710034
10262.0,25.780658721923828,4.228794574737549,1715.688182576996
10263.0,11.499446868896484,2.688741445541382,1715.799677692994
10264.0,16.473695755004883,3.0276882648468018,1715.9165460479999
10265.0,7.672685146331787,2.189166307449341,1716.0327063089935
10266.0,82.24249267578125,10.051780700683594,1716.1538141189958
10267.0,18.051713943481445,3.2469353675842285,1716.2625070659997
10268.0,11.726869583129883,2.2709736824035645,1716.368821615004
10269.0,14.167760848999023,2.726287364959717,1716.4806005400023
10270.0,7.666479587554932,2.024857521057129,1716.5850462600065
10271.0,54.530799865722656,7.791047096252441,1716.6993986529997
10272.0,20.158052444458008,3.5567920207977295,1716.825611938999
10273.0,29.226791381835938,4.890661239624023,1716.9378088850062
10274.0,61.09977722167969,7.487771987915039,1717.0604435080022
10275.0,6.246391773223877,1.7190682888031006,1717.178022344
10276.0,26.172136306762695,4.2796430587768555,1717.303070584996
10277.0,8.809157371520996,2.4318315982818604,1717.4229206839955
10278.0,58.7972412109375,6.612860679626465,1717.546144056003
10279.0,14.609468460083008,2.9983131885528564,1717.6496941840014
10280.0,9.60091781616211,1.9516136646270752,1717.7782782629947
10281.0,34.256927490234375,5.4505085945129395,1717.9503444169968
10282.0,7.560458183288574,1.712299108505249,1718.064441088005
10283.0,28.24163818359375,4.574817180633545,1718.1935696209985
10284.0,7.512101173400879,1.784246563911438,1718.3035516859964
10285.0,9.375825881958008,1.7223010063171387,1718.424009565002
10286.0,22.609479904174805,4.645504951477051,1718.5383354969963
10287.0,14.149351119995117,2.6228785514831543,1718.649304784005
10288.0,6.269927978515625,1.7080872058868408,1718.7546421830048
10289.0,23.58213996887207,3.7365028858184814,1718.8749197449943
10290.0,12.406131744384766,2.430455446243286,1719.0072699239972
10291.0,32.47864532470703,4.6493144035339355,1719.1255930570042
10292.0,5.334104061126709,1.432151198387146,1719.2736244230036
10293.0,46.42381286621094,9.105528831481934,1719.387800853001
10294.0,5.173475742340088,1.2337536811828613,1719.4978055149986
10295.0,6.622406959533691,1.5999929904937744,1719.6089677090058
10296.0,82.64522552490234,9.18935489654541,1719.722357784005
10297.0,12.280950546264648,2.895021677017212,1719.8603881949966
10298.0,29.815120697021484,3.9468376636505127,1719.988679246002
10299.0,13.142436981201172,2.839205265045166,1720.1144769230013
10300.0,25.41155242919922,4.437647819519043,1720.2280709449988
10301.0,9.082351684570312,2.2914023399353027,1725.2100750300015
10302.0,19.34432601928711,3.5671932697296143,1725.3545026280044
10303.0,5.916614532470703,1.6287490129470825,1725.515443530996
10304.0,23.424522399902344,3.8099846839904785,1725.6683224309963
10305.0,4.2085795402526855,1.0940645933151245,1725.8381779659976
10306.0,27.941967010498047,5.112921714782715,1725.9525344360009
10307.0,15.180137634277344,3.381620407104492,1726.0641887889942
10308.0,65.43989562988281,8.049814224243164,1726.1965721629967
10309.0,9.41399097442627,2.1823654174804688,1726.3648713519942
10310.0,44.22456741333008,8.90219783782959,1726.4828327860014
10311.0,20.17820167541504,3.795442581176758,1726.6005282270053
10312.0,53.639991760253906,4.370643138885498,1726.7140888120048
10313.0,11.540488243103027,2.4063732624053955,1726.8459812329966
10314.0,21.82956314086914,3.389028310775757,1726.9776696939953
10315.0,8.507837295532227,2.253028631210327,1727.1006468760024
10316.0,6.218380928039551,1.5229398012161255,1727.268929273996
10317.0,22.46012306213379,3.1625256538391113,1727.3847932890058
10318.0,7.322287559509277,2.1358022689819336,1727.4969389390026
10319.0,14.075027465820312,2.682157278060913,1727.607465994006
10320.0,29.855037689208984,4.449160099029541,1727.7132324080012
10321.0,93.31658935546875,9.55160140991211,1727.8220189629938
10322.0,16.47964096069336,3.7500998973846436,1727.9317027340003
10323.0,14.838279724121094,2.9568932056427,1728.047347729007
10324.0,11.634626388549805,2.992708444595337,1728.1611207759997
10325.0,39.05118942260742,5.348078727722168,1728.2854775479937
10326.0,37.51211929321289,6.584071159362793,1728.3986363389995
10327.0,11.060334205627441,2.893397092819214,1728.515494516003
10328.0,6.189257621765137,1.5294510126113892,1728.6281661520043
10329.0,30.610363006591797,4.849033355712891,1728.7444828150037
10330.0,19.916400909423828,3.7715492248535156,1728.8589244519972
10331.0,89.6026840209961,10.593904495239258,1728.969437370004
10332.0,5.538930892944336,1.4400365352630615,1729.0991966650035
10333.0,8.394956588745117,2.2430360317230225,1729.2183864079998
10334.0,18.817092895507812,3.5556561946868896,1729.3296334610059
10335.0,43.04990005493164,5.589685440063477,1729.4417186820065
10336.0,53.613487243652344,6.172667980194092,1729.5752692030073
10337.0,18.55198097229004,3.4186205863952637,1729.7056738249958
10338.0,64.75525665283203,7.918685436248779,1729.8182985260064
10339.0,5.428003311157227,1.3906044960021973,1729.927166694004
10340.0,5.000540733337402,1.427656650543213,1730.042206950995
10341.0,25.243797302246094,4.210997581481934,1730.1797642059973
10342.0,40.32920455932617,5.105144023895264,1730.2980553929956
10343.0,16.71340560913086,2.9755728244781494,1730.4107427039999
10344.0,16.680034637451172,3.914517402648926,1730.5225253429962
10345.0,6.230815887451172,1.6309351921081543,1730.6331191899953
10346.0,33.11525344848633,4.123985290527344,1730.7507151669997
10347.0,12.645828247070312,2.711913824081421,1730.8652801459975
10348.0,9.057293891906738,2.0542919635772705,1730.9756726189953
10349.0,21.870025634765625,4.023066520690918,1731.0825912550063
10350.0,14.99432373046875,2.956902265548706,1731.2017007959948
10351.0,16.891199111938477,3.1669442653656006,1731.3190349590004
10352.0,14.514249801635742,3.510183095932007,1731.432742089004
10353.0,20.658674240112305,3.8266115188598633,1731.5656959210028
10354.0,18.394208908081055,4.204061508178711,1731.6917193560075
10355.0,12.14887809753418,2.467510223388672,1731.816596509001
10356.0,11.658798217773438,2.257882833480835,1731.927807893997
10357.0,52.554534912109375,6.008925437927246,1732.0417303590075
10358.0,4.069566249847412,1.0227454900741577,1732.1657290519943
10359.0,7.660945892333984,1.9986592531204224,1732.2725451690058
10360.0,2.7997372150421143,0.7495113611221313,1732.393311353997
10361.0,4.560708999633789,1.125565767288208,1732.5100475479994
10362.0,21.700366973876953,2.860659599304199,1732.621991205
10363.0,39.43699645996094,4.742658615112305,1732.7605584050034
10364.0,134.92742919921875,14.105841636657715,1732.8786867949966
10365.0,10.305633544921875,2.05891489982605,1733.0095055040001
10366.0,7.878229141235352,2.5078251361846924,1733.1507886379986
10367.0,17.749019622802734,3.5428688526153564,1733.2888558139966
10368.0,4.887799263000488,1.2794345617294312,1733.4155562619999
10369.0,11.134767532348633,2.8199448585510254,1733.5230857160059
10370.0,23.980804443359375,3.6532657146453857,1733.632344009995
10371.0,4.1120524406433105,1.095458745956421,1733.7362077029975
10372.0,24.045886993408203,4.231050491333008,1733.841409790999
10373.0,14.437776565551758,2.4018216133117676,1733.960286927002
10374.0,9.473896026611328,2.67000675201416,1734.0945988299936
10375.0,72.937255859375,13.362451553344727,1734.2143385679956
10376.0,11.501791000366211,2.518106698989868,1734.326421153004
10377.0,13.889148712158203,2.885171413421631,1734.4407286869973
10378.0,21.41751480102539,2.3770177364349365,1734.5582813149958
10379.0,9.928546905517578,2.770488739013672,1734.6720653429948
10380.0,17.128528594970703,3.109774351119995,1734.7945592600008
10381.0,19.273420333862305,3.412350654602051,1734.9148772189947
10382.0,17.57171630859375,3.4009077548980713,1735.0364183829952
10383.0,7.4750075340271,1.5555713176727295,1735.1595258409943
10384.0,19.45357894897461,3.018117904663086,1735.279495484996
10385.0,5.678584098815918,1.5039193630218506,1735.4084689199954
10386.0,3.893005609512329,1.0355958938598633,1735.530165981996
10387.0,15.134111404418945,2.7401623725891113,1735.6500784439995
10388.0,9.742250442504883,1.8479632139205933,1735.7556555100018
10389.0,7.078796863555908,1.732216477394104,1735.8712461240066
10390.0,18.2392520904541,3.5390772819519043,1736.0077479220054
10391.0,5.302868366241455,1.3267912864685059,1736.1251200599945
10392.0,16.192699432373047,3.1751768589019775,1736.2728776110016
10393.0,7.072174072265625,2.0899524688720703,1736.4107782079955
10394.0,15.37004280090332,2.8778159618377686,1736.548066079995
10395.0,12.445326805114746,2.5904152393341064,1736.6745184080064
10396.0,26.49130630493164,4.472794532775879,1736.7822038890008
10397.0,8.189400672912598,2.001793384552002,1736.8920878339995
10398.0,7.055210113525391,1.6211472749710083,1737.0184615619946
10399.0,13.493534088134766,3.025397777557373,1737.1367175979976
10400.0,35.55192947387695,5.208492279052734,1737.2797822199936
10401.0,8.343732833862305,1.9049583673477173,1741.823846970001
10402.0,135.25509643554688,14.112380027770996,1741.9335870899959
10403.0,8.285873413085938,2.1657936573028564,1742.0627790660074
10404.0,30.226776123046875,6.116018772125244,1742.2641531400004
10405.0,23.934345245361328,4.437812328338623,1742.4029071090044
10406.0,7.189289093017578,1.735328197479248,1742.513506838004
10407.0,8.457630157470703,1.99711012840271,1742.6551128249994
10408.0,5.9633469581604,1.421570897102356,1742.7747935210064
10409.0,13.356186866760254,2.6367886066436768,1742.8876135659957
10410.0,15.83718490600586,3.0898311138153076,1743.0304977589985
10411.0,14.276276588439941,2.7801356315612793,1743.1762468249945
10412.0,13.250757217407227,3.023610830307007,1743.3222237779992
10413.0,7.682950973510742,1.7489159107208252,1743.4611191980075
10414.0,127.26773834228516,19.337751388549805,1743.588364545998
10415.0,6.81772518157959,1.691129446029663,1743.729701068005
10416.0,5.565382480621338,1.6021004915237427,1743.8518528550048
10417.0,12.93444538116455,2.842576026916504,1743.976925185998
10418.0,9.852725982666016,2.3992795944213867,1744.0804078630026
10419.0,15.77575969696045,2.8104910850524902,1744.193707790997
10420.0,11.102747917175293,2.855597972869873,1744.312713310006
10421.0,11.908888816833496,2.2523372173309326,1744.4287004770013
10422.0,11.689659118652344,2.65362811088562,1744.5392694269976
10423.0,21.29569435119629,3.6654064655303955,1744.6450743049936
10424.0,12.890286445617676,2.6770987510681152,1744.7648042869987
10425.0,31.795841217041016,4.583010673522949,1744.9005389710073
10426.0,6.0645060539245605,1.3145416975021362,1745.0340430600045
10427.0,23.60638427734375,3.997507333755493,1745.169916009996
10428.0,24.93686294555664,3.908318042755127,1745.2843257689965
10429.0,5.486915111541748,1.3633854389190674,1745.4007141900074
10430.0,14.433361053466797,2.734341859817505,1745.5054216940043
10431.0,72.32029724121094,7.527952671051025,1745.616175135001
10432.0,33.05580139160156,4.830647945404053,1745.7560876479984
10433.0,10.336234092712402,2.1902647018432617,1745.896439914999
10434.0,5.97871208190918,1.394787073135376,1746.0268781280029
10435.0,15.309322357177734,2.8024849891662598,1746.130752418001
10436.0,7.596166610717773,2.2454264163970947,1746.2729980669974
10437.0,11.573833465576172,2.5798041820526123,1746.3874885480036
10438.0,8.062673568725586,2.2036025524139404,1746.5051644250052
10439.0,26.851558685302734,4.354666709899902,1746.6133291690057
10440.0,15.639045715332031,3.7159783840179443,1746.727253724006
10441.0,13.35155200958252,2.5429739952087402,1746.881856715001
10442.0,26.728225708007812,4.177798748016357,1747.055965424006
10443.0,6.286205768585205,1.4019793272018433,1747.1809787009988
10444.0,44.85173797607422,5.850274562835693,1747.668557240002
10445.0,13.394493103027344,3.298382520675659,1748.419721636994
10446.0,5.182338237762451,1.219467282295227,1749.1551234590006
10447.0,15.232439994812012,3.9697463512420654,1749.9491062909947
10448.0,7.3100080490112305,1.963269591331482,1750.4299225120049
10449.0,7.541671276092529,1.8887754678726196,1750.5542970620008
10450.0,8.062881469726562,1.8287510871887207,1750.6586590210063
10451.0,17.28720474243164,2.881906270980835,1750.773551759994
10452.0,21.155092239379883,3.759244918823242,1750.8895137170039
10453.0,18.898324966430664,3.075161933898926,1751.0092199240025
10454.0,93.53451538085938,9.079028129577637,1751.1223284440057
10455.0,16.81035804748535,3.163942575454712,1751.226581844996
10456.0,9.167917251586914,2.2856335639953613,1751.339802868999
10457.0,16.148326873779297,3.299374580383301,1751.4572743669996
10458.0,10.323083877563477,2.7144529819488525,1751.596543053005
10459.0,45.16026306152344,6.211291790008545,1751.7111972499988
10460.0,7.566446304321289,1.5357232093811035,1751.8201257010078
10461.0,27.91073989868164,4.252558708190918,1751.9259543679946
10462.0,12.825650215148926,2.2268714904785156,1752.0429699369997
10463.0,5.855423450469971,1.525424599647522,1752.1504359789978
10464.0,4.734097480773926,1.2530184984207153,1752.2801780430018
10465.0,5.725486755371094,1.3947182893753052,1752.4311519220064
10466.0,4.886348724365234,1.4456976652145386,1752.5556002550002
10467.0,13.97202205657959,3.0237302780151367,1752.6919797550072
10468.0,5.96414852142334,1.7601020336151123,1752.8127972350048
10469.0,3.9556167125701904,1.0538398027420044,1752.9310169700038
10470.0,17.142723083496094,3.43034029006958,1753.046487325002
10471.0,36.582618713378906,4.973493576049805,1753.160729908006
10472.0,40.46205139160156,4.311623573303223,1753.2651697730034
10473.0,17.534677505493164,4.18455171585083,1753.3836331710045
10474.0,13.438196182250977,2.809011459350586,1753.4985095470038
10475.0,13.608282089233398,3.2147164344787598,1753.6115715049964
10476.0,15.029754638671875,3.118942975997925,1753.7259933059977
10477.0,33.24298095703125,5.033181190490723,1753.8388550389936
10478.0,7.104770660400391,1.642297625541687,1753.9451408890018
10479.0,12.928789138793945,3.3788414001464844,1754.095969211994
10480.0,27.94948387145996,4.046878814697266,1754.200043941004
10481.0,72.85443115234375,12.727154731750488,1754.3440993959957
10482.0,31.07088851928711,5.276106834411621,1754.4866988129943
10483.0,26.53227996826172,4.603208541870117,1754.5997819479962
10484.0,14.869455337524414,2.509730577468872,1754.740580098005
10485.0,8.760459899902344,2.034327507019043,1754.8619852039992
10486.0,17.655391693115234,3.39479398727417,1754.9776289449946
10487.0,11.80194091796875,2.5302698612213135,1755.0886008600064
10488.0,9.69115924835205,2.7825233936309814,1755.2017929970025
10489.0,6.748643398284912,1.7009847164154053,1755.3408777480072
10490.0,9.987967491149902,2.316272258758545,1755.4549265980022
10491.0,54.81237030029297,6.882962226867676,1755.5618451379996
10492.0,13.896554946899414,2.6836636066436768,1755.674077335003
10493.0,20.451370239257812,3.9912936687469482,1755.7909185919998
10494.0,5.988342761993408,1.5841917991638184,1755.8977938989992
10495.0,14.078498840332031,3.1980111598968506,1756.0065204779967
10496.0,21.17133331298828,3.9291491508483887,1756.1377675620024
10497.0,13.504104614257812,2.754147529602051,1756.2487820639944
10498.0,18.65478515625,2.774237632751465,1756.3580621220026
10499.0,19.064800262451172,3.875208854675293,1756.467544137995
10500.0,7.036032676696777,2.034156084060669,1756.597021655005
10501.0,57.77997970581055,9.042352676391602,1760.9630171860044
10502.0,12.158876419067383,3.4049057960510254,1761.1108172950044
10503.0,28.693222045898438,6.505887508392334,1761.234406831005
10504.0,4.510695457458496,1.0745750665664673,1761.3677507539978
10505.0,39.28025817871094,5.488183975219727,1761.5011315760057
10506.0,8.3900146484375,2.2173662185668945,1761.626186264999
10507.0,13.138498306274414,2.894331455230713,1761.7372888280079
10508.0,12.019525527954102,2.57163405418396,1761.8660227810033
10509.0,13.196834564208984,2.835996150970459,1761.984793206997
10510.0,5.751730442047119,1.6277153491973877,1762.0916316649964
10511.0,14.06789493560791,2.575106143951416,1762.2259926080005
10512.0,100.17729187011719,9.13168716430664,1762.3471036669944
10513.0,15.827387809753418,3.2534432411193848,1762.462804595998
10514.0,16.494094848632812,3.1273281574249268,1762.572831972997
10515.0,4.823719024658203,1.1965481042861938,1762.6977033730072
10516.0,5.000237941741943,1.1727681159973145,1762.8174579879997
10517.0,24.410709381103516,3.9395766258239746,1762.9344773420016
10518.0,5.105696201324463,1.3131005764007568,1763.064654789996
10519.0,8.48318862915039,1.7786751985549927,1763.1854742379946
10520.0,55.97172546386719,7.331109046936035,1763.2997574809997
10521.0,8.008849143981934,2.2663636207580566,1763.4083563739987
10522.0,6.149928092956543,1.400134801864624,1763.5222692499956
10523.0,30.73679542541504,5.104388236999512,1763.6322987309977
10524.0,5.485543251037598,1.4533288478851318,1763.7518784029962
10525.0,37.117069244384766,5.422394275665283,1763.8681490970048
10526.0,9.480409622192383,2.1330368518829346,1763.9840745940019
10527.0,8.278898239135742,2.387507915496826,1764.098790182994
10528.0,24.596290588378906,4.543103218078613,1764.2164903499943
10529.0,22.703731536865234,4.185628890991211,1764.3332235849957
10530.0,4.954410076141357,1.2032074928283691,1764.4477421250049
10531.0,27.436473846435547,3.966434955596924,1764.5622315920045
10532.0,5.162018299102783,1.3096715211868286,1764.6745208339998
10533.0,9.764286041259766,2.288558006286621,1764.7952820649953
10534.0,62.87067794799805,7.870294570922852,1764.9535368149955
10535.0,54.23131561279297,8.099555015563965,1765.0658038539987
10536.0,4.015450954437256,0.9342570304870605,1765.175803161008
10537.0,17.019411087036133,3.092538595199585,1765.2954459190078
10538.0,21.43564224243164,3.5939900875091553,1765.4096838060068
10539.0,17.864276885986328,3.141449451446533,1765.5257227929978
10540.0,27.356952667236328,4.512478828430176,1765.633729965004
10541.0,29.186260223388672,4.438650131225586,1765.7537191199954
10542.0,13.150341033935547,2.301100015640259,1765.863249988004
10543.0,9.329626083374023,1.9670348167419434,1765.983525179996
10544.0,5.601602077484131,1.5169159173965454,1766.1226827930077
10545.0,19.57125473022461,3.9319379329681396,1766.2443488610006
10546.0,51.09707260131836,6.469842910766602,1766.354067770997
10547.0,44.431922912597656,6.560824871063232,1766.4719418089953
10548.0,3.9777748584747314,0.9963891506195068,1766.5879965269996
10549.0,17.436725616455078,3.792860269546509,1766.7099975320016
10550.0,6.220416069030762,1.3475756645202637,1766.8554142219946
10551.0,9.054571151733398,2.482203960418701,1766.964957682998
10552.0,19.842273712158203,3.510993480682373,1767.0772889159998
10553.0,5.316572189331055,1.3199502229690552,1767.1907453839958
10554.0,26.29667091369629,4.3230814933776855,1767.3059623669978
10555.0,22.833194732666016,3.5931437015533447,1767.444677514999
10556.0,10.89638900756836,2.2520899772644043,1767.5576256399945
10557.0,13.378097534179688,2.589280605316162,1767.667868221004
10558.0,31.57183837890625,4.783967971801758,1767.7782786979951
10559.0,18.870391845703125,3.537109136581421,1767.8939196120045
10560.0,19.652759552001953,3.9024624824523926,1768.0194537259958
10561.0,26.086624145507812,3.2894232273101807,1768.1258594980027
10562.0,17.045806884765625,3.184528350830078,1768.2390577339975
10563.0,30.692785263061523,7.152682304382324,1768.344204396999
10564.0,14.433998107910156,3.958029270172119,1768.448417684005
10565.0,6.868223667144775,1.8123078346252441,1768.5554694159946
10566.0,28.024372100830078,4.3499250411987305,1768.6620802700054
10567.0,29.45496940612793,4.480427265167236,1768.765756918001
10568.0,13.566915512084961,2.7060842514038086,1768.8709140900028
10569.0,14.435523986816406,3.252734661102295,1768.9804609669955
10570.0,5.236013412475586,1.3917009830474854,1769.0884384160017
10571.0,13.068266868591309,3.0337109565734863,1769.2041349759966
10572.0,6.765558242797852,1.6950212717056274,1769.3301701809978
10573.0,11.622726440429688,3.235295534133911,1769.4595135150012
10574.0,20.405864715576172,3.720888376235962,1769.5804374400032
10575.0,9.770503997802734,2.1111133098602295,1769.703319577995
10576.0,14.07569408416748,3.099889039993286,1769.8225372260058
10577.0,5.944884300231934,1.6193039417266846,1769.9427730339958
10578.0,26.27344512939453,4.269602298736572,1770.0645721860055
10579.0,8.259407997131348,1.8268952369689941,1770.1827237649995
10580.0,45.19956970214844,6.4872541427612305,1770.3028365049977
10581.0,28.011981964111328,3.8317742347717285,1770.4149943480006
10582.0,21.343231201171875,3.5796005725860596,1770.5273141100042
10583.0,10.681007385253906,2.974287748336792,1770.6451423639955
10584.0,9.655014038085938,2.6593809127807617,1770.757175153005
10585.0,21.59317398071289,3.5924277305603027,1770.8659134540067
10586.0,27.015316009521484,4.662118911743164,1770.9795248790033
10587.0,15.452460289001465,2.7541234493255615,1771.0970793559973
10588.0,31.807546615600586,4.884127140045166,1771.217134462
10589.0,4.288212776184082,1.1786729097366333,1771.3291853660048
10590.0,6.3426055908203125,1.5681346654891968,1771.438343640999
10591.0,15.119239807128906,3.1998767852783203,1771.5563737670018
10592.0,41.35996627807617,4.732858657836914,1771.6660566960054
10593.0,11.405082702636719,2.7807700634002686,1771.777530945008
10594.0,5.257843494415283,1.4125984907150269,1771.8962116990006
10595.0,10.879378318786621,2.683446168899536,1772.0183131230006
10596.0,15.931863784790039,2.9829745292663574,1772.1510778640077
10597.0,19.966093063354492,3.904484748840332,1772.2698368260026
10598.0,6.955893516540527,1.8463001251220703,1772.3835683539946
10599.0,5.074863433837891,1.3218088150024414,1772.5162073899992
10600.0,45.34330749511719,7.144149303436279,1772.6244679240044
10601.0,17.79204559326172,2.400134563446045,1776.7701099950064
10602.0,46.07588577270508,5.97106409072876,1776.8966899980005
10603.0,23.055383682250977,4.137563228607178,1777.0197272530058
10604.0,18.845394134521484,3.933863639831543,1777.1435614469956
10605.0,11.192667961120605,2.8582394123077393,1777.285430353004
10606.0,16.990341186523438,3.068786859512329,1777.4067094969942
10607.0,17.751617431640625,3.836412191390991,1777.5322120380006
10608.0,10.814163208007812,2.229703664779663,1777.6551164870034
10609.0,8.511931419372559,1.94140625,1777.784489697995
10610.0,20.894485473632812,3.5447182655334473,1777.9230661509937
10611.0,21.89802360534668,4.325793743133545,1778.0520339380018
10612.0,35.188167572021484,5.9999470710754395,1778.1853329519945
10613.0,19.360801696777344,3.9350714683532715,1778.3722364840069
10614.0,11.014043807983398,2.5127553939819336,1778.5303057940037
10615.0,18.788875579833984,3.6134870052337646,1778.6954587810033
10616.0,7.214189052581787,1.4912710189819336,1778.8238340020034
10617.0,9.870580673217773,2.73203182220459,1778.9764121720073
10618.0,3.227175712585449,0.7567001581192017,1779.127865144008
10619.0,9.098451614379883,2.270733118057251,1779.3143208700058
10620.0,9.773204803466797,2.5708909034729004,1779.4244613549963
10621.0,36.916831970214844,5.828133583068848,1779.5809455260023
10622.0,19.34601593017578,3.4481801986694336,1779.715016784001
10623.0,19.28766632080078,3.7720751762390137,1779.8890766810073
10624.0,36.2913932800293,4.859787464141846,1780.057197866001
10625.0,29.88147735595703,4.559840202331543,1780.2127795340057
10626.0,46.641082763671875,6.200723648071289,1780.3845756170049
10627.0,43.532142639160156,8.903461456298828,1780.5129303540016
10628.0,25.792133331298828,4.230569362640381,1780.6769691910013
10629.0,10.962319374084473,2.983865976333618,1780.8335327690002
10630.0,8.537128448486328,2.2986836433410645,1780.9586390860059
10631.0,5.9715471267700195,1.3800084590911865,1781.1283333559986
10632.0,22.94256591796875,4.230855464935303,1781.2905802150053
10633.0,6.5369439125061035,1.637610673904419,1781.4092280339974
10634.0,9.993825912475586,1.9661498069763184,1781.531836070004
10635.0,38.9519157409668,4.941223621368408,1781.669446533997
10636.0,7.798472881317139,2.023115634918213,1781.8168497050065
10637.0,32.820777893066406,5.263794898986816,1781.960030332004
10638.0,11.451425552368164,2.3229143619537354,1782.1059413339972
10639.0,14.397514343261719,3.27010178565979,1782.2578554770007
10640.0,13.621734619140625,2.590050458908081,1782.4031750480062
10641.0,4.7509965896606445,1.111889123916626,1782.5280167979945
10642.0,5.017427444458008,1.3718156814575195,1782.6466075360077
10643.0,14.730209350585938,3.197922468185425,1782.8105799559999
10644.0,41.86272430419922,5.518205165863037,1782.9830517630035
10645.0,8.376036643981934,2.4540624618530273,1783.1490425619995
10646.0,13.908807754516602,2.622260093688965,1783.2802672510006
10647.0,27.917442321777344,4.114301681518555,1783.433279417004
10648.0,24.724407196044922,3.9207210540771484,1783.5571930959995
10649.0,12.328968048095703,2.5350377559661865,1783.6986188849987
10650.0,13.705841064453125,2.397071361541748,1783.9207188790024
10651.0,43.453697204589844,5.394852161407471,1784.0804741169995
10652.0,23.552043914794922,4.254361629486084,1784.2077480360022
10653.0,19.257694244384766,3.5269241333007812,1784.3507389150036
10654.0,45.90991973876953,6.9640679359436035,1784.4856389689958
10655.0,8.8506498336792,2.405526876449585,1784.6235210779996
10656.0,5.89940881729126,1.657225489616394,1784.7515988399973
10657.0,94.3042221069336,10.0625581741333,1784.897673984
10658.0,15.238896369934082,3.576145648956299,1785.1552137840044
10659.0,13.802396774291992,2.1683218479156494,1785.317386323004
10660.0,13.61521053314209,2.8388137817382812,1785.4703311990015
10661.0,20.88983917236328,3.091444969177246,1785.6234731099976
10662.0,6.435837745666504,1.5124456882476807,1785.7684275689971
10663.0,5.139989376068115,1.3511072397232056,1785.9123065479944
10664.0,21.535816192626953,3.197131872177124,1786.0510045669944
10665.0,13.486218452453613,2.9775290489196777,1786.1851397169958
10666.0,15.078369140625,3.7783453464508057,1786.316313161995
10667.0,24.644702911376953,4.99421501159668,1786.4771713399969
10668.0,5.885865211486816,1.4339814186096191,1786.617808962008
10669.0,9.961997985839844,2.171198844909668,1786.7715128970012
10670.0,7.651782035827637,1.6912307739257812,1786.9331397049973
10671.0,7.88300895690918,1.755597710609436,1787.1091766299942
10672.0,36.29986572265625,4.030566692352295,1787.276322960999
10673.0,15.631385803222656,3.366802930831909,1787.4213901320036
10674.0,14.11605453491211,2.8997740745544434,1787.555711139008
10675.0,3.2734639644622803,1.0206005573272705,1787.7048572040076
10676.0,45.22188949584961,5.661525249481201,1787.844482446002
10677.0,5.8180952072143555,1.4860374927520752,1788.0173842530057
10678.0,14.780058860778809,3.2301371097564697,1788.189707662008
10679.0,36.14945983886719,5.087447643280029,1788.3385223210062
10680.0,39.7041015625,5.921073913574219,1788.4819396480016
10681.0,110.45685577392578,11.591731071472168,1788.6326028430049
10682.0,10.515684127807617,2.550795078277588,1788.7812221519998
10683.0,42.104862213134766,5.17642068862915,1788.9145883349993
10684.0,19.562541961669922,3.4633665084838867,1789.0484018429997
10685.0,29.366714477539062,4.664559364318848,1789.1800809499982
10686.0,21.672657012939453,3.2289116382598877,1789.3483120989986
10687.0,23.255714416503906,4.318190574645996,1789.486489670002
10688.0,25.382999420166016,4.399256229400635,1789.6227116219961
10689.0,27.109683990478516,4.303438663482666,1789.7759568600013
10690.0,13.975847244262695,2.9457497596740723,1789.9440927800024
10691.0,13.302343368530273,3.183194160461426,1790.0990784370078
10692.0,5.455004692077637,1.545918345451355,1790.2221363860008
10693.0,7.978816986083984,1.8316676616668701,1790.392560983004
10694.0,5.973850250244141,1.7944998741149902,1790.5401523229957
10695.0,12.004438400268555,2.497861862182617,1790.720603958005
10696.0,9.05889892578125,1.8330743312835693,1790.851505854007
10697.0,10.475273132324219,2.339378833770752,1791.0003362900025
10698.0,6.847136974334717,1.646813154220581,1791.2149370900006
10699.0,4.941230773925781,1.1773788928985596,1791.407255993996
10700.0,15.876561164855957,3.00805926322937,1791.6708172859944
10701.0,14.029824256896973,2.5926036834716797,1797.937613424001
10702.0,10.852507591247559,2.20058012008667,1798.0805286499963
10703.0,7.620423316955566,1.4842417240142822,1798.221460664994
10704.0,36.19210433959961,5.767320156097412,1798.33737044
10705.0,6.14557409286499,1.4913055896759033,1798.4488413890067
10706.0,5.619820594787598,1.3221355676651,1798.5765766569966
10707.0,9.362007141113281,1.5588412284851074,1798.697022694003
10708.0,6.1285810470581055,1.5625067949295044,1798.8818229580065
10709.0,18.08309555053711,3.7808680534362793,1799.0916755399958
10710.0,17.88721466064453,3.567077398300171,1799.2536384569976
10711.0,23.99920082092285,4.214953422546387,1799.395647657002
10712.0,5.045156002044678,1.2823320627212524,1799.5254412229988
10713.0,22.29621696472168,3.5369150638580322,1799.6878850369976
10714.0,15.202798843383789,2.4834840297698975,1799.8300922210037
10715.0,9.77298355102539,2.7086172103881836,1799.9659245549992
10716.0,14.41646957397461,2.4286997318267822,1800.1166176989937
10717.0,36.06721496582031,5.495418548583984,1800.3050956410007
10718.0,21.690969467163086,5.70886754989624,1800.5509879799938
10719.0,5.4970927238464355,1.7375376224517822,1800.7430345989997
10720.0,8.410125732421875,1.9533571004867554,1800.8653335950075
10721.0,8.631460189819336,2.251797914505005,1801.0230610760045
10722.0,10.00329875946045,2.160356044769287,1801.1856458830007
10723.0,13.209892272949219,2.5689520835876465,1801.350520278007
10724.0,7.533124923706055,2.0360167026519775,1801.4652521009994
10725.0,6.1955718994140625,1.6617625951766968,1801.5868570330058
10726.0,4.339617729187012,1.067238688468933,1801.7518097300053
10727.0,5.5753889083862305,1.608883261680603,1801.931965042997
10728.0,8.299388885498047,1.8928512334823608,1802.0840768589987
10729.0,12.644391059875488,2.6713106632232666,1802.226963989
10730.0,32.64057159423828,4.686567306518555,1802.3720754120004
10731.0,6.162294864654541,1.3937857151031494,1802.5404134879936
10732.0,13.684355735778809,2.6032004356384277,1802.7014732069947
10733.0,17.24694061279297,3.751175880432129,1802.8426269839983
10734.0,36.74568557739258,5.684720993041992,1802.9794233139983
10735.0,17.003376007080078,2.890493869781494,1803.1142721130018
10736.0,6.878190994262695,1.98570716381073,1803.271846579999
10737.0,11.496908187866211,2.635521650314331,1803.444335606997
10738.0,12.86917495727539,2.84303617477417,1803.5866289520054
10739.0,5.74302864074707,1.3512479066848755,1803.7066409219988
10740.0,5.346127033233643,1.324415922164917,1803.8792863340059
10741.0,10.476663589477539,2.2451467514038086,1804.0459996610007
10742.0,6.373310565948486,1.579225778579712,1804.178378712997
10743.0,8.584726333618164,1.8602062463760376,1804.294511443004
10744.0,9.771142959594727,2.304842948913574,1804.4275669089984
10745.0,16.882110595703125,3.876161813735962,1804.5758560709946
10746.0,19.503387451171875,3.7906925678253174,1804.7078129349975
10747.0,6.5615034103393555,1.52734375,1804.8479703129997
10748.0,4.036309242248535,1.1148738861083984,1804.983983936996
10749.0,67.44914245605469,7.509256362915039,1805.1464970050001
10750.0,8.751605987548828,2.1487746238708496,1805.297679012001
10751.0,14.887879371643066,3.442295551300049,1805.4620568259998
10752.0,38.37444305419922,4.4629807472229,1805.6227430029976
10753.0,6.555509567260742,1.527992844581604,1805.7940547110047
10754.0,8.04096508026123,1.7442868947982788,1805.9385240480042
10755.0,17.994800567626953,3.5706064701080322,1806.095787555998
10756.0,17.24556541442871,3.0831685066223145,1806.2294825309946
10757.0,18.329164505004883,3.1207773685455322,1806.369176688997
10758.0,25.369476318359375,4.159690856933594,1806.5212426920043
10759.0,13.462095260620117,3.0345733165740967,1806.6687617770076
10760.0,10.745440483093262,2.222787380218506,1806.8206831040006
10761.0,13.84933853149414,2.5875463485717773,1806.9433760899992
10762.0,26.0671443939209,4.406865119934082,1807.0682348980044
10763.0,36.044837951660156,4.7024126052856445,1807.2277135180047
10764.0,4.920835971832275,1.2617578506469727,1807.371798305001
10765.0,16.073440551757812,2.9492146968841553,1807.5271820670023
10766.0,26.700641632080078,3.9258534908294678,1807.6896153279959
10767.0,5.254103183746338,1.2605655193328857,1807.854375312003
10768.0,4.852573394775391,1.0263113975524902,1808.144903648994
10769.0,12.726186752319336,2.4770143032073975,1808.2896339629951
10770.0,5.7116570472717285,1.5431984663009644,1808.4350730089936
10771.0,31.526586532592773,5.341790676116943,1808.5751956199965
10772.0,10.559427261352539,2.543931007385254,1808.7518690239958
10773.0,39.21953201293945,5.740924835205078,1808.9262608540012
10774.0,21.188919067382812,3.7418053150177,1809.064220165994
10775.0,3.7635574340820312,0.9576930403709412,1809.2310804419976
10776.0,17.788124084472656,3.350831985473633,1809.363534892007
10777.0,6.722604274749756,1.6858338117599487,1809.506331038996
10778.0,14.565502166748047,2.7339093685150146,1809.6352308119967
10779.0,21.04845428466797,5.296090602874756,1809.7688601389964
10780.0,44.22759246826172,6.33751916885376,1809.8966045419947
10781.0,24.412891387939453,4.33753776550293,1810.034474400003
10782.0,4.102024555206299,1.0234062671661377,1810.1949070130067
10783.0,5.064100742340088,1.2476019859313965,1810.331602079008
10784.0,5.02155876159668,1.2160784006118774,1810.4536367120018
10785.0,7.1926774978637695,1.953702449798584,1810.6048563609947
10786.0,12.055145263671875,2.709404706954956,1810.7415376349963
10787.0,83.93194580078125,14.310115814208984,1810.9435903080011
10788.0,15.951850891113281,2.54233455657959,1811.1760062130052
10789.0,60.83830261230469,11.244416236877441,1811.293063642006
10790.0,25.52065658569336,3.875703811645508,1811.4131250640057
10791.0,6.44232177734375,1.7426341772079468,1811.5332586720033
10792.0,5.735326290130615,1.6737456321716309,1811.715203382002
10793.0,34.52912902832031,4.9840497970581055,1811.8956821460015
10794.0,103.05418395996094,10.84168529510498,1812.028171768994
10795.0,21.75571060180664,3.635855197906494,1812.1770381899987
10796.0,9.199268341064453,2.0079681873321533,1812.3147434959974
10797.0,11.909989356994629,2.8988709449768066,1812.466483295997
10798.0,11.328259468078613,2.0716798305511475,1812.609409127006
10799.0,7.636236190795898,1.7008938789367676,1812.745720537001
10800.0,22.231956481933594,3.7940361499786377,1812.8712972130015
10801.0,6.443655014038086,1.7402724027633667,1818.8893549119966
10802.0,13.88383960723877,2.8567495346069336,1819.0256484349957
10803.0,34.9876594543457,5.780546188354492,1819.2146993019996
10804.0,9.725769996643066,2.1027591228485107,1819.482661896007
10805.0,15.433659553527832,2.7398810386657715,1819.6834575770044
10806.0,6.170720100402832,1.4472702741622925,1819.8195320999948
10807.0,24.677812576293945,3.9591946601867676,1819.9749744660076
10808.0,11.595100402832031,2.6535589694976807,1820.1060074130073
10809.0,3.869415521621704,0.9920780658721924,1820.2343619830062
10810.0,6.012545585632324,1.7211803197860718,1820.398515519002
10811.0,11.724140167236328,2.7612485885620117,1820.5226420260005
10812.0,5.8593549728393555,1.757100224494934,1820.6516533889953
10813.0,155.8060302734375,15.710694313049316,1820.7922096429975
10814.0,13.845137596130371,2.5663111209869385,1820.9459032659943
10815.0,24.660900115966797,4.012885093688965,1821.2126392390055
10816.0,14.839929580688477,2.8785057067871094,1821.4231208889978
10817.0,137.09478759765625,12.058392524719238,1821.5766856959963
10818.0,40.82242202758789,4.676964282989502,1821.7274755740073
10819.0,11.079570770263672,2.132110357284546,1821.937857981
10820.0,10.564739227294922,2.283026695251465,1822.120971316006
10821.0,32.547950744628906,5.402110576629639,1822.3061491440021
10822.0,6.176445484161377,1.395869255065918,1822.5732881120057
10823.0,10.840425491333008,2.5269923210144043,1822.714826911004
10824.0,18.92473793029785,3.426586627960205,1823.0221929560066
10825.0,6.931549072265625,1.432357907295227,1823.186819045004
10826.0,26.126007080078125,4.2305707931518555,1823.3309298410022
10827.0,19.823978424072266,2.620424509048462,1823.4613784679968
10828.0,34.904388427734375,4.883710861206055,1823.572482072006
10829.0,67.3844985961914,8.576083183288574,1823.7073702329944
10830.0,15.68657398223877,3.5520541667938232,1823.8332597380067
10831.0,4.992516994476318,1.2477455139160156,1823.970695750002
10832.0,19.913169860839844,2.604170083999634,1824.111630239
10833.0,4.134188175201416,1.0644128322601318,1824.278162668008
10834.0,25.061500549316406,3.9752488136291504,1824.4095010320016
10835.0,9.776457786560059,2.5824637413024902,1824.5766862059972
10836.0,18.991477966308594,2.956782579421997,1824.7370611799997
10837.0,9.245070457458496,1.566280484199524,1824.8791893839953
10838.0,15.120616912841797,2.9246997833251953,1825.0092674280022
10839.0,29.85775375366211,4.522566795349121,1825.151880260004
10840.0,20.035442352294922,3.5351555347442627,1825.3009067940002
10841.0,19.209686279296875,3.7831504344940186,1825.4462002920045
10842.0,11.843805313110352,2.782212972640991,1825.5970981520077
10843.0,7.946168899536133,1.862442970275879,1825.7158170070034
10844.0,9.235054016113281,2.2221834659576416,1825.8400399179955
10845.0,18.27039909362793,3.6193621158599854,1825.993972190001
10846.0,10.730522155761719,2.189890146255493,1826.1186698719976
10847.0,6.272331714630127,1.5841516256332397,1826.2534606880072
10848.0,15.792543411254883,2.897037982940674,1826.380625699996
10849.0,9.965787887573242,2.481436014175415,1826.5311006120028
10850.0,17.995594024658203,3.6190829277038574,1826.66538305
10851.0,22.655258178710938,3.191709041595459,1826.800249798005
10852.0,10.206133842468262,2.3816826343536377,1826.9411528130004
10853.0,8.371179580688477,1.684818983078003,1827.0641137140046
10854.0,27.464099884033203,4.2511115074157715,1827.2207580230024
10855.0,22.858671188354492,3.9567294120788574,1827.3503251130023
10856.0,10.506462097167969,2.4495458602905273,1827.4817264140001
10857.0,14.176946640014648,2.698486089706421,1827.635996808007
10858.0,7.63369607925415,1.5830740928649902,1827.758467601001
10859.0,11.734748840332031,3.258256673812866,1827.9018350709957
10860.0,7.170282363891602,1.6024030447006226,1828.0294711089955
10861.0,10.67269515991211,2.3005290031433105,1828.243296664994
10862.0,19.0899658203125,3.541975736618042,1828.4380777490005
10863.0,13.600706100463867,2.574178695678711,1828.560283525003
10864.0,6.892274856567383,1.796944499015808,1828.695295676007
10865.0,15.473424911499023,2.9563333988189697,1828.8309801249998
10866.0,57.88779067993164,5.186807632446289,1828.9475266899972
10867.0,10.355046272277832,2.4656500816345215,1829.078592867998
10868.0,26.33714485168457,3.6847145557403564,1829.2280061079946
10869.0,19.129520416259766,3.507960796356201,1829.377270928002
10870.0,16.719087600708008,3.3903636932373047,1829.5204614950053
10871.0,5.184624671936035,1.3727202415466309,1829.6533699980064
10872.0,8.240229606628418,1.8694566488265991,1829.785037485999
10873.0,31.4884033203125,5.185157775878906,1829.9304787919973
10874.0,8.675017356872559,2.0893659591674805,1830.0697839019995
10875.0,7.047648906707764,1.6731796264648438,1830.2121588330047
10876.0,27.457263946533203,6.317627429962158,1830.3365920359938
10877.0,21.132015228271484,3.8105521202087402,1830.462968271997
10878.0,7.892637252807617,2.4394588470458984,1830.5775280590024
10879.0,23.12253189086914,4.32435941696167,1830.6935731749982
10880.0,9.056770324707031,1.9582958221435547,1830.8141714380035
10881.0,4.695755958557129,1.21169912815094,1830.9524411099992
10882.0,16.43845558166504,3.1033923625946045,1831.0815932719997
10883.0,15.760160446166992,3.598801851272583,1831.2226935630024
10884.0,7.591948509216309,1.706740379333496,1831.353879397997
10885.0,12.635795593261719,3.1538639068603516,1831.4861500700063
10886.0,22.230453491210938,3.499861478805542,1831.611618394003
10887.0,5.553770542144775,1.4483665227890015,1831.7316737570072
10888.0,14.194339752197266,3.199629068374634,1831.8911322030035
10889.0,22.53589630126953,4.121230602264404,1832.0263286510017
10890.0,4.256692886352539,1.1090037822723389,1832.1505395999993
10891.0,13.734296798706055,2.536102533340454,1832.2683877929958
10892.0,10.522825241088867,1.9567577838897705,1832.3940776789968
10893.0,17.215869903564453,3.9018783569335938,1832.522506209003
10894.0,4.674255847930908,1.0848101377487183,1832.6594979649963
10895.0,13.168516159057617,2.986121654510498,1832.788825042997
10896.0,12.187353134155273,2.6613738536834717,1832.903967887003
10897.0,8.1322660446167,1.89492666721344,1833.026100602001
10898.0,5.186391353607178,1.3761521577835083,1833.1556155069993
10899.0,21.140975952148438,3.6576220989227295,1833.3003287409956
10900.0,9.570051193237305,2.4693922996520996,1833.4330386060028
10901.0,7.994750022888184,1.7050615549087524,1837.9700780679996
10902.0,8.240266799926758,1.8925596475601196,1838.1639772659983
10903.0,7.444356441497803,1.6994706392288208,1838.3055344599998
10904.0,108.27826690673828,7.955182075500488,1838.4369233850011
10905.0,8.413904190063477,1.5596238374710083,1838.583401587006
10906.0,33.534400939941406,4.871988296508789,1838.7431783079955
10907.0,12.284940719604492,2.8615994453430176,1838.9217445079994
10908.0,24.50414276123047,4.355371475219727,1839.1119079490018
10909.0,5.140666484832764,1.2739274501800537,1839.2790981129947
10910.0,5.8560791015625,1.5486328601837158,1839.4405388940067
10911.0,21.624080657958984,3.7715890407562256,1839.6625844749942
10912.0,20.583053588867188,3.66754150390625,1839.8833988840051
10913.0,14.014781951904297,2.745805263519287,1840.0486265159998
10914.0,10.098958015441895,2.1679704189300537,1840.2021441849938
10915.0,89.7882080078125,9.43198013305664,1840.3443079169956
10916.0,7.145825386047363,1.6993334293365479,1840.5398533779953
10917.0,13.42378044128418,2.6300361156463623,1840.6717134680075
10918.0,51.43353271484375,6.664403438568115,1840.9752737700037
10919.0,10.718672752380371,3.0451128482818604,1841.2284931600007
10920.0,8.866168022155762,2.132211923599243,1841.3793062699988
10921.0,6.159189701080322,1.523923635482788,1841.5312558190053
10922.0,10.93701171875,2.5387701988220215,1841.6609316490067
10923.0,5.192962646484375,1.326403021812439,1841.802016763002
10924.0,5.5015058517456055,1.5639818906784058,1842.0672307799978
10925.0,7.281615257263184,1.5184581279754639,1842.2685081469972
10926.0,14.078125953674316,2.3116745948791504,1842.4079600440018
10927.0,8.259754180908203,2.008211851119995,1842.5471695239976
10928.0,5.953035354614258,1.8782978057861328,1842.6609840019955
10929.0,37.849117279052734,6.051933288574219,1842.7902385170019
10930.0,12.326688766479492,3.074734687805176,1842.9317709479947
10931.0,13.539831161499023,2.652038097381592,1843.077222884007
10932.0,9.869237899780273,2.0077714920043945,1843.2116337449988
10933.0,5.090508460998535,1.3286796808242798,1843.3400619519962
10934.0,34.13786315917969,7.641732692718506,1843.477469947
10935.0,11.14893913269043,2.6168770790100098,1843.6229637630022
10936.0,4.308090686798096,1.1338759660720825,1843.7533529759967
10937.0,14.08761978149414,2.90373158454895,1843.9089396860072
10938.0,7.1434006690979,1.8356001377105713,1844.0515441500029
10939.0,8.493860244750977,2.127284049987793,1844.1975602320017
10940.0,13.746931076049805,2.4494388103485107,1844.3474609590048
10941.0,23.679035186767578,3.9574708938598633,1844.5123347360059
10942.0,7.884522438049316,2.213083267211914,1844.6594600249955
10943.0,10.332048416137695,2.182114362716675,1844.7844804820052
10944.0,9.476573944091797,2.319711446762085,1844.904814309004
10945.0,56.126312255859375,6.293075084686279,1845.0373541040026
10946.0,46.132957458496094,5.355869293212891,1845.1785360180074
10947.0,17.76407241821289,3.5953171253204346,1845.311804929006
10948.0,16.425067901611328,3.0469348430633545,1845.445848354997
10949.0,4.733698844909668,1.1233848333358765,1845.5673117279948
10950.0,5.938530921936035,1.5440179109573364,1845.705959539002
10951.0,8.702964782714844,1.8760783672332764,1845.8703899840039
10952.0,18.735563278198242,5.0891923904418945,1846.048511179004
10953.0,16.699052810668945,2.756319761276245,1846.2212842860026
10954.0,16.242538452148438,3.113861322402954,1846.3655457419954
10955.0,6.502849578857422,1.6562234163284302,1846.5306493779935
10956.0,33.41683578491211,5.056651592254639,1846.6747383180045
10957.0,18.85367202758789,3.687692165374756,1846.826581782996
10958.0,13.271148681640625,2.383807420730591,1846.9632053560053
10959.0,71.30072784423828,8.656432151794434,1847.1369473770028
10960.0,18.740461349487305,3.6465649604797363,1847.2917988130066
10961.0,80.858642578125,8.581192016601562,1847.4789415620035
10962.0,14.304165840148926,2.6333038806915283,1847.6516812269983
10963.0,13.589033126831055,3.2426841259002686,1847.7969558680052
10964.0,10.235393524169922,2.185723066329956,1848.0094503489963
10965.0,5.934127330780029,1.6549466848373413,1848.1489874429972
10966.0,37.54976272583008,5.600528240203857,1848.2819895529974
10967.0,14.57551383972168,2.997614622116089,1848.4244129069994
10968.0,17.240327835083008,3.6360275745391846,1848.578497719005
10969.0,46.16719055175781,9.604913711547852,1848.734293489004
10970.0,8.314416885375977,2.359483480453491,1848.883788453997
10971.0,4.878157615661621,1.329617977142334,1849.0522505779954
10972.0,22.561859130859375,3.9359986782073975,1849.2059768990002
10973.0,24.27278709411621,3.9600586891174316,1849.3574651679955
10974.0,49.83715057373047,5.541699409484863,1849.5729012640077
10975.0,8.927247047424316,2.323826551437378,1849.734868665997
10976.0,20.700103759765625,3.5046474933624268,1849.8848674960027
10977.0,13.247563362121582,2.4445767402648926,1850.036403731996
10978.0,5.986861228942871,1.378328561782837,1850.1872102250054
10979.0,47.84401321411133,5.886031150817871,1850.3069301009964
10980.0,20.69632339477539,3.4569077491760254,1850.4748568430077
10981.0,18.27898406982422,3.470912456512451,1850.6002688669978
10982.0,35.222740173339844,5.5221734046936035,1850.7425601779978
10983.0,18.218210220336914,3.5149075984954834,1850.8776854379976
10984.0,5.681112289428711,1.511769413948059,1850.994496690997
10985.0,12.913864135742188,2.5284037590026855,1851.1190142770065
10986.0,30.28038787841797,3.7031304836273193,1851.3112856020016
10987.0,13.316120147705078,3.5405218601226807,1851.4625037969963
10988.0,24.73320960998535,3.924021005630493,1851.6011605859967
10989.0,5.783028602600098,1.453934907913208,1851.7843059779989
10990.0,11.426946640014648,2.612760543823242,1851.9328269090038
10991.0,13.908353805541992,2.6131644248962402,1852.0633101090061
10992.0,81.7760009765625,10.547484397888184,1852.1891333350068
10993.0,8.829730987548828,1.8713139295578003,1852.3265268859977
10994.0,38.80270004272461,5.041754245758057,1852.4707695760007
10995.0,9.612030029296875,1.7560338973999023,1852.6118018760026
10996.0,15.329209327697754,3.024986743927002,1852.7629554050072
10997.0,7.500140190124512,1.7313838005065918,1852.9249206179957
10998.0,7.055137634277344,1.9351019859313965,1853.046486266001
10999.0,6.046040058135986,1.461599349975586,1853.1906667059957
11000.0,28.14214515686035,4.889267921447754,1853.331971407999
11001.0,10.73774242401123,2.3225319385528564,1863.8534019840008
11002.0,24.37360191345215,4.325676441192627,1863.977978187002
11003.0,12.73495864868164,2.8474485874176025,1864.1001822410035
11004.0,5.827496528625488,1.7349376678466797,1864.243348568998
11005.0,32.84617614746094,5.6108317375183105,1864.3530675630027
11006.0,14.377180099487305,2.896606683731079,1864.4640121590055
11007.0,21.31350326538086,4.613534927368164,1864.574616155005
11008.0,28.742130279541016,4.62818717956543,1864.6869952929992
11009.0,5.722926616668701,1.4981776475906372,1864.8260978580074
11010.0,12.585226058959961,2.946298837661743,1864.9345594369952
11011.0,17.671890258789062,3.9301328659057617,1865.049002544998
11012.0,29.33251190185547,4.866062641143799,1865.1964380090067
11013.0,51.35669708251953,6.600489139556885,1865.3387697660073
11014.0,5.00831937789917,1.6970319747924805,1865.4534654279996
11015.0,5.850507736206055,1.4233514070510864,1865.5927928489982
11016.0,25.936214447021484,4.257366180419922,1865.7561872009974
11017.0,24.47520637512207,4.567209243774414,1865.9090099790046
11018.0,7.242922306060791,1.9775903224945068,1866.0729310640018
11019.0,18.017562866210938,3.6176247596740723,1866.1882285939937
11020.0,9.563281059265137,2.0917084217071533,1866.2984830729984
11021.0,13.808351516723633,3.0813958644866943,1866.419456581003
11022.0,11.742828369140625,2.6608402729034424,1866.5419390379975
11023.0,8.036084175109863,2.315439462661743,1866.6479704480007
11024.0,10.811132431030273,2.096813678741455,1866.7635151239956
11025.0,8.23265552520752,2.2178452014923096,1866.8732246279978
11026.0,8.476773262023926,1.9781242609024048,1866.9861079539987
11027.0,50.98444747924805,7.288819789886475,1867.0998309429997
11028.0,20.001008987426758,3.479032039642334,1867.2027324950031
11029.0,13.423742294311523,2.694460153579712,1867.3077020700002
11030.0,6.148231506347656,1.9670127630233765,1867.4278243360022
11031.0,13.747739791870117,2.7746381759643555,1867.5419188730011
11032.0,4.133581638336182,1.1032968759536743,1867.6715179120074
11033.0,12.526358604431152,2.7606685161590576,1867.7857570310007
11034.0,40.895538330078125,5.431944847106934,1867.9193971170025
11035.0,15.8384370803833,3.0667827129364014,1868.036550949997
11036.0,13.354158401489258,2.810272455215454,1868.1491414829943
11037.0,10.240620613098145,2.2761027812957764,1868.274536102006
11038.0,5.361897945404053,1.3124678134918213,1868.380343968005
11039.0,15.59100341796875,3.0456621646881104,1868.4900088930008
11040.0,37.6572265625,4.97507381439209,1868.6030245370057
11041.0,8.97848892211914,2.194460153579712,1868.7155955189955
11042.0,7.614025592803955,1.906757116317749,1868.8285877169983
11043.0,9.836710929870605,2.159431219100952,1868.9398568519973
11044.0,45.35883331298828,4.41894006729126,1869.0562540380051
11045.0,28.789358139038086,4.166110515594482,1869.1625439769996
11046.0,20.599843978881836,3.275491952896118,1869.2699173739966
11047.0,11.375296592712402,2.3956284523010254,1869.379035467995
11048.0,9.96967601776123,2.1001720428466797,1869.4836914650077
11049.0,9.825382232666016,2.371901273727417,1869.5944827170024
11050.0,29.132221221923828,5.1989545822143555,1869.706603722996
11051.0,10.073970794677734,2.1473488807678223,1869.814331816
11052.0,19.318389892578125,3.7333359718322754,1869.9267680699995
11053.0,15.783767700195312,2.950315475463867,1870.041984675001
11054.0,25.150161743164062,3.9251065254211426,1870.1749712870078
11055.0,4.992326736450195,1.1917784214019775,1870.3144726010069
11056.0,44.868125915527344,6.030364513397217,1870.4241224340076
11057.0,6.200129508972168,1.3837779760360718,1870.5370800319943
11058.0,10.033156394958496,3.149334669113159,1870.648104798005
11059.0,6.40625,1.6335995197296143,1870.7756272429979
11060.0,5.706365585327148,1.329577922821045,1870.885355431994
11061.0,7.640379905700684,2.2918295860290527,1870.9892861510016
11062.0,6.087080001831055,1.4991991519927979,1871.1010745929962
11063.0,15.85594367980957,3.0942482948303223,1871.2306325209938
11064.0,9.951433181762695,2.2585010528564453,1871.3432633079938
11065.0,24.06574058532715,3.7532637119293213,1871.461761737999
11066.0,12.467191696166992,2.570169448852539,1871.6161612599972
11067.0,14.927666664123535,3.46693754196167,1871.7281209890061
11068.0,21.984586715698242,3.903120517730713,1871.8657837700011
11069.0,24.812047958374023,4.456923961639404,1871.9779102640023
11070.0,15.17682933807373,3.0121352672576904,1872.103872830994
11071.0,80.40872192382812,9.508989334106445,1872.217638053
11072.0,13.928842544555664,3.3498079776763916,1872.326015765997
11073.0,19.321496963500977,3.169847011566162,1872.4614892130048
11074.0,24.775976181030273,4.396084785461426,1872.5668548340036
11075.0,6.821663856506348,1.487841010093689,1872.6720351480035
11076.0,9.939473152160645,2.2490627765655518,1872.772499548999
11077.0,12.361030578613281,2.4624767303466797,1872.881117647994
11078.0,8.258406639099121,1.9474469423294067,1872.9984114539984
11079.0,17.994598388671875,3.095303535461426,1873.1513361910038
11080.0,2.569117307662964,0.7225430011749268,1873.2657701290009
11081.0,13.029638290405273,2.9574790000915527,1873.395941202005
11082.0,15.229416847229004,2.4168860912323,1873.5161668859946
11083.0,24.356109619140625,3.1276845932006836,1873.6278457129956
11084.0,11.597332954406738,2.6230530738830566,1873.7347909999953
11085.0,9.069869995117188,2.282031297683716,1873.8484029259998
11086.0,2.5826780796051025,0.6950868368148804,1873.986901362994
11087.0,18.109012603759766,3.1229238510131836,1874.1260070139979
11088.0,42.18051528930664,8.476447105407715,1874.257155676998
11089.0,25.93548583984375,3.8634350299835205,1874.3660166339978
11090.0,13.287720680236816,3.6078014373779297,1874.4783926329983
11091.0,13.337892532348633,2.284857749938965,1874.5967163059977
11092.0,13.298850059509277,3.229233980178833,1874.704561948005
11093.0,18.3671875,3.433137893676758,1874.8144263480062
11094.0,36.623714447021484,8.057889938354492,1874.928797585002
11095.0,6.65577507019043,1.8813260793685913,1875.039282533995
11096.0,5.567660331726074,1.7294808626174927,1875.151638320007
11097.0,6.588685989379883,1.9599210023880005,1875.2661474310007
11098.0,5.05535888671875,1.3165297508239746,1875.377787962003
11099.0,23.802730560302734,4.423079013824463,1875.4867185640032
11100.0,7.591625213623047,2.231234073638916,1875.6203851169994
11101.0,37.34597396850586,5.403982162475586,1880.1049683489982
11102.0,60.78672409057617,7.560988903045654,1880.2313754210045
11103.0,7.803718566894531,1.5943877696990967,1880.347252587002
11104.0,17.635982513427734,3.2118964195251465,1880.5273554339947
11105.0,39.93291091918945,5.112054824829102,1880.7044433810079
11106.0,7.175165176391602,1.910756230354309,1880.8454750880046
11107.0,7.869220733642578,1.7847708463668823,1880.9724721789971
11108.0,18.33829689025879,3.0770628452301025,1881.0884097700036
11109.0,6.899756908416748,1.872162938117981,1881.2108327809983
11110.0,4.573279857635498,1.1622477769851685,1881.3344401430077
11111.0,68.07582092285156,8.680142402648926,1881.4614636379993
11112.0,15.24853229522705,3.1889898777008057,1881.607501025006
11113.0,5.287297248840332,1.2537522315979004,1881.7200123640068
11114.0,37.830753326416016,4.666297435760498,1881.8364074720012
11115.0,7.295392990112305,1.3763240575790405,1881.960703157005
11116.0,4.930737495422363,1.2042992115020752,1882.0874948879937
11117.0,7.12675666809082,1.760128140449524,1882.220426646003
11118.0,23.720815658569336,2.9935967922210693,1882.334957004001
11119.0,9.99113941192627,1.853563904762268,1882.463036183006
11120.0,4.711728096008301,1.5196071863174438,1882.5770311079978
11121.0,32.08153533935547,4.095346450805664,1882.7051570930053
11122.0,15.41682243347168,2.8749680519104004,1882.8514689860021
11123.0,11.962303161621094,2.814790964126587,1882.961618595
11124.0,17.50281524658203,3.4434125423431396,1883.0601323099982
11125.0,34.91508865356445,4.886812686920166,1883.183084350996
11126.0,28.5145263671875,5.379450798034668,1883.3204214379948
11127.0,24.45077896118164,4.039126396179199,1883.444661681002
11128.0,5.557152271270752,1.452634334564209,1883.5596067559964
11129.0,9.255953788757324,2.4572017192840576,1883.6746158059977
11130.0,5.913437366485596,1.5654270648956299,1883.7820900499937
11131.0,18.723676681518555,3.9755754470825195,1883.9032843979949
11132.0,5.612102508544922,1.4119316339492798,1884.0189846160065
11133.0,14.133338928222656,2.637974262237549,1884.1474165359978
11134.0,5.636590957641602,1.5050592422485352,1884.2632784440066
11135.0,14.843644142150879,2.334641456604004,1884.3721015159972
11136.0,7.581939697265625,1.8169456720352173,1884.4833373940055
11137.0,5.260595321655273,1.3880761861801147,1884.596232751006
11138.0,25.633203506469727,3.931942939758301,1884.7074040169973
11139.0,49.0618896484375,6.187108039855957,1884.8223070259992
11140.0,12.116714477539062,2.1972880363464355,1884.9577067740029
11141.0,7.387032985687256,1.7776517868041992,1885.0982176880061
11142.0,8.115453720092773,2.1965854167938232,1885.234014465008
11143.0,25.050987243652344,4.274181365966797,1885.3512993790064
11144.0,6.374377727508545,1.5910290479660034,1885.477328966008
11145.0,12.599899291992188,2.76228928565979,1885.5951763079938
11146.0,7.620336532592773,1.9981225728988647,1885.7092265630054
11147.0,28.695302963256836,4.954130172729492,1885.8206420829956
11148.0,15.990192413330078,2.957575798034668,1885.9328096429963
11149.0,26.02523422241211,6.335597991943359,1886.0450467040064
11150.0,46.15679931640625,6.555312156677246,1886.1588763479958
11151.0,7.439340591430664,1.4361231327056885,1886.271902891007
11152.0,17.03581428527832,3.083064556121826,1886.3866628859978
11153.0,15.904951095581055,3.472504138946533,1886.5089212549938
11154.0,17.812868118286133,3.239168167114258,1886.636988829996
11155.0,10.710899353027344,2.4933695793151855,1886.7492182590067
11156.0,9.836517333984375,2.1660702228546143,1886.857552867994
11157.0,6.1609907150268555,1.4865316152572632,1886.9634967900056
11158.0,11.556182861328125,2.4636130332946777,1887.0986404590076
11159.0,13.958763122558594,2.703444480895996,1887.2138212610007
11160.0,15.209583282470703,2.675307273864746,1887.3355659719964
11161.0,11.636039733886719,2.937239170074463,1887.4446956190077
11162.0,11.166189193725586,2.6606011390686035,1887.5803730290063
11163.0,7.3006110191345215,1.8753366470336914,1887.6941697169968
11164.0,7.757810592651367,1.7119580507278442,1887.808079534996
11165.0,9.55398941040039,2.3093676567077637,1887.9291713429993
11166.0,13.076824188232422,2.5836830139160156,1888.0655230270058
11167.0,4.24018669128418,1.1284643411636353,1888.1977403619967
11168.0,5.060425758361816,1.3419221639633179,1888.303805757998
11169.0,8.688446044921875,2.3027212619781494,1888.4332752339978
11170.0,17.298816680908203,3.1861112117767334,1888.559341004002
11171.0,15.183279037475586,4.075196743011475,1888.6706395479996
11172.0,14.661539077758789,2.9218459129333496,1888.7777846219979
11173.0,18.448871612548828,3.3406708240509033,1888.8904837349983
11174.0,42.64999008178711,7.177223205566406,1888.9971811160067
11175.0,37.109535217285156,5.895318508148193,1889.106966581996
11176.0,7.566625595092773,2.130946397781372,1889.2172188209952
11177.0,8.39254379272461,1.9148589372634888,1889.3259518080013
11178.0,9.057661056518555,2.002535820007324,1889.4596310110064
11179.0,91.7830810546875,10.22565746307373,1889.5763518669992
11180.0,5.249604225158691,1.235961675643921,1889.697439651005
11181.0,9.888437271118164,2.2513725757598877,1889.8276319889992
11182.0,8.09907054901123,1.7626434564590454,1889.949205787998
11183.0,72.29214477539062,7.372671127319336,1890.0800866799982
11184.0,24.475948333740234,4.664248466491699,1890.1965201870044
11185.0,5.5127692222595215,1.2831525802612305,1890.334845477002
11186.0,25.054473876953125,4.083773612976074,1890.448402274007
11187.0,9.182031631469727,1.9165924787521362,1890.5759183540067
11188.0,35.56053924560547,3.823347568511963,1890.719348876999
11189.0,14.880867004394531,3.357179880142212,1890.8389843549958
11190.0,7.78127384185791,1.7295513153076172,1890.9598136440036
11191.0,6.320480823516846,1.46526038646698,1891.1077350039996
11192.0,15.586861610412598,2.8724727630615234,1891.2243357370025
11193.0,25.199769973754883,3.9279065132141113,1891.3310124840064
11194.0,7.155378341674805,1.4355510473251343,1891.4446194240008
11195.0,8.073892593383789,2.0498595237731934,1891.581574772994
11196.0,36.12324905395508,5.665241241455078,1891.692411431999
11197.0,15.72140121459961,3.009320020675659,1891.8681196270045
11198.0,35.31072235107422,4.961145401000977,1892.0101867320045
11199.0,21.10041046142578,3.5348236560821533,1892.126477348007
11200.0,24.934837341308594,4.222691535949707,1892.2449694969982
11201.0,6.154582500457764,1.6031782627105713,1896.6615517409955
11202.0,5.219963073730469,1.4725500345230103,1896.8133196489944
11203.0,4.6287689208984375,1.351732850074768,1896.9559946070076
11204.0,58.86029815673828,7.865050792694092,1897.0826407809946
11205.0,15.42949104309082,2.80295729637146,1897.2210752100073
11206.0,7.198258399963379,1.4949207305908203,1897.3682093560055
11207.0,38.12669372558594,5.329756736755371,1897.4938380340027
11208.0,5.126786231994629,1.2769558429718018,1897.6061631829944
11209.0,33.96484375,4.610510349273682,1897.7163429479988
11210.0,23.66716766357422,4.189090728759766,1897.8260802430013
11211.0,38.92790985107422,5.387984275817871,1897.9360613110039
11212.0,118.54324340820312,11.45584774017334,1898.061221705997
11213.0,11.015533447265625,2.546907663345337,1898.1939706310077
11214.0,5.865609645843506,1.4149869680404663,1898.3146671940049
11215.0,8.920762062072754,2.2811782360076904,1898.4395326249942
11216.0,14.208542823791504,3.169673204421997,1898.5632946279948
11217.0,18.015235900878906,3.136582851409912,1898.693283569999
11218.0,24.780048370361328,3.5718181133270264,1898.829271804003
11219.0,6.8120341300964355,1.612245798110962,1898.9668938380055
11220.0,13.727065086364746,3.058267593383789,1899.0855358240078
11221.0,85.64813995361328,10.515446662902832,1899.2526785480004
11222.0,13.25340461730957,2.7482800483703613,1899.3668772520032
11223.0,6.293367385864258,1.4569934606552124,1899.4889287380065
11224.0,14.956265449523926,3.435227394104004,1899.6323151609977
11225.0,16.56281280517578,2.9745168685913086,1899.7757049409993
11226.0,77.29997253417969,8.395541191101074,1899.8864679380058
11227.0,8.697528839111328,1.8885170221328735,1900.0067999849998
11228.0,8.394676208496094,2.401371955871582,1900.1296921549947
11229.0,13.333476066589355,2.6192150115966797,1900.2509896779957
11230.0,10.755753517150879,2.0905556678771973,1900.369337829994
11231.0,6.581088542938232,1.5397377014160156,1900.4954436760017
11232.0,32.6005744934082,4.115001201629639,1900.6330023970077
11233.0,40.64881896972656,5.497136116027832,1900.7639993210032
11234.0,31.10761070251465,4.751658916473389,1900.893608006998
11235.0,20.711299896240234,3.6194190979003906,1901.007402806994
11236.0,64.14058685302734,6.601443290710449,1901.1249433850026
11237.0,17.191743850708008,3.3493385314941406,1901.2333155910019
11238.0,17.047517776489258,3.1383023262023926,1901.369136156005
11239.0,4.970294952392578,1.1596782207489014,1901.5000844290043
11240.0,12.767898559570312,2.4914848804473877,1901.607688203003
11241.0,6.646519660949707,1.930745244026184,1901.7336380890047
11242.0,10.731982231140137,2.4445719718933105,1901.8456749299949
11243.0,23.74566650390625,4.323249340057373,1901.9586535169947
11244.0,23.354576110839844,4.554862022399902,1902.073338564005
11245.0,8.147432327270508,2.1054868698120117,1902.1885956790065
11246.0,6.55509090423584,1.8697348833084106,1902.300753301999
11247.0,10.95759391784668,1.937093734741211,1902.4104355449963
11248.0,11.062559127807617,2.4746947288513184,1902.5214800130052
11249.0,21.483715057373047,3.7615456581115723,1902.6356772489962
11250.0,33.070068359375,5.374161243438721,1902.7528316870012
11251.0,36.32137680053711,5.867692947387695,1902.8683324110025
11252.0,8.189462661743164,1.8317649364471436,1902.9882019409997
11253.0,42.91112518310547,8.83838939666748,1903.1118324849958
11254.0,17.529132843017578,3.6018402576446533,1903.2223650069936
11255.0,8.600549697875977,2.4294495582580566,1903.3335872530006
11256.0,10.797118186950684,2.440783739089966,1903.4465659620037
11257.0,107.06748962402344,10.622025489807129,1903.558290868008
11258.0,5.859365463256836,1.6080487966537476,1903.6760421189974
11259.0,19.132244110107422,3.5442450046539307,1903.7869022030063
11260.0,8.681784629821777,1.6959611177444458,1903.8965244840074
11261.0,5.398796081542969,1.3545985221862793,1904.0076398520032
11262.0,43.18663024902344,6.572507858276367,1904.1194763749954
11263.0,18.993179321289062,3.0630836486816406,1904.2492007690016
11264.0,13.834575653076172,2.667323350906372,1904.3654607979988
11265.0,11.991487503051758,2.4191701412200928,1904.4945578720071
11266.0,21.27324676513672,4.135162353515625,1904.614623759
11267.0,5.411983966827393,1.4705482721328735,1904.7323445210059
11268.0,8.150031089782715,1.8637622594833374,1904.8522733550053
11269.0,16.778751373291016,3.625929594039917,1904.9627579480002
11270.0,14.816704750061035,2.4108166694641113,1905.0739865109936
11271.0,21.201560974121094,3.9405999183654785,1905.197491457002
11272.0,28.027931213378906,5.19967794418335,1905.3139098700049
11273.0,16.01620101928711,2.4734482765197754,1905.444289025996
11274.0,19.01115608215332,3.2573606967926025,1905.5832953570061
11275.0,9.349983215332031,1.8360627889633179,1905.7212922629988
11276.0,5.239029884338379,1.3607158660888672,1905.881543865995
11277.0,14.429129600524902,3.0835578441619873,1906.0220159790042
11278.0,20.34478759765625,5.033829212188721,1906.1529094279977
11279.0,11.690803527832031,2.5824406147003174,1906.2792521420051
11280.0,5.575019359588623,1.372298240661621,1906.4028749739955
11281.0,12.715593338012695,3.5905892848968506,1906.5419692249998
11282.0,26.184833526611328,4.107343673706055,1906.6735749299987
11283.0,6.2917070388793945,1.7679238319396973,1906.7846198790066
11284.0,6.62541389465332,1.3976829051971436,1906.903290464994
11285.0,9.991771697998047,2.0786590576171875,1907.014441374995
11286.0,10.790103912353516,2.5323357582092285,1907.1519279610075
11287.0,47.591697692871094,5.4700727462768555,1907.2754993109993
11288.0,9.006165504455566,2.4462552070617676,1907.4018643900054
11289.0,18.412399291992188,3.413606643676758,1907.515152123
11290.0,8.316424369812012,1.870934247970581,1907.6274833189964
11291.0,29.612728118896484,4.66755485534668,1907.7841780839954
11292.0,25.75067138671875,4.175019264221191,1907.9094049679989
11293.0,15.397956848144531,3.0468218326568604,1908.0229764749965
11294.0,26.808876037597656,4.2166748046875,1908.1460093829955
11295.0,50.7650032043457,5.8344926834106445,1908.2873933960072
11296.0,13.471231460571289,3.2109553813934326,1908.412204786
11297.0,18.41705322265625,3.7561004161834717,1908.5247200650047
11298.0,4.759862899780273,1.1504381895065308,1908.6429011180007
11299.0,22.443523406982422,4.049214839935303,1908.7601922970061
11300.0,37.886749267578125,6.259267807006836,1908.8781017699948
11301.0,12.707948684692383,2.916008710861206,1913.2200563869992
11302.0,30.80478286743164,4.654118061065674,1913.3422786830051
11303.0,7.548833847045898,1.4879894256591797,1913.456043483995
11304.0,21.782550811767578,3.520592451095581,1913.5891218670004
11305.0,10.005066871643066,2.4620299339294434,1913.713198395999
11306.0,4.83729887008667,1.1592481136322021,1913.8415609229996
11307.0,26.74030113220215,4.3301005363464355,1914.0315968950017
11308.0,31.36273956298828,4.390976905822754,1914.1591326500056
11309.0,93.51825714111328,11.675175666809082,1914.3102957359952
11310.0,4.687432289123535,1.307546854019165,1914.4327797050064
11311.0,9.135366439819336,2.3946216106414795,1914.5598271250055
11312.0,9.85938835144043,2.1714072227478027,1914.7536351830058
11313.0,10.826210975646973,2.260031223297119,1914.8951693700074
11314.0,10.391429901123047,2.071489095687866,1915.0353938199987
11315.0,22.69607162475586,3.9131886959075928,1915.1700118510053
11316.0,81.18673706054688,9.899421691894531,1915.291715208994
11317.0,8.491143226623535,2.5056893825531006,1915.4196654039988
11318.0,37.76057815551758,5.4233293533325195,1915.5501539420075
11319.0,14.489526748657227,3.2601397037506104,1915.6842920060008
11320.0,14.383895874023438,3.069826126098633,1915.8119897139986
11321.0,84.76025390625,15.059096336364746,1915.9692103720008
11322.0,6.0921630859375,1.5257596969604492,1916.0900707480032
11323.0,4.986738681793213,1.3200795650482178,1916.2050110099954
11324.0,69.668212890625,7.7971906661987305,1916.344603200996
11325.0,8.2370023727417,1.992483377456665,1916.455179536002
11326.0,4.938497543334961,1.4148575067520142,1916.5967065650038
11327.0,16.24504280090332,2.8266782760620117,1916.7199302299996
11328.0,10.849213600158691,2.721848964691162,1916.8317044970026
11329.0,30.503860473632812,3.6155507564544678,1916.9445140970056
11330.0,8.056171417236328,1.7760053873062134,1917.0531888179976
11331.0,17.7354736328125,3.416423797607422,1917.189852636002
11332.0,35.91557312011719,5.581050872802734,1917.313371954995
11333.0,8.720486640930176,2.18266224861145,1917.4388068380067
11334.0,25.08757781982422,5.218029499053955,1917.5619020589947
11335.0,9.504582405090332,2.3688414096832275,1917.6836656939995
11336.0,18.290409088134766,3.552661418914795,1917.8118703660002
11337.0,5.884199142456055,1.6004283428192139,1917.9181555429968
11338.0,3.6768479347229004,0.9914554357528687,1918.0332273620006
11339.0,26.108623504638672,4.164214134216309,1918.1617600099999
11340.0,33.74974822998047,5.19368839263916,1918.3025284890027
11341.0,18.573524475097656,3.5754995346069336,1918.4320638289937
11342.0,4.661698818206787,1.1841864585876465,1918.568049982001
11343.0,10.618457794189453,2.584503650665283,1918.680093203002
11344.0,17.94768524169922,3.310637950897217,1918.8004682879982
11345.0,8.029165267944336,2.331425666809082,1918.9267271720018
11346.0,7.330259323120117,1.7357832193374634,1919.0611469590076
11347.0,12.229412078857422,3.0474953651428223,1919.1932278349996
11348.0,10.029191970825195,1.917658805847168,1919.3032866349968
11349.0,10.761092185974121,3.183981418609619,1919.4194421419961
11350.0,6.029694080352783,1.4036234617233276,1919.533781228005
11351.0,20.22384262084961,3.7223153114318848,1919.6778024789965
11352.0,8.245436668395996,2.0042688846588135,1919.7931013579946
11353.0,7.535628318786621,1.6364001035690308,1919.9077027900057
11354.0,9.663854598999023,2.317783832550049,1920.0209972629964
11355.0,4.481971740722656,1.168949007987976,1920.1495458520076
11356.0,11.846967697143555,2.273780107498169,1920.249696037994
11357.0,13.38225269317627,2.859426259994507,1920.3511161839997
11358.0,5.679853439331055,1.4283099174499512,1920.459328144003
11359.0,32.09230041503906,4.7843828201293945,1920.567528487998
11360.0,10.279064178466797,2.9598629474639893,1920.6740524600027
11361.0,11.587764739990234,2.5678346157073975,1920.7848635889968
11362.0,25.495079040527344,4.020171165466309,1920.9084072419937
11363.0,88.5286865234375,10.822693824768066,1921.0276064430072
11364.0,13.988199234008789,2.7544572353363037,1921.1360490710067
11365.0,14.136795043945312,2.6729135513305664,1921.2382548860041
11366.0,4.693709850311279,1.2878234386444092,1921.3423879869952
11367.0,17.578907012939453,3.693701982498169,1921.4470717740041
11368.0,3.989193916320801,1.1364097595214844,1921.574839991008
11369.0,9.49106216430664,2.4601035118103027,1921.6930534160056
11370.0,18.61339569091797,3.1515564918518066,1921.805500773
11371.0,7.675516128540039,1.9390825033187866,1921.9250899170002
11372.0,11.810900688171387,2.26686692237854,1922.0380059059971
11373.0,11.179838180541992,2.2445762157440186,1922.1496185840078
11374.0,15.105295181274414,2.6924562454223633,1922.2664820039936
11375.0,47.84667205810547,6.259071350097656,1922.3910375470005
11376.0,7.559360980987549,2.059293270111084,1922.5230671280005
11377.0,57.79083251953125,7.463573455810547,1922.6767838749947
11378.0,38.478763580322266,5.83101749420166,1922.8165388619964
11379.0,13.19595718383789,2.931553602218628,1922.9538832789985
11380.0,17.394756317138672,3.210639715194702,1923.101075832994
11381.0,12.425308227539062,2.7630510330200195,1923.2419332699938
11382.0,6.607336044311523,1.5238476991653442,1923.3591912109987
11383.0,41.961727142333984,5.618637561798096,1923.4727165320073
11384.0,20.804790496826172,3.4093010425567627,1923.5965978599997
11385.0,9.360231399536133,2.0843093395233154,1923.7532503139955
11386.0,9.821935653686523,1.8512119054794312,1923.8996421449992
11387.0,12.809667587280273,2.502659559249878,1924.006691802002
11388.0,25.959712982177734,4.7992963790893555,1924.126054227003
11389.0,3.251920700073242,0.8466430306434631,1924.232838060998
11390.0,13.893756866455078,2.7017858028411865,1924.3444573430024
11391.0,9.654815673828125,2.3575892448425293,1924.4512739040074
11392.0,10.459786415100098,1.8937519788742065,1924.5579828150076
11393.0,4.073131561279297,1.0299482345581055,1924.6638725560042
11394.0,11.978536605834961,2.5576322078704834,1924.7696048619982
11395.0,13.800884246826172,3.212705612182617,1924.8998293030018
11396.0,7.747870445251465,1.838343858718872,1925.030218490996
11397.0,8.229991912841797,2.086838483810425,1925.144148174004
11398.0,11.64872932434082,2.8218910694122314,1925.2563144860032
11399.0,38.53106689453125,6.597283840179443,1925.373150268002
11400.0,4.621453285217285,1.2013614177703857,1925.4856396079995
11401.0,56.33271026611328,8.024258613586426,1932.9659552850062
11402.0,5.324309349060059,1.3427369594573975,1933.088386399002
11403.0,14.160157203674316,2.7701046466827393,1933.2148247909936
11404.0,8.533645629882812,2.1329097747802734,1933.3737846949953
11405.0,92.210693359375,14.582697868347168,1933.5527759980032
11406.0,38.99232482910156,5.505756855010986,1933.6700977309956
11407.0,8.55535888671875,1.9622539281845093,1933.8160676929983
11408.0,4.425600528717041,1.3502531051635742,1933.9634928140003
11409.0,14.329303741455078,2.97973895072937,1934.1238631940068
11410.0,8.390615463256836,1.6515913009643555,1934.2736955120054
11411.0,10.576007843017578,2.2858057022094727,1934.4123900050035
11412.0,8.00693130493164,1.8141688108444214,1934.5512595799955
11413.0,59.497684478759766,7.667791366577148,1934.7122148100025
11414.0,28.363035202026367,4.489507675170898,1934.8402791760018
11415.0,11.842926025390625,3.2596354484558105,1934.9800879370014
11416.0,9.157666206359863,1.7751069068908691,1935.1094752469944
11417.0,26.69579315185547,4.212257385253906,1935.2660280309938
11418.0,12.113088607788086,2.9401679039001465,1935.424815115999
11419.0,9.716014862060547,2.0565364360809326,1935.536166320002
11420.0,68.19271087646484,7.907825469970703,1935.6754915280035
11421.0,10.906189918518066,2.40092134475708,1935.8028720820002
11422.0,25.032941818237305,3.956627607345581,1935.9189138910006
11423.0,17.666793823242188,3.286222457885742,1936.0382779939973
11424.0,29.18117904663086,4.146642684936523,1936.159518422006
11425.0,25.02685546875,4.476894855499268,1936.294087924005
11426.0,24.712486267089844,4.043198585510254,1936.437139792004
11427.0,27.273880004882812,4.860220432281494,1936.5738090319937
11428.0,14.119831085205078,3.624908208847046,1936.6831590630027
11429.0,6.041146278381348,1.5856267213821411,1936.7923216439958
11430.0,5.246209621429443,1.2859870195388794,1936.9059406629967
11431.0,55.18704605102539,6.289257049560547,1937.014192482995
11432.0,5.137321472167969,1.4264487028121948,1937.1363655370078
11433.0,5.085290431976318,1.6458275318145752,1937.2487121769955
11434.0,21.916257858276367,3.512556552886963,1937.3774635059963
11435.0,11.687631607055664,2.4775304794311523,1937.5131903300062
11436.0,8.234046936035156,2.1590354442596436,1937.6692003229982
11437.0,23.113494873046875,3.851952075958252,1937.816841998996
11438.0,7.917638778686523,1.960800290107727,1937.9492549559945
11439.0,3.9236817359924316,1.0467708110809326,1938.070937493001
11440.0,11.810197830200195,2.5869412422180176,1938.194392246005
11441.0,10.728741645812988,3.487679958343506,1938.3113992169965
11442.0,9.096616744995117,2.165719985961914,1938.4283578920003
11443.0,24.305492401123047,3.149718999862671,1938.5347981889936
11444.0,19.162220001220703,4.217207908630371,1938.6506682559993
11445.0,12.438760757446289,2.7595953941345215,1938.7762222140009
11446.0,10.760086059570312,2.191818952560425,1938.895107689008
11447.0,8.617446899414062,2.056151866912842,1939.0368732250063
11448.0,18.373130798339844,3.8361270427703857,1939.1526882260077
11449.0,22.424114227294922,3.4675815105438232,1939.2607570160035
11450.0,7.578638553619385,1.7076425552368164,1939.3765322560066
11451.0,5.254031181335449,1.3474328517913818,1939.504503596996
11452.0,5.173755645751953,1.400012493133545,1939.6500777860056
11453.0,13.7264404296875,3.304875373840332,1939.7901141339971
11454.0,7.997174263000488,1.9598983526229858,1939.9094516400073
11455.0,4.015025615692139,0.9589318037033081,1940.0210344600055
11456.0,8.235976219177246,2.1479241847991943,1940.1319566299935
11457.0,23.35260009765625,4.599335193634033,1940.241056002007
11458.0,8.933771133422852,1.9338496923446655,1940.3606724290003
11459.0,27.00098419189453,4.41920804977417,1940.4675973859994
11460.0,25.086910247802734,4.654628753662109,1940.5759138680005
11461.0,32.543739318847656,4.270240306854248,1940.6963592249958
11462.0,9.89852237701416,2.1918232440948486,1940.8283551979985
11463.0,17.06584358215332,3.3515899181365967,1940.943387788997
11464.0,38.10922622680664,5.653293132781982,1941.0577155479987
11465.0,8.487654685974121,2.1768150329589844,1941.1717672090017
11466.0,6.187531471252441,1.5620299577713013,1941.2930119630037
11467.0,9.206687927246094,2.3964009284973145,1941.4004992720002
11468.0,5.9373369216918945,1.4587037563323975,1941.5200993689941
11469.0,4.577280521392822,1.2375108003616333,1941.6334621440037
11470.0,17.095035552978516,3.2575135231018066,1941.7499949600024
11471.0,10.52462100982666,2.4244747161865234,1941.8781196350028
11472.0,19.390722274780273,2.9467434883117676,1941.9900351999968
11473.0,17.448814392089844,3.5255048274993896,1942.1288695980038
11474.0,11.240262985229492,2.740767240524292,1942.248699682008
11475.0,16.02887725830078,2.898345947265625,1942.3575799850078
11476.0,12.342376708984375,2.7589688301086426,1942.4612902980007
11477.0,9.747369766235352,2.34635066986084,1942.5698337149952
11478.0,5.594298362731934,1.5235191583633423,1942.6844681630027
11479.0,15.515976905822754,3.0563178062438965,1942.8090982150025
11480.0,10.562905311584473,2.673272132873535,1942.921934676997
11481.0,8.900814056396484,2.080354690551758,1943.0320657819975
11482.0,65.17478942871094,10.564384460449219,1943.156668702999
11483.0,20.90032196044922,3.0510385036468506,1943.2696046000056
11484.0,4.339956283569336,1.209479570388794,1943.3789788730064
11485.0,24.91799545288086,4.351224899291992,1943.4913866569987
11486.0,18.099079132080078,3.521526336669922,1943.602244529
11487.0,29.227798461914062,4.791131496429443,1943.7134361810022
11488.0,51.993133544921875,5.557442665100098,1943.8256531490042
11489.0,22.241947174072266,4.08588171005249,1943.9417364260007
11490.0,13.295709609985352,3.183871030807495,1944.0527013920073
11491.0,52.748291015625,10.56325912475586,1944.1676947560045
11492.0,6.291774749755859,1.416466236114502,1944.3046505940001
11493.0,22.270675659179688,3.124850034713745,1944.4070389270055
11494.0,17.926910400390625,3.4900712966918945,1944.512103850997
11495.0,17.635204315185547,3.130405902862549,1944.6324777359987
11496.0,5.5226545333862305,1.4472256898880005,1944.7448139140033
11497.0,24.813507080078125,3.959238290786743,1944.8571984029986
11498.0,22.008455276489258,3.875546455383301,1944.9790885380062
11499.0,13.015987396240234,3.1056747436523438,1945.1211529690045
11500.0,14.142391204833984,2.6306800842285156,1945.2298163759988
11501.0,53.875885009765625,7.143109321594238,1949.6602581530024
11502.0,14.98457145690918,3.1896419525146484,1949.7724749699992
11503.0,6.1046013832092285,1.3292906284332275,1949.918143627001
11504.0,16.952442169189453,2.831435441970825,1950.046401065003
11505.0,5.362501621246338,1.241965651512146,1950.1588563950063
11506.0,8.91039752960205,2.1481692790985107,1950.3200068110018
11507.0,10.678491592407227,2.1031126976013184,1950.4369187650009
11508.0,27.004459381103516,4.705343246459961,1950.5509395169938
11509.0,19.533260345458984,3.9486310482025146,1950.6883227390063
11510.0,10.304132461547852,2.242751359939575,1950.8352865399938
11511.0,13.774219512939453,2.790151596069336,1950.9910857530049
11512.0,56.25394058227539,6.013245105743408,1951.1402177590062
11513.0,13.676033973693848,2.91981840133667,1951.2844575220079
11514.0,5.575272083282471,1.3719587326049805,1951.4112447560037
11515.0,8.555187225341797,1.8576951026916504,1951.526213909994
11516.0,8.919031143188477,2.2523858547210693,1951.651260084007
11517.0,7.977428913116455,2.016641139984131,1951.7679348999955
11518.0,4.900693416595459,1.1883516311645508,1951.9257156709937
11519.0,14.079354286193848,3.096541404724121,1952.0524594839953
11520.0,5.151431560516357,1.2141172885894775,1952.1844999140012
11521.0,6.860212326049805,1.4569587707519531,1952.3211968240066
11522.0,27.189353942871094,4.018085956573486,1952.433025819002
11523.0,8.051301002502441,2.0229601860046387,1952.5487903780013
11524.0,5.507777214050293,1.3560068607330322,1952.7089641250059
11525.0,12.749151229858398,1.9799548387527466,1952.823469807001
11526.0,2.66786527633667,0.7475982308387756,1952.9655110180029
11527.0,16.76687240600586,3.201371431350708,1953.1313355309976
11528.0,4.922628879547119,1.0853183269500732,1953.2527602490009
11529.0,5.796121120452881,1.6939486265182495,1953.3673338780063
11530.0,9.202939987182617,2.277198076248169,1953.4887880940078
11531.0,5.853664398193359,1.8440766334533691,1953.6176875340025
11532.0,6.1400041580200195,1.685798168182373,1953.7829652799992
11533.0,4.345645904541016,1.1942719221115112,1953.8975041079975
11534.0,12.16944694519043,1.6469939947128296,1954.0234514650074
11535.0,5.991918087005615,1.4489543437957764,1954.1376717120002
11536.0,41.74018096923828,4.797502040863037,1954.248635779004
11537.0,13.599703788757324,2.7929697036743164,1954.357620477007
11538.0,10.970953941345215,2.409339189529419,1954.4689441689989
11539.0,5.433594226837158,1.6430355310440063,1954.5813444539963
11540.0,7.081679344177246,1.7508001327514648,1954.695929605994
11541.0,16.79153060913086,2.8151862621307373,1954.813174807001
11542.0,12.712789535522461,2.743010997772217,1954.9353297610069
11543.0,31.532556533813477,5.624323844909668,1955.054545549996
11544.0,4.779703617095947,1.1898220777511597,1955.1690012549952
11545.0,28.995849609375,4.286763668060303,1955.285292896995
11546.0,23.30973243713379,3.724468469619751,1955.397984618001
11547.0,6.653993606567383,1.968778133392334,1955.5076698799967
11548.0,13.392574310302734,2.7913293838500977,1955.619667320003
11549.0,8.764925956726074,1.8377330303192139,1955.7311985889974
11550.0,16.56842613220215,3.1580491065979004,1955.8486637869937
11551.0,28.449087142944336,5.069830894470215,1955.9522842080041
11552.0,7.178831577301025,1.726401448249817,1956.0682467370061
11553.0,10.907835006713867,2.2861764430999756,1956.2009327709966
11554.0,32.22063446044922,5.787847518920898,1956.309423084007
11555.0,20.631134033203125,3.3774445056915283,1956.4212586789945
11556.0,7.647413730621338,1.719071865081787,1956.545798179999
11557.0,6.081674098968506,1.5879461765289307,1956.696946747994
11558.0,7.698795318603516,1.8832968473434448,1956.8434695210017
11559.0,28.668163299560547,4.590721607208252,1956.9937107970036
11560.0,100.74739837646484,11.616179466247559,1957.1017019010033
11561.0,7.835375785827637,1.8874242305755615,1957.215152596007
11562.0,13.6979341506958,2.619601011276245,1957.3250213510037
11563.0,5.223982810974121,1.2458852529525757,1957.4402990920062
11564.0,6.013924598693848,1.3056964874267578,1957.5564991239953
11565.0,12.413942337036133,2.5054738521575928,1957.7012620229943
11566.0,16.036449432373047,2.957099676132202,1957.811590918005
11567.0,11.133722305297852,2.357748031616211,1957.9361618389958
11568.0,22.986326217651367,3.256216049194336,1958.065732675008
11569.0,20.03481674194336,3.037006139755249,1958.1854760730057
11570.0,33.422882080078125,6.157136917114258,1958.2966960449994
11571.0,42.65393829345703,4.598796844482422,1958.4226078280044
11572.0,13.666393280029297,3.078498125076294,1958.539369584003
11573.0,7.427213191986084,1.6818335056304932,1958.6629472079949
11574.0,32.203224182128906,5.742222309112549,1958.7734605709993
11575.0,26.9307804107666,6.164590835571289,1958.8894336490048
11576.0,9.395439147949219,1.9460477828979492,1958.997664102004
11577.0,17.50033187866211,3.460946559906006,1959.1134889100067
11578.0,16.294353485107422,3.2750911712646484,1959.231421289005
11579.0,117.23873138427734,13.46113395690918,1959.3438592710008
11580.0,46.129451751708984,6.861745357513428,1959.4610966670007
11581.0,4.594780921936035,1.1534308195114136,1959.6019661220053
11582.0,12.757890701293945,2.391538619995117,1959.756761569006
11583.0,28.5837345123291,4.281030654907227,1959.9023910599935
11584.0,16.580198287963867,3.0484721660614014,1960.0492768190015
11585.0,14.359861373901367,3.071112632751465,1960.1877762390068
11586.0,14.949592590332031,2.633612871170044,1960.3055999049975
11587.0,27.091800689697266,4.381324291229248,1960.4193317680038
11588.0,7.9853668212890625,1.7289918661117554,1960.530455814005
11589.0,13.900493621826172,3.0260026454925537,1960.6375803999981
11590.0,37.62415313720703,7.919493198394775,1960.7488363339944
11591.0,22.62110137939453,3.021328926086426,1960.8585649099987
11592.0,3.683586835861206,0.8525431752204895,1960.983338015998
11593.0,13.96703052520752,2.8023269176483154,1961.1088458580052
11594.0,15.819782257080078,2.7420270442962646,1961.2178488950012
11595.0,18.77552032470703,3.4996981620788574,1961.3366544409946
11596.0,7.375749588012695,2.0505683422088623,1961.4749353509978
11597.0,32.04399871826172,5.134528636932373,1961.5921744109946
11598.0,4.902309417724609,1.3274668455123901,1961.704807506001
11599.0,9.331816673278809,2.2263646125793457,1961.8104819910077
11600.0,13.817007064819336,2.8928205966949463,1961.9392139779957
11601.0,22.124282836914062,4.236198902130127,1966.003930492996
11602.0,10.51494312286377,2.4965405464172363,1966.1575962200004
11603.0,14.997987747192383,2.8162615299224854,1966.307986329004
11604.0,5.304776191711426,1.5729482173919678,1966.4768771399977
11605.0,5.862993240356445,1.4359281063079834,1966.624146009999
11606.0,82.63291931152344,9.027828216552734,1966.7807066950045
11607.0,7.406282424926758,1.8313461542129517,1966.935722233
11608.0,8.074668884277344,1.7330350875854492,1967.0918077240058
11609.0,4.986448287963867,1.3226813077926636,1967.240017129996
11610.0,14.610543251037598,2.9888341426849365,1967.3679893049994
11611.0,12.082967758178711,2.803110361099243,1967.5255309990025
11612.0,41.28545379638672,6.395871639251709,1967.6389069910074
11613.0,21.86425018310547,3.8329966068267822,1967.7528022909974
11614.0,10.704404830932617,2.490490436553955,1967.8577934939967
11615.0,6.866123676300049,1.8098480701446533,1967.9835042070044
11616.0,46.99868392944336,5.880810737609863,1968.1611678780027
11617.0,5.384374618530273,1.4845231771469116,1968.299485783995
11618.0,13.656302452087402,2.788990020751953,1968.4488288809953
11619.0,11.20666217803955,2.7002453804016113,1968.5772356369998
11620.0,5.438161373138428,1.4193419218063354,1968.7300486729946
11621.0,46.31956100463867,6.111542701721191,1968.891668049997
11622.0,4.36396598815918,1.160673975944519,1969.0353747479967
11623.0,27.984420776367188,4.348527431488037,1969.1970093249984
11624.0,22.61793327331543,3.5598063468933105,1969.308473003999
11625.0,10.17519474029541,2.201432466506958,1969.4398170210043
11626.0,16.92467498779297,2.416367292404175,1969.5906563010067
11627.0,43.171504974365234,8.69094181060791,1969.720110587994
11628.0,7.563484191894531,1.6938492059707642,1969.8573561340017
11629.0,15.505752563476562,2.7228450775146484,1969.9914787540038
11630.0,28.012245178222656,4.397307872772217,1970.1336596710025
11631.0,24.912906646728516,4.32332706451416,1970.2464384769992
11632.0,7.145652770996094,1.9745383262634277,1970.3380058809998
11633.0,36.41297149658203,4.7957539558410645,1970.4384180969937
11634.0,44.353965759277344,6.082493782043457,1970.544139288002
11635.0,4.883435249328613,1.2351815700531006,1970.6583673760033
11636.0,10.561424255371094,2.175325632095337,1970.7704692039988
11637.0,16.729839324951172,2.9431538581848145,1970.878562718004
11638.0,29.738834381103516,3.956364631652832,1970.9914282990067
11639.0,14.376777648925781,2.908104181289673,1971.100263567001
11640.0,4.823832988739014,1.4964256286621094,1971.2549052029935
11641.0,13.276985168457031,2.961010217666626,1971.3677708989999
11642.0,7.6618781089782715,2.117060661315918,1971.4812828910071
11643.0,16.417407989501953,3.137540817260742,1971.5969061960059
11644.0,4.838229179382324,1.2612732648849487,1971.7072993430047
11645.0,14.435647964477539,2.654223680496216,1971.8162738300016
11646.0,18.041767120361328,3.0038139820098877,1971.9303808200057
11647.0,34.977210998535156,4.3456220626831055,1972.0445720410062
11648.0,19.928197860717773,2.934136152267456,1972.1630792170035
11649.0,8.240240097045898,2.242727041244507,1972.2786109900044
11650.0,8.714210510253906,1.8744068145751953,1972.3934606090043
11651.0,15.969844818115234,3.74446177482605,1972.5081617700052
11652.0,5.786672592163086,1.570019006729126,1972.6197640900064
11653.0,21.462366104125977,4.313783168792725,1972.739610040997
11654.0,11.29914665222168,2.441594123840332,1972.8485200860014
11655.0,14.01118278503418,4.118163585662842,1972.9574067799986
11656.0,10.992393493652344,2.3709146976470947,1973.0796961870074
11657.0,57.20552062988281,7.952511787414551,1973.201556148997
11658.0,36.261192321777344,5.245193958282471,1973.311934518002
11659.0,10.168492317199707,2.748745918273926,1973.4244439850008
11660.0,11.229253768920898,2.6937415599823,1973.540553963001
11661.0,22.4367618560791,4.120527744293213,1973.6539731060038
11662.0,13.251768112182617,2.804333448410034,1973.7750047220034
11663.0,24.774452209472656,3.773690938949585,1973.908468277994
11664.0,28.80633544921875,5.073470592498779,1974.0506959119957
11665.0,21.570730209350586,4.2208123207092285,1974.1605440629937
11666.0,7.572690010070801,1.579624891281128,1974.266816495001
11667.0,16.42877960205078,3.0258193016052246,1974.3775879820023
11668.0,17.655094146728516,3.1856729984283447,1974.5183142540045
11669.0,10.862927436828613,2.741506338119507,1974.6473276640027
11670.0,13.335060119628906,2.964771032333374,1974.7653069920052
11671.0,20.91805648803711,2.8374154567718506,1974.8726585440018
11672.0,6.704648017883301,1.5917351245880127,1974.989215694004
11673.0,21.873779296875,4.609182834625244,1975.1187668329949
11674.0,15.983621597290039,3.1334054470062256,1975.2487614819984
11675.0,5.272387981414795,1.2641466856002808,1975.3621694750036
11676.0,12.610420227050781,2.500096321105957,1975.4832980789943
11677.0,19.004878997802734,3.5265510082244873,1975.6182375640055
11678.0,16.013322830200195,3.28975248336792,1975.7366402740008
11679.0,14.94450855255127,2.6364686489105225,1975.8431135120045
11680.0,26.44336700439453,4.541640281677246,1975.9500638099998
11681.0,28.008712768554688,4.193583011627197,1976.066725237004
11682.0,9.189889907836914,1.9749946594238281,1976.177314886998
11683.0,24.110353469848633,5.637136936187744,1976.3106562360044
11684.0,6.936886787414551,1.5504937171936035,1976.4180893989978
11685.0,6.039912223815918,1.7457623481750488,1976.5167945379944
11686.0,22.96710968017578,3.645583391189575,1976.6126444999973
11687.0,8.991353988647461,2.378683567047119,1976.7303186640056
11688.0,22.693113327026367,4.247678756713867,1976.8624089280056
11689.0,5.758535861968994,1.4687600135803223,1976.9887581320072
11690.0,5.001972198486328,1.341465950012207,1977.1161770780018
11691.0,23.251245498657227,4.011122226715088,1977.2411661880033
11692.0,8.555047035217285,2.005366563796997,1977.3628207930014
11693.0,6.333121299743652,1.5690478086471558,1977.4813919050066
11694.0,5.324032306671143,1.3455084562301636,1977.588956831998
11695.0,11.091028213500977,2.3675436973571777,1977.7364159459976
11696.0,5.4774603843688965,1.2115793228149414,1977.843281688998
11697.0,3.1217570304870605,0.7566540241241455,1977.9689161709975
11698.0,27.231712341308594,4.232133388519287,1978.072857414998
11699.0,19.94693374633789,3.042518138885498,1978.1736328260013
11700.0,37.28253173828125,6.038621425628662,1978.2959404499998
11701.0,5.646571159362793,1.3276195526123047,1982.869064643004
11702.0,14.340561866760254,2.698765277862549,1982.9832780680008
11703.0,9.341752052307129,2.247436046600342,1983.1005771110067
11704.0,25.147722244262695,3.9909167289733887,1983.2093718599936
11705.0,19.28826904296875,3.671807289123535,1983.3198149410018
11706.0,11.133829116821289,2.5136518478393555,1983.4305346659967
11707.0,36.000972747802734,4.861413955688477,1983.5354934969946
11708.0,6.31674337387085,1.8412940502166748,1983.6545145830023
11709.0,15.834857940673828,2.935640811920166,1983.7686253499996
11710.0,10.956582069396973,3.261108160018921,1983.8834386130038
11711.0,6.727400302886963,1.2368088960647583,1984.007176486004
11712.0,31.076778411865234,4.050056457519531,1984.1412661299983
11713.0,6.786295413970947,1.756309986114502,1984.2724756690004
11714.0,6.366176128387451,1.402451992034912,1984.3981725439953
11715.0,27.54161834716797,4.588208198547363,1984.5257844959997
11716.0,7.385748863220215,2.1367383003234863,1984.6611637449969
11717.0,65.1860580444336,7.37326192855835,1984.7878621529962
11718.0,84.86931610107422,10.476205825805664,1984.9223346619983
11719.0,7.109865188598633,1.6134490966796875,1985.0759632700065
11720.0,6.035281181335449,1.382819414138794,1985.255334504007
11721.0,3.774127960205078,0.9121720790863037,1985.4108093959949
11722.0,25.049039840698242,4.55954122543335,1985.5329596780066
11723.0,5.444201469421387,1.3436826467514038,1985.6433657110028
11724.0,4.807525634765625,1.274235725402832,1985.7579083900055
11725.0,11.003376960754395,2.3683054447174072,1985.896576322004
11726.0,40.759429931640625,6.093967437744141,1986.037884061996
11727.0,20.068531036376953,3.9299516677856445,1986.1784845929942
11728.0,11.862810134887695,1.9989291429519653,1986.3144479420007
11729.0,28.239940643310547,3.6831462383270264,1986.4297052600014
11730.0,23.30739402770996,4.152876853942871,1986.5599112769996
11731.0,21.36042022705078,4.1041131019592285,1986.6983733579982
11732.0,51.44723892211914,7.082381248474121,1986.806280431003
11733.0,15.53590202331543,3.010788917541504,1986.909235921994
11734.0,4.670202732086182,1.4555457830429077,1987.0139542779943
11735.0,4.10427188873291,1.087158441543579,1987.1182610620017
11736.0,5.429244518280029,1.439366340637207,1987.2247268240026
11737.0,16.11963653564453,2.830895185470581,1987.336005642006
11738.0,4.772598743438721,1.2457749843597412,1987.441186764001
11739.0,15.66196346282959,3.0900626182556152,1987.5484543560015
11740.0,27.15213394165039,4.031791687011719,1987.6569209949957
11741.0,9.290871620178223,2.494547128677368,1987.7654540899966
11742.0,12.589693069458008,2.509061336517334,1987.8743198900047
11743.0,7.12996244430542,1.6969457864761353,1987.9894288490032
11744.0,10.762317657470703,2.3603925704956055,1988.110127535998
11745.0,11.885637283325195,2.695064067840576,1988.2350412460073
11746.0,8.773602485656738,1.7793262004852295,1988.3498057630059
11747.0,10.864959716796875,3.196021795272827,1988.4604576679994
11748.0,8.650925636291504,1.8395200967788696,1988.5678279849963
11749.0,10.902538299560547,2.403277635574341,1988.688094711004
11750.0,21.126113891601562,3.0269596576690674,1988.7947803120041
11751.0,24.191150665283203,4.566412925720215,1988.9093594320002
11752.0,7.368034839630127,1.8907763957977295,1989.0302467750007
11753.0,14.254103660583496,3.393850803375244,1989.1596665920079
11754.0,12.493297576904297,3.0478100776672363,1989.2896301069995
11755.0,9.513771057128906,2.191967010498047,1989.4152972330048
11756.0,32.751075744628906,7.510064125061035,1989.5318174319982
11757.0,16.367366790771484,2.63739275932312,1989.6438072729943
11758.0,11.903234481811523,2.3709428310394287,1989.7570646399981
11759.0,8.392622947692871,2.2038352489471436,1989.8703999830032
11760.0,10.575480461120605,2.4673774242401123,1989.9887297560053
11761.0,68.83727264404297,9.114032745361328,1990.1045713570056
11762.0,35.25283432006836,4.639774799346924,1990.2196110000077
11763.0,19.952655792236328,3.2041192054748535,1990.3336134779966
11764.0,8.478975296020508,2.1820526123046875,1990.4483093070012
11765.0,73.55705261230469,12.950087547302246,1990.5741241439973
11766.0,5.1563401222229,1.2814298868179321,1990.6854572059965
11767.0,16.07792091369629,2.9820761680603027,1990.8089500750066
11768.0,30.32474136352539,4.956486701965332,1990.9277851980005
11769.0,14.551002502441406,2.741116762161255,1991.0452956579975
11770.0,6.371051788330078,1.3439388275146484,1991.1599635320017
11771.0,10.121599197387695,2.1589648723602295,1991.2743646239978
11772.0,4.752721786499023,1.1763031482696533,1991.4083636410069
11773.0,32.9115104675293,4.910794258117676,1991.5401690580038
11774.0,11.662099838256836,2.760078191757202,1991.657749157006
11775.0,9.411142349243164,2.1377131938934326,1991.7670995539956
11776.0,53.681861877441406,7.653669834136963,1991.878288574997
11777.0,26.863128662109375,3.5295400619506836,1991.988773339006
11778.0,20.238414764404297,3.4575750827789307,1992.100957186005
11779.0,47.18561553955078,5.970015525817871,1992.2055112399976
11780.0,11.199178695678711,2.3626046180725098,1992.3087774500018
11781.0,5.427506923675537,1.4246554374694824,1992.4191614220035
11782.0,47.82746505737305,5.199356555938721,1992.5281286590034
11783.0,14.061649322509766,2.798567533493042,1992.639779473
11784.0,13.69122314453125,2.5555129051208496,1992.7508332010038
11785.0,17.574386596679688,3.0853030681610107,1992.8690275319968
11786.0,8.033299446105957,2.2833151817321777,1993.0084159459948
11787.0,10.693805694580078,2.136768102645874,1993.1410606510035
11788.0,5.526825428009033,1.2872216701507568,1993.2459240720054
11789.0,11.478105545043945,2.482693910598755,1993.3600713759952
11790.0,17.72713851928711,4.033605575561523,1993.4762111120071
11791.0,12.447855949401855,3.0606839656829834,1993.583920478006
11792.0,24.858318328857422,4.061459541320801,1993.7161557380023
11793.0,7.284367561340332,2.163888454437256,1993.8396651570074
11794.0,5.900926113128662,1.505259394645691,1993.9835934379953
11795.0,11.716789245605469,2.7140448093414307,1994.0995166600042
11796.0,5.738389015197754,1.7263189554214478,1994.2153669550025
11797.0,9.243478775024414,2.1854441165924072,1994.3311023650022
11798.0,25.469104766845703,4.494229316711426,1994.438349988006
11799.0,44.917823791503906,6.143790245056152,1994.5457426829962
11800.0,12.758380889892578,2.412508726119995,1994.6583461819973
11801.0,14.991515159606934,3.206429958343506,1998.8003381099988
11802.0,9.375218391418457,2.060317039489746,1998.9060818430007
11803.0,4.501999855041504,1.1898736953735352,1999.036369428999
11804.0,15.443924903869629,3.141286611557007,1999.148293724007
11805.0,5.433168411254883,1.3747755289077759,1999.2693975290022
11806.0,16.741750717163086,3.276616334915161,1999.389351388003
11807.0,55.3112907409668,6.922456741333008,1999.5104468140053
11808.0,11.344917297363281,2.6517653465270996,1999.6246097429976
11809.0,6.387263774871826,1.6020927429199219,1999.7717938360001
11810.0,4.778708457946777,1.2398937940597534,1999.895977705004
11811.0,12.341606140136719,2.6788365840911865,2000.0091750900028
11812.0,29.902847290039062,4.664412498474121,2000.1578204819962
11813.0,10.040060997009277,2.422447919845581,2000.2852910130023
11814.0,13.30953598022461,3.127535104751587,2000.4268001510063
11815.0,9.65878677368164,2.2827305793762207,2000.5502482029988
11816.0,17.684104919433594,3.2281641960144043,2000.6781987620052
11817.0,47.978389739990234,6.861993312835693,2000.7951520860079
11818.0,26.678850173950195,4.616441249847412,2000.9221208450035
11819.0,5.329731464385986,1.3820992708206177,2001.037598764
11820.0,28.343467712402344,4.481806755065918,2001.1765449810046
11821.0,10.714986801147461,2.1107242107391357,2001.3095778459974
11822.0,3.87589693069458,0.8960139751434326,2001.4562207099953
11823.0,17.16934585571289,3.381861686706543,2001.5821246650012
11824.0,20.005714416503906,3.024263381958008,2001.6935040209937
11825.0,45.74268341064453,6.389073848724365,2001.8158086930052
11826.0,4.623340129852295,1.3102909326553345,2001.936843065996
11827.0,27.237323760986328,4.262150764465332,2002.0607645020064
11828.0,24.309062957763672,3.36616849899292,2002.1840839859942
11829.0,12.089115142822266,2.29821515083313,2002.2918484880065
11830.0,23.417705535888672,3.089068651199341,2002.402001096998
11831.0,21.73162841796875,3.8101727962493896,2002.5162199909973
11832.0,14.696146965026855,2.9942591190338135,2002.6201731759938
11833.0,10.24838638305664,2.4218862056732178,2002.730316688001
11834.0,14.758308410644531,3.3142685890197754,2002.845381291001
11835.0,12.510151863098145,2.4563982486724854,2002.9638251290016
11836.0,104.19219970703125,10.648012161254883,2003.075929839004
11837.0,7.500826835632324,1.713604211807251,2003.1843662989995
11838.0,12.366759300231934,2.389540433883667,2003.2942262459983
11839.0,5.530590057373047,1.5810850858688354,2003.403880405007
11840.0,26.511028289794922,4.14115047454834,2003.5642203500029
11841.0,8.053812026977539,1.730639100074768,2003.678451002008
11842.0,22.468677520751953,3.8700318336486816,2003.7939064870006
11843.0,2.891522169113159,0.7361863851547241,2003.9130666790006
11844.0,11.602275848388672,3.4058730602264404,2004.033864461002
11845.0,42.724361419677734,6.299650192260742,2004.139596123001
11846.0,15.908397674560547,3.5019991397857666,2004.2508853250038
11847.0,14.358142852783203,2.6567885875701904,2004.385164020001
11848.0,27.399002075195312,4.008475303649902,2004.5130975820066
11849.0,45.87464904785156,5.922828197479248,2004.6445994539972
11850.0,9.375182151794434,2.2230610847473145,2004.7795329579967
11851.0,27.058109283447266,4.79267692565918,2004.8994058810058
11852.0,11.498144149780273,2.842906951904297,2005.0115114350046
11853.0,16.119403839111328,2.8427138328552246,2005.1371698360017
11854.0,20.624507904052734,3.3300211429595947,2005.247664235998
11855.0,9.854829788208008,1.7160875797271729,2005.3573430520046
11856.0,4.5428290367126465,1.036697268486023,2005.465014264002
11857.0,6.868375778198242,1.6805531978607178,2005.5712607750029
11858.0,3.748892307281494,0.9727888107299805,2005.697629960996
11859.0,8.513139724731445,2.0567381381988525,2005.8235048850038
11860.0,31.31517791748047,4.868224143981934,2005.9636975629983
11861.0,22.86846923828125,4.088188171386719,2006.1087711650034
11862.0,11.594062805175781,2.9802980422973633,2006.2576435819938
11863.0,24.349735260009766,4.8431267738342285,2006.3659604970017
11864.0,35.57605743408203,5.474352836608887,2006.4856150609994
11865.0,11.85409927368164,2.5984997749328613,2006.604946544001
11866.0,20.34210205078125,3.0396785736083984,2006.7221044439939
11867.0,18.986331939697266,3.450483560562134,2006.8337691220077
11868.0,10.811209678649902,2.3145837783813477,2006.9507936730079
11869.0,7.431266784667969,1.589845061302185,2007.0698714409955
11870.0,6.01336145401001,1.2984015941619873,2007.178148416002
11871.0,14.443313598632812,2.7482666969299316,2007.3152161260077
11872.0,9.043107986450195,1.9076980352401733,2007.4481583930028
11873.0,13.820518493652344,2.6940901279449463,2007.555829623001
11874.0,13.084815979003906,3.160306692123413,2007.6626700110064
11875.0,8.928986549377441,1.8007265329360962,2007.7750728009996
11876.0,8.961396217346191,2.113131284713745,2007.8840909819992
11877.0,17.319839477539062,2.6748273372650146,2007.9946638639958
11878.0,5.2681169509887695,1.5556526184082031,2008.1158757369994
11879.0,6.214866638183594,1.5928696393966675,2008.262557531998
11880.0,7.163325786590576,1.8698334693908691,2008.3860749589949
11881.0,11.267416954040527,2.351308584213257,2008.5012099800078
11882.0,5.768359661102295,1.4912035465240479,2008.6215940700058
11883.0,4.302497863769531,1.164040446281433,2008.7481263310037
11884.0,7.535194396972656,1.8637813329696655,2008.8848034230032
11885.0,6.955745697021484,1.9027128219604492,2008.9993993310054
11886.0,19.31686019897461,3.4720921516418457,2009.115603297003
11887.0,5.485547065734863,1.4022713899612427,2009.2367294090072
11888.0,6.463580131530762,1.6313413381576538,2009.3916396840068
11889.0,19.262100219726562,3.500040292739868,2009.4987973940006
11890.0,53.550559997558594,10.678767204284668,2009.6108111649955
11891.0,6.2356109619140625,1.6427465677261353,2009.7224624219962
11892.0,13.521039962768555,2.4985005855560303,2009.8542021860048
11893.0,33.79329299926758,5.186422824859619,2009.970363333996
11894.0,42.57894515991211,5.860446929931641,2010.0868011489947
11895.0,47.137874603271484,4.927419185638428,2010.203829132006
11896.0,12.634550094604492,2.288425922393799,2010.3175600770046
11897.0,4.210813999176025,1.0781382322311401,2010.4362944479944
11898.0,4.22057580947876,1.1580839157104492,2010.5485431809939
11899.0,4.378436088562012,1.1917449235916138,2010.6617006680026
11900.0,4.137566089630127,1.0033421516418457,2010.7743397220038
11901.0,5.107235431671143,1.2539253234863281,2014.9989316389983
11902.0,8.786781311035156,2.1770777702331543,2015.1482217640005
11903.0,25.80638885498047,3.7625279426574707,2015.304184135006
11904.0,76.87700653076172,7.453361511230469,2015.4764584469958
11905.0,5.708442211151123,1.6139706373214722,2015.6069956599968
11906.0,4.557825565338135,1.1982369422912598,2015.7238667119964
11907.0,12.718696594238281,2.5234594345092773,2015.8502156299946
11908.0,13.778989791870117,2.701580286026001,2015.9726421810046
11909.0,8.332380294799805,1.7852120399475098,2016.1034788310062
11910.0,5.136690139770508,1.2543940544128418,2016.2389791739988
11911.0,29.02813720703125,4.741647720336914,2016.3909475109976
11912.0,15.976747512817383,3.3675734996795654,2016.5015986829967
11913.0,13.5469970703125,3.0655529499053955,2016.614441851998
11914.0,12.768346786499023,2.701646566390991,2016.754647927999
11915.0,5.826311111450195,1.6793428659439087,2016.8744362959987
11916.0,18.337833404541016,4.282071113586426,2016.991317071006
11917.0,21.620328903198242,3.4532394409179688,2017.1386964389967
11918.0,15.396841049194336,3.1614086627960205,2017.2520177520055
11919.0,18.56067657470703,3.401134490966797,2017.3849189250031
11920.0,45.90827941894531,8.864598274230957,2017.4961343500036
11921.0,10.147340774536133,2.135812997817993,2017.6249371250015
11922.0,20.07068634033203,4.3165740966796875,2017.7451937120059
11923.0,11.119945526123047,1.941243290901184,2017.8735012529942
11924.0,19.36542510986328,3.935068368911743,2018.0109428239957
11925.0,8.468243598937988,2.1899847984313965,2018.1459844180063
11926.0,6.155438423156738,1.5586456060409546,2018.2865554580058
11927.0,6.66721248626709,1.7597575187683105,2018.4381778420066
11928.0,17.37995147705078,3.19934344291687,2018.555044548004
11929.0,15.002357482910156,2.981616497039795,2018.669194476999
11930.0,17.896915435791016,2.8958356380462646,2018.8086279249983
11931.0,5.022855281829834,1.1268113851547241,2018.9527161480073
11932.0,9.312458038330078,1.9347306489944458,2019.063645068003
11933.0,4.335453987121582,1.0947544574737549,2019.1746512050013
11934.0,39.42406463623047,5.927699565887451,2019.3031589930033
11935.0,8.668471336364746,1.9519751071929932,2019.4156822140067
11936.0,3.4900870323181152,0.9067370295524597,2019.5281755110045
11937.0,30.668869018554688,4.093421936035156,2019.642309878007
11938.0,16.030513763427734,3.478431224822998,2019.7572063789994
11939.0,6.415040016174316,1.9544183015823364,2019.870431607007
11940.0,7.515942573547363,1.9684150218963623,2019.987548709003
11941.0,8.808320045471191,2.204465389251709,2020.1321398319997
11942.0,12.390125274658203,2.445962429046631,2020.2415025910013
11943.0,25.95769500732422,4.179356098175049,2020.3526007600012
11944.0,9.200210571289062,2.3159408569335938,2020.463056847002
11945.0,34.022483825683594,4.42281436920166,2020.580334533006
11946.0,21.874576568603516,3.8101842403411865,2020.6908388209995
11947.0,9.989831924438477,2.7372841835021973,2020.7996603189968
11948.0,34.969444274902344,5.951452255249023,2020.9384114260029
11949.0,6.1152191162109375,1.476442575454712,2021.057767692997
11950.0,9.719766616821289,2.318765163421631,2021.1704231589974
11951.0,16.931438446044922,3.3846118450164795,2021.2817495110066
11952.0,26.175928115844727,4.164461135864258,2021.393828750006
11953.0,18.740367889404297,4.636876106262207,2021.5046144910011
11954.0,14.825418472290039,2.7908847332000732,2021.6149986969976
11955.0,35.917484283447266,4.98715353012085,2021.7221614930022
11956.0,11.432769775390625,2.8716752529144287,2021.8305707679974
11957.0,7.2764458656311035,2.129248857498169,2021.9389223670005
11958.0,39.95696258544922,5.74304723739624,2022.059790158004
11959.0,8.076313018798828,2.1251792907714844,2022.172428979
11960.0,30.3289794921875,4.3369646072387695,2022.2868241840042
11961.0,58.25825500488281,7.318175792694092,2022.3989447719941
11962.0,24.040796279907227,4.168704509735107,2022.5155171000079
11963.0,5.9611358642578125,1.7057180404663086,2022.6256759109965
11964.0,80.0669937133789,6.1119160652160645,2022.738512993994
11965.0,70.74369049072266,8.03893756866455,2022.8706695680012
11966.0,17.21712303161621,2.807624578475952,2022.985594023994
11967.0,6.787069797515869,2.1509435176849365,2023.0991170839989
11968.0,18.732969284057617,3.4073238372802734,2023.2073310270061
11969.0,27.522533416748047,4.271634101867676,2023.3178319930012
11970.0,8.415475845336914,2.283067464828491,2023.4493221250013
11971.0,97.19351196289062,11.21720027923584,2023.5647450929973
11972.0,72.79278564453125,8.272643089294434,2023.691272305994
11973.0,17.84560775756836,3.1303911209106445,2023.8033391589997
11974.0,37.31829833984375,4.621096611022949,2023.9182172190049
11975.0,16.213275909423828,3.2465267181396484,2024.0335156189976
11976.0,9.430054664611816,2.535510301589966,2024.1347969339986
11977.0,10.352690696716309,2.2973504066467285,2024.2473849069938
11978.0,17.223398208618164,3.168363094329834,2024.3873393880058
11979.0,7.223388195037842,1.7324655055999756,2024.4941965000035
11980.0,10.675198554992676,2.2555694580078125,2024.6134033389972
11981.0,5.738043308258057,1.511083722114563,2024.7420296430064
11982.0,53.111419677734375,8.299919128417969,2024.8647267360066
11983.0,16.905221939086914,4.206554889678955,2025.0066752040002
11984.0,17.924400329589844,3.704632520675659,2025.117876482007
11985.0,9.634313583374023,2.24176287651062,2025.2330517660012
11986.0,6.367753505706787,1.6660150289535522,2025.3478099839995
11987.0,16.544498443603516,3.7477762699127197,2025.4579627299972
11988.0,13.804315567016602,3.201629877090454,2025.5780850839947
11989.0,10.209441184997559,2.5862298011779785,2025.6988705910044
11990.0,18.630510330200195,2.8966569900512695,2025.829660703006
11991.0,4.573041915893555,1.1641017198562622,2025.9336608919984
11992.0,24.662124633789062,3.8262767791748047,2026.0612611639954
11993.0,26.545894622802734,3.9703574180603027,2026.1708713660046
11994.0,18.77159309387207,3.622162103652954,2026.2870434270008
11995.0,9.72170352935791,2.0864241123199463,2026.3908698529995
11996.0,5.467405319213867,1.3045953512191772,2026.5053707900079
11997.0,11.234182357788086,2.535423517227173,2026.6268630999984
11998.0,29.40259552001953,4.159583568572998,2026.741691328003
11999.0,14.578108787536621,3.013375997543335,2026.8502757759998
12000.0,7.169702053070068,1.7824480533599854,2026.967267316999
12001.0,31.47216033935547,5.548978805541992,2031.3205799800053
12002.0,10.619152069091797,2.1394217014312744,2031.447474872999
12003.0,5.296455383300781,1.3510875701904297,2031.575410474994
12004.0,17.314910888671875,2.8923280239105225,2031.7342517619982
12005.0,8.674135208129883,1.8870177268981934,2031.8495225170045
12006.0,5.183446407318115,1.3010793924331665,2031.957748076995
12007.0,22.952510833740234,4.48322868347168,2032.0968427500047
12008.0,20.763139724731445,3.5477242469787598,2032.2187852689967
12009.0,19.86432456970215,3.390716075897217,2032.3376225520042
12010.0,16.164453506469727,3.6755173206329346,2032.4570320229977
12011.0,5.141057014465332,1.5766047239303589,2032.578607892996
12012.0,19.014455795288086,3.642730474472046,2032.7222284089949
12013.0,6.495362281799316,1.4290680885314941,2032.8749117849948
12014.0,21.65485954284668,3.432762861251831,2033.0079602059996
12015.0,27.00985336303711,4.353231906890869,2033.127219697999
12016.0,3.1571128368377686,0.8805181980133057,2033.266069610996
12017.0,15.627455711364746,3.0911459922790527,2033.4216196769994
12018.0,5.46038818359375,1.6024889945983887,2033.5341385659995
12019.0,26.37411880493164,4.130808353424072,2033.6456913169968
12020.0,45.90965270996094,6.6897501945495605,2033.7774052140012
12021.0,26.820323944091797,4.377458095550537,2033.907230900004
12022.0,9.4417724609375,2.206015110015869,2034.0267576449987
12023.0,3.8892035484313965,0.9838891625404358,2034.1363651230058
12024.0,15.157787322998047,2.839858055114746,2034.251497410005
12025.0,24.64252471923828,3.926220417022705,2034.3702987830038
12026.0,17.837478637695312,3.4453542232513428,2034.4892403700069
12027.0,11.583852767944336,2.5675833225250244,2034.603443975997
12028.0,34.89052200317383,5.071222305297852,2034.7173048810073
12029.0,9.699752807617188,2.3472535610198975,2034.827762247005
12030.0,10.480003356933594,2.5583178997039795,2034.9504883100017
12031.0,5.732338905334473,1.4438930749893188,2035.067608302008
12032.0,63.92756652832031,5.34269905090332,2035.1784172570042
12033.0,10.37922477722168,2.1007091999053955,2035.2870064010058
12034.0,7.785134315490723,1.6073967218399048,2035.432394552001
12035.0,7.165668487548828,1.6098204851150513,2035.5622226660053
12036.0,14.605796813964844,3.061062812805176,2035.6846482499968
12037.0,3.976348876953125,0.9536135792732239,2035.801689739994
12038.0,22.393508911132812,3.618133306503296,2035.9178121790028
12039.0,13.705305099487305,2.4969065189361572,2036.0678588860028
12040.0,10.274070739746094,2.1998891830444336,2036.177274112997
12041.0,27.53601837158203,4.212988376617432,2036.3007922529941
12042.0,13.362621307373047,2.710033655166626,2036.4206780429959
12043.0,28.189937591552734,4.294907569885254,2036.582351072997
12044.0,6.211115837097168,1.4005855321884155,2036.6863199100044
12045.0,11.612492561340332,2.3659348487854004,2036.7952693260013
12046.0,7.3441009521484375,2.001436233520508,2036.9104823030066
12047.0,5.357992172241211,1.3425095081329346,2037.036429971995
12048.0,5.604027271270752,1.350301742553711,2037.1784411770059
12049.0,7.621259689331055,1.8691251277923584,2037.3024535629957
12050.0,8.2633638381958,1.9427016973495483,2037.426009103001
12051.0,15.353038787841797,2.654226303100586,2037.5464104349958
12052.0,7.135961532592773,2.0417909622192383,2037.6507302880054
12053.0,53.07769012451172,7.238533973693848,2037.765711501008
12054.0,10.423439025878906,2.0259785652160645,2037.8791739949957
12055.0,10.91026496887207,2.575157403945923,2038.0050049690035
12056.0,15.499452590942383,3.5348448753356934,2038.1171529540006
12057.0,9.193753242492676,2.0925509929656982,2038.2544041929941
12058.0,6.528843402862549,1.743041753768921,2038.3606290820026
12059.0,15.857730865478516,2.839918851852417,2038.4761320959951
12060.0,8.411969184875488,1.900301456451416,2038.5949688349938
12061.0,12.389577865600586,2.350132942199707,2038.740668775994
12062.0,14.174261093139648,2.5919764041900635,2038.8499274740025
12063.0,14.951547622680664,2.909562349319458,2038.9566770600068
12064.0,27.7381591796875,5.003641128540039,2039.0662220219965
12065.0,27.401519775390625,3.652357578277588,2039.1783363989962
12066.0,5.314875602722168,1.2864962816238403,2039.2842276029987
12067.0,48.69776153564453,6.0392913818359375,2039.4053356740042
12068.0,6.846554756164551,1.7423609495162964,2039.5158758820035
12069.0,12.651865005493164,2.429445743560791,2039.6232292880013
12070.0,15.81147575378418,3.3092470169067383,2039.7274776830018
12071.0,8.36636734008789,2.1593658924102783,2039.828944156994
12072.0,25.331344604492188,4.0311055183410645,2039.9568064409978
12073.0,19.822242736816406,4.881377696990967,2040.090014372996
12074.0,5.220643520355225,1.2593930959701538,2040.202012602007
12075.0,14.726591110229492,2.699091672897339,2040.3277021810063
12076.0,12.009485244750977,2.3420937061309814,2040.4314575530007
12077.0,7.980533599853516,2.208583354949951,2040.5399139789952
12078.0,21.959396362304688,3.6351518630981445,2040.669118374004
12079.0,7.219905376434326,1.9063118696212769,2040.7985615579964
12080.0,9.524971961975098,2.6299121379852295,2040.9158806969936
12081.0,11.090932846069336,2.446601629257202,2041.0324758089992
12082.0,66.6915054321289,7.732185363769531,2041.1626728510018
12083.0,5.479800224304199,1.4489083290100098,2041.2746361559985
12084.0,12.048259735107422,2.190966844558716,2041.3983594799938
12085.0,26.218643188476562,4.706761837005615,2041.5425702670036
12086.0,17.892498016357422,3.5055928230285645,2041.683012138994
12087.0,14.413259506225586,3.105348587036133,2041.8021191279986
12088.0,70.91806030273438,7.375563144683838,2041.9659550340002
12089.0,42.99520492553711,5.336656093597412,2042.099833358996
12090.0,17.224092483520508,3.0260403156280518,2042.200727272997
12091.0,7.114442825317383,1.6444694995880127,2042.3020458230021
12092.0,6.779465675354004,1.8034778833389282,2042.428793125
12093.0,4.8165082931518555,1.0748519897460938,2042.5558997479966
12094.0,5.8321685791015625,1.6869077682495117,2042.6666818770027
12095.0,19.597612380981445,3.323646306991577,2042.7678811030055
12096.0,8.571398735046387,2.2019379138946533,2042.8694862940029
12097.0,4.992133140563965,1.5990122556686401,2042.9858978130069
12098.0,12.437490463256836,2.6350154876708984,2043.1109250199952
12099.0,12.325465202331543,2.4317615032196045,2043.2365922610043
12100.0,12.847753524780273,2.951392650604248,2043.3601562090043
12101.0,7.621079444885254,1.6788514852523804,2047.5552319910057
12102.0,31.66782569885254,4.1272292137146,2047.7010709970054
12103.0,5.629772186279297,1.478697657585144,2047.8300964200025
12104.0,9.777179718017578,2.420370101928711,2047.9498178310023
12105.0,4.002897262573242,1.1169627904891968,2048.0743532250053
12106.0,6.655107498168945,1.6589432954788208,2048.1850166939985
12107.0,13.603111267089844,2.593080997467041,2048.320690221997
12108.0,11.287004470825195,2.2234838008880615,2048.4405983820034
12109.0,6.196963787078857,1.7970112562179565,2048.5580334330007
12110.0,5.036983489990234,1.113868236541748,2048.6751007440034
12111.0,11.112344741821289,2.2855613231658936,2048.802673446
12112.0,4.242501258850098,0.9724674820899963,2048.9653202619957
12113.0,9.797786712646484,1.6926813125610352,2049.100584782005
12114.0,31.2489013671875,4.480052471160889,2049.2730424580077
12115.0,19.645748138427734,4.106218338012695,2049.4166837670055
12116.0,25.145572662353516,4.3326897621154785,2049.5414441339963
12117.0,20.3488712310791,3.028533935546875,2049.661838083004
12118.0,13.319332122802734,2.8799567222595215,2049.7764069870027
12119.0,14.657445907592773,2.7951607704162598,2049.887584612996
12120.0,56.942771911621094,11.202617645263672,2050.0014819299977
12121.0,14.73568344116211,2.144458532333374,2050.1223627220024
12122.0,5.297881126403809,1.3197779655456543,2050.2784919950063
12123.0,23.930789947509766,3.9276018142700195,2050.396975787997
12124.0,11.176474571228027,2.2348079681396484,2050.532383646001
12125.0,55.96310043334961,10.179609298706055,2050.6610707869986
12126.0,66.41673278808594,8.610478401184082,2050.777130864997
12127.0,17.511802673339844,3.3435983657836914,2050.9116689340008
12128.0,29.772974014282227,4.640136241912842,2051.0256264130003
12129.0,8.98733901977539,1.9260613918304443,2051.1767029299954
12130.0,8.41335678100586,2.3985626697540283,2051.2676391139976
12131.0,19.052993774414062,3.5692272186279297,2051.3765535840066
12132.0,22.67645263671875,4.023675918579102,2051.4967217140074
12133.0,34.14858627319336,5.074167251586914,2051.6219686330005
12134.0,13.847318649291992,2.787992477416992,2051.734752053002
12135.0,22.256515502929688,3.625786542892456,2051.867916303003
12136.0,12.871501922607422,2.868373155593872,2052.0002029930038
12137.0,7.808629989624023,2.1044442653656006,2052.1202587379958
12138.0,19.49542808532715,3.5762248039245605,2052.231659954996
12139.0,16.496524810791016,2.874797821044922,2052.346000670994
12140.0,7.263741493225098,1.7352893352508545,2052.469998685003
12141.0,14.187122344970703,2.697200298309326,2052.5877851520054
12142.0,27.309207916259766,4.045355319976807,2052.6933515529963
12143.0,5.2415056228637695,1.2497162818908691,2052.798774114999
12144.0,4.509962558746338,1.175036907196045,2052.9069475669967
12145.0,26.68647575378418,6.375020980834961,2053.043334112008
12146.0,12.20418930053711,2.481982946395874,2053.1899111319944
12147.0,7.890973091125488,1.57891845703125,2053.300577793998
12148.0,8.194226264953613,2.0408546924591064,2053.4132497880055
12149.0,7.605828762054443,2.1052985191345215,2053.5461800430057
12150.0,5.695008277893066,1.615374207496643,2053.668130967999
12151.0,16.83206558227539,3.2117483615875244,2053.7811768969987
12152.0,10.132270812988281,1.9910187721252441,2053.8994203320035
12153.0,6.337998867034912,1.9597605466842651,2054.012950877004
12154.0,25.371095657348633,4.222662925720215,2054.1287960850023
12155.0,15.75259780883789,2.5644047260284424,2054.2388342460035
12156.0,23.716962814331055,3.742060422897339,2054.3490320830024
12157.0,16.399272918701172,2.769684314727783,2054.464042955995
12158.0,16.32486343383789,3.2308218479156494,2054.573482556996
12159.0,97.38245391845703,9.24448013305664,2054.693355377007
12160.0,24.356510162353516,4.874108791351318,2054.8067405600013
12161.0,16.6640682220459,2.6484034061431885,2054.925319407994
12162.0,25.008922576904297,4.061341285705566,2055.0449496660003
12163.0,14.462578773498535,3.309004306793213,2055.170183233
12164.0,19.960386276245117,3.6068778038024902,2055.2765712450055
12165.0,12.316476821899414,2.4772865772247314,2055.3945000499953
12166.0,11.39548110961914,2.3225460052490234,2055.5086483299965
12167.0,11.726297378540039,2.520594596862793,2055.6150270399958
12168.0,11.593267440795898,2.1786320209503174,2055.727395185997
12169.0,7.099052906036377,1.62653386592865,2055.851503701997
12170.0,5.354850769042969,1.3169353008270264,2055.998956010997
12171.0,22.837108612060547,3.846442937850952,2056.1175437409984
12172.0,4.074318885803223,1.0590251684188843,2056.234699225999
12173.0,31.568218231201172,4.696994304656982,2056.3509582630068
12174.0,40.22209930419922,5.555191516876221,2056.463282355995
12175.0,7.931585311889648,1.3783249855041504,2056.5812906619976
12176.0,6.868236064910889,1.741254210472107,2056.7029909099947
12177.0,29.710206985473633,4.489776134490967,2056.812514956997
12178.0,6.269351482391357,1.5756831169128418,2056.931733563004
12179.0,18.449825286865234,2.8995845317840576,2057.0677839679993
12180.0,27.811534881591797,4.144346237182617,2057.197868178002
12181.0,21.764354705810547,3.633176565170288,2057.3133309999976
12182.0,10.329751968383789,2.3787431716918945,2057.4514004480006
12183.0,11.235011100769043,1.8652477264404297,2057.5614018479973
12184.0,10.539292335510254,2.682950496673584,2057.674047206994
12185.0,4.944703578948975,1.2850143909454346,2057.7709668780008
12186.0,17.405376434326172,3.1187102794647217,2057.8802450939984
12187.0,22.375247955322266,3.694246768951416,2057.9947130500077
12188.0,32.29156494140625,5.0866522789001465,2058.1182073009986
12189.0,43.431827545166016,5.172901153564453,2058.231510572994
12190.0,11.688810348510742,2.267672061920166,2058.3630246740067
12191.0,22.595745086669922,3.1279499530792236,2058.4793107099977
12192.0,4.723557472229004,1.3048216104507446,2058.6157784969982
12193.0,7.455962657928467,2.042353391647339,2058.723626648003
12194.0,17.64015007019043,3.209287643432617,2058.8333562509943
12195.0,68.4234619140625,5.462582588195801,2058.944402552006
12196.0,7.053206443786621,1.5230227708816528,2059.062826900001
12197.0,25.957700729370117,4.837048530578613,2059.1719777679973
12198.0,13.445540428161621,2.989492654800415,2059.2827048290055
12199.0,4.879490375518799,1.243027687072754,2059.3972339449974
12200.0,12.223737716674805,2.615795612335205,2059.514591248997
12201.0,54.279014587402344,6.836766719818115,2063.633832596999
12202.0,7.107550144195557,2.031068801879883,2063.757775414997
12203.0,8.461549758911133,2.128530502319336,2063.8721234999975
12204.0,7.786140441894531,1.960445523262024,2063.996446721998
12205.0,19.450607299804688,3.4335532188415527,2064.1276352949935
12206.0,7.339703559875488,1.353333830833435,2064.2467428170057
12207.0,154.32354736328125,13.23958969116211,2064.3864903140056
12208.0,6.670103549957275,1.5559794902801514,2064.513156785004
12209.0,10.827638626098633,2.248028039932251,2064.6326063809975
12210.0,16.35500717163086,3.4242589473724365,2064.7395511710056
12211.0,23.73446273803711,4.675907611846924,2064.848679800998
12212.0,31.684648513793945,4.403004169464111,2064.957079369997
12213.0,6.466307163238525,1.449353814125061,2065.065284811004
12214.0,5.623539924621582,1.2036337852478027,2065.176084171995
12215.0,6.245638847351074,1.462512731552124,2065.323090239006
12216.0,13.832109451293945,3.2091197967529297,2065.447281540997
12217.0,22.195804595947266,3.908668041229248,2065.5607740770065
12218.0,10.142816543579102,2.10530948638916,2065.7065925780043
12219.0,5.892139434814453,1.7651846408843994,2065.848409931001
12220.0,43.367454528808594,5.0620036125183105,2065.9590717999963
12221.0,12.618274688720703,2.6205503940582275,2066.1079036370065
12222.0,12.417951583862305,2.8551218509674072,2066.215760028994
12223.0,47.06652069091797,6.312283992767334,2066.3292752090056
12224.0,12.82478141784668,3.070627450942993,2066.452177312007
12225.0,5.325779914855957,1.4549705982208252,2066.6022586180043
12226.0,7.556113243103027,1.8235114812850952,2066.7371082190075
12227.0,8.346282005310059,1.9567877054214478,2066.8986596110044
12228.0,7.033791542053223,1.8985809087753296,2067.031599274007
12229.0,29.50278091430664,4.522486686706543,2067.175142702996
12230.0,5.242996692657471,1.418549656867981,2067.292324955997
12231.0,56.33064270019531,6.59962272644043,2067.3989147600078
12232.0,10.08886432647705,2.3576579093933105,2067.534470958999
12233.0,12.775907516479492,3.110672950744629,2067.646857387008
12234.0,11.632349014282227,2.4821383953094482,2067.757810363997
12235.0,4.5237860679626465,1.2798559665679932,2067.8642759140057
12236.0,26.771053314208984,4.3916168212890625,2067.981624496999
12237.0,30.795467376708984,4.601743698120117,2068.0926232280035
12238.0,18.696401596069336,3.3207998275756836,2068.2039534119976
12239.0,11.595346450805664,2.49255633354187,2068.315753008006
12240.0,6.654851913452148,1.8456257581710815,2068.432198979004
12241.0,22.15082550048828,3.492094039916992,2068.5471538790007
12242.0,15.841903686523438,3.2451415061950684,2068.6597637689993
12243.0,7.738207817077637,2.1882243156433105,2068.772003852995
12244.0,4.870990753173828,1.3100686073303223,2068.882247002999
12245.0,14.225017547607422,2.9967613220214844,2068.9961127429997
12246.0,52.38909149169922,7.039503574371338,2069.1079868969973
12247.0,28.391658782958984,5.079402923583984,2069.2217727929965
12248.0,7.215641498565674,1.7828805446624756,2069.331144337004
12249.0,5.363445281982422,1.4347360134124756,2069.4389306119992
12250.0,67.36943054199219,8.56921672821045,2069.5568497689965
12251.0,12.41779899597168,2.5996763706207275,2069.678096920994
12252.0,14.931270599365234,3.087977170944214,2069.820011111995
12253.0,4.441164970397949,1.2792081832885742,2069.9561507239996
12254.0,6.224691867828369,1.4665549993515015,2070.0774928750034
12255.0,17.978145599365234,3.38424015045166,2070.1991491920053
12256.0,24.629005432128906,4.913933277130127,2070.3231063279964
12257.0,10.613733291625977,3.328512191772461,2070.4524722850038
12258.0,21.395713806152344,4.703843593597412,2070.5833840459964
12259.0,14.723560333251953,2.8353331089019775,2070.701263032999
12260.0,4.346295356750488,1.154515266418457,2070.8220452410023
12261.0,4.1653923988342285,1.0612773895263672,2070.9347343970003
12262.0,25.841323852539062,4.368921756744385,2071.054617421003
12263.0,25.744647979736328,4.038823127746582,2071.1746662270016
12264.0,11.021750450134277,2.5717194080352783,2071.281591054998
12265.0,21.45777130126953,3.8154330253601074,2071.3948499120015
12266.0,21.077716827392578,4.27044677734375,2071.5079085830075
12267.0,16.220630645751953,3.000884771347046,2071.622629158999
12268.0,15.764238357543945,3.4693002700805664,2071.7374826970045
12269.0,11.481185913085938,2.295342206954956,2071.858490088998
12270.0,10.034256935119629,2.4493134021759033,2071.9797934460075
12271.0,34.98491668701172,5.2830119132995605,2072.1249601040035
12272.0,13.208150863647461,2.7466306686401367,2072.233272248006
12273.0,14.676125526428223,2.868638277053833,2072.347398951999
12274.0,36.29714584350586,4.656171798706055,2072.476619387002
12275.0,35.43954086303711,5.378069877624512,2072.5955572870007
12276.0,5.9781575202941895,1.390551209449768,2072.755146853
12277.0,5.6780171394348145,1.4665447473526,2072.900105784007
12278.0,34.18400955200195,5.331567764282227,2073.0082677369937
12279.0,4.639379024505615,1.2234437465667725,2073.129280662004
12280.0,107.27230834960938,11.569314956665039,2073.2465115759987
12281.0,25.870342254638672,4.254656791687012,2073.360415903997
12282.0,10.487985610961914,2.1692678928375244,2073.4813661450025
12283.0,20.66061019897461,3.50850772857666,2073.601587551995
12284.0,9.717098236083984,2.0446860790252686,2073.713689349999
12285.0,21.374168395996094,3.6665244102478027,2073.826871999001
12286.0,26.543960571289062,4.2282280921936035,2073.9409212269966
12287.0,10.448720932006836,2.503420352935791,2074.0610142950027
12288.0,10.822646141052246,2.6450817584991455,2074.1706176570005
12289.0,12.707466125488281,2.468839645385742,2074.2979678139964
12290.0,7.393662929534912,1.5769531726837158,2074.423127525006
12291.0,6.067420482635498,1.4541579484939575,2074.535771099996
12292.0,6.059157848358154,1.755691409111023,2074.681419269007
12293.0,18.174301147460938,3.828484058380127,2074.786469914994
12294.0,7.831797122955322,2.407452344894409,2074.8992628660053
12295.0,6.968758583068848,1.7121076583862305,2075.0164020869997
12296.0,5.091188430786133,1.2388242483139038,2075.1494257440063
12297.0,54.25385284423828,7.349424839019775,2075.26813959
12298.0,24.82682991027832,4.217935085296631,2075.406865844998
12299.0,3.4595537185668945,0.9363247752189636,2075.5473415000015
12300.0,18.552711486816406,3.0142247676849365,2075.659644435
12301.0,9.420578956604004,2.0980541706085205,2079.7162105250027
12302.0,11.003989219665527,2.581627607345581,2079.826192499997
12303.0,29.952468872070312,4.465811252593994,2079.9415615780017
12304.0,5.29166841506958,1.6480741500854492,2080.073329078994
12305.0,5.293142318725586,1.475723385810852,2080.1809131040063
12306.0,4.498592853546143,1.1777117252349854,2080.2935653089953
12307.0,71.99839782714844,8.620160102844238,2080.4070731009997
12308.0,7.479091644287109,1.689632773399353,2080.517298370003
12309.0,5.3188886642456055,1.3169969320297241,2080.6365386840043
12310.0,18.861675262451172,2.809730052947998,2080.750932996001
12311.0,10.31980037689209,1.944511890411377,2080.8766416849976
12312.0,46.510066986083984,9.30289363861084,2081.031835447997
12313.0,22.25811767578125,3.787625551223755,2081.148504789002
12314.0,17.508996963500977,3.140369415283203,2081.2751143789937
12315.0,35.81672668457031,4.902206897735596,2081.4299347149936
12316.0,5.361972808837891,1.359522819519043,2081.5779284370074
12317.0,17.934221267700195,4.6630635261535645,2081.7311103160027
12318.0,11.312444686889648,2.2749898433685303,2081.8807374290045
12319.0,66.25848388671875,11.923394203186035,2082.009022789003
12320.0,11.289244651794434,2.1688928604125977,2082.134357511997
12321.0,15.052408218383789,3.487534999847412,2082.2603909440077
12322.0,9.666084289550781,1.9010374546051025,2082.4173789250053
12323.0,8.272027015686035,2.155829429626465,2082.559974871998
12324.0,10.845571517944336,2.5978119373321533,2082.6833027050016
12325.0,4.510494232177734,1.267468810081482,2082.823806276996
12326.0,48.832763671875,6.371444225311279,2082.9410925929988
12327.0,11.396324157714844,2.2574188709259033,2083.0762335330073
12328.0,5.509771347045898,1.4453790187835693,2083.201010951001
12329.0,5.901655197143555,1.725428819656372,2083.324214399996
12330.0,16.41213607788086,3.0551607608795166,2083.4454946250044
12331.0,8.533285140991211,2.2308714389801025,2083.572295359001
12332.0,9.639131546020508,2.2106945514678955,2083.7005198260013
12333.0,43.83051681518555,6.587854385375977,2083.8162129679986
12334.0,28.578166961669922,3.8780581951141357,2083.9325229800015
12335.0,9.100873947143555,2.363168478012085,2084.0485284150054
12336.0,14.289273262023926,3.175624132156372,2084.1642542040063
12337.0,21.991830825805664,3.6826961040496826,2084.2722117319936
12338.0,5.639162540435791,1.5187321901321411,2084.379733555994
12339.0,6.327488899230957,1.971917748451233,2084.4946153820056
12340.0,18.500511169433594,3.4583284854888916,2084.607090481004
12341.0,6.835103988647461,1.779963493347168,2084.716986155996
12342.0,12.662717819213867,2.09186053276062,2084.826500199997
12343.0,20.142311096191406,3.609273910522461,2084.934523488002
12344.0,6.423457622528076,1.586683988571167,2085.0502236589964
12345.0,5.367734909057617,1.7344175577163696,2085.167065244008
12346.0,12.228859901428223,2.658170223236084,2085.2771532680053
12347.0,15.1712064743042,3.066162347793579,2085.3911704280035
12348.0,18.82617950439453,2.874549388885498,2085.5084333959967
12349.0,38.81669616699219,6.028184413909912,2085.6127191340056
12350.0,10.908028602600098,3.0622026920318604,2085.7171192560054
12351.0,12.602808952331543,2.8196377754211426,2085.8354850640026
12352.0,5.114025592803955,1.3610397577285767,2085.9441679900046
12353.0,10.16221809387207,2.170877695083618,2086.058607004001
12354.0,16.905733108520508,3.2456586360931396,2086.1685521470063
12355.0,40.65135192871094,5.743680000305176,2086.2811877409986
12356.0,25.359899520874023,4.021556377410889,2086.3888261050015
12357.0,20.76567840576172,3.3833870887756348,2086.508529554005
12358.0,7.551581382751465,1.6426228284835815,2086.6194831299945
12359.0,19.200298309326172,3.2874906063079834,2086.7349204509956
12360.0,4.639066696166992,1.1559700965881348,2086.8478374469996
12361.0,14.905810356140137,2.847379207611084,2086.9547639649973
12362.0,10.936952590942383,2.481288194656372,2087.077867094995
12363.0,9.784211158752441,2.3654685020446777,2087.198586036
12364.0,6.955915451049805,1.49947988986969,2087.307766244994
12365.0,4.728809356689453,1.2635687589645386,2087.417926328999
12366.0,5.839258670806885,1.5822772979736328,2087.5374378950073
12367.0,8.741750717163086,1.942512035369873,2087.6700797509984
12368.0,41.239830017089844,6.362015247344971,2087.8046597759967
12369.0,44.087257385253906,7.912313461303711,2087.912179966006
12370.0,7.510749340057373,2.1189987659454346,2088.0160425549984
12371.0,6.719392776489258,1.4120349884033203,2088.1351535529975
12372.0,112.34475708007812,11.038420677185059,2088.254130485002
12373.0,36.869998931884766,5.336492538452148,2088.3618232040026
12374.0,12.958532333374023,2.6468560695648193,2088.4670075640024
12375.0,4.697669506072998,1.0871964693069458,2088.5907158129994
12376.0,11.77064037322998,2.701273202896118,2088.705193222995
12377.0,9.476202011108398,2.1086251735687256,2088.8196286260063
12378.0,15.365811347961426,2.6442205905914307,2088.9397238819947
12379.0,19.411785125732422,4.144253253936768,2089.0660772919946
12380.0,27.542373657226562,3.7928051948547363,2089.1683300639997
12381.0,21.575265884399414,4.185935974121094,2089.2743523259996
12382.0,14.09935474395752,3.2045366764068604,2089.388295797995
12383.0,94.74813842773438,8.886998176574707,2089.513362122001
12384.0,18.21677017211914,3.323324680328369,2089.6333503630012
12385.0,12.557634353637695,2.4111227989196777,2089.7603730560077
12386.0,7.150426864624023,1.5100958347320557,2089.8691541320004
12387.0,17.2587947845459,2.8799235820770264,2089.972409505004
12388.0,20.414281845092773,2.6458253860473633,2090.0863985960023
12389.0,5.108188629150391,1.2022291421890259,2090.204354540998
12390.0,3.8063278198242188,0.9709958434104919,2090.3154027499986
12391.0,14.00233268737793,2.81033992767334,2090.435253803007
12392.0,12.2603178024292,2.4259724617004395,2090.5493755780044
12393.0,33.43327331542969,5.496866226196289,2090.669675373996
12394.0,19.39371681213379,3.2099404335021973,2090.784207593999
12395.0,11.905525207519531,2.680128574371338,2090.9010059349966
12396.0,10.15919017791748,2.2404263019561768,2091.011508444004
12397.0,127.35601806640625,13.183975219726562,2091.1826928329974
12398.0,13.426782608032227,2.5497426986694336,2091.2976910860016
12399.0,17.87152862548828,3.389707565307617,2091.4104510400066
12400.0,18.04104232788086,2.3411309719085693,2091.524001871003
12401.0,7.782120227813721,2.2019846439361572,2095.574647841
12402.0,31.141876220703125,4.810723781585693,2095.688770720997
12403.0,14.300863265991211,2.2979800701141357,2095.7966350539937
12404.0,16.245338439941406,2.7855517864227295,2095.9082808280073
12405.0,6.5716400146484375,1.788013219833374,2096.026085562
12406.0,5.042809009552002,1.371326208114624,2096.183340100004
12407.0,8.04687786102295,1.878751516342163,2096.3227256569953
12408.0,18.266155242919922,3.068631887435913,2096.4368701430067
12409.0,14.55020523071289,2.754147529602051,2096.582812034001
12410.0,6.348442077636719,1.7833588123321533,2096.727612981005
12411.0,14.025732040405273,2.849614381790161,2096.900326664996
12412.0,22.42736053466797,3.753464937210083,2097.0145957829955
12413.0,12.30385971069336,2.6412973403930664,2097.1450152369944
12414.0,14.257186889648438,2.944326877593994,2097.263881840001
12415.0,14.375117301940918,3.0408825874328613,2097.381391695002
12416.0,8.387161254882812,2.0678274631500244,2097.5013111269946
12417.0,14.81447696685791,2.6539227962493896,2097.6218394229945
12418.0,7.990896224975586,1.5297119617462158,2097.753659505004
12419.0,8.70256233215332,2.174598455429077,2097.878057021997
12420.0,26.461950302124023,3.297888994216919,2098.012718015001
12421.0,13.335721969604492,2.3918285369873047,2098.1729872870055
12422.0,7.9598236083984375,1.9550011157989502,2098.2856040049955
12423.0,17.87705421447754,3.5016698837280273,2098.4001146210067
12424.0,4.662083148956299,1.1602420806884766,2098.5279702779953
12425.0,5.607077121734619,1.5332589149475098,2098.656491536007
12426.0,10.922774314880371,1.873011589050293,2098.7689832150063
12427.0,34.427513122558594,5.30189847946167,2098.9035606399993
12428.0,7.907146453857422,2.3302223682403564,2099.0395190889976
12429.0,14.494539260864258,2.5739142894744873,2099.153225750997
12430.0,5.243171691894531,1.4077249765396118,2099.2968771960004
12431.0,5.649542331695557,1.3263154029846191,2099.419712625997
12432.0,12.147171020507812,2.851118803024292,2099.5348579669953
12433.0,49.480369567871094,6.369566917419434,2099.6480714369973
12434.0,4.516287326812744,1.0932776927947998,2099.7575036869966
12435.0,4.5672383308410645,1.1984403133392334,2099.8805567719974
12436.0,25.462596893310547,4.118663311004639,2099.994015150005
12437.0,8.426414489746094,2.1942243576049805,2100.128531473005
12438.0,20.223369598388672,3.7420549392700195,2100.272007823005
12439.0,16.627790451049805,3.61165714263916,2100.4180182220007
12440.0,24.53731346130371,4.364295482635498,2100.5354918630037
12441.0,22.836997985839844,3.8886730670928955,2100.6493179639947
12442.0,6.300427436828613,1.5553017854690552,2100.7608133769972
12443.0,23.42526626586914,3.7842488288879395,2100.8728412339988
12444.0,13.613744735717773,2.3940200805664062,2100.982228406996
12445.0,4.199873924255371,1.189971923828125,2101.1018123190006
12446.0,4.704143524169922,1.1405141353607178,2101.242235031008
12447.0,31.80865478515625,4.569027423858643,2101.385015013002
12448.0,7.912899017333984,1.9691708087921143,2101.4948689070006
12449.0,15.0247802734375,3.2905960083007812,2101.616153226001
12450.0,5.149629592895508,1.304997205734253,2101.7415376360004
12451.0,11.163071632385254,3.238128900527954,2101.859020030999
12452.0,5.292685508728027,1.3434441089630127,2101.971663574004
12453.0,5.266874313354492,1.4510892629623413,2102.1103443729953
12454.0,8.811883926391602,1.7465075254440308,2102.240699107002
12455.0,86.475341796875,13.853862762451172,2102.3774634160072
12456.0,13.287078857421875,2.642666816711426,2102.5131727209955
12457.0,6.2013397216796875,1.4667575359344482,2102.6436195029964
12458.0,9.43126106262207,1.9622868299484253,2102.783622489005
12459.0,30.358367919921875,4.772924900054932,2102.931869868
12460.0,21.690683364868164,3.886226177215576,2103.059911061995
12461.0,4.964237213134766,1.3334349393844604,2103.1900146230037
12462.0,5.352147102355957,1.3709465265274048,2103.3308412650076
12463.0,22.594694137573242,4.243518829345703,2103.4572572129982
12464.0,17.882165908813477,3.5923304557800293,2103.580950396994
12465.0,54.82286834716797,7.182462692260742,2103.7020643949945
12466.0,6.391629695892334,1.6214332580566406,2103.8209579950053
12467.0,4.97763204574585,1.2662712335586548,2103.9393457120023
12468.0,10.235947608947754,2.340238094329834,2104.064163582996
12469.0,5.807433128356934,1.520608901977539,2104.172523315996
12470.0,6.893218994140625,1.5201293230056763,2104.2944786150038
12471.0,45.6521110534668,5.959278583526611,2104.406848573999
12472.0,72.58112335205078,7.977707862854004,2104.533296381007
12473.0,6.402137756347656,1.955871820449829,2104.6525366330025
12474.0,34.027137756347656,5.439797878265381,2104.782380716002
12475.0,9.943341255187988,1.889191746711731,2104.9297766689997
12476.0,4.635217666625977,1.20937979221344,2105.0790462550067
12477.0,18.112136840820312,2.86376953125,2105.218854580002
12478.0,15.959041595458984,2.92224383354187,2105.3436967820016
12479.0,20.06463623046875,3.5187876224517822,2105.4616510199994
12480.0,19.734325408935547,3.4922497272491455,2105.5908148159942
12481.0,40.12985610961914,6.463344573974609,2105.7148235030036
12482.0,7.669210910797119,1.783992052078247,2105.844883512007
12483.0,7.197847843170166,1.7361259460449219,2105.9851922200032
12484.0,17.498706817626953,3.3341991901397705,2106.0968686999986
12485.0,106.23074340820312,11.599259376525879,2106.216836741005
12486.0,14.051544189453125,2.7190144062042236,2106.3183414689993
12487.0,6.947460174560547,1.631750464439392,2106.4305016180006
12488.0,17.00815200805664,3.108912467956543,2106.539726849005
12489.0,17.05621337890625,3.129607677459717,2106.660553915004
12490.0,11.919685363769531,2.374811887741089,2106.7716640059953
12491.0,16.458152770996094,2.5029566287994385,2106.886769525998
12492.0,95.46817779541016,9.652206420898438,2107.0389981799963
12493.0,32.666160583496094,7.335739612579346,2107.163517656998
12494.0,7.167608737945557,2.2587227821350098,2107.2681506049994
12495.0,24.99927520751953,4.487200736999512,2107.3904561700037
12496.0,5.061381816864014,1.2726538181304932,2107.5007245000015
12497.0,10.609292984008789,2.1597156524658203,2107.6453086260008
12498.0,8.76836109161377,1.8053624629974365,2107.7762213560054
12499.0,17.93956756591797,3.2180755138397217,2107.8950617579976
12500.0,44.35625457763672,8.511540412902832,2108.002711467998
12501.0,19.867671966552734,3.677600860595703,2112.3080151449976
12502.0,14.146308898925781,2.889674425125122,2112.4094678529946
12503.0,26.89540672302246,4.414361000061035,2112.5351932649937
12504.0,37.851314544677734,5.199204444885254,2112.6812042210076
12505.0,21.18518829345703,4.947416305541992,2112.815040486006
12506.0,10.831050872802734,2.502588987350464,2112.9312453989987
12507.0,5.791536331176758,1.4819475412368774,2113.066503898008
12508.0,24.537858963012695,4.4497833251953125,2113.204847144996
12509.0,4.460055828094482,1.2269564867019653,2113.319783016006
12510.0,61.12117004394531,8.279007911682129,2113.458243688001
12511.0,12.887765884399414,2.440490245819092,2113.5776955030015
12512.0,29.846935272216797,5.0425262451171875,2113.694824745995
12513.0,7.088343620300293,1.761942982673645,2113.805996422001
12514.0,4.839935302734375,1.2440661191940308,2113.920201008994
12515.0,18.292049407958984,3.188127040863037,2114.0297605450032
12516.0,7.640612602233887,1.6207726001739502,2114.154477813994
12517.0,17.206703186035156,3.531297445297241,2114.2831855069962
12518.0,8.96381950378418,1.9669842720031738,2114.401787010007
12519.0,6.740304470062256,1.6753356456756592,2114.539484162
12520.0,11.548585891723633,2.233283519744873,2114.6664203550026
12521.0,6.456191062927246,1.8027898073196411,2114.8124022840057
12522.0,5.814934730529785,1.492190957069397,2114.9434371149982
12523.0,14.678102493286133,3.0980656147003174,2115.067965138005
12524.0,15.837039947509766,3.190612316131592,2115.222822940006
12525.0,33.61638259887695,5.580209255218506,2115.3800490270078
12526.0,17.219058990478516,3.0060667991638184,2115.5405030679976
12527.0,5.8658127784729,1.707033634185791,2115.6659720000025
12528.0,21.507442474365234,3.832873821258545,2115.7721246589936
12529.0,14.193554878234863,2.475796937942505,2115.879772455999
12530.0,7.862489700317383,1.846122145652771,2115.991785456994
12531.0,3.8680193424224854,1.1636850833892822,2116.1288325009955
12532.0,10.212158203125,2.4109604358673096,2116.256512699998
12533.0,4.750994682312012,1.152742624282837,2116.373663770006
12534.0,34.21308898925781,5.782654762268066,2116.5078606619936
12535.0,50.78493881225586,5.391178131103516,2116.6196863789955
12536.0,35.49086380004883,5.850071907043457,2116.732803389008
12537.0,19.973831176757812,3.9227135181427,2116.8502071770054
12538.0,13.229202270507812,3.2014589309692383,2116.9763402410026
12539.0,5.970335960388184,1.2736164331436157,2117.097869179008
12540.0,8.118903160095215,2.001654624938965,2117.2274143190007
12541.0,23.522380828857422,3.8386847972869873,2117.358345333996
12542.0,4.251277923583984,1.091190218925476,2117.463465423003
12543.0,8.677690505981445,1.924522042274475,2117.577302215999
12544.0,7.990546226501465,2.0478320121765137,2117.6865581349994
12545.0,20.135955810546875,3.9360368251800537,2117.7887104249967
12546.0,20.827735900878906,3.2338671684265137,2117.9015190479986
12547.0,20.618228912353516,4.111677169799805,2118.022921665004
12548.0,7.546475410461426,1.8617579936981201,2118.1343992839975
12549.0,26.97105598449707,4.548252105712891,2118.2410879340023
12550.0,26.52444839477539,4.2630295753479,2118.354249725002
12551.0,13.803932189941406,2.46148943901062,2118.4649569210014
12552.0,19.90968894958496,3.6706578731536865,2118.5961242799967
12553.0,17.302040100097656,3.251677989959717,2118.7148068130045
12554.0,6.06028413772583,1.482933759689331,2118.8331315480027
12555.0,9.466947555541992,1.7175341844558716,2118.9632281749946
12556.0,10.025453567504883,2.1144747734069824,2119.1101085539995
12557.0,4.968651294708252,1.207090139389038,2119.231872364995
12558.0,24.827220916748047,3.7015857696533203,2119.345320006003
12559.0,7.464994430541992,1.5389714241027832,2119.4676572839962
12560.0,29.57009506225586,5.241422653198242,2119.5771147930063
12561.0,6.343449592590332,1.6161253452301025,2119.6892060020036
12562.0,10.264806747436523,2.353160858154297,2119.792142298
12563.0,3.774585723876953,1.0136675834655762,2119.901364360994
12564.0,11.874303817749023,3.3497161865234375,2120.018191177005
12565.0,24.031326293945312,4.079475402832031,2120.1404986209964
12566.0,6.790378570556641,1.6982499361038208,2120.251428350006
12567.0,24.35108757019043,4.053983688354492,2120.365068433006
12568.0,32.187862396240234,4.466400623321533,2120.474431444003
12569.0,4.605127811431885,1.1731421947479248,2120.5868113229953
12570.0,23.575428009033203,3.914407968521118,2120.699485528996
12571.0,10.28921127319336,2.569211483001709,2120.816042799008
12572.0,17.14025115966797,2.875614643096924,2120.9246576400037
12573.0,17.897113800048828,3.3657398223876953,2121.043039505006
12574.0,23.056076049804688,3.759683847427368,2121.158632936
12575.0,5.164628982543945,1.231282353401184,2121.2720029519987
12576.0,10.913597106933594,2.628872871398926,2121.384138289999
12577.0,9.875059127807617,2.105954170227051,2121.4982922790077
12578.0,5.828678607940674,1.4379914999008179,2121.6140911969997
12579.0,8.423408508300781,1.677395224571228,2121.721496938
12580.0,17.7523250579834,3.3022375106811523,2121.849816091999
12581.0,4.098259925842285,0.986743152141571,2121.9708844220004
12582.0,3.984567642211914,0.9904718399047852,2122.088697283005
12583.0,9.168779373168945,1.954836130142212,2122.237229617007
12584.0,16.488540649414062,3.597506284713745,2122.3528370290005
12585.0,5.090160369873047,1.2538272142410278,2122.5048579690047
12586.0,10.35470962524414,2.16113543510437,2122.6293775230006
12587.0,7.589169502258301,1.9644081592559814,2122.741837146008
12588.0,5.473996162414551,1.4145512580871582,2122.8492830299947
12589.0,10.93118953704834,2.5768706798553467,2122.961040922004
12590.0,11.964605331420898,2.727741241455078,2123.076474772999
12591.0,12.168885231018066,2.3497138023376465,2123.2178039800056
12592.0,14.182851791381836,3.0967047214508057,2123.326200331998
12593.0,9.695808410644531,2.8318779468536377,2123.4369847220078
12594.0,48.44316101074219,6.438744068145752,2123.550344422998
12595.0,12.990434646606445,3.0274972915649414,2123.669522034994
12596.0,43.99972152709961,5.090164661407471,2123.790172093999
12597.0,19.94071388244629,3.1986806392669678,2123.931581412995
12598.0,8.686159133911133,1.8860764503479004,2124.0696718560066
12599.0,23.186023712158203,3.632258415222168,2124.245581937008
12600.0,70.98637390136719,8.302860260009766,2124.4148257579945
12601.0,5.459761142730713,1.567455768585205,2128.579523401
12602.0,15.589393615722656,3.2820796966552734,2128.6976226599945
12603.0,17.19784927368164,2.8793842792510986,2128.8202463199996
12604.0,19.876136779785156,3.6405041217803955,2128.956453343999
12605.0,18.277637481689453,3.3486764430999756,2129.0846136699984
12606.0,10.979736328125,2.283287763595581,2129.200266530999
12607.0,6.2985758781433105,1.5548956394195557,2129.3244491310033
12608.0,17.752147674560547,3.684389352798462,2129.4718351820047
12609.0,6.8579912185668945,1.646942377090454,2129.5867464990006
12610.0,9.073354721069336,2.290464162826538,2129.7036702629994
12611.0,8.737338066101074,2.119992256164551,2129.8166514729965
12612.0,16.09539794921875,3.0062789916992188,2129.9473521000036
12613.0,68.27860260009766,5.187021255493164,2130.073137918007
12614.0,13.599124908447266,2.652287244796753,2130.1860784460005
12615.0,4.903169631958008,1.2242597341537476,2130.336815272007
12616.0,18.539182662963867,3.7606375217437744,2130.462070017995
12617.0,9.449472427368164,2.261162519454956,2130.595723188002
12618.0,28.5378360748291,4.6053595542907715,2130.746706806007
12619.0,4.375621318817139,1.0376509428024292,2130.862081618994
12620.0,4.358299255371094,1.0972059965133667,2130.9768453290017
12621.0,6.249339580535889,1.5949912071228027,2131.1145639110036
12622.0,20.558780670166016,3.7930479049682617,2131.230955199004
12623.0,16.747465133666992,3.2694642543792725,2131.343574629005
12624.0,13.389164924621582,2.797057628631592,2131.4616012579936
12625.0,18.115493774414062,3.125209093093872,2131.601163558007
12626.0,9.35714340209961,1.9646844863891602,2131.7380537270074
12627.0,37.843994140625,5.336728096008301,2131.854166285004
12628.0,6.473823070526123,1.475956678390503,2131.9876936390065
12629.0,11.810478210449219,2.6660029888153076,2132.1209302329953
12630.0,9.440910339355469,1.6023461818695068,2132.2505061200063
12631.0,12.150614738464355,2.7547929286956787,2132.3667432520015
12632.0,21.16968536376953,3.8889551162719727,2132.4797892729985
12633.0,8.895522117614746,2.088944911956787,2132.5773902530054
12634.0,11.070755004882812,2.485651969909668,2132.6663094789983
12635.0,17.11737823486328,2.8723361492156982,2132.7859398019937
12636.0,24.086528778076172,3.7467498779296875,2132.8984566510044
12637.0,14.82432746887207,2.627027750015259,2133.0106683689955
12638.0,43.84587860107422,5.207583904266357,2133.1231125689956
12639.0,18.24317169189453,3.3036439418792725,2133.235972472001
12640.0,6.131357669830322,1.4533766508102417,2133.3525434589974
12641.0,5.251393795013428,1.2600302696228027,2133.4614547780075
12642.0,10.721647262573242,2.9784932136535645,2133.566520006003
12643.0,3.933218002319336,0.9540817141532898,2133.6769458079943
12644.0,22.85470962524414,4.71003532409668,2133.7916485239984
12645.0,17.76038360595703,3.302953004837036,2133.9134689850034
12646.0,17.684051513671875,3.4548861980438232,2134.0354655499978
12647.0,7.051478385925293,1.95332932472229,2134.1628358610033
12648.0,27.488906860351562,4.965456485748291,2134.276583194005
12649.0,6.930933952331543,1.5960354804992676,2134.391001947006
12650.0,14.215235710144043,2.667748212814331,2134.4991914239945
12651.0,28.55459976196289,4.802679538726807,2134.6078357950028
12652.0,26.63251495361328,4.460629940032959,2134.737343122004
12653.0,37.31104278564453,5.24582052230835,2134.847201605997
12654.0,11.89450454711914,2.153427839279175,2134.962912446994
12655.0,17.9566650390625,3.470642328262329,2135.076209634004
12656.0,7.406310558319092,1.9952667951583862,2135.213011173997
12657.0,91.40495300292969,10.167067527770996,2135.347933405006
12658.0,15.204314231872559,2.4967901706695557,2135.459076380008
12659.0,15.67070484161377,2.477607250213623,2135.576788581995
12660.0,10.995702743530273,3.0388731956481934,2135.6924792759964
12661.0,9.007890701293945,1.9795122146606445,2135.814367276005
12662.0,13.722213745117188,2.7300801277160645,2135.9474221790006
12663.0,17.182340621948242,2.930983781814575,2136.0520206910005
12664.0,31.425853729248047,4.883904457092285,2136.159279872998
12665.0,18.85163688659668,4.364971160888672,2136.276298583005
12666.0,51.020164489746094,7.106967449188232,2136.391790351001
12667.0,15.144632339477539,2.791410446166992,2136.512629332996
12668.0,108.71292114257812,11.286188125610352,2136.6298557270056
12669.0,4.865967273712158,1.4222060441970825,2136.747091523008
12670.0,11.407958984375,2.7791805267333984,2136.8661384809966
12671.0,8.549065589904785,2.107020378112793,2136.973730993006
12672.0,4.586583137512207,1.188998818397522,2137.0800947160023
12673.0,16.950986862182617,4.093230724334717,2137.191071958994
12674.0,10.442163467407227,2.8814516067504883,2137.2975871980016
12675.0,28.33023452758789,5.048947334289551,2137.405596330005
12676.0,8.987279891967773,2.169891834259033,2137.5145216240053
12677.0,9.087852478027344,2.0110251903533936,2137.625895040008
12678.0,38.35799789428711,5.238726615905762,2137.776390326995
12679.0,7.534226417541504,1.869081974029541,2137.8974391869997
12680.0,55.066261291503906,10.238744735717773,2138.0087956770003
12681.0,22.83371353149414,4.164684295654297,2138.1233064900007
12682.0,15.134757041931152,3.2786855697631836,2138.260209330998
12683.0,14.394524574279785,2.9033138751983643,2138.3696319199953
12684.0,13.742246627807617,2.924964666366577,2138.482645683005
12685.0,5.062618732452393,1.283060073852539,2138.597617064006
12686.0,7.965462684631348,1.6539649963378906,2138.7100898299977
12687.0,5.01712703704834,1.1548963785171509,2138.8320129030035
12688.0,16.415939331054688,3.777622699737549,2138.9484918819944
12689.0,10.441816329956055,1.8807356357574463,2139.0690774279938
12690.0,9.883525848388672,2.117478847503662,2139.2018034820067
12691.0,7.697951316833496,1.9527246952056885,2139.346114259999
12692.0,17.58394432067871,2.7431397438049316,2139.5026170990022
12693.0,9.819164276123047,1.9644863605499268,2139.6553914090036
12694.0,22.27495574951172,3.5994744300842285,2139.804229860005
12695.0,5.630687713623047,1.410659909248352,2139.958325781001
12696.0,47.31759262084961,6.393415927886963,2140.113429482997
12697.0,11.667557716369629,2.3194985389709473,2140.231024182998
12698.0,7.514059066772461,1.8007386922836304,2140.3413038510043
12699.0,7.306051254272461,1.7772858142852783,2140.448552026006
12700.0,26.76988983154297,4.714377403259277,2140.5616257090005
12701.0,5.043375492095947,1.3576452732086182,2144.8649190470023
12702.0,10.895658493041992,2.669203996658325,2145.0024906089966
12703.0,19.743885040283203,3.7204017639160156,2145.120094742
12704.0,13.622438430786133,2.7819809913635254,2145.2603285320074
12705.0,11.284600257873535,2.3406078815460205,2145.3749911049963
12706.0,8.969749450683594,1.8215112686157227,2145.492017028999
12707.0,5.030045032501221,1.4305856227874756,2145.6198254530027
12708.0,11.930207252502441,3.3292829990386963,2145.751064637996
12709.0,13.125253677368164,3.5799875259399414,2145.9104732419946
12710.0,3.893674373626709,0.9561818838119507,2146.029397392005
12711.0,20.47046661376953,3.509922504425049,2146.1499757260026
12712.0,9.280967712402344,2.0386223793029785,2146.303295153004
12713.0,8.59359073638916,2.1751608848571777,2146.478243206002
12714.0,22.88692855834961,4.436514854431152,2146.6465779520076
12715.0,5.541179656982422,1.4057570695877075,2146.7784938630066
12716.0,68.96176147460938,8.535041809082031,2146.8917644589965
12717.0,7.3810014724731445,1.6540073156356812,2146.9991152790026
12718.0,20.46097183227539,3.786872625350952,2147.133853446998
12719.0,6.8910675048828125,1.8805285692214966,2147.2678356230026
12720.0,12.640625,2.426609992980957,2147.3759835469973
12721.0,195.83741760253906,25.16318702697754,2147.4894891779986
12722.0,21.369770050048828,3.135275363922119,2147.6383068340074
12723.0,10.432831764221191,2.232537031173706,2147.753224134998
12724.0,16.02623748779297,2.846572160720825,2147.8655940330063
12725.0,11.111223220825195,2.129897356033325,2148.0250042760017
12726.0,6.2421112060546875,1.4529690742492676,2148.1473889110057
12727.0,4.664237022399902,1.0480318069458008,2148.2716749440006
12728.0,37.823455810546875,5.292867660522461,2148.399629809006
12729.0,35.66673278808594,5.332874298095703,2148.524546218003
12730.0,6.8939361572265625,1.837647557258606,2148.636407212005
12731.0,50.17597198486328,6.227543354034424,2148.7864890430064
12732.0,11.666873931884766,2.483173131942749,2148.932172397006
12733.0,37.319522857666016,4.454077243804932,2149.0731286910013
12734.0,9.29777717590332,2.1375269889831543,2149.2130853260023
12735.0,15.504857063293457,2.724111557006836,2149.347747567008
12736.0,9.506969451904297,2.079009532928467,2149.4644871519995
12737.0,29.48166275024414,4.097037315368652,2149.607036482994
12738.0,17.837379455566406,3.275055170059204,2149.7473246599984
12739.0,31.682361602783203,5.158737659454346,2149.8895182569977
12740.0,8.706960678100586,2.1201443672180176,2150.010078035004
12741.0,27.757030487060547,4.368035793304443,2150.1325093019987
12742.0,8.040044784545898,2.0389597415924072,2150.2506299929955
12743.0,4.948609828948975,1.1411787271499634,2150.3563233879977
12744.0,5.963102340698242,1.603461742401123,2150.469407265002
12745.0,20.66278839111328,3.6499876976013184,2150.5736742019944
12746.0,30.40030288696289,4.076005458831787,2150.6881400160055
12747.0,39.10308074951172,5.360163688659668,2150.8278694699984
12748.0,4.754353046417236,1.2242186069488525,2150.967141718007
12749.0,11.51882266998291,2.299800157546997,2151.0759144210024
12750.0,34.216094970703125,5.339415073394775,2151.186481194003
12751.0,9.625700950622559,2.362788677215576,2151.2946111570054
12752.0,7.02570104598999,1.627429723739624,2151.406617696004
12753.0,33.22196960449219,4.709259033203125,2151.517842993999
12754.0,17.170703887939453,3.6056876182556152,2151.629412937007
12755.0,5.522121429443359,1.2793506383895874,2151.748469004
12756.0,5.618101596832275,1.3406208753585815,2151.8603382389992
12757.0,25.813011169433594,4.150167465209961,2151.9816294000047
12758.0,34.352622985839844,5.305663108825684,2152.0897488519986
12759.0,10.724666595458984,2.3747477531433105,2152.2081488709955
12760.0,13.741443634033203,2.0231149196624756,2152.3216087330075
12761.0,22.461872100830078,3.3057148456573486,2152.4351881689945
12762.0,52.88457489013672,7.564927101135254,2152.5465736240003
12763.0,11.936277389526367,2.8224992752075195,2152.656950567005
12764.0,18.09515380859375,3.565977096557617,2152.7619388510066
12765.0,6.636184215545654,2.0341548919677734,2152.8712731520063
12766.0,58.127296447753906,7.080519676208496,2152.982994834005
12767.0,10.879060745239258,2.1991982460021973,2153.1110311240045
12768.0,4.022853374481201,1.0635108947753906,2153.246185551994
12769.0,18.688875198364258,3.169445753097534,2153.3817151010007
12770.0,6.597067832946777,1.6438708305358887,2153.491458340999
12771.0,5.950675964355469,1.774255394935608,2153.5997497450007
12772.0,13.214024543762207,2.305262804031372,2153.710622530998
12773.0,10.129556655883789,2.071350336074829,2153.8150640749955
12774.0,21.052146911621094,3.35933780670166,2153.919033152997
12775.0,6.925879001617432,1.7939856052398682,2154.027269027996
12776.0,7.71920919418335,1.9718570709228516,2154.137835304995
12777.0,10.780611991882324,2.334526538848877,2154.2508634419937
12778.0,5.978694438934326,1.35262131690979,2154.3605067320022
12779.0,10.486166000366211,2.393087148666382,2154.493549234001
12780.0,14.057878494262695,2.5182855129241943,2154.6076781979937
12781.0,5.261472702026367,1.2387702465057373,2154.7243367659976
12782.0,5.097579479217529,1.259771466255188,2154.838983153997
12783.0,9.204022407531738,1.9591442346572876,2154.9500609520037
12784.0,23.445709228515625,3.771867036819458,2155.0610584230017
12785.0,10.987448692321777,2.095421552658081,2155.168542390995
12786.0,11.1045503616333,2.2159206867218018,2155.2729752379964
12787.0,30.111934661865234,5.187119960784912,2155.3832735909964
12788.0,5.067838191986084,1.4711004495620728,2155.4971108549944
12789.0,31.104736328125,5.167670249938965,2155.6294936420018
12790.0,14.580894470214844,2.982172727584839,2155.7505005529965
12791.0,4.93931245803833,1.2940905094146729,2155.893194607008
12792.0,14.735628128051758,2.7081003189086914,2156.018618012007
12793.0,24.15334701538086,4.308629035949707,2156.1294459369965
12794.0,3.8974833488464355,1.167668342590332,2156.2417031399964
12795.0,10.079070091247559,2.186396598815918,2156.343155827999
12796.0,2.4136955738067627,0.6842398643493652,2156.448963415998
12797.0,5.250840663909912,1.223695993423462,2156.5554698600026
12798.0,5.032729625701904,1.0970743894577026,2156.6618732750067
12799.0,11.09644603729248,2.0845844745635986,2156.7707465529966
12800.0,5.398803234100342,1.3004512786865234,2156.889439478997
12801.0,28.191909790039062,4.544687271118164,2160.8912011520006
12802.0,4.398724555969238,1.0709491968154907,2161.005460856002
12803.0,11.430187225341797,2.593748092651367,2161.1166824569955
12804.0,8.669515609741211,2.0741183757781982,2161.235555141
12805.0,15.808930397033691,3.319586753845215,2161.3508570760023
12806.0,5.854709148406982,1.5579283237457275,2161.458929239001
12807.0,9.445698738098145,2.234429121017456,2161.575746329996
12808.0,18.26297378540039,3.23374080657959,2161.6899786129943
12809.0,6.997142791748047,1.8253837823867798,2161.815848498998
12810.0,9.21599292755127,2.1452107429504395,2161.9751182549953
12811.0,14.530996322631836,4.354679584503174,2162.0967465779977
12812.0,14.408416748046875,3.0135819911956787,2162.219634055
12813.0,33.15959167480469,5.377952575683594,2162.330789535001
12814.0,112.88694763183594,12.410996437072754,2162.510643557005
12815.0,11.356560707092285,2.7759547233581543,2162.6372748690046
12816.0,20.741657257080078,4.291490077972412,2162.761557681006
12817.0,23.791202545166016,3.498049020767212,2162.8723915220035
12818.0,5.504006385803223,1.300379991531372,2163.0171550230007
12819.0,107.065673828125,9.834733009338379,2163.1426377229946
12820.0,6.733177661895752,1.6019068956375122,2163.2611802720057
12821.0,10.494688034057617,2.677483558654785,2163.407209211
12822.0,10.39124584197998,2.6367063522338867,2163.533805839994
12823.0,8.192728996276855,1.926760196685791,2163.6477755219967
12824.0,4.663474082946777,1.1080607175827026,2163.808225795001
12825.0,22.410720825195312,3.657182455062866,2163.922317696997
12826.0,5.49810791015625,1.2987921237945557,2164.039976936998
12827.0,8.990777015686035,2.1575727462768555,2164.172914404
12828.0,9.577441215515137,2.18778657913208,2164.288442528996
12829.0,12.691116333007812,2.961453676223755,2164.429627759004
12830.0,3.6247406005859375,0.8571552634239197,2164.543289497
12831.0,27.38517951965332,4.239735126495361,2164.6603335420077
12832.0,21.69193458557129,3.56597900390625,2164.782925513995
12833.0,4.896516799926758,1.1932780742645264,2164.9134795410064
12834.0,5.582952499389648,1.5965638160705566,2165.023699272002
12835.0,5.975066184997559,1.4671183824539185,2165.165072390999
12836.0,4.5627546310424805,1.2808884382247925,2165.2835610589973
12837.0,6.1907453536987305,1.5777932405471802,2165.390855781996
12838.0,13.330207824707031,2.9630534648895264,2165.5009875039977
12839.0,5.100094795227051,1.245871663093567,2165.6152503610065
12840.0,32.320960998535156,7.158291816711426,2165.721355542002
12841.0,6.139277458190918,1.6434385776519775,2165.8407774499938
12842.0,73.82068634033203,6.941029071807861,2165.9538726169994
12843.0,3.6598315238952637,1.0319459438323975,2166.0864014660037
12844.0,20.37173843383789,3.7890706062316895,2166.2023922289954
12845.0,20.16075897216797,4.809686183929443,2166.323269967994
12846.0,5.409360885620117,1.5562952756881714,2166.4432481459953
12847.0,15.826292037963867,3.747606039047241,2166.559252520994
12848.0,13.874221801757812,2.693942070007324,2166.6710989279964
12849.0,26.52232551574707,4.582889080047607,2166.8069213739946
12850.0,28.422576904296875,4.17460823059082,2166.9502044880064
12851.0,5.8396453857421875,1.7688546180725098,2167.080571300001
12852.0,219.39697265625,22.40651512145996,2167.2090967889962
12853.0,13.027257919311523,2.619946241378784,2167.3192165729997
12854.0,6.700742721557617,1.8702954053878784,2167.434115864002
12855.0,4.8413591384887695,1.4328652620315552,2167.544767134008
12856.0,13.478286743164062,2.3923580646514893,2167.6579911430017
12857.0,3.598724842071533,0.8976197242736816,2167.7630303979968
12858.0,18.31817626953125,3.226712703704834,2167.8741784070007
12859.0,11.909954071044922,2.3611464500427246,2167.977449330996
12860.0,5.045912742614746,1.2131925821304321,2168.0849898849992
12861.0,27.48389434814453,4.094754219055176,2168.2039227589994
12862.0,21.178667068481445,3.400966167449951,2168.3256008570024
12863.0,9.796064376831055,2.0323173999786377,2168.435884556995
12864.0,11.035384178161621,2.3593876361846924,2168.547912702008
12865.0,8.788703918457031,1.9208991527557373,2168.6647936869995
12866.0,11.428503036499023,1.916805624961853,2168.802688557
12867.0,15.918595314025879,2.960054636001587,2168.925295195004
12868.0,9.287823677062988,2.358980655670166,2169.0359081780043
12869.0,23.550640106201172,3.587026834487915,2169.144129647
12870.0,10.850698471069336,2.4080371856689453,2169.2624176249956
12871.0,17.5297794342041,3.191441059112549,2169.3742163720017
12872.0,23.773618698120117,3.7608067989349365,2169.4856304870045
12873.0,31.361175537109375,4.8007001876831055,2169.596698841997
12874.0,11.035385131835938,1.9374117851257324,2169.7114006509946
12875.0,17.73331069946289,2.9499642848968506,2169.8372355650063
12876.0,25.799072265625,3.913078784942627,2169.948692121994
12877.0,6.317953109741211,1.403105616569519,2170.0669612320053
12878.0,13.233251571655273,2.555272102355957,2170.1699374699965
12879.0,9.407050132751465,2.030808448791504,2170.2849291879975
12880.0,18.671669006347656,3.4263322353363037,2170.391537885007
12881.0,5.977854251861572,1.4413472414016724,2170.521914351004
12882.0,26.817176818847656,3.8524158000946045,2170.6459169709997
12883.0,12.342408180236816,2.574777364730835,2170.758593328006
12884.0,10.125757217407227,2.0217738151550293,2170.8703142919985
12885.0,22.00348663330078,4.17362642288208,2170.986317464005
12886.0,18.51462173461914,3.330244779586792,2171.1237740640063
12887.0,6.4256696701049805,1.657925009727478,2171.237999500998
12888.0,24.052715301513672,3.8390066623687744,2171.3418715480075
12889.0,19.70754623413086,2.379711389541626,2171.452841915001
12890.0,39.71430969238281,4.446126937866211,2171.565266645004
12891.0,5.1258649826049805,1.146594524383545,2171.682002657006
12892.0,9.683393478393555,2.3682069778442383,2171.7950255619944
12893.0,36.3559684753418,4.877840518951416,2171.926326832996
12894.0,9.424871444702148,2.0970945358276367,2172.0369610479975
12895.0,6.134218215942383,1.9240981340408325,2172.149344895006
12896.0,18.924869537353516,3.162818193435669,2172.264548646999
12897.0,5.5428314208984375,1.3610875606536865,2172.4010156949953
12898.0,17.595651626586914,3.5827250480651855,2172.5173820000055
12899.0,9.065094947814941,1.7709436416625977,2172.6378368010046
12900.0,22.158016204833984,3.9542274475097656,2172.759599294004
12901.0,16.29896354675293,3.095212459564209,2176.7807368280046
12902.0,23.650527954101562,3.930742025375366,2176.894782549003
12903.0,11.658958435058594,2.326542377471924,2177.0038996810035
12904.0,5.0283002853393555,1.2711941003799438,2177.1066520650056
12905.0,5.32842493057251,1.2241441011428833,2177.217630668005
12906.0,76.70648193359375,8.147237777709961,2177.335090351
12907.0,23.09024429321289,4.332259178161621,2177.461143506007
12908.0,7.717731475830078,1.9387136697769165,2177.6215079670073
12909.0,17.396533966064453,3.3959853649139404,2177.789943106007
12910.0,46.72359848022461,5.9473795890808105,2177.929792167997
12911.0,8.736727714538574,1.5559062957763672,2178.1074881359964
12912.0,35.80431365966797,4.047147274017334,2178.231301384003
12913.0,6.943209171295166,1.7991313934326172,2178.3661040010047
12914.0,10.82562255859375,2.2875189781188965,2178.5137493810034
12915.0,7.047228813171387,1.5406668186187744,2178.636881819999
12916.0,26.034950256347656,4.542288303375244,2178.7747478289966
12917.0,11.951091766357422,2.8011744022369385,2178.893007856008
12918.0,6.074784278869629,1.6480025053024292,2179.030136417001
12919.0,17.800582885742188,2.8739562034606934,2179.151794727004
12920.0,12.469598770141602,2.3293118476867676,2179.2711029290076
12921.0,4.658690452575684,1.1969735622406006,2179.4017849230004
12922.0,79.6605224609375,8.874410629272461,2179.531297573005
12923.0,20.861087799072266,3.602510452270508,2179.663704587001
12924.0,7.985733509063721,2.3218741416931152,2179.791667643003
12925.0,36.032630920410156,4.847423553466797,2179.9100790869998
12926.0,8.701606750488281,2.219989061355591,2180.077375242996
12927.0,4.242528438568115,1.1695905923843384,2180.2120965840004
12928.0,16.750995635986328,3.213289499282837,2180.3239714640076
12929.0,15.281864166259766,3.1398677825927734,2180.459797932999
12930.0,15.060729026794434,2.659795045852661,2180.570539802997
12931.0,5.196013450622559,1.3624852895736694,2180.7296959130035
12932.0,6.32618522644043,1.7512379884719849,2180.859910358995
12933.0,27.103696823120117,4.132795333862305,2180.976025145006
12934.0,18.255878448486328,3.357679605484009,2181.1461026059987
12935.0,22.096492767333984,4.099396705627441,2181.8458075550006
12936.0,14.269050598144531,2.872575044631958,2182.5454397050053
12937.0,5.418646812438965,1.577947735786438,2183.279666086004
12938.0,4.893645763397217,1.2384321689605713,2184.0285889170045
12939.0,8.852816581726074,1.7824732065200806,2184.7660775900004
12940.0,5.081531524658203,1.185219645500183,2185.518269167005
12941.0,7.461236953735352,1.8472177982330322,2186.2783217410033
12942.0,47.20796203613281,6.757511138916016,2186.507641917997
12943.0,16.886125564575195,3.583885669708252,2186.6466624919995
12944.0,23.802196502685547,3.99845552444458,2186.7857086669974
12945.0,9.741414070129395,2.1740524768829346,2186.8981593149947
12946.0,4.753035545349121,1.308593511581421,2187.0092089730024
12947.0,3.9250736236572266,1.1591300964355469,2187.1234312290035
12948.0,17.805526733398438,3.7398934364318848,2187.2318492049963
12949.0,11.421833038330078,2.607875347137451,2187.349482744001
12950.0,4.702280044555664,1.2771999835968018,2187.469837010998
12951.0,19.44078826904297,3.534665107727051,2187.601177300996
12952.0,18.12979507446289,3.2757668495178223,2187.7339516219945
12953.0,7.826147556304932,1.662349820137024,2187.844688423007
12954.0,7.732285499572754,1.6098041534423828,2187.956435839995
12955.0,3.738117218017578,0.9126728177070618,2188.079767685005
12956.0,17.122920989990234,3.3965959548950195,2188.192613955005
12957.0,54.674564361572266,7.157040119171143,2188.3133383889945
12958.0,9.020597457885742,2.1591005325317383,2188.435175573002
12959.0,19.98212432861328,3.709617853164673,2188.5520902190037
12960.0,18.288841247558594,2.62829852104187,2188.6697810750047
12961.0,28.32813262939453,4.8199286460876465,2188.769447066996
12962.0,57.86505889892578,6.8366570472717285,2188.8701776149974
12963.0,24.25420379638672,3.3782224655151367,2188.9749350939965
12964.0,14.565486907958984,3.0198919773101807,2189.0764112769975
12965.0,9.728853225708008,2.2071056365966797,2189.2050841029995
12966.0,14.704605102539062,2.9741015434265137,2189.3127587189956
12967.0,12.09505844116211,2.4414925575256348,2189.418311319998
12968.0,10.477182388305664,2.216125965118408,2189.528843335007
12969.0,5.6693806648254395,1.3532826900482178,2189.650924554997
12970.0,7.528360366821289,1.8975059986114502,2189.7703464060032
12971.0,6.8223876953125,1.791473150253296,2189.8988644119963
12972.0,5.055883407592773,1.3475604057312012,2190.006496611997
12973.0,12.282703399658203,2.6808502674102783,2190.1263687280007
12974.0,10.144552230834961,1.892054796218872,2190.2378138659988
12975.0,7.500797748565674,2.063061475753784,2190.3476759049954
12976.0,37.648193359375,5.485461711883545,2190.482016709997
12977.0,6.857390403747559,1.8256083726882935,2190.597121494997
12978.0,5.718857288360596,1.3514028787612915,2190.7197789369966
12979.0,15.258548736572266,2.9400460720062256,2190.832012269995
12980.0,9.727575302124023,2.4600024223327637,2190.9454702219955
12981.0,17.1761531829834,3.939368963241577,2191.059996791999
12982.0,12.910539627075195,2.42812180519104,2191.175874406006
12983.0,4.20313835144043,1.0616884231567383,2191.2857688539953
12984.0,13.393425941467285,3.045628786087036,2191.3900009490026
12985.0,42.130287170410156,6.509411811828613,2191.498241181005
12986.0,9.886347770690918,2.1099982261657715,2191.612299280998
12987.0,8.808430671691895,2.02366304397583,2191.728357828004
12988.0,23.174510955810547,3.8316028118133545,2191.8423408730014
12989.0,3.292325258255005,0.8512114882469177,2191.9564972310036
12990.0,46.31941223144531,6.209748268127441,2192.069970010998
12991.0,57.998291015625,8.029753684997559,2192.183616081995
12992.0,20.732526779174805,2.965898036956787,2192.2974726100074
12993.0,6.698395729064941,1.5681796073913574,2192.405560801999
12994.0,5.000861167907715,1.2896283864974976,2192.512649473996
12995.0,5.726171493530273,1.5258467197418213,2192.622231248999
12996.0,23.063793182373047,3.719393491744995,2192.7349667689996
12997.0,3.8965346813201904,1.1327905654907227,2192.851382049994
12998.0,16.880126953125,3.464047431945801,2192.9657311960036
12999.0,12.678340911865234,2.1397557258605957,2193.0822864619986
13000.0,5.999457359313965,1.4318480491638184,2193.204268059999
13001.0,31.408166885375977,4.996389389038086,2197.629394030999
13002.0,17.79612922668457,3.586907148361206,2197.7367379189964
13003.0,6.357204437255859,1.9018902778625488,2197.8467482209962
13004.0,16.079669952392578,2.834188938140869,2197.9525481860037
13005.0,34.296871185302734,7.763138294219971,2198.0700020749937
13006.0,2.9087889194488525,0.7821903824806213,2198.1898535880027
13007.0,18.626480102539062,3.4510581493377686,2198.3045670379943
13008.0,6.4166436195373535,1.6668657064437866,2198.4179117589956
13009.0,16.43158721923828,3.2012929916381836,2198.529493716007
13010.0,8.170392990112305,2.0057437419891357,2198.650653416
13011.0,4.934741497039795,1.118482232093811,2198.8118038469984
13012.0,7.652564525604248,1.5627862215042114,2198.9232851200068
13013.0,9.91415786743164,2.1514575481414795,2199.072762762007
13014.0,41.952030181884766,5.972832202911377,2199.1891529139975
13015.0,5.651508808135986,1.5366098880767822,2199.3027060599998
13016.0,8.555770874023438,1.8504559993743896,2199.440230541004
13017.0,38.39602279663086,6.172576904296875,2199.553291242002
13018.0,7.505767822265625,1.7286326885223389,2199.742170440004
13019.0,33.324398040771484,4.61141300201416,2199.8847131130024
13020.0,7.670260429382324,1.4218623638153076,2200.0180900880077
13021.0,38.09747314453125,7.72330379486084,2200.1394515440043
13022.0,81.53644561767578,7.93052864074707,2200.253126305004
13023.0,6.931179046630859,1.5887384414672852,2200.3793302090053
13024.0,25.483562469482422,4.4685564041137695,2200.5056980679947
13025.0,17.02269744873047,2.9625165462493896,2200.630338051007
13026.0,8.215808868408203,1.979891300201416,2200.7389907830075
13027.0,6.0196733474731445,1.5900617837905884,2200.8506184080034
13028.0,36.16424560546875,5.5206170082092285,2200.9731569819996
13029.0,7.976324558258057,1.5745521783828735,2201.107326865007
13030.0,16.81847381591797,3.1927342414855957,2201.249622467003
13031.0,30.547744750976562,4.848165035247803,2201.367294115
13032.0,38.97229766845703,5.536678314208984,2201.509932467001
13033.0,4.040872573852539,1.3334718942642212,2201.617269766997
13034.0,31.190784454345703,4.913459300994873,2201.7334560839954
13035.0,12.151776313781738,2.8642096519470215,2201.846775678001
13036.0,13.338142395019531,2.909036636352539,2201.9771137189964
13037.0,43.10972595214844,5.152491092681885,2202.119415299996
13038.0,5.612539768218994,1.3424131870269775,2202.2280709909974
13039.0,13.740623474121094,2.8204171657562256,2202.3392410639935
13040.0,22.496280670166016,3.9225547313690186,2202.457305870994
13041.0,7.401925086975098,1.7567219734191895,2202.573430340999
13042.0,45.15794372558594,4.398768424987793,2202.696014917994
13043.0,5.720220565795898,1.4594510793685913,2202.840922196003
13044.0,11.87074089050293,2.0642688274383545,2202.955066948998
13045.0,14.227396011352539,2.7179813385009766,2203.081778667998
13046.0,13.768165588378906,2.874652862548828,2203.2562770609948
13047.0,5.111523628234863,1.2672369480133057,2203.4108616099984
13048.0,15.521825790405273,3.3228070735931396,2203.548709009003
13049.0,50.148536682128906,5.99220085144043,2203.6825517420075
13050.0,19.16893196105957,3.6284282207489014,2203.817931009995
13051.0,6.930331230163574,1.7825806140899658,2203.934466904
13052.0,6.690688133239746,1.4848519563674927,2204.058530063994
13053.0,14.331716537475586,2.7174713611602783,2204.184498745002
13054.0,18.28697967529297,3.1209239959716797,2204.2913877590036
13055.0,10.545673370361328,2.49884295463562,2204.4389665369963
13056.0,7.196954727172852,1.7094874382019043,2204.5550192200026
13057.0,6.236141204833984,1.6412643194198608,2204.670079620002
13058.0,6.708509922027588,1.537661075592041,2204.784049961003
13059.0,14.710269927978516,3.351907730102539,2204.9003398040077
13060.0,11.363974571228027,2.217120409011841,2205.016678133994
13061.0,15.199088096618652,2.7471933364868164,2205.1322609509953
13062.0,4.525090217590332,1.2129648923873901,2205.2450038850075
13063.0,22.587326049804688,3.8312079906463623,2205.3571303740027
13064.0,16.0296688079834,3.537047863006592,2205.471563744999
13065.0,11.2559814453125,2.39369797706604,2205.6176911520015
13066.0,5.221806049346924,1.3292229175567627,2205.7698325600068
13067.0,14.220972061157227,2.6288869380950928,2205.937328991
13068.0,15.287107467651367,3.1191492080688477,2206.0607051090046
13069.0,21.272686004638672,3.509079694747925,2206.1942479330028
13070.0,12.117870330810547,2.627312183380127,2206.3239827259968
13071.0,8.051883697509766,1.9925004243850708,2206.453224495999
13072.0,16.775556564331055,3.099658250808716,2206.5631453940005
13073.0,14.376900672912598,3.0346593856811523,2206.6845307159965
13074.0,6.853604793548584,1.5980381965637207,2206.803201546005
13075.0,14.881998062133789,2.9096977710723877,2206.9328530560015
13076.0,63.16999053955078,7.593032360076904,2207.064565567998
13077.0,33.05720520019531,3.8862392902374268,2207.193773713996
13078.0,7.313301086425781,1.9572820663452148,2207.3073017749994
13079.0,6.811735153198242,1.832579255104065,2207.4407449739956
13080.0,18.546844482421875,3.003628730773926,2207.553539171
13081.0,20.506040573120117,3.247631072998047,2207.669963762004
13082.0,4.866589546203613,1.2306921482086182,2207.7804202609987
13083.0,11.355993270874023,2.5821056365966797,2207.8920941230026
13084.0,14.946300506591797,2.38016939163208,2208.001442335997
13085.0,19.416004180908203,4.970753192901611,2208.1150601560075
13086.0,24.172624588012695,4.063704490661621,2208.2292469319946
13087.0,16.616554260253906,2.9304871559143066,2208.3337549209973
13088.0,26.532691955566406,4.178120136260986,2208.4459541370015
13089.0,18.368064880371094,4.291571617126465,2208.557422344995
13090.0,41.32341384887695,5.209184646606445,2208.6632639839954
13091.0,14.627555847167969,2.9963467121124268,2208.7642412279965
13092.0,5.8029890060424805,1.2725566625595093,2208.867671843007
13093.0,17.4698429107666,3.677959442138672,2208.9824360079947
13094.0,27.582042694091797,4.7080183029174805,2209.106374933006
13095.0,40.45518112182617,6.099097728729248,2209.2135047600023
13096.0,19.946929931640625,3.4436402320861816,2209.3231388440036
13097.0,6.809004306793213,1.588801622390747,2209.4401965459983
13098.0,42.34819030761719,5.007768154144287,2209.5596132649953
13099.0,38.927391052246094,5.190907001495361,2209.664431432
13100.0,12.513254165649414,2.2678771018981934,2209.7901834130025
13101.0,22.311777114868164,4.401472091674805,2213.845263102994
13102.0,8.854351043701172,1.8099160194396973,2213.963441023996
13103.0,29.9644832611084,4.562892436981201,2214.080930772994
13104.0,95.98170471191406,16.314170837402344,2214.203595829007
13105.0,4.371883392333984,1.0974074602127075,2214.325413022001
13106.0,8.537882804870605,2.1192214488983154,2214.438314166997
13107.0,43.789695739746094,6.112821102142334,2214.576286420008
13108.0,7.145445823669434,1.9589813947677612,2214.710531839999
13109.0,6.058970928192139,1.4966450929641724,2214.823371293998
13110.0,5.169609069824219,1.2347766160964966,2214.9357405040064
13111.0,4.359341621398926,1.122321605682373,2215.0433465240058
13112.0,9.475920677185059,2.128912925720215,2215.152074433994
13113.0,9.215110778808594,2.291066884994507,2215.2561182360078
13114.0,15.002485275268555,2.794755458831787,2215.3768264569953
13115.0,15.876861572265625,3.0343072414398193,2215.4978442300053
13116.0,5.654214382171631,1.4134191274642944,2215.6076118509955
13117.0,50.68920135498047,6.05202579498291,2215.7197222810064
13118.0,6.794270038604736,1.8920166492462158,2215.833730291997
13119.0,26.45769500732422,3.990903615951538,2215.9581272939977
13120.0,5.38618278503418,1.4617102146148682,2216.0844598450058
13121.0,9.015294075012207,1.9495415687561035,2216.2091476159985
13122.0,35.84349060058594,5.509228706359863,2216.3278432789957
13123.0,5.8725457191467285,1.5462207794189453,2216.447885710004
13124.0,15.408197402954102,2.8382954597473145,2216.582104938003
13125.0,10.859646797180176,2.3916823863983154,2216.7149929330044
13126.0,12.03811264038086,2.6107802391052246,2216.827860620004
13127.0,6.699219226837158,1.4306401014328003,2216.9548560279945
13128.0,25.26300811767578,3.8179409503936768,2217.0761703379976
13129.0,27.09210205078125,6.247695446014404,2217.1998440000025
13130.0,8.853630065917969,2.1808676719665527,2217.3361163340014
13131.0,16.024248123168945,3.080712080001831,2217.4494876350072
13132.0,10.001373291015625,2.1644277572631836,2217.5800686669972
13133.0,9.461526870727539,2.325164794921875,2217.732634148997
13134.0,44.03335189819336,5.654870510101318,2217.856618046004
13135.0,13.79153823852539,2.5336029529571533,2217.9670267689944
13136.0,54.78601837158203,6.967049598693848,2218.0857842380065
13137.0,21.102474212646484,2.7010905742645264,2218.204599896999
13138.0,3.9946696758270264,1.1093562841415405,2218.3931712060003
13139.0,21.13526153564453,3.962500810623169,2218.4970832349936
13140.0,5.18461799621582,1.3932788372039795,2218.602851796997
13141.0,6.432425498962402,1.7083319425582886,2218.7124938920024
13142.0,41.09523391723633,5.848493576049805,2218.8408243820013
13143.0,6.958677768707275,1.741829514503479,2218.9687298390054
13144.0,30.245532989501953,4.234682559967041,2219.095051162003
13145.0,11.013662338256836,2.5185742378234863,2219.2001335929963
13146.0,35.58855438232422,4.492736339569092,2219.3290461330034
13147.0,5.749739646911621,1.3791457414627075,2219.446028734994
13148.0,13.27876091003418,2.500458002090454,2219.5575345560064
13149.0,4.499017715454102,1.0830096006393433,2219.669517739996
13150.0,6.5938005447387695,1.7361961603164673,2219.780315516997
13151.0,6.982699871063232,2.093745708465576,2219.8972180020064
13152.0,7.949265480041504,2.0499329566955566,2220.0046014389955
13153.0,13.780593872070312,2.8373196125030518,2220.1175181129947
13154.0,10.653789520263672,2.529618740081787,2220.234174968995
13155.0,35.779212951660156,7.714059829711914,2220.3515828999953
13156.0,7.21490478515625,2.048170804977417,2220.4601352549944
13157.0,7.056800365447998,1.9015854597091675,2220.5696861350007
13158.0,9.49636459350586,2.0634970664978027,2220.6769790649996
13159.0,8.940240859985352,2.1173298358917236,2220.7829912300076
13160.0,8.067106246948242,1.7148064374923706,2220.8899243619962
13161.0,17.949172973632812,3.7038087844848633,2220.996509946999
13162.0,6.150635719299316,1.457568645477295,2221.116190642002
13163.0,5.000960350036621,1.1668423414230347,2221.223912611007
13164.0,4.251243591308594,0.9820998311042786,2221.332422927997
13165.0,9.031573295593262,2.3984055519104004,2221.446325380006
13166.0,8.895378112792969,1.8376771211624146,2221.5659189989965
13167.0,10.815652847290039,2.369718074798584,2221.6775200550037
13168.0,18.341768264770508,3.467461347579956,2221.792918662002
13169.0,9.447942733764648,2.413680076599121,2221.916939294999
13170.0,15.513236999511719,2.5174801349639893,2222.0320937549986
13171.0,7.073572158813477,2.02398419380188,2222.1421343569964
13172.0,10.311739921569824,2.7384514808654785,2222.257738991
13173.0,10.350253105163574,2.564267635345459,2222.3666849830042
13174.0,11.342244148254395,2.2663211822509766,2222.477124654004
13175.0,20.131378173828125,3.555433511734009,2222.5917979840015
13176.0,4.009506702423096,1.170768141746521,2222.705507150007
13177.0,18.21595001220703,2.969888210296631,2222.8230367420038
13178.0,23.091079711914062,4.224935531616211,2222.9329527299997
13179.0,20.182971954345703,3.460123300552368,2223.047812696008
13180.0,27.128997802734375,4.367974281311035,2223.164464739006
13181.0,15.939030647277832,2.9210503101348877,2223.2675301550044
13182.0,5.605859279632568,1.4038012027740479,2223.385519880001
13183.0,7.530579566955566,1.4002958536148071,2223.5084780680045
13184.0,14.001875877380371,2.893707513809204,2223.623317549005
13185.0,6.294768810272217,1.5886543989181519,2223.7390776190005
13186.0,18.93118667602539,2.7170045375823975,2223.858520060996
13187.0,13.91183090209961,3.336087226867676,2223.973479531007
13188.0,18.35311508178711,3.227245569229126,2224.0793287630077
13189.0,8.41833209991455,1.9777027368545532,2224.193498809007
13190.0,81.28584289550781,8.887628555297852,2224.3065962679975
13191.0,6.522089004516602,1.618857741355896,2224.4184537590045
13192.0,7.931196689605713,1.4984360933303833,2224.532431707994
13193.0,66.56898498535156,7.4500908851623535,2224.6477814990067
13194.0,4.897794246673584,1.2905752658843994,2224.7629937070014
13195.0,23.701162338256836,4.205261707305908,2224.8700486229936
13196.0,21.759048461914062,3.925220251083374,2224.975995269997
13197.0,12.972883224487305,2.422300338745117,2225.0975702860014
13198.0,7.8055620193481445,1.9069743156433105,2225.208085595994
13199.0,25.088699340820312,4.149028778076172,2225.336630402002
13200.0,8.054752349853516,1.9852029085159302,2225.452630286003
13201.0,12.293598175048828,2.402672052383423,2229.878591500994
13202.0,34.0958251953125,5.187845230102539,2230.005776541002
13203.0,12.305498123168945,2.250271797180176,2230.1110520520015
13204.0,83.40631103515625,8.556662559509277,2230.2513292280055
13205.0,22.850627899169922,4.0324883460998535,2230.357306282007
13206.0,21.617916107177734,3.813171625137329,2230.4655502130045
13207.0,5.951855182647705,1.8761557340621948,2230.5899640349962
13208.0,6.478919506072998,1.8119895458221436,2230.7053658460063
13209.0,22.287593841552734,3.763025999069214,2230.8198151929973
13210.0,4.8928070068359375,1.0788030624389648,2230.954182044996
13211.0,23.140117645263672,3.5296599864959717,2231.087557591003
13212.0,7.916531085968018,2.1298062801361084,2231.233928215006
13213.0,8.870325088500977,1.9508634805679321,2231.339762019008
13214.0,14.284778594970703,3.050328254699707,2231.4695223050076
13215.0,35.9168815612793,5.121484756469727,2231.5868386270013
13216.0,63.655540466308594,8.180254936218262,2231.699305429007
13217.0,7.699518203735352,2.164140224456787,2231.8074272270023
13218.0,13.082111358642578,2.3152737617492676,2231.9306429169956
13219.0,5.232096195220947,1.2010036706924438,2232.066138469003
13220.0,8.73873233795166,2.038503646850586,2232.4676266970055
13221.0,5.193903923034668,1.159584403038025,2233.420371329994
13222.0,84.97317504882812,9.857391357421875,2234.303793076004
13223.0,22.29944610595703,3.5142836570739746,2235.137581913994
13224.0,16.53714370727539,3.1365091800689697,2235.3827786610054
13225.0,10.183683395385742,2.5240302085876465,2235.5004907149996
13226.0,6.585948467254639,1.5958051681518555,2235.6141550610046
13227.0,13.01252269744873,2.526919364929199,2235.754374298005
13228.0,12.061311721801758,2.8033411502838135,2235.863948818005
13229.0,14.079004287719727,2.817258834838867,2235.995411230004
13230.0,10.5047607421875,2.421147108078003,2236.123877279999
13231.0,9.155014038085938,1.70412015914917,2236.248815668994
13232.0,23.056673049926758,3.7067556381225586,2236.371146521007
13233.0,22.457901000976562,4.145540237426758,2236.4966565659997
13234.0,27.66477394104004,3.6105287075042725,2236.627278453001
13235.0,47.041351318359375,9.657576560974121,2236.7627940959937
13236.0,9.305720329284668,2.0144498348236084,2236.883236855996
13237.0,18.59573745727539,3.132675886154175,2237.0074102159997
13238.0,3.670485496520996,0.9380403757095337,2237.1277453939983
13239.0,5.077807903289795,1.2220890522003174,2237.2967796970042
13240.0,16.65778350830078,2.9784979820251465,2237.4055871019955
13241.0,8.009026527404785,2.2641031742095947,2237.5154347009957
13242.0,6.258953094482422,1.4553579092025757,2237.624052223997
13243.0,11.301666259765625,2.1981475353240967,2237.755860008998
13244.0,6.123038291931152,1.4340901374816895,2237.8788984580024
13245.0,27.024200439453125,4.310055732727051,2237.9967787259957
13246.0,16.333791732788086,3.080458402633667,2238.1021203400014
13247.0,21.03417205810547,3.581054925918579,2238.215305956008
13248.0,4.018199443817139,0.9323897957801819,2238.329319219003
13249.0,5.717562675476074,1.612869143486023,2238.439786925999
13250.0,3.632009506225586,0.9530034065246582,2238.5485058360064
13251.0,15.676204681396484,2.8889951705932617,2238.652328383003
13252.0,7.7486677169799805,1.778806209564209,2238.7661127600004
13253.0,8.903183937072754,2.007354259490967,2238.881732694994
13254.0,23.572296142578125,3.729731559753418,2238.992610066998
13255.0,13.197218894958496,2.4534950256347656,2239.133008493998
13256.0,13.941156387329102,2.900709629058838,2239.2499251010013
13257.0,23.29383087158203,3.9426779747009277,2239.360052721997
13258.0,17.125125885009766,3.095553159713745,2239.4750099569937
13259.0,6.695914268493652,1.1864243745803833,2239.5937373460038
13260.0,8.399760246276855,2.6110785007476807,2239.708970783002
13261.0,13.437057495117188,2.5005509853363037,2239.8193795270054
13262.0,7.439047813415527,1.383820652961731,2239.9290212689957
13263.0,24.91042709350586,3.8562004566192627,2240.0430272270023
13264.0,4.899724006652832,1.1604337692260742,2240.1566385100014
13265.0,59.67047882080078,7.444427013397217,2240.2772212540003
13266.0,77.11734008789062,7.340504169464111,2240.3886286390043
13267.0,27.394161224365234,4.477529048919678,2240.5087385649967
13268.0,12.184770584106445,3.1532371044158936,2240.615364315003
13269.0,9.568633079528809,1.8460325002670288,2240.7250297830033
13270.0,15.004444122314453,3.1675798892974854,2240.829932200999
13271.0,7.596793174743652,1.9195295572280884,2240.9425830429973
13272.0,16.09893226623535,2.4839322566986084,2241.065478632998
13273.0,24.660747528076172,4.627923965454102,2241.1740067000064
13274.0,6.385199069976807,1.442880392074585,2241.292306153002
13275.0,24.061962127685547,3.419463634490967,2241.402514772999
13276.0,30.864845275878906,4.435162544250488,2241.5228697139974
13277.0,12.276007652282715,2.1487295627593994,2241.6364905200026
13278.0,30.890167236328125,4.716253757476807,2241.745059341003
13279.0,10.559980392456055,2.1927244663238525,2241.8569614050066
13280.0,138.6910400390625,17.70172119140625,2241.9716777260037
13281.0,13.015819549560547,2.491166830062866,2242.0821863349993
13282.0,64.4195556640625,6.788788318634033,2242.2000419749966
13283.0,11.625116348266602,2.3989450931549072,2242.3097803489945
13284.0,53.08354187011719,5.8751630783081055,2242.4148176300077
13285.0,6.051785469055176,1.4331859350204468,2242.518555981005
13286.0,12.820271492004395,2.555412769317627,2242.6269365390035
13287.0,20.7232666015625,3.3383922576904297,2242.7345512939937
13288.0,6.438194274902344,1.6164568662643433,2242.842612184002
13289.0,15.229564666748047,2.6326379776000977,2242.9559279800014
13290.0,7.781740188598633,1.6397775411605835,2243.0692625950032
13291.0,4.564903259277344,1.1317789554595947,2243.181311146007
13292.0,17.18769073486328,2.973452091217041,2243.295675332003
13293.0,28.251325607299805,4.647004127502441,2243.413087730005
13294.0,8.340093612670898,2.0101099014282227,2243.521971648006
13295.0,31.374969482421875,4.733860492706299,2243.630705577001
13296.0,6.813780784606934,1.5520528554916382,2243.734819088
13297.0,13.356260299682617,2.2103397846221924,2243.841749166997
13298.0,5.4927825927734375,1.3971807956695557,2243.948911190004
13299.0,57.93890380859375,6.820365905761719,2244.060959395996
13300.0,17.885807037353516,4.0174431800842285,2244.166382784999
13301.0,3.598010540008545,0.7980818748474121,2248.184844043004
13302.0,26.05523681640625,4.6882195472717285,2248.3225482169946
13303.0,14.131407737731934,2.4200236797332764,2248.440498709999
13304.0,5.248034477233887,1.5151060819625854,2248.5580700540013
13305.0,16.018970489501953,3.27016019821167,2248.6722263120027
13306.0,31.518922805786133,4.943474292755127,2248.7827240479965
13307.0,9.52131462097168,2.226144313812256,2248.886654654998
13308.0,20.2481689453125,3.203916072845459,2248.9943933640025
13309.0,5.71672248840332,1.4777348041534424,2249.105972160003
13310.0,6.039732933044434,1.3087797164916992,2249.234187944996
13311.0,30.37546157836914,5.196486473083496,2249.365924654994
13312.0,10.851768493652344,2.7582004070281982,2249.4969098449947
13313.0,11.413541793823242,2.300455331802368,2249.617832699005
13314.0,6.819400787353516,2.01576566696167,2249.735445971004
13315.0,38.032955169677734,5.82274866104126,2249.8480265800026
13316.0,8.395439147949219,2.167884588241577,2249.9627974769974
13317.0,17.14284324645996,2.9350979328155518,2250.0757187359995
13318.0,9.963531494140625,2.8989546298980713,2250.203875802006
13319.0,15.375377655029297,3.0398621559143066,2250.3214255130006
13320.0,29.326040267944336,4.737846374511719,2250.4365737629996
13321.0,4.80131721496582,1.2860311269760132,2250.5471337680065
13322.0,10.099729537963867,2.3605191707611084,2250.7620297770045
13323.0,12.237607955932617,2.921511650085449,2250.9681682060036
13324.0,22.354724884033203,3.652582883834839,2251.086687589006
13325.0,17.838979721069336,3.560560703277588,2251.2008545749995
13326.0,22.38104248046875,3.5917305946350098,2251.321208317997
13327.0,14.257232666015625,2.8082149028778076,2251.4402010720078
13328.0,21.06930923461914,3.4810032844543457,2251.5524713189952
13329.0,5.560006141662598,1.3766510486602783,2251.6743394219957
13330.0,7.6712565422058105,1.9245847463607788,2251.813370600008
13331.0,5.545251369476318,1.3643006086349487,2251.933923810997
13332.0,6.462162017822266,1.5254184007644653,2252.0681887149985
13333.0,17.827966690063477,2.849973678588867,2252.186636655999
13334.0,26.97616195678711,4.658856391906738,2252.347360009997
13335.0,8.606488227844238,1.8061493635177612,2252.4768725110043
13336.0,7.088770389556885,1.9932975769042969,2252.602300579005
13337.0,13.704033851623535,3.064589500427246,2252.7698702339985
13338.0,24.427467346191406,4.587047576904297,2252.9249424800073
13339.0,26.413501739501953,4.314752578735352,2253.028301133003
13340.0,55.77729415893555,7.262901782989502,2253.1448627200007
13341.0,16.564971923828125,3.408646583557129,2253.2542175749986
13342.0,4.077226638793945,1.106043815612793,2253.3692599339993
13343.0,35.774044036865234,5.136643886566162,2253.4838789600035
13344.0,7.035396575927734,1.654453158378601,2253.6186155530013
13345.0,85.69877624511719,9.105441093444824,2253.7458649280015
13346.0,32.01250457763672,4.252226829528809,2253.851747408
13347.0,11.188652038574219,2.1147897243499756,2253.9752033910045
13348.0,3.796231269836426,0.9231650829315186,2254.087568557996
13349.0,4.640417575836182,1.096778392791748,2254.1994508770003
13350.0,17.278900146484375,2.7293143272399902,2254.329982719006
13351.0,5.479018211364746,1.257946252822876,2254.4561994270043
13352.0,4.781579494476318,1.2058992385864258,2254.5688850470033
13353.0,13.250713348388672,2.704240560531616,2254.6834532520006
13354.0,18.429580688476562,3.264760971069336,2254.8088208929985
13355.0,17.305614471435547,3.906850814819336,2254.9276321780053
13356.0,4.630988597869873,1.1614181995391846,2255.0517793670006
13357.0,7.62033224105835,1.9890484809875488,2255.175559487994
13358.0,27.507213592529297,3.990065097808838,2255.295570136994
13359.0,20.424583435058594,2.999267578125,2255.4056215879973
13360.0,19.064807891845703,3.0222723484039307,2255.5153481720045
13361.0,16.274343490600586,2.9632294178009033,2255.633158361001
13362.0,18.063983917236328,3.4053423404693604,2255.776594862007
13363.0,13.14857292175293,2.8645825386047363,2255.8972708500078
13364.0,5.479144096374512,1.37754487991333,2256.036019816005
13365.0,18.143695831298828,3.3177013397216797,2256.161436709008
13366.0,8.830968856811523,1.8982789516448975,2256.2797013310046
13367.0,8.239751815795898,2.0964598655700684,2256.386280616003
13368.0,4.627026557922363,1.0601335763931274,2256.499098889006
13369.0,12.262149810791016,2.106971263885498,2256.6119964160025
13370.0,15.040149688720703,3.0962886810302734,2256.714588477
13371.0,17.788461685180664,3.535999298095703,2256.825525196007
13372.0,8.623347282409668,2.232210874557495,2256.935035575996
13373.0,11.544544219970703,2.3097918033599854,2257.0407953139947
13374.0,14.99472427368164,3.5154149532318115,2257.147922863005
13375.0,6.235246658325195,1.5527315139770508,2257.2587387230014
13376.0,24.25249671936035,4.04534387588501,2257.3691180250025
13377.0,5.78893518447876,1.3520798683166504,2257.4849775939947
13378.0,12.619592666625977,2.7876176834106445,2257.5961942680005
13379.0,83.94102478027344,8.801573753356934,2257.714884144996
13380.0,14.825968742370605,2.468200922012329,2257.8345210270054
13381.0,14.922006607055664,2.5446617603302,2257.943561027001
13382.0,6.0437541007995605,1.7684773206710815,2258.0545223640074
13383.0,8.374245643615723,1.8418914079666138,2258.163109822999
13384.0,13.664045333862305,2.7645931243896484,2258.2749514720053
13385.0,10.060811996459961,2.1675894260406494,2258.391740766994
13386.0,3.8492472171783447,1.0139104127883911,2258.511383514997
13387.0,5.577486991882324,1.6608693599700928,2258.629870952005
13388.0,4.98825216293335,1.2263487577438354,2258.7509886000043
13389.0,8.577651023864746,1.9693819284439087,2258.8708596009965
13390.0,8.762454986572266,1.463690161705017,2258.984502428997
13391.0,11.493757247924805,2.2954869270324707,2259.093822543
13392.0,13.61075210571289,2.6972029209136963,2259.1981919929967
13393.0,5.769251823425293,1.879060983657837,2259.3112130829977
13394.0,29.653926849365234,4.607397079467773,2259.422954160007
13395.0,12.123003005981445,2.681806802749634,2259.5352805099974
13396.0,5.25112771987915,1.6976704597473145,2259.6482861849945
13397.0,17.077198028564453,2.8956799507141113,2259.769005633003
13398.0,7.536322593688965,1.9641571044921875,2259.8840057229972
13399.0,4.792047023773193,1.23647940158844,2260.004426604006
13400.0,9.307552337646484,2.1528027057647705,2260.122192861003
13401.0,8.811516761779785,1.7303082942962646,2264.546224214995
13402.0,15.590946197509766,2.792393207550049,2264.693973681002
13403.0,38.348060607910156,4.946299076080322,2264.826510826999
13404.0,24.551233291625977,5.834253311157227,2264.972455363997
13405.0,16.179841995239258,3.229881763458252,2265.089269717995
13406.0,5.078000545501709,1.281992793083191,2265.199048199007
13407.0,3.6521384716033936,0.9453834295272827,2265.3514667790005
13408.0,15.69342041015625,3.5224156379699707,2265.4724156750017
13409.0,10.159013748168945,2.0250844955444336,2265.623619015998
13410.0,15.714923858642578,3.852695941925049,2265.779811198998
13411.0,10.995610237121582,2.7938337326049805,2265.919950704003
13412.0,20.878271102905273,3.616175413131714,2266.0294000970025
13413.0,35.25221633911133,8.07043743133545,2266.1666580879973
13414.0,69.19611358642578,8.611200332641602,2266.3043780989974
13415.0,27.63220977783203,5.021432876586914,2266.449046399008
13416.0,36.10161590576172,5.017714500427246,2266.6451203960023
13417.0,20.711132049560547,3.255274772644043,2266.7751789460017
13418.0,21.75349998474121,3.7859177589416504,2266.8963205979962
13419.0,6.107463359832764,1.580270528793335,2267.0384226049937
13420.0,6.694982528686523,1.8732341527938843,2267.170197928004
13421.0,6.8998284339904785,1.6748592853546143,2267.2885753989976
13422.0,32.18733215332031,4.686770439147949,2267.404371565004
13423.0,17.609312057495117,2.9819140434265137,2267.528495145001
13424.0,44.28919982910156,9.266034126281738,2267.6508828950027
13425.0,5.941106796264648,1.4043996334075928,2267.768412413003
13426.0,10.607746124267578,1.8851326704025269,2267.8852391740074
13427.0,9.35665512084961,1.9004480838775635,2268.013630128
13428.0,25.43316650390625,4.329950332641602,2268.1515292569966
13429.0,11.977909088134766,2.2110352516174316,2268.2721719039982
13430.0,25.214214324951172,4.272620677947998,2268.4220902850066
13431.0,10.403334617614746,2.710916519165039,2268.5481413060043
13432.0,6.538479328155518,1.7392436265945435,2268.6659726829967
13433.0,8.177367210388184,1.8896465301513672,2268.786214906999
13434.0,4.720351219177246,1.1885192394256592,2268.906209342007
13435.0,32.912540435791016,4.766108989715576,2269.0467039399955
13436.0,54.98371124267578,7.710872650146484,2269.161522174996
13437.0,23.00956153869629,4.179109573364258,2269.284356557997
13438.0,6.656012535095215,2.0083491802215576,2269.415577710999
13439.0,16.884485244750977,3.2516913414001465,2269.5334462430037
13440.0,21.04889678955078,3.482126235961914,2269.647455464001
13441.0,5.479804515838623,1.3858616352081299,2269.766296821006
13442.0,10.43460750579834,2.7335386276245117,2269.890563630004
13443.0,49.36344909667969,5.387777328491211,2270.062466197007
13444.0,5.857011795043945,1.5413297414779663,2270.193349580004
13445.0,6.193329334259033,1.8881034851074219,2270.309241114999
13446.0,21.541521072387695,4.171198844909668,2270.4520221419953
13447.0,5.852534294128418,1.3135778903961182,2270.5720070410025
13448.0,14.458555221557617,3.6536288261413574,2270.6802432889963
13449.0,41.966529846191406,4.961993217468262,2270.788882669003
13450.0,27.47694206237793,4.30279541015625,2270.897214812998
13451.0,26.019596099853516,4.051008701324463,2271.0086761919956
13452.0,4.960688591003418,1.4264566898345947,2271.1230015839974
13453.0,5.323441505432129,1.3854601383209229,2271.2326341080043
13454.0,10.108477592468262,2.139820098876953,2271.348863926003
13455.0,89.2327651977539,9.363931655883789,2271.4684888549964
13456.0,29.21230125427246,6.653780460357666,2271.5841892010067
13457.0,7.9138503074646,2.037952184677124,2271.7033181010047
13458.0,13.137752532958984,2.5137507915496826,2271.815226495004
13459.0,13.351316452026367,2.8011820316314697,2271.929051264
13460.0,8.751070976257324,2.2542741298675537,2272.0395860360004
13461.0,34.12279510498047,4.784428119659424,2272.1536675259995
13462.0,45.07756042480469,6.207921504974365,2272.270520582999
13463.0,14.175003051757812,2.757474660873413,2272.3787481699983
13464.0,18.266971588134766,3.5479977130889893,2272.4884374870016
13465.0,22.166603088378906,3.9819343090057373,2272.6003081429953
13466.0,19.603527069091797,3.549959897994995,2272.7116615900013
13467.0,14.30508041381836,3.2498672008514404,2272.826344510002
13468.0,11.767538070678711,2.624363899230957,2272.947426889994
13469.0,20.473670959472656,3.8744864463806152,2273.0797103219957
13470.0,12.679506301879883,2.7668042182922363,2273.1936204319936
13471.0,33.47871398925781,4.562760353088379,2273.3121070060006
13472.0,28.138988494873047,3.891460657119751,2273.4336472239956
13473.0,8.889097213745117,2.204348087310791,2273.5450272820017
13474.0,5.247488975524902,1.2684515714645386,2273.6667400000006
13475.0,11.558782577514648,2.1649556159973145,2273.7857994660008
13476.0,8.699405670166016,2.26206636428833,2273.8978289030056
13477.0,21.03293228149414,3.540236711502075,2274.026449793004
13478.0,38.825645446777344,5.989423751831055,2274.1728233019967
13479.0,18.270832061767578,3.6610913276672363,2274.300556607006
13480.0,33.96826934814453,5.609293460845947,2274.433197859995
13481.0,10.624120712280273,2.0907928943634033,2274.5554784889973
13482.0,4.344303607940674,1.0683130025863647,2274.6729544010013
13483.0,10.495256423950195,2.31217098236084,2274.7909489120066
13484.0,7.298617839813232,2.0786404609680176,2274.908727606002
13485.0,9.017353057861328,1.7770280838012695,2275.050085982002
13486.0,7.329660892486572,1.7844305038452148,2275.2109428149997
13487.0,14.666990280151367,3.0663883686065674,2275.3710723870026
13488.0,28.263717651367188,4.365841388702393,2275.5254520460003
13489.0,8.501708984375,2.297184467315674,2275.674853578006
13490.0,4.634505271911621,1.1825870275497437,2275.8157966080034
13491.0,12.436298370361328,2.528939723968506,2276.032025018998
13492.0,24.182674407958984,4.620851516723633,2276.191063487
13493.0,6.912506103515625,1.5636634826660156,2276.312924391008
13494.0,14.678961753845215,1.9882678985595703,2276.4445279369975
13495.0,20.8336181640625,3.436260223388672,2276.5835265710048
13496.0,64.06079864501953,10.582703590393066,2276.7274915040034
13497.0,6.504830837249756,1.5285921096801758,2276.868282304
13498.0,4.951396465301514,1.270872712135315,2277.005429609999
13499.0,22.289222717285156,3.613056182861328,2277.136769225006
13500.0,9.062945365905762,2.141044855117798,2277.2511244479974
13501.0,11.252270698547363,2.172912359237671,2283.0447415569943
13502.0,17.427120208740234,3.01074481010437,2283.1971971120074
13503.0,32.61768341064453,5.3180952072143555,2283.3348292019946
13504.0,13.048921585083008,2.5077807903289795,2283.5279978920007
13505.0,16.330154418945312,2.9481544494628906,2283.6745796439936
13506.0,4.702278137207031,1.3403459787368774,2283.809945026005
13507.0,23.43115234375,4.184665679931641,2283.9393694580067
13508.0,6.163313388824463,1.6010971069335938,2284.0695098090073
13509.0,8.878074645996094,2.082042694091797,2284.216130009998
13510.0,8.540966033935547,2.219264030456543,2284.3672547519964
13511.0,10.734020233154297,2.2145214080810547,2284.5117394270055
13512.0,20.853496551513672,4.714828014373779,2284.6750979820063
13513.0,6.502923965454102,1.4136804342269897,2284.810436915999
13514.0,27.912147521972656,4.184823513031006,2284.955055840008
13515.0,9.109944343566895,2.437431573867798,2285.089265001996
13516.0,31.06948471069336,5.280519962310791,2285.219198259001
13517.0,14.988748550415039,2.8298423290252686,2285.362441471996
13518.0,9.007914543151855,2.237478494644165,2285.545432091996
13519.0,13.126137733459473,3.0724809169769287,2285.6955366280017
13520.0,20.46095848083496,4.0368571281433105,2285.8511910639936
13521.0,8.501523971557617,1.620422601699829,2286.042286341006
13522.0,7.515388488769531,1.8912880420684814,2286.189004847998
13523.0,25.046886444091797,3.6325910091400146,2286.3306475910067
13524.0,12.951942443847656,3.542768716812134,2286.473607741995
13525.0,18.000778198242188,3.235319137573242,2286.599975204008
13526.0,7.029170036315918,1.5694880485534668,2286.7777351429977
13527.0,54.45806121826172,6.79315710067749,2286.914870515
13528.0,5.002256393432617,1.113922119140625,2287.0890729189996
13529.0,14.510469436645508,3.030527114868164,2287.231187393001
13530.0,22.836843490600586,3.7657382488250732,2287.389241669007
13531.0,7.659259796142578,1.2875984907150269,2287.5194954769977
13532.0,40.33782958984375,7.830359935760498,2287.6547494620027
13533.0,9.343827247619629,2.161466598510742,2287.7895207719994
13534.0,4.303154468536377,1.2415897846221924,2287.9170097059978
13535.0,16.606800079345703,3.0080490112304688,2288.044646331997
13536.0,6.199058532714844,1.7492069005966187,2288.1864642919973
13537.0,9.839208602905273,1.8139287233352661,2288.3472317630076
13538.0,6.187711238861084,1.365311622619629,2288.4863298010023
13539.0,32.95851516723633,5.268610000610352,2288.633614420003
13540.0,4.257441997528076,1.2390341758728027,2288.7992038490047
13541.0,5.42594051361084,1.2932133674621582,2288.9261500160064
13542.0,24.236812591552734,3.9208521842956543,2289.0637483720056
13543.0,12.316973686218262,2.426725387573242,2289.1801059069985
13544.0,23.247379302978516,3.710317373275757,2289.301424592006
13545.0,14.642720222473145,2.7790687084198,2289.431585077007
13546.0,19.29792022705078,4.863996982574463,2289.5629992769973
13547.0,6.226168632507324,1.4757448434829712,2289.6869116300077
13548.0,11.569513320922852,2.268348217010498,2289.8130283200007
13549.0,5.140005111694336,1.0544240474700928,2289.942416300997
13550.0,7.892946720123291,2.2627289295196533,2290.0822681760037
13551.0,24.476762771606445,4.334606647491455,2290.2096029469976
13552.0,12.824427604675293,2.091099977493286,2290.3365138189984
13553.0,5.312488079071045,1.4233899116516113,2290.483023990004
13554.0,18.229806900024414,3.1378767490386963,2290.6179455899983
13555.0,37.43090057373047,5.089133262634277,2290.7394096189964
13556.0,40.034950256347656,5.164588928222656,2290.865507202994
13557.0,18.796466827392578,3.459155797958374,2291.004912798002
13558.0,10.688424110412598,2.500504732131958,2291.1449943790067
13559.0,5.30936336517334,1.3449424505233765,2291.273732157002
13560.0,9.608604431152344,2.0119597911834717,2291.411283914
13561.0,14.816980361938477,2.7263009548187256,2291.548296994006
13562.0,23.164215087890625,3.992237091064453,2291.695836868006
13563.0,22.218002319335938,3.3527164459228516,2291.8564058040065
13564.0,10.745462417602539,2.117367744445801,2292.016924155003
13565.0,6.5369720458984375,1.3671555519104004,2292.178821155001
13566.0,5.096397399902344,1.6699798107147217,2292.331536430007
13567.0,55.74200439453125,5.769793510437012,2292.4497478050034
13568.0,16.079559326171875,3.403347969055176,2292.601105038004
13569.0,15.940268516540527,2.509927749633789,2292.7327990869962
13570.0,16.538774490356445,3.8558905124664307,2292.8569059370056
13571.0,11.200822830200195,2.284783124923706,2292.9859034060064
13572.0,5.569484233856201,1.4698047637939453,2293.1227951519977
13573.0,6.670746803283691,1.4930628538131714,2293.245251157001
13574.0,56.99551010131836,6.317540645599365,2293.394336008001
13575.0,6.410606861114502,1.5929230451583862,2293.516451510004
13576.0,5.281796932220459,1.3347848653793335,2293.6384860230028
13577.0,19.87326431274414,3.47733998298645,2293.758759514996
13578.0,5.527661323547363,1.369288444519043,2293.888384252001
13579.0,4.213584899902344,1.0414634943008423,2294.037759961997
13580.0,13.07674789428711,2.618833065032959,2294.147078267997
13581.0,15.323951721191406,3.0679800510406494,2294.2737203569995
13582.0,14.219545364379883,2.8608591556549072,2294.399682602001
13583.0,18.035423278808594,3.137683868408203,2294.5143510100024
13584.0,22.81619644165039,2.826073408126831,2294.646740078999
13585.0,13.000890731811523,2.8747003078460693,2294.7803625689994
13586.0,7.6206536293029785,1.7599762678146362,2294.9069500740006
13587.0,25.470626831054688,2.901982545852661,2295.037117718006
13588.0,21.66368293762207,3.817352533340454,2295.1789384730073
13589.0,8.429069519042969,1.9353301525115967,2295.326812846004
13590.0,5.520733833312988,1.3047311305999756,2295.4810345809965
13591.0,9.083992004394531,1.831673502922058,2295.6207558960014
13592.0,6.469110488891602,1.7049442529678345,2295.766114591999
13593.0,12.221535682678223,2.4252724647521973,2295.897002180005
13594.0,23.399913787841797,3.813978910446167,2296.030458730005
13595.0,59.99183654785156,6.749891757965088,2296.161922826999
13596.0,8.435280799865723,1.7061538696289062,2296.2856848520023
13597.0,6.112720966339111,1.7139596939086914,2296.403410747007
13598.0,7.578196048736572,1.752610683441162,2296.5263289769937
13599.0,14.06222915649414,3.0759289264678955,2296.6579088050057
13600.0,16.019052505493164,3.04258394241333,2296.782685444996
13601.0,14.671435356140137,2.506375312805176,2301.533288452003
13602.0,4.728682518005371,1.1091712713241577,2301.675277688002
13603.0,8.637094497680664,1.7342311143875122,2301.7939707920013
13604.0,17.451894760131836,3.6042938232421875,2301.9150302619964
13605.0,36.32304382324219,5.42073917388916,2302.049009112001
13606.0,17.39702033996582,2.5668325424194336,2302.1717646350007
13607.0,34.427913665771484,4.966958999633789,2302.291548813999
13608.0,20.972097396850586,3.911658525466919,2302.413851019999
13609.0,10.339960098266602,1.7522048950195312,2302.5344704279996
13610.0,6.338541030883789,1.4189411401748657,2302.6634321650054
13611.0,23.36990737915039,2.8828742504119873,2302.795408709004
13612.0,23.965961456298828,3.3588359355926514,2302.9497828460007
13613.0,9.454917907714844,2.191298723220825,2303.0823569360073
13614.0,12.378785133361816,2.7173385620117188,2303.2040411479975
13615.0,16.61326026916504,3.4840078353881836,2303.3493360059947
13616.0,36.35346221923828,3.252845287322998,2303.4818748800026
13617.0,5.729526042938232,1.4786605834960938,2303.6261366130057
13618.0,15.955544471740723,3.1821060180664062,2303.7488857179997
13619.0,20.979345321655273,3.382779121398926,2303.9231611290015
13620.0,9.510516166687012,2.3264472484588623,2304.049761315997
13621.0,20.31262969970703,3.246476888656616,2304.1927556199953
13622.0,7.219098091125488,1.7066612243652344,2304.341784738004
13623.0,14.695225715637207,3.729247570037842,2304.4756896949984
13624.0,9.676907539367676,2.177499532699585,2304.6487073470053
13625.0,12.031567573547363,2.362833261489868,2304.7746112690074
13626.0,12.314973831176758,2.308640718460083,2304.9299679810065
13627.0,18.351478576660156,3.3732690811157227,2305.0925985369977
13628.0,28.551250457763672,6.497625350952148,2305.238167567004
13629.0,7.831334114074707,1.8200864791870117,2305.3716203280055
13630.0,15.410320281982422,3.1764237880706787,2305.5319792579976
13631.0,6.717503547668457,1.4818596839904785,2305.672001441999
13632.0,8.805564880371094,1.9501349925994873,2305.8195210279955
13633.0,15.927406311035156,3.297511100769043,2305.9576480760006
13634.0,3.6875159740448,1.052367925643921,2306.1567573280045
13635.0,17.396282196044922,3.6178715229034424,2306.293854040996
13636.0,12.290620803833008,2.1959080696105957,2306.4398350980046
13637.0,8.93535041809082,2.2091012001037598,2306.601298428999
13638.0,31.460460662841797,4.678830146789551,2306.7450377700006
13639.0,12.052976608276367,2.3232851028442383,2306.902266831996
13640.0,3.6862974166870117,0.8684845566749573,2307.0366682010063
13641.0,12.837944030761719,3.3744611740112305,2307.181498178994
13642.0,11.375020980834961,2.1248433589935303,2307.3482365100062
13643.0,15.702508926391602,3.018613576889038,2307.497748712005
13644.0,14.146326065063477,2.885164976119995,2307.628693766994
13645.0,10.38377857208252,2.4593307971954346,2307.7672767009935
13646.0,7.313481330871582,1.8219932317733765,2307.8998427619954
13647.0,6.052151203155518,1.5469752550125122,2308.059378361999
13648.0,6.6753129959106445,1.9541451930999756,2308.2020533540053
13649.0,6.551114082336426,1.9822592735290527,2308.346950036008
13650.0,11.64272689819336,2.538357734680176,2308.4796901859954
13651.0,9.160943984985352,2.1853537559509277,2308.616361445005
13652.0,29.339719772338867,4.965978622436523,2308.758431898008
13653.0,3.494462728500366,0.8737157583236694,2308.903916893003
13654.0,16.56975555419922,3.006633996963501,2309.030382091005
13655.0,22.016250610351562,3.986011505126953,2309.1799280289997
13656.0,6.003622055053711,1.4735844135284424,2309.307792385007
13657.0,11.014110565185547,2.072373867034912,2309.4369005930057
13658.0,10.632696151733398,2.038576364517212,2309.5709246500046
13659.0,21.81800079345703,3.4235918521881104,2309.7044245760044
13660.0,4.5493340492248535,1.1208128929138184,2309.865188804004
13661.0,7.651593208312988,1.805214285850525,2309.998812649006
13662.0,15.509519577026367,2.8627421855926514,2310.131026934003
13663.0,7.756408214569092,2.133249282836914,2310.2596381689946
13664.0,23.6337833404541,3.721766948699951,2310.396249975005
13665.0,20.366127014160156,3.3989992141723633,2310.5285034800036
13666.0,24.960670471191406,4.563727378845215,2310.655315063006
13667.0,19.52254867553711,3.0798962116241455,2310.7851269060047
13668.0,5.476599216461182,1.620421290397644,2310.9229365329957
13669.0,4.182509422302246,0.9880673885345459,2311.066510883
13670.0,17.320301055908203,3.231276035308838,2311.1900640509994
13671.0,23.875720977783203,3.805111885070801,2311.3271979249985
13672.0,10.73554515838623,2.574483633041382,2311.463827892003
13673.0,2.70957350730896,0.7014119625091553,2311.600943092999
13674.0,29.260210037231445,3.9456169605255127,2311.727852402997
13675.0,4.250032424926758,1.055458664894104,2311.8702770310047
13676.0,49.09442901611328,6.610780239105225,2312.032961417004
13677.0,10.143675804138184,2.4151248931884766,2312.160368330995
13678.0,15.960129737854004,3.3992156982421875,2312.2982182429987
13679.0,17.357952117919922,2.7703397274017334,2312.4334668730007
13680.0,71.03121948242188,8.946002960205078,2312.571864208003
13681.0,7.657210826873779,1.8069257736206055,2312.7281746399967
13682.0,20.733556747436523,3.524517297744751,2312.862428477005
13683.0,9.133910179138184,1.74285888671875,2313.0032292090036
13684.0,12.492679595947266,2.429415225982666,2313.132324025006
13685.0,17.95489501953125,3.4779534339904785,2313.273440468998
13686.0,5.035808563232422,1.2588164806365967,2313.398136938995
13687.0,67.7345962524414,7.562139987945557,2313.519499229995
13688.0,10.345732688903809,2.862107515335083,2313.6444512190064
13689.0,9.38551139831543,2.347184181213379,2313.791292296999
13690.0,8.392732620239258,1.860102653503418,2313.9371671980043
13691.0,18.660354614257812,3.0194015502929688,2314.0864982079947
13692.0,8.13322639465332,2.1396825313568115,2314.2157825390022
13693.0,14.120023727416992,3.1497914791107178,2314.3417426249944
13694.0,5.882216453552246,1.8402502536773682,2314.487375997007
13695.0,24.030529022216797,3.796231508255005,2314.6194696900056
13696.0,10.018747329711914,2.6581051349639893,2314.7573054910026
13697.0,13.286918640136719,2.8997514247894287,2314.8864985139953
13698.0,11.257017135620117,2.1562933921813965,2315.0084463469975
13699.0,65.17745971679688,7.250572204589844,2315.2130206980073
13700.0,8.4105863571167,1.754214882850647,2315.3548278819944
13701.0,11.490915298461914,1.8892070055007935,2319.725944332007
13702.0,5.115614414215088,1.2377961874008179,2319.8443804309936
13703.0,11.829845428466797,2.2180001735687256,2319.978127912007
13704.0,4.23778772354126,1.0915501117706299,2320.1127139699965
13705.0,21.70464324951172,3.546794891357422,2320.2439254899946
13706.0,3.827585220336914,1.0197699069976807,2320.3904296340042
13707.0,9.363320350646973,2.124033212661743,2320.5165893859958
13708.0,31.37012481689453,5.4470438957214355,2320.661524893003
13709.0,20.13632583618164,3.4627604484558105,2320.799806821
13710.0,18.858489990234375,3.0416440963745117,2320.943915263997
13711.0,60.17212677001953,11.315581321716309,2321.088251213994
13712.0,7.965664863586426,1.530227541923523,2321.213678964996
13713.0,17.885940551757812,3.294088125228882,2321.372937631997
13714.0,18.767993927001953,3.859881639480591,2321.5112952189957
13715.0,7.877996444702148,2.1104652881622314,2321.6409785090073
13716.0,18.922096252441406,4.10580587387085,2321.7864911500074
13717.0,12.645776748657227,2.431946039199829,2321.9281565069978
13718.0,11.792925834655762,2.2499446868896484,2322.0759384709963
13719.0,5.644096851348877,1.2556673288345337,2322.241806895996
13720.0,20.986953735351562,3.83834171295166,2322.3812983969983
13721.0,17.749595642089844,2.8966498374938965,2322.5172605120024
13722.0,5.887294769287109,1.587664246559143,2322.6686775639973
13723.0,11.753632545471191,2.479487180709839,2322.813472609996
13724.0,24.974863052368164,3.812894344329834,2322.9321164730063
13725.0,89.61829376220703,8.558199882507324,2323.0783497280063
13726.0,16.373233795166016,3.2520036697387695,2323.212185498007
13727.0,39.73230743408203,5.983236789703369,2323.3510898999957
13728.0,13.179239273071289,2.6440162658691406,2323.4790509690065
13729.0,7.050356864929199,1.609450101852417,2323.6566911160044
13730.0,16.415868759155273,2.822169780731201,2323.836462214007
13731.0,5.916914939880371,1.7692501544952393,2323.9736285990075
13732.0,30.14856719970703,4.467485427856445,2324.1695213950006
13733.0,21.130672454833984,3.4910426139831543,2324.299203126997
13734.0,41.424442291259766,5.424906253814697,2324.4394983709935
13735.0,16.892818450927734,4.5735955238342285,2324.6228756229975
13736.0,17.53573226928711,3.4192986488342285,2324.7538339059975
13737.0,67.37559509277344,7.626439094543457,2324.9301212980063
13738.0,8.340984344482422,2.010195732116699,2325.0753142780013
13739.0,5.193130970001221,1.262341856956482,2325.2115862000064
13740.0,17.7291259765625,3.08683443069458,2325.356024185996
13741.0,18.325241088867188,3.6077582836151123,2325.5689274360047
13742.0,5.384808540344238,1.3212075233459473,2325.749691293997
13743.0,82.57656860351562,9.6926908493042,2325.8807071710035
13744.0,15.025493621826172,2.5701160430908203,2326.0293799770006
13745.0,22.125747680664062,3.3449409008026123,2326.194978212996
13746.0,9.468789100646973,2.211826801300049,2326.3159150110005
13747.0,26.247404098510742,4.780272960662842,2326.436016813008
13748.0,9.531355857849121,2.6931815147399902,2326.5593019340013
13749.0,9.456377029418945,2.3653922080993652,2326.685427438002
13750.0,4.802423477172852,1.1619001626968384,2326.814328178996
13751.0,4.993582248687744,1.2347816228866577,2326.9330749810033
13752.0,15.397525787353516,2.69535756111145,2327.0511372129986
13753.0,7.6024065017700195,1.8478163480758667,2327.1695766939956
13754.0,18.14620590209961,3.1265652179718018,2327.306465646994
13755.0,3.990952491760254,1.0668396949768066,2327.4339320639992
13756.0,15.409065246582031,3.291898488998413,2327.5582745249994
13757.0,8.19965934753418,2.295180559158325,2327.6864966400026
13758.0,12.102792739868164,2.3814473152160645,2327.8029882120027
13759.0,8.45551872253418,1.9791568517684937,2327.936071785007
13760.0,9.474132537841797,2.3324928283691406,2328.081417509995
13761.0,28.51353645324707,4.6422905921936035,2328.2365442500013
13762.0,3.9081993103027344,1.0619370937347412,2328.3602970409993
13763.0,57.39014434814453,10.854612350463867,2328.532723944998
13764.0,17.612632751464844,3.4852612018585205,2328.6696128449985
13765.0,7.784073352813721,1.732269048690796,2328.798089108008
13766.0,10.455020904541016,2.1665701866149902,2328.9250091870053
13767.0,4.261894226074219,1.0451629161834717,2329.0479347200016
13768.0,24.14554214477539,4.104644298553467,2329.1698784180044
13769.0,14.622735023498535,2.8449296951293945,2329.2998686280043
13770.0,18.265304565429688,3.5628411769866943,2329.456814981997
13771.0,10.471757888793945,2.5676300525665283,2329.588151910997
13772.0,9.256728172302246,2.5979995727539062,2329.7125138270058
13773.0,4.732827186584473,1.1739087104797363,2329.8357841209945
13774.0,18.400386810302734,3.4010183811187744,2329.9483214250067
13775.0,5.292477607727051,1.2631101608276367,2330.0743938560045
13776.0,13.729326248168945,2.9738378524780273,2330.1974132350006
13777.0,5.57163143157959,1.511826515197754,2330.318666417006
13778.0,8.551528930664062,2.0270962715148926,2330.4415087939997
13779.0,4.436620712280273,1.1208593845367432,2330.571260746001
13780.0,59.2785530090332,7.638180732727051,2330.7139537589974
13781.0,13.241792678833008,2.7303483486175537,2330.8617585169995
13782.0,12.502016067504883,2.332521915435791,2331.0087605989975
13783.0,9.268128395080566,1.7908196449279785,2331.151675368994
13784.0,27.144245147705078,4.433755874633789,2331.2905055779993
13785.0,17.480438232421875,3.2135305404663086,2331.425669670003
13786.0,23.47391128540039,3.7866861820220947,2331.557564333998
13787.0,3.995783805847168,1.0625253915786743,2331.6967867890053
13788.0,22.77999496459961,4.07467794418335,2331.812441866001
13789.0,7.68747091293335,2.117279291152954,2331.9466148430074
13790.0,16.202951431274414,3.0402588844299316,2332.0774172910023
13791.0,8.115296363830566,1.8442097902297974,2332.228544206999
13792.0,13.567960739135742,2.4923977851867676,2332.3945976920077
13793.0,29.17100715637207,4.608240604400635,2332.518433360994
13794.0,5.016181945800781,1.2624976634979248,2332.636216405008
13795.0,5.069036483764648,1.265046238899231,2332.7620805229963
13796.0,4.082272052764893,1.0560929775238037,2332.921531259999
13797.0,42.97887420654297,8.255888938903809,2333.052419804997
13798.0,7.848989009857178,1.5699610710144043,2333.212109818007
13799.0,4.561273574829102,1.1147767305374146,2333.370834909001
13800.0,6.633218288421631,1.8714358806610107,2333.503542342005
13801.0,14.742755889892578,3.0777525901794434,2338.595700396996
13802.0,78.56107330322266,7.526520252227783,2338.743007229001
13803.0,12.347309112548828,2.5179524421691895,2338.889934178005
13804.0,16.976669311523438,3.217567205429077,2339.0663038399944
13805.0,4.764842987060547,1.1961842775344849,2339.196700407003
13806.0,16.895397186279297,2.9973742961883545,2339.352225365001
13807.0,5.982863426208496,1.6756410598754883,2339.499838898002
13808.0,91.3650894165039,9.799582481384277,2339.6470187840023
13809.0,8.55299186706543,1.9721360206604004,2339.783699573003
13810.0,5.571058750152588,1.2379530668258667,2339.907692128996
13811.0,12.804710388183594,3.010128974914551,2340.030549807998
13812.0,14.167284965515137,3.3209710121154785,2340.141802376005
13813.0,16.627124786376953,3.5251991748809814,2340.2669141320075
13814.0,24.611989974975586,4.247170448303223,2340.4077986570046
13815.0,13.975385665893555,3.047126054763794,2340.570648107998
13816.0,5.075432777404785,1.2717244625091553,2340.697485634999
13817.0,5.403756141662598,1.304352879524231,2340.827653696004
13818.0,9.566009521484375,2.467271089553833,2340.9767888450006
13819.0,16.122493743896484,3.285144805908203,2341.1293914380076
13820.0,19.39569091796875,3.1661505699157715,2341.2784012470074
13821.0,8.226293563842773,2.1563608646392822,2341.401007320994
13822.0,30.524023056030273,5.015283584594727,2341.525770499007
13823.0,86.3253402709961,9.273480415344238,2341.6553251680016
13824.0,4.128767490386963,1.095380425453186,2341.7807844290073
13825.0,24.982330322265625,4.077447891235352,2341.940096763996
13826.0,16.918304443359375,3.3127732276916504,2342.0764794069983
13827.0,66.08740234375,7.199378490447998,2342.2021862849942
13828.0,25.657629013061523,5.877110481262207,2342.384405003002
13829.0,4.662482738494873,1.2086735963821411,2342.536607834001
13830.0,12.5224609375,2.8357603549957275,2342.7090273009962
13831.0,7.438741683959961,1.689254641532898,2342.8587005949958
13832.0,9.553921699523926,2.363682270050049,2343.020512534
13833.0,7.264091491699219,2.0941836833953857,2343.1991432439972
13834.0,21.74974822998047,3.0911529064178467,2343.3672322269995
13835.0,19.81698226928711,3.6339380741119385,2343.5489372370066
13836.0,25.898727416992188,3.95334529876709,2343.6864379860053
13837.0,18.643413543701172,2.8416738510131836,2343.857037648995
13838.0,32.428977966308594,5.266182899475098,2344.023987613007
13839.0,18.992408752441406,3.419780731201172,2344.1655970590073
13840.0,7.634007453918457,1.979628562927246,2344.339969452005
13841.0,28.177675247192383,4.612771987915039,2344.513771800004
13842.0,12.815835952758789,2.4417057037353516,2344.674323337007
13843.0,11.050591468811035,2.7090609073638916,2344.8336437209946
13844.0,21.031404495239258,3.3036673069000244,2345.0305121389974
13845.0,10.630528450012207,2.27396821975708,2345.196726768001
13846.0,3.4929237365722656,0.9812470078468323,2345.384683684999
13847.0,13.881096839904785,2.6054224967956543,2345.5134478539985
13848.0,7.520806789398193,1.4477458000183105,2345.681051861
13849.0,17.219655990600586,3.528407573699951,2345.8263956220035
13850.0,15.655805587768555,3.0751771926879883,2346.0092865479965
13851.0,19.592140197753906,3.9065370559692383,2346.1474991300056
13852.0,16.74110221862793,3.1962811946868896,2346.281795842995
13853.0,18.647789001464844,4.135523319244385,2346.4229235200037
13854.0,12.35402774810791,3.3887670040130615,2346.6048190389993
13855.0,7.287347793579102,1.7495174407958984,2346.7719775909936
13856.0,15.580360412597656,3.1853089332580566,2346.9108217699977
13857.0,61.2236328125,8.071920394897461,2347.0474388069997
13858.0,14.315749168395996,3.316243886947632,2347.189210109005
13859.0,9.979754447937012,1.8671003580093384,2347.3178192579944
13860.0,9.898143768310547,2.22710919380188,2347.4459789959947
13861.0,5.669301986694336,1.3345967531204224,2347.588751477
13862.0,26.54821014404297,4.704719066619873,2347.7274251430063
13863.0,6.337001323699951,1.4272987842559814,2347.8686421070015
13864.0,21.414073944091797,3.6754508018493652,2348.019782560994
13865.0,15.23481559753418,2.8922972679138184,2348.1777479489974
13866.0,13.292709350585938,2.8215160369873047,2348.308939659997
13867.0,10.91018295288086,2.000577211380005,2348.4615519060026
13868.0,6.8542585372924805,2.06862735748291,2348.603273012006
13869.0,36.80620574951172,4.492956638336182,2348.734923133001
13870.0,4.363144874572754,0.9696683287620544,2348.8767889339942
13871.0,20.539932250976562,3.1483075618743896,2349.008331984005
13872.0,27.970672607421875,4.460608959197998,2349.1529580320057
13873.0,11.93354606628418,2.4519431591033936,2349.313209949003
13874.0,7.938092231750488,2.495296001434326,2349.455673314995
13875.0,4.855319023132324,1.1484297513961792,2349.6155789250042
13876.0,6.609686374664307,1.7177351713180542,2349.746686326005
13877.0,5.499558925628662,1.4682674407958984,2349.9101609780046
13878.0,5.049769401550293,1.2630168199539185,2350.066260712003
13879.0,9.392949104309082,2.0668647289276123,2350.2025512990076
13880.0,6.47616720199585,2.024416446685791,2350.3295630509965
13881.0,4.881632328033447,1.3438308238983154,2350.4815676879953
13882.0,10.473154067993164,2.3901946544647217,2350.612860181005
13883.0,14.709623336791992,2.9306657314300537,2350.749683415008
13884.0,6.929373741149902,1.812755823135376,2350.8859536450036
13885.0,33.66482162475586,5.473674774169922,2351.020929172999
13886.0,8.912564277648926,2.0425634384155273,2351.1989962679945
13887.0,21.354562759399414,3.8495988845825195,2351.35120551
13888.0,6.564228057861328,1.5452393293380737,2351.4936751719943
13889.0,8.851519584655762,2.19777250289917,2351.636682359007
13890.0,13.389683723449707,2.4931800365448,2351.7596090580046
13891.0,22.18097686767578,3.547126054763794,2351.9241613019985
13892.0,36.00999450683594,5.18032169342041,2352.073469805997
13893.0,6.085343360900879,1.5964367389678955,2352.2185960439965
13894.0,9.27814769744873,2.196953296661377,2352.3764656629937
13895.0,15.772065162658691,2.8604774475097656,2352.5085686370003
13896.0,7.490748405456543,1.6223812103271484,2352.637363376998
13897.0,13.178202629089355,2.357828140258789,2352.761915504001
13898.0,22.098100662231445,3.858703374862671,2352.8969248609937
13899.0,6.919421195983887,1.6624573469161987,2353.057730190005
13900.0,24.76774787902832,4.063836574554443,2353.1795474490063
13901.0,21.728801727294922,2.8090245723724365,2357.676082916005
13902.0,5.546505451202393,1.4239702224731445,2357.7999184200016
13903.0,72.06664276123047,8.670281410217285,2357.920883233004
13904.0,46.439674377441406,6.26476526260376,2358.066788288008
13905.0,7.019535541534424,1.8557556867599487,2358.1796576189954
13906.0,5.072978973388672,1.364972472190857,2358.3118812729954
13907.0,5.150814533233643,1.4910764694213867,2358.4453868739947
13908.0,12.813517570495605,2.8024425506591797,2358.571796067001
13909.0,5.433060646057129,1.3401304483413696,2358.7172586369998
13910.0,11.52379035949707,2.3841707706451416,2358.847473668997
13911.0,85.63086700439453,10.494770050048828,2358.978285521007
13912.0,10.125539779663086,2.6769137382507324,2359.1170400590054
13913.0,7.713915824890137,2.3293685913085938,2359.2372358099965
13914.0,12.753061294555664,2.130369186401367,2359.3547116959962
13915.0,6.310429096221924,1.4319274425506592,2359.4857372270053
13916.0,37.38603591918945,4.80951452255249,2359.6136014280055
13917.0,56.76976013183594,7.645476818084717,2359.743664898997
13918.0,10.609394073486328,2.1711485385894775,2359.8726188230066
13919.0,6.495431900024414,1.9905741214752197,2360.003245126005
13920.0,16.986892700195312,2.549138069152832,2360.1232300489937
13921.0,19.296154022216797,3.500084638595581,2360.2463790559996
13922.0,16.30551528930664,3.031278371810913,2360.386646207
13923.0,3.0899598598480225,0.6979882121086121,2360.5037558869954
13924.0,11.175992965698242,2.1792917251586914,2360.655711401996
13925.0,10.695939064025879,2.43912410736084,2360.785846105995
13926.0,36.78569793701172,3.906972646713257,2360.9407750959945
13927.0,4.850254535675049,1.5264219045639038,2361.064298487996
13928.0,25.57438850402832,3.9955015182495117,2361.1964871480013
13929.0,18.333837509155273,3.465391159057617,2361.3428028579947
13930.0,219.3224334716797,19.216651916503906,2361.4879530759936
13931.0,4.908658981323242,1.1130256652832031,2361.6318705940066
13932.0,4.9421281814575195,1.3959455490112305,2361.75631307
13933.0,12.488313674926758,2.9908900260925293,2361.9387876779947
13934.0,8.485301971435547,1.8776352405548096,2362.079735006002
13935.0,15.765433311462402,3.1466987133026123,2362.241804284
13936.0,73.15479278564453,9.611763954162598,2362.402157467004
13937.0,14.97502326965332,2.471527338027954,2362.553994968999
13938.0,10.293824195861816,2.1535580158233643,2362.7228537140036
13939.0,3.5603363513946533,0.9184622168540955,2362.8658519720047
13940.0,38.727378845214844,6.205387115478516,2363.013190433994
13941.0,6.454606056213379,1.559341311454773,2363.1504165590013
13942.0,21.9429988861084,3.8116772174835205,2363.3092556720076
13943.0,15.916535377502441,2.934384346008301,2363.4683920550015
13944.0,4.611583232879639,1.141460657119751,2363.6016195279954
13945.0,16.121891021728516,2.8649349212646484,2363.722721842001
13946.0,21.19342041015625,3.6596262454986572,2363.8637152169977
13947.0,40.15785598754883,4.825174331665039,2364.0364187219966
13948.0,65.26808166503906,6.721078872680664,2364.1642211870058
13949.0,7.464627265930176,1.8116532564163208,2364.3356426139944
13950.0,12.353068351745605,2.704766035079956,2364.4797139820002
13951.0,4.937467575073242,1.291785717010498,2364.621762306997
13952.0,3.172252893447876,0.9446866512298584,2364.749751369003
13953.0,52.85810852050781,6.800073146820068,2364.8823787510046
13954.0,4.777493476867676,1.4915368556976318,2365.0127666519984
13955.0,4.692811012268066,1.154738426208496,2365.1456311780057
13956.0,12.504995346069336,3.0461533069610596,2365.2693359200057
13957.0,16.50003433227539,3.9158506393432617,2365.4120564979967
13958.0,8.545209884643555,1.9303810596466064,2365.5508597599983
13959.0,18.787044525146484,3.2776546478271484,2365.672166018994
13960.0,10.901077270507812,2.5997087955474854,2365.8051478520065
13961.0,6.632416248321533,1.5246878862380981,2365.9380614980037
13962.0,23.226356506347656,4.212414741516113,2366.0707539480063
13963.0,19.230632781982422,3.3906047344207764,2366.1911799039954
13964.0,8.884530067443848,2.224905490875244,2366.310606895
13965.0,4.078948974609375,0.9952542781829834,2366.431249094996
13966.0,16.76044464111328,3.260974884033203,2366.5593050339958
13967.0,14.382715225219727,2.560927391052246,2366.6779402319953
13968.0,18.26968002319336,3.420375347137451,2366.8261830819974
13969.0,13.04947280883789,2.498593807220459,2366.9599370869983
13970.0,5.0687103271484375,1.5120652914047241,2367.0814470439946
13971.0,25.623470306396484,4.117578983306885,2367.229028899994
13972.0,6.81588077545166,1.7412223815917969,2367.349975299003
13973.0,8.336864471435547,1.9276853799819946,2367.4853564829973
13974.0,9.961958885192871,2.4015884399414062,2367.6081246480026
13975.0,22.911924362182617,3.7547104358673096,2367.739678900005
13976.0,41.775604248046875,6.761781215667725,2367.8744028200017
13977.0,5.398342609405518,1.3886754512786865,2368.0017546050076
13978.0,11.45526123046875,2.330307960510254,2368.131740775003
13979.0,5.079638957977295,1.3614675998687744,2368.2791770780022
13980.0,21.797256469726562,3.4636054039001465,2368.415004235998
13981.0,13.783760070800781,2.5429933071136475,2368.550558774994
13982.0,24.491039276123047,4.33009147644043,2368.6921218049974
13983.0,5.527889728546143,1.426003098487854,2368.8464220640017
13984.0,27.081159591674805,4.465770244598389,2368.968184915997
13985.0,11.734323501586914,2.5832889080047607,2369.093256941007
13986.0,7.34002685546875,1.2592517137527466,2369.212329204005
13987.0,15.836529731750488,3.7311513423919678,2369.337599370003
13988.0,5.621808052062988,1.2722158432006836,2369.4654592570005
13989.0,10.09773063659668,2.123574733734131,2369.5870761490078
13990.0,5.148414134979248,1.2361775636672974,2369.7033513829956
13991.0,9.231712341308594,2.3697831630706787,2369.826848348006
13992.0,42.29985427856445,8.434218406677246,2369.967684428004
13993.0,11.657577514648438,2.6923153400421143,2370.1174873599957
13994.0,13.58980941772461,2.537994384765625,2370.2598804040026
13995.0,20.90210723876953,3.6321117877960205,2370.394528147008
13996.0,24.643047332763672,3.8191208839416504,2370.513179400994
13997.0,5.74155855178833,1.3177443742752075,2370.6556019650016
13998.0,33.329917907714844,5.485992431640625,2370.7715285390004
13999.0,10.835776329040527,2.5140738487243652,2370.9534216030006
14000.0,11.433974266052246,2.5936193466186523,2371.073487800997
14001.0,19.14651107788086,5.192368984222412,2378.315971650998
14002.0,6.091355323791504,1.7705259323120117,2378.4327455610037
14003.0,37.486793518066406,5.610883712768555,2378.557273694998
14004.0,7.524660110473633,1.6828978061676025,2378.6851410439995
14005.0,10.43226432800293,2.12886905670166,2378.804255201001
14006.0,6.529618263244629,1.7478570938110352,2378.931520886006
14007.0,6.523338317871094,1.8206063508987427,2379.0494408749946
14008.0,3.709993362426758,1.0686485767364502,2379.170956670001
14009.0,5.900353908538818,1.5792627334594727,2379.3014510840003
14010.0,4.527192115783691,1.0920652151107788,2379.442662845002
14011.0,9.313578605651855,1.9987330436706543,2379.5747079260036
14012.0,15.351920127868652,2.5354156494140625,2379.688823517994
14013.0,6.108479022979736,1.569359302520752,2379.804633563006
14014.0,11.597984313964844,2.30792236328125,2379.9405231540004
14015.0,17.426353454589844,2.863797664642334,2380.0625536180014
14016.0,5.417383670806885,1.465672254562378,2380.206607636006
14017.0,37.33832550048828,5.1176252365112305,2380.352302280997
14018.0,63.06013870239258,8.345898628234863,2380.482789204005
14019.0,31.48897933959961,4.449758529663086,2380.601152265008
14020.0,3.452746868133545,0.7889034152030945,2380.724947113995
14021.0,35.23778533935547,5.876144886016846,2380.8573758669954
14022.0,15.61042594909668,3.3617584705352783,2380.9764879669965
14023.0,5.577014923095703,1.4830235242843628,2381.162186233996
14024.0,19.982227325439453,4.7573957443237305,2381.3038780619972
14025.0,8.373554229736328,2.043536424636841,2381.4708460730035
14026.0,25.31734275817871,4.064589977264404,2381.6011796509993
14027.0,4.1145477294921875,0.9978890419006348,2381.7638083570055
14028.0,13.862380981445312,2.935666799545288,2381.912090288999
14029.0,40.3552131652832,5.789805889129639,2382.0384646260063
14030.0,22.567007064819336,3.9337964057922363,2382.2181101930037
14031.0,4.549342155456543,1.0309486389160156,2382.5019504759985
14032.0,29.11126708984375,3.9078989028930664,2382.650396601006
14033.0,10.617230415344238,2.502293825149536,2382.785781251994
14034.0,4.288086891174316,1.18783700466156,2382.938474199007
14035.0,10.394485473632812,2.3206286430358887,2383.0974096980062
14036.0,6.168729305267334,1.5803253650665283,2383.2846390320046
14037.0,8.068233489990234,1.707952857017517,2383.449217522997
14038.0,135.60540771484375,12.457865715026855,2383.574148793996
14039.0,15.171272277832031,3.0510811805725098,2383.707950722004
14040.0,7.125826835632324,1.6648532152175903,2383.8389543520025
14041.0,7.33375358581543,1.809006929397583,2383.9685297779943
14042.0,21.31574249267578,3.8545072078704834,2384.094278539007
14043.0,18.62698745727539,4.013387680053711,2384.2353299539973
14044.0,66.75133514404297,7.707390308380127,2384.395277388001
14045.0,20.569978713989258,3.4008004665374756,2384.5909933259973
14046.0,4.391946792602539,1.049314260482788,2384.7685778680025
14047.0,8.189092636108398,1.8786298036575317,2384.912553686998
14048.0,12.224384307861328,2.13507080078125,2385.069415185004
14049.0,14.488073348999023,2.9261703491210938,2385.187115273002
14050.0,22.21869468688965,3.857624053955078,2385.3090783579974
14051.0,12.49393081665039,2.402312755584717,2385.429927360994
14052.0,73.78634643554688,9.210290908813477,2385.554721298002
14053.0,25.008201599121094,5.017192840576172,2385.6794741729973
14054.0,14.577498435974121,2.576129913330078,2385.8060577319993
14055.0,8.914222717285156,2.310664176940918,2385.9389733639982
14056.0,18.516935348510742,3.646427631378174,2386.0690133269964
14057.0,5.194446563720703,1.2548776865005493,2386.189981567004
14058.0,10.977057456970215,2.895838499069214,2386.336695421007
14059.0,14.526047706604004,2.892864942550659,2386.4873174639943
14060.0,7.6774749755859375,2.2913525104522705,2386.6190029779973
14061.0,6.784498691558838,1.7703609466552734,2386.7411110370012
14062.0,5.846308708190918,1.653175711631775,2386.872366804004
14063.0,27.873310089111328,4.959529399871826,2387.0153151010018
14064.0,32.687042236328125,5.394986152648926,2387.1571637470042
14065.0,4.696355819702148,1.1679009199142456,2387.283882150994
14066.0,5.1641435623168945,1.2523678541183472,2387.4040728980035
14067.0,8.662188529968262,2.3734352588653564,2387.543312259004
14068.0,37.5128059387207,8.32367992401123,2387.6753984550014
14069.0,9.573811531066895,2.116724967956543,2387.8137063339964
14070.0,26.771800994873047,4.379363536834717,2387.9363117900066
14071.0,18.403995513916016,3.0956366062164307,2388.060031764995
14072.0,6.506572723388672,1.4127799272537231,2388.1833012360003
14073.0,9.760704040527344,2.4038190841674805,2388.303227098004
14074.0,12.022245407104492,2.847717046737671,2388.4392553869984
14075.0,11.095909118652344,2.3866260051727295,2388.5537744610047
14076.0,6.542362689971924,1.8433623313903809,2388.6668344490026
14077.0,9.987475395202637,2.4197144508361816,2388.7857336720044
14078.0,11.559600830078125,2.4192986488342285,2388.901473613005
14079.0,14.012542724609375,2.3933424949645996,2389.049696173999
14080.0,22.059741973876953,3.5613815784454346,2389.1948086839984
14081.0,6.082235813140869,1.7576199769973755,2389.3405325019994
14082.0,15.175300598144531,2.935570240020752,2389.4869381419994
14083.0,4.486331462860107,1.235563039779663,2389.693280745996
14084.0,5.457339286804199,1.2346621751785278,2389.8355553900037
14085.0,27.61551284790039,6.4275407791137695,2389.965172365002
14086.0,15.442259788513184,2.779165267944336,2390.143430188007
14087.0,13.034065246582031,2.8331634998321533,2390.2979640480044
14088.0,30.371841430664062,4.870565891265869,2390.457122370004
14089.0,6.720305919647217,1.762284755706787,2390.6031155340024
14090.0,14.511390686035156,2.733029365539551,2390.7391459640057
14091.0,10.488899230957031,2.1384382247924805,2390.888262141001
14092.0,5.114291667938232,1.3344945907592773,2391.051319645994
14093.0,15.251508712768555,2.693821668624878,2391.204932196997
14094.0,6.8780293464660645,1.6148653030395508,2391.338300260002
14095.0,8.32460880279541,1.9658273458480835,2391.4822542409966
14096.0,29.131080627441406,3.403125286102295,2391.6513062400045
14097.0,18.677841186523438,2.9905381202697754,2391.7973398339964
14098.0,8.614531517028809,2.0896294116973877,2391.938923506008
14099.0,2.973320245742798,0.8230538368225098,2392.087524589995
14100.0,24.017780303955078,4.007995128631592,2392.2389746650006
14101.0,18.21433448791504,3.2941834926605225,2396.9764357490058
14102.0,10.067928314208984,2.0234785079956055,2397.1025074219942
14103.0,26.66018295288086,4.152741432189941,2397.2221065610065
14104.0,5.432048320770264,1.2631056308746338,2397.337315976998
14105.0,33.39232635498047,5.372259616851807,2397.458942037003
14106.0,22.07049560546875,3.822235345840454,2397.573174117002
14107.0,10.165143966674805,1.9330308437347412,2397.710470117003
14108.0,17.637516021728516,3.4440834522247314,2397.8547528540075
14109.0,43.09575271606445,6.6218647956848145,2398.002332489006
14110.0,52.07859420776367,10.168132781982422,2398.1308276430063
14111.0,8.724485397338867,2.2136151790618896,2398.2506267610006
14112.0,22.274093627929688,3.5162527561187744,2398.3666107320023
14113.0,4.471158981323242,1.0784443616867065,2398.501384770003
14114.0,15.22397232055664,3.0986695289611816,2398.662567773994
14115.0,79.74627685546875,9.627903938293457,2398.8172512360034
14116.0,9.765677452087402,2.046729564666748,2399.045544471999
14117.0,2.7390828132629395,0.8403404355049133,2399.252992074995
14118.0,18.461772918701172,3.5454797744750977,2399.402254175002
14119.0,21.550060272216797,4.845486640930176,2399.5216826370015
14120.0,70.73836517333984,7.450746059417725,2399.6443332719937
14121.0,51.10414123535156,6.5463080406188965,2399.7777788509993
14122.0,6.849393844604492,1.5308122634887695,2399.954924799007
14123.0,13.916519165039062,2.5721957683563232,2400.106502766008
14124.0,8.02990436553955,2.070197343826294,2400.247806932006
14125.0,5.015143871307373,1.3423380851745605,2400.369982723001
14126.0,20.746915817260742,3.836337089538574,2400.4945389170025
14127.0,4.477381229400635,1.0008281469345093,2400.6669528399943
14128.0,37.370086669921875,3.7799735069274902,2400.8015324419976
14129.0,28.29074478149414,4.9439897537231445,2400.971669273
14130.0,11.886759757995605,3.037628412246704,2401.0970219330047
14131.0,11.929075241088867,2.7545413970947266,2401.2388260839944
14132.0,26.33557891845703,4.823543548583984,2401.3778015319986
14133.0,14.845398902893066,3.2379956245422363,2401.514802783
14134.0,43.64117431640625,6.092405319213867,2401.6402430610033
14135.0,15.131418228149414,2.608074426651001,2401.768594944995
14136.0,5.001918792724609,1.5535327196121216,2401.903831759002
14137.0,7.48746395111084,1.6093710660934448,2402.0324312230077
14138.0,84.75328063964844,9.544438362121582,2402.1503546750027
14139.0,19.69488525390625,3.350681781768799,2402.2671738469944
14140.0,11.577312469482422,2.128506898880005,2402.3807077149977
14141.0,11.244943618774414,2.6259236335754395,2402.539636401998
14142.0,28.257266998291016,4.542911529541016,2402.654758211007
14143.0,11.753807067871094,2.3286921977996826,2402.779446804998
14144.0,29.001163482666016,4.417271137237549,2402.9010945430055
14145.0,8.54951286315918,1.5048943758010864,2403.0200531559967
14146.0,5.242493152618408,1.256807804107666,2403.135046766998
14147.0,12.76115608215332,2.869795083999634,2403.2447314159945
14148.0,5.761927604675293,1.4389516115188599,2403.351200193996
14149.0,4.043713569641113,1.0447578430175781,2403.460781522008
14150.0,8.930547714233398,2.190877914428711,2403.566501662004
14151.0,7.746070861816406,2.0952887535095215,2403.676540600005
14152.0,4.639280796051025,1.2014585733413696,2403.821611627005
14153.0,14.961516380310059,2.6159276962280273,2403.9254582870053
14154.0,4.313302993774414,1.1329189538955688,2404.022704596995
14155.0,4.90364933013916,1.4499163627624512,2404.151170765006
14156.0,16.738239288330078,2.163818120956421,2404.271577499996
14157.0,8.188312530517578,1.8645614385604858,2404.3858509639977
14158.0,26.44751739501953,4.48117208480835,2404.497626751996
14159.0,4.627674579620361,1.3309299945831299,2404.6351022440067
14160.0,4.954626083374023,1.3181780576705933,2404.7449333039986
14161.0,7.7235822677612305,1.8409866094589233,2404.891861748998
14162.0,14.265146255493164,2.910533905029297,2405.0104782900016
14163.0,11.789379119873047,2.4761481285095215,2405.1351624850067
14164.0,8.634812355041504,1.9345149993896484,2405.2542020740075
14165.0,5.852161884307861,1.5416432619094849,2405.3663738339965
14166.0,50.4943962097168,6.266860008239746,2405.4746628690045
14167.0,9.3336181640625,1.8719102144241333,2405.5844731240068
14168.0,10.800651550292969,2.4212586879730225,2405.703795089008
14169.0,29.695646286010742,3.6654322147369385,2405.815201214995
14170.0,7.79188346862793,2.1249051094055176,2405.931387542005
14171.0,5.535945892333984,1.3916021585464478,2406.038250080004
14172.0,31.546276092529297,7.04414701461792,2406.152215889
14173.0,17.629920959472656,3.077286958694458,2406.2812088820065
14174.0,3.3774919509887695,0.7928080558776855,2406.390517706008
14175.0,5.179115295410156,1.2966370582580566,2406.4990434479987
14176.0,6.374652862548828,1.570288062095642,2406.6119174439955
14177.0,19.958839416503906,3.214362382888794,2406.7290247100027
14178.0,5.505923748016357,1.2688134908676147,2406.832906516007
14179.0,6.696524620056152,1.834145188331604,2406.9416484279936
14180.0,9.039281845092773,1.993736743927002,2407.061137220997
14181.0,5.105035305023193,1.335590124130249,2407.170380386
14182.0,43.112159729003906,5.816097259521484,2407.275139499994
14183.0,11.991151809692383,2.4505183696746826,2407.3785546500003
14184.0,27.557861328125,4.376668453216553,2407.4846552429954
14185.0,6.678772926330566,1.745526909828186,2407.5898446250067
14186.0,2.5842039585113525,0.7198362350463867,2407.747762004001
14187.0,6.447537422180176,1.6066031455993652,2407.8597222600074
14188.0,14.194234848022461,2.6974802017211914,2407.9766724359943
14189.0,10.139177322387695,2.220651865005493,2408.0846310199995
14190.0,11.59388542175293,2.373508930206299,2408.1862385819986
14191.0,4.083397388458252,1.1945618391036987,2408.3017361899983
14192.0,41.672454833984375,5.580661773681641,2408.4458267790033
14193.0,11.61495590209961,2.4203381538391113,2408.555402013997
14194.0,5.959368705749512,1.8658418655395508,2408.6804764260014
14195.0,21.33365249633789,3.3860342502593994,2408.8058298609976
14196.0,6.540325164794922,1.5730139017105103,2408.9187531539937
14197.0,3.2726449966430664,0.8782507181167603,2409.0229912810028
14198.0,65.58154296875,8.044232368469238,2409.1476120820007
14199.0,9.544578552246094,2.045186996459961,2409.264072389007
14200.0,4.859736442565918,1.228304386138916,2409.3795394280023
14201.0,14.862508773803711,3.420071840286255,2414.754603718
14202.0,27.790668487548828,3.907656669616699,2414.884475562998
14203.0,29.37303352355957,4.568440914154053,2415.0221402629977
14204.0,24.69049835205078,3.928640365600586,2415.169972008007
14205.0,2.973127603530884,0.8650826811790466,2415.312274551994
14206.0,14.700034141540527,3.043426752090454,2415.472059282998
14207.0,9.637985229492188,2.050889253616333,2415.628675991
14208.0,22.47764778137207,3.6737189292907715,2415.763639832003
14209.0,5.4558868408203125,1.3205747604370117,2415.882462110996
14210.0,8.96861457824707,2.0177316665649414,2416.031880385999
14211.0,9.328655242919922,1.854810118675232,2416.1679742169945
14212.0,34.46428298950195,4.357585430145264,2416.311846919998
14213.0,11.11909008026123,2.113795042037964,2416.479552926001
14214.0,9.493998527526855,2.069629669189453,2416.6299636500044
14215.0,17.944435119628906,2.440831184387207,2416.763213498998
14216.0,27.728260040283203,4.5344014167785645,2416.9089282689965
14217.0,25.53962516784668,4.127869129180908,2417.043236423997
14218.0,20.116737365722656,3.4964675903320312,2417.168591573005
14219.0,19.4136962890625,3.646970748901367,2417.301882437998
14220.0,20.205814361572266,4.064385890960693,2417.428604893008
14221.0,24.425479888916016,3.9508309364318848,2417.564365654005
14222.0,13.84320068359375,2.9158265590667725,2417.6973941100005
14223.0,21.070884704589844,3.659383773803711,2417.849711632007
14224.0,5.153510093688965,1.2531639337539673,2417.9881012910046
14225.0,11.282206535339355,2.612028121948242,2418.1444902560033
14226.0,36.93889617919922,4.212130069732666,2418.2720023080037
14227.0,22.7615909576416,3.183182954788208,2418.415754265996
14228.0,20.964191436767578,3.3227765560150146,2418.5477062790014
14229.0,5.309501647949219,1.436760425567627,2418.6951366389985
14230.0,11.12883186340332,2.4204649925231934,2418.8960023249965
14231.0,11.82771110534668,2.212087631225586,2419.0531628710014
14232.0,9.122880935668945,2.198997735977173,2419.2128834750038
14233.0,26.57291030883789,4.749572277069092,2419.431327942002
14234.0,28.603137969970703,4.533512592315674,2419.634232589
14235.0,6.932514190673828,1.7710514068603516,2419.7539717710024
14236.0,20.699785232543945,3.092174530029297,2419.923325131007
14237.0,6.482687473297119,1.772312045097351,2420.110481270007
14238.0,4.571274757385254,1.076160192489624,2420.2466420540004
14239.0,7.473955154418945,1.925260066986084,2420.3882231229945
14240.0,4.461361885070801,1.1383074522018433,2420.5198752300057
14241.0,12.696792602539062,3.1204657554626465,2420.655144984994
14242.0,6.328686237335205,1.4503068923950195,2420.877402568003
14243.0,7.706530570983887,1.7844960689544678,2420.995351628997
14244.0,23.75111198425293,3.945836067199707,2421.131519126997
14245.0,6.425729274749756,1.621946096420288,2421.263306014007
14246.0,37.447574615478516,4.513372898101807,2421.4308145039977
14247.0,7.717858791351318,2.4757494926452637,2421.597065185997
14248.0,11.621538162231445,2.795658826828003,2421.727566874004
14249.0,14.799829483032227,2.7376949787139893,2421.911088377994
14250.0,10.648170471191406,2.153580665588379,2422.071650856
14251.0,13.564554214477539,2.736177682876587,2422.238107401994
14252.0,15.45810604095459,3.308863401412964,2422.497369663004
14253.0,20.469100952148438,3.369450569152832,2422.6353065360017
14254.0,19.698623657226562,3.8800296783447266,2422.775266169003
14255.0,70.15159606933594,9.571578979492188,2422.9552460770064
14256.0,5.716052055358887,1.3786375522613525,2423.085463002004
14257.0,18.9222354888916,4.0567946434021,2423.249082205002
14258.0,4.206733703613281,1.0562750101089478,2423.376800565995
14259.0,15.813593864440918,3.3297650814056396,2423.504843197996
14260.0,5.752840518951416,1.2897950410842896,2423.6268741670065
14261.0,16.629716873168945,3.3828647136688232,2423.7558354680077
14262.0,8.704523086547852,2.0645244121551514,2423.8890156639973
14263.0,11.154232025146484,2.2317421436309814,2424.015083817998
14264.0,15.227387428283691,3.1907732486724854,2424.1813869420002
14265.0,19.89973258972168,3.37506365776062,2424.311554953005
14266.0,9.27814769744873,2.1976418495178223,2424.435041140998
14267.0,15.611461639404297,3.250089168548584,2424.5630898030067
14268.0,10.02370834350586,2.1261847019195557,2424.6819781319937
14269.0,21.51888656616211,3.5051398277282715,2424.7989220710006
14270.0,8.512938499450684,1.84273362159729,2424.912161938002
14271.0,12.634264945983887,2.6617987155914307,2425.0290334900055
14272.0,6.8811750411987305,1.5809650421142578,2425.181941514995
14273.0,84.29580688476562,9.036351203918457,2425.318639346995
14274.0,5.820247173309326,1.4138619899749756,2425.635311815
14275.0,11.902475357055664,2.634600877761841,2425.8042649459967
14276.0,7.482270240783691,2.2470929622650146,2425.939198799999
14277.0,24.93274688720703,4.546396255493164,2426.048422948006
14278.0,6.158773899078369,1.7212756872177124,2426.1613472559984
14279.0,11.57618522644043,2.0407943725585938,2426.275447919994
14280.0,11.857421875,2.2363877296447754,2426.407830594995
14281.0,27.49237060546875,4.453848361968994,2426.533842581004
14282.0,13.450302124023438,1.8962090015411377,2426.6489111130068
14283.0,12.185296058654785,2.7529780864715576,2426.776928449006
14284.0,24.59061050415039,3.9783332347869873,2426.9122352859995
14285.0,10.369933128356934,2.361091375350952,2427.055706731
14286.0,12.718816757202148,3.057316303253174,2427.1933952990075
14287.0,5.814210414886475,1.680627703666687,2427.333977026996
14288.0,17.280406951904297,3.0376956462860107,2427.476601966002
14289.0,5.0947346687316895,1.1989094018936157,2427.6024864939973
14290.0,10.742563247680664,3.0050230026245117,2427.718722271995
14291.0,4.752686977386475,1.0688037872314453,2427.830861636001
14292.0,6.593671798706055,1.5963176488876343,2427.9606432510045
14293.0,45.3885498046875,5.639322757720947,2428.078048718002
14294.0,5.379422187805176,1.2920448780059814,2428.195908751004
14295.0,7.43284273147583,2.262040376663208,2428.316110945001
14296.0,2.5348331928253174,0.6993235349655151,2428.4375184009987
14297.0,10.512136459350586,1.9313551187515259,2428.5648540190014
14298.0,13.949851989746094,3.759918451309204,2428.6905475899985
14299.0,40.52256774902344,4.193804740905762,2428.8209758110024
14300.0,14.74850845336914,2.511901617050171,2428.949478925002
14301.0,9.1882905960083,2.1210505962371826,2433.186400503997
14302.0,25.894529342651367,4.047805309295654,2433.3063672059943
14303.0,6.987639427185059,1.5388624668121338,2433.413682729006
14304.0,5.716877460479736,1.604330062866211,2433.5232798979996
14305.0,7.299374580383301,1.8381232023239136,2433.6289995609986
14306.0,14.712118148803711,2.400062084197998,2433.7326301020075
14307.0,24.86531639099121,4.075751781463623,2433.8455132259987
14308.0,10.462650299072266,2.2107489109039307,2433.9737516809982
14309.0,8.453474998474121,1.7047617435455322,2434.1092143959977
14310.0,4.755878925323486,1.4262315034866333,2434.234025376005
14311.0,11.474822044372559,2.179147243499756,2434.376506030996
14312.0,14.313236236572266,2.7554683685302734,2434.527012188002
14313.0,13.467443466186523,2.377990961074829,2434.6509188420023
14314.0,6.453632354736328,1.7157421112060547,2434.766328512007
14315.0,25.139284133911133,3.899672269821167,2434.8853493299976
14316.0,7.798361301422119,2.048720598220825,2435.0259743770002
14317.0,8.630382537841797,1.7410664558410645,2435.1300698809937
14318.0,56.262691497802734,7.232820987701416,2435.238199031999
14319.0,27.95669937133789,4.306067943572998,2435.3490833380056
14320.0,40.52342224121094,5.48571252822876,2435.459844922996
14321.0,123.24363708496094,18.415752410888672,2435.567994462006
14322.0,14.395681381225586,2.5588419437408447,2435.7040808360034
14323.0,14.375673294067383,2.9448461532592773,2435.8425047430064
14324.0,4.836342811584473,1.1793012619018555,2435.9455418449943
14325.0,5.594365119934082,1.3632041215896606,2436.0618854280037
14326.0,11.394245147705078,2.345759153366089,2436.186294005005
14327.0,22.831830978393555,4.081724166870117,2436.2882997169945
14328.0,28.108776092529297,3.7906010150909424,2436.411875178994
14329.0,10.95551872253418,2.4195663928985596,2436.5763163999945
14330.0,7.519057273864746,1.6494406461715698,2436.7006820509996
14331.0,44.82461166381836,6.878783702850342,2436.8755249259993
14332.0,4.787874221801758,1.1470921039581299,2437.0721897879994
14333.0,109.68910217285156,12.465751647949219,2437.2277404100023
14334.0,12.989754676818848,2.463059663772583,2437.396594824997
14335.0,49.7975959777832,6.433575630187988,2437.5713493119983
14336.0,5.402552604675293,1.4567677974700928,2437.7015090350033
14337.0,5.465542316436768,1.426222801208496,2437.8545783209993
14338.0,8.11756706237793,2.0883402824401855,2438.006230715997
14339.0,11.631515502929688,2.2177858352661133,2438.2274036849994
14340.0,34.3564453125,7.945019245147705,2438.3856903739943
14341.0,11.24868106842041,2.7788350582122803,2438.5335658630065
14342.0,24.33698081970215,3.7327847480773926,2438.6581356690003
14343.0,5.4632720947265625,1.4412704706192017,2438.787740425003
14344.0,5.622907638549805,1.4002552032470703,2438.909005121008
14345.0,2.6031906604766846,0.6918202638626099,2439.0446692319965
14346.0,6.97810697555542,1.8903254270553589,2439.2040269220015
14347.0,9.853965759277344,2.334937334060669,2439.435796745005
14348.0,11.78541088104248,1.7880300283432007,2439.566056274998
14349.0,7.989019393920898,1.9697718620300293,2439.680702712998
14350.0,38.27647018432617,5.544929504394531,2439.8350901079975
14351.0,10.298395156860352,2.1684463024139404,2439.963711689008
14352.0,28.657764434814453,4.331930637359619,2440.097775602
14353.0,77.98400115966797,9.76423168182373,2440.214298147999
14354.0,8.260515213012695,2.1898136138916016,2440.336900855007
14355.0,8.27167797088623,1.9280061721801758,2440.511818692001
14356.0,7.724523544311523,1.8747681379318237,2440.6657912230003
14357.0,13.806320190429688,2.943486213684082,2440.7970984099957
14358.0,16.067947387695312,3.0434532165527344,2440.9159565940063
14359.0,5.718745231628418,1.4878040552139282,2441.0328816719993
14360.0,39.86453628540039,5.74083137512207,2441.182089504
14361.0,58.386138916015625,6.210508823394775,2441.300347397002
14362.0,18.078083038330078,3.8621788024902344,2441.4275362229964
14363.0,6.603212833404541,1.4964325428009033,2441.549972242996
14364.0,106.37661743164062,11.047800064086914,2441.682090489994
14365.0,16.3116512298584,2.77319073677063,2441.8133279019967
14366.0,8.332559585571289,2.2743213176727295,2441.9703298920067
14367.0,45.33639144897461,7.005649089813232,2442.0856037710037
14368.0,5.397005558013916,1.283375859260559,2442.2077089179948
14369.0,10.091230392456055,2.28654408454895,2442.3372425029957
14370.0,6.416912078857422,1.1344406604766846,2442.4763072149944
14371.0,4.904602527618408,1.2218573093414307,2442.575390487007
14372.0,10.069576263427734,2.2476086616516113,2442.677733682998
14373.0,18.53611946105957,3.4412055015563965,2442.785602267002
14374.0,19.83725357055664,3.683187961578369,2442.9001688699936
14375.0,56.656944274902344,6.367127418518066,2443.0120700380066
14376.0,5.206773281097412,1.5403869152069092,2443.1482361980015
14377.0,27.1539249420166,4.276973247528076,2443.254731064997
14378.0,11.550471305847168,2.2587406635284424,2443.366228086001
14379.0,8.103975296020508,1.6858903169631958,2443.473341400997
14380.0,11.375333786010742,2.5787851810455322,2443.5841422179947
14381.0,4.164629936218262,0.9078993201255798,2443.689638515003
14382.0,5.394715309143066,1.2313802242279053,2443.7973130180035
14383.0,4.0858869552612305,1.120593786239624,2443.9102585579967
14384.0,21.817787170410156,4.030023097991943,2444.0148504880053
14385.0,10.124043464660645,2.376962900161743,2444.1110848649987
14386.0,15.420218467712402,2.880679130554199,2444.2277522609947
14387.0,34.00947570800781,4.973913192749023,2444.3539995729952
14388.0,24.435611724853516,3.4802420139312744,2444.5430358349986
14389.0,9.855057716369629,2.433969020843506,2444.6865044139995
14390.0,21.361984252929688,3.4671835899353027,2444.8330790659966
14391.0,25.410917282104492,4.24199914932251,2444.9704052870075
14392.0,11.972596168518066,2.573652744293213,2445.084812588
14393.0,28.894962310791016,6.479903697967529,2445.2031486729975
14394.0,11.632946014404297,2.605337619781494,2445.343140455996
14395.0,8.29475212097168,2.1110780239105225,2445.6098455030005
14396.0,9.71629524230957,2.023996353149414,2445.752579196007
14397.0,26.178668975830078,3.6454479694366455,2445.9241707689944
14398.0,19.45977020263672,3.4325015544891357,2446.0517953259987
14399.0,5.0191240310668945,1.1036872863769531,2446.217789400005
14400.0,7.994179725646973,1.986501693725586,2446.4216866770003
14401.0,7.706540584564209,2.076815128326416,2451.617617509997
14402.0,22.357440948486328,4.104018211364746,2451.810859203004
14403.0,4.236661911010742,1.2130396366119385,2451.9567063870054
14404.0,4.75521183013916,1.19070303440094,2452.103788018998
14405.0,10.027555465698242,2.1420533657073975,2452.2343140830053
14406.0,53.78817367553711,6.653068542480469,2452.3706869379967
14407.0,6.836637020111084,1.930970311164856,2452.5057600349974
14408.0,13.244644165039062,2.8245112895965576,2452.6476104900066
14409.0,4.963854789733887,1.4769248962402344,2452.7693971929984
14410.0,11.950157165527344,2.9092607498168945,2452.895452992001
14411.0,24.721622467041016,6.131040573120117,2453.041940035997
14412.0,65.399169921875,8.00781536102295,2453.184965862005
14413.0,15.043566703796387,2.956573724746704,2453.3276162569964
14414.0,22.566612243652344,3.7425308227539062,2453.4622792750015
14415.0,21.801441192626953,2.9859235286712646,2453.601132983007
14416.0,14.472928047180176,2.962939977645874,2453.732427354
14417.0,5.2226338386535645,1.7365520000457764,2453.8691729150014
14418.0,30.139728546142578,4.213925838470459,2453.9851818379975
14419.0,6.515622138977051,1.7328083515167236,2454.1384749889985
14420.0,8.657867431640625,2.1836423873901367,2454.301756704008
14421.0,15.181440353393555,2.7573885917663574,2454.461298167007
14422.0,7.934508323669434,1.664961814880371,2454.6008308570017
14423.0,22.441844940185547,3.650162696838379,2454.7267114169954
14424.0,6.427426815032959,1.583591341972351,2454.8498817299987
14425.0,22.608484268188477,3.8252623081207275,2455.0029951150063
14426.0,18.916553497314453,3.559304714202881,2455.147103598996
14427.0,9.582710266113281,1.5037494897842407,2455.2952289509994
14428.0,8.668259620666504,1.7969378232955933,2455.418857922996
14429.0,16.291580200195312,2.9435536861419678,2455.5569779539946
14430.0,6.705784320831299,1.8786697387695312,2455.6731682450045
14431.0,31.186389923095703,4.549679756164551,2455.8099560800038
14432.0,30.634323120117188,6.448414325714111,2455.933997676999
14433.0,8.277190208435059,1.6096032857894897,2456.0781721429958
14434.0,31.870853424072266,4.982031345367432,2456.216737408002
14435.0,38.977989196777344,5.875599384307861,2456.3511153610016
14436.0,7.604493618011475,1.49728524684906,2456.494656134004
14437.0,15.502055168151855,2.847092866897583,2456.6718617139995
14438.0,4.837886333465576,1.1557650566101074,2456.791523064996
14439.0,5.8202619552612305,1.4752225875854492,2456.9187854649936
14440.0,3.3530304431915283,0.8705669045448303,2457.1092023819947
14441.0,24.288406372070312,3.330622673034668,2457.287032930006
14442.0,15.501633644104004,3.1516671180725098,2457.4570959709963
14443.0,28.294008255004883,4.620017051696777,2457.5948737059953
14444.0,14.950235366821289,3.263395309448242,2457.7206900040037
14445.0,15.836645126342773,2.870269298553467,2457.873999507996
14446.0,6.1849212646484375,1.2505148649215698,2457.9946270189976
14447.0,28.065393447875977,4.443126678466797,2458.1421163339983
14448.0,7.505701065063477,1.6580368280410767,2458.2749444390065
14449.0,8.20902156829834,2.2024331092834473,2458.410034806002
14450.0,6.619835376739502,2.0028018951416016,2458.5755055400077
14451.0,21.847366333007812,4.590192794799805,2458.7369370509987
14452.0,18.798168182373047,2.94395112991333,2458.891076713
14453.0,7.043661117553711,2.0383188724517822,2459.059991472008
14454.0,30.850940704345703,4.81092643737793,2459.205621091998
14455.0,20.97930908203125,3.1112775802612305,2459.3495201220067
14456.0,22.40966796875,4.269742488861084,2459.5030474410014
14457.0,21.237106323242188,3.8382534980773926,2459.692167012996
14458.0,60.094764709472656,6.017517566680908,2459.842639605995
14459.0,7.7363481521606445,1.9922161102294922,2459.9814407789963
14460.0,5.525020599365234,1.2465879917144775,2460.1260653719946
14461.0,13.212427139282227,2.7953827381134033,2460.2678346699977
14462.0,9.818675994873047,2.192352533340454,2460.426905151995
14463.0,14.079774856567383,2.7250349521636963,2460.618082326997
14464.0,8.764739990234375,1.498201847076416,2460.7983137870033
14465.0,8.223135948181152,2.0300018787384033,2460.9582792629953
14466.0,14.597860336303711,2.9746367931365967,2461.0934255650063
14467.0,5.340692043304443,1.4091519117355347,2461.2295442059985
14468.0,15.253508567810059,3.417461633682251,2461.393393776001
14469.0,42.66554641723633,4.2876105308532715,2461.540329983007
14470.0,12.11426067352295,2.757385492324829,2461.7242020060075
14471.0,4.301304340362549,1.1437114477157593,2461.873622674
14472.0,3.7949044704437256,0.9430804252624512,2462.0256275360007
14473.0,13.366619110107422,2.43298602104187,2462.1870489139983
14474.0,13.46008014678955,2.4403202533721924,2462.3430511629995
14475.0,82.02407836914062,8.475899696350098,2462.524524462002
14476.0,6.7713165283203125,1.6995736360549927,2462.661784326003
14477.0,5.948573589324951,1.553558111190796,2462.880764816
14478.0,77.72479248046875,8.174385070800781,2463.0526948449988
14479.0,4.9256486892700195,1.103256106376648,2463.184104986998
14480.0,69.51661682128906,8.672046661376953,2463.315499386008
14481.0,14.086923599243164,2.78812837600708,2463.443370619003
14482.0,28.669389724731445,4.79430627822876,2463.592940495
14483.0,8.945996284484863,2.178048610687256,2463.7429587679944
14484.0,7.465683937072754,1.7634191513061523,2463.8775245699944
14485.0,14.78917121887207,3.0913400650024414,2464.0049363269936
14486.0,44.239044189453125,6.191793918609619,2464.1377502920077
14487.0,8.387306213378906,2.0836663246154785,2464.278688749997
14488.0,12.785202026367188,2.5222861766815186,2464.406274740002
14489.0,22.458654403686523,3.4587440490722656,2464.535875393005
14490.0,4.923830986022949,1.0939701795578003,2464.6641439759987
14491.0,14.257406234741211,2.632093667984009,2464.812003640007
14492.0,10.429862022399902,2.918907642364502,2464.9465266769985
14493.0,16.52978515625,3.064847707748413,2465.1185519889987
14494.0,10.481485366821289,2.5047852993011475,2465.2615440890077
14495.0,36.03255844116211,5.635219573974609,2465.518760291001
14496.0,18.711463928222656,3.7975940704345703,2465.743741191007
14497.0,11.290191650390625,2.06140398979187,2465.8765753379994
14498.0,67.16656494140625,7.288496971130371,2466.019809696998
14499.0,22.829557418823242,3.915107011795044,2466.153981352996
14500.0,14.125883102416992,3.016638994216919,2466.280049862995
14501.0,8.699722290039062,2.169304132461548,2471.557582035006
14502.0,8.847062110900879,2.2615418434143066,2471.6762383099995
14503.0,27.386295318603516,3.2389209270477295,2471.806253183997
14504.0,8.561117172241211,1.7880277633666992,2471.947378990997
14505.0,8.720653533935547,2.10087513923645,2472.072546976997
14506.0,14.206047058105469,2.7960927486419678,2472.2186596980027
14507.0,7.831942558288574,1.8648940324783325,2472.3469638069946
14508.0,9.650975227355957,2.3339438438415527,2472.4731399909942
14509.0,4.651852130889893,1.2250207662582397,2472.599794998998
14510.0,20.384305953979492,3.7008211612701416,2472.7328392570053
14511.0,5.661858558654785,1.529192328453064,2472.8668202520057
14512.0,5.369118690490723,1.3061798810958862,2472.991680609004
14513.0,9.145719528198242,2.015451192855835,2473.112674264994
14514.0,22.682323455810547,3.654740571975708,2473.246511742007
14515.0,9.528410911560059,1.7389057874679565,2473.3934008890064
14516.0,9.1993989944458,2.010033130645752,2473.5311915000057
14517.0,56.920101165771484,10.99423599243164,2473.6581522610068
14518.0,21.1024169921875,3.329976797103882,2473.7774244600005
14519.0,3.5863139629364014,0.9111340045928955,2473.901389865001
14520.0,19.150705337524414,3.076892137527466,2474.0534557810024
14521.0,7.465941429138184,1.8874313831329346,2474.163638359998
14522.0,6.451145648956299,1.3558555841445923,2474.2787716479943
14523.0,3.756211519241333,0.9460234045982361,2474.388081725003
14524.0,12.314175605773926,2.3193423748016357,2474.4997183560045
14525.0,5.544724941253662,1.4897301197052002,2474.632231497002
14526.0,14.328388214111328,2.7571799755096436,2474.7705681450025
14527.0,6.063937187194824,1.3279669284820557,2474.9069205749984
14528.0,29.33484649658203,4.475733280181885,2475.0474813850014
14529.0,27.41796112060547,4.057376861572266,2475.179599630006
14530.0,21.94834327697754,3.5486204624176025,2475.2997452700074
14531.0,10.700538635253906,2.447416067123413,2475.421654196005
14532.0,23.83535385131836,3.8507399559020996,2475.5445891220006
14533.0,6.462034225463867,1.4507334232330322,2475.677592565
14534.0,4.590395450592041,1.1639422178268433,2475.8114703710016
14535.0,18.083391189575195,3.2587673664093018,2476.008692043004
14536.0,34.193111419677734,4.335404872894287,2476.210789599005
14537.0,7.105213165283203,1.7344268560409546,2476.3995171480055
14538.0,8.717674255371094,2.055896759033203,2476.5420970630075
14539.0,4.770990371704102,1.2108750343322754,2476.661881150998
14540.0,20.831451416015625,3.8540468215942383,2476.775686537003
14541.0,4.2955217361450195,1.0696431398391724,2476.9056469589996
14542.0,14.220746040344238,2.7459230422973633,2477.0909990479995
14543.0,13.866009712219238,2.6943509578704834,2477.2170099070063
14544.0,6.492330074310303,1.385848045349121,2477.3663391269947
14545.0,6.793237686157227,1.4191173315048218,2477.479946445994
14546.0,10.650774002075195,2.142643690109253,2477.5920358260046
14547.0,5.673419952392578,1.7111965417861938,2477.7132482150046
14548.0,8.533665657043457,1.9055835008621216,2477.8354526610055
14549.0,25.46047592163086,6.098502159118652,2477.9411320469953
14550.0,8.298315048217773,2.345550060272217,2478.0562661430013
14551.0,6.313420295715332,1.4830974340438843,2478.2303544830065
14552.0,8.502528190612793,1.8768324851989746,2478.375349298003
14553.0,8.369901657104492,1.9827492237091064,2478.523526525998
14554.0,76.77281188964844,8.95009994506836,2478.674897963996
14555.0,9.014711380004883,2.123929023742676,2478.8057998139993
14556.0,20.862354278564453,3.476492166519165,2478.941074447008
14557.0,7.892294883728027,1.4763057231903076,2479.064101244003
14558.0,8.661916732788086,1.7618565559387207,2479.1883344969974
14559.0,20.180564880371094,3.4052295684814453,2479.303476340996
14560.0,14.98128890991211,2.7917330265045166,2479.4185383650038
14561.0,13.604663848876953,2.8977341651916504,2479.546818161005
14562.0,30.23381996154785,3.598651647567749,2479.6724646670045
14563.0,17.149063110351562,2.7528891563415527,2479.7786349560047
14564.0,6.107738494873047,1.4100780487060547,2479.886455247004
14565.0,64.90401458740234,8.47675609588623,2479.9907400340016
14566.0,4.76142692565918,1.0817838907241821,2480.0993042089976
14567.0,35.76701354980469,4.8214287757873535,2480.210614515003
14568.0,9.375783920288086,2.210524082183838,2480.3226886810007
14569.0,16.952970504760742,3.574650526046753,2480.4515143720055
14570.0,24.445743560791016,4.117199420928955,2480.564035803007
14571.0,29.319202423095703,4.535407543182373,2480.6889080560068
14572.0,13.27708911895752,2.710369825363159,2480.806656665998
14573.0,8.587757110595703,2.0692262649536133,2480.9307126850035
14574.0,9.645878791809082,2.208367347717285,2481.059139025994
14575.0,23.644886016845703,3.9324562549591064,2481.202304752005
14576.0,6.353754997253418,1.4803087711334229,2481.348016446005
14577.0,17.237415313720703,3.2262141704559326,2481.4716920130013
14578.0,5.335192680358887,1.3698056936264038,2481.5824194659945
14579.0,19.71542739868164,3.253877878189087,2481.6979594260047
14580.0,23.489482879638672,3.7694597244262695,2481.946804116
14581.0,13.438789367675781,2.5173332691192627,2482.059474099995
14582.0,6.659916877746582,1.5227993726730347,2482.1822824880073
14583.0,39.708831787109375,5.436457633972168,2482.3010307840013
14584.0,13.158447265625,2.01735258102417,2482.4076600609988
14585.0,15.336739540100098,3.0082476139068604,2482.5119747910067
14586.0,24.279260635375977,2.710770606994629,2482.613597552001
14587.0,31.77117919921875,4.714452266693115,2482.7152014059975
14588.0,8.42778491973877,2.0494277477264404,2482.8102820850036
14589.0,46.28314971923828,6.165937423706055,2482.929092046994
14590.0,5.86642599105835,1.5769652128219604,2483.044211613
14591.0,21.55352210998535,3.5792360305786133,2483.167709109999
14592.0,10.046900749206543,1.7623651027679443,2483.292874859995
14593.0,2.8690192699432373,0.753986656665802,2483.425233146001
14594.0,25.71204376220703,4.585151195526123,2483.5530264560075
14595.0,4.864494323730469,1.2855734825134277,2483.6800727439986
14596.0,58.89943313598633,7.390227317810059,2483.7893780909944
14597.0,49.897674560546875,6.65204381942749,2483.898601547
14598.0,7.276110649108887,1.6851246356964111,2484.023174627
14599.0,6.507961273193359,1.5133202075958252,2484.163732162997
14600.0,10.406705856323242,2.6180405616760254,2484.3143055300025
14601.0,6.861991882324219,1.8638662099838257,2488.8921011750062
14602.0,13.966511726379395,3.0384466648101807,2488.989982400002
14603.0,11.193750381469727,2.1884820461273193,2489.109982157999
14604.0,11.958674430847168,2.7582709789276123,2489.221162684
14605.0,10.06920051574707,2.089012384414673,2489.317519386008
14606.0,5.594709396362305,1.4140655994415283,2489.4255716479965
14607.0,30.460203170776367,5.113327503204346,2489.552829784996
14608.0,10.72955322265625,2.3565618991851807,2489.6517495989974
14609.0,6.889873027801514,1.7295928001403809,2489.7641816380055
14610.0,30.417194366455078,3.34183406829834,2489.868751668997
14611.0,17.93978500366211,3.090522527694702,2489.9780689720064
14612.0,13.666725158691406,2.599926233291626,2490.083347274005
14613.0,82.35275268554688,8.993226051330566,2490.1883601500012
14614.0,9.587658882141113,2.367931365966797,2490.2928289419942
14615.0,56.403472900390625,10.005617141723633,2490.418024660001
14616.0,2.621631622314453,0.6993700265884399,2490.5280676429975
14617.0,9.605178833007812,2.1773977279663086,2490.6409152760025
14618.0,9.649827003479004,2.802861213684082,2490.7546915249986
14619.0,6.476949691772461,1.5229038000106812,2490.872304909004
14620.0,10.492929458618164,2.320394992828369,2490.9900895220053
14621.0,9.987173080444336,1.8120781183242798,2491.114611216006
14622.0,12.027442932128906,2.7586989402770996,2491.2208131549996
14623.0,11.16395092010498,2.260136604309082,2491.3289501389954
14624.0,10.840460777282715,2.48516583442688,2491.4583795759972
14625.0,7.097918510437012,1.8579275608062744,2491.575296830997
14626.0,20.36548614501953,3.4367990493774414,2491.6874998629937
14627.0,7.883785247802734,2.102231502532959,2491.7976753160037
14628.0,17.38994598388672,3.7844245433807373,2491.930345882007
14629.0,4.700258731842041,1.4432520866394043,2492.0530401989963
14630.0,18.86760711669922,3.720581293106079,2492.1714348420064
14631.0,6.380047798156738,1.6706523895263672,2492.2801637649973
14632.0,14.753545761108398,2.8973865509033203,2492.3907191949984
14633.0,4.861484050750732,1.1757827997207642,2492.520073847001
14634.0,17.347314834594727,2.677581310272217,2492.752513372994
14635.0,5.813252925872803,1.359480381011963,2492.933317774994
14636.0,11.73183536529541,2.4841082096099854,2493.1180056890007
14637.0,4.207163333892822,1.2350748777389526,2493.2706892179995
14638.0,6.857008934020996,2.071317195892334,2493.3972040460067
14639.0,49.477203369140625,6.243683338165283,2493.514863796998
14640.0,12.894311904907227,2.559288501739502,2493.655651548994
14641.0,5.703320503234863,1.840824842453003,2493.795438293004
14642.0,7.621332168579102,1.922780156135559,2493.9380865099956
14643.0,9.106578826904297,2.069033145904541,2494.0750241180067
14644.0,5.044881343841553,1.2561404705047607,2494.2628567820066
14645.0,34.05004119873047,5.501340866088867,2494.4067588260077
14646.0,12.03325080871582,2.5600271224975586,2494.5291438190034
14647.0,20.28412628173828,3.3835678100585938,2494.660870628999
14648.0,5.822315216064453,1.6201457977294922,2494.7987290510064
14649.0,11.836246490478516,2.367553949356079,2494.9372069870005
14650.0,10.43685531616211,2.5850706100463867,2495.165285010007
14651.0,6.92565393447876,1.506798505783081,2495.328251387007
14652.0,17.56963348388672,3.084181785583496,2495.4811050790013
14653.0,6.778944969177246,1.5510163307189941,2495.6218783560034
14654.0,4.738672733306885,1.27168869972229,2495.7488430939993
14655.0,27.523836135864258,4.9704909324646,2495.9375368229958
14656.0,4.21671199798584,1.0563076734542847,2496.063198257005
14657.0,25.566448211669922,4.066876411437988,2496.1893348300073
14658.0,4.8365936279296875,1.4466779232025146,2496.332918383996
14659.0,24.074787139892578,4.057073593139648,2496.453753249996
14660.0,4.223289489746094,1.2351258993148804,2496.5908091620076
14661.0,22.026439666748047,3.3270254135131836,2496.7273120419995
14662.0,17.547935485839844,3.4852988719940186,2496.884217726998
14663.0,6.600193023681641,2.0501739978790283,2497.028076714996
14664.0,26.090232849121094,4.485641002655029,2497.1200159940054
14665.0,18.067419052124023,3.203636646270752,2497.2192964419955
14666.0,3.9962220191955566,1.0598130226135254,2497.353947757001
14667.0,5.048578262329102,1.162531852722168,2497.4640443579992
14668.0,11.575220108032227,2.2531890869140625,2497.5803226860007
14669.0,18.082443237304688,3.211390256881714,2497.691669064996
14670.0,10.197534561157227,1.9120131731033325,2497.796226188002
14671.0,4.347925662994385,1.1261277198791504,2497.914148183001
14672.0,19.41771125793457,2.758467435836792,2498.0386756740045
14673.0,3.9070146083831787,0.9924740791320801,2498.150731896996
14674.0,19.240306854248047,3.1534318923950195,2498.2669785129983
14675.0,2.4287831783294678,0.6616783738136292,2498.3884915829985
14676.0,18.49626922607422,3.13405179977417,2498.5117277399986
14677.0,6.847744941711426,2.0555529594421387,2498.6318227629963
14678.0,12.092601776123047,2.5619635581970215,2498.7473740949936
14679.0,8.827054977416992,1.9052422046661377,2498.869861814994
14680.0,12.59804630279541,2.6051087379455566,2499.0064774519997
14681.0,4.050614833831787,0.9850776791572571,2499.1123471280007
14682.0,5.208189964294434,1.3256521224975586,2499.256329158001
14683.0,6.082462310791016,1.551867127418518,2499.401520355008
14684.0,39.510963439941406,5.651981830596924,2499.5162997720035
14685.0,6.739384651184082,1.531294345855713,2499.633151988004
14686.0,4.613872528076172,1.201397180557251,2499.7409707650077
14687.0,10.252481460571289,2.178316354751587,2499.857807111999
14688.0,14.553420066833496,3.3367466926574707,2499.969555436008
14689.0,55.37652587890625,6.975287437438965,2500.088181690997
14690.0,5.477498531341553,1.5995173454284668,2500.204486764007
14691.0,84.695068359375,8.160422325134277,2500.304584516998
14692.0,5.955053329467773,1.593074083328247,2500.411392833994
14693.0,16.983190536499023,3.100034236907959,2500.516373463004
14694.0,24.0972900390625,4.014922142028809,2500.627472508
14695.0,16.529266357421875,3.4818291664123535,2500.754734400005
14696.0,8.955755233764648,1.7589367628097534,2500.865670016996
14697.0,7.468142032623291,1.7975666522979736,2500.9832540750067
14698.0,4.948552131652832,1.3886842727661133,2501.1038012479985
14699.0,16.881732940673828,3.2996020317077637,2501.242967005004
14700.0,7.640050888061523,2.086839437484741,2501.3539342959994
14701.0,5.562810897827148,1.4425184726715088,2505.4784677739954
14702.0,10.229171752929688,1.7948811054229736,2505.640786142001
14703.0,13.808895111083984,2.528291702270508,2505.7651559950027
14704.0,65.42427062988281,11.979780197143555,2505.8673266319965
14705.0,11.513618469238281,2.4188272953033447,2505.9711286780075
14706.0,21.085369110107422,3.4251697063446045,2506.0883448789973
14707.0,5.98900842666626,1.357089877128601,2506.213235201998
14708.0,64.0244140625,8.553322792053223,2506.338431929995
14709.0,7.33797550201416,1.8650619983673096,2506.4628309270047
14710.0,7.830620765686035,1.7573482990264893,2506.580452174996
14711.0,16.398902893066406,2.9607388973236084,2506.717574402006
14712.0,10.78515625,2.7111129760742188,2506.831417569003
14713.0,8.359350204467773,1.9100226163864136,2506.941883706997
14714.0,10.747852325439453,2.353055953979492,2507.067658699001
14715.0,22.202781677246094,3.51855206489563,2507.1821409279946
14716.0,14.973336219787598,4.134863376617432,2507.3051427449973
14717.0,21.659616470336914,3.930809736251831,2507.4309380740015
14718.0,9.093870162963867,1.8842134475708008,2507.5417746739986
14719.0,18.096372604370117,3.387691020965576,2507.665779425006
14720.0,9.841784477233887,2.2969770431518555,2507.7733453160035
14721.0,6.36952543258667,1.5553553104400635,2507.9321871379943
14722.0,10.543521881103516,1.9503942728042603,2508.068532655001
14723.0,9.415671348571777,3.0929946899414062,2508.183030143002
14724.0,4.783350467681885,1.1147221326828003,2508.3153001659957
14725.0,39.78839111328125,5.359411239624023,2508.450568618995
14726.0,4.570705413818359,1.1496654748916626,2508.569880284005
14727.0,19.276323318481445,3.190084218978882,2508.683775921003
14728.0,38.12772750854492,5.8255767822265625,2508.798429671995
14729.0,44.75895690917969,5.922311305999756,2508.9252690870053
14730.0,5.538051605224609,1.4893183708190918,2509.0906871000043
14731.0,17.742549896240234,4.846981048583984,2509.2045505080023
14732.0,4.869970798492432,1.2125905752182007,2509.3199731060013
14733.0,4.386473655700684,1.0425829887390137,2509.4300234770053
14734.0,33.590965270996094,5.034419059753418,2509.542067129005
14735.0,11.35165786743164,1.963718295097351,2509.6703366239963
14736.0,3.3493270874023438,0.901569128036499,2509.7836898950045
14737.0,17.074371337890625,2.912912130355835,2509.914619767005
14738.0,5.388495922088623,1.672566533088684,2510.038129071996
14739.0,20.036048889160156,2.4858059883117676,2510.1461749409937
14740.0,4.2896037101745605,1.1550260782241821,2510.273922938999
14741.0,13.250988960266113,2.3042805194854736,2510.398026462004
14742.0,7.17796516418457,1.7137932777404785,2510.5727523929963
14743.0,3.082165479660034,0.792786180973053,2510.707530517
14744.0,9.865983009338379,2.0354580879211426,2510.8739400019986
14745.0,46.04813003540039,6.059529781341553,2511.0118139219994
14746.0,18.043380737304688,3.2186694145202637,2511.1229937519965
14747.0,11.720708847045898,2.488215446472168,2511.2333629269997
14748.0,8.324167251586914,1.9780359268188477,2511.3637293619977
14749.0,20.367713928222656,3.6709725856781006,2511.487202288001
14750.0,41.509422302246094,8.133726119995117,2511.600645683997
14751.0,20.94581413269043,3.9097037315368652,2511.7183898509975
14752.0,6.048057556152344,1.8128061294555664,2511.8530134040047
14753.0,14.20692253112793,3.0469422340393066,2511.9791712529986
14754.0,17.572513580322266,3.2318477630615234,2512.091174204994
14755.0,7.446070194244385,2.035036563873291,2512.218943080996
14756.0,4.649240493774414,1.2087286710739136,2512.419029911005
14757.0,4.206513404846191,1.1678951978683472,2512.5754210540035
14758.0,4.3010430335998535,1.1059911251068115,2512.7120648099954
14759.0,7.551394462585449,1.9393303394317627,2512.835319567006
14760.0,5.729437828063965,1.7089346647262573,2512.9447104349965
14761.0,10.837982177734375,2.09078311920166,2513.0980405320006
14762.0,4.58345890045166,1.1378496885299683,2513.210469976999
14763.0,6.639135360717773,1.4641499519348145,2513.3204761149973
14764.0,11.562552452087402,2.552363872528076,2513.480824095008
14765.0,6.581541061401367,1.998555302619934,2513.6320364489948
14766.0,12.268753051757812,2.8221802711486816,2513.7701474049973
14767.0,20.85495376586914,3.5814499855041504,2513.875538377004
14768.0,46.64640808105469,6.068417549133301,2513.9857289240026
14769.0,13.256509780883789,2.7546684741973877,2514.095786220001
14770.0,18.23959732055664,3.2827563285827637,2514.2054429349955
14771.0,33.290740966796875,5.146477699279785,2514.3131547530065
14772.0,13.29882526397705,2.883578300476074,2514.4147869989974
14773.0,7.052435398101807,1.4675469398498535,2514.512004163
14774.0,10.698770523071289,2.174100637435913,2514.622204219995
14775.0,23.19933319091797,4.077594757080078,2514.7439767530013
14776.0,6.306201934814453,1.7002252340316772,2514.856198798996
14777.0,8.905287742614746,2.0699679851531982,2514.968632545002
14778.0,5.526371955871582,1.2426408529281616,2515.0808014259965
14779.0,49.55992126464844,5.760800361633301,2515.191745379998
14780.0,8.747852325439453,2.1389317512512207,2515.301013913995
14781.0,16.571733474731445,2.7319233417510986,2515.4087667340063
14782.0,12.611120223999023,2.948702573776245,2515.5258840419992
14783.0,7.058305740356445,1.557112455368042,2515.6392058229976
14784.0,2.8804330825805664,0.7164849042892456,2515.7531497559976
14785.0,56.5711555480957,6.317883491516113,2515.8689899210003
14786.0,8.79742431640625,1.887929081916809,2515.9819178960024
14787.0,27.97148895263672,4.6997389793396,2516.1020087740035
14788.0,18.258859634399414,3.324093818664551,2516.2052715900063
14789.0,19.905582427978516,3.819016456604004,2516.3071937969944
14790.0,10.644097328186035,2.2180421352386475,2516.4155509870034
14791.0,8.181109428405762,2.0261192321777344,2516.536080236998
14792.0,10.519050598144531,2.2455105781555176,2516.6336303800053
14793.0,15.402304649353027,2.8193438053131104,2516.7399083619966
14794.0,16.279037475585938,3.0908989906311035,2516.8541778770013
14795.0,39.423805236816406,5.00731086730957,2516.9574032620003
14796.0,18.422380447387695,3.2743847370147705,2517.0762083449954
14797.0,41.858428955078125,5.629185199737549,2517.1862486659957
14798.0,10.283588409423828,2.415243625640869,2517.301836134997
14799.0,4.926882266998291,1.212044358253479,2517.4224979239953
14800.0,14.266965866088867,2.6128885746002197,2517.5398437149997
14801.0,5.427834510803223,1.6901934146881104,2521.564371543005
14802.0,62.23090362548828,11.933857917785645,2521.6908801270038
14803.0,16.001312255859375,3.4437308311462402,2521.805776602996
14804.0,34.20148849487305,5.011297702789307,2521.924533255995
14805.0,11.58130931854248,2.555833101272583,2522.042084030996
14806.0,4.9921698570251465,1.2884061336517334,2522.1523461619945
14807.0,5.1922287940979,1.2940120697021484,2522.2645447889954
14808.0,12.940977096557617,2.4484009742736816,2522.406301555995
14809.0,19.89299964904785,3.9337852001190186,2522.546564008997
14810.0,9.105485916137695,2.0693345069885254,2522.6505892709974
14811.0,11.026737213134766,2.0515270233154297,2522.7583248309966
14812.0,4.642395973205566,1.1853214502334595,2522.8630992270046
14813.0,5.168607711791992,1.1800990104675293,2522.9811511180014
14814.0,7.200257301330566,1.9660634994506836,2523.1002409549983
14815.0,31.38103485107422,3.310744285583496,2523.204633080997
14816.0,24.081531524658203,3.5682637691497803,2523.3021274750063
14817.0,17.06617546081543,2.9134554862976074,2523.4001869290078
14818.0,12.483465194702148,2.608977794647217,2523.4976696219965
14819.0,88.2151870727539,10.175130844116211,2523.8679410189943
14820.0,4.888621807098389,1.2248731851577759,2524.6487716980046
14821.0,10.220928192138672,2.1318774223327637,2525.4863627300074
14822.0,14.014425277709961,2.8004281520843506,2526.316725331999
14823.0,90.9717025756836,9.386407852172852,2527.209481582002
14824.0,21.127626419067383,3.808363914489746,2527.875977182004
14825.0,7.95377254486084,1.8705391883850098,2528.641837532996
14826.0,22.730892181396484,3.627941131591797,2529.3824712700007
14827.0,7.022702693939209,1.9560203552246094,2529.8742129890015
14828.0,14.279272079467773,3.006462335586548,2529.9893790350034
14829.0,15.398122787475586,3.4871466159820557,2530.1036178890063
14830.0,3.8534812927246094,1.0681049823760986,2530.2187775610073
14831.0,12.06212043762207,2.428422212600708,2530.314642420999
14832.0,5.761604309082031,1.4355432987213135,2530.4338491990056
14833.0,7.203061103820801,1.6674062013626099,2530.5671291570034
14834.0,27.94990348815918,4.090196132659912,2530.687487204006
14835.0,56.00471496582031,6.974214553833008,2530.829770683995
14836.0,26.537391662597656,4.560361862182617,2530.996305584995
14837.0,18.770870208740234,2.8586344718933105,2531.199794250002
14838.0,61.450313568115234,7.458050727844238,2531.354099329008
14839.0,65.1917953491211,8.969143867492676,2531.4784884840046
14840.0,21.14458465576172,3.317742109298706,2531.6015670250054
14841.0,57.31513214111328,5.971777439117432,2531.7227126689977
14842.0,21.533662796020508,3.632465124130249,2531.846800995001
14843.0,5.520974159240723,1.2015962600708008,2531.982487678004
14844.0,28.252687454223633,4.541999340057373,2532.110111189002
14845.0,9.467098236083984,1.928572654724121,2532.256332703997
14846.0,5.4884843826293945,1.2711174488067627,2532.371649576002
14847.0,15.668773651123047,2.675741195678711,2532.5578400710074
14848.0,14.65591812133789,3.07118821144104,2532.692699599007
14849.0,10.122664451599121,2.1587977409362793,2532.8966496180074
14850.0,11.490802764892578,2.2265939712524414,2533.0194885350065
14851.0,24.51217269897461,3.8623433113098145,2533.1366568410012
14852.0,9.669702529907227,1.5697121620178223,2533.2600765940006
14853.0,18.208959579467773,3.4352173805236816,2533.374730313997
14854.0,13.748427391052246,2.9579296112060547,2533.599253515
14855.0,5.997857570648193,1.5291260480880737,2533.759804536996
14856.0,4.10927677154541,1.0810198783874512,2533.9553586149996
14857.0,9.380962371826172,1.948762059211731,2534.109299956006
14858.0,10.847739219665527,2.6487743854522705,2534.2515669020067
14859.0,11.159911155700684,2.7894504070281982,2534.3663141040015
14860.0,7.41187858581543,1.6890500783920288,2534.4818796710024
14861.0,38.22844314575195,6.155330657958984,2534.639683557005
14862.0,9.585237503051758,2.062359094619751,2534.762778343007
14863.0,5.39185905456543,1.3413275480270386,2534.931484218003
14864.0,13.21287727355957,3.1184167861938477,2535.058041384007
14865.0,27.03779411315918,3.2854671478271484,2535.2039679080044
14866.0,24.836685180664062,3.76741623878479,2535.3454917110066
14867.0,19.47325325012207,3.2231597900390625,2535.4784819449997
14868.0,14.172144889831543,3.1702542304992676,2535.6086196270044
14869.0,17.724613189697266,3.442913055419922,2535.728699372994
14870.0,27.758716583251953,4.170283317565918,2535.836318910995
14871.0,6.485299110412598,1.3340615034103394,2535.945383248996
14872.0,16.25819969177246,3.015469551086426,2536.061693787997
14873.0,5.505970478057861,1.3162744045257568,2536.1822636230063
14874.0,7.753321170806885,1.7643545866012573,2536.2849749390007
14875.0,13.723479270935059,2.728043556213379,2536.3904499110067
14876.0,6.161881446838379,1.6049220561981201,2536.512047527998
14877.0,8.539566993713379,2.217719554901123,2536.6451433449984
14878.0,15.734973907470703,2.6682422161102295,2536.7816733869986
14879.0,11.28643798828125,2.7054989337921143,2536.909408153995
14880.0,7.535594940185547,1.7151718139648438,2537.018707711002
14881.0,12.20846176147461,2.362205743789673,2537.139640448004
14882.0,4.946861267089844,1.2842421531677246,2537.2790892659978
14883.0,81.03197479248047,8.45889663696289,2537.4274014289986
14884.0,5.548169136047363,1.2845431566238403,2537.5612417910015
14885.0,6.189001560211182,1.712393879890442,2537.674063045997
14886.0,10.915201187133789,2.3055388927459717,2537.777318017994
14887.0,5.319685935974121,1.3557467460632324,2537.8954122819996
14888.0,5.730353832244873,1.4086447954177856,2538.0201893720077
14889.0,4.739426612854004,1.3087830543518066,2538.1477216600033
14890.0,13.415769577026367,3.1270720958709717,2538.2599356459978
14891.0,7.067131519317627,1.7727079391479492,2538.3734584070044
14892.0,15.651617050170898,2.97878098487854,2538.488603121994
14893.0,12.596389770507812,2.5680456161499023,2538.6178230539954
14894.0,16.595741271972656,2.9987051486968994,2538.761732487008
14895.0,5.452898979187012,1.6174043416976929,2538.891145860005
14896.0,5.008169174194336,1.3210097551345825,2539.024456525003
14897.0,4.757227897644043,1.2217683792114258,2539.158089894001
14898.0,7.914051055908203,1.7797199487686157,2539.286638053003
14899.0,5.081413269042969,1.2850571870803833,2539.4302585380065
14900.0,22.355533599853516,4.629804611206055,2539.559079496001
14901.0,4.081838130950928,0.9481596946716309,2543.8152020130074
14902.0,21.158138275146484,3.4960081577301025,2543.9674823469977
14903.0,7.941246509552002,1.9523930549621582,2544.0921430860035
14904.0,15.268609046936035,3.009432315826416,2544.2146324420028
14905.0,4.927490234375,1.3751407861709595,2544.3342073039967
14906.0,5.906161785125732,1.465157389640808,2544.484767033995
14907.0,15.270491600036621,2.046678304672241,2544.6229950480047
14908.0,4.7828569412231445,1.2946765422821045,2544.770632504995
14909.0,4.584044933319092,1.0918395519256592,2544.888708686005
14910.0,4.96190071105957,1.1957881450653076,2545.0089838419954
14911.0,4.66024923324585,1.4534883499145508,2545.125997146999
14912.0,17.013107299804688,3.220947265625,2545.2901769409946
14913.0,5.6963958740234375,1.4480054378509521,2545.4325090899947
14914.0,13.80490493774414,2.5438010692596436,2545.5468665990047
14915.0,5.890615463256836,1.411698579788208,2545.683471326003
14916.0,55.44490051269531,7.163275718688965,2545.8160657639964
14917.0,9.0411958694458,2.4727771282196045,2545.9238493769953
14918.0,6.009261131286621,1.5297150611877441,2546.0421069730073
14919.0,65.20039367675781,7.117288589477539,2546.162252235008
14920.0,11.887849807739258,2.308570623397827,2546.278495577004
14921.0,15.691764831542969,4.250689506530762,2546.387574348002
14922.0,4.418240547180176,1.224686622619629,2546.504841839007
14923.0,4.943921089172363,1.2078728675842285,2546.6231805739953
14924.0,19.179410934448242,3.009714365005493,2546.758169503999
14925.0,16.327945709228516,3.2403948307037354,2546.8821360629954
14926.0,20.709087371826172,3.941772937774658,2547.0129702679988
14927.0,17.564289093017578,3.1097638607025146,2547.127668936999
14928.0,6.026445388793945,1.5462117195129395,2547.2378602410026
14929.0,12.742960929870605,2.277988910675049,2547.363573523995
14930.0,11.03226089477539,2.1644437313079834,2547.477794737002
14931.0,17.942855834960938,2.8540592193603516,2547.588456614001
14932.0,8.122990608215332,1.9735194444656372,2547.701666630004
14933.0,51.70663833618164,6.563022136688232,2547.8120545809943
14934.0,16.799362182617188,3.580829620361328,2547.924559977997
14935.0,61.72072219848633,6.994461536407471,2548.046814654008
14936.0,11.425971984863281,2.359496831893921,2548.1932384179963
14937.0,4.850998878479004,1.1160576343536377,2548.317237020994
14938.0,17.431415557861328,2.716287136077881,2548.453571446007
14939.0,11.474502563476562,2.340782880783081,2548.578075819998
14940.0,2.522855758666992,0.7100315690040588,2548.6990971439955
14941.0,22.636499404907227,3.609178066253662,2548.826154580005
14942.0,2.9753825664520264,0.8112011551856995,2549.003315296999
14943.0,15.90404987335205,2.847315549850464,2549.1417151979986
14944.0,62.84150695800781,7.569427013397217,2549.2871699109965
14945.0,9.043745994567871,1.9511406421661377,2549.413219089998
14946.0,8.406608581542969,1.8653855323791504,2549.555251924001
14947.0,50.400306701660156,9.303997993469238,2549.6840504440042
14948.0,23.71979522705078,4.062341213226318,2549.806196441001
14949.0,16.7587890625,3.2627718448638916,2549.9675602869975
14950.0,8.468473434448242,2.017451286315918,2550.0884315120056
14951.0,5.416935443878174,1.584572672843933,2550.224738368008
14952.0,9.452488899230957,2.538825750350952,2550.3438520939962
14953.0,14.142343521118164,2.555509328842163,2550.4638516380073
14954.0,9.537817001342773,2.024627208709717,2550.6202823019994
14955.0,4.367275238037109,1.0058422088623047,2550.7402569630067
14956.0,7.919698715209961,2.376709461212158,2550.8848287760047
14957.0,7.758666515350342,1.5640898942947388,2551.044751976995
14958.0,3.898404359817505,1.0475999116897583,2551.198742346998
14959.0,11.658317565917969,2.8432364463806152,2551.341734817004
14960.0,7.296055793762207,1.620299220085144,2551.5063246960053
14961.0,4.4425458908081055,1.0903539657592773,2551.623450746003
14962.0,14.202289581298828,2.4798226356506348,2551.779586085002
14963.0,4.409729480743408,1.1993054151535034,2551.9329202340014
14964.0,16.395423889160156,2.7312870025634766,2552.071620925999
14965.0,3.816939115524292,0.9874477386474609,2552.199187992999
14966.0,8.297553062438965,1.8715736865997314,2552.3314459620015
14967.0,4.667700290679932,1.384218692779541,2552.4542067820003
14968.0,8.013489723205566,2.14721417427063,2552.573706084004
14969.0,11.859879493713379,2.2228989601135254,2552.6839710149943
14970.0,21.58655548095703,3.5877325534820557,2552.798861509
14971.0,16.562702178955078,2.7350857257843018,2552.915345083995
14972.0,6.318429470062256,1.8066681623458862,2553.057094778007
14973.0,19.68016242980957,3.719658136367798,2553.1669292190054
14974.0,10.785194396972656,2.1649327278137207,2553.2930880829954
14975.0,7.653140544891357,2.00468373298645,2553.4150905849965
14976.0,56.24199676513672,7.257899284362793,2553.523697591998
14977.0,15.75447940826416,3.0523507595062256,2553.6553616860037
14978.0,16.39485740661621,2.9968478679656982,2553.756278328001
14979.0,5.293185234069824,1.4134660959243774,2553.8745094640035
14980.0,14.811965942382812,2.922109603881836,2553.9919252870022
14981.0,16.38477325439453,2.8637115955352783,2554.1207809110056
14982.0,14.67779541015625,2.788912773132324,2554.2425895920023
14983.0,11.220640182495117,2.0698981285095215,2554.372724415007
14984.0,7.686663627624512,2.085411310195923,2554.4904936139937
14985.0,8.937085151672363,2.1655023097991943,2554.602338241006
14986.0,5.9906697273254395,1.2706282138824463,2554.719791765994
14987.0,26.656036376953125,3.110435724258423,2554.8289080469985
14988.0,6.178742408752441,1.6821738481521606,2554.943287178001
14989.0,40.12919235229492,4.705793857574463,2555.0835415699985
14990.0,8.351306915283203,2.1982808113098145,2555.202926765007
14991.0,7.000461101531982,1.462217092514038,2555.3267456650065
14992.0,12.478307723999023,2.4269046783447266,2555.461666125004
14993.0,22.71220588684082,3.7748639583587646,2555.5934977419965
14994.0,11.517481803894043,2.517947196960449,2555.703845252996
14995.0,10.431730270385742,1.5773919820785522,2555.8182548019977
14996.0,21.481006622314453,3.4248626232147217,2555.950051464999
14997.0,17.515186309814453,3.6288185119628906,2556.062691018
14998.0,6.871208190917969,1.551655888557434,2556.227231857003
14999.0,19.79100799560547,3.762911558151245,2556.338585435995
15000.0,26.20830535888672,4.330199718475342,2556.4738370730047
