step,loss,epe,elapsed_seconds
1.0,13196.8203125,103.35491943359375,3.0159231980069308
2.0,13127.1455078125,103.071533203125,3.271920230006799
3.0,13502.2099609375,106.15299987792969,3.5724266979959793
4.0,11896.869140625,97.12813568115234,3.873302991007222
5.0,18165.615234375,129.07290649414062,4.142653881004662
6.0,17980.443359375,128.52960205078125,4.426191293998272
7.0,13442.6259765625,104.1296157836914,4.705101630999707
8.0,12490.7216796875,99.46785736083984,4.98698563099606
9.0,14275.162109375,106.75804138183594,5.273819786001695
10.0,14672.09765625,115.15950775146484,5.586585267999908
11.0,15171.97265625,112.84291076660156,5.834484393999446
12.0,17478.4453125,129.55877685546875,6.118408923008246
13.0,13059.458984375,101.82630157470703,6.392264249996515
14.0,18429.48828125,132.00637817382812,6.66760114999488
15.0,19584.162109375,136.4810028076172,6.953880009998102
16.0,16665.568359375,123.7567138671875,7.456936086004134
17.0,8374.8759765625,77.38291931152344,7.741063655004837
18.0,8856.845703125,87.02118682861328,8.026603389997035
19.0,4231.57177734375,58.29888153076172,8.316481739995652
20.0,4610.17626953125,62.40191650390625,8.593282635003561
21.0,2873.254150390625,47.910526275634766,8.881823907999205
22.0,2297.600830078125,43.9456787109375,9.186404520005453
23.0,3195.602783203125,51.94160842895508,9.4545732139959
24.0,2886.239990234375,46.46249008178711,9.861557607000577
25.0,1478.407470703125,34.41901779174805,10.1595264350035
26.0,2202.386962890625,41.10722351074219,10.495227314997464
27.0,3048.72216796875,45.91823959350586,10.84070328999951
28.0,3040.980712890625,47.45878982543945,11.121402880002279
29.0,1845.129150390625,39.02957534790039,11.398410793000949
30.0,2548.84130859375,41.56636428833008,11.683225266999216
31.0,2566.396484375,38.56087875366211,11.9716105050029
32.0,856.9810791015625,25.580686569213867,12.262230577005539
33.0,1946.5771484375,32.97565841674805,12.572324635999394
34.0,1004.6492309570312,24.66725730895996,12.848132072002045
35.0,1912.865966796875,36.79330062866211,13.116652664000867
36.0,3423.052490234375,50.0467643737793,13.382752179997624
37.0,1411.9493408203125,26.45438003540039,13.654827938007656
38.0,1539.1551513671875,31.683900833129883,13.916685746997246
39.0,1172.956787109375,30.08277702331543,14.197565815004054
40.0,1794.3721923828125,34.694156646728516,14.45872650599631
41.0,1570.8096923828125,33.247764587402344,14.776880315999733
42.0,2664.701171875,47.505836486816406,15.062200824002502
43.0,1272.359130859375,30.36252212524414,15.365600424003787
44.0,1682.900634765625,36.22246170043945,15.64026751399797
45.0,1304.34814453125,30.719932556152344,15.926556877006078
46.0,1399.08447265625,31.81875228881836,16.210887652996462
47.0,2116.38818359375,38.475791931152344,16.48510494400398
48.0,1710.552734375,36.81904220581055,16.76056437799707
49.0,1001.6569213867188,26.653291702270508,17.035218699995312
50.0,1392.0294189453125,28.256622314453125,17.30247163400054
51.0,844.7468872070312,22.520427703857422,17.58756763000565
52.0,893.571533203125,24.54163360595703,17.85426377800468
53.0,682.0359497070312,21.705013275146484,18.15565377799794
54.0,1588.075439453125,32.086761474609375,18.435879088006914
55.0,1157.2587890625,25.6243953704834,18.74158287800674
56.0,1445.8944091796875,30.020618438720703,19.073904948003474
57.0,1413.494140625,34.81582260131836,19.381496764006442
58.0,2521.604736328125,40.24681854248047,19.653825614994275
59.0,1350.3118896484375,24.581817626953125,19.94178716999886
60.0,854.4102172851562,22.022457122802734,20.226057385996683
61.0,1036.951416015625,25.918258666992188,20.5092685349955
62.0,776.6943359375,21.64752197265625,20.77806289799628
63.0,1152.703125,27.4962100982666,21.09681059200375
64.0,1842.907470703125,34.15824890136719,21.359929550002562
65.0,759.9204711914062,23.84478759765625,21.65750532000675
66.0,1440.3238525390625,32.2860221862793,21.966635197997675
67.0,966.248779296875,23.960542678833008,22.266808298998512
68.0,897.450439453125,25.37489128112793,22.596104288008064
69.0,749.1519165039062,21.535430908203125,22.906829225001275
70.0,2669.092529296875,46.88724136352539,23.198179101003916
71.0,1234.900146484375,28.39574432373047,23.50390155200148
72.0,1476.1065673828125,33.11803436279297,23.777858882996952
73.0,2071.60498046875,37.758087158203125,24.069967978008208
74.0,1580.93994140625,33.358909606933594,24.362841374007985
75.0,1148.9989013671875,28.709129333496094,24.647333479006193
76.0,1513.8873291015625,33.03204345703125,24.93166705900512
77.0,809.3099975585938,23.447389602661133,25.224667729999055
78.0,977.5970458984375,25.4033260345459,25.496764024996082
79.0,769.5823974609375,20.975526809692383,25.796932655008277
80.0,548.5625,19.601150512695312,26.07103686100163
81.0,1232.52294921875,26.724674224853516,26.4096659719944
82.0,1015.9895629882812,27.490161895751953,26.698475149998558
83.0,1201.4180908203125,28.106901168823242,27.04186148100416
84.0,1683.546875,30.1787052154541,27.381022900008247
85.0,677.089111328125,22.17885398864746,27.700278357006027
86.0,653.710693359375,21.42290687561035,28.002978283999255
87.0,396.4398193359375,15.338302612304688,28.29743380099535
88.0,907.5385131835938,26.06309700012207,28.573942140006693
89.0,1039.3021240234375,23.610034942626953,28.843795877997763
90.0,927.7831420898438,23.961952209472656,29.215271093999036
91.0,1286.136962890625,28.873445510864258,29.534263987006852
92.0,589.8624877929688,18.844572067260742,29.865686528006336
93.0,630.3604736328125,21.16147232055664,30.18244744099502
94.0,596.9418334960938,19.79360008239746,30.4789909300016
95.0,336.6704406738281,15.190662384033203,30.812543678999646
96.0,448.1710205078125,17.645719528198242,31.334832658001687
97.0,1027.694091796875,24.247983932495117,31.90149219399609
98.0,1923.8975830078125,37.985408782958984,32.44605714500358
99.0,804.1597900390625,19.2697811126709,32.98013155600347
100.0,526.9965209960938,19.08165168762207,33.33451445600076
101.0,1328.1820068359375,28.121068954467773,47.011931688000914
102.0,1046.6934814453125,24.398441314697266,47.28799040100421
103.0,456.4140625,15.922364234924316,47.58643104499788
104.0,430.53802490234375,15.762057304382324,47.88557366099849
105.0,1036.406005859375,30.566694259643555,48.16271591599798
106.0,726.3743286132812,23.969541549682617,48.5004954610049
107.0,504.45294189453125,17.97665786743164,48.83886866499961
108.0,548.7965087890625,19.303329467773438,49.11708885000553
109.0,342.89276123046875,15.235307693481445,49.38601633500366
110.0,583.2827758789062,17.770444869995117,49.64819878099661
111.0,1211.5059814453125,30.262113571166992,49.9360646569985
112.0,861.8211669921875,25.60500717163086,50.21239408799738
113.0,312.1991882324219,14.8806734085083,50.494402091993834
114.0,873.0549926757812,23.895448684692383,50.76042970200069
115.0,706.5592041015625,21.723220825195312,51.0463577920018
116.0,681.7939453125,21.51299476623535,51.321601007002755
117.0,1027.50634765625,26.845745086669922,51.59101475299394
118.0,1495.3826904296875,25.916568756103516,51.86307733399735
119.0,1214.72021484375,26.279462814331055,52.11217457300518
120.0,373.5028991699219,16.61688995361328,52.386548148002476
121.0,793.2952270507812,24.351970672607422,52.67590104800183
122.0,887.5645141601562,20.990318298339844,52.97906551799679
123.0,245.2798309326172,12.591381072998047,53.256166302002384
124.0,1007.5106201171875,23.630924224853516,53.536661573001766
125.0,571.6405029296875,18.982959747314453,53.857832573005
126.0,356.5359191894531,16.26811408996582,54.146484434008016
127.0,301.81268310546875,14.137974739074707,54.41868465900188
128.0,1242.3743896484375,30.081647872924805,54.71173559399904
129.0,2242.0625,35.486175537109375,55.03988136599946
130.0,938.0391845703125,26.901765823364258,55.31707570700382
131.0,1109.1749267578125,28.5851993560791,55.607943939001416
132.0,1200.4608154296875,25.34516716003418,55.92506677600613
133.0,473.8366394042969,17.68682098388672,56.231461160001345
134.0,1149.80029296875,26.629451751708984,56.49605345800228
135.0,775.9244995117188,24.39403533935547,56.77865038199525
136.0,467.66058349609375,19.75598907470703,57.07532401700155
137.0,243.6080780029297,13.393964767456055,57.35583413600398
138.0,271.590576171875,14.239343643188477,57.64785170600226
139.0,825.53662109375,20.4962158203125,57.929900041999645
140.0,371.9629821777344,16.95789337158203,58.22357976100466
141.0,632.3375244140625,19.262956619262695,58.55713191900577
142.0,291.6099853515625,14.66003704071045,58.85880181399989
143.0,675.1131591796875,19.192689895629883,59.21170678699855
144.0,631.6159057617188,21.30976676940918,59.571122138004284
145.0,1297.971435546875,26.228870391845703,59.88639918100671
146.0,984.3410034179688,28.64642906188965,60.18938141800754
147.0,662.684814453125,20.157081604003906,60.539656185006606
148.0,368.7088623046875,14.678292274475098,60.83328597700165
149.0,548.4791870117188,18.05549430847168,61.11260185399442
150.0,523.9371948242188,16.04888343811035,61.38285886500671
151.0,381.5863952636719,17.233642578125,61.65271992000635
152.0,794.2782592773438,20.990806579589844,61.94159557200328
153.0,270.2939758300781,12.504197120666504,62.247081288995105
154.0,607.3995361328125,17.62209701538086,62.53830520900374
155.0,506.7021789550781,18.825489044189453,62.843987482003286
156.0,1300.5357666015625,24.230148315429688,63.153001098995446
157.0,283.0579833984375,13.037851333618164,63.43273520699586
158.0,794.348388671875,21.463651657104492,63.77437680600269
159.0,570.3346557617188,21.517772674560547,64.07180675500422
160.0,622.4322509765625,20.67698860168457,64.35623770600068
161.0,689.3111572265625,20.00568389892578,64.68739504400583
162.0,613.1651000976562,18.999509811401367,65.03728705400135
163.0,629.6510009765625,18.965068817138672,65.36341861399706
164.0,1362.17236328125,30.926620483398438,65.65332618200046
165.0,1948.834716796875,36.45848846435547,65.97614619400701
166.0,696.1593627929688,23.943689346313477,66.2627952509938
167.0,256.9237060546875,12.773576736450195,66.55231207900215
168.0,382.07281494140625,16.677968978881836,66.84553365400643
169.0,987.480224609375,23.63782501220703,67.14428116699855
170.0,225.25331115722656,12.03097915649414,67.4248446200072
171.0,238.0690460205078,11.934670448303223,67.73144006700022
172.0,547.4525146484375,18.483301162719727,68.01302730200405
173.0,1122.1292724609375,26.20487403869629,68.28874490999442
174.0,1708.8271484375,31.264192581176758,68.60267518699402
175.0,311.1580505371094,14.647318840026855,68.89614838099806
176.0,1166.39404296875,23.378347396850586,69.22029498800111
177.0,954.2181396484375,26.97047233581543,69.59446291299537
178.0,496.8231506347656,16.56516456604004,69.90930692300026
179.0,666.2056884765625,20.67195701599121,70.20825232700736
180.0,2081.184326171875,33.816802978515625,70.48926913000469
181.0,1643.687255859375,31.491870880126953,70.76376402600727
182.0,2404.109130859375,35.78310775756836,71.05196070500824
183.0,433.43511962890625,15.750064849853516,71.35596808300761
184.0,332.32708740234375,15.924121856689453,71.65475740299735
185.0,580.43408203125,17.31960678100586,71.93927263200749
186.0,442.0204162597656,16.316858291625977,72.23534021699743
187.0,171.33648681640625,10.672428131103516,72.54202024299593
188.0,1129.598388671875,26.47710418701172,72.85476025800745
189.0,670.9242553710938,19.726608276367188,73.12697260400455
190.0,1143.148681640625,26.245328903198242,73.44081796500541
191.0,565.3798828125,19.287443161010742,73.79206224200607
192.0,1106.30908203125,28.407657623291016,74.08338159299456
193.0,547.1548461914062,21.242111206054688,74.40143725799862
194.0,676.4933471679688,24.598329544067383,74.68555114600167
195.0,813.219482421875,25.163482666015625,74.96923024799617
196.0,878.4346313476562,23.2406063079834,75.23489816300571
197.0,295.6055603027344,13.828289985656738,75.52224297900102
198.0,429.9718933105469,17.13652992248535,75.82385475200135
199.0,556.2161865234375,19.156295776367188,76.12459582899464
200.0,593.1736450195312,17.12407684326172,76.37996447499609
201.0,881.9489135742188,22.331279754638672,90.09907149200444
202.0,548.8684692382812,20.039199829101562,90.3619552529999
203.0,617.96484375,19.517765045166016,90.63941228399926
204.0,449.3392028808594,14.44714641571045,90.92019640799845
205.0,434.52783203125,17.06993293762207,91.20111611600441
206.0,279.61090087890625,13.40084457397461,91.48010725200584
207.0,1937.99169921875,32.401676177978516,91.75395247699635
208.0,182.7165069580078,10.904581069946289,92.02390953400754
209.0,1707.39697265625,34.65043258666992,92.30565479499637
210.0,478.18878173828125,15.452132225036621,92.58927315099572
211.0,440.4659729003906,14.810832023620605,92.8870595680055
212.0,657.1734008789062,21.9520320892334,93.16726488800487
213.0,396.5407409667969,14.773397445678711,93.4387846650061
214.0,382.5318603515625,13.79554557800293,93.69844073000422
215.0,480.8374328613281,18.143207550048828,94.00938063800277
216.0,311.94171142578125,14.26997184753418,94.29765215200314
217.0,372.1636047363281,14.432424545288086,94.5698584740021
218.0,275.99481201171875,12.614472389221191,94.85435592000431
219.0,561.4796142578125,19.443317413330078,95.12853617500514
220.0,582.2015380859375,17.016923904418945,95.41066660899378
221.0,236.16079711914062,12.834076881408691,95.69032541599881
222.0,1032.5557861328125,23.387550354003906,95.97515252399899
223.0,1244.947265625,34.35802459716797,96.24836176300596
224.0,699.4244384765625,21.746767044067383,96.53952267499699
225.0,1058.365966796875,23.011199951171875,96.8126987680007
226.0,704.6682739257812,21.025676727294922,97.08589935700002
227.0,835.0965576171875,22.558746337890625,97.37732821299869
228.0,1110.95751953125,31.554750442504883,97.66041310600122
229.0,437.3810729980469,17.06650161743164,97.97826345199428
230.0,236.2193145751953,11.948931694030762,98.28881139100122
231.0,759.40673828125,21.5777645111084,98.57373559300322
232.0,887.7129516601562,25.361644744873047,98.93825690199446
233.0,422.3844299316406,16.115509033203125,99.22351821800112
234.0,353.5898132324219,16.457321166992188,99.5196582320059
235.0,768.5042724609375,23.799680709838867,99.77973611900234
236.0,610.5489501953125,21.45418930053711,100.0586702110013
237.0,722.1141357421875,23.53362274169922,100.34291939399554
238.0,298.0293273925781,14.743799209594727,100.61629488800827
239.0,283.2523193359375,12.738306999206543,100.88444633199833
240.0,99.2181396484375,8.27968978881836,101.17966240100213
241.0,1341.9791259765625,24.990156173706055,101.464498825997
242.0,1360.4034423828125,27.700162887573242,101.75001851000707
243.0,1597.6240234375,31.131938934326172,102.02298009399965
244.0,907.6953125,27.05562400817871,102.30280118899827
245.0,164.8056640625,10.520662307739258,102.59098887900473
246.0,492.067138671875,19.49699592590332,102.89575258799596
247.0,297.67724609375,15.325284957885742,103.178085328007
248.0,523.7552490234375,17.261428833007812,103.4705881169939
249.0,1198.801513671875,22.775753021240234,103.78098019800382
250.0,654.328125,21.783082962036133,104.06913704100589
251.0,377.29901123046875,15.646063804626465,104.35343759600073
252.0,402.9334411621094,16.913888931274414,104.61983149200387
253.0,686.0927124023438,20.25612449645996,104.88166730399826
254.0,511.89678955078125,17.302438735961914,105.133178434
255.0,553.363525390625,19.449445724487305,105.47141119799926
256.0,131.5396728515625,9.432964324951172,105.78720100800274
257.0,555.22265625,19.352903366088867,106.05315972100652
258.0,328.36004638671875,12.260757446289062,106.33780688600382
259.0,531.1450805664062,18.466251373291016,106.62211876100628
260.0,863.2811279296875,27.1873836517334,106.90024411400373
261.0,722.669189453125,18.41282081604004,107.22628264500236
262.0,442.24212646484375,17.982999801635742,107.53810340100608
263.0,639.8189086914062,19.650390625,107.84807349900075
264.0,670.6581420898438,22.579418182373047,108.149365425008
265.0,330.0596008300781,15.281731605529785,108.51506913700723
266.0,440.22503662109375,16.988876342773438,108.9341338009981
267.0,521.97021484375,19.086149215698242,109.27616120800667
268.0,954.99951171875,25.742835998535156,109.63248219000525
269.0,336.0437927246094,15.13668155670166,110.08672910199675
270.0,188.00985717773438,11.591654777526855,110.4182611139986
271.0,1130.1790771484375,24.767568588256836,110.73559712800488
272.0,295.0401611328125,14.903249740600586,111.0494997450005
273.0,589.2525634765625,20.42938995361328,111.3661049479997
274.0,543.4542236328125,14.505367279052734,111.62206622300437
275.0,671.8880004882812,23.62190818786621,111.9848497119965
276.0,401.6029968261719,15.629722595214844,112.28548389399657
277.0,340.52642822265625,15.660968780517578,112.60611741700268
278.0,368.2706604003906,15.389101028442383,112.97715824500483
279.0,436.4441223144531,16.168197631835938,113.2685610250046
280.0,1025.025390625,31.318880081176758,113.55047833699791
281.0,957.006591796875,22.96062660217285,113.83542262899573
282.0,378.53179931640625,17.2790584564209,114.13476125900343
283.0,242.84844970703125,13.43913459777832,114.3923071600002
284.0,194.2105712890625,11.790066719055176,114.65036191900435
285.0,586.3154296875,19.968429565429688,115.43767990400374
286.0,170.89004516601562,11.091753959655762,115.81000065499393
287.0,853.5908813476562,23.50093650817871,116.07788926000649
288.0,512.427001953125,20.051223754882812,116.43067883999902
289.0,491.2725524902344,17.001710891723633,116.72126139899774
290.0,689.8834228515625,20.329957962036133,117.0360233560059
291.0,687.8297119140625,20.268007278442383,117.35571934600011
292.0,1113.0797119140625,24.56776237487793,117.66040127800079
293.0,422.0677490234375,16.11505126953125,117.96579050099535
294.0,249.58152770996094,12.539036750793457,118.29930034499557
295.0,648.7030639648438,21.093250274658203,118.59278087099665
296.0,464.13177490234375,14.329054832458496,118.88578069499636
297.0,231.41844177246094,11.657755851745605,119.22854558999825
298.0,470.4464416503906,16.224504470825195,119.5654746079963
299.0,391.1990051269531,15.654373168945312,119.9119711759995
300.0,658.824951171875,22.13374137878418,120.20667379199585
301.0,797.79736328125,23.675460815429688,133.48921731099836
302.0,119.71082305908203,8.671542167663574,133.76409726400743
303.0,1827.942138671875,35.29393768310547,134.08745718399587
304.0,874.444580078125,25.54056167602539,134.39222929099924
305.0,1055.92626953125,23.608909606933594,134.66777416699915
306.0,1444.720947265625,33.8685302734375,134.93817068600038
307.0,2159.772705078125,38.1404914855957,135.25266789199668
308.0,262.31585693359375,14.083723068237305,135.53480470700015
309.0,578.4345092773438,20.257980346679688,135.804394656996
310.0,807.2655639648438,23.147937774658203,136.07373150700005
311.0,1187.6900634765625,25.12167739868164,136.3470635459962
312.0,370.3602294921875,15.991719245910645,136.63489433200448
313.0,134.20216369628906,9.141335487365723,136.9570699140022
314.0,589.0841064453125,18.559207916259766,137.2392033859942
315.0,199.08230590820312,11.732889175415039,137.49349130000337
316.0,442.89239501953125,17.663419723510742,137.79305552000005
317.0,588.4517211914062,20.553632736206055,138.0544928360032
318.0,394.9281921386719,16.218963623046875,138.32908331800718
319.0,144.12586975097656,9.418416023254395,138.6006304110051
320.0,351.7701110839844,14.006897926330566,138.87591719800548
321.0,965.3101196289062,23.179187774658203,139.1467080279981
322.0,548.6959228515625,18.886194229125977,139.42287969500467
323.0,155.0311737060547,9.778169631958008,139.70625547399686
324.0,145.5740966796875,9.183862686157227,139.95632630199543
325.0,831.9453125,22.068941116333008,140.26867257199774
326.0,174.25059509277344,10.020219802856445,140.5705635320046
327.0,364.9149169921875,14.671594619750977,140.84745521900186
328.0,239.37550354003906,11.958393096923828,141.11884347400337
329.0,286.0682373046875,12.74326229095459,141.40217239000776
330.0,1454.7664794921875,32.551963806152344,141.69441846900736
331.0,665.9307250976562,20.234651565551758,141.97470990099828
332.0,636.5380859375,17.51268196105957,142.25808450600016
333.0,453.8060607910156,17.07513427734375,142.5146507610043
334.0,1333.3951416015625,31.85582733154297,142.8359050959989
335.0,378.8415222167969,16.011320114135742,143.10889290100022
336.0,1503.9168701171875,34.571693420410156,143.38732743100263
337.0,558.8842163085938,17.89715576171875,143.66084505300387
338.0,559.5126953125,17.848175048828125,143.93401663799887
339.0,261.6154479980469,13.502068519592285,144.2069924719981
340.0,436.4071350097656,16.251562118530273,144.46190038899658
341.0,588.1806030273438,18.680370330810547,144.745118670995
342.0,1473.0872802734375,30.358217239379883,145.02764821400342
343.0,1735.803466796875,31.829727172851562,145.3213933359948
344.0,402.2959289550781,16.656496047973633,145.59254611299548
345.0,1459.0389404296875,29.784393310546875,145.87278693199914
346.0,287.612060546875,14.12913990020752,146.15415335800208
347.0,711.4996337890625,20.663196563720703,146.4272969589947
348.0,1145.94140625,29.48570442199707,146.71895235699776
349.0,522.0538330078125,19.81326675415039,147.0142172210035
350.0,307.4462890625,14.605671882629395,147.2854983020079
351.0,730.5811157226562,21.630159378051758,147.55517727900587
352.0,115.3062973022461,8.436336517333984,147.8310410020058
353.0,340.7032165527344,16.144866943359375,148.10712433200388
354.0,279.272216796875,12.649909019470215,148.38253168099618
355.0,421.62823486328125,18.271472930908203,148.6567867720005
356.0,155.44772338867188,10.418790817260742,148.93143231900467
357.0,409.9794921875,14.464896202087402,149.2427658259985
358.0,985.2915649414062,26.21684455871582,149.53893580799922
359.0,339.4433898925781,13.227460861206055,149.83222126000328
360.0,1048.8370361328125,24.826574325561523,150.13151278499572
361.0,279.33111572265625,13.25720500946045,150.39763418000075
362.0,374.6753234863281,15.045431137084961,150.66651442399598
363.0,247.9852752685547,12.69534683227539,150.93818321700383
364.0,456.5777282714844,16.19390296936035,151.24814272600634
365.0,226.05520629882812,11.633296966552734,151.54049135300738
366.0,643.6066284179688,19.055421829223633,151.82167976499477
367.0,344.5323486328125,15.579532623291016,152.12800620000053
368.0,533.9161987304688,18.825977325439453,152.39631486100552
369.0,333.4966735839844,14.5814790725708,152.6763695020054
370.0,281.77740478515625,13.483072280883789,152.95703678599966
371.0,279.4457092285156,12.435650825500488,153.23311718800687
372.0,620.7840576171875,18.66175651550293,153.5182019490021
373.0,620.9842529296875,21.367780685424805,153.8111830130074
374.0,329.3974914550781,14.90717601776123,154.0743082429981
375.0,332.7878112792969,13.107292175292969,154.36334066999552
376.0,971.3088989257812,26.355684280395508,154.64400684800057
377.0,176.5983123779297,11.2489652633667,154.91579229899799
378.0,536.17138671875,16.836135864257812,155.18628413400438
379.0,247.58314514160156,12.321834564208984,155.47021517100802
380.0,205.3902130126953,12.694706916809082,155.76741589599987
381.0,203.82225036621094,11.723465919494629,156.0449823240051
382.0,124.63994598388672,8.905348777770996,156.31956685399928
383.0,266.477294921875,13.651646614074707,156.59125174699875
384.0,789.082275390625,20.898414611816406,156.86896605600487
385.0,1495.5877685546875,37.993896484375,157.13058087999525
386.0,2104.822021484375,31.450159072875977,157.41774473899568
387.0,897.123779296875,22.951576232910156,157.69011731199862
388.0,934.2318725585938,22.65322494506836,157.9795603359962
389.0,559.90087890625,19.65522575378418,158.2719149080076
390.0,152.49459838867188,10.52408504486084,158.54215471800126
391.0,82.79364013671875,7.859425067901611,158.81139924899617
392.0,542.258056640625,19.190580368041992,159.1043889779976
393.0,292.73724365234375,12.609835624694824,159.40581816299527
394.0,307.6104431152344,13.961443901062012,159.69261295400793
395.0,251.57444763183594,12.184571266174316,160.0042528280028
396.0,314.14178466796875,13.600799560546875,160.28269802499563
397.0,288.6594543457031,13.957178115844727,160.57210362500336
398.0,256.4149475097656,12.893412590026855,160.836546008999
399.0,372.6499328613281,15.610370635986328,161.13013480800146
400.0,726.0144653320312,21.219438552856445,161.40445606999856
401.0,402.9495849609375,15.868231773376465,176.1422354850074
402.0,526.2113037109375,16.56348419189453,176.39988962099596
403.0,267.70245361328125,13.788965225219727,176.70298427900707
404.0,660.62060546875,20.429014205932617,177.0288305199938
405.0,420.3604736328125,14.909974098205566,177.67070720900665
406.0,483.0205993652344,16.348594665527344,179.4391331520019
407.0,431.9733581542969,16.084505081176758,179.74190898699453
408.0,1001.2190551757812,22.052934646606445,180.02702542800398
409.0,894.353759765625,23.631759643554688,180.3017879800027
410.0,715.8134155273438,22.690723419189453,180.57162847400468
411.0,314.09423828125,12.895252227783203,180.86681332800072
412.0,303.6614685058594,12.416374206542969,181.1169440800004
413.0,1338.765869140625,29.20722007751465,181.40068565899855
414.0,234.9525909423828,12.94070053100586,181.68847710599948
415.0,323.0909118652344,13.570235252380371,181.9590416209976
416.0,133.8035430908203,9.920063018798828,182.24506311200093
417.0,783.5014038085938,15.252264022827148,182.53039491700474
418.0,1261.2635498046875,30.38918685913086,182.81077465999988
419.0,71.58055877685547,7.080081462860107,183.08266692000325
420.0,304.8220520019531,12.655762672424316,183.366115109995
421.0,343.1844787597656,13.923477172851562,183.65556992799975
422.0,817.6728515625,21.47065544128418,183.96260366699426
423.0,219.94937133789062,11.831304550170898,184.25766522200138
424.0,100.33662414550781,7.74590539932251,184.5491094799945
425.0,260.7494812011719,13.31497859954834,184.82131568499608
426.0,260.72344970703125,12.999156951904297,185.11984391299484
427.0,445.4659423828125,16.292444229125977,185.42149915300251
428.0,293.7427978515625,12.730236053466797,185.7323848829983
429.0,181.0417938232422,10.638083457946777,186.04046468400338
430.0,303.08636474609375,12.649280548095703,186.34408043099393
431.0,377.661376953125,15.575799942016602,186.71129350100819
432.0,176.8388671875,10.30821704864502,187.00980675000756
433.0,261.6342468261719,11.772449493408203,187.29597756300063
434.0,163.9435577392578,10.341219902038574,187.56835532900004
435.0,600.5552368164062,17.706636428833008,187.84300211300433
436.0,410.1067199707031,15.130133628845215,188.12715647599543
437.0,236.0862274169922,11.807156562805176,188.42132578999735
438.0,176.99066162109375,10.894449234008789,188.69834718499624
439.0,700.1323852539062,19.11433219909668,188.95147378799447
440.0,477.94000244140625,16.887290954589844,189.22637178700825
441.0,622.5426025390625,21.565277099609375,189.51686372999393
442.0,126.14942169189453,9.825261116027832,189.81430758499482
443.0,232.78387451171875,12.4440336227417,190.1493008260004
444.0,134.35821533203125,9.638374328613281,190.43466213300417
445.0,346.07440185546875,15.251775741577148,190.728265430007
446.0,248.2087860107422,12.581169128417969,191.02565614599735
447.0,835.499755859375,24.22027587890625,191.300487237997
448.0,1227.9267578125,27.545881271362305,191.58633977299905
449.0,189.9860076904297,10.619414329528809,191.87343315800535
450.0,261.8768615722656,11.729035377502441,192.15114593300677
451.0,659.2655639648438,17.949365615844727,192.4149679539987
452.0,304.1517333984375,13.954691886901855,192.69871695400798
453.0,329.2378845214844,13.476856231689453,192.9917883599992
454.0,98.76252746582031,7.829823017120361,193.26920704200165
455.0,386.9813232421875,13.571737289428711,193.5535461709951
456.0,762.5773315429688,22.72919464111328,193.8329985110031
457.0,403.3799743652344,16.551387786865234,194.13068226899486
458.0,115.85162353515625,9.222819328308105,194.43994384900725
459.0,959.6370849609375,18.266284942626953,194.71568582700274
460.0,369.4322204589844,15.255745887756348,195.00426672800677
461.0,390.04425048828125,15.422085762023926,195.2734218639962
462.0,125.81616973876953,8.674568176269531,195.57292323700676
463.0,335.0369873046875,14.302533149719238,195.84446547999687
464.0,273.2049865722656,13.046529769897461,196.13413535800646
465.0,87.12791442871094,7.474697113037109,196.44541841100727
466.0,266.2791442871094,12.542041778564453,196.7130064130033
467.0,325.1418151855469,15.805724143981934,197.03775427299843
468.0,248.35659790039062,13.067720413208008,197.30912097499822
469.0,182.15988159179688,9.889854431152344,197.59557443100493
470.0,316.0501403808594,12.389846801757812,197.87804042099742
471.0,410.7305603027344,12.750551223754883,198.1694259539945
472.0,232.4764404296875,13.20976448059082,198.4418204590038
473.0,322.4902038574219,12.975168228149414,198.73024772699864
474.0,1253.171142578125,32.64750289916992,199.04058199099381
475.0,270.9001770019531,13.144144058227539,199.31406461799634
476.0,515.3319091796875,17.30171775817871,199.59049654900446
477.0,298.65533447265625,13.531929969787598,199.85323302500183
478.0,114.66618347167969,7.888894557952881,200.1305538460001
479.0,566.3048095703125,16.812543869018555,200.39547547699476
480.0,184.7986602783203,11.72417163848877,200.67030791299476
481.0,94.89363861083984,7.582827091217041,200.96364014099527
482.0,595.07177734375,23.071353912353516,201.2578095649951
483.0,553.23828125,11.24206829071045,201.5660730350064
484.0,498.2827453613281,19.844669342041016,201.83443607999652
485.0,547.8101806640625,16.456520080566406,202.1163561430003
486.0,322.44134521484375,14.475317001342773,202.4048410030082
487.0,228.24008178710938,11.814270973205566,202.68448027000704
488.0,146.53883361816406,9.912396430969238,202.95728784700623
489.0,109.14958190917969,8.017624855041504,203.22554484399734
490.0,393.52056884765625,16.93716812133789,203.52107163700566
491.0,178.26402282714844,11.058612823486328,203.78666939400136
492.0,732.9929809570312,22.072956085205078,204.05436094099423
493.0,347.5272521972656,16.85995101928711,204.337775196007
494.0,645.5142211914062,18.60595703125,204.63078063700232
495.0,527.2646484375,16.348426818847656,204.89540328699513
496.0,321.06170654296875,15.096097946166992,205.14869729999918
497.0,200.54949951171875,11.45568561553955,205.4281552790053
498.0,345.3965759277344,15.185057640075684,205.70043735300715
499.0,638.0089111328125,17.348386764526367,205.97671682899818
500.0,272.21771240234375,13.58816146850586,206.2201416750031
501.0,329.74627685546875,13.462634086608887,219.9809367239941
502.0,289.139892578125,14.272199630737305,220.4239999489946
503.0,275.6521911621094,12.185412406921387,220.763107168008
504.0,366.8010559082031,14.477946281433105,221.06352554900513
505.0,237.06028747558594,12.193800926208496,221.42479549300333
506.0,491.7745056152344,16.667755126953125,221.76392311800737
507.0,240.1044921875,11.743773460388184,222.05379859400273
508.0,364.3539123535156,13.40781307220459,222.37469064700417
509.0,124.06333923339844,9.195751190185547,222.6168476879975
510.0,218.7310791015625,11.177179336547852,222.9491032109945
511.0,653.3925170898438,18.138837814331055,223.2522162709938
512.0,124.86151885986328,8.315975189208984,223.5948712100071
513.0,369.26263427734375,12.834057807922363,223.91921831799846
514.0,258.5644226074219,13.650320053100586,224.26235552699654
515.0,118.36996459960938,9.04319953918457,224.5844089750026
516.0,142.1702880859375,9.659504890441895,224.86532252100005
517.0,791.2716064453125,21.46005630493164,225.12835462400108
518.0,454.7204895019531,14.40772533416748,225.43549223299487
519.0,176.46249389648438,10.356644630432129,225.71001359600632
520.0,163.1725311279297,10.576807022094727,226.0060760119959
521.0,600.8961181640625,17.31879997253418,226.27687106499798
522.0,153.9489288330078,9.795230865478516,226.5517292010045
523.0,257.1554260253906,11.780882835388184,226.92413407399727
524.0,275.7370300292969,12.266407012939453,227.26433933399676
525.0,339.5013122558594,13.12619400024414,227.520054513996
526.0,187.44447326660156,9.205395698547363,227.81188773400208
527.0,186.02279663085938,10.012606620788574,228.07444008499442
528.0,177.89720153808594,10.485528945922852,228.3433338360046
529.0,286.25653076171875,12.030282974243164,228.6243482209975
530.0,143.67713928222656,9.393560409545898,228.91533493700263
531.0,466.86077880859375,17.204465866088867,229.21117824999965
532.0,158.32496643066406,8.830729484558105,229.49610678700265
533.0,142.60589599609375,9.848116874694824,229.78258604099392
534.0,403.56207275390625,15.597623825073242,230.04870933899656
535.0,218.77401733398438,12.695493698120117,230.3244549210067
536.0,143.43399047851562,9.620606422424316,230.60408388799988
537.0,877.07470703125,24.923315048217773,230.88224707200425
538.0,428.8249206542969,16.401283264160156,231.16328779500327
539.0,209.56788635253906,10.170351028442383,231.4323934300046
540.0,226.5185546875,9.968362808227539,231.70000115700532
541.0,233.90682983398438,12.596028327941895,231.97940435400233
542.0,158.2211151123047,9.825207710266113,232.2578829020058
543.0,149.4481658935547,9.669422149658203,232.51418285400723
544.0,1032.673095703125,29.6590518951416,232.79034960300487
545.0,376.0473327636719,15.727213859558105,233.06974872200226
546.0,136.2837677001953,8.130940437316895,233.35042038100073
547.0,430.68634033203125,17.984352111816406,233.62606049999886
548.0,105.08653259277344,8.12158203125,233.89889976300765
549.0,144.58303833007812,9.639276504516602,234.18530847299553
550.0,498.9247131347656,20.0593204498291,234.4627254329971
551.0,899.6393432617188,21.721912384033203,234.75196916899586
552.0,698.2838134765625,18.492673873901367,235.00320406899846
553.0,333.6706237792969,13.830870628356934,235.27028168800462
554.0,284.5165710449219,12.833967208862305,235.58293479400163
555.0,278.4183654785156,12.696945190429688,235.82771444400714
556.0,87.14765167236328,7.592836856842041,236.1072787459998
557.0,119.07945251464844,9.321887969970703,236.41618319800182
558.0,247.8272247314453,11.526790618896484,236.71802996800398
559.0,236.7434539794922,12.436766624450684,236.99515793900355
560.0,236.8562774658203,11.800558090209961,237.27732040800038
561.0,523.3216552734375,17.942899703979492,237.55718362799962
562.0,491.8976135253906,15.115923881530762,237.83677041399642
563.0,952.9218139648438,24.78653335571289,238.12176040900522
564.0,468.8473205566406,17.434782028198242,238.4160627950041
565.0,67.27550506591797,6.3892083168029785,238.6950392340077
566.0,336.5650634765625,12.474631309509277,238.9628731470002
567.0,94.09178924560547,7.587399482727051,239.23451514799672
568.0,536.943359375,16.41153907775879,239.50370829200256
569.0,249.90921020507812,11.637431144714355,239.76510058100394
570.0,338.6083068847656,12.433818817138672,240.04220804299985
571.0,69.56745147705078,6.230610370635986,240.30400324999937
572.0,257.74639892578125,10.870604515075684,240.58979134900437
573.0,312.347900390625,12.227394104003906,240.87825163100206
574.0,334.9078674316406,13.708436965942383,241.15487146300438
575.0,566.7147216796875,19.611501693725586,241.43343849699886
576.0,286.24237060546875,13.62837028503418,241.70299561599677
577.0,1808.0899658203125,35.11457824707031,242.01654813200003
578.0,163.40611267089844,9.16072940826416,242.30191344799823
579.0,287.0224304199219,12.560153007507324,242.57414189299743
580.0,217.71646118164062,11.56190299987793,242.84346571700007
581.0,145.6068115234375,8.732089042663574,243.1302265109989
582.0,208.95108032226562,11.667818069458008,243.39885284200136
583.0,697.9708251953125,22.473711013793945,243.67100667199702
584.0,223.7307586669922,12.02395248413086,243.93374197999947
585.0,250.3376007080078,12.809759140014648,244.19887942999776
586.0,246.0189971923828,12.002527236938477,244.49208960999385
587.0,353.81396484375,13.825465202331543,244.775181606994
588.0,80.51983642578125,7.105747222900391,245.05120155100303
589.0,366.1493225097656,13.371349334716797,245.35707652599376
590.0,304.2424011230469,12.066350936889648,245.63879458099836
591.0,236.93246459960938,12.269514083862305,245.93081662300392
592.0,508.31060791015625,17.223281860351562,246.20897780300584
593.0,144.7094268798828,9.215471267700195,246.51030368100328
594.0,1087.8072509765625,22.898670196533203,246.78371092499583
595.0,150.26756286621094,9.795740127563477,247.06102774399915
596.0,422.57080078125,16.81458854675293,247.3419392490032
597.0,382.5369567871094,16.078323364257812,247.632776243001
598.0,526.22802734375,17.907024383544922,247.93379962099425
599.0,120.61532592773438,9.282383918762207,248.22307751400513
600.0,227.8118133544922,12.108963966369629,248.50018322600226
601.0,366.2288513183594,13.316140174865723,262.1773694660078
602.0,126.02362823486328,8.102084159851074,262.451360674997
603.0,906.6769409179688,24.954879760742188,262.72147039500123
604.0,113.49935913085938,7.304498195648193,263.02572968900495
605.0,125.82774353027344,8.386624336242676,263.33981700299773
606.0,252.4829864501953,12.087820053100586,263.73242812399985
607.0,251.52330017089844,12.24509334564209,264.03534232100355
608.0,94.97732543945312,7.667295932769775,264.2950912249944
609.0,178.50721740722656,10.50786018371582,264.56977947300766
610.0,170.57528686523438,11.144281387329102,264.8587948649947
611.0,280.4237365722656,13.076383590698242,265.15800209699955
612.0,106.39288330078125,8.178194999694824,265.43010429000424
613.0,223.98355102539062,11.349284172058105,265.69244493999577
614.0,169.55880737304688,10.169617652893066,265.98063968500355
615.0,244.6060333251953,11.976076126098633,266.24208650800574
616.0,201.94253540039062,11.873574256896973,266.51025799900526
617.0,133.1203155517578,9.86301326751709,266.77678284399735
618.0,278.0774230957031,11.10278606414795,267.05410881699936
619.0,93.74131774902344,7.137953281402588,267.3463203029969
620.0,71.83898162841797,6.660126209259033,267.6692989900039
621.0,190.44752502441406,9.472108840942383,267.95374262500263
622.0,233.2584686279297,11.397574424743652,268.2194107420073
623.0,312.1380615234375,15.623044967651367,268.5243328180077
624.0,229.88668823242188,12.719442367553711,268.8095949419949
625.0,468.8006896972656,16.89680290222168,269.0940388279996
626.0,512.177978515625,19.967388153076172,269.3657957499963
627.0,354.71441650390625,13.997628211975098,269.63561198800744
628.0,319.24053955078125,14.00484561920166,269.9194441199943
629.0,346.4532165527344,14.055766105651855,270.19601432600757
630.0,368.0423278808594,13.059172630310059,270.48152929899516
631.0,284.8187255859375,12.904502868652344,270.7577660770039
632.0,280.3706970214844,13.016952514648438,271.02526428800775
633.0,132.34742736816406,10.145952224731445,271.2810242520063
634.0,77.13375091552734,6.7793989181518555,271.5349156099983
635.0,135.7831573486328,9.336030006408691,271.82658342900686
636.0,333.3145751953125,14.452033996582031,272.08312647200364
637.0,375.2968444824219,15.806280136108398,272.3699263860035
638.0,283.982177734375,12.898061752319336,272.65550816200266
639.0,228.5743865966797,11.140474319458008,272.9682562590024
640.0,361.3072814941406,12.575982093811035,273.2438912780053
641.0,230.36268615722656,11.414570808410645,273.5019379180012
642.0,174.29415893554688,10.503227233886719,273.76253115599684
643.0,428.4713134765625,14.369030952453613,274.03664396300155
644.0,232.7390594482422,10.655332565307617,274.3528678309958
645.0,251.32774353027344,10.930153846740723,274.64677539000695
646.0,245.67889404296875,12.104411125183105,274.90708342900325
647.0,233.27989196777344,12.436447143554688,275.2003944540047
648.0,122.82672882080078,8.321845054626465,275.4771944670065
649.0,431.2528076171875,13.98560905456543,275.78264554799534
650.0,369.6601867675781,14.504935264587402,276.06745388200216
651.0,245.83984375,10.858504295349121,276.3407548950054
652.0,238.6112823486328,12.943304061889648,276.6266875309957
653.0,105.4194564819336,7.352232456207275,276.89707619800174
654.0,162.3743438720703,10.576972007751465,277.1924625560059
655.0,115.93531036376953,8.908350944519043,277.4689796370076
656.0,1045.865966796875,25.225805282592773,277.75441696199414
657.0,344.849609375,13.614609718322754,278.02887169699534
658.0,111.30492401123047,8.188811302185059,278.31235922100313
659.0,547.3262939453125,17.040950775146484,278.61223315600364
660.0,184.42337036132812,10.262639045715332,278.8978028660058
661.0,447.78900146484375,16.560924530029297,279.1922069209977
662.0,180.7227020263672,9.537049293518066,279.4538745210011
663.0,400.35284423828125,16.25713348388672,279.78070805600146
664.0,78.15231323242188,6.935763359069824,280.04587830200035
665.0,103.49861907958984,8.02094841003418,280.3052268129977
666.0,296.3047180175781,12.754033088684082,280.58383558600326
667.0,449.6155700683594,14.872145652770996,280.89157831099874
668.0,118.52770233154297,9.048930168151855,281.1613910320011
669.0,247.8369140625,10.782464981079102,281.4221231260017
670.0,653.4666748046875,20.225574493408203,281.7017535470077
671.0,316.24383544921875,12.546370506286621,281.986401696995
672.0,281.4932861328125,12.373042106628418,282.28413121099584
673.0,87.01041412353516,6.882538318634033,282.56957548399805
674.0,705.7510986328125,18.31727409362793,282.86469582800055
675.0,172.25009155273438,11.090909004211426,283.1347099359991
676.0,104.18073272705078,7.84964656829834,283.46681007499865
677.0,836.5950317382812,21.077207565307617,283.75013926699467
678.0,247.47305297851562,10.913272857666016,284.0586660830013
679.0,143.133056640625,9.61061954498291,284.3327235379984
680.0,620.096923828125,17.27287483215332,284.6274075620022
681.0,107.4205551147461,7.240167140960693,284.899363546996
682.0,110.1106185913086,7.858327865600586,285.1984680190071
683.0,189.83087158203125,9.911587715148926,285.53570402499463
684.0,173.44815063476562,10.051542282104492,285.85169350000797
685.0,196.72433471679688,10.734899520874023,286.1484758040024
686.0,45.17976379394531,5.119889259338379,286.42824285999814
687.0,139.35366821289062,8.520721435546875,286.8225539470004
688.0,242.62692260742188,12.396178245544434,287.10240405499644
689.0,226.28948974609375,10.887619018554688,287.4245695849968
690.0,106.5455551147461,7.3996100425720215,287.7634897490061
691.0,92.65977478027344,7.251245975494385,288.06236190399795
692.0,198.7020263671875,10.8372220993042,288.35536073600815
693.0,170.92095947265625,9.276717185974121,288.74645171000157
694.0,241.55003356933594,11.014164924621582,289.10355512400565
695.0,563.7830200195312,17.24544906616211,289.4575966580014
696.0,405.8829040527344,16.438783645629883,289.74085456600005
697.0,270.9445495605469,10.855733871459961,290.06988316999923
698.0,516.5316162109375,18.090465545654297,290.3559758180054
699.0,208.9159698486328,8.860011100769043,290.62087639499805
700.0,109.52648162841797,8.825697898864746,290.9093891049997
701.0,265.0112609863281,12.20179271697998,308.60271780900075
702.0,111.96695709228516,8.327737808227539,308.9007386940066
703.0,167.51907348632812,10.827484130859375,309.1875658200006
704.0,509.3990173339844,18.12452507019043,309.4809356970072
705.0,267.5059509277344,11.887920379638672,309.8128295469942
706.0,79.8011474609375,7.1834893226623535,310.1746639589983
707.0,310.162353515625,14.52351188659668,310.43377924899687
708.0,293.05169677734375,11.357245445251465,310.7175928049983
709.0,440.23114013671875,18.164575576782227,310.9713943079987
710.0,440.11297607421875,14.786026954650879,311.25957425399974
711.0,640.725341796875,19.670869827270508,311.5611614990048
712.0,258.517333984375,12.183392524719238,311.8591022019973
713.0,111.11883544921875,8.71493148803711,312.156135355006
714.0,476.6731262207031,15.254728317260742,312.4315058810025
715.0,372.5195007324219,14.761312484741211,312.74252051199437
716.0,207.25762939453125,11.293831825256348,313.06973593699513
717.0,146.1947479248047,8.849623680114746,313.38724523599376
718.0,413.17218017578125,16.710710525512695,313.6840593810048
719.0,100.55702209472656,7.752497673034668,313.9800998940045
720.0,140.95713806152344,8.442643165588379,314.2726766620035
721.0,135.16006469726562,10.504216194152832,314.597585481999
722.0,1206.9647216796875,28.063112258911133,314.94828072100063
723.0,495.74163818359375,17.217037200927734,315.2562237910024
724.0,170.74258422851562,10.241905212402344,315.59100047600805
725.0,108.77465057373047,8.257224082946777,315.8693756410066
726.0,51.06041717529297,5.553650379180908,316.16519154999696
727.0,581.2944946289062,16.253938674926758,316.4407850150019
728.0,652.6766357421875,17.124000549316406,316.7218978150049
729.0,163.99334716796875,10.207620620727539,317.0212490020058
730.0,62.09292984008789,6.924900531768799,317.30600529600633
731.0,299.9283752441406,11.620797157287598,317.604362544007
732.0,90.02005004882812,7.026061534881592,317.8870241190016
733.0,372.9150085449219,12.875702857971191,318.21522792300675
734.0,395.8839111328125,12.414278984069824,318.56431358000555
735.0,155.82383728027344,10.13829231262207,318.851285939003
736.0,71.63758850097656,6.200552940368652,319.175034711996
737.0,142.5784454345703,9.737752914428711,319.4796635340026
738.0,194.5411834716797,10.957093238830566,319.77827799400256
739.0,172.3284912109375,9.755186080932617,320.0712537829968
740.0,177.38653564453125,8.732892990112305,320.38457222700526
741.0,330.2449951171875,12.603255271911621,320.71223267700407
742.0,97.46022033691406,7.228255271911621,321.0260495900002
743.0,123.94627380371094,9.23574447631836,321.34519746899605
744.0,91.71898651123047,7.572129249572754,321.6409097190044
745.0,308.6657409667969,12.63428783416748,321.94497034199594
746.0,316.73291015625,12.477706909179688,322.24043583600724
747.0,214.69248962402344,11.727189064025879,322.5574498250062
748.0,67.98970031738281,7.121889591217041,322.8568612280069
749.0,428.2821960449219,18.00128173828125,323.16020297100476
750.0,127.80329132080078,9.082671165466309,323.51580772000307
751.0,297.687744140625,13.581890106201172,323.85732051900413
752.0,419.57183837890625,17.49708366394043,324.1604504459974
753.0,207.49452209472656,11.985601425170898,324.4686012680031
754.0,130.94723510742188,9.044100761413574,324.8039672540035
755.0,402.00250244140625,14.587919235229492,325.0937786590075
756.0,112.0708236694336,7.805809020996094,325.3963126180024
757.0,86.1458740234375,6.978135585784912,325.67328010599886
758.0,66.02265930175781,6.406948089599609,326.21845021999616
759.0,129.32264709472656,7.82244348526001,326.53080919900094
760.0,40.85396194458008,5.061447620391846,326.79996637199656
761.0,136.65650939941406,8.123491287231445,327.11010063800495
762.0,112.26021575927734,7.44220495223999,327.4090713780024
763.0,365.333740234375,13.183806419372559,327.71712487800687
764.0,90.60266876220703,7.14749813079834,327.9824209350045
765.0,231.7661895751953,9.584349632263184,328.26274310699955
766.0,365.3374328613281,15.400571823120117,328.5665028299991
767.0,280.0296936035156,12.175488471984863,328.8404066219955
768.0,130.54312133789062,9.335872650146484,329.1331309810048
769.0,326.33258056640625,14.030911445617676,329.40316248699673
770.0,120.39293670654297,8.342323303222656,329.6959064219991
771.0,306.0299377441406,10.947766304016113,330.01453172600304
772.0,203.57119750976562,10.322683334350586,330.332422795007
773.0,416.2857666015625,17.388639450073242,330.6209048029996
774.0,611.2396240234375,16.25495147705078,330.9291908239975
775.0,245.71978759765625,13.306099891662598,331.2145581460063
776.0,658.2981567382812,21.894468307495117,331.48448410700075
777.0,382.2919616699219,15.711040496826172,331.7851839810028
778.0,160.3101348876953,8.476422309875488,332.11632776299666
779.0,88.18962097167969,7.080085754394531,332.39713155500067
780.0,140.1217041015625,9.515249252319336,332.67708329399466
781.0,87.5467758178711,7.531474590301514,332.95014884200646
782.0,63.1929931640625,5.768446445465088,333.2472613599966
783.0,438.3893737792969,17.009632110595703,333.54045796500577
784.0,316.23870849609375,13.717877388000488,333.8910046480014
785.0,572.1980590820312,20.524051666259766,334.1818276330014
786.0,439.0679931640625,14.884908676147461,334.47346397599904
787.0,52.72362518310547,5.347660541534424,334.7981090329995
788.0,117.90541076660156,8.357122421264648,335.0770952599996
789.0,71.69303131103516,6.427355766296387,335.35607419599546
790.0,320.88818359375,15.875295639038086,335.61600750700745
791.0,353.4977722167969,13.924060821533203,335.91670110900304
792.0,86.90525817871094,7.323241710662842,336.20969222599524
793.0,125.17578887939453,9.124581336975098,336.50669273499807
794.0,168.22979736328125,9.581623077392578,336.8084673609992
795.0,668.9960327148438,18.904918670654297,337.0783955890074
796.0,200.04307556152344,10.49470043182373,337.38681930200255
797.0,335.5731506347656,14.679710388183594,337.675831059998
798.0,279.0735778808594,11.628317832946777,337.97718449300737
799.0,538.5101928710938,17.177217483520508,338.24986899699434
800.0,111.72339630126953,8.799286842346191,338.51671467699634
801.0,107.25437927246094,7.791181564331055,352.4778425760014
802.0,158.04266357421875,10.160287857055664,352.82642594700155
803.0,179.54673767089844,9.768837928771973,353.1003050720028
804.0,192.8246612548828,11.098572731018066,353.41625061900413
805.0,384.3687744140625,13.581259727478027,353.6929738379986
806.0,101.53842163085938,7.467281818389893,354.04980489199806
807.0,367.906005859375,15.306157112121582,354.34494892699877
808.0,337.3995361328125,14.018234252929688,354.63569954900595
809.0,148.06129455566406,8.353799819946289,354.91894233299536
810.0,74.56108856201172,6.5794219970703125,355.20700617000693
811.0,108.6121826171875,8.003026008605957,355.50594117099536
812.0,234.91612243652344,9.864322662353516,355.7905992589949
813.0,385.22283935546875,14.078749656677246,356.11783446099435
814.0,135.00167846679688,8.4892578125,356.46245997700316
815.0,319.3360595703125,11.908109664916992,356.7882828319998
816.0,321.0628356933594,10.909693717956543,357.0964413170004
817.0,160.9857940673828,9.54049301147461,357.41166213499673
818.0,186.07015991210938,10.253888130187988,357.72683721600333
819.0,72.3116226196289,7.098625183105469,358.05950783799926
820.0,342.0087890625,13.625606536865234,358.34646619799605
821.0,451.82257080078125,17.556621551513672,358.63570939599595
822.0,271.36444091796875,11.555061340332031,358.93532644800143
823.0,49.048362731933594,5.493311882019043,359.24383122600557
824.0,244.56259155273438,11.279960632324219,359.5451625650021
825.0,78.53152465820312,5.674990653991699,359.8807517539972
826.0,244.3902587890625,11.186856269836426,360.19000944599975
827.0,224.4567413330078,11.870652198791504,360.50947588200506
828.0,343.89666748046875,13.015406608581543,360.79421111699776
829.0,132.54173278808594,8.81084156036377,361.0991370240081
830.0,130.14788818359375,9.497758865356445,361.3897461870074
831.0,270.2134704589844,12.851024627685547,361.6645605490048
832.0,208.27732849121094,11.613138198852539,361.9323568120017
833.0,161.29647827148438,10.489460945129395,362.21957477800606
834.0,68.76433563232422,6.057080268859863,362.553489953003
835.0,91.51123046875,6.954167366027832,362.8542273290077
836.0,288.8409423828125,9.341902732849121,363.1590684779949
837.0,55.610740661621094,6.008054733276367,363.4354211519967
838.0,151.54876708984375,9.7136812210083,363.6907967809966
839.0,167.36431884765625,8.886938095092773,363.96598075800284
840.0,80.9298324584961,6.278002738952637,364.235856993997
841.0,132.9261016845703,8.987260818481445,364.53507283399813
842.0,303.66021728515625,11.303807258605957,364.8367905589985
843.0,231.54336547851562,11.097018241882324,365.104077238997
844.0,85.54276275634766,6.8222455978393555,365.3875123809994
845.0,106.70018768310547,8.440299987792969,365.6929681220063
846.0,263.25604248046875,10.286517143249512,365.976455541997
847.0,57.37911605834961,6.385655879974365,366.2730292269989
848.0,111.92036437988281,8.005972862243652,366.57179901900236
849.0,65.83072662353516,6.219923496246338,366.8573809469963
850.0,76.1875,6.897132873535156,367.1488834220072
851.0,137.91281127929688,8.409097671508789,367.4522921799944
852.0,312.44427490234375,12.931596755981445,367.71984225900087
853.0,87.68693542480469,7.773345470428467,367.9950481039996
854.0,425.16552734375,15.388604164123535,368.2565660840046
855.0,98.0855941772461,8.101642608642578,368.533451506999
856.0,344.3138427734375,9.683916091918945,368.8096738150052
857.0,194.14273071289062,9.97368049621582,369.0923424180073
858.0,65.59799194335938,5.893526554107666,369.3694095440005
859.0,155.93397521972656,8.780447006225586,369.6650959249964
860.0,259.0124206542969,11.163528442382812,369.95019828900695
861.0,204.8166961669922,10.333431243896484,370.2258545960067
862.0,140.10354614257812,9.122450828552246,370.5279992480064
863.0,134.5753631591797,8.669927597045898,370.80608471500454
864.0,143.05862426757812,9.661934852600098,371.0606876370002
865.0,125.82347869873047,9.965497016906738,371.3349774140079
866.0,259.8059997558594,13.17902660369873,371.5925415170059
867.0,83.12379455566406,7.391048431396484,371.8820986110077
868.0,305.29888916015625,13.31833267211914,372.15139878699847
869.0,906.9337768554688,20.885025024414062,372.4097437290038
870.0,125.09954833984375,8.463412284851074,372.6836556299968
871.0,540.9654541015625,17.136327743530273,372.98081602700404
872.0,283.43389892578125,12.46593189239502,373.2648680249986
873.0,471.6486511230469,17.008525848388672,373.5398990389949
874.0,327.0368347167969,14.349200248718262,373.82829802299966
875.0,329.0621643066406,13.02678394317627,374.11213853399386
876.0,213.1339874267578,11.578510284423828,374.3593602720066
877.0,155.00604248046875,8.835857391357422,374.6143587539991
878.0,346.5911865234375,11.660063743591309,374.8992476959975
879.0,184.38101196289062,10.622800827026367,375.146042235996
880.0,49.85523223876953,5.346014022827148,375.40204800400534
881.0,119.23698425292969,7.946752548217773,375.671359215994
882.0,440.741455078125,17.68550682067871,375.9382606779982
883.0,74.2823486328125,6.35236120223999,376.24215895999805
884.0,130.80372619628906,6.918517112731934,376.580434700998
885.0,348.8316955566406,14.055068969726562,376.8786392900074
886.0,518.1695556640625,17.183189392089844,377.21956651000073
887.0,117.20799255371094,9.393531799316406,377.57652842499374
888.0,193.71461486816406,9.991948127746582,377.9415352359938
889.0,113.38936614990234,6.811160087585449,378.28273673199874
890.0,162.6598358154297,9.832793235778809,378.59597662500164
891.0,297.0729064941406,10.920882225036621,378.89952760700544
892.0,132.89376831054688,8.856426239013672,379.1883387400012
893.0,460.2611999511719,10.91346263885498,379.4531759859965
894.0,159.4184112548828,8.71650218963623,379.7276948479994
895.0,142.3075408935547,9.472573280334473,380.0476931459998
896.0,270.2350769042969,11.791199684143066,380.3299702630029
897.0,146.96893310546875,8.724575996398926,380.6210240969958
898.0,371.87371826171875,14.17313289642334,380.9099692650052
899.0,110.97933959960938,7.739665508270264,381.2126969759993
900.0,106.67645263671875,6.723217964172363,381.4922346280073
901.0,819.450439453125,21.439340591430664,395.325596804003
902.0,88.68690490722656,7.580607891082764,395.6238285040017
903.0,104.93576049804688,6.412349700927734,395.90548508500797
904.0,71.62863159179688,5.627962589263916,396.22672696999507
905.0,1033.23876953125,27.284467697143555,396.57194981200155
906.0,340.99530029296875,12.591972351074219,396.912750057003
907.0,158.84408569335938,9.439314842224121,397.2369456489978
908.0,153.5186767578125,8.828784942626953,397.5415933250042
909.0,99.18225860595703,6.762314319610596,397.85351280700706
910.0,180.74569702148438,9.48567008972168,398.13325586600695
911.0,122.3655776977539,9.030380249023438,398.4154974940029
912.0,256.3806457519531,10.005462646484375,398.69411984999897
913.0,84.13461303710938,7.21703577041626,398.95899261999875
914.0,482.6659851074219,16.794931411743164,399.24346210999647
915.0,92.80382537841797,7.803160190582275,399.5545247080008
916.0,81.26362609863281,7.397247791290283,399.8809316609986
917.0,169.8004913330078,10.501656532287598,400.1950511000032
918.0,62.13689422607422,6.0644659996032715,400.4758124910004
919.0,80.90519714355469,7.335148334503174,400.7990975790017
920.0,259.1631164550781,10.029959678649902,401.06472380200285
921.0,45.66050720214844,4.708474159240723,401.3631061500055
922.0,228.86972045898438,11.197372436523438,401.6645647060068
923.0,70.36920166015625,6.759617328643799,401.99210368900094
924.0,186.35043334960938,11.38259220123291,402.2839580800064
925.0,178.82504272460938,10.118907928466797,402.58373736200156
926.0,168.70010375976562,11.33895492553711,402.850141168994
927.0,781.1300659179688,24.469955444335938,403.12200751999626
928.0,142.95230102539062,8.153733253479004,403.4247297279944
929.0,146.50070190429688,9.718632698059082,403.70790543399926
930.0,124.95706939697266,8.414706230163574,403.9848059520009
931.0,166.3436737060547,9.06735610961914,404.28480893099913
932.0,150.4436492919922,8.947290420532227,404.5811066150054
933.0,97.1971435546875,7.884373664855957,404.854283157998
934.0,533.28515625,18.0314884185791,405.1546799009957
935.0,198.23960876464844,11.350671768188477,405.44172788500146
936.0,245.7996063232422,10.919757843017578,405.73425773199415
937.0,64.12525177001953,6.009253025054932,406.0282653089962
938.0,370.2323913574219,12.89515209197998,406.29781150000053
939.0,32.16377639770508,4.582131385803223,406.60967356100446
940.0,54.28866958618164,5.984627723693848,406.87801868800307
941.0,104.25796508789062,7.409285545349121,407.15427943400573
942.0,31.589900970458984,4.343312740325928,407.4220744320046
943.0,30.674476623535156,4.275127410888672,407.6987716099975
944.0,193.0277099609375,9.250833511352539,407.97210563899716
945.0,162.68536376953125,9.009492874145508,408.32665412299684
946.0,321.1349182128906,12.466595649719238,408.60602935700445
947.0,87.45710754394531,6.873812198638916,408.9229282150045
948.0,246.97174072265625,13.603742599487305,409.20249721300206
949.0,169.67404174804688,11.220959663391113,409.4909084420069
950.0,275.19500732421875,10.057943344116211,409.7993299869995
951.0,522.3941040039062,17.384408950805664,410.1137274770008
952.0,102.90813446044922,7.21527099609375,410.40158177800186
953.0,88.28826904296875,6.84193229675293,410.69896990699635
954.0,107.92464447021484,8.946887969970703,410.9973880739999
955.0,141.41297912597656,10.035531044006348,411.3082547780068
956.0,114.19353485107422,7.302200794219971,411.6291217060061
957.0,456.93450927734375,14.999685287475586,411.93309694000345
958.0,342.4383239746094,14.097506523132324,412.21059512600186
959.0,128.50746154785156,6.946539402008057,412.4890115330054
960.0,253.00152587890625,12.661992073059082,412.7605626620061
961.0,530.5516357421875,18.777658462524414,413.04934770100226
962.0,208.72119140625,11.72739315032959,413.31847035500687
963.0,146.07847595214844,8.6403169631958,413.59374384400144
964.0,161.57957458496094,10.324763298034668,413.90611609700136
965.0,253.6094512939453,9.73004150390625,414.1858383469953
966.0,108.62609100341797,7.741086483001709,414.479334853997
967.0,126.53451538085938,7.8917999267578125,414.86115042500023
968.0,111.24525451660156,7.988682746887207,415.18591395199473
969.0,299.6473388671875,14.236783027648926,415.4681504879991
970.0,258.8467102050781,11.280769348144531,415.7529636929976
971.0,27.896343231201172,4.298463344573975,416.0445264739974
972.0,59.49759292602539,5.902596473693848,416.3067898750014
973.0,52.19139862060547,5.301706314086914,416.6132905770064
974.0,52.31389236450195,5.89432954788208,416.9088234880037
975.0,769.3479614257812,20.553442001342773,417.21930614499433
976.0,85.1516342163086,6.722661972045898,417.5111407820077
977.0,72.00773620605469,6.067829132080078,417.798636920008
978.0,80.60419464111328,7.275609016418457,418.0793685719982
979.0,107.27191162109375,9.06458854675293,418.36425918999885
980.0,75.15167999267578,7.178298473358154,419.0907159250055
981.0,108.57108306884766,8.354399681091309,420.73345872700156
982.0,175.81629943847656,10.415864944458008,421.83796450799855
983.0,283.334228515625,11.595085144042969,422.1753900629992
984.0,107.13955688476562,7.469741344451904,422.5009639810014
985.0,45.90475082397461,5.403008937835693,422.76640210399637
986.0,67.33040618896484,6.132235050201416,423.06501728600415
987.0,131.45401000976562,8.458113670349121,423.34845383799984
988.0,67.62065887451172,5.838906288146973,423.62090990100114
989.0,256.07098388671875,11.986714363098145,423.90884513199853
990.0,70.78529357910156,6.936542987823486,424.1923884279968
991.0,213.3501739501953,12.50487232208252,424.4781544349971
992.0,462.1523132324219,17.537925720214844,424.77705977599544
993.0,140.95599365234375,8.720394134521484,425.0957340120076
994.0,872.89306640625,23.76971435546875,425.39094331000524
995.0,51.848358154296875,6.2119011878967285,425.6589915390068
996.0,237.96372985839844,10.319392204284668,425.9310719070054
997.0,235.84588623046875,10.127726554870605,426.21246619100566
998.0,70.46724700927734,6.037858486175537,426.49086742600775
999.0,105.6059799194336,7.835606098175049,426.80305761699856
1000.0,253.72207641601562,11.873272895812988,427.12166098899615
1001.0,216.74720764160156,9.750507354736328,440.57527417900565
1002.0,268.3794860839844,12.21645736694336,440.8687594660005
1003.0,225.8740692138672,10.593201637268066,441.1740215669997
1004.0,183.48629760742188,9.641751289367676,441.514125340007
1005.0,109.47005462646484,7.66265869140625,441.8261550669995
1006.0,143.9254913330078,8.357839584350586,442.2440274719993
1007.0,79.37801361083984,6.559720993041992,442.52941841300344
1008.0,143.8502655029297,8.397475242614746,442.8092207650043
1009.0,204.62203979492188,9.846074104309082,443.11201331099437
1010.0,247.80377197265625,11.391315460205078,443.38128884200705
1011.0,265.9256591796875,10.163742065429688,443.6543886340078
1012.0,548.5151977539062,12.819276809692383,443.9344488210045
1013.0,150.58197021484375,9.783021926879883,444.21759381600714
1014.0,156.0889434814453,9.342087745666504,444.476789635999
1015.0,88.73809814453125,7.073100566864014,444.77875419899647
1016.0,108.31463623046875,8.293079376220703,445.04839222900046
1017.0,203.4099578857422,8.766119956970215,445.3484123310045
1018.0,778.0792846679688,19.95000648498535,445.63510090400814
1019.0,253.21450805664062,9.855915069580078,446.03117063800164
1020.0,66.19971466064453,5.682214736938477,446.2961427900009
1021.0,872.8873291015625,22.397924423217773,446.5704289400019
1022.0,320.37530517578125,11.703536987304688,446.8432620359963
1023.0,262.72320556640625,11.293909072875977,447.1317682329973
1024.0,127.60201263427734,8.255163192749023,447.4015178260015
1025.0,66.26427459716797,6.420375823974609,447.68009429199446
1026.0,378.0478210449219,13.287297248840332,447.96194843899866
1027.0,162.39608764648438,8.793437004089355,448.25796244900266
1028.0,69.97711944580078,6.085859298706055,448.53637116499885
1029.0,111.27362823486328,7.971827983856201,448.8017722539953
1030.0,82.54740905761719,6.819675922393799,449.0840261770063
1031.0,45.31550598144531,5.0320658683776855,449.3578202290082
1032.0,99.527099609375,7.044914722442627,449.65766200900543
1033.0,155.21514892578125,10.225841522216797,449.9321111589961
1034.0,96.23345947265625,6.728744029998779,450.2240455900028
1035.0,414.6764221191406,13.224271774291992,450.50341823199415
1036.0,640.026123046875,20.682727813720703,450.78547729499405
1037.0,85.17732238769531,7.2801833152771,451.062949322004
1038.0,122.4838638305664,8.288650512695312,451.32723622799676
1039.0,174.8284149169922,9.52988052368164,451.62093172600726
1040.0,282.3179931640625,12.508594512939453,451.9580257250054
1041.0,321.3037414550781,9.050840377807617,452.31670020200545
1042.0,126.58830261230469,8.87021255493164,452.6827095500048
1043.0,50.46916580200195,5.962389945983887,453.0877130650042
1044.0,188.5635223388672,9.1871919631958,453.39118519600015
1045.0,61.34852981567383,6.354516983032227,453.6996933000046
1046.0,204.3832550048828,8.986991882324219,453.986311790999
1047.0,125.49138641357422,6.942297458648682,454.2675728769973
1048.0,135.50210571289062,7.8221001625061035,454.58849824100616
1049.0,316.8279113769531,12.909645080566406,454.91927156900056
1050.0,301.2603759765625,11.791139602661133,455.2162101849972
1051.0,98.01187896728516,7.007736682891846,455.47309331200086
1052.0,63.62187194824219,6.187280654907227,455.73802641700604
1053.0,477.9547424316406,16.572254180908203,456.0481243490067
1054.0,215.89866638183594,11.006711959838867,456.3283427610004
1055.0,144.39849853515625,8.117566108703613,456.5908390849945
1056.0,33.105247497558594,4.116701602935791,456.90977122899494
1057.0,168.4658966064453,9.734027862548828,457.22423758299556
1058.0,283.75738525390625,12.67508316040039,457.5117979469942
1059.0,59.80771255493164,5.995783805847168,457.7899504060042
1060.0,67.95442199707031,6.87084436416626,458.0679671550024
1061.0,57.478336334228516,5.661202907562256,458.33456094500434
1062.0,112.9621353149414,8.506608009338379,458.6392874769954
1063.0,100.03002166748047,8.180933952331543,458.92944776099466
1064.0,226.04258728027344,8.682979583740234,459.238931586995
1065.0,85.91646575927734,6.889665126800537,459.54480735400284
1066.0,162.86447143554688,10.507248878479004,459.8328326379997
1067.0,33.131629943847656,3.9156079292297363,460.12877838200075
1068.0,233.1441192626953,10.35302448272705,460.430839587003
1069.0,211.58155822753906,10.5869722366333,460.7262061560032
1070.0,57.2428092956543,5.426822662353516,461.00683848299377
1071.0,962.0820922851562,27.474197387695312,461.3134544899949
1072.0,468.4686584472656,16.82620620727539,461.61640092299785
1073.0,142.76873779296875,8.790337562561035,461.90775651400327
1074.0,125.93965148925781,8.053340911865234,462.2128406020056
1075.0,120.74922943115234,7.640079498291016,462.4890933029965
1076.0,50.606544494628906,5.574361324310303,462.79930692800554
1077.0,197.8551788330078,7.7671709060668945,463.08289823999803
1078.0,149.3215789794922,7.733185291290283,463.3650361760083
1079.0,69.63189697265625,6.569086074829102,463.64767876100086
1080.0,353.7020263671875,15.238739967346191,463.9291606540064
1081.0,61.79558563232422,5.532853126525879,464.24468957800127
1082.0,52.11542892456055,5.088298797607422,464.54242793600133
1083.0,88.25691223144531,7.179881572723389,464.8582970340067
1084.0,183.1161346435547,9.157166481018066,465.1298323749943
1085.0,162.1348419189453,10.544273376464844,465.4081857249985
1086.0,163.1683807373047,8.600553512573242,465.68866235199675
1087.0,35.890647888183594,4.82642126083374,465.97623492400453
1088.0,450.8448181152344,12.754942893981934,466.2393312530039
1089.0,138.3297882080078,8.28172492980957,466.5147750519973
1090.0,236.39443969726562,10.456831932067871,466.82847535499604
1091.0,77.79413604736328,6.758955955505371,467.1153756160056
1092.0,122.97948455810547,8.673178672790527,467.38473058800446
1093.0,66.2303237915039,6.492233753204346,467.67746358399745
1094.0,92.039794921875,6.911296367645264,467.9903322690079
1095.0,125.1118392944336,8.026095390319824,468.2769150660024
1096.0,108.17365264892578,7.477566242218018,468.56201064500783
1097.0,74.35984802246094,6.334676265716553,468.8466058519989
1098.0,70.03418731689453,6.017215251922607,469.14808072699816
1099.0,117.20497131347656,8.622712135314941,469.42434327500814
1100.0,269.6735534667969,10.43686294555664,469.72403937099443
1101.0,47.305641174316406,4.943467617034912,483.98731481500727
1102.0,48.056331634521484,4.850402355194092,484.2990540930041
1103.0,48.575218200683594,5.419876575469971,484.6077060509997
1104.0,129.3032989501953,8.68159008026123,484.9315062639944
1105.0,91.57121276855469,7.880751132965088,485.19223649200285
1106.0,548.1026611328125,18.717182159423828,485.5004882450012
1107.0,74.84928131103516,6.5718512535095215,485.8314673660061
1108.0,114.76628875732422,8.309707641601562,486.1065002670075
1109.0,308.203857421875,11.664063453674316,486.37522601800447
1110.0,87.45514678955078,6.350130558013916,486.65748314499797
1111.0,170.60215759277344,7.9492082595825195,486.91649976700137
1112.0,116.08209991455078,7.998016834259033,487.19352811000135
1113.0,159.47999572753906,7.183327674865723,487.5002788099955
1114.0,101.29435729980469,7.135408878326416,487.79194194100273
1115.0,168.39889526367188,9.010905265808105,488.0761585459986
1116.0,144.4360809326172,8.15859603881836,488.3560173559963
1117.0,95.98139190673828,7.121448993682861,488.6322560069966
1118.0,73.0821304321289,6.553323268890381,488.9047483059985
1119.0,83.23294830322266,6.55717134475708,489.19136105400685
1120.0,177.0388641357422,8.801958084106445,489.46281756300596
1121.0,361.08880615234375,12.801474571228027,489.73143792799965
1122.0,68.16941833496094,6.448731899261475,490.0159818200045
1123.0,40.20371627807617,4.623201847076416,490.2886011859955
1124.0,34.824153900146484,4.468418598175049,490.58786932300427
1125.0,27.082077026367188,3.8657681941986084,490.849179020006
1126.0,71.56838989257812,5.998406410217285,491.1666617680021
1127.0,205.10340881347656,9.654122352600098,491.44971255199926
1128.0,82.80007934570312,6.0229058265686035,491.7513809969969
1129.0,243.8037109375,10.405800819396973,492.0167957090016
1130.0,211.21792602539062,10.099054336547852,492.3107872170076
1131.0,46.73465347290039,5.1530022621154785,493.544475253002
1132.0,29.263317108154297,3.994460344314575,495.69086699699983
1133.0,94.27462768554688,6.826129913330078,495.9637428440037
1134.0,44.04444885253906,5.016133785247803,496.2357966959971
1135.0,284.095703125,14.217401504516602,496.5446462510008
1136.0,42.69658279418945,4.480494976043701,496.8396686229971
1137.0,91.17996978759766,7.262960433959961,497.1371123160061
1138.0,65.90414428710938,6.286777973175049,497.4163506519981
1139.0,42.556312561035156,4.899496555328369,497.68978395700105
1140.0,109.77832794189453,7.701521873474121,497.99131805700017
1141.0,316.6644592285156,10.522046089172363,498.25213913699554
1142.0,102.35731506347656,7.493173122406006,498.52157443099713
1143.0,140.1275634765625,6.489365100860596,498.79093550100515
1144.0,392.24652099609375,12.771565437316895,499.09006390700233
1145.0,198.21246337890625,8.92342472076416,499.381882547008
1146.0,241.2770233154297,10.78685188293457,499.65720360200794
1147.0,28.587263107299805,4.0322957038879395,499.93279006199737
1148.0,449.4624938964844,13.455179214477539,500.23104391900415
1149.0,29.60411834716797,3.785963296890259,500.5212648129964
1150.0,73.33629608154297,5.952080726623535,500.7939524179965
1151.0,154.12472534179688,9.969303131103516,501.08054530399386
1152.0,94.97693634033203,7.8235697746276855,501.36528435999935
1153.0,108.48391723632812,6.01043701171875,501.6870044850075
1154.0,306.2193908691406,13.420310974121094,501.9542370650015
1155.0,284.7840270996094,11.916083335876465,502.2441415180074
1156.0,169.66754150390625,10.645124435424805,502.54838913799904
1157.0,83.9843521118164,7.193954944610596,502.84353965500486
1158.0,377.42242431640625,15.458226203918457,503.1736899240059
1159.0,304.030029296875,10.7284574508667,503.44826643599663
1160.0,198.43612670898438,9.022500038146973,503.71638178499416
1161.0,75.07966613769531,6.403598308563232,504.015766394994
1162.0,308.4239807128906,13.657837867736816,504.31878256899654
1163.0,117.2903060913086,7.416161060333252,504.5935688440077
1164.0,52.70189666748047,5.958606243133545,504.8720832990075
1165.0,91.42643737792969,7.000824928283691,505.1764857189992
1166.0,166.7758026123047,9.604310035705566,505.42618478499935
1167.0,100.5474624633789,7.025879383087158,505.7174172280065
1168.0,79.71469116210938,6.7549052238464355,506.00020462799876
1169.0,31.009897232055664,4.478148937225342,506.2544074150064
1170.0,68.28730773925781,6.339884281158447,506.52545928499603
1171.0,26.382673263549805,3.995818853378296,506.7972581799986
1172.0,108.78706359863281,8.471648216247559,507.0892001339962
1173.0,63.960391998291016,6.171823978424072,507.385546659003
1174.0,146.56593322753906,8.481189727783203,507.66043560199614
1175.0,35.33792495727539,4.613531589508057,507.92694557699724
1176.0,66.8707504272461,6.35515832901001,508.19053486500343
1177.0,67.06571960449219,6.175670146942139,508.4864920990076
1178.0,77.39334106445312,6.775055885314941,508.78326732100686
1179.0,68.50483703613281,5.382989883422852,509.08336918200075
1180.0,135.25704956054688,6.915531635284424,509.3390971850022
1181.0,59.666160583496094,4.7329020500183105,509.66132339299656
1182.0,69.05802917480469,6.742179870605469,509.944030055005
1183.0,57.63505935668945,5.4953789710998535,510.2525502320059
1184.0,111.74889373779297,7.633480548858643,510.54058771100244
1185.0,821.5353393554688,22.367469787597656,510.82865686999867
1186.0,452.82574462890625,14.149992942810059,511.0973943879944
1187.0,149.0906219482422,8.481575012207031,511.40587228799996
1188.0,96.29137420654297,6.403265476226807,511.7416893049958
1189.0,183.7228546142578,8.221283912658691,512.0476111169992
1190.0,126.34207916259766,8.22420883178711,512.3097183409991
1191.0,87.99876403808594,5.994427680969238,512.635479937002
1192.0,161.76031494140625,8.292648315429688,513.0499017279944
1193.0,125.2347640991211,8.706561088562012,513.3519770510029
1194.0,187.7034149169922,10.5203218460083,513.6664954449952
1195.0,77.27788543701172,6.300877571105957,513.9474595670035
1196.0,123.89010620117188,5.995285511016846,514.2142745070014
1197.0,64.89053344726562,6.549202919006348,514.5198467019945
1198.0,70.61470031738281,6.203893184661865,514.8162557199976
1199.0,96.39573669433594,7.223841667175293,515.1339152910077
1200.0,169.9696044921875,9.244474411010742,515.4273842529947
1201.0,111.74292755126953,6.6886677742004395,534.111382602001
1202.0,72.36772918701172,6.10108757019043,534.4075596920011
1203.0,64.40850067138672,6.766337871551514,534.703219529998
1204.0,180.67369079589844,9.142146110534668,534.9862576960004
1205.0,61.59589385986328,5.385846138000488,535.2771228420024
1206.0,71.1550521850586,6.631897926330566,535.5211074959952
1207.0,50.1959342956543,5.165857791900635,535.8001324240031
1208.0,50.21636199951172,5.799877166748047,536.0827299670054
1209.0,85.76536560058594,6.665718078613281,536.3634933680005
1210.0,34.37123107910156,4.044868469238281,536.6365469269949
1211.0,627.53515625,22.328838348388672,536.9400566020049
1212.0,62.365726470947266,5.935581207275391,537.2196514770039
1213.0,55.40483856201172,5.274725914001465,537.5028471249971
1214.0,468.01702880859375,15.809494018554688,537.7811129150068
1215.0,112.69214630126953,7.043676376342773,538.0715722500026
1216.0,134.92916870117188,8.310086250305176,538.3390754980064
1217.0,82.65035247802734,6.33699369430542,538.6009863100044
1218.0,221.79725646972656,8.847905158996582,538.9169883650029
1219.0,124.44635772705078,8.149041175842285,539.1932060700055
1220.0,121.22711181640625,7.021660804748535,539.4873111759953
1221.0,255.74575805664062,10.722403526306152,539.7715062310017
1222.0,107.49346923828125,7.378604412078857,540.0463080170011
1223.0,104.77478790283203,7.653863430023193,540.308584295999
1224.0,63.968502044677734,6.095041275024414,540.5878886599967
1225.0,337.71087646484375,10.005878448486328,540.8729059619945
1226.0,56.822757720947266,5.51604700088501,541.1543544620072
1227.0,83.96370697021484,6.440481185913086,541.4283054550033
1228.0,36.30801010131836,4.4106550216674805,541.7080722179962
1229.0,707.531494140625,19.284135818481445,541.9877031490032
1230.0,31.461549758911133,4.1734209060668945,542.2647388409969
1231.0,104.98491668701172,7.858132362365723,542.5583584800042
1232.0,90.82489013671875,7.374565124511719,542.8309761120036
1233.0,105.27742004394531,7.414820194244385,543.1057459550066
1234.0,108.31594848632812,5.3012871742248535,543.4157732409949
1235.0,260.1601867675781,9.962104797363281,543.6894007499941
1236.0,208.95867919921875,10.333847045898438,543.98388041
1237.0,129.4907684326172,8.017306327819824,544.2699608690018
1238.0,110.27832794189453,7.8030900955200195,544.5603822749981
1239.0,291.8670959472656,10.992829322814941,544.822703222002
1240.0,154.38441467285156,7.6544671058654785,545.0991719599988
1241.0,357.5866394042969,13.861512184143066,545.3485225189943
1242.0,114.63738250732422,6.031999111175537,545.6406956599967
1243.0,362.3643798828125,12.095821380615234,545.9544162499951
1244.0,47.32625198364258,5.5932722091674805,546.2171205799968
1245.0,72.1205825805664,4.542262077331543,546.5203823150077
1246.0,186.79342651367188,10.807791709899902,546.8300655500061
1247.0,216.4919891357422,9.921517372131348,547.1077300699981
1248.0,55.84174346923828,5.505082607269287,547.3593397329969
1249.0,213.52947998046875,11.902617454528809,547.6614367440052
1250.0,70.90806579589844,6.267292499542236,547.9550632790051
1251.0,43.55853271484375,5.327877998352051,548.2573022059951
1252.0,63.5936164855957,5.191582679748535,548.4953601220041
1253.0,61.54006576538086,6.085310459136963,548.7061684369983
1254.0,36.27680587768555,4.547581195831299,548.9457144579937
1255.0,80.33892822265625,6.551662921905518,549.1232543130027
1256.0,80.90074157714844,6.112610340118408,549.3118071399949
1257.0,101.34246063232422,6.474663257598877,549.5013953629968
1258.0,108.32433319091797,8.409446716308594,549.6932400460064
1259.0,245.98916625976562,9.307610511779785,549.889016768997
1260.0,83.95146179199219,7.064140796661377,550.0840295300004
1261.0,56.67292404174805,5.647736072540283,550.2789746149938
1262.0,199.5167236328125,10.496153831481934,550.471228948998
1263.0,38.61549377441406,4.981752395629883,550.6598926820006
1264.0,155.62542724609375,9.704227447509766,550.8497711490054
1265.0,249.78758239746094,10.261536598205566,551.0403663519974
1266.0,124.47325897216797,8.072590827941895,551.284231245998
1267.0,38.239768981933594,4.278934001922607,551.4741382299981
1268.0,38.195926666259766,4.535592555999756,551.6582850090053
1269.0,33.62843322753906,4.22615385055542,551.8506736080017
1270.0,175.7378692626953,8.49256420135498,552.0466886899958
1271.0,203.64675903320312,9.674120903015137,552.2436469789973
1272.0,35.547149658203125,4.863554954528809,552.4568807589967
1273.0,35.95622253417969,4.346879959106445,552.6575301169942
1274.0,49.00284957885742,5.363751411437988,552.8615124619973
1275.0,41.47230911254883,4.985530853271484,553.0569197769946
1276.0,55.15189743041992,5.876767635345459,553.2473408780061
1277.0,45.49964141845703,4.534005165100098,553.448669313002
1278.0,169.94288635253906,9.816632270812988,553.6630485269998
1279.0,144.25535583496094,7.145562171936035,553.8606577570026
1280.0,100.82463073730469,6.628213405609131,554.0625011140073
1281.0,237.56613159179688,9.456628799438477,554.2662674070016
1282.0,70.3895263671875,7.298232555389404,554.4583965460042
1283.0,206.14547729492188,11.305341720581055,554.6724629189994
1284.0,153.68399047851562,8.774831771850586,554.863752314006
1285.0,167.4873809814453,8.32902717590332,555.0558236850047
1286.0,86.05770874023438,7.487724304199219,555.2484489229973
1287.0,24.792264938354492,3.4233291149139404,555.4410718750005
1288.0,78.82051849365234,6.007753849029541,555.6287624639954
1289.0,144.86915588378906,7.76425313949585,555.8208809839998
1290.0,118.18255615234375,7.863381385803223,556.0112470229942
1291.0,55.63538360595703,5.1978559494018555,556.2063530279993
1292.0,46.914615631103516,5.142742156982422,556.3988255080039
1293.0,28.153886795043945,4.01929235458374,556.5902652100049
1294.0,277.9690246582031,9.311511993408203,556.7977744259988
1295.0,81.66764831542969,6.392641544342041,556.9838269949978
1296.0,43.95418167114258,5.097039222717285,557.178699408003
1297.0,113.49146270751953,7.181654453277588,557.374343137999
1298.0,119.5511245727539,6.86904239654541,557.5687451690028
1299.0,101.7928466796875,6.894834518432617,557.7639346210053
1300.0,19.06976318359375,3.4629571437835693,557.9571413960075
1301.0,79.28326416015625,6.911004066467285,571.6402522749995
1302.0,68.58619689941406,5.062423229217529,571.8407551230048
1303.0,52.07474136352539,4.9512152671813965,572.062531485004
1304.0,55.191200256347656,4.882315635681152,572.3035935539956
1305.0,143.58692932128906,9.120064735412598,572.508002691
1306.0,170.2246551513672,9.014716148376465,572.7314975930058
1307.0,83.91268920898438,6.666770935058594,572.9347143570049
1308.0,138.6439971923828,7.7975568771362305,573.1369502440066
1309.0,158.65484619140625,9.00615119934082,573.3618187990069
1310.0,54.02658462524414,6.258277893066406,573.5653521610075
1311.0,69.31348419189453,5.2209906578063965,573.783177927995
1312.0,213.6466522216797,8.591876983642578,573.9836885450059
1313.0,138.47021484375,7.541133403778076,574.2206482140027
1314.0,48.942989349365234,5.279709339141846,574.463596704998
1315.0,24.905071258544922,3.6903514862060547,574.7153777960048
1316.0,59.1627082824707,5.9607133865356445,575.0470906340051
1317.0,35.9306526184082,4.217687129974365,575.314475526
1318.0,394.53375244140625,7.731724262237549,575.5673279670009
1319.0,138.4373779296875,6.810029983520508,575.8205172559974
1320.0,50.881649017333984,4.925532341003418,576.0948406079988
1321.0,227.8902130126953,9.726889610290527,576.3791395169974
1322.0,36.83488845825195,4.588127136230469,576.685517083999
1323.0,78.60609436035156,7.060360431671143,576.900025474999
1324.0,177.58966064453125,10.57707691192627,577.1341952660005
1325.0,73.7325210571289,6.712043762207031,577.3648995889962
1326.0,83.78787994384766,6.401173114776611,577.5858497260051
1327.0,411.5517578125,14.069687843322754,577.8431177830062
1328.0,56.29408645629883,5.728023529052734,578.0829293120041
1329.0,100.96310424804688,7.1140522956848145,578.3485961859988
1330.0,57.05696105957031,4.749090194702148,578.6121959489974
1331.0,72.41094207763672,6.425058364868164,578.9115754789964
1332.0,94.11676025390625,7.771312713623047,579.1924114739959
1333.0,91.03157043457031,7.438726902008057,579.5010107660055
1334.0,71.1475601196289,6.195884704589844,579.7409101109952
1335.0,76.48150634765625,6.660846710205078,580.0255790299998
1336.0,92.54600524902344,5.85011625289917,580.3789587040083
1337.0,93.75241088867188,7.432925224304199,580.6701218210073
1338.0,54.19165802001953,4.719217777252197,580.9708376240014
1339.0,25.248371124267578,3.59810733795166,581.243501252
1340.0,64.473876953125,5.690371036529541,581.5332172920025
1341.0,159.29537963867188,8.148551940917969,581.8041899380041
1342.0,130.24923706054688,7.638609886169434,582.1621259520034
1343.0,40.325050354003906,4.7296857833862305,582.4233784490061
1344.0,109.39087677001953,5.7964982986450195,582.7315580379945
1345.0,121.10844421386719,7.071362018585205,583.0081504010013
1346.0,77.38603973388672,6.84425687789917,583.2747721699998
1347.0,65.45455169677734,5.729529857635498,583.5442875750014
1348.0,215.5189208984375,10.896195411682129,583.818916461998
1349.0,61.6148567199707,5.745326042175293,584.1050023050047
1350.0,27.161319732666016,3.883796215057373,584.3754719999997
1351.0,260.2894287109375,8.238505363464355,584.6922781379981
1352.0,32.37035369873047,4.536479949951172,585.0293843649997
1353.0,180.33758544921875,9.480809211730957,585.3063275820023
1354.0,67.84062957763672,5.1143412590026855,585.585377505995
1355.0,42.24198532104492,4.449841499328613,585.8909719789954
1356.0,38.460845947265625,4.46220588684082,586.413002094996
1357.0,102.66709899902344,5.821627616882324,586.7088498270023
1358.0,35.612945556640625,4.058742046356201,586.9840583710029
1359.0,69.48277282714844,6.338867664337158,587.2297081610013
1360.0,26.8453426361084,3.6864168643951416,587.5430955750053
1361.0,264.06951904296875,9.193439483642578,587.8649011189991
1362.0,225.30255126953125,10.413849830627441,588.2071860129945
1363.0,145.48265075683594,7.768522262573242,588.6217119310022
1364.0,20.97477149963379,3.280550956726074,589.0047369810054
1365.0,55.95882034301758,5.124813556671143,589.3214008530049
1366.0,128.48739624023438,8.93169116973877,589.6847636269958
1367.0,42.49888610839844,5.232806205749512,589.9819634370069
1368.0,43.81184005737305,5.071892738342285,590.3515431150008
1369.0,59.54019546508789,5.49870491027832,590.8207167079963
1370.0,87.95026397705078,6.460148334503174,591.1105333779997
1371.0,77.7308120727539,6.612512588500977,591.4869518320047
1372.0,159.54864501953125,8.99290943145752,591.8595408029942
1373.0,115.62659454345703,7.062726974487305,592.225980424002
1374.0,59.4856071472168,4.952521800994873,592.5519275190018
1375.0,336.8146057128906,12.339694023132324,593.020132783
1376.0,106.4715347290039,7.090473175048828,593.3412273660069
1377.0,52.435909271240234,4.677533149719238,593.6428823120077
1378.0,170.0320281982422,8.2855224609375,594.0147508520022
1379.0,164.77761840820312,9.379964828491211,594.3422443540039
1380.0,58.09309005737305,5.46035099029541,595.0068242050038
1381.0,401.768798828125,9.971162796020508,597.4524216230056
1382.0,48.99952697753906,5.104994297027588,597.887367044008
1383.0,77.53068542480469,5.656341075897217,598.1444928929996
1384.0,524.49560546875,18.863849639892578,598.413805033997
1385.0,85.16886901855469,5.798305511474609,598.6817690330063
1386.0,129.02989196777344,7.885669708251953,598.9532495250023
1387.0,58.11161422729492,6.373215198516846,599.2125649149966
1388.0,40.666927337646484,4.74100923538208,599.4611903890036
1389.0,56.1094970703125,5.082609176635742,599.7274669049948
1390.0,82.18817138671875,6.473179340362549,599.9961025880039
1391.0,163.48948669433594,7.858204364776611,600.2578391090065
1392.0,32.91922378540039,4.572417259216309,600.529974406003
1393.0,117.54991149902344,7.664722442626953,600.8125022780005
1394.0,21.42433738708496,3.6196248531341553,601.068245596005
1395.0,70.00337982177734,6.39748477935791,601.3352952109999
1396.0,68.17926788330078,4.262989044189453,601.6051104960061
1397.0,191.4676513671875,9.788684844970703,601.8685977429996
1398.0,142.35595703125,7.543985366821289,602.1368296690052
1399.0,59.12178039550781,5.400929927825928,602.4011313829978
1400.0,79.06905364990234,6.805520057678223,602.6524440280045
1401.0,23.648426055908203,3.6506283283233643,616.3684172649955
1402.0,89.80386352539062,6.340755462646484,616.6923100690037
1403.0,16.683719635009766,2.999342679977417,616.9814485410025
1404.0,53.74989318847656,5.422011375427246,617.2837522199989
1405.0,19.50026512145996,3.2206430435180664,617.5700239199941
1406.0,87.95033264160156,6.777844429016113,617.8950857669988
1407.0,78.0389404296875,6.4955010414123535,618.2257629219966
1408.0,84.65489959716797,6.9330668449401855,618.5247082559945
1409.0,40.18559646606445,3.9848384857177734,618.8581960860029
1410.0,48.51601791381836,5.093111991882324,619.1387697409955
1411.0,111.78842163085938,7.735408306121826,619.4102952670073
1412.0,239.93836975097656,9.775739669799805,619.6767638140009
1413.0,246.08705139160156,11.946053504943848,619.9880134060077
1414.0,113.95417022705078,7.191457271575928,620.2642869779957
1415.0,102.18461608886719,7.808128356933594,620.5695405339939
1416.0,110.35183715820312,6.35309362411499,620.8513183369942
1417.0,630.9826049804688,18.46978759765625,621.1696410839941
1418.0,40.328399658203125,4.684032440185547,621.471757182997
1419.0,85.0798110961914,6.784145355224609,621.7603772800067
1420.0,126.29916381835938,6.048486232757568,622.0356094250019
1421.0,76.86698913574219,6.035891056060791,622.3036456270056
1422.0,299.74981689453125,9.160198211669922,622.5669781150063
1423.0,31.11870002746582,3.847321033477783,622.841908123999
1424.0,50.948665618896484,4.665191650390625,623.129311088007
1425.0,144.92796325683594,6.582888603210449,623.4318071529997
1426.0,84.63758850097656,6.215256690979004,623.796885970005
1427.0,162.3418426513672,7.985952377319336,624.2111900529999
1428.0,55.90153503417969,4.745559215545654,624.533373350001
1429.0,198.5354766845703,8.913004875183105,624.821028720995
1430.0,363.2080383300781,12.805627822875977,625.3463203550054
1431.0,84.25464630126953,5.875290393829346,625.6275261160044
1432.0,184.583740234375,9.014139175415039,625.903635677998
1433.0,57.560184478759766,5.51796293258667,626.279071470999
1434.0,144.22244262695312,7.758985996246338,626.6256624660018
1435.0,107.10063171386719,7.9330925941467285,626.9860233090003
1436.0,41.155879974365234,4.578396797180176,627.3241650950076
1437.0,99.97786712646484,6.433370590209961,627.6630038970034
1438.0,108.31444549560547,7.007167816162109,627.9357696829975
1439.0,34.65016555786133,3.934227228164673,628.2063004410011
1440.0,38.574398040771484,4.552258014678955,628.4888894140022
1441.0,47.399436950683594,5.188900947570801,628.8046901640046
1442.0,16.16891860961914,2.8642711639404297,629.1253353270004
1443.0,159.002685546875,8.147976875305176,629.3992309750029
1444.0,38.310874938964844,4.801397800445557,629.675178275007
1445.0,77.30140686035156,5.857969760894775,629.974971625008
1446.0,76.52398681640625,6.00593376159668,630.2437581220001
1447.0,28.314790725708008,3.7038521766662598,630.5338018559996
1448.0,57.613128662109375,5.797545909881592,630.8039659979986
1449.0,69.51826477050781,5.873960971832275,631.0718902149965
1450.0,17.195777893066406,2.70335054397583,631.335412187007
1451.0,37.648948669433594,5.389510154724121,631.637512235
1452.0,164.80824279785156,7.354482650756836,631.9013037849945
1453.0,59.896270751953125,4.803191184997559,632.1698657149973
1454.0,222.15386962890625,7.818726062774658,632.4518423370027
1455.0,214.25148010253906,8.46983814239502,632.7457546429941
1456.0,38.93441390991211,4.9312591552734375,633.0421682089946
1457.0,212.8108367919922,10.196953773498535,633.3216476140078
1458.0,66.20685577392578,5.651553630828857,633.6502946410037
1459.0,179.62158203125,9.841753005981445,633.9573135920073
1460.0,79.264404296875,5.909119129180908,634.2197404939943
1461.0,39.13617706298828,4.7747578620910645,634.4922111439955
1462.0,52.58797836303711,5.061847686767578,634.7868809289939
1463.0,28.988258361816406,3.667588949203491,635.0590713160054
1464.0,72.25897979736328,5.518286228179932,635.3424285390065
1465.0,117.21543884277344,6.212576389312744,635.6278933020076
1466.0,99.42465209960938,6.839416027069092,635.903246382004
1467.0,132.41871643066406,7.272118091583252,636.161472428008
1468.0,240.1763916015625,9.18166446685791,636.4133919339947
1469.0,103.34400939941406,6.296689987182617,636.6640888429974
1470.0,186.2606658935547,8.486315727233887,636.9346844340034
1471.0,58.41249465942383,5.972629070281982,637.1946620340022
1472.0,235.62818908691406,8.618072509765625,637.4537540460005
1473.0,42.752559661865234,4.086315631866455,637.7133618429943
1474.0,91.60911560058594,7.3228325843811035,637.9827026190032
1475.0,92.41193389892578,6.429554462432861,638.2440445230022
1476.0,384.84149169921875,12.475299835205078,638.5062482530047
1477.0,63.94599914550781,5.898394584655762,638.782670850007
1478.0,39.79338455200195,4.502353668212891,639.0581479999964
1479.0,55.74007797241211,4.962281227111816,639.3334784339968
1480.0,38.748844146728516,4.552651405334473,639.6045850070077
1481.0,44.69501495361328,4.735335350036621,639.868529008003
1482.0,262.0214538574219,7.679684638977051,640.1191623699997
1483.0,59.239830017089844,5.213275909423828,640.3994315510063
1484.0,65.43742370605469,6.058236122131348,640.6594376069988
1485.0,43.74114227294922,4.524610996246338,640.9472438280063
1486.0,59.498477935791016,5.8172993659973145,641.2137724759959
1487.0,38.529029846191406,4.615177154541016,641.4658732200041
1488.0,49.54056167602539,4.848084449768066,641.7212059979938
1489.0,24.018192291259766,3.1902289390563965,641.9771370999952
1490.0,728.5559692382812,18.908727645874023,642.2201376519952
1491.0,74.76089477539062,4.781612873077393,642.4717008169973
1492.0,249.55836486816406,10.957212448120117,642.767012501994
1493.0,114.36981201171875,6.134060859680176,643.0529185259948
1494.0,55.18599319458008,5.970706939697266,643.316205244002
1495.0,54.483985900878906,6.020545959472656,643.591680315003
1496.0,160.22230529785156,9.65963077545166,643.8356500039954
1497.0,29.351133346557617,4.527886867523193,644.1102341280057
1498.0,351.2434387207031,11.769658088684082,644.3767750639963
1499.0,97.15715789794922,7.63131856918335,644.6339726169972
1500.0,46.61235046386719,4.775259494781494,644.9135472869966
1501.0,71.4079360961914,5.320578575134277,659.4644060889987
1502.0,217.83184814453125,8.673079490661621,659.7472670429997
1503.0,83.07225036621094,5.639747142791748,660.032472136998
1504.0,48.193809509277344,4.916214942932129,660.302672891994
1505.0,43.74981689453125,5.231608867645264,660.5717685620039
1506.0,33.94949722290039,4.322839736938477,660.8371094750037
1507.0,83.74088287353516,6.681479454040527,661.1019227100041
1508.0,14.294559478759766,2.727024793624878,661.3609106079966
1509.0,177.49855041503906,8.924878120422363,661.6441870480048
1510.0,171.755126953125,8.778860092163086,661.9286511130049
1511.0,31.45997428894043,4.226566791534424,662.2384000530001
1512.0,64.86376953125,6.4046735763549805,662.5388068559987
1513.0,350.3363952636719,11.011284828186035,662.8033322289994
1514.0,18.18865394592285,3.243354558944702,663.0536716310016
1515.0,31.053300857543945,4.595648288726807,663.3663682500046
1516.0,45.21721649169922,4.19797945022583,663.6411303329951
1517.0,92.63825225830078,6.907660007476807,663.9070884719986
1518.0,70.36089324951172,5.939166069030762,664.2197444449994
1519.0,36.93962860107422,4.129595756530762,664.4811094369943
1520.0,167.80206298828125,9.15948486328125,664.7616762289981
1521.0,164.39646911621094,8.181340217590332,665.0197192079941
1522.0,27.724407196044922,4.023210048675537,665.3187837430014
1523.0,18.78137969970703,2.865629196166992,665.5710900099948
1524.0,74.60641479492188,5.6624040603637695,665.8210714909947
1525.0,89.58767700195312,6.556465148925781,666.0611855729949
1526.0,29.32729721069336,4.127774238586426,666.3285368399956
1527.0,47.45713424682617,4.72092342376709,666.5920175229985
1528.0,86.29022216796875,6.697275161743164,666.8854051829985
1529.0,26.05126190185547,3.8880834579467773,667.1567608750047
1530.0,65.24999237060547,6.3594536781311035,667.4529596170032
1531.0,99.0240249633789,6.550750255584717,667.7432834130013
1532.0,389.4131774902344,11.185035705566406,668.0078570320038
1533.0,113.07123565673828,8.294486999511719,668.273074355995
1534.0,159.93165588378906,9.498385429382324,668.5473538460064
1535.0,32.520355224609375,3.8609778881073,668.8162433370017
1536.0,91.12779998779297,6.148723125457764,669.075186978007
1537.0,72.42367553710938,6.38455057144165,669.3419549289974
1538.0,125.23902893066406,7.240540027618408,669.6328261960007
1539.0,128.16358947753906,7.839947700500488,669.9299932389986
1540.0,107.47030639648438,9.143835067749023,670.2097780299955
1541.0,56.98231887817383,5.817669868469238,670.4831225130038
1542.0,49.15253448486328,5.051027774810791,670.7438704560045
1543.0,23.341232299804688,3.4620859622955322,670.9961656819942
1544.0,59.05447006225586,4.979760646820068,671.2686779359938
1545.0,21.428892135620117,3.2308473587036133,671.5391891100007
1546.0,114.44872283935547,7.325360298156738,671.8104134830064
1547.0,89.92454528808594,6.4024152755737305,672.0787812710041
1548.0,74.48021697998047,5.668263912200928,672.3434904070018
1549.0,114.08296966552734,6.373208045959473,672.6161464869947
1550.0,505.8267517089844,18.65297508239746,672.8943233809987
1551.0,38.66989517211914,4.772665023803711,673.1821538310032
1552.0,154.62481689453125,5.7136006355285645,673.4619930629997
1553.0,175.37733459472656,7.84879207611084,673.7172462400049
1554.0,119.56649780273438,7.125326156616211,673.9967106279946
1555.0,149.34124755859375,6.184138298034668,674.2781238150055
1556.0,61.57415008544922,5.371272087097168,674.5608705180057
1557.0,115.19544219970703,6.950438976287842,674.8349688449962
1558.0,198.3141632080078,10.147181510925293,675.086298907001
1559.0,74.96906280517578,5.834575653076172,675.3463772999967
1560.0,25.289932250976562,3.4707019329071045,675.6019107150059
1561.0,90.51595306396484,6.652158737182617,675.8848048750078
1562.0,70.33255004882812,5.880861759185791,676.1658269680047
1563.0,29.866437911987305,4.269555568695068,676.4510015569977
1564.0,48.7840690612793,5.187422275543213,676.7395727219991
1565.0,20.360029220581055,2.9650087356567383,677.0149781000073
1566.0,29.12999153137207,3.6688828468322754,677.290017567997
1567.0,51.84260940551758,5.449689865112305,677.5449237819994
1568.0,354.843017578125,15.917963027954102,677.8173456479999
1569.0,45.63163757324219,5.181568145751953,678.0770294889953
1570.0,55.42069625854492,5.265507221221924,678.3456778539985
1571.0,85.77163696289062,6.32836389541626,678.600710949002
1572.0,139.85574340820312,7.3690505027771,678.8738100140035
1573.0,53.205322265625,4.882496356964111,679.1496399169991
1574.0,72.98556518554688,5.844181537628174,679.4142776100052
1575.0,25.208831787109375,3.1329219341278076,679.6790495089954
1576.0,106.17351531982422,7.283493518829346,679.9623564750073
1577.0,310.21771240234375,9.1703519821167,680.2355497030076
1578.0,60.159950256347656,5.284919738769531,680.5242301800026
1579.0,10.495251655578613,2.2941770553588867,680.768385347008
1580.0,95.7874755859375,5.98356294631958,681.0599911250029
1581.0,134.5516815185547,6.754903316497803,681.3187256370002
1582.0,93.12107849121094,6.620450973510742,681.5710736320034
1583.0,184.5948028564453,10.633340835571289,681.8348101070005
1584.0,77.84457397460938,5.759284496307373,682.0993209089938
1585.0,90.72427368164062,6.935238838195801,682.3685985810007
1586.0,74.70526123046875,5.923832416534424,682.6466672189999
1587.0,115.64037322998047,7.497503757476807,682.9391002299963
1588.0,45.585594177246094,3.9920804500579834,683.2115813900018
1589.0,65.78878021240234,5.9606523513793945,683.5397368010017
1590.0,158.5638427734375,8.941007614135742,683.803939467005
1591.0,126.82115173339844,8.787549018859863,684.0901308739994
1592.0,189.6381378173828,9.205729484558105,684.3674682540004
1593.0,55.2685546875,5.855559825897217,684.6387312029983
1594.0,69.13414001464844,6.5330810546875,684.9414086949982
1595.0,53.465694427490234,5.516846656799316,685.2065997070022
1596.0,31.666215896606445,4.144543647766113,685.4965615980036
1597.0,37.20534133911133,4.40342903137207,685.7563081480039
1598.0,48.66999816894531,5.089562892913818,686.0347617810039
1599.0,51.59372329711914,4.150679588317871,686.3103015310044
1600.0,52.59738540649414,5.749937057495117,686.5662844540057
1601.0,271.94598388671875,10.429008483886719,700.2928245619987
1602.0,88.7627944946289,6.408419132232666,700.5656936860032
1603.0,92.35978698730469,6.826568603515625,700.8414537610079
1604.0,196.38796997070312,8.463123321533203,701.1608770979947
1605.0,23.543943405151367,3.550123929977417,701.4552497039986
1606.0,94.07225036621094,6.484753608703613,701.741342674999
1607.0,142.9851531982422,8.169424057006836,702.0080213670008
1608.0,198.85606384277344,8.968526840209961,702.2735149630025
1609.0,28.503652572631836,4.2091827392578125,702.5528394290013
1610.0,74.24162292480469,5.877536773681641,702.8103208440007
1611.0,66.08138275146484,4.9785590171813965,703.0945304490015
1612.0,23.7290096282959,3.7141060829162598,703.3869573109987
1613.0,51.20737075805664,4.614953994750977,703.6688311949983
1614.0,157.53126525878906,7.6722893714904785,703.9560248280031
1615.0,42.23897171020508,5.035783767700195,704.2304012639943
1616.0,78.44566345214844,5.795982360839844,704.5115406080004
1617.0,67.7345199584961,5.262175559997559,704.7637187609944
1618.0,58.266910552978516,5.369609832763672,705.0237452040019
1619.0,146.38258361816406,6.836076736450195,705.313382805005
1620.0,269.30084228515625,8.933650970458984,705.5740153000079
1621.0,48.134727478027344,5.1315155029296875,705.8459208599961
1622.0,109.18468475341797,6.468365669250488,706.1099529710045
1623.0,58.15992736816406,5.040545463562012,706.3524076239992
1624.0,166.49639892578125,8.507101058959961,706.6251203919965
1625.0,69.2673568725586,5.9827046394348145,706.9238398580055
1626.0,48.74951934814453,4.812114238739014,707.1924275049969
1627.0,92.5048599243164,5.704543113708496,707.4699514469976
1628.0,63.89710998535156,5.7413811683654785,707.8006862600014
1629.0,117.18537139892578,7.088799953460693,708.1082252750057
1630.0,69.63442993164062,5.291411876678467,708.3827626290004
1631.0,29.28957176208496,4.009438991546631,708.670332662994
1632.0,31.734472274780273,4.3707356452941895,709.0058578239987
1633.0,37.33406066894531,4.1031107902526855,709.3041431199963
1634.0,84.38468933105469,6.137393951416016,709.6284234019986
1635.0,26.76665496826172,4.0688042640686035,709.9274224969995
1636.0,17.428625106811523,3.109484910964966,710.2085960510012
1637.0,45.29071044921875,5.376788139343262,710.4862009530043
1638.0,27.994258880615234,4.3380866050720215,710.7608588769945
1639.0,58.72050094604492,5.470513343811035,711.0379638339946
1640.0,12.407814979553223,2.6065587997436523,711.3028270420036
1641.0,37.8743782043457,4.793323993682861,711.6269501320057
1642.0,142.31138610839844,8.169551849365234,712.0082786319981
1643.0,217.5122833251953,8.927953720092773,712.2556578710064
1644.0,39.867408752441406,4.110512733459473,712.6677340799943
1645.0,37.0386848449707,4.016955375671387,712.9873482230032
1646.0,29.687164306640625,4.094125747680664,713.3250912030053
1647.0,221.81570434570312,7.401126861572266,713.5846766549948
1648.0,40.653385162353516,4.922566890716553,713.9412103079958
1649.0,186.35313415527344,6.883259296417236,714.2319675860053
1650.0,153.99368286132812,5.6811113357543945,714.5085059970006
1651.0,157.02772521972656,7.950930595397949,714.828151017995
1652.0,72.63674926757812,5.760977268218994,715.1725593620067
1653.0,33.674617767333984,4.347865104675293,715.4540575580031
1654.0,39.6729621887207,4.863397121429443,715.7308128989971
1655.0,14.202120780944824,3.1465542316436768,716.048106147995
1656.0,29.27825164794922,3.8908474445343018,716.3199197939975
1657.0,165.36233520507812,10.996101379394531,716.6327838279976
1658.0,128.8132781982422,7.149698257446289,716.9502837019973
1659.0,31.09769630432129,4.267582893371582,717.2264264870028
1660.0,69.71772003173828,5.235049724578857,717.4758148800029
1661.0,80.58592224121094,5.971578121185303,717.7520834909956
1662.0,13.014105796813965,2.363729953765869,718.0475454779953
1663.0,90.41586303710938,5.888744831085205,718.3110886670038
1664.0,26.85032844543457,3.8398213386535645,718.5777488820022
1665.0,398.8662414550781,13.55778694152832,718.8673020290007
1666.0,72.1487045288086,7.167259216308594,719.1333111389977
1667.0,260.12957763671875,12.756109237670898,719.398641480002
1668.0,134.24838256835938,8.140223503112793,719.6674372959969
1669.0,119.708740234375,8.086629867553711,719.9392578609986
1670.0,41.52682113647461,4.422945499420166,720.2021761729993
1671.0,119.8582534790039,8.39709758758545,720.4768823439954
1672.0,52.01105880737305,5.885163307189941,720.7721087929967
1673.0,530.507080078125,8.910704612731934,721.0442437080055
1674.0,32.20003890991211,4.01808500289917,721.3118796780036
1675.0,125.13677978515625,7.944844722747803,721.6003024030069
1676.0,48.20024490356445,5.860385894775391,721.8650225290039
1677.0,15.778223037719727,3.005540370941162,722.135642453999
1678.0,137.53549194335938,8.21634578704834,722.4117554330005
1679.0,146.8128204345703,8.102749824523926,722.6734380310081
1680.0,166.68435668945312,8.964963912963867,722.9567298650072
1681.0,36.105613708496094,4.895489692687988,723.2246104109945
1682.0,127.6606216430664,6.602294921875,723.4811640800035
1683.0,13.24050235748291,2.594559907913208,723.7728939969966
1684.0,49.40100860595703,5.027294635772705,724.031014349006
1685.0,232.13462829589844,11.929839134216309,724.3224534250039
1686.0,90.11653900146484,6.063244342803955,724.600182397
1687.0,50.333961486816406,5.240500450134277,724.8746025190048
1688.0,38.3444938659668,4.351141452789307,725.1414960039983
1689.0,29.313282012939453,3.6928305625915527,725.4025847870071
1690.0,105.01339721679688,6.2947282791137695,725.6950488970033
1691.0,42.42789840698242,5.07460355758667,725.9855938700057
1692.0,61.48802185058594,6.613066673278809,726.2625047269976
1693.0,98.13900756835938,5.837869644165039,726.5321106949996
1694.0,57.116947174072266,6.12275505065918,726.7943247320072
1695.0,51.62765121459961,5.460361003875732,727.1014884369943
1696.0,59.31758499145508,5.733208656311035,727.3865426130069
1697.0,113.10828399658203,6.374956130981445,727.6672130890074
1698.0,311.0874328613281,10.116042137145996,727.9268568120024
1699.0,15.524327278137207,2.8389923572540283,728.2107739009953
1700.0,121.71395874023438,6.400555610656738,728.4818419390067
1701.0,82.84326934814453,6.065392971038818,741.9050721149979
1702.0,302.710205078125,9.149515151977539,742.2082682830078
1703.0,179.46612548828125,8.128073692321777,742.5357679029985
1704.0,68.86478424072266,6.397976398468018,742.8420137920039
1705.0,65.04324340820312,5.150197982788086,743.1438345909992
1706.0,60.057979583740234,5.531910419464111,743.4606583639979
1707.0,147.50852966308594,6.8499650955200195,743.7514410680014
1708.0,77.36674499511719,6.254647254943848,744.0096928690036
1709.0,307.0158386230469,11.383356094360352,744.2818991340027
1710.0,92.3165283203125,6.341029167175293,744.5511508939962
1711.0,55.19303894042969,6.253355979919434,744.8288067969988
1712.0,198.6358184814453,9.844422340393066,745.0930455229973
1713.0,22.367204666137695,3.545029878616333,745.3878454090009
1714.0,45.065067291259766,4.557537078857422,745.6581782440044
1715.0,35.19795227050781,4.112368106842041,745.9345339690044
1716.0,78.8084487915039,5.562066555023193,746.2247985940048
1717.0,45.00977325439453,4.6942901611328125,746.499863279998
1718.0,297.6172180175781,10.311999320983887,746.780171573002
1719.0,73.10829162597656,5.899050712585449,747.0870849659987
1720.0,50.47017288208008,5.593331336975098,747.3537711829995
1721.0,120.62362670898438,7.272327899932861,747.6259330650064
1722.0,73.55224609375,6.375922679901123,747.8937674100016
1723.0,91.78962707519531,5.999606132507324,748.1700462070003
1724.0,43.31907272338867,4.67123556137085,748.4710941859958
1725.0,102.62262725830078,7.740479469299316,748.7405621689977
1726.0,50.03398132324219,4.130949020385742,749.0242783639987
1727.0,260.2251281738281,11.421422958374023,749.2906084910064
1728.0,71.02743530273438,5.318836688995361,749.5765993200039
1729.0,43.3221549987793,4.291170597076416,749.864964997003
1730.0,121.26811218261719,7.088245868682861,750.1407699560077
1731.0,30.664382934570312,3.6275601387023926,750.4344425070012
1732.0,80.94293212890625,4.686337471008301,750.6991210220003
1733.0,18.96703338623047,3.108292818069458,750.971036486997
1734.0,41.60277557373047,4.637109756469727,751.2514186619956
1735.0,85.84864807128906,5.135136604309082,751.5266803870036
1736.0,70.43533325195312,6.208442687988281,751.8085432759981
1737.0,17.862878799438477,3.3199517726898193,752.0931965390046
1738.0,112.36322784423828,7.483661651611328,752.378236442004
1739.0,487.44110107421875,15.201306343078613,752.6572064339998
1740.0,77.8631362915039,6.340503215789795,752.941169466998
1741.0,150.3904571533203,8.200767517089844,753.2358259839966
1742.0,22.47488784790039,3.3582112789154053,753.5281342109956
1743.0,69.62958526611328,6.032609462738037,753.8150973239972
1744.0,110.0625991821289,7.77767276763916,754.0711568749975
1745.0,22.208375930786133,3.008582830429077,754.3427046620054
1746.0,46.8121337890625,4.7432074546813965,754.6245687740011
1747.0,77.2470703125,5.301883220672607,754.9045553610049
1748.0,66.83662414550781,5.737150192260742,755.1820304160065
1749.0,19.38010025024414,3.2243525981903076,755.4509319360077
1750.0,105.54642486572266,7.245479583740234,755.7348300769954
1751.0,21.58598518371582,3.367663860321045,756.006083055996
1752.0,33.11766052246094,4.376593589782715,756.325277284006
1753.0,41.68627166748047,4.717367172241211,756.6056723259971
1754.0,76.97620391845703,6.485732555389404,756.9214887489943
1755.0,98.47196960449219,7.199819087982178,757.1996967440064
1756.0,112.87503814697266,6.430798530578613,757.467037363007
1757.0,35.45174026489258,4.806684494018555,757.7517554170045
1758.0,35.57347869873047,4.985889911651611,758.0122740780062
1759.0,112.00507354736328,6.191291332244873,758.3000228050078
1760.0,214.3479766845703,8.098246574401855,758.5739570629958
1761.0,48.39640808105469,5.020711898803711,758.8528711300023
1762.0,407.9144287109375,13.52880859375,759.1362660070008
1763.0,177.26956176757812,7.26041316986084,759.4109894819994
1764.0,38.42341995239258,4.912647724151611,759.6739581940055
1765.0,42.21094512939453,5.0417609214782715,759.9678788729943
1766.0,338.0935974121094,12.456807136535645,760.2649090729974
1767.0,45.132598876953125,5.065145015716553,760.5645444609981
1768.0,68.65987396240234,5.576741695404053,760.8496067319938
1769.0,54.59124755859375,5.426990509033203,761.1410743409942
1770.0,102.09162902832031,6.1518402099609375,761.450283868995
1771.0,466.5887756347656,13.030885696411133,761.7412448770046
1772.0,86.1154556274414,5.463986396789551,762.0964446699945
1773.0,167.7565155029297,7.759620666503906,762.3927701509965
1774.0,24.59152603149414,3.1812639236450195,762.6564699980081
1775.0,126.5959701538086,6.4877238273620605,762.9241173240007
1776.0,24.09006690979004,3.4357872009277344,763.1971046079998
1777.0,28.160552978515625,3.7643990516662598,763.5341632439959
1778.0,169.8546142578125,8.346089363098145,763.8506418769975
1779.0,122.84256744384766,7.361368179321289,764.1225038840057
1780.0,72.7677993774414,5.498040199279785,764.401268364003
1781.0,54.4329948425293,6.337544918060303,764.6833265229943
1782.0,59.014793395996094,5.235617160797119,764.9729157980037
1783.0,67.85748291015625,5.784243106842041,765.2769696689938
1784.0,50.184242248535156,5.303414344787598,765.5511243469955
1785.0,96.36856079101562,7.564298629760742,765.8595380229963
1786.0,67.8789291381836,5.6155595779418945,766.1248452500004
1787.0,36.43705749511719,4.5483174324035645,766.4055054399942
1788.0,91.85684204101562,5.740907669067383,766.6783436410042
1789.0,55.46076202392578,5.719595909118652,766.9703480699973
1790.0,172.11778259277344,8.84443187713623,767.2487002359994
1791.0,63.693382263183594,5.79126501083374,767.5712255249964
1792.0,196.459228515625,8.512398719787598,767.876583603007
1793.0,31.40073585510254,3.935988664627075,768.165258027002
1794.0,1103.1839599609375,19.131731033325195,768.4994338359975
1795.0,72.93081665039062,5.493865013122559,768.8722384110006
1796.0,35.26771545410156,4.084338188171387,769.1497293349967
1797.0,177.3550262451172,8.728798866271973,769.4189074769965
1798.0,53.81972122192383,5.696996212005615,769.7418105770048
1799.0,55.249908447265625,4.313816070556641,770.0338752880052
1800.0,58.835899353027344,6.106455326080322,770.3388844839938
1801.0,182.99851989746094,7.571916103363037,785.2015487780009
1802.0,211.65708923339844,10.150696754455566,785.4946033629967
1803.0,136.86582946777344,9.246648788452148,785.7799088820029
1804.0,73.38787078857422,5.911081790924072,786.0494773870014
1805.0,21.01897621154785,3.0160937309265137,786.3321851299988
1806.0,116.71672821044922,7.5198235511779785,786.6160259220051
1807.0,84.3278579711914,6.391668319702148,786.9027571829938
1808.0,70.87931823730469,6.113753795623779,787.1825862209953
1809.0,41.730865478515625,4.126275062561035,787.4479593739961
1810.0,40.184940338134766,4.4792046546936035,787.7436748330074
1811.0,61.704505920410156,6.454092979431152,788.0179055119952
1812.0,148.84173583984375,6.279965400695801,788.2997019780014
1813.0,132.66729736328125,9.120856285095215,788.5890607080073
1814.0,46.25920104980469,4.859053134918213,788.8740351430024
1815.0,68.61627197265625,5.124241352081299,789.1687863810075
1816.0,21.04123878479004,3.422154426574707,789.4675683759997
1817.0,49.058311462402344,4.287271499633789,789.7586716719961
1818.0,76.46414184570312,5.363045692443848,790.0225661769946
1819.0,199.11788940429688,7.397465229034424,790.2948053790024
1820.0,23.056011199951172,3.48664927482605,790.5632193799975
1821.0,268.4906311035156,12.035953521728516,790.8695560040069
1822.0,324.8707580566406,7.708549976348877,791.1348427449993
1823.0,157.39352416992188,6.446589946746826,791.403392260996
1824.0,54.78392791748047,4.638256072998047,791.6591343150067
1825.0,21.643434524536133,3.051675319671631,791.9541765519971
1826.0,76.26420593261719,5.741440296173096,792.2576505860052
1827.0,19.13011360168457,3.0546634197235107,792.5523208969971
1828.0,51.7040901184082,3.8554913997650146,792.8211097930034
1829.0,26.38609504699707,3.9297592639923096,793.123289643001
1830.0,123.29520416259766,6.057365894317627,793.405499362998
1831.0,149.6533660888672,7.773646354675293,793.6766556170041
1832.0,168.02279663085938,7.865889072418213,793.9473600460042
1833.0,368.4863586425781,13.192793846130371,794.2266566650069
1834.0,576.907470703125,16.127742767333984,794.5168768739968
1835.0,64.23184967041016,5.894101142883301,794.8029046540032
1836.0,27.843505859375,3.901690721511841,795.0891299759969
1837.0,78.21307373046875,5.813472747802734,795.3677232420014
1838.0,40.959747314453125,4.994967460632324,795.6814851920062
1839.0,85.6365737915039,6.64319372177124,795.9503263920051
1840.0,39.70005416870117,5.11757230758667,796.2203475080023
1841.0,50.48736572265625,4.994841575622559,796.5061968179944
1842.0,154.210205078125,7.302664756774902,796.7831193610036
1843.0,29.96344757080078,3.659327983856201,797.0780232779944
1844.0,42.6099739074707,4.038515567779541,797.3583342049969
1845.0,161.03158569335938,10.590790748596191,797.6150475320028
1846.0,30.6899471282959,3.924555778503418,797.8688797229988
1847.0,21.642601013183594,3.282931327819824,798.1577827620058
1848.0,174.10073852539062,8.625651359558105,798.4435479410022
1849.0,88.3441390991211,6.574872016906738,798.7119247249939
1850.0,41.79639434814453,4.623586177825928,799.0148614820064
1851.0,20.602201461791992,3.4701318740844727,799.3009005850035
1852.0,92.65538787841797,6.832942008972168,799.5734197749989
1853.0,62.595741271972656,4.393792629241943,799.865266562003
1854.0,42.06691360473633,4.56707763671875,800.1349722849991
1855.0,99.37297058105469,6.714122772216797,800.418932790999
1856.0,58.74350357055664,5.6281609535217285,800.8195785209973
1857.0,38.19472122192383,3.9787168502807617,801.1158958779997
1858.0,308.69354248046875,10.038751602172852,801.401233593002
1859.0,40.97226333618164,4.479335308074951,801.7237884890055
1860.0,186.4864959716797,9.56883430480957,802.0212179660011
1861.0,105.98180389404297,6.719113349914551,802.3024328659958
1862.0,89.9078369140625,6.622458457946777,802.5768584239995
1863.0,92.9603042602539,6.9279303550720215,802.8673687310074
1864.0,26.555042266845703,3.579423666000366,803.1829394719971
1865.0,38.90620422363281,4.656929969787598,803.4674733300053
1866.0,115.03961944580078,8.20017147064209,803.7554083430005
1867.0,18.99286460876465,2.795886278152466,804.0473958030052
1868.0,48.64469528198242,4.806780815124512,804.3370938989974
1869.0,130.66143798828125,8.82390022277832,804.6107625300065
1870.0,139.4893798828125,9.494012832641602,804.8821635490021
1871.0,133.65077209472656,9.150289535522461,805.1683699340065
1872.0,134.28224182128906,8.905527114868164,805.4594808270049
1873.0,84.51923370361328,5.428901195526123,805.724909341996
1874.0,17.685577392578125,2.8948330879211426,805.9927001949982
1875.0,284.9730224609375,11.739750862121582,806.2556706440082
1876.0,40.92832565307617,4.416052341461182,806.5270262749982
1877.0,28.141620635986328,3.781682252883911,806.8173951740027
1878.0,30.02091407775879,4.347259521484375,807.0876858029951
1879.0,174.40760803222656,8.603577613830566,807.3765266400005
1880.0,140.53985595703125,8.386991500854492,807.6568668880063
1881.0,44.447078704833984,5.407995700836182,807.9415182929952
1882.0,73.03517150878906,7.248323917388916,808.2440289660008
1883.0,98.89368438720703,8.932106018066406,808.5387113129982
1884.0,54.19485092163086,5.319672107696533,808.8269980290061
1885.0,18.955259323120117,3.078000783920288,809.127203409007
1886.0,53.31179428100586,5.160792827606201,809.417477748997
1887.0,140.1453857421875,5.922162055969238,809.7053583550005
1888.0,62.315879821777344,5.414859294891357,809.9967677259992
1889.0,30.805116653442383,3.961414098739624,810.2769972289971
1890.0,34.218143463134766,3.670459270477295,810.5372392660065
1891.0,244.79833984375,10.173100471496582,810.802347157005
1892.0,43.02703094482422,4.503842830657959,811.0945088800072
1893.0,119.68696594238281,8.004434585571289,811.3909945250052
1894.0,74.58417510986328,6.229609489440918,811.6478504179977
1895.0,100.93179321289062,6.941727161407471,811.9167013050028
1896.0,28.915847778320312,4.322465419769287,812.2282286029949
1897.0,108.53199005126953,6.841646671295166,812.5356051209965
1898.0,121.02995300292969,6.56549596786499,812.8130250920076
1899.0,38.11715316772461,4.35389518737793,813.0805502080038
1900.0,13.975176811218262,2.6551222801208496,813.363011266003
1901.0,74.87327575683594,5.294236183166504,832.3328313399979
1902.0,31.646591186523438,4.444950103759766,832.6028301049955
1903.0,150.77606201171875,8.780417442321777,832.8867489230033
1904.0,306.59765625,10.686494827270508,833.1423297330039
1905.0,75.53502655029297,6.618475914001465,833.4076646760077
1906.0,153.09881591796875,7.932742595672607,833.710138252005
1907.0,70.49480438232422,4.940558433532715,833.9827566769964
1908.0,16.185243606567383,2.765598773956299,834.2671679350024
1909.0,35.37495422363281,4.489027976989746,834.5887835530011
1910.0,90.88333129882812,7.422353744506836,834.896039432002
1911.0,74.10737609863281,6.075850009918213,835.1780735430075
1912.0,14.524873733520508,2.697777032852173,835.4640147199971
1913.0,78.51132202148438,6.575534820556641,835.7609262150072
1914.0,92.76221466064453,6.12024450302124,836.0532234819984
1915.0,120.31002807617188,6.598823547363281,836.3451537520014
1916.0,45.243003845214844,4.589267253875732,836.62225149
1917.0,54.295433044433594,5.002436637878418,836.913214094995
1918.0,30.902469635009766,4.210997581481934,837.2166887829953
1919.0,81.31779479980469,7.328479290008545,837.531383634996
1920.0,119.59473419189453,6.86933708190918,837.8417562200048
1921.0,133.74732971191406,7.258786201477051,838.0951449349959
1922.0,47.680755615234375,4.944547653198242,838.3838879910036
1923.0,29.107933044433594,3.7420029640197754,838.6754949229944
1924.0,44.77009582519531,5.102235794067383,838.9782675199967
1925.0,60.71866226196289,5.386109828948975,839.271746879007
1926.0,60.38508987426758,5.903609752655029,839.552282634002
1927.0,24.81960678100586,3.6699488162994385,839.8791145020077
1928.0,29.178247451782227,4.526743412017822,840.1809690630034
1929.0,51.2193489074707,5.013167381286621,840.443468737998
1930.0,71.30646514892578,5.212863445281982,840.7112884660019
1931.0,40.15098571777344,5.106805801391602,840.9827217550046
1932.0,81.78545379638672,5.822992324829102,841.2709442070045
1933.0,111.64105987548828,7.0790934562683105,841.536560063003
1934.0,38.78059387207031,4.958799839019775,841.831432469
1935.0,47.834712982177734,4.860505104064941,842.1280510369979
1936.0,19.619911193847656,3.1838951110839844,842.395362878
1937.0,74.76995086669922,5.681840896606445,842.8087709440006
1938.0,125.84805297851562,5.453347206115723,843.130140993002
1939.0,75.52172088623047,5.99269437789917,843.3877244960022
1940.0,159.36004638671875,7.406862735748291,843.6951139760058
1941.0,346.66998291015625,13.645024299621582,843.9881756789982
1942.0,110.02851867675781,7.921999454498291,844.2764572860033
1943.0,295.2716979980469,10.046734809875488,844.5779135740013
1944.0,78.57203674316406,6.355885028839111,844.8668697959947
1945.0,76.972412109375,6.939943790435791,845.1510031479993
1946.0,53.28945541381836,4.826008319854736,845.446876521004
1947.0,39.46775817871094,3.989100456237793,845.7373911689938
1948.0,46.21036148071289,4.72733211517334,846.0526928710024
1949.0,42.10572814941406,4.212237358093262,846.336509271001
1950.0,49.8415641784668,4.652085781097412,846.632522615997
1951.0,148.87091064453125,8.679523468017578,846.9291519249964
1952.0,135.2938690185547,8.641910552978516,847.1983013429999
1953.0,162.81838989257812,8.274876594543457,847.4955334900005
1954.0,48.61308288574219,5.234979629516602,847.7605771569943
1955.0,30.20831871032715,4.367046356201172,848.0302118950058
1956.0,378.1023864746094,11.043682098388672,848.3395169910073
1957.0,59.1990852355957,5.090904712677002,848.6021830310056
1958.0,27.28608512878418,3.554419755935669,848.8526619490003
1959.0,105.51791381835938,6.950997829437256,849.1549980739946
1960.0,17.21730613708496,2.749537229537964,849.4548726859939
1961.0,67.2182846069336,6.099973678588867,849.7192549860047
1962.0,51.91979217529297,5.163573265075684,850.0210400810029
1963.0,72.30936431884766,5.8095316886901855,850.3211401330045
1964.0,324.04449462890625,11.951690673828125,850.6479759180074
1965.0,80.89185333251953,4.8291850090026855,850.9355533149937
1966.0,175.9281005859375,8.069954872131348,851.2153941209981
1967.0,44.70277786254883,4.202950954437256,851.4930974040035
1968.0,118.98008728027344,7.301656246185303,851.788898933999
1969.0,183.96493530273438,8.636425018310547,852.0745594619948
1970.0,106.05355072021484,7.362916469573975,852.3536644569976
1971.0,175.91957092285156,9.443456649780273,852.6305711940076
1972.0,422.47625732421875,13.481145858764648,852.8778758609988
1973.0,64.25144958496094,6.3272576332092285,853.163547204007
1974.0,51.41847610473633,5.024731636047363,853.449982702994
1975.0,469.9483642578125,12.383073806762695,853.7365674769972
1976.0,39.824893951416016,3.8426618576049805,854.0827104290074
1977.0,74.68294525146484,6.106076717376709,854.4021166599996
1978.0,45.113887786865234,4.571002960205078,854.6918146730022
1979.0,37.53223419189453,4.653255462646484,854.9909017890022
1980.0,44.88905715942383,4.46104621887207,855.2528343489976
1981.0,18.605653762817383,2.999859094619751,855.5206115689944
1982.0,37.71156692504883,3.749528408050537,855.8497692200035
1983.0,32.64421081542969,4.130197048187256,856.1338997840066
1984.0,26.05655288696289,2.9709692001342773,856.4222617699997
1985.0,11.046425819396973,2.4160563945770264,856.7023264849995
1986.0,51.370094299316406,5.002617835998535,856.9802355139982
1987.0,48.679351806640625,4.89273738861084,857.2822003369947
1988.0,26.735506057739258,3.189260959625244,857.5505437219981
1989.0,40.3297119140625,4.67106294631958,857.8342851799971
1990.0,23.510303497314453,3.740525484085083,858.1157795290055
1991.0,222.66050720214844,11.095219612121582,858.374356255008
1992.0,131.7071990966797,6.745696544647217,858.6618333980005
1993.0,50.169761657714844,5.012692451477051,858.9445611999981
1994.0,45.79718780517578,4.836918354034424,859.2259525160043
1995.0,101.64095306396484,6.69089937210083,859.5289442909998
1996.0,91.35960388183594,6.415734767913818,859.8407460849994
1997.0,26.91641616821289,3.717763900756836,860.109842054997
1998.0,30.80295181274414,3.852644920349121,860.3933999449946
1999.0,42.01462173461914,4.201344966888428,860.6719882320031
2000.0,114.05723571777344,7.8854079246521,860.9516672299942
2001.0,64.6266860961914,4.5113420486450195,876.3182345130044
2002.0,33.415863037109375,4.3973259925842285,876.9284889789997
2003.0,64.61707305908203,5.016257286071777,877.2197305919981
2004.0,66.98213958740234,7.0565667152404785,877.6311587210075
2005.0,191.45135498046875,9.659564018249512,877.9062942360033
2006.0,117.25303649902344,8.847393989562988,878.2321618849965
2007.0,55.184425354003906,5.686726093292236,878.5683789010072
2008.0,39.136863708496094,5.6281304359436035,878.8854076580028
2009.0,51.58620071411133,5.442070484161377,879.187116037996
2010.0,121.90026092529297,6.640848636627197,879.4600685659971
2011.0,85.61527252197266,5.8611321449279785,879.7625581570028
2012.0,91.56049346923828,6.587455749511719,880.1013892329938
2013.0,220.65025329589844,9.43199348449707,880.4303754270077
2014.0,156.90643310546875,7.392469882965088,880.7227806180017
2015.0,50.10383224487305,5.709558963775635,881.0151826429938
2016.0,50.304168701171875,4.891905784606934,881.2970518939983
2017.0,46.85102462768555,5.223198413848877,881.5998484160082
2018.0,119.99454498291016,7.136514663696289,881.9172472119972
2019.0,16.88514518737793,3.174316883087158,882.1706660220079
2020.0,54.20588302612305,4.284649848937988,882.445037366997
2021.0,24.703336715698242,3.288292646408081,882.7084770429938
2022.0,63.84743118286133,5.043826580047607,883.0288005839975
2023.0,28.294309616088867,3.5466368198394775,883.3138044160005
2024.0,105.10957336425781,6.014957904815674,883.608505687007
2025.0,21.620994567871094,3.3221187591552734,883.9029509240063
2026.0,140.776611328125,8.119560241699219,884.1650351179997
2027.0,54.45171356201172,5.353515625,884.4405371350003
2028.0,63.60764694213867,4.744691848754883,884.7186420409998
2029.0,142.2258758544922,7.985112190246582,884.9869795080012
2030.0,59.0889892578125,4.813819408416748,885.2724495739967
2031.0,70.7249526977539,5.057898044586182,885.5647494139994
2032.0,267.6994934082031,8.942642211914062,885.8468947149959
2033.0,105.04544830322266,6.04695463180542,886.1258298419998
2034.0,28.57896614074707,3.97473406791687,886.4210102159996
2035.0,62.207584381103516,5.247406959533691,886.6909229820012
2036.0,15.090536117553711,2.7763383388519287,886.974570018996
2037.0,19.15302848815918,2.784071922302246,887.2421107459959
2038.0,14.573458671569824,2.759305477142334,887.5347295929969
2039.0,15.870906829833984,2.512958526611328,887.8116391369986
2040.0,97.55228424072266,6.21043586730957,888.0818566929956
2041.0,149.40988159179688,7.955836296081543,888.374909680002
2042.0,48.07890701293945,4.448964595794678,888.6601670460077
2043.0,56.7814826965332,5.432765007019043,888.9498067189998
2044.0,13.841231346130371,2.773078680038452,889.2487551780068
2045.0,114.37889099121094,7.769918441772461,889.5453769669984
2046.0,51.907554626464844,3.8132660388946533,889.8403168980003
2047.0,451.3028259277344,14.19166374206543,890.1069167120004
2048.0,86.01957702636719,6.192014694213867,890.3961066880001
2049.0,52.68647384643555,4.949262619018555,890.6881571690028
2050.0,31.67829132080078,4.481226444244385,890.9954306040017
2051.0,162.6885986328125,8.252344131469727,891.2884806320071
2052.0,64.0242919921875,5.26264762878418,891.5769822389993
2053.0,52.63446044921875,4.844533443450928,891.8623797119944
2054.0,124.39966583251953,5.957418918609619,892.1489595919993
2055.0,39.35944366455078,5.0744123458862305,892.4696409400058
2056.0,49.2748908996582,5.219595432281494,892.799076070005
2057.0,97.08283233642578,6.93239164352417,893.1002400090074
2058.0,109.0177230834961,7.789220333099365,893.3935427990073
2059.0,67.20748901367188,5.7452216148376465,893.7130847710068
2060.0,73.72435760498047,6.0532917976379395,894.0450172590063
2061.0,42.776248931884766,4.310391426086426,894.3231165890029
2062.0,66.96435546875,5.9806060791015625,894.593309200005
2063.0,31.086233139038086,3.9834682941436768,894.8835760250076
2064.0,107.18405151367188,6.986565589904785,895.1687268829992
2065.0,73.181640625,5.824006080627441,895.4648614780017
2066.0,65.577392578125,5.731343746185303,895.7503652580053
2067.0,98.89627075195312,5.219097137451172,896.0381922210072
2068.0,37.496028900146484,4.045866966247559,896.3268407620053
2069.0,55.45379638671875,5.607919692993164,896.6070380419987
2070.0,175.70164489746094,6.351244926452637,896.8962439419993
2071.0,62.196815490722656,5.0375847816467285,897.1738079600036
2072.0,107.3078842163086,7.775596618652344,897.4508390419942
2073.0,86.73165893554688,6.764989376068115,897.7467473520082
2074.0,72.56365203857422,5.815421104431152,898.0209668699972
2075.0,254.98480224609375,8.747965812683105,898.310674745997
2076.0,29.75725555419922,3.8858401775360107,898.6058594070055
2077.0,37.988346099853516,4.879245758056641,898.8888397459959
2078.0,308.2515869140625,9.419792175292969,899.1652249100007
2079.0,41.71002197265625,5.095296382904053,899.447520200003
2080.0,105.2773666381836,6.116564750671387,899.7040274839965
2081.0,27.595556259155273,3.962653875350952,900.0064939830045
2082.0,86.28704071044922,5.129664421081543,900.2844903740042
2083.0,52.03399658203125,4.30230188369751,900.5673197949945
2084.0,79.97140502929688,5.519840240478516,900.8504479749972
2085.0,70.23858642578125,5.920897960662842,901.1217224959983
2086.0,79.86250305175781,5.622855186462402,901.3860892740049
2087.0,21.33973503112793,3.2023794651031494,901.6660431780037
2088.0,208.5837860107422,7.997341156005859,901.9546768480068
2089.0,31.167037963867188,3.955388069152832,902.2535928849975
2090.0,76.62527465820312,6.321656227111816,902.5098537900049
2091.0,139.4734344482422,8.725981712341309,902.7858005919988
2092.0,87.12046813964844,5.696136951446533,903.0669976640056
2093.0,65.14885711669922,6.089761257171631,903.3835731559957
2094.0,29.83011245727539,4.291225433349609,903.6755629230029
2095.0,487.67828369140625,15.428144454956055,903.9474114540062
2096.0,29.465133666992188,4.1410369873046875,904.215994543003
2097.0,60.65205001831055,5.36561918258667,904.5041846480017
2098.0,102.15394592285156,6.803828716278076,904.7997695950035
2099.0,36.44110107421875,4.902209758758545,905.1015276679973
2100.0,49.29491424560547,5.009832859039307,905.3813611590012
2101.0,113.83507537841797,7.192055702209473,922.7467691409984
2102.0,28.043041229248047,4.145708084106445,923.057747651008
2103.0,403.71685791015625,10.657958030700684,923.3451340900065
2104.0,21.79766845703125,3.501716375350952,923.6091319609986
2105.0,82.63066864013672,4.528597831726074,923.910443212997
2106.0,28.052303314208984,3.478623867034912,924.1970172139991
2107.0,137.85345458984375,6.072533130645752,924.4644659589976
2108.0,77.40530395507812,5.265651702880859,924.7421638300002
2109.0,37.917091369628906,3.957665205001831,925.024916630995
2110.0,54.1166877746582,4.9712748527526855,925.3134810110059
2111.0,244.47183227539062,9.139204978942871,925.6185973079992
2112.0,19.00591278076172,3.257751226425171,925.9206951969973
2113.0,52.426300048828125,4.428863048553467,926.182915739002
2114.0,182.1474609375,7.540907859802246,926.475878088997
2115.0,18.984882354736328,2.6825220584869385,926.7941744849959
2116.0,118.9727554321289,7.631568908691406,927.0780126290047
2117.0,157.53927612304688,7.814577102661133,927.3656865350058
2118.0,176.3647918701172,5.9139323234558105,927.6699004889961
2119.0,17.80142593383789,2.8208696842193604,928.0000365120068
2120.0,57.43112564086914,4.410905838012695,928.2907927829947
2121.0,42.861915588378906,4.462719917297363,928.5667724710074
2122.0,128.5071258544922,6.716007709503174,928.8805070780072
2123.0,181.4665069580078,7.697540283203125,929.1958438040019
2124.0,26.87902069091797,4.205041408538818,929.4715744889982
2125.0,87.5865249633789,6.176774024963379,929.7769087210036
2126.0,21.24314308166504,3.203657627105713,930.0383894289989
2127.0,20.474735260009766,3.069117307662964,930.3433239349979
2128.0,32.51797103881836,3.961155891418457,930.6231963390019
2129.0,449.9855651855469,8.56774616241455,930.8954037549993
2130.0,21.867307662963867,3.547903537750244,931.1922630280023
2131.0,23.771282196044922,3.1434617042541504,931.4711653870036
2132.0,54.96086502075195,5.04567813873291,931.755116151995
2133.0,97.28762817382812,5.1954216957092285,932.0564916529984
2134.0,61.78700637817383,5.278979778289795,932.3440103500034
2135.0,28.176292419433594,3.697373151779175,932.6171148110006
2136.0,40.85933303833008,4.673910140991211,932.916251734001
2137.0,18.861881256103516,3.064513921737671,933.1844305550039
2138.0,301.07037353515625,10.95324420928955,933.446711822995
2139.0,256.5014343261719,8.849004745483398,933.7280979820061
2140.0,50.052303314208984,4.050440788269043,934.0373028390022
2141.0,67.75931549072266,5.944133281707764,934.3188480880053
2142.0,38.62553787231445,4.064444065093994,934.6093779549992
2143.0,106.69308471679688,6.549439907073975,934.8924341450038
2144.0,350.47088623046875,11.83630657196045,935.1669930200005
2145.0,81.13875579833984,7.7239766120910645,935.4482268069987
2146.0,58.328102111816406,5.495615005493164,935.8417996869975
2147.0,41.118011474609375,4.54223108291626,936.183024715996
2148.0,61.1675910949707,5.5648627281188965,936.5395542320039
2149.0,91.98519897460938,6.119865417480469,936.8735072830023
2150.0,58.276092529296875,5.924302577972412,937.1638237580046
2151.0,41.26840591430664,4.018858432769775,937.488034288006
2152.0,88.92764282226562,5.346275806427002,937.8162326339952
2153.0,181.47726440429688,9.05964469909668,938.0892963149963
2154.0,65.24748992919922,5.442599296569824,938.3863260820071
2155.0,25.97572135925293,3.6705079078674316,938.721415439999
2156.0,46.87382507324219,4.311262130737305,939.0134486790048
2157.0,72.68687438964844,5.017087936401367,939.3135706030007
2158.0,35.32708740234375,3.867750406265259,939.5786697440053
2159.0,232.10696411132812,13.182500839233398,939.8989260369999
2160.0,18.7520751953125,2.746973991394043,940.1539068529964
2161.0,153.94845581054688,6.104747772216797,940.484174903002
2162.0,22.075532913208008,2.9025485515594482,940.7935662130039
2163.0,31.506324768066406,4.274176597595215,941.1269007460069
2164.0,38.1732177734375,4.0866546630859375,941.4452792730008
2165.0,44.184593200683594,5.128397464752197,941.7880741840054
2166.0,38.56635665893555,4.75598669052124,942.0944287760067
2167.0,98.00284576416016,6.543861389160156,942.3768341429968
2168.0,80.19340515136719,5.697479724884033,942.6741098060011
2169.0,36.10091781616211,4.538690090179443,942.9791808640002
2170.0,21.743297576904297,2.8789725303649902,943.277419652004
2171.0,244.47039794921875,8.671050071716309,943.5657216940017
2172.0,55.674407958984375,4.913064956665039,943.8659241830028
2173.0,41.33396530151367,4.9439191818237305,944.162308169005
2174.0,32.564857482910156,4.0178680419921875,944.583604792002
2175.0,12.289405822753906,2.529134750366211,944.8690850779967
2176.0,97.32869720458984,5.557112693786621,945.1611031829962
2177.0,60.65612030029297,5.866449356079102,945.4580134319986
2178.0,73.86634826660156,4.650990962982178,945.7887224690057
2179.0,79.64318084716797,5.694675922393799,946.082119439001
2180.0,47.449623107910156,4.650698661804199,946.3847399130027
2181.0,68.14396667480469,6.286803245544434,946.7011754389969
2182.0,19.773012161254883,3.0556447505950928,946.9708110320062
2183.0,108.81965637207031,6.862092971801758,947.240515137004
2184.0,34.49428939819336,3.3975181579589844,947.5166832329996
2185.0,25.746191024780273,4.194389820098877,947.7880589480046
2186.0,134.8770751953125,7.386298179626465,948.1448228429945
2187.0,85.76756286621094,5.761081695556641,948.4612303589965
2188.0,88.23263549804688,7.030459880828857,948.749902177995
2189.0,166.9807586669922,8.455615043640137,949.1910807850072
2190.0,86.84268188476562,6.100587844848633,949.5271454989997
2191.0,50.27163314819336,4.658573627471924,949.8734144409973
2192.0,174.7421112060547,7.814798355102539,950.2114985619992
2193.0,82.10502624511719,4.862991809844971,950.5640636110038
2194.0,51.0803337097168,4.398181438446045,950.8947031639982
2195.0,19.790206909179688,3.1677944660186768,951.2309107439942
2196.0,56.75381851196289,6.385004043579102,951.5751235950011
2197.0,98.7398681640625,6.306540012359619,951.8657566350012
2198.0,113.30792999267578,7.619461536407471,952.1569661630056
2199.0,17.196016311645508,2.883113145828247,952.4326039589942
2200.0,26.319215774536133,3.449704170227051,952.7581774599967
2201.0,36.6397819519043,3.5182292461395264,969.2374954130064
2202.0,14.708850860595703,2.464853286743164,969.5353770420043
2203.0,21.936113357543945,3.074721097946167,969.876989255994
2204.0,87.91180419921875,5.424201011657715,970.144566560004
2205.0,56.406131744384766,5.369975566864014,970.395752573997
2206.0,87.20105743408203,5.251431465148926,970.6825640830066
2207.0,25.69286346435547,3.1671597957611084,970.9557419070043
2208.0,41.97066116333008,3.9626312255859375,971.2298206870037
2209.0,71.96528625488281,5.88192892074585,971.5345381700026
2210.0,154.7626495361328,7.872261047363281,971.8384678809962
2211.0,117.1092529296875,7.600691318511963,972.1676778849942
2212.0,150.5614776611328,6.812380313873291,972.5010426689987
2213.0,214.75962829589844,7.892780780792236,972.7983427139989
2214.0,248.0161895751953,9.728845596313477,973.0738947369973
2215.0,38.0760383605957,4.271186351776123,973.4234385169984
2216.0,369.32818603515625,14.78632640838623,973.6979445080069
2217.0,163.69345092773438,7.4551215171813965,973.978756587996
2218.0,56.99518585205078,4.308950424194336,974.248431444008
2219.0,32.724613189697266,4.388429164886475,974.506417837998
2220.0,102.34466552734375,7.005220413208008,974.8130303829967
2221.0,95.84247589111328,5.625446796417236,975.1244344580045
2222.0,80.37769317626953,5.151071071624756,975.4415831399965
2223.0,72.95924377441406,5.2989044189453125,975.7840128929965
2224.0,71.48814392089844,4.122182369232178,976.1154036490043
2225.0,86.34864807128906,5.963846206665039,976.4348087929975
2226.0,50.469600677490234,4.853862762451172,976.7313071030076
2227.0,82.27800750732422,6.2831902503967285,977.0021608539973
2228.0,118.3489761352539,7.049083232879639,977.2964969989989
2229.0,294.8517150878906,10.7641019821167,977.6156041270006
2230.0,44.41996765136719,4.655728340148926,977.9338024629978
2231.0,21.60456085205078,3.2966034412384033,978.2371860419953
2232.0,113.65979766845703,6.000696182250977,978.5055107549997
2233.0,57.13178634643555,5.178966999053955,978.8735286409938
2234.0,17.310791015625,2.7399721145629883,979.1668173009966
2235.0,145.07542419433594,6.976846218109131,979.4733095739939
2236.0,16.609922409057617,2.9235589504241943,979.7666694229993
2237.0,117.83495330810547,6.519665241241455,980.0685504290013
2238.0,45.21623611450195,4.846136569976807,980.4390078669967
2239.0,19.435359954833984,2.9306118488311768,980.7814656099945
2240.0,155.03109741210938,6.68105936050415,981.0902192390058
2241.0,113.76715087890625,7.043152332305908,981.3871144660079
2242.0,145.65280151367188,7.928043365478516,981.8018543490034
2243.0,40.703102111816406,4.3622355461120605,982.1290917169972
2244.0,77.31250762939453,5.192649841308594,982.4320929999958
2245.0,418.7497253417969,13.331027030944824,982.8072028629977
2246.0,18.0360164642334,3.0916225910186768,983.162425226008
2247.0,37.97726058959961,4.794923782348633,983.4253602490062
2248.0,27.68321990966797,4.047621250152588,983.6988903339952
2249.0,43.70424270629883,4.066591739654541,983.9562304139981
2250.0,52.378509521484375,5.4384846687316895,984.2128167390038
2251.0,57.231605529785156,5.85533332824707,984.5039796110068
2252.0,33.09482192993164,3.8670694828033447,984.8399661360017
2253.0,143.74305725097656,6.978884696960449,985.1456955900067
2254.0,45.011104583740234,5.022144794464111,985.4572526060074
2255.0,55.910526275634766,4.392233371734619,985.8135938710038
2256.0,30.197172164916992,3.844486713409424,986.0976110060001
2257.0,13.46765422821045,2.496077060699463,986.8315543290082
2258.0,85.73196411132812,7.777148723602295,988.9634147680044
2259.0,48.17980194091797,4.426211833953857,989.7954030149995
2260.0,141.60179138183594,7.063933849334717,990.1431377840054
2261.0,92.7362289428711,5.824394702911377,990.404726149005
2262.0,11.874602317810059,2.165670156478882,990.7370592460065
2263.0,34.14573669433594,4.293281078338623,991.0355247090047
2264.0,31.68148422241211,4.66889762878418,991.3139089350007
2265.0,24.380842208862305,3.4918758869171143,991.5994413900044
2266.0,41.954097747802734,4.403347492218018,991.8549897360062
2267.0,78.65652465820312,4.96588659286499,992.123770168997
2268.0,83.77017974853516,5.998178958892822,992.4475859609956
2269.0,19.147069931030273,2.6708130836486816,992.7642774929991
2270.0,79.51546478271484,4.352023601531982,993.101195545998
2271.0,34.504661560058594,4.045994281768799,993.416062010001
2272.0,128.1277313232422,7.028605937957764,993.7492650460044
2273.0,80.57838439941406,6.002956867218018,994.0911801710026
2274.0,45.49867630004883,4.614616870880127,994.3758324780065
2275.0,12.991692543029785,2.643791913986206,994.697760629002
2276.0,64.13109588623047,5.3408942222595215,994.9704418000038
2277.0,43.75531768798828,4.119779586791992,995.2528166279953
2278.0,38.11492919921875,4.0249176025390625,995.5420678780065
2279.0,57.26433563232422,4.651912689208984,995.8680547440017
2280.0,20.04080581665039,2.9770102500915527,996.1932137050026
2281.0,35.31198501586914,3.9531023502349854,996.512155022996
2282.0,99.46308898925781,6.023648262023926,996.8449255140004
2283.0,32.90048599243164,3.696849822998047,997.0920033250004
2284.0,52.82798385620117,5.594666004180908,997.3781567499973
2285.0,112.71456909179688,6.728325843811035,997.7104113189998
2286.0,97.123779296875,5.954241752624512,997.9999865849968
2287.0,21.297285079956055,3.0245869159698486,998.293399992006
2288.0,30.481184005737305,3.473644256591797,998.6002213409956
2289.0,24.623977661132812,3.5419585704803467,998.9205864289979
2290.0,21.336336135864258,2.8622350692749023,999.2155305930064
2291.0,58.426937103271484,5.416251182556152,999.5226514230017
2292.0,101.07147216796875,6.358782768249512,999.8168865049956
2293.0,17.174211502075195,2.8129210472106934,1000.1457315300067
2294.0,63.302764892578125,5.579214572906494,1000.4436548289959
2295.0,18.170963287353516,2.976579189300537,1000.7119219190063
2296.0,21.00555992126465,3.0838258266448975,1001.0481633809977
2297.0,74.49749755859375,5.776027679443359,1001.2891768050031
2298.0,79.84615325927734,5.7018022537231445,1001.5507054420013
2299.0,98.43912506103516,5.774333953857422,1001.8673754299962
2300.0,59.78212356567383,4.906942367553711,1002.212726704005
2301.0,15.293384552001953,2.4753925800323486,1021.3599560910079
2302.0,143.2167510986328,6.200175762176514,1021.6271592720004
2303.0,143.94349670410156,6.977832317352295,1021.9697099339974
2304.0,203.90673828125,8.313282012939453,1022.2749469120026
2305.0,17.647525787353516,2.7419822216033936,1022.5935793969984
2306.0,213.522705078125,7.854694843292236,1022.8781468789966
2307.0,40.735496520996094,3.893709421157837,1023.1651721280068
2308.0,279.90771484375,10.83244800567627,1023.4557500390074
2309.0,69.00515747070312,5.04351806640625,1023.8488272030081
2310.0,121.76785278320312,5.973694324493408,1024.1523902799963
2311.0,40.328941345214844,4.194929122924805,1024.478457435005
2312.0,122.12055206298828,7.02291202545166,1024.803681417994
2313.0,24.896528244018555,4.072754859924316,1025.1255683070049
2314.0,336.70635986328125,11.59529972076416,1025.4490259669983
2315.0,62.998313903808594,5.331141948699951,1025.7636559800012
2316.0,90.75865173339844,5.866208553314209,1026.0877267519973
2317.0,18.48430633544922,3.0054609775543213,1026.4273265710071
2318.0,66.65924835205078,4.659066200256348,1026.738662984004
2319.0,44.91972351074219,4.563097953796387,1027.050952769001
2320.0,85.19557189941406,6.197300434112549,1027.346932037006
2321.0,44.73078536987305,3.529250383377075,1027.6972826209967
2322.0,133.51531982421875,7.198927879333496,1027.9904669389944
2323.0,29.935060501098633,3.5752124786376953,1028.299827114999
2324.0,262.53887939453125,13.981666564941406,1028.5984666629956
2325.0,161.55001831054688,6.7968878746032715,1028.9281718700076
2326.0,141.4175567626953,7.806922435760498,1029.2247961329995
2327.0,16.474773406982422,2.5520615577697754,1029.5513149170001
2328.0,36.95486831665039,3.726008653640747,1029.8743140309962
2329.0,65.711181640625,5.153829097747803,1030.212648849003
2330.0,326.1709289550781,9.362565040588379,1030.5094419560046
2331.0,57.68620681762695,5.290497303009033,1030.8290855700034
2332.0,80.88885498046875,6.4909491539001465,1031.0969963300013
2333.0,261.1108093261719,8.31684398651123,1031.4085794919956
2334.0,47.51123046875,4.622474193572998,1031.6817327169992
2335.0,69.2471923828125,3.9990346431732178,1032.0222887020063
2336.0,28.961584091186523,3.8805625438690186,1032.3296955260012
2337.0,21.68297576904297,3.0829761028289795,1032.6386659690033
2338.0,61.49980545043945,4.702801704406738,1032.9431269820052
2339.0,70.98152160644531,5.185746669769287,1033.2206546140078
2340.0,20.117467880249023,3.3486075401306152,1033.5061494849942
2341.0,27.232633590698242,4.179586410522461,1033.8093413150054
2342.0,127.93164825439453,7.551230430603027,1034.0948469529976
2343.0,79.23500061035156,5.962984561920166,1034.3640370420035
2344.0,25.217304229736328,3.9197030067443848,1034.6433172090037
2345.0,185.735595703125,6.665988445281982,1034.9064368529944
2346.0,336.5188903808594,12.257497787475586,1035.248755100998
2347.0,25.782466888427734,3.376777172088623,1035.537511372997
2348.0,61.423622131347656,6.397672653198242,1035.8619804479968
2349.0,122.2965087890625,6.7477126121521,1036.1769264169998
2350.0,238.7929229736328,12.85634708404541,1036.5380180320062
2351.0,46.61118698120117,4.6093878746032715,1036.8385965600028
2352.0,284.41412353515625,9.698720932006836,1037.1337266290066
2353.0,166.94561767578125,7.985065937042236,1037.4232660230045
2354.0,138.11489868164062,7.771713733673096,1037.7599462640064
2355.0,66.03065490722656,5.102024078369141,1038.070382549995
2356.0,21.58916664123535,3.138249397277832,1038.3715574539965
2357.0,13.652791023254395,2.625345230102539,1038.6641222390026
2358.0,155.60435485839844,7.684751033782959,1038.9455489819957
2359.0,72.22444152832031,5.661931037902832,1039.2311117479985
2360.0,138.25611877441406,5.9289727210998535,1039.5186813000037
2361.0,20.20317268371582,2.9203274250030518,1039.8174795969971
2362.0,28.065092086791992,3.5250229835510254,1040.1044847760058
2363.0,63.916404724121094,5.417383670806885,1040.3866007420002
2364.0,59.49732208251953,4.301897048950195,1040.7001270159963
2365.0,28.172340393066406,3.7058842182159424,1041.0121670060034
2366.0,25.760156631469727,3.2977991104125977,1041.274390710998
2367.0,85.05944061279297,6.105408191680908,1041.5525241080031
2368.0,199.3791961669922,8.158529281616211,1041.8708325780026
2369.0,52.43624496459961,5.315742492675781,1042.1453089599963
2370.0,37.03054428100586,4.203869819641113,1042.454341649005
2371.0,572.1806030273438,15.251627922058105,1042.7413106010063
2372.0,100.14307403564453,6.279245376586914,1043.0407410790067
2373.0,32.11332702636719,3.8416550159454346,1043.318933817005
2374.0,188.0411376953125,7.920607089996338,1043.6273200139985
2375.0,58.544132232666016,5.595983982086182,1043.945761177005
2376.0,37.685237884521484,4.049807548522949,1044.2273481370066
2377.0,93.60957336425781,6.977004528045654,1044.5042293190054
2378.0,26.065746307373047,3.0312933921813965,1044.8046961070067
2379.0,65.80508422851562,5.769836902618408,1045.0892114960006
2380.0,60.49803161621094,5.862290382385254,1045.3643870100059
2381.0,49.59489440917969,4.798569679260254,1045.6656057679938
2382.0,281.3686218261719,10.562827110290527,1045.9672989530081
2383.0,98.23790740966797,5.987427234649658,1046.259875777003
2384.0,86.17216491699219,6.446537971496582,1046.5607298920077
2385.0,32.43446731567383,3.9517316818237305,1046.8313417460013
2386.0,78.23396301269531,5.571344375610352,1047.1307576819963
2387.0,37.65285873413086,3.9381439685821533,1047.4102506000054
2388.0,38.478126525878906,4.750682353973389,1047.6967669290025
2389.0,20.532554626464844,3.0202865600585938,1047.9914254680043
2390.0,42.818355560302734,4.084967136383057,1048.287281277997
2391.0,144.376708984375,6.596055507659912,1048.5474305749958
2392.0,44.75523376464844,4.398719310760498,1048.9423330970021
2393.0,17.35269546508789,2.559654951095581,1049.2814254849945
2394.0,121.12488555908203,6.370948314666748,1049.571440779997
2395.0,26.285043716430664,3.1958441734313965,1049.8916998519999
2396.0,152.58180236816406,6.774520397186279,1050.1762350079953
2397.0,56.06184768676758,4.855167865753174,1050.5311724430067
2398.0,72.12663269042969,4.764874458312988,1050.9187282089988
2399.0,107.86920928955078,6.028773307800293,1051.2537193140015
2400.0,47.16492462158203,4.617220878601074,1051.6160948970064
2401.0,17.433961868286133,2.971296787261963,1067.6258067690069
2402.0,99.83927917480469,8.56066608428955,1067.9493323110073
2403.0,59.84137725830078,5.83071231842041,1068.2311984650005
2404.0,37.15391540527344,3.5411641597747803,1068.5385783429956
2405.0,71.0656509399414,5.366337299346924,1068.858483885997
2406.0,25.061965942382812,3.356199026107788,1069.2314126970014
2407.0,307.2197265625,11.852097511291504,1069.516477623998
2408.0,42.627071380615234,4.130822658538818,1069.8457952379977
2409.0,91.04893493652344,6.0207390785217285,1070.1075982129987
2410.0,62.45621871948242,5.810129165649414,1070.428234542007
2411.0,52.54379653930664,4.828330993652344,1070.717362601994
2412.0,29.021697998046875,4.1475629806518555,1071.0525330300006
2413.0,61.45846939086914,5.495786666870117,1071.382033190006
2414.0,343.8434143066406,10.29779052734375,1071.7043827099988
2415.0,18.88583755493164,3.1809370517730713,1071.981646811997
2416.0,276.34765625,10.399455070495605,1072.2803049659997
2417.0,16.111080169677734,2.7969489097595215,1072.597645848
2418.0,27.614160537719727,4.018744945526123,1072.950507282003
2419.0,30.44771957397461,4.058545112609863,1073.2907170599938
2420.0,28.52996063232422,3.506067991256714,1073.624512912007
2421.0,35.65083694458008,3.77382493019104,1073.9362670260016
2422.0,46.367679595947266,4.610805034637451,1074.2530919660057
2423.0,29.275659561157227,3.9468746185302734,1074.5505793240009
2424.0,28.79047966003418,3.8437283039093018,1074.8177968259988
2425.0,43.97264862060547,4.902401447296143,1075.314874660995
2426.0,27.576969146728516,3.733529567718506,1075.6365154300001
2427.0,33.01372528076172,4.209904670715332,1076.0807590640034
2428.0,20.063188552856445,2.80088472366333,1076.398759196003
2429.0,37.50999069213867,4.2242431640625,1076.7095498190029
2430.0,297.0780029296875,10.735929489135742,1077.0228648159973
2431.0,16.87674331665039,2.8546526432037354,1077.3458387930004
2432.0,104.4900894165039,6.496423721313477,1077.639022286996
2433.0,37.39812088012695,5.3345947265625,1077.9541736990068
2434.0,60.86579513549805,5.64796257019043,1078.278793135003
2435.0,25.846824645996094,3.7236855030059814,1078.5571517960052
2436.0,14.786405563354492,2.69700026512146,1078.851494750008
2437.0,38.833595275878906,3.8350019454956055,1079.122857652008
2438.0,52.597190856933594,4.692722797393799,1079.4121745059965
2439.0,118.62499237060547,9.56822681427002,1079.7359746900038
2440.0,53.72983932495117,5.130261421203613,1080.0222146000015
2441.0,35.4254264831543,4.9859466552734375,1080.3093063760025
2442.0,45.75503158569336,4.746325969696045,1080.603243493999
2443.0,46.869895935058594,4.25123929977417,1080.900354640995
2444.0,19.283716201782227,2.864907741546631,1081.19420215
2445.0,63.71012878417969,5.235313892364502,1081.4999941340066
2446.0,15.434005737304688,2.794390916824341,1081.7978174470045
2447.0,79.51287078857422,4.567807674407959,1082.0821235400072
2448.0,29.143709182739258,3.946077585220337,1082.3603922809998
2449.0,18.43037223815918,3.545408010482788,1082.6326654180011
2450.0,17.273080825805664,3.032968759536743,1082.9048725890025
2451.0,47.948143005371094,4.723348140716553,1083.1974673910008
2452.0,11.191672325134277,2.4877889156341553,1083.4859437669948
2453.0,131.22128295898438,5.362411975860596,1083.7843397649995
2454.0,54.823394775390625,5.433414459228516,1084.071726686001
2455.0,56.58543014526367,4.946398735046387,1084.342119740002
2456.0,14.577588081359863,2.911236524581909,1084.631651172007
2457.0,188.6712188720703,6.767230987548828,1084.9015278459992
2458.0,17.820831298828125,2.9924473762512207,1085.1740984589997
2459.0,45.341339111328125,5.288196563720703,1085.4397701270063
2460.0,46.66917419433594,3.696134328842163,1085.6992619439989
2461.0,71.9244384765625,5.165410995483398,1086.0205346590083
2462.0,77.56149291992188,4.599627494812012,1086.3215585449943
2463.0,244.5467987060547,7.688209056854248,1086.5893542730046
2464.0,97.48991394042969,5.77031946182251,1086.8816299019963
2465.0,25.088294982910156,3.4132587909698486,1087.1703743560065
2466.0,45.69694900512695,4.235599517822266,1087.466229415004
2467.0,163.33778381347656,6.351570129394531,1087.7637823330006
2468.0,128.60238647460938,6.31630802154541,1088.0382253720018
2469.0,175.8780975341797,9.637617111206055,1088.3280491460027
2470.0,279.3726501464844,9.77391242980957,1088.645943149997
2471.0,56.51390075683594,3.9357917308807373,1088.936231654996
2472.0,191.5000762939453,6.245499610900879,1089.2323072709987
2473.0,130.1037139892578,6.22860860824585,1089.5332658410043
2474.0,54.243656158447266,3.5737271308898926,1089.8374768420035
2475.0,53.40095901489258,5.762730121612549,1090.1439453909989
2476.0,31.998538970947266,3.6881585121154785,1090.4499246790074
2477.0,64.13720703125,5.0607008934021,1090.7570139330055
2478.0,28.07260513305664,2.9977598190307617,1091.0341522829985
2479.0,98.1054458618164,5.9958882331848145,1091.3214356990065
2480.0,14.739946365356445,2.576176643371582,1091.6100577330071
2481.0,42.72223663330078,4.3043084144592285,1091.9374008489976
2482.0,14.897772789001465,2.9504690170288086,1092.2141043400043
2483.0,49.05721664428711,4.8767409324646,1092.4952505569963
2484.0,80.18516540527344,5.706632137298584,1092.858222847004
2485.0,94.20784759521484,5.6254801750183105,1093.1350106419995
2486.0,73.76081085205078,6.21766471862793,1093.4844116339955
2487.0,13.18350601196289,2.5292580127716064,1093.7960400400043
2488.0,45.89036560058594,4.076972961425781,1094.1764693489968
2489.0,19.248632431030273,3.1823244094848633,1094.4859028649953
2490.0,34.80095291137695,3.964632987976074,1094.7993952920078
2491.0,291.7134094238281,9.189492225646973,1095.0779618119996
2492.0,27.212797164916992,3.668933629989624,1095.3559900060063
2493.0,155.86387634277344,7.304783821105957,1095.6374964179995
2494.0,55.41928482055664,4.8984246253967285,1095.9350051130023
2495.0,41.527374267578125,4.0369133949279785,1096.2103506270068
2496.0,25.050464630126953,4.144266128540039,1096.4891933559993
2497.0,93.0731430053711,5.924851894378662,1096.7523570430058
2498.0,70.70075225830078,4.31990385055542,1097.0008054680075
2499.0,51.41926574707031,4.617053508758545,1097.296682221
2500.0,26.281789779663086,3.2301368713378906,1097.5780687310034
2501.0,63.49378967285156,5.47064733505249,1111.358861583998
2502.0,29.66701316833496,3.7586066722869873,1111.6459167790017
2503.0,81.54337310791016,6.242705345153809,1111.9380746600073
2504.0,55.0206413269043,5.827867031097412,1112.2306695760053
2505.0,118.56333923339844,6.632774829864502,1112.5330904970033
2506.0,36.904998779296875,3.7835776805877686,1112.8064142270014
2507.0,56.256710052490234,5.010587215423584,1113.130765533002
2508.0,14.89626693725586,2.636723518371582,1113.4331579029968
2509.0,27.234962463378906,3.638788938522339,1113.7098097190028
2510.0,85.0417709350586,4.836353302001953,1114.0107537559961
2511.0,235.7161407470703,9.712468147277832,1114.3507667899976
2512.0,23.775632858276367,3.5168168544769287,1114.6559236589965
2513.0,84.27758026123047,5.693239212036133,1114.9424447269994
2514.0,81.16718292236328,6.074328422546387,1115.2537500049948
2515.0,60.80501174926758,5.9601616859436035,1115.5400278960005
2516.0,161.68362426757812,8.784727096557617,1115.855030324994
2517.0,109.63316345214844,6.411996841430664,1116.1758406180015
2518.0,54.99081039428711,4.527871608734131,1116.443366135005
2519.0,191.54141235351562,7.041574001312256,1116.7395719009946
2520.0,22.099645614624023,3.072072982788086,1117.0321108200005
2521.0,56.333126068115234,4.218963623046875,1117.3217677399953
2522.0,63.45639419555664,4.417975902557373,1117.6098437280016
2523.0,85.87098693847656,5.501256465911865,1117.9033901280054
2524.0,42.6629524230957,3.9935221672058105,1118.1976960699976
2525.0,18.814159393310547,3.3246121406555176,1118.5486983930023
2526.0,377.2141418457031,12.595379829406738,1118.8618380130065
2527.0,16.75904655456543,2.8616907596588135,1119.1211059600028
2528.0,48.788780212402344,4.609920024871826,1119.413300494998
2529.0,74.08794403076172,6.1110639572143555,1119.743812300003
2530.0,74.2486572265625,5.577698230743408,1120.060221474996
2531.0,128.84161376953125,7.427060604095459,1120.3396487169957
2532.0,70.92001342773438,5.68281364440918,1120.6558946639998
2533.0,16.239118576049805,2.5758056640625,1121.0021373079944
2534.0,83.60517883300781,6.161890506744385,1121.3468536470027
2535.0,24.093425750732422,3.3595197200775146,1121.6240244570072
2536.0,63.59963607788086,4.590554237365723,1121.9690023599978
2537.0,39.72194290161133,3.7876627445220947,1122.2665630870033
2538.0,34.75529861450195,4.035452365875244,1122.6007085080055
2539.0,19.897075653076172,3.1870856285095215,1122.9274242009997
2540.0,48.82133483886719,5.071716785430908,1123.240938724004
2541.0,53.03157043457031,4.653602123260498,1123.5725565710018
2542.0,97.95987701416016,4.2548675537109375,1123.937181952002
2543.0,61.903106689453125,4.883582592010498,1124.2585602640029
2544.0,138.28005981445312,4.78803825378418,1124.5593054240016
2545.0,59.597137451171875,4.92525577545166,1124.8494900719961
2546.0,24.130107879638672,3.7224297523498535,1125.1223479519977
2547.0,110.641357421875,5.827574729919434,1125.483272590005
2548.0,65.64295959472656,6.884728908538818,1125.8512676630053
2549.0,11.511341094970703,2.126664638519287,1126.165387540008
2550.0,123.80278015136719,7.788705825805664,1126.4723314250004
2551.0,16.348464965820312,3.1580045223236084,1126.806681846996
2552.0,18.847320556640625,2.8304977416992188,1127.141788805995
2553.0,49.271217346191406,4.865362644195557,1127.4934753130074
2554.0,26.051036834716797,4.009749889373779,1127.7934130750073
2555.0,260.474853515625,9.63511848449707,1128.153740727008
2556.0,58.70333480834961,5.372720241546631,1128.4604740009963
2557.0,88.90421295166016,5.189488887786865,1128.773879157001
2558.0,73.85690307617188,4.828629970550537,1129.0621007199952
2559.0,117.91461944580078,5.951854228973389,1129.3511165170057
2560.0,21.32749366760254,2.83980393409729,1129.8012044119969
2561.0,29.15633201599121,3.7793498039245605,1130.093534137006
2562.0,30.66579818725586,3.8940324783325195,1130.3732280200056
2563.0,286.7793273925781,9.308666229248047,1130.663020781998
2564.0,18.146404266357422,3.0834052562713623,1130.9434191799955
2565.0,13.424593925476074,2.624401330947876,1131.2461358919973
2566.0,17.22015380859375,2.90317964553833,1131.536795730004
2567.0,35.920494079589844,4.376870155334473,1131.8314125930046
2568.0,27.08660125732422,3.684462785720825,1132.1365464219998
2569.0,282.07464599609375,11.054555892944336,1132.445775012995
2570.0,36.21421432495117,4.020205974578857,1132.761005790002
2571.0,178.6495819091797,7.742523193359375,1133.0751645099954
2572.0,34.2511100769043,4.5905938148498535,1133.3961076650012
2573.0,43.016719818115234,4.195688724517822,1133.7346554990072
2574.0,74.10258483886719,5.561369895935059,1134.039205581008
2575.0,39.87726974487305,4.6978535652160645,1134.3268632289983
2576.0,83.06318664550781,4.909981727600098,1134.6444270039938
2577.0,132.32192993164062,6.510666370391846,1134.9473020629957
2578.0,93.15167236328125,5.646511077880859,1135.2620234909991
2579.0,30.84873390197754,3.5972344875335693,1135.5545438599947
2580.0,21.98787498474121,3.3986265659332275,1135.8274476070073
2581.0,19.02503776550293,2.723872661590576,1136.116700144994
2582.0,40.40908432006836,3.676575183868408,1136.4337754449953
2583.0,43.879356384277344,4.417722225189209,1136.7159315629979
2584.0,102.7275390625,4.343649387359619,1137.008609847995
2585.0,78.16857147216797,5.176604270935059,1137.2836738839978
2586.0,118.80701446533203,6.139771461486816,1137.577373469001
2587.0,237.45401000976562,10.039188385009766,1137.8750472730026
2588.0,150.05760192871094,6.350649356842041,1138.176949436005
2589.0,12.617116928100586,2.583404541015625,1138.4776307499997
2590.0,17.719097137451172,3.0127127170562744,1138.7801448969985
2591.0,108.66802978515625,4.174896240234375,1139.0578139330028
2592.0,118.12076568603516,6.687507152557373,1139.3432416430005
2593.0,766.4165649414062,20.953716278076172,1139.6323896039976
2594.0,99.09919738769531,5.7317914962768555,1139.905470097001
2595.0,38.95042037963867,4.835162162780762,1140.1839073080046
2596.0,78.50810241699219,4.572513580322266,1140.4669317390071
2597.0,115.3492431640625,9.27871036529541,1140.7925082730071
2598.0,54.84575653076172,4.60118293762207,1141.0719908940082
2599.0,20.39089012145996,2.6910762786865234,1141.354125473008
2600.0,34.230499267578125,3.8850741386413574,1141.6678763999953
2601.0,30.065174102783203,3.306994915008545,1156.2531378319982
2602.0,43.729942321777344,3.9621996879577637,1156.5222426429973
2603.0,112.6457290649414,7.375896453857422,1156.8108496369969
2604.0,122.56783294677734,5.767055988311768,1157.121784752002
2605.0,44.27116394042969,4.389357566833496,1157.4288492939959
2606.0,35.89040756225586,3.9832253456115723,1157.7559038720065
2607.0,71.15543365478516,5.236423015594482,1158.055173064
2608.0,39.534507751464844,4.949668884277344,1158.3581454590021
2609.0,10.518614768981934,1.9594097137451172,1158.650424396008
2610.0,81.13018798828125,5.300528049468994,1158.9301662500075
2611.0,254.38833618164062,10.876587867736816,1159.2001255799987
2612.0,58.929080963134766,4.4288249015808105,1159.5159412810026
2613.0,95.06477355957031,4.706921100616455,1159.790191676002
2614.0,14.160924911499023,2.530102252960205,1160.0617804450012
2615.0,43.14918518066406,4.790903568267822,1160.339865589005
2616.0,98.22883605957031,6.226749897003174,1160.6264343640069
2617.0,27.098295211791992,3.3041913509368896,1160.9485578760068
2618.0,98.53337097167969,6.496173858642578,1161.2535231119982
2619.0,34.107017517089844,4.522875785827637,1161.524124019008
2620.0,37.679237365722656,3.979686975479126,1161.8377977549972
2621.0,79.96884155273438,7.0785112380981445,1162.1339388930064
2622.0,108.8488540649414,7.2624053955078125,1162.4305218030058
2623.0,27.43307876586914,3.638183116912842,1162.734222921994
2624.0,54.35344314575195,4.85987663269043,1163.049210074998
2625.0,60.29771423339844,4.868246555328369,1163.3142783420044
2626.0,44.652618408203125,4.841555118560791,1163.601228215004
2627.0,210.8312530517578,8.431429862976074,1163.8829538319987
2628.0,24.32126808166504,3.392970323562622,1164.1820101220073
2629.0,150.53990173339844,5.672154903411865,1164.4920219269989
2630.0,110.35002899169922,6.717343807220459,1164.7751032969973
2631.0,76.18341064453125,5.409587383270264,1165.055145172999
2632.0,23.37318229675293,3.172981023788452,1165.344690664002
2633.0,80.26971435546875,6.727779388427734,1165.6379509270046
2634.0,87.81951141357422,5.291244983673096,1165.919585487005
2635.0,18.407644271850586,2.9397389888763428,1166.1950358449976
2636.0,48.87351608276367,4.3886895179748535,1166.489938365994
2637.0,127.77893829345703,6.108673572540283,1166.8474514880072
2638.0,86.5730972290039,5.0087504386901855,1167.1685031550005
2639.0,43.27951431274414,4.769515037536621,1167.4330541550007
2640.0,33.972991943359375,4.292058944702148,1167.7109627099999
2641.0,395.0577087402344,10.420120239257812,1167.9896940680046
2642.0,11.687483787536621,2.3757152557373047,1168.2853825369966
2643.0,14.010482788085938,2.480740547180176,1168.553123257996
2644.0,11.645088195800781,2.414832353591919,1168.8196102270012
2645.0,26.432514190673828,3.5386250019073486,1169.1161875590042
2646.0,32.63217544555664,3.243133306503296,1169.4296453720017
2647.0,52.96129608154297,4.3893914222717285,1169.7202458240063
2648.0,130.9436492919922,5.3357977867126465,1170.0562315580028
2649.0,97.7420883178711,5.198185443878174,1170.3427946300071
2650.0,11.115345001220703,2.1186978816986084,1170.647824707994
2651.0,39.88534927368164,3.7928988933563232,1170.921486866995
2652.0,28.83159828186035,3.7600371837615967,1171.2073189549992
2653.0,18.65367889404297,3.1178476810455322,1171.5151286470063
2654.0,91.20237731933594,5.387878894805908,1171.805163911995
2655.0,28.34101676940918,3.189619541168213,1172.0760011600069
2656.0,34.169525146484375,4.936537742614746,1172.3735926039953
2657.0,30.16639518737793,3.8987250328063965,1172.6529825619946
2658.0,35.29400634765625,3.137441635131836,1172.964876173006
2659.0,23.073688507080078,3.191265821456909,1173.251746762995
2660.0,23.463077545166016,3.1519975662231445,1173.5274661860021
2661.0,126.73188781738281,5.930850505828857,1173.8212331950053
2662.0,45.755496978759766,4.499556064605713,1174.1279675069964
2663.0,120.72664642333984,7.8600263595581055,1174.4525743810082
2664.0,34.604408264160156,4.332167625427246,1174.7487216339941
2665.0,48.3625373840332,5.1633710861206055,1175.079591197995
2666.0,28.6097412109375,4.314923286437988,1175.3801053460047
2667.0,31.141164779663086,3.4862682819366455,1175.739434411007
2668.0,46.89681625366211,4.953176021575928,1176.0938444030035
2669.0,27.35577392578125,3.2630302906036377,1176.3921430470073
2670.0,88.9310302734375,5.64772891998291,1176.699375726006
2671.0,55.81666946411133,4.630435943603516,1176.9785951569938
2672.0,112.53658294677734,7.208808898925781,1177.3158613859996
2673.0,81.43714904785156,6.995668888092041,1177.6802831620007
2674.0,109.94527435302734,6.490879058837891,1177.9844289169996
2675.0,29.32143783569336,3.8039050102233887,1178.2901181390043
2676.0,165.92526245117188,6.525684833526611,1178.7342594649963
2677.0,156.26319885253906,7.122535705566406,1179.0711489910027
2678.0,44.02456283569336,4.082316875457764,1179.416159194996
2679.0,14.91666030883789,2.532991409301758,1179.7619406230078
2680.0,73.16250610351562,5.559009075164795,1180.0905621150014
2681.0,50.04903793334961,4.470261573791504,1180.4462519210065
2682.0,87.64683532714844,6.039513111114502,1180.7732691950077
2683.0,68.648193359375,5.798654079437256,1181.1200728469994
2684.0,39.4991340637207,4.969664573669434,1181.531521240002
2685.0,34.96884536743164,4.408360004425049,1181.8467119700072
2686.0,35.49612045288086,3.9396181106567383,1182.2147288499982
2687.0,21.76881217956543,3.3589112758636475,1182.6218996530079
2688.0,207.45069885253906,8.776412010192871,1182.9549563220062
2689.0,119.46266174316406,6.80457878112793,1183.3350028679997
2690.0,21.822284698486328,3.3817238807678223,1183.6942129620002
2691.0,20.34507942199707,3.4229612350463867,1183.9515176849964
2692.0,51.49998092651367,4.429374694824219,1184.2122736460005
2693.0,16.10685920715332,2.7415127754211426,1184.4805113729963
2694.0,121.75271606445312,7.046209812164307,1184.7759638879943
2695.0,82.4432601928711,6.280918598175049,1185.0618929949997
2696.0,7.428579330444336,1.735719084739685,1185.3656597700028
2697.0,115.98979949951172,6.220715522766113,1185.6653147280012
2698.0,35.706058502197266,4.4157843589782715,1185.9775055049977
2699.0,13.764806747436523,2.3764970302581787,1186.2559882280038
2700.0,114.64239501953125,7.58152437210083,1186.5323736910068
2701.0,290.60821533203125,13.337467193603516,1200.8672259480081
2702.0,226.31919860839844,7.777584075927734,1201.158278953997
2703.0,382.93096923828125,12.805000305175781,1201.4368393159966
2704.0,21.723108291625977,3.016883134841919,1201.745896665001
2705.0,62.96311569213867,5.04537296295166,1202.0576419270074
2706.0,25.605451583862305,3.133939027786255,1202.349359889995
2707.0,24.146533966064453,3.08048677444458,1202.645646992998
2708.0,80.78263092041016,6.388631343841553,1202.932856075
2709.0,59.180580139160156,4.807886600494385,1203.2266575740068
2710.0,41.49174118041992,3.718620538711548,1203.507956432004
2711.0,58.087440490722656,5.412610054016113,1203.8752462060074
2712.0,46.8879280090332,4.358428478240967,1204.1779764920066
2713.0,61.975101470947266,4.819627285003662,1204.4619306509994
2714.0,32.63751220703125,4.342457294464111,1204.7612738799944
2715.0,79.08465576171875,4.947279453277588,1205.085828330004
2716.0,208.99134826660156,7.59187650680542,1205.4115210059972
2717.0,107.11174774169922,6.985164642333984,1205.6903205630078
2718.0,319.6362609863281,11.705729484558105,1205.9754524570017
2719.0,26.915218353271484,4.02116060256958,1206.2586067369994
2720.0,39.85559844970703,4.7208733558654785,1206.5294877889974
2721.0,52.617156982421875,5.612105369567871,1206.818096324001
2722.0,64.57372283935547,5.660148620605469,1207.1060448159988
2723.0,93.243896484375,7.1275434494018555,1207.405342967002
2724.0,57.344722747802734,5.498912334442139,1207.7038390789967
2725.0,46.928810119628906,4.273805618286133,1208.0021435990056
2726.0,35.537899017333984,4.5298686027526855,1208.2753481170075
2727.0,288.55169677734375,8.755640983581543,1208.5618543330056
2728.0,22.256114959716797,2.9847652912139893,1208.8389314319938
2729.0,30.67106819152832,3.7204346656799316,1209.1232446020003
2730.0,30.773521423339844,3.855234384536743,1209.401668942999
2731.0,91.93055725097656,5.504095077514648,1209.6887428759946
2732.0,75.87754821777344,4.677519798278809,1209.983481821997
2733.0,78.37545776367188,6.394828796386719,1210.2668631270062
2734.0,42.46733856201172,3.5506374835968018,1210.5535940130067
2735.0,121.51152801513672,6.273771286010742,1210.8443580909952
2736.0,35.028480529785156,3.2842118740081787,1211.1421482919977
2737.0,62.326751708984375,5.380971908569336,1211.425818136995
2738.0,24.184858322143555,3.481832504272461,1211.6960749400023
2739.0,140.56752014160156,6.858162879943848,1211.9939275840006
2740.0,120.44026184082031,6.572301387786865,1212.283193131996
2741.0,94.24752807617188,5.976558685302734,1212.557055281999
2742.0,36.233707427978516,3.651542901992798,1212.8436346630042
2743.0,30.069889068603516,3.6724345684051514,1213.120281962998
2744.0,66.79557037353516,4.286336898803711,1213.389261328004
2745.0,48.965213775634766,3.9715237617492676,1213.6536614780052
2746.0,32.310874938964844,4.283479690551758,1213.916209299001
2747.0,55.22664260864258,5.32906436920166,1214.2105966100062
2748.0,14.219837188720703,2.5465917587280273,1214.5053202209965
2749.0,26.232257843017578,3.6485202312469482,1214.8011983260076
2750.0,32.113258361816406,4.0303754806518555,1215.1086873140011
2751.0,66.60769653320312,4.590648651123047,1215.367313580995
2752.0,20.81072235107422,2.981984853744507,1215.6486889299995
2753.0,33.61968231201172,4.347080707550049,1215.9253341120057
2754.0,18.64512825012207,2.876934051513672,1216.1976572340063
2755.0,81.07601165771484,5.738687992095947,1216.491945169997
2756.0,117.97543334960938,6.775227069854736,1216.7723156800057
2757.0,28.689971923828125,3.3712077140808105,1217.0520337439957
2758.0,16.102935791015625,2.794781446456909,1217.3314696970046
2759.0,101.28890228271484,8.589679718017578,1217.6142929769994
2760.0,76.91340637207031,6.480911731719971,1217.9243289129954
2761.0,37.28700256347656,3.8592429161071777,1218.212018064005
2762.0,141.8354034423828,7.798330307006836,1218.514429596995
2763.0,9.586243629455566,1.9613643884658813,1218.8055188730068
2764.0,289.93121337890625,9.45463752746582,1219.0737088580063
2765.0,44.46943283081055,4.3462653160095215,1219.358713351001
2766.0,82.07109069824219,6.599428653717041,1219.6552030379971
2767.0,238.50552368164062,8.529448509216309,1219.9563494049944
2768.0,84.4178695678711,4.621825218200684,1220.2289174860052
2769.0,13.148789405822754,2.655820369720459,1220.5197719489952
2770.0,43.26125717163086,4.140273571014404,1220.792099680999
2771.0,171.2019805908203,7.324438095092773,1221.097119276994
2772.0,55.33099365234375,5.145625114440918,1221.4129831879982
2773.0,49.71971130371094,4.241351127624512,1221.7009350800072
2774.0,30.770954132080078,2.935166358947754,1221.9839551970072
2775.0,33.31395721435547,3.9465394020080566,1222.3004728090018
2776.0,48.211212158203125,4.6734299659729,1222.5809117099998
2777.0,16.72954750061035,2.9954726696014404,1222.8602028500027
2778.0,54.406097412109375,4.415477752685547,1223.1732956820051
2779.0,15.042080879211426,2.6805694103240967,1223.4675995809957
2780.0,422.6221923828125,12.768868446350098,1223.7675189639995
2781.0,15.11428451538086,2.646245241165161,1224.0488926420076
2782.0,21.34454917907715,2.9353668689727783,1224.3455769879947
2783.0,16.773149490356445,2.9168500900268555,1224.6316742369963
2784.0,85.41657257080078,5.2447004318237305,1224.9410000740027
2785.0,90.7015380859375,5.625110626220703,1225.2358789400023
2786.0,164.48513793945312,7.334039211273193,1225.5288013639947
2787.0,31.51011848449707,4.068535804748535,1225.842124324001
2788.0,50.236820220947266,4.925144195556641,1226.1279697760037
2789.0,33.738590240478516,4.202449798583984,1226.401369900006
2790.0,34.16078567504883,3.9447405338287354,1226.696982524998
2791.0,47.408870697021484,4.633659839630127,1227.0128573170077
2792.0,18.266401290893555,3.014817237854004,1227.304257227006
2793.0,138.19004821777344,8.60405445098877,1227.5808922319993
2794.0,40.178306579589844,4.634708881378174,1227.8509534400073
2795.0,17.13863754272461,2.917186737060547,1228.1149763680005
2796.0,55.5466194152832,5.269068241119385,1228.3853465569991
2797.0,308.5574645996094,11.147130012512207,1228.6762326169992
2798.0,19.68589973449707,2.9359657764434814,1228.9599202950048
2799.0,89.49024200439453,5.286602973937988,1229.2374404590082
2800.0,80.2486572265625,5.393529891967773,1229.5368487520027
2801.0,81.00084686279297,6.815048694610596,1243.3731696930045
2802.0,46.92313003540039,4.076046943664551,1243.688251116997
2803.0,273.13763427734375,8.870101928710938,1243.9828849400074
2804.0,54.2537956237793,5.2525458335876465,1244.2449662220024
2805.0,18.15286636352539,2.8822953701019287,1244.589173815999
2806.0,30.121870040893555,3.9113929271698,1244.8784725330042
2807.0,46.780242919921875,4.801141738891602,1245.1432922759996
2808.0,151.18927001953125,7.739173889160156,1245.4435921969998
2809.0,21.318084716796875,3.3258399963378906,1245.750972858994
2810.0,418.26959228515625,14.033732414245605,1246.0415995850053
2811.0,29.71371078491211,4.143466472625732,1246.3103900669958
2812.0,19.214130401611328,3.1362357139587402,1246.590782255007
2813.0,33.127967834472656,4.493771076202393,1246.867729331003
2814.0,111.6327896118164,6.769888877868652,1247.1951624560024
2815.0,76.92796325683594,5.385136604309082,1247.5155801939982
2816.0,76.37763214111328,5.594443321228027,1247.8616457610042
2817.0,99.83643341064453,6.682816505432129,1248.1382293680072
2818.0,282.1358947753906,10.55066204071045,1248.4539122870046
2819.0,58.48152160644531,4.628677845001221,1248.823163891997
2820.0,87.62272644042969,6.505549907684326,1249.1721001469996
2821.0,52.5115966796875,4.165793418884277,1249.480281561002
2822.0,44.982704162597656,4.803500175476074,1249.7608111739974
2823.0,147.169189453125,5.304560661315918,1250.0498714029964
2824.0,24.626249313354492,3.69287371635437,1250.3770434100006
2825.0,22.807334899902344,2.985278844833374,1250.7022070429957
2826.0,102.44326782226562,5.237552165985107,1250.9960724690027
2827.0,168.10504150390625,7.5714592933654785,1251.2822361309954
2828.0,87.65848541259766,5.889687538146973,1251.5589385820058
2829.0,15.23580551147461,2.510465621948242,1251.8313686689944
2830.0,87.55364227294922,6.461645126342773,1252.1111093770014
2831.0,22.590953826904297,3.4923863410949707,1252.4468286150077
2832.0,39.00046157836914,4.313816070556641,1252.7570389360044
2833.0,31.327987670898438,3.6423141956329346,1253.0651139349939
2834.0,52.77150344848633,4.068094253540039,1253.3442230960063
2835.0,51.976627349853516,5.785520553588867,1253.622992413002
2836.0,22.258411407470703,3.4687557220458984,1253.9770098699955
2837.0,41.38526916503906,4.411316394805908,1254.3492856140074
2838.0,66.29087829589844,3.3564846515655518,1254.7856754170061
2839.0,47.29151153564453,5.004743576049805,1255.101054726998
2840.0,64.50853729248047,4.906885623931885,1255.3886425399978
2841.0,55.94096374511719,5.1706929206848145,1255.6834505809966
2842.0,43.95768737792969,3.8565783500671387,1256.042347308001
2843.0,97.80290985107422,5.526259422302246,1256.4085058399942
2844.0,97.53208923339844,5.456567764282227,1259.6706735089974
2845.0,36.76377868652344,4.268932819366455,1260.0409612359945
2846.0,102.53729248046875,6.776767730712891,1260.4097651379998
2847.0,137.56642150878906,7.153010368347168,1260.7013071580004
2848.0,18.938236236572266,2.6544594764709473,1260.9504373920063
2849.0,91.8623275756836,5.440840721130371,1261.2618382530054
2850.0,75.83633422851562,5.449576377868652,1261.6003909230058
2851.0,223.93930053710938,7.7842116355896,1261.9408115929982
2852.0,93.89033508300781,6.937013149261475,1262.2212169840059
2853.0,38.492549896240234,5.744636058807373,1262.5129477190058
2854.0,46.30769729614258,4.84432315826416,1262.8725156529981
2855.0,12.459891319274902,2.697415828704834,1263.1642443419987
2856.0,14.86123275756836,2.509493112564087,1263.4651291750051
2857.0,60.76036834716797,5.562976837158203,1263.8535352659965
2858.0,162.90347290039062,6.110370635986328,1264.1850985649944
2859.0,145.35635375976562,6.763504505157471,1264.4675781039987
2860.0,87.20735931396484,7.127936363220215,1264.780570721996
2861.0,63.13418197631836,5.205718994140625,1265.1168032309943
2862.0,34.15505599975586,3.882835865020752,1265.3893123110029
2863.0,48.07367706298828,4.324109077453613,1265.682539832007
2864.0,37.49848937988281,3.990670680999756,1265.9630196320068
2865.0,66.75175476074219,5.612114906311035,1266.2817131119955
2866.0,13.17330265045166,2.586435079574585,1266.5528289420035
2867.0,11.514453887939453,2.325937509536743,1266.821149056006
2868.0,78.00762176513672,5.268895626068115,1267.1022682119947
2869.0,28.725669860839844,3.0734190940856934,1267.3812698580005
2870.0,34.37581253051758,4.397257328033447,1267.671715687
2871.0,77.29109191894531,5.487417697906494,1267.9644811790058
2872.0,16.125164031982422,2.922771453857422,1268.270986553005
2873.0,32.61143493652344,4.383783340454102,1268.6189963039942
2874.0,33.635833740234375,4.039031982421875,1268.912177803999
2875.0,29.55048942565918,4.038609027862549,1269.1936106280045
2876.0,64.37850189208984,4.764740943908691,1269.4993938679982
2877.0,18.562665939331055,2.8779826164245605,1269.7924306509958
2878.0,28.9483585357666,3.844114303588867,1270.103670026001
2879.0,58.93732833862305,4.577923774719238,1270.384655613001
2880.0,35.0135498046875,4.077188491821289,1270.6669866769953
2881.0,101.96478271484375,4.978090286254883,1270.9345170260058
2882.0,72.5941162109375,4.619715213775635,1271.2293873710005
2883.0,20.336013793945312,3.4710640907287598,1271.5958045389998
2884.0,25.211183547973633,3.2589237689971924,1271.9143354940024
2885.0,68.28972625732422,4.464005947113037,1272.2087747540063
2886.0,44.19622802734375,4.991878032684326,1272.5023223110038
2887.0,42.575439453125,4.443375110626221,1272.7890175089997
2888.0,123.61455535888672,7.165676593780518,1273.0625193729938
2889.0,27.653291702270508,3.5768909454345703,1273.3344514030032
2890.0,68.69386291503906,4.815164089202881,1273.6128452470002
2891.0,42.6130256652832,4.11372184753418,1273.9073184839945
2892.0,44.67121124267578,3.8290913105010986,1274.1876734029938
2893.0,18.889371871948242,2.6080374717712402,1274.4902971200063
2894.0,47.70217514038086,5.081643104553223,1274.7773603259993
2895.0,103.36426544189453,7.527429103851318,1275.0670944960002
2896.0,98.04730987548828,5.551321029663086,1275.3738194570033
2897.0,31.899152755737305,3.7581820487976074,1275.669053493999
2898.0,22.533248901367188,3.644453287124634,1275.9427712059987
2899.0,332.7051696777344,11.018261909484863,1276.2339721989993
2900.0,13.771921157836914,2.6065967082977295,1276.5149901770055
2901.0,47.28297424316406,4.404394626617432,1290.7225558469945
2902.0,436.9817810058594,13.41675090789795,1291.0209043460054
2903.0,43.21622085571289,4.471762180328369,1291.3261623650033
2904.0,73.181396484375,5.843729496002197,1291.6098892709997
2905.0,64.25155639648438,5.083800315856934,1291.8900138269964
2906.0,50.42384338378906,3.7962498664855957,1292.1746442830045
2907.0,21.272321701049805,3.1161112785339355,1292.441995938003
2908.0,214.00912475585938,8.932784080505371,1292.723417333007
2909.0,37.95600891113281,3.549623489379883,1292.9879638840066
2910.0,49.787147521972656,4.053694725036621,1293.279046783995
2911.0,50.939579010009766,5.097916126251221,1293.5768026440055
2912.0,24.542573928833008,3.40844464302063,1293.862458454998
2913.0,28.758655548095703,3.9011030197143555,1294.1409213379957
2914.0,35.047279357910156,4.083296298980713,1294.4238353969995
2915.0,70.94551086425781,5.464010715484619,1294.7192118789972
2916.0,164.4997100830078,6.560338020324707,1295.032613037998
2917.0,24.82635498046875,3.2742106914520264,1295.314654953996
2918.0,57.040462493896484,4.987632751464844,1295.5857788800058
2919.0,37.111515045166016,3.6603758335113525,1295.8561780229938
2920.0,129.72848510742188,6.326122283935547,1296.1113823100022
2921.0,171.0047607421875,6.752456188201904,1296.3933027400053
2922.0,14.936457633972168,2.719968795776367,1296.690386953007
2923.0,15.899218559265137,2.8328745365142822,1296.971702862007
2924.0,28.614456176757812,3.834705114364624,1297.232828125998
2925.0,59.63541030883789,4.802883625030518,1297.5357337970054
2926.0,41.569602966308594,3.735175132751465,1297.8468099750025
2927.0,22.505775451660156,3.0617117881774902,1298.1473823889974
2928.0,36.16560363769531,4.08950662612915,1298.4426736390014
2929.0,66.18614959716797,7.431223392486572,1298.7131190210057
2930.0,80.03797149658203,3.886768341064453,1299.010054665996
2931.0,378.96112060546875,13.944958686828613,1299.2999627560057
2932.0,27.815475463867188,4.294022560119629,1299.5783610350045
2933.0,72.85672760009766,4.496410369873047,1299.866536513
2934.0,28.641427993774414,3.7897868156433105,1300.1416615380003
2935.0,48.33415985107422,3.752824068069458,1300.4105487240013
2936.0,117.94229125976562,6.042654037475586,1300.706160176007
2937.0,104.45579528808594,5.901932239532471,1300.989174649003
2938.0,32.397151947021484,4.37024450302124,1301.3066517469997
2939.0,51.76678466796875,5.271265983581543,1301.6040341540065
2940.0,98.46607971191406,7.522230625152588,1301.8799007509951
2941.0,17.83177947998047,2.903184652328491,1302.1583443450072
2942.0,30.33033561706543,3.593526601791382,1302.4692507709988
2943.0,58.78779220581055,4.929841995239258,1302.7425647729979
2944.0,51.31787109375,4.847808361053467,1303.025976578996
2945.0,45.54441452026367,4.349581241607666,1303.304244013998
2946.0,12.237443923950195,2.3736233711242676,1303.5751241959952
2947.0,31.69413948059082,4.283093452453613,1303.8655972319975
2948.0,14.509764671325684,2.635148048400879,1304.1544112940028
2949.0,137.24313354492188,6.1192522048950195,1304.4495438650047
2950.0,153.4871368408203,6.535508632659912,1304.7342756430007
2951.0,117.64363098144531,6.463637828826904,1305.0157707540056
2952.0,82.90906524658203,4.6752190589904785,1305.2904996279976
2953.0,118.40533447265625,6.416225433349609,1305.5817059649999
2954.0,25.253620147705078,3.5038018226623535,1305.9112320459972
2955.0,25.492084503173828,3.181713104248047,1306.204599589997
2956.0,112.42635345458984,6.633886337280273,1306.955597608001
2957.0,143.7294921875,7.8164167404174805,1308.9297976950038
2958.0,31.897390365600586,4.465324401855469,1309.7413566769974
2959.0,57.810123443603516,6.007740497589111,1310.1749414060032
2960.0,50.61728286743164,5.16264533996582,1310.4686954909994
2961.0,241.2049102783203,9.873907089233398,1310.7937592200033
2962.0,77.59774017333984,6.74202823638916,1311.152112515003
2963.0,38.13102340698242,4.026952266693115,1311.5118858360074
2964.0,33.812217712402344,4.835570812225342,1311.935102303003
2965.0,102.39891815185547,6.017420291900635,1312.2971739110071
2966.0,21.928281784057617,2.889291763305664,1312.6708283820044
2967.0,37.190284729003906,4.101796627044678,1312.9879024319962
2968.0,30.199913024902344,3.6799569129943848,1313.312847231995
2969.0,74.01374816894531,5.768619060516357,1313.6058451370045
2970.0,123.09860229492188,6.143089294433594,1313.9210274149955
2971.0,68.90283203125,5.288536071777344,1314.2126828689943
2972.0,84.1515884399414,6.349142074584961,1314.4931089400052
2973.0,20.77509117126465,3.755420684814453,1314.816662215002
2974.0,72.37885284423828,6.15645170211792,1315.1016037429945
2975.0,55.893341064453125,4.582225799560547,1315.3343406610074
2976.0,23.10846519470215,3.7015891075134277,1315.6273436439951
2977.0,13.110739707946777,2.7315025329589844,1315.9744489800069
2978.0,202.4297637939453,6.567476749420166,1316.2870246069942
2979.0,114.80511474609375,5.483508586883545,1316.5725155920081
2980.0,200.783935546875,7.100568771362305,1316.8577855839976
2981.0,41.649017333984375,4.717734336853027,1317.1180228659941
2982.0,10.612618446350098,2.0978450775146484,1317.4372630340076
2983.0,213.33111572265625,9.248983383178711,1317.7204196120001
2984.0,74.26061248779297,6.157365798950195,1318.0146539410052
2985.0,16.744550704956055,2.5325284004211426,1318.3302876170055
2986.0,95.81610870361328,6.792980194091797,1318.6288744740013
2987.0,87.8870849609375,5.560206890106201,1318.946933159008
2988.0,28.225622177124023,3.236518621444702,1319.2374089520017
2989.0,159.46343994140625,8.086553573608398,1319.5151482780057
2990.0,26.21295738220215,4.0542778968811035,1319.816355864008
2991.0,38.563331604003906,3.859677791595459,1320.1135712219984
2992.0,27.13003921508789,3.775169610977173,1320.4050562449993
2993.0,47.72386932373047,4.922268867492676,1320.696991068995
2994.0,537.5996704101562,11.924455642700195,1321.0119905519969
2995.0,75.31934356689453,6.505721569061279,1321.2942844649951
2996.0,104.11136627197266,6.78963041305542,1321.609783937005
2997.0,218.91744995117188,8.56869888305664,1321.8946739509993
2998.0,34.165164947509766,4.012584686279297,1322.1974050110002
2999.0,14.074054718017578,2.4793546199798584,1322.480140683998
3000.0,34.98752212524414,3.293839931488037,1322.770679602996
3001.0,62.37678527832031,4.724765777587891,1336.5771209270024
3002.0,18.427303314208984,3.172180652618408,1336.870028460995
3003.0,27.271499633789062,3.628613233566284,1337.1317675610044
3004.0,49.12684631347656,4.655590057373047,1337.4343827389966
3005.0,68.50120544433594,4.9691267013549805,1337.7119986290054
3006.0,34.90773391723633,3.2754650115966797,1337.9958071239962
3007.0,14.557516098022461,2.9224274158477783,1338.2711611999985
3008.0,88.5427017211914,6.104274749755859,1338.5562758209999
3009.0,65.28968048095703,5.59584379196167,1338.8357313349989
3010.0,22.824909210205078,3.182871103286743,1339.1402047419979
3011.0,66.03734588623047,5.007834434509277,1339.418755945997
3012.0,35.164791107177734,4.43663215637207,1339.706343234997
3013.0,12.21324348449707,2.5180351734161377,1339.9702567019995
3014.0,65.1608657836914,5.109079360961914,1340.2489483829995
3015.0,153.53086853027344,6.946230411529541,1340.5466596089973
3016.0,29.28788185119629,2.9037108421325684,1340.8679692440055
3017.0,26.77056121826172,3.809735059738159,1341.1424768680008
3018.0,26.963720321655273,3.334134340286255,1341.4382565739943
3019.0,34.34771728515625,4.223140716552734,1341.7657479699992
3020.0,14.032295227050781,2.1991279125213623,1342.0383348790056
3021.0,168.9875030517578,8.462726593017578,1342.327903212994
3022.0,45.119110107421875,3.9138832092285156,1342.6388622780069
3023.0,191.40005493164062,9.92040729522705,1342.9017977320036
3024.0,124.06700897216797,6.369785785675049,1343.185931176995
3025.0,42.79656219482422,4.361893653869629,1343.449777560003
3026.0,98.4085693359375,5.534486293792725,1343.746469773003
3027.0,27.02996826171875,2.7891643047332764,1344.0385232889967
3028.0,62.43534851074219,4.969195365905762,1344.314265588997
3029.0,125.28453063964844,6.321999549865723,1344.6157945629966
3030.0,75.1216812133789,5.9217119216918945,1344.8927524610044
3031.0,50.326072692871094,5.496942520141602,1345.1809901070083
3032.0,125.697998046875,7.020892143249512,1345.4672060989978
3033.0,55.20534133911133,5.708468914031982,1345.7648435640003
3034.0,135.06158447265625,5.935823917388916,1346.0672729609942
3035.0,16.440202713012695,2.485508441925049,1346.376004071004
3036.0,77.38713073730469,4.745002746582031,1346.6643223139981
3037.0,56.645233154296875,4.762109279632568,1346.9694370259967
3038.0,28.121814727783203,3.7357475757598877,1347.2438101320004
3039.0,21.45895767211914,3.310039758682251,1347.5156917010027
3040.0,72.71663665771484,6.661411762237549,1347.7855492980016
3041.0,36.443565368652344,3.5955355167388916,1348.083426281999
3042.0,46.29188919067383,4.2045392990112305,1348.3548073200072
3043.0,89.06317901611328,5.237466812133789,1348.6204313420021
3044.0,35.66343307495117,4.342868328094482,1348.8923860789946
3045.0,40.789451599121094,4.239407062530518,1349.1855114089994
3046.0,34.0787239074707,3.9851133823394775,1349.500683626
3047.0,9.163782119750977,2.0791916847229004,1349.787659841997
3048.0,15.271636009216309,2.7660858631134033,1350.0747718939965
3049.0,39.43130874633789,4.894524097442627,1350.3790802250005
3050.0,53.04865264892578,4.706479072570801,1350.6488481080014
3051.0,48.42050552368164,4.730199337005615,1350.9391560649965
3052.0,16.67037582397461,3.0442349910736084,1351.217041951997
3053.0,38.944541931152344,3.984598398208618,1351.490847106994
3054.0,39.55520248413086,3.8253889083862305,1351.789476564998
3055.0,93.45928955078125,5.139358997344971,1352.087890308001
3056.0,13.788593292236328,2.4619617462158203,1352.3763104149984
3057.0,222.1840057373047,8.2637357711792,1352.662967886994
3058.0,10.073593139648438,2.0488650798797607,1352.9521779299976
3059.0,46.63018798828125,4.649844646453857,1353.228697743005
3060.0,305.6213073730469,10.142080307006836,1353.5050528669963
3061.0,34.26822280883789,4.229607105255127,1353.7994608760055
3062.0,31.67203712463379,3.2929813861846924,1354.101754977004
3063.0,93.98322296142578,4.726462364196777,1354.3951999959972
3064.0,104.80680084228516,5.82399845123291,1354.679668665005
3065.0,79.22651672363281,5.848481178283691,1354.9901752839942
3066.0,43.66136169433594,4.0586161613464355,1355.2811574490042
3067.0,16.456663131713867,2.9592602252960205,1355.5560129890073
3068.0,68.69377899169922,4.578791618347168,1355.8339768790029
3069.0,31.13391876220703,4.013123035430908,1356.1231413149944
3070.0,101.10413360595703,6.815536975860596,1356.4261149649974
3071.0,51.1597900390625,5.767739772796631,1356.724676539001
3072.0,14.50898265838623,2.3061373233795166,1357.0079057090043
3073.0,137.8843536376953,6.869559288024902,1357.2963511919952
3074.0,18.03023338317871,3.115793466567993,1357.5905602590065
3075.0,67.4943618774414,5.243135929107666,1357.8692750820046
3076.0,41.396507263183594,3.7610535621643066,1358.1699863819958
3077.0,46.432464599609375,4.459074974060059,1358.4433554949937
3078.0,135.63987731933594,9.869471549987793,1358.7129183939978
3079.0,70.31184387207031,4.706942081451416,1359.0108679330006
3080.0,66.2512435913086,5.295289516448975,1359.3075683540083
3081.0,39.27568435668945,4.242863655090332,1359.5727249250049
3082.0,125.42110443115234,7.4162983894348145,1359.8487135019968
3083.0,213.9274444580078,8.759336471557617,1360.1460658959986
3084.0,16.063610076904297,2.560608386993408,1360.432742377001
3085.0,289.509033203125,9.997062683105469,1360.7080521690077
3086.0,13.84566593170166,2.54571795463562,1361.008914156002
3087.0,43.545310974121094,4.002251625061035,1361.3073685099953
3088.0,22.12448501586914,3.700345516204834,1361.6069721100066
3089.0,23.271848678588867,3.8908777236938477,1361.9217155140068
3090.0,9.926422119140625,2.127929449081421,1362.191011117
3091.0,51.53948211669922,4.662758827209473,1362.4604319000064
3092.0,41.15421676635742,3.8959226608276367,1362.732284697995
3093.0,28.084909439086914,4.1967973709106445,1363.028041195008
3094.0,19.580411911010742,3.179506301879883,1363.3121906680026
3095.0,329.23052978515625,7.5995306968688965,1363.5975059259945
3096.0,77.08697509765625,4.739862442016602,1363.8796029020014
3097.0,84.9216079711914,4.213228225708008,1364.200432771002
3098.0,94.35147857666016,5.640233516693115,1364.504527393001
3099.0,81.29402160644531,5.38099479675293,1364.778470891004
3100.0,20.17560577392578,2.8468880653381348,1365.0485197730013
3101.0,21.41117286682129,3.2290568351745605,1385.2265518460044
3102.0,33.446434020996094,3.3716466426849365,1385.5796590780083
3103.0,31.33119010925293,4.2100300788879395,1385.874527752996
3104.0,58.61014938354492,4.965752601623535,1386.1653897799988
3105.0,39.39739990234375,3.9548823833465576,1386.4752041930042
3106.0,17.28114128112793,3.103611946105957,1386.7455931279983
3107.0,141.23927307128906,7.186897277832031,1387.0318070380017
3108.0,32.15264129638672,3.801888942718506,1387.3255018140044
3109.0,63.813045501708984,5.673011779785156,1387.6133326919953
3110.0,42.59209060668945,4.929224967956543,1387.9021880740038
3111.0,23.05345344543457,3.5301873683929443,1388.1951806190045
3112.0,117.43269348144531,7.355358600616455,1388.488080466006
3113.0,106.38172149658203,5.8945441246032715,1388.7775333830068
3114.0,60.783607482910156,5.351504325866699,1389.0924486010044
3115.0,139.2273406982422,7.81821346282959,1389.3769177009963
3116.0,67.93904113769531,6.222270488739014,1389.6778601889964
3117.0,14.215270042419434,2.2671828269958496,1389.960604973996
3118.0,13.281511306762695,2.058068037033081,1390.2636585209984
3119.0,51.1929931640625,4.548839569091797,1390.5523092030053
3120.0,38.888671875,4.557573318481445,1390.8292888690048
3121.0,140.1287078857422,6.039353370666504,1391.1362981720013
3122.0,41.89940643310547,3.790837526321411,1391.4437071290013
3123.0,13.887357711791992,2.8515162467956543,1391.7987990630063
3124.0,111.67325592041016,6.871218204498291,1392.0890455710032
3125.0,139.7639617919922,7.7113447189331055,1392.359613120003
3126.0,108.53369903564453,6.5630998611450195,1392.6426846910035
3127.0,69.82244873046875,6.055485248565674,1392.9210347650078
3128.0,74.33910369873047,5.442155361175537,1393.2143835199968
3129.0,36.68496322631836,4.420769691467285,1393.5041332179972
3130.0,187.56358337402344,11.25068187713623,1393.7739638950006
3131.0,77.80657958984375,6.31749963760376,1394.0499103790062
3132.0,23.995304107666016,3.217320442199707,1394.324190601008
3133.0,184.5364990234375,6.373722553253174,1394.599916214007
3134.0,34.930328369140625,4.388424873352051,1394.8743896439992
3135.0,11.16795825958252,2.135145425796509,1395.192672352001
3136.0,47.19696044921875,4.901655673980713,1395.4617468490032
3137.0,45.20888900756836,5.9540581703186035,1395.7393973470025
3138.0,43.98784255981445,4.302801609039307,1396.0378010590066
3139.0,36.10986328125,3.4487380981445312,1396.305745538004
3140.0,47.13028335571289,5.233916282653809,1396.5852238130028
3141.0,19.411611557006836,3.151641607284546,1396.853970430995
3142.0,129.1934356689453,7.100204944610596,1397.128038447001
3143.0,36.426368713378906,4.490009307861328,1397.408530472996
3144.0,49.19561767578125,4.632323741912842,1397.672507359006
3145.0,26.854095458984375,4.376030445098877,1397.948699946006
3146.0,19.966781616210938,3.3145036697387695,1398.238197618004
3147.0,124.99836730957031,7.0098748207092285,1398.4990884519939
3148.0,25.863536834716797,3.6526308059692383,1398.7777956640057
3149.0,45.1251106262207,4.770726680755615,1399.0634483479953
3150.0,41.305564880371094,4.107177257537842,1399.350996647001
3151.0,24.25118064880371,4.020148754119873,1399.6522964260075
3152.0,114.38007354736328,6.02782678604126,1399.9651200920052
3153.0,28.788253784179688,3.546353816986084,1400.2431727640069
3154.0,53.07147216796875,4.778219223022461,1400.5157147360005
3155.0,95.1508560180664,6.2749199867248535,1400.8081086370075
3156.0,60.325660705566406,5.406115531921387,1401.105438454004
3157.0,51.264183044433594,4.536203861236572,1401.3901002799976
3158.0,18.654918670654297,3.5475897789001465,1401.671712306008
3159.0,157.3407440185547,7.397362232208252,1401.9426751029969
3160.0,167.83790588378906,9.306745529174805,1402.2040434469964
3161.0,33.299530029296875,3.826979637145996,1402.517962811995
3162.0,40.159725189208984,3.524860143661499,1402.7908175829944
3163.0,92.57222747802734,5.129704475402832,1403.0709150790062
3164.0,378.52545166015625,11.38009262084961,1403.336265328995
3165.0,49.91157531738281,4.179666042327881,1403.6428061949991
3166.0,78.97172546386719,4.26826286315918,1403.9234277170035
3167.0,13.000864028930664,2.673429489135742,1404.2153128939972
3168.0,34.26313781738281,4.457289695739746,1404.5003429250064
3169.0,11.820661544799805,2.385972738265991,1404.8077395400032
3170.0,48.3557014465332,4.007108211517334,1405.1008618060005
3171.0,101.38602447509766,6.431239604949951,1405.3713871679938
3172.0,61.98313522338867,4.069175720214844,1405.6616707770008
3173.0,49.23845291137695,5.536710739135742,1405.9347972219985
3174.0,23.180280685424805,3.6289706230163574,1406.245373194004
3175.0,52.27358627319336,4.457369327545166,1406.5570729940082
3176.0,26.38452911376953,2.6123721599578857,1406.8606634680036
3177.0,79.1452865600586,5.615586280822754,1407.1550609499973
3178.0,20.382606506347656,3.0573906898498535,1407.4326092069969
3179.0,14.517297744750977,2.696603298187256,1407.7002398420009
3180.0,25.85030746459961,3.4687201976776123,1407.9818453710031
3181.0,93.77066040039062,5.750807762145996,1408.3105050349986
3182.0,67.17308044433594,4.944253444671631,1408.6016664110066
3183.0,58.34392547607422,4.818356037139893,1408.8610501079966
3184.0,62.60221862792969,5.349079132080078,1409.1518314440036
3185.0,84.9730224609375,6.156304836273193,1409.4438051439938
3186.0,26.45794105529785,3.282925605773926,1409.7223106510064
3187.0,33.28666687011719,3.793562412261963,1410.0275423559942
3188.0,9.182173728942871,1.9436947107315063,1410.3075408519944
3189.0,114.17637634277344,5.419958114624023,1410.5923496909963
3190.0,97.2184829711914,6.67255163192749,1410.8797531949967
3191.0,120.34967803955078,6.526917457580566,1411.177428985
3192.0,15.820876121520996,2.9328274726867676,1411.4543545199995
3193.0,62.119693756103516,4.807359218597412,1411.7391654940002
3194.0,262.46734619140625,10.928491592407227,1412.0496976860013
3195.0,662.8804321289062,17.146310806274414,1412.3334781930025
3196.0,16.96746826171875,2.5971081256866455,1412.6167922580062
3197.0,49.203800201416016,4.447113037109375,1412.907526384006
3198.0,36.893898010253906,4.254539966583252,1413.1874913649954
3199.0,243.30970764160156,6.3151140213012695,1413.4780277410027
3200.0,52.05635070800781,4.383420467376709,1413.7693684730039
3201.0,88.85266876220703,4.869576930999756,1430.155885924003
3202.0,10.529245376586914,2.3733317852020264,1430.4465237740078
3203.0,14.3378324508667,2.363940954208374,1430.7098714650056
3204.0,17.855810165405273,3.0213937759399414,1430.9895578599971
3205.0,33.068336486816406,3.401466131210327,1431.2651145809941
3206.0,166.32452392578125,7.24722957611084,1431.5398214610032
3207.0,15.793886184692383,2.818988084793091,1431.8375557529944
3208.0,74.26319122314453,5.410402774810791,1432.1335421810072
3209.0,82.19357299804688,6.424887657165527,1432.4272482850065
3210.0,19.4386043548584,2.44681453704834,1432.7155596140074
3211.0,46.72921371459961,5.0993452072143555,1433.016878852999
3212.0,53.66074752807617,4.831399440765381,1433.331863325002
3213.0,9.380449295043945,2.1510260105133057,1433.6195219289948
3214.0,14.342093467712402,2.4149904251098633,1433.8793254500051
3215.0,34.27089309692383,4.463706016540527,1434.1479087299958
3216.0,55.49396514892578,4.5978193283081055,1434.4309063289984
3217.0,44.47077178955078,4.00700569152832,1434.7186789929983
3218.0,79.86348724365234,5.700676441192627,1435.0319520070043
3219.0,13.766895294189453,2.4300365447998047,1435.308266041
3220.0,141.3949432373047,7.528904914855957,1435.602167541001
3221.0,40.03868103027344,5.315066337585449,1435.8989343660069
3222.0,19.132326126098633,3.5312516689300537,1436.1855968870077
3223.0,73.51774597167969,4.668341159820557,1436.4977619520068
3224.0,26.591245651245117,2.720579147338867,1436.7774747340009
3225.0,29.234725952148438,3.506716012954712,1437.0645640290022
3226.0,238.9531707763672,8.72089958190918,1437.3480642850045
3227.0,54.614376068115234,6.063045024871826,1437.6192461210012
3228.0,31.720304489135742,4.100347995758057,1437.9021311789984
3229.0,74.26628112792969,4.934347629547119,1438.1935511820047
3230.0,131.11651611328125,6.634110927581787,1438.4990125979966
3231.0,41.504032135009766,4.13147497177124,1438.796545211997
3232.0,16.29575538635254,2.7009191513061523,1439.0742890170077
3233.0,56.49673843383789,5.560097694396973,1439.3661075220007
3234.0,49.07324981689453,4.595302104949951,1439.6931552680035
3235.0,21.637592315673828,3.3336997032165527,1439.989114003998
3236.0,687.4768676757812,19.246763229370117,1440.2661723860074
3237.0,16.314674377441406,2.7238283157348633,1440.5428936670069
3238.0,18.98151969909668,3.0672919750213623,1440.8548977409955
3239.0,75.33521270751953,4.85075044631958,1441.1082838250004
3240.0,39.30878829956055,4.128190994262695,1441.3883773260022
3241.0,15.754504203796387,3.275646686553955,1441.680135151997
3242.0,52.58455276489258,5.263404846191406,1441.971940892996
3243.0,50.9973258972168,3.873587131500244,1442.2542895859951
3244.0,70.0724105834961,5.574918746948242,1442.5420478580054
3245.0,59.51374435424805,4.783071041107178,1442.840344370008
3246.0,8.927634239196777,2.1339011192321777,1443.1076392999967
3247.0,123.84061431884766,5.720137119293213,1443.3922762800066
3248.0,25.34031105041504,3.424513578414917,1443.6849849540013
3249.0,48.688507080078125,3.6945559978485107,1443.9710721349984
3250.0,18.854997634887695,3.0588035583496094,1444.2446110809979
3251.0,80.02181243896484,5.26174259185791,1444.5393982170062
3252.0,61.53083038330078,5.15641450881958,1444.8185334659938
3253.0,121.9470443725586,5.331889629364014,1445.073133494996
3254.0,79.98989868164062,5.574945449829102,1445.367342291007
3255.0,76.25398254394531,7.689699649810791,1445.650298351
3256.0,116.46026611328125,6.488706111907959,1445.9293627519946
3257.0,105.79265594482422,6.173325538635254,1446.224293790001
3258.0,251.6330108642578,10.161328315734863,1446.523294469007
3259.0,75.15167999267578,6.28002405166626,1446.8072588969953
3260.0,25.47852897644043,3.3874144554138184,1447.1005296509975
3261.0,72.441650390625,5.566257476806641,1447.3820179830072
3262.0,34.131805419921875,3.9003548622131348,1447.6812813949946
3263.0,17.9854679107666,2.5317790508270264,1447.976488262997
3264.0,381.5663146972656,12.153667449951172,1448.2410625170014
3265.0,13.845948219299316,2.6683497428894043,1448.5504486840073
3266.0,51.33464050292969,4.194455146789551,1448.8502903369954
3267.0,17.18889808654785,3.0396032333374023,1449.1358692539943
3268.0,136.5645294189453,7.455137729644775,1449.4122295560082
3269.0,15.881036758422852,2.8856170177459717,1449.6759465640062
3270.0,181.48728942871094,8.956583976745605,1449.9316764350078
3271.0,255.25296020507812,9.401013374328613,1450.219133193008
3272.0,36.464134216308594,3.8126585483551025,1450.5168780240056
3273.0,34.48539733886719,4.29755973815918,1450.7986852729955
3274.0,43.732025146484375,4.78162956237793,1451.0441609660047
3275.0,44.44522476196289,4.483601093292236,1451.3119370790082
3276.0,26.140003204345703,3.8044233322143555,1451.593406746004
3277.0,87.94625854492188,6.622673511505127,1451.898043512003
3278.0,30.82243537902832,3.45241379737854,1452.186268587
3279.0,9.315376281738281,2.21492338180542,1452.5031403860048
3280.0,12.837580680847168,2.327101230621338,1452.789441112007
3281.0,59.818721771240234,5.015688896179199,1453.2066079250071
3282.0,54.57398986816406,4.221217155456543,1453.5604787850025
3283.0,11.102177619934082,2.3905928134918213,1453.8430615660036
3284.0,22.40131187438965,2.7956697940826416,1454.1254467260005
3285.0,17.798189163208008,2.5956687927246094,1454.4068311599985
3286.0,47.11137008666992,4.129494667053223,1454.6961545920058
3287.0,99.24311828613281,5.727955341339111,1454.9672607389948
3288.0,47.045799255371094,4.7619428634643555,1455.283417619008
3289.0,59.78361129760742,4.919584274291992,1455.620386591996
3290.0,23.27718162536621,3.1897799968719482,1455.9386423170072
3291.0,69.01164245605469,5.368698596954346,1456.2361505760055
3292.0,24.29796028137207,3.4427897930145264,1456.5282540059998
3293.0,131.04501342773438,6.597628116607666,1456.8132710899954
3294.0,14.133212089538574,2.8739356994628906,1457.0779139350052
3295.0,18.998817443847656,3.039738178253174,1457.396712907008
3296.0,36.07789993286133,4.2299580574035645,1457.7258181640063
3297.0,28.501787185668945,3.51065731048584,1458.0583513190068
3298.0,21.624847412109375,3.0798234939575195,1458.3491450820002
3299.0,207.4992218017578,12.257244110107422,1458.6548613420018
3300.0,50.950172424316406,4.737105369567871,1459.0023864770046
3301.0,21.01065444946289,2.7490525245666504,1472.6322611890064
3302.0,19.27422332763672,2.8539817333221436,1472.9148940120067
3303.0,27.829246520996094,3.138503074645996,1473.2169020919973
3304.0,273.9590148925781,9.70087718963623,1473.4975359399978
3305.0,93.84620666503906,5.528914451599121,1473.8226652900048
3306.0,35.64527130126953,3.274752378463745,1474.090024560006
3307.0,144.74136352539062,7.873716831207275,1474.369029081994
3308.0,100.59135437011719,7.03888463973999,1474.7229683640035
3309.0,26.51721954345703,4.08498477935791,1474.9898428720044
3310.0,170.10125732421875,7.703280925750732,1475.2999455600075
3311.0,46.05939865112305,4.458003997802734,1475.5909951880021
3312.0,21.478988647460938,3.1493093967437744,1475.8885928170057
3313.0,52.759883880615234,4.146339416503906,1476.173846931997
3314.0,42.26334762573242,4.541422367095947,1476.4826508039987
3315.0,52.88794708251953,4.505579948425293,1476.7746316609991
3316.0,213.1161651611328,7.498379707336426,1477.2027898759989
3317.0,24.454547882080078,2.5919365882873535,1477.5435339179967
3318.0,92.1823959350586,6.188087463378906,1477.9245045459975
3319.0,26.799283981323242,3.339973211288452,1478.2405009030044
3320.0,16.895042419433594,3.1127583980560303,1478.531669917007
3321.0,15.378902435302734,2.612048387527466,1478.8283967720054
3322.0,13.041494369506836,2.4357259273529053,1479.1068622690073
3323.0,69.38426971435547,4.777652740478516,1479.4131341989996
3324.0,10.485854148864746,2.367337226867676,1479.7224081400054
3325.0,73.35491943359375,5.693964004516602,1480.0557620080072
3326.0,90.2634506225586,4.956021308898926,1480.391365509
3327.0,232.21046447753906,8.36650276184082,1480.7163150639972
3328.0,45.14549255371094,3.7855310440063477,1481.016980594999
3329.0,43.588294982910156,4.480284690856934,1481.3028440380003
3330.0,77.3102035522461,5.596943378448486,1481.5841190250067
3331.0,29.9263973236084,3.4947104454040527,1481.8769886770024
3332.0,41.79216003417969,5.158281326293945,1482.170582021994
3333.0,84.94422912597656,4.67757511138916,1482.5051356110052
3334.0,29.77796173095703,3.9537839889526367,1482.795435565
3335.0,134.22335815429688,7.298995018005371,1483.0772225389956
3336.0,55.52712631225586,4.063528060913086,1483.395233147996
3337.0,35.801780700683594,4.2828898429870605,1483.7321298229945
3338.0,28.58734893798828,3.3117830753326416,1484.044841594994
3339.0,53.40855026245117,5.027824878692627,1484.392610144001
3340.0,67.00823974609375,4.732429027557373,1484.6957935480023
3341.0,26.423675537109375,3.6577308177948,1484.9807615769969
3342.0,147.70726013183594,5.975611686706543,1485.2673732289986
3343.0,16.21738624572754,2.80405330657959,1485.548217745003
3344.0,98.76431274414062,5.689051628112793,1485.841426183004
3345.0,97.04090881347656,5.331953048706055,1486.1461891020008
3346.0,76.68778228759766,5.358257293701172,1486.411057076999
3347.0,27.730175018310547,3.890327215194702,1486.7006602119945
3348.0,174.64251708984375,6.639259338378906,1487.003284972001
3349.0,14.363746643066406,2.5280489921569824,1487.2954093000008
3350.0,23.689783096313477,3.081380844116211,1487.5752515009954
3351.0,63.86698913574219,4.411128044128418,1487.8714751890075
3352.0,96.05529022216797,5.7068963050842285,1488.155052066999
3353.0,47.171817779541016,4.732399940490723,1488.4698587849998
3354.0,27.884279251098633,3.8298048973083496,1488.7749997630017
3355.0,9.634984016418457,1.9715956449508667,1489.078062008004
3356.0,106.430419921875,6.015611171722412,1489.5233936720033
3357.0,31.045412063598633,3.1941702365875244,1489.790372206
3358.0,39.0151481628418,4.684074878692627,1490.0448721150024
3359.0,124.86129760742188,6.245182037353516,1490.3439307100052
3360.0,49.142425537109375,4.333043575286865,1490.654243098994
3361.0,19.145925521850586,3.0804972648620605,1490.947947039007
3362.0,146.7424774169922,9.012992858886719,1491.2180893470068
3363.0,60.20396423339844,4.715476036071777,1491.5144500909955
3364.0,29.350112915039062,4.024970054626465,1491.816511351004
3365.0,105.754638671875,5.949345588684082,1492.103997074999
3366.0,224.18455505371094,9.708066940307617,1492.3919993610034
3367.0,64.47576904296875,5.341418266296387,1492.6944251420064
3368.0,33.43610382080078,3.599492073059082,1492.9918280200072
3369.0,16.80100440979004,3.295736789703369,1493.3083003270003
3370.0,86.36710357666016,5.182452201843262,1493.6929492850031
3371.0,21.58357810974121,3.2033393383026123,1494.0888301630039
3372.0,26.768280029296875,3.7598979473114014,1494.385367498995
3373.0,40.67525863647461,4.143163204193115,1494.679318908995
3374.0,26.379453659057617,3.4662256240844727,1494.9888413379958
3375.0,167.73062133789062,9.029610633850098,1495.300194208001
3376.0,15.380569458007812,2.5533480644226074,1495.5924511030025
3377.0,20.46546173095703,2.81986927986145,1495.8798824060068
3378.0,81.31927490234375,3.969194173812866,1496.164474004996
3379.0,72.63658905029297,6.524612903594971,1496.4507786320028
3380.0,102.51758575439453,5.179019927978516,1496.7292604060058
3381.0,71.59002685546875,4.72145414352417,1497.0002298939944
3382.0,99.86473083496094,5.980885028839111,1497.2606017680082
3383.0,20.381134033203125,2.998047113418579,1497.6152110810071
3384.0,15.831929206848145,3.0659372806549072,1497.944387498006
3385.0,184.20562744140625,7.0565009117126465,1498.2273792970082
3386.0,17.8076229095459,2.518838405609131,1498.514307880003
3387.0,231.62242126464844,7.529275894165039,1498.8057197890012
3388.0,12.755114555358887,2.1681809425354004,1499.0895299330004
3389.0,50.322444915771484,4.806493282318115,1499.3777506610058
3390.0,81.19780731201172,5.238290309906006,1499.657278818995
3391.0,89.60615539550781,5.4729790687561035,1499.9443250490003
3392.0,62.524017333984375,4.9756855964660645,1500.239440712001
3393.0,24.197021484375,4.1741623878479,1500.5432733140042
3394.0,129.2177276611328,6.474179267883301,1500.849563761003
3395.0,41.4985466003418,3.9682533740997314,1501.146100115002
3396.0,50.833003997802734,4.8310136795043945,1501.4117711550061
3397.0,97.30057525634766,4.917642593383789,1501.696163518005
3398.0,74.94682312011719,5.391472816467285,1501.9691764309973
3399.0,46.848751068115234,4.183986663818359,1502.2364067690069
3400.0,115.7094497680664,7.351930141448975,1502.5338786030043
3401.0,30.473243713378906,3.662658452987671,1520.2812711669976
3402.0,48.140872955322266,4.274839401245117,1520.6061166029976
3403.0,9.599640846252441,2.2902944087982178,1520.8977650320012
3404.0,26.389272689819336,3.691002368927002,1521.2216553769977
3405.0,131.8163299560547,4.605986595153809,1521.5099878659967
3406.0,70.05339050292969,5.234856605529785,1521.7809946100024
3407.0,168.32334899902344,7.562295436859131,1522.120234135
3408.0,45.32635498046875,4.503738880157471,1522.397454129008
3409.0,59.58266830444336,5.303034782409668,1522.7029067249969
3410.0,56.46757507324219,5.328721523284912,1522.993797896008
3411.0,81.64598846435547,5.280293941497803,1523.286477503003
3412.0,13.946244239807129,2.8429858684539795,1523.579174537008
3413.0,30.15239715576172,4.0108842849731445,1523.8934805540048
3414.0,37.95097732543945,4.333849906921387,1524.1960154090048
3415.0,27.113191604614258,3.137483835220337,1524.4911914620025
3416.0,58.572513580322266,4.394276142120361,1524.8892453169974
3417.0,11.511147499084473,2.297531843185425,1525.2367901499965
3418.0,25.907690048217773,3.423694610595703,1525.5352183259965
3419.0,54.7487678527832,5.338967800140381,1525.8088054300024
3420.0,24.855501174926758,3.8587794303894043,1526.0963211649942
3421.0,57.51117706298828,4.910887718200684,1526.3640187529963
3422.0,29.608076095581055,3.461552381515503,1526.6658003140037
3423.0,135.21717834472656,7.762801647186279,1526.960926328
3424.0,75.33528137207031,5.9385857582092285,1527.2437727340002
3425.0,27.152801513671875,3.691575050354004,1527.5236496340076
3426.0,17.26736831665039,3.0108160972595215,1527.8154461660015
3427.0,132.98916625976562,8.12745475769043,1528.1532744989963
3428.0,94.54042053222656,6.5901594161987305,1528.516373653998
3429.0,72.14012145996094,4.480572700500488,1528.8231806999975
3430.0,174.4126739501953,8.456664085388184,1529.182733491005
3431.0,71.3580551147461,5.1288628578186035,1529.4860147720028
3432.0,36.341819763183594,3.9085075855255127,1529.7841098539939
3433.0,37.52143478393555,3.060091972351074,1530.0819407179952
3434.0,108.53743743896484,6.481134414672852,1530.3973028070031
3435.0,21.093978881835938,2.7328667640686035,1530.6722285470023
3436.0,34.776344299316406,4.080836296081543,1530.9515272790013
3437.0,18.40037727355957,2.843579053878784,1531.2454209050047
3438.0,46.15510177612305,4.108738899230957,1531.517969484994
3439.0,11.955911636352539,2.3664743900299072,1531.8569055810076
3440.0,93.70732116699219,5.536766052246094,1532.1557164910046
3441.0,26.851503372192383,3.4907217025756836,1532.441210310004
3442.0,44.1219596862793,4.513576984405518,1532.7399104110082
3443.0,17.242204666137695,2.884895086288452,1533.0281273930013
3444.0,36.48033142089844,4.397911071777344,1533.3199716920062
3445.0,79.05960845947266,6.175107002258301,1533.601261652002
3446.0,36.841243743896484,4.623261451721191,1533.9102998830058
3447.0,56.20491409301758,4.288731098175049,1534.2233719869982
3448.0,30.701936721801758,2.3093883991241455,1534.5252678469988
3449.0,154.62632751464844,6.192216396331787,1534.8393728649971
3450.0,24.519128799438477,4.032704830169678,1535.1388547840033
3451.0,36.36629104614258,4.101663589477539,1535.4337359630008
3452.0,35.68379592895508,4.305615425109863,1535.7418249490001
3453.0,62.19418716430664,4.57765531539917,1535.9934592200007
3454.0,29.548240661621094,3.6136951446533203,1536.295345032995
3455.0,33.180580139160156,3.7623744010925293,1536.5592515680037
3456.0,45.23882293701172,4.233809947967529,1536.8511942189944
3457.0,29.89726448059082,3.297983169555664,1537.1406100290042
3458.0,35.49368667602539,4.689198017120361,1537.421844986995
3459.0,19.035642623901367,2.891587495803833,1537.7333121970005
3460.0,21.100215911865234,3.439532995223999,1538.0310796539998
3461.0,30.469863891601562,3.8493003845214844,1538.3293335060007
3462.0,45.126956939697266,5.0389180183410645,1538.625020587002
3463.0,50.8533821105957,4.366831302642822,1538.9216522170027
3464.0,117.47106170654297,6.124525547027588,1539.2375233320054
3465.0,17.355384826660156,2.695552349090576,1539.5351309090038
3466.0,17.19795799255371,2.615354299545288,1539.870140537998
3467.0,76.126953125,4.145914554595947,1540.2095370280003
3468.0,36.09821319580078,3.9729583263397217,1540.546479438999
3469.0,218.8743133544922,8.257871627807617,1540.8825230469956
3470.0,26.196277618408203,3.5037591457366943,1541.2199637610029
3471.0,19.23052215576172,2.6202707290649414,1541.523191825996
3472.0,21.331079483032227,2.7085461616516113,1541.8360330180003
3473.0,33.81897735595703,4.123716354370117,1542.1171453959978
3474.0,142.8769073486328,6.737922191619873,1542.4055691340036
3475.0,29.17536735534668,3.530571460723877,1542.6999723350018
3476.0,53.934165954589844,5.508732318878174,1542.9912628110033
3477.0,66.58189392089844,5.797317981719971,1543.3003008759988
3478.0,28.654727935791016,3.760977029800415,1543.5923017400055
3479.0,69.1034927368164,5.285074710845947,1543.920223049994
3480.0,76.81880950927734,5.113369464874268,1544.2117961040058
3481.0,67.18899536132812,5.375192642211914,1544.495119225001
3482.0,112.0842514038086,6.166696548461914,1544.8069672290003
3483.0,45.88285827636719,3.586752414703369,1545.1210539739986
3484.0,13.119599342346191,2.2810049057006836,1545.418069285006
3485.0,114.99134826660156,6.471438884735107,1545.7328538620059
3486.0,68.70805358886719,6.053436279296875,1546.0155790209974
3487.0,72.8757553100586,5.547118186950684,1546.2902652140037
3488.0,72.61697387695312,5.411355972290039,1546.595709272995
3489.0,12.261505126953125,2.360548257827759,1546.896928672999
3490.0,11.875000953674316,2.2905232906341553,1547.1630916400027
3491.0,30.85148048400879,2.7385010719299316,1547.4461746309971
3492.0,96.93595123291016,4.981940269470215,1547.7612633850076
3493.0,71.45809936523438,6.777725696563721,1548.0492890690075
3494.0,8.90239429473877,2.1868484020233154,1548.3910116960033
3495.0,11.50288200378418,2.0319302082061768,1548.6863644889963
3496.0,14.218278884887695,2.4500856399536133,1548.9905343160062
3497.0,27.100788116455078,3.700982093811035,1549.3041868050059
3498.0,75.68960571289062,5.569783687591553,1549.587232225007
3499.0,37.27989959716797,4.007569789886475,1549.881927445007
3500.0,209.9236602783203,8.304147720336914,1550.216469410996
3501.0,90.96768188476562,5.049464702606201,1564.828768028994
3502.0,40.81672668457031,3.8185949325561523,1565.1181086510041
3503.0,12.622657775878906,2.3670849800109863,1565.4059872770013
3504.0,81.14686584472656,5.039535045623779,1565.8215643400035
3505.0,100.74446105957031,5.962080478668213,1566.094355363006
3506.0,52.31608581542969,5.148061275482178,1566.3951364280074
3507.0,28.437650680541992,3.4018075466156006,1566.7004200420051
3508.0,147.721435546875,10.070893287658691,1566.9818913290073
3509.0,22.448476791381836,3.8320515155792236,1567.291414642008
3510.0,364.0963439941406,12.469082832336426,1567.5868113670003
3511.0,43.058292388916016,3.916553258895874,1567.8545316910022
3512.0,52.182220458984375,4.582922458648682,1568.2100202739966
3513.0,26.026018142700195,3.231483221054077,1568.494252700999
3514.0,218.24598693847656,5.905880451202393,1568.7779981649946
3515.0,41.21812438964844,3.8144783973693848,1569.0567924740026
3516.0,11.006611824035645,2.1200509071350098,1569.367573527008
3517.0,66.11226654052734,5.4606122970581055,1569.6445934509975
3518.0,205.61221313476562,8.792104721069336,1569.9404929220036
3519.0,58.86328887939453,4.775790691375732,1570.265827064999
3520.0,30.91337776184082,4.268092632293701,1570.583678547002
3521.0,56.228450775146484,4.428671836853027,1570.939323175
3522.0,164.45846557617188,6.955031394958496,1571.2400029150012
3523.0,10.592079162597656,2.2593369483947754,1571.5418585849984
3524.0,68.96385955810547,5.662582874298096,1571.8175118670042
3525.0,100.59671783447266,5.224141597747803,1572.0902529800078
3526.0,10.045964241027832,2.288017511367798,1572.4297655580012
3527.0,60.14030456542969,4.794020175933838,1572.709828527004
3528.0,25.02195930480957,3.3104190826416016,1573.006201917
3529.0,15.318526268005371,2.4148623943328857,1573.348130915998
3530.0,14.916254043579102,2.9787068367004395,1573.6374309819948
3531.0,13.756303787231445,2.396435022354126,1573.932835751999
3532.0,22.50035858154297,3.0602669715881348,1574.2251085169992
3533.0,80.56427001953125,5.679667949676514,1574.516467207999
3534.0,15.320181846618652,2.9963436126708984,1574.8427748520044
3535.0,79.87973022460938,5.653666019439697,1575.1333786350006
3536.0,55.441280364990234,3.295542001724243,1575.4291079779941
3537.0,18.1818904876709,3.0328428745269775,1575.7302388679964
3538.0,95.01700592041016,5.88700532913208,1576.0589310740033
3539.0,21.41388702392578,2.998344898223877,1576.3249242610036
3540.0,40.41835403442383,4.825773239135742,1576.5974251870066
3541.0,98.46998596191406,5.435202121734619,1576.907579892999
3542.0,32.10856246948242,2.8588409423828125,1577.2146117660013
3543.0,113.3774185180664,4.243619918823242,1577.532855573998
3544.0,16.611087799072266,2.998406410217285,1577.8229477629939
3545.0,13.006866455078125,2.2185990810394287,1578.148716035008
3546.0,87.92375946044922,7.545691967010498,1578.4247442630003
3547.0,70.59967803955078,5.352419376373291,1580.6063976809965
3548.0,15.87993049621582,2.6480419635772705,1581.9593471770058
3549.0,35.33494567871094,3.7482993602752686,1582.2220802289958
3550.0,78.88341522216797,4.801294326782227,1582.5213545150036
3551.0,81.09478759765625,5.521398067474365,1582.8108202879957
3552.0,42.76335525512695,4.774442672729492,1583.1172074009955
3553.0,16.692405700683594,2.9700446128845215,1583.386253767996
3554.0,109.93119812011719,5.843464374542236,1583.668772082994
3555.0,28.954608917236328,3.430645704269409,1583.9746565090027
3556.0,28.270021438598633,3.865558624267578,1584.2524690989958
3557.0,23.8514404296875,3.3369529247283936,1584.5699734469963
3558.0,29.730854034423828,3.502580404281616,1584.8505995010055
3559.0,11.272168159484863,1.9338902235031128,1585.1285375739972
3560.0,44.79610061645508,3.988063335418701,1585.3952099400049
3561.0,32.73019027709961,2.8134796619415283,1585.6503830459988
3562.0,92.59590148925781,5.287508487701416,1585.951238195994
3563.0,60.84428405761719,4.788965702056885,1586.2131767469982
3564.0,118.88668823242188,9.556568145751953,1586.4969431049976
3565.0,41.68368911743164,3.2612690925598145,1586.8728177989979
3566.0,72.6127700805664,5.419826984405518,1587.152669365998
3567.0,17.935256958007812,2.811352252960205,1587.436667079004
3568.0,52.00466537475586,3.709723711013794,1587.7210472260049
3569.0,84.54351043701172,6.042413234710693,1588.0675249710039
3570.0,16.43790054321289,2.942174196243286,1588.3422261249943
3571.0,33.59751892089844,4.0995774269104,1588.6282845550013
3572.0,52.62237548828125,4.280318260192871,1588.9490724979987
3573.0,77.7759017944336,6.1924519538879395,1589.2775161409954
3574.0,98.08948516845703,6.520883083343506,1589.5891943780007
3575.0,41.132442474365234,3.7041096687316895,1589.8808432730002
3576.0,138.54791259765625,6.526386737823486,1590.1690797829942
3577.0,16.05249786376953,2.5288760662078857,1590.4263968519954
3578.0,321.4772644042969,9.254169464111328,1590.748577128994
3579.0,5.72029447555542,1.6384526491165161,1591.0391011940083
3580.0,31.79036521911621,2.8682432174682617,1591.3048038289999
3581.0,17.616594314575195,2.8582887649536133,1591.5913071380055
3582.0,123.0721206665039,6.384495258331299,1591.9131178600073
3583.0,20.052425384521484,2.9425697326660156,1592.1915650050069
3584.0,17.53334617614746,3.1417016983032227,1592.5007909220003
3585.0,423.7273254394531,11.541658401489258,1592.8326883010013
3586.0,11.522271156311035,2.0120320320129395,1593.1085400800075
3587.0,88.67738342285156,5.167558193206787,1593.4113644430035
3588.0,194.4524383544922,7.109066486358643,1593.7174879189988
3589.0,13.51382827758789,2.8729050159454346,1594.034196181994
3590.0,265.2833557128906,8.929953575134277,1594.308377680005
3591.0,58.04994583129883,4.897758483886719,1594.594073254004
3592.0,31.95773696899414,4.259491920471191,1594.9079840549966
3593.0,27.60491943359375,3.70284104347229,1595.1760246280028
3594.0,63.58080291748047,5.042235851287842,1595.4639691600023
3595.0,69.03633117675781,5.5504865646362305,1595.7791335130023
3596.0,99.86975860595703,6.099518775939941,1596.059671228999
3597.0,38.884647369384766,3.9341659545898438,1596.3231081319973
3598.0,70.318115234375,5.494687080383301,1596.5904732560011
3599.0,31.7050838470459,3.272287130355835,1596.8535017730028
3600.0,17.59653663635254,3.4715166091918945,1597.191612347
3601.0,54.7587890625,4.910531997680664,1612.8377736730035
3602.0,159.36453247070312,8.400437355041504,1613.2920749869954
3603.0,36.822872161865234,4.151089191436768,1613.5668825860048
3604.0,49.48112487792969,3.9217092990875244,1613.8671962200024
3605.0,23.664960861206055,3.4704718589782715,1614.208540356005
3606.0,103.57589721679688,5.420917987823486,1614.535581870994
3607.0,36.363765716552734,4.183863162994385,1614.8824189750012
3608.0,143.527099609375,6.663056373596191,1615.189765418996
3609.0,60.251800537109375,4.910734176635742,1615.4680509430036
3610.0,39.929420471191406,4.183263301849365,1615.783829727996
3611.0,21.9307918548584,3.4292993545532227,1616.0746072059992
3612.0,20.955249786376953,3.020663022994995,1616.402492617999
3613.0,39.62761688232422,4.004515647888184,1616.7061662689957
3614.0,245.1183624267578,8.849164962768555,1617.0023568369943
3615.0,30.868236541748047,3.9050281047821045,1617.3090152390068
3616.0,78.46723937988281,5.028024673461914,1617.6017602710053
3617.0,116.58721923828125,6.977464199066162,1617.873524331997
3618.0,84.06672668457031,4.968176364898682,1618.1448303170037
3619.0,10.471744537353516,2.3746912479400635,1618.4309973810014
3620.0,20.37430763244629,3.29948353767395,1618.759303933999
3621.0,10.283408164978027,2.3134615421295166,1619.0567117220053
3622.0,155.9718780517578,6.820855617523193,1619.3194620690047
3623.0,44.43083190917969,4.588673114776611,1619.6138103249978
3624.0,50.98587417602539,4.5273895263671875,1619.9854087629938
3625.0,14.591625213623047,2.5020265579223633,1620.3034485929966
3626.0,430.12646484375,13.962790489196777,1620.6244842320011
3627.0,225.3033905029297,9.061907768249512,1620.934525988996
3628.0,116.01299285888672,5.873128414154053,1621.2309552850056
3629.0,16.80111312866211,2.9374489784240723,1621.5213335209992
3630.0,50.45182418823242,4.701067924499512,1621.7884905100073
3631.0,248.2567901611328,10.309408187866211,1622.0972401330073
3632.0,281.5625,10.74425220489502,1622.4080995590048
3633.0,32.064064025878906,3.2078866958618164,1622.713224592997
3634.0,50.461402893066406,5.328854560852051,1623.051758421003
3635.0,27.788999557495117,3.6084117889404297,1623.332290032995
3636.0,14.222707748413086,2.08927583694458,1623.6161987679952
3637.0,8.155823707580566,1.875420093536377,1623.9272416220047
3638.0,92.75072479248047,5.013206481933594,1624.2589857639978
3639.0,21.155481338500977,3.4506490230560303,1624.599437251003
3640.0,26.5419921875,3.515717029571533,1624.8798345030082
3641.0,46.09489822387695,4.8579840660095215,1625.2479862309992
3642.0,18.080602645874023,3.2547571659088135,1625.590691392994
3643.0,12.0031156539917,2.7109527587890625,1625.976593230007
3644.0,116.20249938964844,6.242025852203369,1626.3214751850028
3645.0,106.55133056640625,6.024196624755859,1626.6126738169987
3646.0,126.17137908935547,5.8501458168029785,1626.9067963330017
3647.0,15.708781242370605,2.409316301345825,1627.200924949997
3648.0,190.419921875,8.526657104492188,1627.4844456029969
3649.0,36.73060607910156,3.6110568046569824,1627.836345542004
3650.0,34.58525466918945,3.729865312576294,1628.166244580003
3651.0,32.72797393798828,3.5208253860473633,1628.6169213899993
3652.0,208.0487060546875,9.706174850463867,1629.0422430369945
3653.0,14.576395034790039,2.3511803150177,1629.3704588719993
3654.0,23.745779037475586,3.6098692417144775,1629.6969810870069
3655.0,34.460994720458984,4.171383857727051,1629.9923980909953
3656.0,60.14423751831055,4.802478313446045,1630.2941969859967
3657.0,73.34553527832031,4.252254486083984,1630.6101559160015
3658.0,17.512420654296875,2.770569086074829,1630.920769934004
3659.0,24.07378387451172,3.4585986137390137,1631.214467635
3660.0,23.620487213134766,2.7561159133911133,1631.486789483999
3661.0,57.335205078125,4.638189792633057,1631.7709906670061
3662.0,26.277376174926758,3.292038917541504,1632.0895557390031
3663.0,46.7330322265625,4.376102447509766,1632.3935885590035
3664.0,56.786415100097656,4.256782531738281,1632.7086758950027
3665.0,76.86898803710938,5.6582865715026855,1633.093642081003
3666.0,67.9923324584961,5.564922332763672,1633.3822636240075
3667.0,46.45737075805664,4.178342342376709,1633.679667386008
3668.0,15.708794593811035,2.4780077934265137,1633.9677497910016
3669.0,90.9642333984375,6.627022743225098,1634.256853340994
3670.0,9.645888328552246,1.9837102890014648,1634.5621125119942
3671.0,29.514179229736328,4.0407938957214355,1634.8452087790065
3672.0,48.51093673706055,4.129241943359375,1635.1114428980072
3673.0,24.53472137451172,2.8289456367492676,1635.4055556620006
3674.0,234.60354614257812,12.50003719329834,1635.6912820599973
3675.0,71.65978240966797,4.939825534820557,1635.9776430220081
3676.0,40.818050384521484,4.337217330932617,1636.2694818440068
3677.0,61.367164611816406,5.034395217895508,1636.5560201540065
3678.0,14.633728981018066,2.138789653778076,1636.8549291939999
3679.0,31.8175048828125,3.4993646144866943,1637.1412827510067
3680.0,51.6755485534668,5.4671406745910645,1637.4276674249995
3681.0,74.0527572631836,5.344647407531738,1637.7326946050016
3682.0,11.5256986618042,2.367626667022705,1638.033924126008
3683.0,28.25737953186035,3.017707586288452,1638.331569707996
3684.0,41.215484619140625,4.8069281578063965,1638.6322903590044
3685.0,24.346220016479492,3.4039242267608643,1638.9119104249985
3686.0,16.15133285522461,2.8264830112457275,1639.2447876950027
3687.0,38.88966369628906,4.2411017417907715,1639.5321542169986
3688.0,11.075967788696289,2.1743416786193848,1639.806515614997
3689.0,315.33770751953125,11.840011596679688,1640.0838895490015
3690.0,26.384998321533203,3.3573343753814697,1640.3853042870032
3691.0,13.467299461364746,2.531552791595459,1640.7491576199973
3692.0,16.28339385986328,2.9014487266540527,1641.091330783005
3693.0,51.02933120727539,4.149582862854004,1641.386805126007
3694.0,19.60467529296875,3.273899555206299,1641.6495663600072
3695.0,133.4053955078125,7.08284854888916,1641.9539230480004
3696.0,184.8347625732422,7.887463569641113,1642.2724433889962
3697.0,52.98446273803711,4.709469795227051,1642.6103824019956
3698.0,323.99908447265625,10.262094497680664,1642.881916783008
3699.0,77.20506286621094,5.50707483291626,1643.1354680960067
3700.0,67.841796875,3.408487558364868,1643.4781782130012
3701.0,99.35787963867188,5.884079456329346,1658.7607239149947
3702.0,83.88704681396484,5.236017227172852,1658.966173295994
3703.0,56.65507888793945,4.015206336975098,1659.1668851940049
3704.0,53.05235290527344,4.360721588134766,1659.365473555008
3705.0,39.23634719848633,4.6324968338012695,1659.5617403659999
3706.0,13.952035903930664,2.650629758834839,1659.7639043639938
3707.0,10.597798347473145,2.408905506134033,1659.9607780799997
3708.0,19.270994186401367,3.509822130203247,1660.1529570860002
3709.0,25.08921241760254,3.7300024032592773,1660.3445033629978
3710.0,180.2508544921875,10.140669822692871,1660.5378613329958
3711.0,66.33222961425781,5.329507350921631,1660.7374843970028
3712.0,64.10462951660156,4.190731048583984,1660.9434761849989
3713.0,48.79307556152344,4.2721171379089355,1661.1433842840052
3714.0,39.44915008544922,3.937279224395752,1661.3331386490026
3715.0,26.856040954589844,2.868994951248169,1661.526158216002
3716.0,45.747093200683594,2.8150906562805176,1661.7232006599952
3717.0,47.51276397705078,3.7642016410827637,1661.933303932994
3718.0,42.767494201660156,3.589808940887451,1662.1316313370044
3719.0,108.41846466064453,6.139694690704346,1662.3187523789966
3720.0,81.76854705810547,4.596976280212402,1662.5181749850017
3721.0,21.253746032714844,2.2593905925750732,1662.711929003999
3722.0,15.409823417663574,2.524491310119629,1662.9163306270057
3723.0,40.90923309326172,3.7986743450164795,1663.1209334650048
3724.0,24.872812271118164,3.395092487335205,1663.316294386008
3725.0,16.721435546875,2.8910958766937256,1663.509896677002
3726.0,54.20343017578125,4.25452995300293,1663.7060407370009
3727.0,22.24668312072754,2.84281063079834,1663.9086263649951
3728.0,13.745920181274414,2.62727427482605,1664.107127330004
3729.0,29.221481323242188,3.131991147994995,1664.3028952640016
3730.0,93.37120819091797,5.686122894287109,1664.5201054759964
3731.0,93.44762420654297,6.194901943206787,1664.7157770070044
3732.0,54.77925109863281,6.1267924308776855,1664.9199772919965
3733.0,59.69536590576172,4.6537981033325195,1665.1175902660034
3734.0,25.808870315551758,3.439251184463501,1665.3185072390042
3735.0,198.26284790039062,7.165127277374268,1665.5173719599989
3736.0,11.986855506896973,2.3499865531921387,1665.7151806070033
3737.0,39.028564453125,4.928774356842041,1665.9158743890002
3738.0,23.364765167236328,3.6885087490081787,1666.121815171995
3739.0,63.19852066040039,4.209079265594482,1666.3165470730019
3740.0,19.127525329589844,3.4878737926483154,1666.536748975006
3741.0,71.83210754394531,4.047672748565674,1666.7260240449978
3742.0,24.277301788330078,3.342618942260742,1666.9224297659966
3743.0,34.69428634643555,4.209937572479248,1667.1166485400026
3744.0,61.77072525024414,4.832052230834961,1667.3127710550034
3745.0,65.6783447265625,4.810973167419434,1667.5150813090004
3746.0,55.95075225830078,4.536159992218018,1667.7390188830032
3747.0,75.06480407714844,5.21309232711792,1667.9394734789967
3748.0,80.46391296386719,4.957313060760498,1668.139200827005
3749.0,58.483482360839844,4.661646366119385,1668.3308473979996
3750.0,25.095109939575195,3.3786189556121826,1668.5316430899984
3751.0,56.08354949951172,3.9162468910217285,1668.726243580997
3752.0,68.24884796142578,4.210246562957764,1668.9255986890057
3753.0,69.27272033691406,5.596007347106934,1669.1238425420015
3754.0,25.835384368896484,3.394759178161621,1669.3176316909958
3755.0,82.09027862548828,4.672787666320801,1669.511362774996
3756.0,42.84721374511719,3.611785411834717,1669.7410955929954
3757.0,94.8602066040039,8.510114669799805,1669.9362535060063
3758.0,46.048885345458984,4.953280925750732,1670.1338514929957
3759.0,7.592298984527588,1.6112257242202759,1670.3309216000052
3760.0,36.00879669189453,3.661231756210327,1670.5288549889956
3761.0,17.986248016357422,3.254603385925293,1670.7207299239963
3762.0,168.98928833007812,7.3526411056518555,1670.9206496050028
3763.0,133.26165771484375,7.203237056732178,1671.1214856090082
3764.0,16.825950622558594,2.7566232681274414,1671.317878103
3765.0,24.160030364990234,2.9683005809783936,1671.5116988350055
3766.0,25.13760757446289,3.5699539184570312,1671.7069929160061
3767.0,61.71770095825195,4.7461981773376465,1671.9135643519985
3768.0,104.338134765625,6.41754674911499,1672.106351276001
3769.0,138.52098083496094,6.0635085105896,1672.2990649020066
3770.0,37.07870864868164,4.047606468200684,1672.4928614520031
3771.0,19.401365280151367,2.675656795501709,1672.6854221459944
3772.0,17.553667068481445,2.874126672744751,1672.885336641004
3773.0,21.49813461303711,2.693941354751587,1673.0808848169982
3774.0,26.849510192871094,3.329728841781616,1673.2785130050033
3775.0,57.49778366088867,4.325756549835205,1673.4753660419956
3776.0,35.512603759765625,3.9174981117248535,1673.6724198080046
3777.0,27.12981414794922,3.008906602859497,1673.8714129720029
3778.0,67.81877136230469,3.8120787143707275,1674.0696471789997
3779.0,7.8733296394348145,1.8948436975479126,1674.2877939449972
3780.0,201.3068389892578,7.043276786804199,1674.4864189859945
3781.0,10.154382705688477,1.8869423866271973,1674.705286463999
3782.0,46.595947265625,4.442625999450684,1674.901572916002
3783.0,130.0781707763672,6.627854347229004,1675.0996704389981
3784.0,93.48438262939453,5.867371559143066,1675.2968168740044
3785.0,52.00246047973633,4.318737506866455,1675.5253566280007
3786.0,88.42322540283203,4.9684977531433105,1675.705252396001
3787.0,14.162757873535156,2.516770601272583,1675.9401548290043
3788.0,32.54108428955078,3.520692825317383,1676.1374690049997
3789.0,35.996063232421875,4.349071025848389,1676.3358093179995
3790.0,26.61522102355957,3.2137229442596436,1676.5356002479966
3791.0,43.52214050292969,5.016494274139404,1676.731906232002
3792.0,28.54497528076172,3.9032318592071533,1676.9530168089987
3793.0,32.52150344848633,3.759554147720337,1677.1626830349996
3794.0,224.73043823242188,7.109065532684326,1677.4019636010053
3795.0,20.18710708618164,3.2923545837402344,1677.6057795399975
3796.0,34.26258087158203,3.8761208057403564,1677.8050838040072
3797.0,29.896242141723633,4.236456394195557,1678.007692441999
3798.0,42.5899543762207,4.189925193786621,1678.2426517169952
3799.0,54.67189407348633,4.75814151763916,1678.5101128940005
3800.0,36.807071685791016,4.236912250518799,1678.7333233009995
3801.0,25.323413848876953,3.5605521202087402,1692.607692110003
3802.0,19.195995330810547,2.7786948680877686,1692.7974895340012
3803.0,56.925018310546875,4.110689640045166,1692.9945347339963
3804.0,44.665775299072266,3.680100440979004,1693.1908096510015
3805.0,31.18705940246582,3.2032124996185303,1693.413315220998
3806.0,21.84347152709961,2.901365041732788,1693.6097419279977
3807.0,24.738332748413086,3.1633377075195312,1693.823870984008
3808.0,30.643198013305664,3.2804667949676514,1694.024045415994
3809.0,19.108388900756836,2.57527756690979,1694.2263613380055
3810.0,10.52088451385498,2.113814353942871,1694.4287397449953
3811.0,32.66020202636719,3.8731682300567627,1694.6419501799974
3812.0,14.654694557189941,2.129411220550537,1694.8333686660044
3813.0,77.51316833496094,4.766956806182861,1695.0271761860058
3814.0,60.36920166015625,4.718206882476807,1695.2270885010075
3815.0,261.8001403808594,9.359759330749512,1695.445552396006
3816.0,61.90657424926758,5.9436750411987305,1695.6504860540008
3817.0,16.503084182739258,2.691826343536377,1695.8496505859948
3818.0,39.54922103881836,4.105625629425049,1696.0457267550082
3819.0,71.12808990478516,4.112368583679199,1696.2486366929952
3820.0,45.95182800292969,4.717780590057373,1696.4460127070051
3821.0,45.17177963256836,4.162289142608643,1696.6442396820057
3822.0,30.670209884643555,3.343183994293213,1696.8391044870077
3823.0,136.90907287597656,6.976260185241699,1697.0353748089983
3824.0,19.687299728393555,3.019688606262207,1697.2321204000036
3825.0,13.524124145507812,2.4839870929718018,1697.4311018879962
3826.0,27.953598022460938,2.7184154987335205,1697.6262223520025
3827.0,21.837020874023438,3.2853987216949463,1697.8268141750013
3828.0,54.806724548339844,4.150257587432861,1698.0236764889996
3829.0,56.209991455078125,4.467954635620117,1698.2214834900078
3830.0,104.17339324951172,5.65570592880249,1698.4173286269943
3831.0,177.5637969970703,8.35448169708252,1698.6151129869977
3832.0,44.747989654541016,4.269345283508301,1698.8135913989972
3833.0,32.88501739501953,2.9080731868743896,1699.007708885998
3834.0,15.370889663696289,2.7012953758239746,1699.1994837579987
3835.0,36.35018539428711,3.6546337604522705,1699.3957446730055
3836.0,28.1348934173584,3.9721713066101074,1699.5920089730062
3837.0,93.17346954345703,5.537975311279297,1699.7899143240065
3838.0,31.97976303100586,3.51456880569458,1699.9841874260019
3839.0,314.2087097167969,7.773689270019531,1700.1810789900046
3840.0,10.401490211486816,2.0219852924346924,1700.3765162119962
3841.0,92.5648422241211,5.311572074890137,1700.5705747940083
3842.0,12.72916030883789,2.014695167541504,1700.779294729
3843.0,132.1492919921875,6.291564464569092,1700.976404853005
3844.0,72.92769622802734,4.774354457855225,1701.1753021839977
3845.0,41.87607955932617,3.995695114135742,1701.369532718003
3846.0,13.407584190368652,2.6309103965759277,1701.564907701002
3847.0,50.39015579223633,4.519554615020752,1701.763890147995
3848.0,48.04109191894531,3.808516263961792,1701.9580440370046
3849.0,24.55722427368164,3.061230421066284,1702.1564707020007
3850.0,49.24446487426758,4.828869819641113,1702.352204912997
3851.0,20.311315536499023,3.304360866546631,1702.5469378540001
3852.0,34.12632369995117,4.19405460357666,1702.7427061049966
3853.0,12.427884101867676,2.7442846298217773,1702.9324418239994
3854.0,19.679122924804688,3.1337502002716064,1703.1343285339972
3855.0,31.348159790039062,3.488943576812744,1703.3283975109953
3856.0,85.44631958007812,6.530960559844971,1703.5280652920046
3857.0,78.3095474243164,5.2443695068359375,1703.7199456579983
3858.0,22.091333389282227,3.3100030422210693,1703.9164700910042
3859.0,83.247802734375,6.070244789123535,1704.108766218007
3860.0,210.2921142578125,7.499492168426514,1704.3023049949988
3861.0,114.87535095214844,6.917793273925781,1704.4977307350055
3862.0,39.05131912231445,4.2644171714782715,1704.6958233970072
3863.0,41.516292572021484,3.760289430618286,1704.8896793519962
3864.0,31.451274871826172,3.9362924098968506,1705.0833888899942
3865.0,57.90167236328125,4.869204044342041,1705.2796093630022
3866.0,49.77613830566406,3.869840145111084,1705.4767047409987
3867.0,11.336913108825684,2.0899035930633545,1705.6753374109976
3868.0,42.41188049316406,4.023372650146484,1705.869623453007
3869.0,157.2944793701172,7.232944965362549,1706.067787713997
3870.0,132.62826538085938,5.32490873336792,1706.2618760970072
3871.0,8.798617362976074,2.0268335342407227,1706.4610578790016
3872.0,16.5078182220459,2.251370429992676,1706.6697392689966
3873.0,80.72893524169922,4.122875690460205,1706.8604222199938
3874.0,54.64598083496094,4.1571784019470215,1707.0551271139993
3875.0,31.061527252197266,3.5780489444732666,1707.2478875509987
3876.0,78.82239532470703,4.835207462310791,1707.4397934449953
3877.0,133.7548065185547,6.37080192565918,1707.6373303029977
3878.0,10.49620246887207,2.22637939453125,1707.8286134740047
3879.0,176.58067321777344,10.93469524383545,1708.0222988000023
3880.0,297.3042907714844,10.57647705078125,1708.2173506440013
3881.0,43.9467887878418,4.646389007568359,1708.4141998029954
3882.0,63.301673889160156,4.553192138671875,1708.6080676660058
3883.0,31.068275451660156,3.335890293121338,1708.8010194020026
3884.0,19.343114852905273,2.5196805000305176,1708.992225620008
3885.0,170.65623474121094,7.300704479217529,1709.1859169600066
3886.0,71.19712829589844,5.12429666519165,1709.3778419800074
3887.0,34.313812255859375,3.6034741401672363,1709.574138291995
3888.0,18.243000030517578,2.3887722492218018,1709.770013026995
3889.0,31.419126510620117,3.6980059146881104,1709.9952031340072
3890.0,37.597129821777344,3.2882089614868164,1710.1875338420068
3891.0,129.8297576904297,6.036806583404541,1710.3816728009988
3892.0,27.28483772277832,3.7500250339508057,1710.5743509620079
3893.0,129.83045959472656,5.311422824859619,1710.7719858519995
3894.0,60.180442810058594,4.869451999664307,1710.980491498005
3895.0,49.91947937011719,4.606250286102295,1711.1763331740076
3896.0,72.79801940917969,4.838864803314209,1711.4053547539952
3897.0,25.82383155822754,3.3520147800445557,1711.5850127309968
3898.0,79.03791809082031,4.8430891036987305,1711.7820473879983
3899.0,58.73392868041992,5.05191707611084,1711.981515174004
3900.0,81.00473022460938,4.859264373779297,1712.195082182996
3901.0,22.387815475463867,3.465360164642334,1728.5884829190036
3902.0,39.56135940551758,3.7438106536865234,1728.887915750005
3903.0,294.7221984863281,7.358548164367676,1729.2091304310015
3904.0,36.851158142089844,4.596991539001465,1729.4974543110002
3905.0,23.75770378112793,3.581035614013672,1729.7980318979971
3906.0,24.741125106811523,3.1849443912506104,1730.091541886999
3907.0,60.256099700927734,4.5714287757873535,1730.453536111003
3908.0,92.8899154663086,6.584775924682617,1730.724023058996
3909.0,14.61546802520752,2.5993802547454834,1730.9922280669998
3910.0,16.13088035583496,2.5709986686706543,1731.2558439330023
3911.0,35.07997512817383,4.023343086242676,1731.5322073130083
3912.0,114.27264404296875,5.044109344482422,1731.8130607170024
3913.0,57.04643630981445,4.250058174133301,1732.0650367740018
3914.0,25.527769088745117,3.4691929817199707,1732.444182296007
3915.0,90.68412780761719,5.322332382202148,1732.7909464219993
3916.0,43.845184326171875,3.920593023300171,1733.1142764190008
3917.0,27.432918548583984,3.585683584213257,1733.3899724609946
3918.0,18.516305923461914,3.2128427028656006,1733.735826550008
3919.0,44.98257827758789,4.556302547454834,1734.0889959540073
3920.0,24.51194190979004,3.6499345302581787,1734.404962501998
3921.0,45.51832962036133,4.847918510437012,1734.6930512959952
3922.0,14.06285285949707,2.598217725753784,1735.0512581859948
3923.0,36.80455780029297,3.634935140609741,1735.4013181479968
3924.0,35.67183303833008,3.186659812927246,1735.7095293010061
3925.0,24.639408111572266,3.4344937801361084,1736.0757732519996
3926.0,13.858418464660645,2.5554964542388916,1736.382512917
3927.0,22.695158004760742,3.4196596145629883,1736.687747392003
3928.0,41.796504974365234,3.153815507888794,1736.9938785630075
3929.0,133.19093322753906,7.726058006286621,1737.284273835001
3930.0,12.205304145812988,2.5677990913391113,1737.5814369199943
3931.0,17.856658935546875,3.109689474105835,1737.8485753849964
3932.0,84.45811462402344,8.377058029174805,1738.115201032997
3933.0,33.754825592041016,3.7196335792541504,1738.405550363008
3934.0,39.23710632324219,4.225780487060547,1738.7473829619994
3935.0,74.69384765625,4.807907581329346,1739.0397618790012
3936.0,13.887641906738281,2.43375301361084,1739.3264876360045
3937.0,64.09083557128906,6.224476337432861,1739.691213693004
3938.0,83.18746185302734,5.399404048919678,1739.9965041789983
3939.0,169.61502075195312,7.851926326751709,1740.2627080039965
3940.0,26.996679306030273,3.4512178897857666,1740.5493788099993
3941.0,27.303380966186523,3.0223615169525146,1740.8898531519953
3942.0,35.91659164428711,2.902655601501465,1741.1700066430058
3943.0,70.82067108154297,6.700850963592529,1741.4458083270001
3944.0,24.9462890625,3.633004903793335,1741.7053210949962
3945.0,37.01027297973633,3.0739498138427734,1741.973445612006
3946.0,31.349550247192383,3.236124277114868,1742.2550543380057
3947.0,83.55433654785156,6.193037033081055,1742.5313809060026
3948.0,11.696768760681152,2.4076225757598877,1742.8066864449938
3949.0,11.253072738647461,2.093419075012207,1743.070854398
3950.0,8.775861740112305,2.0013387203216553,1743.3324411740032
3951.0,171.26612854003906,5.220058441162109,1743.6192599700007
3952.0,58.103248596191406,4.297399997711182,1743.9029105880036
3953.0,39.544464111328125,3.317460775375366,1744.1827013309958
3954.0,181.33274841308594,8.457823753356934,1744.4435562510043
3955.0,13.26318359375,2.693147897720337,1744.7292449149973
3956.0,24.496883392333984,3.180009126663208,1745.028709377002
3957.0,17.55878448486328,3.1692023277282715,1745.3279054440063
3958.0,69.84900665283203,4.863440036773682,1745.5995989479998
3959.0,150.17120361328125,6.741868495941162,1745.8646415840049
3960.0,18.22534942626953,2.770758628845215,1746.1690238989977
3961.0,32.927818298339844,3.8180558681488037,1746.4376403969945
3962.0,34.711666107177734,3.5624475479125977,1746.7245004470024
3963.0,416.6636962890625,15.109957695007324,1746.9846759320062
3964.0,49.65394592285156,3.948504686355591,1747.273045926995
3965.0,55.62981033325195,4.410250186920166,1747.5564130540006
3966.0,342.6412658691406,11.47325325012207,1747.8243407310074
3967.0,39.66266632080078,3.6960837841033936,1748.091462632001
3968.0,30.297054290771484,3.29329514503479,1748.368354502003
3969.0,21.114032745361328,2.7377853393554688,1748.649238768994
3970.0,35.22026443481445,3.943006753921509,1748.9275362430053
3971.0,109.65059661865234,5.904110908508301,1749.229329298003
3972.0,250.57489013671875,8.599802017211914,1749.4859299039963
3973.0,23.03169822692871,3.344799518585205,1749.761963886005
3974.0,38.864707946777344,4.0573954582214355,1750.0397913220077
3975.0,128.6414794921875,6.2455220222473145,1750.3370119699975
3976.0,37.228607177734375,3.5715842247009277,1750.6074623879977
3977.0,39.86838912963867,4.22284460067749,1750.8770100010006
3978.0,57.30672073364258,4.295309543609619,1751.1811046030052
3979.0,50.293312072753906,4.101921081542969,1751.449329023002
3980.0,45.21541976928711,4.138276100158691,1751.7440025560063
3981.0,27.95333480834961,3.5052034854888916,1751.993166440996
3982.0,21.167299270629883,3.7444872856140137,1752.2638739200047
3983.0,24.842756271362305,4.084791660308838,1752.5738293879986
3984.0,90.872314453125,5.8347859382629395,1752.8824082320061
3985.0,4.2354736328125,1.4037666320800781,1753.171575408007
3986.0,15.482454299926758,2.3339574337005615,1753.5023227769998
3987.0,13.819436073303223,2.7217519283294678,1753.7959845389996
3988.0,27.307209014892578,3.511141538619995,1754.063720338003
3989.0,37.69341278076172,3.8832571506500244,1754.3565087949974
3990.0,28.82217788696289,3.3291094303131104,1754.6287128999975
3991.0,17.81199073791504,2.9404714107513428,1754.9105921269947
3992.0,31.46566390991211,3.8320682048797607,1755.1968587879965
3993.0,38.299068450927734,3.8207266330718994,1755.4989940240048
3994.0,73.1988525390625,4.953337669372559,1755.7747948010074
3995.0,17.12044906616211,2.836900472640991,1756.0638886090019
3996.0,105.82405853271484,5.73832893371582,1756.3263671650056
3997.0,88.69828033447266,5.408514499664307,1756.6111798540078
3998.0,10.637001037597656,2.208658218383789,1756.9023315499944
3999.0,410.11614990234375,11.217644691467285,1757.1954255339951
4000.0,255.8002166748047,9.076281547546387,1757.4670109209983
4001.0,38.60785675048828,3.4038357734680176,1771.494491972
4002.0,67.95421600341797,3.9288668632507324,1771.8015463810007
4003.0,11.803122520446777,2.0780842304229736,1772.0639283399942
4004.0,14.744230270385742,2.5693109035491943,1772.3506565940042
4005.0,20.991823196411133,3.023895025253296,1772.609701925001
4006.0,22.961559295654297,2.6380488872528076,1772.903651946006
4007.0,128.9927520751953,8.647429466247559,1773.2136485800002
4008.0,41.24288558959961,5.181528091430664,1773.5020522340055
4009.0,78.6585693359375,4.827057838439941,1773.8027492990077
4010.0,22.343015670776367,3.473057270050049,1774.1093361179956
4011.0,68.00508880615234,5.125165939331055,1774.388032044997
4012.0,43.634586334228516,4.31864595413208,1774.6469394089945
4013.0,113.37567901611328,6.881497383117676,1774.9191346949956
4014.0,28.801694869995117,3.3853588104248047,1775.2226917549997
4015.0,67.48296356201172,4.19612979888916,1775.5057059840037
4016.0,21.9591007232666,2.801445484161377,1775.7963070050027
4017.0,129.74600219726562,6.425761699676514,1776.0822845649964
4018.0,21.232267379760742,3.1218478679656982,1776.3610120859958
4019.0,70.5354232788086,4.97952127456665,1776.664665461998
4020.0,23.076030731201172,3.329937219619751,1776.9615940359945
4021.0,24.01458168029785,3.550467014312744,1777.2370523879945
4022.0,36.32783126831055,3.8050737380981445,1777.5069820000062
4023.0,30.16843032836914,3.760700225830078,1777.8010804299993
4024.0,61.557613372802734,4.637462615966797,1778.107842426005
4025.0,74.47891235351562,5.2764458656311035,1778.3688997249992
4026.0,279.133056640625,8.389604568481445,1778.658162827007
4027.0,65.73416137695312,5.630824089050293,1778.9808848740067
4028.0,58.11076736450195,4.651857852935791,1779.2523614740057
4029.0,72.40390014648438,4.188521385192871,1779.5481226819975
4030.0,203.3071746826172,7.192507743835449,1779.8164707639953
4031.0,23.908411026000977,2.9302468299865723,1780.0934948130016
4032.0,23.03785514831543,3.484717607498169,1780.379897182007
4033.0,27.248598098754883,3.364948272705078,1780.6783711839962
4034.0,48.036808013916016,4.084488868713379,1780.9722654060024
4035.0,40.74016189575195,3.695128917694092,1781.2535674840037
4036.0,52.83440399169922,4.699810981750488,1781.5588753949996
4037.0,84.87779235839844,5.099436283111572,1781.8950461180066
4038.0,22.63182830810547,3.341219663619995,1782.1889361390058
4039.0,27.04193115234375,3.9946610927581787,1782.4709821760043
4040.0,35.088584899902344,3.6630373001098633,1782.723199715998
4041.0,10.345438957214355,2.1415960788726807,1782.9845679230057
4042.0,20.9363956451416,2.94551157951355,1783.2683735699975
4043.0,145.9599151611328,7.014300346374512,1783.553334124008
4044.0,16.54995346069336,2.883622169494629,1783.876965707008
4045.0,62.62725830078125,4.820220470428467,1784.1965343670017
4046.0,16.01858901977539,2.5729362964630127,1784.4807678039942
4047.0,17.834850311279297,3.4116413593292236,1784.7810233759956
4048.0,16.88525390625,2.632570266723633,1785.0830677460035
4049.0,23.887948989868164,3.4331483840942383,1785.375049587994
4050.0,39.853092193603516,4.009842395782471,1785.6552155160025
4051.0,64.6247787475586,4.656670093536377,1785.9209001760028
4052.0,29.019004821777344,3.7673821449279785,1786.2019572029967
4053.0,71.36630249023438,5.467552185058594,1786.4693080169964
4054.0,103.51032257080078,6.293506622314453,1786.739450106994
4055.0,311.0796203613281,11.97169017791748,1787.0292703220039
4056.0,118.565673828125,5.641059875488281,1787.3282274560042
4057.0,15.125093460083008,2.738131284713745,1787.5937403959979
4058.0,12.864249229431152,2.50787615776062,1787.8557172269939
4059.0,29.71742820739746,3.8115084171295166,1788.1204144820076
4060.0,29.957916259765625,3.3468945026397705,1788.3767481649993
4061.0,73.9915542602539,5.369006633758545,1788.6776557690027
4062.0,53.307167053222656,4.530874729156494,1789.001237977005
4063.0,34.73561096191406,4.4204301834106445,1789.306448051997
4064.0,38.230987548828125,4.280625343322754,1789.5797160380025
4065.0,24.67207908630371,3.8521695137023926,1789.8465988499956
4066.0,39.39860916137695,4.677172660827637,1790.1460604729946
4067.0,25.762075424194336,2.937636375427246,1790.4457276470057
4068.0,15.10401725769043,2.6828346252441406,1790.713141233995
4069.0,158.98922729492188,7.106053829193115,1790.9810923460027
4070.0,288.1424560546875,8.910792350769043,1791.2744596400007
4071.0,36.539852142333984,3.4622223377227783,1791.575526722998
4072.0,37.33051681518555,4.067080974578857,1791.9098843149986
4073.0,13.775178909301758,2.579392194747925,1792.2370572240034
4074.0,13.39967155456543,2.5651063919067383,1792.5406683530018
4075.0,30.74738121032715,2.953134059906006,1792.8678933530027
4076.0,16.763628005981445,3.0731163024902344,1793.1581450960075
4077.0,37.7296142578125,3.3972177505493164,1793.4485334229976
4078.0,14.633636474609375,2.386636734008789,1793.8307719589939
4079.0,60.93138885498047,4.2054123878479,1794.1410762930027
4080.0,18.19855499267578,2.767773151397705,1794.593431854999
4081.0,59.68870162963867,4.890084266662598,1794.8466427509993
4082.0,139.46942138671875,7.170094966888428,1795.1235153779999
4083.0,33.134944915771484,4.604629993438721,1795.4047433300002
4084.0,12.251721382141113,2.760629653930664,1795.6775908520067
4085.0,37.31942367553711,4.262457370758057,1795.9525383020082
4086.0,27.057584762573242,3.9967401027679443,1796.2463119669992
4087.0,109.22330474853516,4.9891228675842285,1796.559525003002
4088.0,15.304584503173828,2.4159352779388428,1796.8297910740075
4089.0,14.227666854858398,2.543301820755005,1797.1313870370068
4090.0,93.03116607666016,5.560962677001953,1797.4243837100075
4091.0,53.768741607666016,3.69050931930542,1797.7027617249987
4092.0,71.70187377929688,3.7702627182006836,1797.9850597159966
4093.0,209.78700256347656,7.68756103515625,1798.2593558730005
4094.0,22.815834045410156,3.0858724117279053,1798.5364193989953
4095.0,14.203828811645508,2.6287121772766113,1798.8117397739989
4096.0,57.07364273071289,4.403003692626953,1799.0805068420013
4097.0,40.33290100097656,4.070470333099365,1799.3414647769969
4098.0,12.275723457336426,2.2646501064300537,1799.643418784006
4099.0,21.919055938720703,2.9415206909179688,1799.9131803229975
4100.0,30.852169036865234,3.5991928577423096,1800.216934505006
4101.0,67.49394226074219,5.332462787628174,1814.2771413890005
4102.0,94.31316375732422,8.6001558303833,1814.5577740570006
4103.0,23.515392303466797,3.367614507675171,1814.8403518970008
4104.0,29.72587013244629,3.307032585144043,1815.1678933609946
4105.0,20.247013092041016,3.012758731842041,1815.4449666940054
4106.0,18.576969146728516,3.1006784439086914,1815.7280487249955
4107.0,16.82053565979004,2.576388120651245,1816.0063643610047
4108.0,262.8435974121094,5.737650394439697,1816.2778391629981
4109.0,47.51569747924805,3.990535020828247,1816.5467725420021
4110.0,37.925106048583984,3.6332552433013916,1816.8168333840003
4111.0,92.51512145996094,4.9957356452941895,1817.0764866840036
4112.0,105.614990234375,6.487653732299805,1817.356319515995
4113.0,21.939733505249023,3.6680009365081787,1817.6308133770071
4114.0,72.64891052246094,6.94655704498291,1817.9385405409994
4115.0,69.16399383544922,6.447696685791016,1818.229801716996
4116.0,49.40372085571289,4.369576454162598,1818.543751713005
4117.0,86.22648620605469,5.9021196365356445,1818.8444104609953
4118.0,62.23333740234375,4.891515731811523,1819.136031490998
4119.0,34.988502502441406,4.273735046386719,1819.4102573319979
4120.0,251.1764373779297,8.106550216674805,1819.7005552509945
4121.0,48.55401611328125,4.714068412780762,1819.9909365380008
4122.0,77.87940979003906,4.661779880523682,1820.2847677109967
4123.0,17.18458366394043,2.5554022789001465,1820.5709770959947
4124.0,53.365108489990234,4.487185955047607,1820.8730342799972
4125.0,35.99751281738281,4.171627521514893,1821.1609939689952
4126.0,20.917123794555664,2.4982986450195312,1821.4373397080053
4127.0,20.148954391479492,2.7011146545410156,1821.7480352359999
4128.0,13.780484199523926,2.4537487030029297,1822.0299837259954
4129.0,55.955078125,4.283627986907959,1822.3051434999943
4130.0,9.14945125579834,1.9861478805541992,1822.5887443600077
4131.0,116.31797790527344,6.28520393371582,1822.8595471849985
4132.0,42.034976959228516,4.597014904022217,1823.1636588679976
4133.0,12.654097557067871,2.173330068588257,1823.4595531819941
4134.0,38.19538497924805,4.2487101554870605,1823.7416786440008
4135.0,47.52058792114258,3.8747570514678955,1824.0154145650013
4136.0,44.942588806152344,4.200390338897705,1824.2803673070011
4137.0,63.41135787963867,5.18991231918335,1824.5762940730056
4138.0,36.99139404296875,4.392329216003418,1824.9092432379985
4139.0,55.75290298461914,4.017981052398682,1825.2007805629983
4140.0,13.04721736907959,2.39410662651062,1825.4807496180001
4141.0,287.55413818359375,11.154974937438965,1825.7932747510058
4142.0,25.35173988342285,2.9792518615722656,1826.0659838669962
4143.0,86.0838623046875,5.164844989776611,1826.3504653300042
4144.0,78.54486083984375,5.05607271194458,1826.6188165210042
4145.0,10.22728443145752,2.084270477294922,1826.9045717209956
4146.0,30.29008674621582,4.5008745193481445,1827.2146729170054
4147.0,219.3614501953125,8.4212064743042,1827.5675034129963
4148.0,69.35150909423828,4.976630687713623,1827.9056460800057
4149.0,94.21668243408203,6.058182239532471,1828.2053906770016
4150.0,12.911901473999023,2.420336961746216,1828.5098304109997
4151.0,63.52672576904297,5.31439208984375,1828.8093305869988
4152.0,38.75222396850586,3.749516010284424,1829.121130052008
4153.0,30.885583877563477,4.033402919769287,1829.4371669719985
4154.0,25.3525333404541,3.7923479080200195,1829.8551235869963
4155.0,48.74848937988281,3.519460678100586,1830.2016677140055
4156.0,20.990951538085938,2.5952670574188232,1830.7153798969957
4157.0,40.36321258544922,4.227451801300049,1831.1259711599996
4158.0,37.85784912109375,3.8743410110473633,1831.4807330589974
4159.0,57.83026885986328,5.630326271057129,1831.7835947730055
4160.0,9.913278579711914,2.046243190765381,1832.0898126289976
4161.0,51.23368453979492,4.977624893188477,1832.440629372999
4162.0,13.344568252563477,2.4553980827331543,1832.7761868350062
4163.0,93.90547180175781,5.739274978637695,1833.0858713250054
4164.0,9.907727241516113,2.3252716064453125,1833.4365333599999
4165.0,85.4483413696289,5.261190891265869,1833.7142812899983
4166.0,499.7298583984375,14.12007999420166,1834.098991602994
4167.0,71.87648010253906,6.132613658905029,1834.3855670820049
4168.0,84.05249786376953,5.565342903137207,1834.739313772996
4169.0,29.509845733642578,3.8933632373809814,1835.0700988000026
4170.0,24.36625862121582,3.6817684173583984,1835.3381458009972
4171.0,99.90917205810547,5.459711074829102,1835.6155234680045
4172.0,15.646281242370605,3.2117183208465576,1835.9849987049965
4173.0,31.04788589477539,3.824167490005493,1836.3654975490062
4174.0,245.63674926757812,8.060210227966309,1836.7509444479947
4175.0,27.30592155456543,3.326223850250244,1837.0846132459992
4176.0,14.92971420288086,2.713131904602051,1837.5555115280004
4177.0,28.041889190673828,3.2659080028533936,1837.8790223260003
4178.0,83.03764343261719,5.225589275360107,1838.1675720509957
4179.0,49.250572204589844,4.1810221672058105,1838.4531862639997
4180.0,59.3197135925293,6.916521072387695,1838.7424421019969
4181.0,19.807268142700195,3.1844937801361084,1839.0306714269973
4182.0,14.900267601013184,2.8811721801757812,1839.3202719469991
4183.0,32.129371643066406,3.6419296264648438,1839.652583108007
4184.0,149.06890869140625,8.427092552185059,1839.9394735899987
4185.0,91.70140838623047,4.833342552185059,1840.227692829998
4186.0,181.9467010498047,11.651288032531738,1840.5161264439957
4187.0,33.924861907958984,3.2572333812713623,1840.7836451360054
4188.0,20.81668472290039,3.185087203979492,1841.0518864960031
4189.0,42.02506637573242,3.9781274795532227,1841.3642350610025
4190.0,21.78432273864746,2.539642810821533,1841.6420887610002
4191.0,24.586055755615234,3.1543118953704834,1841.9293960450013
4192.0,30.203060150146484,4.465232849121094,1842.2005870709982
4193.0,240.79002380371094,10.447894096374512,1842.4978083870083
4194.0,164.2947998046875,6.419488430023193,1842.796824681005
4195.0,38.876670837402344,4.592462539672852,1843.0773810779938
4196.0,93.85548400878906,5.546564102172852,1843.3700989009958
4197.0,101.79991149902344,5.621855735778809,1843.6610327710077
4198.0,37.08210754394531,4.467886447906494,1843.9325965610042
4199.0,48.576499938964844,4.2850823402404785,1844.240528719005
4200.0,32.98699951171875,3.799732208251953,1844.499424965994
4201.0,15.352093696594238,2.904608964920044,1861.9657256899955
4202.0,10.351146697998047,2.129436731338501,1862.229411185006
4203.0,59.716400146484375,5.029932975769043,1862.5125115120027
4204.0,72.64328002929688,4.7093186378479,1862.7940906300064
4205.0,93.47440338134766,5.462113857269287,1863.089490340004
4206.0,9.688026428222656,1.809059500694275,1863.397491937998
4207.0,27.278223037719727,2.9020073413848877,1863.8043637020019
4208.0,8.847994804382324,2.0790975093841553,1864.1908605339995
4209.0,9.221187591552734,2.107149362564087,1864.4705384160043
4210.0,61.712974548339844,4.784852027893066,1864.7306785830006
4211.0,111.79136657714844,6.702516555786133,1865.0186847790028
4212.0,66.71924591064453,4.696511268615723,1865.3100074300019
4213.0,103.36882781982422,4.8930745124816895,1865.5866487000021
4214.0,21.730754852294922,3.174842357635498,1865.8681909739971
4215.0,32.13985061645508,4.17341423034668,1866.1376473950077
4216.0,176.09439086914062,5.692429542541504,1866.4505459930078
4217.0,31.424787521362305,3.3429555892944336,1866.8155751140002
4218.0,84.05484008789062,5.135421276092529,1867.1235041659966
4219.0,47.789886474609375,4.4867167472839355,1867.4009961270058
4220.0,53.82452392578125,4.267838954925537,1867.7153297330078
4221.0,41.10437774658203,3.9429261684417725,1868.0307796940033
4222.0,7.478880882263184,1.8000009059906006,1868.3232902750024
4223.0,61.89585494995117,4.595165252685547,1868.6007898789976
4224.0,33.72724914550781,4.2164387702941895,1868.891714270998
4225.0,19.50262451171875,3.14858341217041,1869.1861594570073
4226.0,42.36785125732422,3.6763174533843994,1869.4460308270063
4227.0,67.14398956298828,5.038499355316162,1869.7195213390078
4228.0,10.329272270202637,1.961493730545044,1870.093276878004
4229.0,27.992155075073242,4.188076496124268,1870.4025266499957
4230.0,144.522705078125,6.660207271575928,1870.7025520110037
4231.0,11.033822059631348,2.008157730102539,1871.0003128579992
4232.0,17.425294876098633,2.7438716888427734,1871.2919736500044
4233.0,34.338802337646484,4.241374492645264,1871.5965772110067
4234.0,34.36897659301758,3.6941988468170166,1871.879684900996
4235.0,32.16918182373047,3.639042615890503,1872.1777286480065
4236.0,55.384178161621094,4.44179630279541,1872.492051609006
4237.0,88.58818817138672,4.401904582977295,1872.8403322020022
4238.0,16.305770874023438,2.666855573654175,1873.1478632399958
4239.0,15.597678184509277,2.6166865825653076,1873.4324226089957
4240.0,73.74140167236328,5.146923542022705,1873.728095879007
4241.0,92.8331069946289,6.022960662841797,1874.0352605429944
4242.0,41.391319274902344,4.440530776977539,1874.3097116190038
4243.0,53.34689712524414,5.1526079177856445,1874.5736613799963
4244.0,49.50752639770508,5.506861209869385,1874.8587074579991
4245.0,87.90673065185547,4.222101211547852,1875.1490618639946
4246.0,4.641104698181152,1.3753598928451538,1875.458405754005
4247.0,68.41169738769531,5.082366466522217,1875.7881051389995
4248.0,90.58540344238281,5.662385940551758,1876.1097319200053
4249.0,124.28276062011719,6.270015716552734,1876.4348086190003
4250.0,64.69011688232422,4.057294845581055,1876.7420693760068
4251.0,33.66387176513672,3.5263218879699707,1877.0398550690006
4252.0,101.28820037841797,5.560516357421875,1877.3448895070032
4253.0,49.809959411621094,4.854485511779785,1877.6796546770056
4254.0,444.7742614746094,11.008230209350586,1878.0010293119994
4255.0,85.09183502197266,5.661037445068359,1878.3377014010039
4256.0,76.91121673583984,4.920612812042236,1878.6232232460025
4257.0,13.14487075805664,2.57371187210083,1878.962496883003
4258.0,23.943540573120117,2.608229160308838,1879.239145205007
4259.0,26.17578125,2.818321943283081,1879.5155828870047
4260.0,17.044458389282227,2.718564510345459,1879.8084472379996
4261.0,14.619184494018555,2.6861610412597656,1880.0967082340067
4262.0,63.14222717285156,4.533998012542725,1880.373287237002
4263.0,10.686473846435547,2.075577974319458,1880.6623738390044
4264.0,12.25088882446289,2.077826738357544,1880.9463874149951
4265.0,10.680379867553711,2.724853038787842,1881.2288763170072
4266.0,43.6121826171875,3.7146713733673096,1881.518792561008
4267.0,24.10938262939453,3.3979742527008057,1881.8070313439966
4268.0,64.86791229248047,4.037263870239258,1882.0856652990042
4269.0,118.9753189086914,6.815399169921875,1882.3789328450075
4270.0,54.59546661376953,4.662135124206543,1882.7189547580056
4271.0,21.72986602783203,3.489297866821289,1883.0129965600063
4272.0,29.91884422302246,2.935004234313965,1883.285382407994
4273.0,199.5828399658203,6.372639179229736,1883.577290500005
4274.0,23.229982376098633,3.2477798461914062,1883.8784495449945
4275.0,112.71539306640625,6.111651420593262,1884.1492067979998
4276.0,17.422605514526367,3.2615346908569336,1884.4713154979981
4277.0,168.6836395263672,7.695645809173584,1884.7701628070063
4278.0,46.51128005981445,3.9321436882019043,1885.0474036700034
4279.0,27.254648208618164,3.4229142665863037,1885.3190246900049
4280.0,40.7338752746582,4.032918930053711,1885.576876881998
4281.0,51.52983474731445,4.402066707611084,1885.848474230006
4282.0,27.31378936767578,3.7141411304473877,1886.1219604210055
4283.0,28.87140655517578,3.252389669418335,1886.4058281510079
4284.0,12.46268081665039,2.412468910217285,1886.6886599010031
4285.0,11.250782012939453,2.259855270385742,1886.963142677996
4286.0,36.13004684448242,3.2838797569274902,1887.2473596049967
4287.0,9.998581886291504,2.068732500076294,1887.5378244400054
4288.0,61.47501754760742,5.701385021209717,1887.8469728420023
4289.0,95.12739562988281,7.116637706756592,1888.1082177820062
4290.0,23.221555709838867,3.028169631958008,1888.411512185994
4291.0,21.094722747802734,3.5420565605163574,1888.7453921340057
4292.0,35.80357360839844,3.5744168758392334,1889.034186125995
4293.0,43.971675872802734,4.591144561767578,1889.336501126003
4294.0,44.133399963378906,4.3675031661987305,1889.6684533039952
4295.0,9.8648099899292,1.9926649332046509,1889.954609694003
4296.0,159.73854064941406,6.092891693115234,1890.2269734820002
4297.0,28.56697654724121,3.291029214859009,1890.5289252859948
4298.0,122.15666961669922,6.664278507232666,1890.8428260149958
4299.0,42.064964294433594,2.9473977088928223,1891.134517562008
4300.0,21.964435577392578,2.457484006881714,1891.3931087079982
4301.0,26.069252014160156,3.78332781791687,1911.2463733979966
4302.0,30.58082389831543,3.724849224090576,1911.528841435007
4303.0,339.4974060058594,10.566519737243652,1911.7978031810053
4304.0,19.705167770385742,2.3584322929382324,1912.1100901180034
4305.0,16.630231857299805,2.5206046104431152,1912.4085337610013
4306.0,46.72623062133789,4.527729511260986,1912.6610913350014
4307.0,227.2368621826172,8.594827651977539,1912.9195025200024
4308.0,67.25896453857422,5.491233825683594,1913.2387810829969
4309.0,11.529706954956055,2.1311259269714355,1913.5620483910025
4310.0,24.661060333251953,2.3209388256073,1913.863551686998
4311.0,19.849700927734375,2.9846558570861816,1914.1996655230032
4312.0,145.5028839111328,7.919426918029785,1914.483093679999
4313.0,47.64887237548828,2.5105321407318115,1914.7420366900042
4314.0,72.18903350830078,5.2631025314331055,1915.0240307380009
4315.0,30.5666446685791,3.6647913455963135,1915.3003456949955
4316.0,281.9352722167969,8.899337768554688,1915.607054513006
4317.0,23.802011489868164,2.876009225845337,1915.8949474060064
4318.0,28.274662017822266,3.209982395172119,1916.1724777880008
4319.0,28.13775062561035,3.633606195449829,1916.4793029139983
4320.0,28.824234008789062,3.0440750122070312,1916.7558261469967
4321.0,104.12445068359375,5.794029235839844,1917.0494229299948
4322.0,42.054012298583984,3.7482128143310547,1917.3454708329955
4323.0,29.311134338378906,3.7627761363983154,1917.6239941670065
4324.0,255.6887664794922,9.287873268127441,1917.905349460998
4325.0,155.01904296875,6.693329334259033,1918.1972503959987
4326.0,13.681427955627441,2.923658847808838,1918.4760169850051
4327.0,60.30165100097656,4.955700874328613,1918.7540288559976
4328.0,100.91792297363281,6.733963489532471,1919.0587667469954
4329.0,21.499671936035156,3.1830928325653076,1919.3384630070068
4330.0,87.43498229980469,5.645333766937256,1919.6122393859987
4331.0,70.40662384033203,4.863589763641357,1919.9210806939955
4332.0,44.63261413574219,3.448930501937866,1920.229425180005
4333.0,17.75149917602539,2.7754080295562744,1920.5289882100042
4334.0,17.027326583862305,2.77907657623291,1920.8170905820007
4335.0,48.28407669067383,5.606038570404053,1921.0957998509984
4336.0,57.547855377197266,4.49092960357666,1921.3513625439955
4337.0,86.90731048583984,5.585626125335693,1921.6239362079941
4338.0,141.14036560058594,5.735044956207275,1921.8961237559997
4339.0,41.34850311279297,3.6316256523132324,1922.2153902239952
4340.0,53.431365966796875,3.9087913036346436,1922.4923664499947
4341.0,12.020185470581055,2.2894978523254395,1922.7679187049944
4342.0,50.95712661743164,3.9275336265563965,1923.0556828310073
4343.0,93.2430191040039,5.803317070007324,1923.3446595160058
4344.0,36.63954162597656,3.896784782409668,1923.6582338139997
4345.0,54.41037368774414,3.75123929977417,1923.9460044809966
4346.0,36.908321380615234,3.2600181102752686,1924.2582989530056
4347.0,22.45611000061035,3.1679351329803467,1924.5597203310026
4348.0,20.67146873474121,3.1337168216705322,1924.844815798002
4349.0,14.295669555664062,2.474888801574707,1925.1641051610059
4350.0,21.6774959564209,2.9856460094451904,1925.4771197460068
4351.0,79.01713562011719,5.40524959564209,1925.7699103689956
4352.0,28.8006591796875,3.7803409099578857,1926.060420163005
4353.0,16.58833122253418,2.6407244205474854,1926.3530525450042
4354.0,30.882938385009766,4.33059024810791,1926.6638706530066
4355.0,71.5170669555664,4.571066379547119,1926.9285308779945
4356.0,21.341218948364258,3.1416261196136475,1927.2223425690026
4357.0,44.17374038696289,3.8273277282714844,1927.5084352340054
4358.0,6.420759677886963,1.580957293510437,1927.7792843689967
4359.0,152.4753875732422,6.990037441253662,1928.1044136160053
4360.0,11.526448249816895,2.2319846153259277,1928.387432183008
4361.0,17.331077575683594,2.556962490081787,1928.6823651879968
4362.0,14.920816421508789,2.3938021659851074,1928.9569841360062
4363.0,55.96723556518555,4.266961097717285,1929.2569995109952
4364.0,127.29564666748047,5.342639923095703,1929.5356742769945
4365.0,155.09202575683594,8.374168395996094,1929.8437558870064
4366.0,33.34844970703125,4.39882230758667,1930.150708191999
4367.0,89.6982421875,5.717281341552734,1930.4423098240077
4368.0,74.0772933959961,5.071644306182861,1930.703839573005
4369.0,14.838676452636719,2.5255849361419678,1930.9932575270068
4370.0,72.56795501708984,5.2905683517456055,1931.2561228169943
4371.0,39.50008773803711,4.286257266998291,1931.573933106003
4372.0,41.00345230102539,3.641140937805176,1931.8788697779964
4373.0,320.0039978027344,10.931833267211914,1932.1411026980059
4374.0,47.031578063964844,4.142151832580566,1932.4316697699978
4375.0,89.18997955322266,5.356427192687988,1932.7384569590067
4376.0,12.511714935302734,2.243302822113037,1933.0517288679985
4377.0,43.200496673583984,4.304981708526611,1933.3516475030046
4378.0,85.58583068847656,4.953781604766846,1933.652682355998
4379.0,302.32464599609375,10.53747844696045,1933.9525693510077
4380.0,22.35205841064453,3.185962438583374,1934.2446591530024
4381.0,39.715850830078125,4.292433738708496,1934.5560571709939
4382.0,23.531105041503906,3.2609000205993652,1934.8392853569967
4383.0,163.09144592285156,6.360756874084473,1935.1455680320068
4384.0,20.54482078552246,3.5598976612091064,1935.4429035750072
4385.0,44.725704193115234,3.210233211517334,1935.7455731960072
4386.0,82.52717590332031,5.666995525360107,1936.0596497410006
4387.0,191.8001251220703,6.888162612915039,1936.336230522007
4388.0,13.056756973266602,2.741983652114868,1936.6378011619963
4389.0,59.00944519042969,5.219881534576416,1937.0785697259998
4390.0,63.16682434082031,4.147082805633545,1937.4395307119994
4391.0,41.16246032714844,3.890467643737793,1937.7250874870078
4392.0,151.14959716796875,6.30010461807251,1938.0249481479987
4393.0,73.14958953857422,4.772812366485596,1938.3392167450074
4394.0,11.997359275817871,2.090099811553955,1938.6469841750077
4395.0,18.175622940063477,3.0211143493652344,1938.9070502859977
4396.0,68.75774383544922,5.008845806121826,1939.2112694959942
4397.0,89.3165283203125,5.753826141357422,1939.5395512990071
4398.0,65.84857177734375,3.989814043045044,1939.8241704600077
4399.0,21.059568405151367,2.927459716796875,1940.0895927859965
4400.0,26.620540618896484,3.2722439765930176,1940.4040543890005
4401.0,62.74876022338867,5.517101287841797,1956.7255368990009
4402.0,97.07345581054688,5.472397804260254,1957.001163695997
4403.0,20.680885314941406,3.029956340789795,1957.2872908260033
4404.0,21.438528060913086,2.740626811981201,1957.5892827780044
4405.0,21.652084350585938,3.123816967010498,1957.9095036450017
4406.0,35.091094970703125,4.07628870010376,1958.2442869780061
4407.0,33.042701721191406,3.377936363220215,1958.532228740005
4408.0,24.67483901977539,3.1184818744659424,1958.8095611479948
4409.0,38.329715728759766,3.458782434463501,1959.0801119660027
4410.0,41.29800033569336,4.275845050811768,1959.3580525290017
4411.0,39.12839126586914,4.281978607177734,1959.6959591979976
4412.0,25.790435791015625,3.146529197692871,1960.0222592880018
4413.0,35.49784851074219,3.83164644241333,1960.3399924999976
4414.0,39.93122863769531,3.1771199703216553,1960.6520188959985
4415.0,34.360992431640625,3.6893441677093506,1960.9300309859973
4416.0,71.01397705078125,5.879927158355713,1961.251647173005
4417.0,116.05171203613281,4.294561862945557,1961.578125362008
4418.0,48.56498718261719,3.882218360900879,1961.8677173920005
4419.0,7.847818851470947,2.054226875305176,1962.143675528001
4420.0,44.081825256347656,3.768460512161255,1962.4426041080005
4421.0,33.762821197509766,3.8964762687683105,1962.738148813005
4422.0,65.28775024414062,5.696162700653076,1962.9957415859972
4423.0,8.099031448364258,1.7960537672042847,1963.323923554999
4424.0,69.13737487792969,4.4737348556518555,1963.603867665006
4425.0,12.896185874938965,2.102473735809326,1963.8997005160054
4426.0,10.100001335144043,2.182218313217163,1964.245276607995
4427.0,17.26749038696289,2.6914687156677246,1964.5241239489987
4428.0,24.145896911621094,3.5139448642730713,1964.8243275749992
4429.0,33.565704345703125,3.3993709087371826,1965.1276678470022
4430.0,19.553041458129883,3.090027332305908,1965.4448073179956
4431.0,157.9197998046875,7.795572280883789,1965.8096567860048
4432.0,71.29747009277344,5.375031471252441,1966.1272394230036
4433.0,23.15385627746582,3.232605457305908,1966.4615189739998
4434.0,15.6373291015625,2.447985887527466,1966.749893013999
4435.0,58.24033737182617,4.386253356933594,1967.021264127994
4436.0,52.225791931152344,3.7383103370666504,1967.2999756390054
4437.0,82.13733673095703,4.7709527015686035,1967.6024217359954
4438.0,31.079572677612305,3.8460817337036133,1967.9079122469993
4439.0,47.57481002807617,4.084375381469727,1968.2071609830018
4440.0,37.15345001220703,4.031462669372559,1968.4795877300057
4441.0,110.8922119140625,5.754741668701172,1968.7464426079969
4442.0,57.22956848144531,4.069486141204834,1969.041016684001
4443.0,13.329345703125,2.3488829135894775,1969.3338733580022
4444.0,38.86082458496094,3.9329588413238525,1969.641538832002
4445.0,37.790287017822266,3.5576171875,1969.9293528910057
4446.0,31.54707908630371,3.5201737880706787,1970.2197531160054
4447.0,152.4352569580078,5.595860958099365,1970.5289844399958
4448.0,37.522621154785156,4.390556812286377,1970.8012999710045
4449.0,27.7596378326416,3.446253538131714,1971.0787453670055
4450.0,33.74497985839844,3.091181516647339,1971.3902065510047
4451.0,11.586013793945312,2.435971260070801,1971.685084495999
4452.0,76.14613342285156,7.421041011810303,1971.9821538310061
4453.0,20.47325897216797,3.564892292022705,1972.2630354819994
4454.0,40.01421356201172,3.4392662048339844,1972.5593016450002
4455.0,60.673030853271484,4.350306987762451,1972.8630079790018
4456.0,21.599327087402344,3.041355609893799,1973.1649146970012
4457.0,20.005168914794922,3.9152097702026367,1973.4423462010018
4458.0,11.993353843688965,2.5253849029541016,1973.708589433998
4459.0,58.5655632019043,4.322079658508301,1973.9912744780013
4460.0,85.61678314208984,5.652101993560791,1974.294804240999
4461.0,356.5760803222656,11.822052001953125,1974.5906465709995
4462.0,31.427846908569336,3.7676022052764893,1974.8703587000055
4463.0,348.9887390136719,14.878252983093262,1975.321266177998
4464.0,27.732074737548828,3.0581560134887695,1975.6332701430074
4465.0,41.573974609375,4.00560998916626,1975.9061973680073
4466.0,16.65461540222168,2.767949104309082,1976.2143407289986
4467.0,40.66153335571289,3.62861967086792,1976.492458787994
4468.0,18.056520462036133,2.8888473510742188,1976.7739049710071
4469.0,484.89178466796875,9.005345344543457,1977.0789638999995
4470.0,15.16413402557373,2.462899684906006,1977.3821415150014
4471.0,17.517879486083984,2.8952796459198,1977.6924348549946
4472.0,13.511920928955078,2.402147054672241,1977.9842121319962
4473.0,36.40768814086914,2.9141786098480225,1978.2682593799982
4474.0,11.436592102050781,2.3940584659576416,1978.558817750003
4475.0,12.372002601623535,2.223278284072876,1978.835811418001
4476.0,72.30533599853516,5.319626808166504,1979.1266014190041
4477.0,17.64647674560547,2.7821388244628906,1979.4235078180063
4478.0,81.45426177978516,4.338600158691406,1979.7168454220082
4479.0,116.40777587890625,6.764777183532715,1980.0000266970019
4480.0,16.72104263305664,2.9225451946258545,1980.2753996920073
4481.0,17.50200843811035,2.8374509811401367,1980.562090462001
4482.0,59.13511276245117,5.827446937561035,1980.8447113730072
4483.0,41.76386642456055,3.1244394779205322,1981.1566988190025
4484.0,28.830232620239258,3.7363829612731934,1981.4871435259993
4485.0,40.34492874145508,3.9856200218200684,1981.7804260779958
4486.0,26.732881546020508,3.3578264713287354,1982.0884040490055
4487.0,14.955192565917969,2.4697368144989014,1982.3980563399964
4488.0,29.085947036743164,3.7256455421447754,1982.6738716260006
4489.0,35.76687240600586,3.443251132965088,1982.9669767500018
4490.0,62.777225494384766,4.899867057800293,1983.2768993070058
4491.0,79.13977813720703,4.688015937805176,1983.5831415340072
4492.0,18.618484497070312,2.948636054992676,1983.9089890049945
4493.0,65.60557556152344,4.638828754425049,1984.2228203950071
4494.0,12.565326690673828,2.26762318611145,1984.520901676995
4495.0,73.21961975097656,5.552269458770752,1984.832224911006
4496.0,9.977959632873535,1.8028181791305542,1985.1216686450061
4497.0,33.767059326171875,4.143491744995117,1985.4075730600016
4498.0,27.837459564208984,3.255065441131592,1985.7223660500022
4499.0,55.53097915649414,3.864020824432373,1986.011441278999
4500.0,20.040613174438477,2.7648725509643555,1986.2847654149955
4501.0,11.891450881958008,2.317368984222412,2001.3898741449957
4502.0,33.37225341796875,3.0891103744506836,2001.670305437001
4503.0,8.869115829467773,1.6988070011138916,2001.9577060830052
4504.0,24.834287643432617,2.6804144382476807,2002.2515859730047
4505.0,9.68925666809082,2.0611746311187744,2002.5675067980046
4506.0,43.39120101928711,4.122740745544434,2002.8772369750077
4507.0,61.10158157348633,4.806276798248291,2003.1771384180029
4508.0,69.81787109375,5.26508092880249,2003.4333721919975
4509.0,13.268993377685547,2.2448971271514893,2003.7518630099948
4510.0,34.77730941772461,3.7611985206604004,2004.044168567998
4511.0,23.400474548339844,2.7284510135650635,2004.3590098770073
4512.0,12.95932388305664,2.124807119369507,2004.6341544290044
4513.0,23.634119033813477,2.646757125854492,2004.9153923690028
4514.0,33.390777587890625,3.130413770675659,2005.1841769629973
4515.0,70.82225799560547,4.540767669677734,2005.467896246002
4516.0,19.311676025390625,3.088470935821533,2005.7296390929987
4517.0,44.10531997680664,3.9591894149780273,2006.0164326090016
4518.0,26.578899383544922,3.4265716075897217,2006.291803139
4519.0,101.37928009033203,6.682099342346191,2006.570840403001
4520.0,20.984067916870117,2.7528305053710938,2006.8714986069972
4521.0,38.46466827392578,4.109759330749512,2007.1652705260058
4522.0,77.309814453125,4.538465976715088,2007.4571874709945
4523.0,18.076950073242188,3.0802011489868164,2007.7425497219956
4524.0,45.33982467651367,3.9588475227355957,2008.034184944001
4525.0,35.57624816894531,4.677278518676758,2008.3192944420007
4526.0,93.66304779052734,4.992630958557129,2008.5921508030005
4527.0,17.913970947265625,2.764930009841919,2008.8895794739947
4528.0,11.091147422790527,2.402132749557495,2009.1683980810049
4529.0,93.06389617919922,6.089145183563232,2009.459684225003
4530.0,76.60102844238281,6.501326084136963,2009.7503011310037
4531.0,89.35801696777344,4.755163669586182,2010.0432299240056
4532.0,51.856109619140625,4.797435760498047,2010.3075881010009
4533.0,53.99516677856445,4.496267318725586,2010.5764213049988
4534.0,9.779541969299316,2.143627882003784,2010.859678712004
4535.0,13.128179550170898,3.089984893798828,2011.145902218006
4536.0,24.074317932128906,3.661325693130493,2011.4167292329948
4537.0,208.82138061523438,7.343382835388184,2011.6973287410074
4538.0,10.241927146911621,2.1744143962860107,2011.9677707730007
4539.0,13.770559310913086,2.741943120956421,2012.2990583060018
4540.0,18.192127227783203,2.897465705871582,2012.5816111599997
4541.0,98.81165313720703,5.07461404800415,2012.8904265040037
4542.0,11.12292194366455,2.3732974529266357,2013.1928985980048
4543.0,210.2578125,8.745695114135742,2013.466181101001
4544.0,15.909638404846191,3.067214012145996,2013.7413787139958
4545.0,40.982521057128906,3.5327656269073486,2014.0365793870005
4546.0,94.42863464355469,5.4422993659973145,2014.326608250005
4547.0,34.46482849121094,4.452034950256348,2014.6063549719984
4548.0,20.17245864868164,3.094029664993286,2014.9096326040017
4549.0,20.439041137695312,3.221956491470337,2015.196225748994
4550.0,47.23402404785156,2.6890902519226074,2015.7134108860046
4551.0,100.30768585205078,5.699528217315674,2017.7712526670075
4552.0,28.514972686767578,2.89137601852417,2018.7806608469982
4553.0,321.8123474121094,10.981067657470703,2019.0772872460075
4554.0,81.56424713134766,5.722464084625244,2019.342413246006
4555.0,51.799259185791016,4.2014994621276855,2019.6578899809974
4556.0,12.872401237487793,2.34606671333313,2019.9836962260015
4557.0,19.77176856994629,3.2700085639953613,2020.291097409994
4558.0,37.24428176879883,3.04339861869812,2020.6754065179994
4559.0,41.89323043823242,4.336027145385742,2020.9863913120062
4560.0,102.80723571777344,5.800849914550781,2021.3126766719943
4561.0,50.5072021484375,3.6716973781585693,2021.6327078489994
4562.0,60.393028259277344,4.183743000030518,2021.8964523379982
4563.0,251.68153381347656,7.677424430847168,2022.2628575039998
4564.0,14.004693031311035,2.6012284755706787,2022.5744005540037
4565.0,198.32147216796875,7.3986287117004395,2022.9096060379961
4566.0,12.375978469848633,2.4340434074401855,2023.219993029008
4567.0,19.847490310668945,3.3334105014801025,2023.482908089005
4568.0,59.8244743347168,4.290624618530273,2023.7695321630017
4569.0,12.588177680969238,2.646235227584839,2024.034435213005
4570.0,28.08570671081543,3.277839422225952,2024.310523941007
4571.0,47.749961853027344,3.9371283054351807,2024.5817478440003
4572.0,211.0053253173828,8.422601699829102,2024.9226663570007
4573.0,226.38168334960938,8.071446418762207,2025.2018548630003
4574.0,306.841064453125,10.513360977172852,2025.496419550007
4575.0,12.987584114074707,2.601499080657959,2025.824208784994
4576.0,50.27526092529297,4.631940841674805,2026.1348278689984
4577.0,38.88435745239258,4.0775532722473145,2026.3926725409983
4578.0,9.114156723022461,2.0318782329559326,2026.6886797290063
4579.0,125.84329223632812,5.283608436584473,2026.9860574750055
4580.0,60.574092864990234,5.0731587409973145,2027.279813066998
4581.0,22.450319290161133,3.6199049949645996,2027.585919827994
4582.0,20.877042770385742,3.296604633331299,2027.8980724889989
4583.0,25.651470184326172,3.10080885887146,2028.2064564799948
4584.0,98.7474136352539,6.901310920715332,2028.5506571330043
4585.0,33.480918884277344,3.8169374465942383,2028.9781109930045
4586.0,17.624418258666992,2.548576593399048,2029.2960373910028
4587.0,30.14533042907715,4.0689849853515625,2029.5723133150022
4588.0,142.8057403564453,6.8128767013549805,2029.8838592740067
4589.0,34.68845748901367,3.4335105419158936,2030.1835855130048
4590.0,159.15719604492188,5.716279983520508,2030.4744127890008
4591.0,77.47691345214844,4.94600772857666,2030.7700974250038
4592.0,164.79879760742188,7.619816303253174,2031.0545836189995
4593.0,57.406009674072266,4.680160045623779,2031.3682821340044
4594.0,31.385969161987305,3.674931526184082,2031.6745098959946
4595.0,87.32166290283203,5.459047317504883,2031.9522734299971
4596.0,89.47502136230469,7.272562026977539,2032.2332480089972
4597.0,56.742034912109375,6.0409440994262695,2032.5188872430008
4598.0,48.6752815246582,3.685908079147339,2032.8203959439998
4599.0,22.151126861572266,3.319237232208252,2033.1313892320031
4600.0,83.9531478881836,5.076751708984375,2033.4030785560026
4601.0,142.54127502441406,8.231200218200684,2046.923968211995
4602.0,64.6867904663086,4.916663646697998,2047.2052435759979
4603.0,36.66252136230469,3.7801334857940674,2047.50379807
4604.0,20.973186492919922,2.7910189628601074,2047.819714858997
4605.0,18.3848934173584,3.0416057109832764,2048.1442315629974
4606.0,56.41535949707031,4.195769786834717,2048.3942887339945
4607.0,11.46860122680664,2.184751510620117,2048.694933923005
4608.0,75.83796691894531,5.299564838409424,2048.980124737005
4609.0,25.13616371154785,3.4473330974578857,2049.252125543004
4610.0,11.231584548950195,2.124441385269165,2049.5336857899965
4611.0,31.25800132751465,3.3643321990966797,2049.803212783998
4612.0,41.717193603515625,3.7942328453063965,2050.094524881002
4613.0,10.597087860107422,2.0141139030456543,2050.3739536259964
4614.0,61.12594223022461,4.91248083114624,2050.638202741
4615.0,38.60707473754883,3.48349666595459,2050.933479829997
4616.0,26.398334503173828,3.1828949451446533,2051.216601603999
4617.0,33.275115966796875,4.3222174644470215,2051.517811423997
4618.0,49.89055633544922,4.013672828674316,2051.814945278995
4619.0,17.465818405151367,3.0772199630737305,2052.107105750998
4620.0,26.51060676574707,3.1082139015197754,2052.411443860008
4621.0,8.101749420166016,2.0923233032226562,2052.6970950219984
4622.0,36.0300178527832,4.470618724822998,2052.9691974989983
4623.0,46.833709716796875,3.9196860790252686,2053.275304345996
4624.0,11.862555503845215,2.044172763824463,2053.572035352001
4625.0,107.29364013671875,6.291221618652344,2053.8575093289983
4626.0,33.2263298034668,2.8072450160980225,2054.1641313599976
4627.0,36.655677795410156,2.973832368850708,2054.449026414004
4628.0,57.10662841796875,3.9971930980682373,2054.7610344610002
4629.0,104.7281494140625,7.717071533203125,2055.0502506600023
4630.0,15.830031394958496,2.2719662189483643,2055.327755010003
4631.0,6.05883264541626,1.604695200920105,2055.599522315999
4632.0,38.30625915527344,3.7986390590667725,2055.895581400997
4633.0,79.14871215820312,5.067404270172119,2056.186176477
4634.0,19.072917938232422,3.3383841514587402,2056.4621396779985
4635.0,11.601886749267578,2.292855978012085,2056.744548696006
4636.0,34.97506332397461,3.443932056427002,2057.0260719600046
4637.0,133.6493377685547,6.161474704742432,2057.2942871569976
4638.0,27.192956924438477,3.296933174133301,2057.5711978129984
4639.0,36.396419525146484,3.674189329147339,2057.872663735994
4640.0,30.139324188232422,3.2801482677459717,2058.1479523010057
4641.0,21.09212303161621,2.354208469390869,2058.4167367820046
4642.0,45.01622772216797,2.8744592666625977,2058.6871883020067
4643.0,62.44187927246094,4.027395725250244,2058.9688390350057
4644.0,15.753830909729004,2.6468958854675293,2059.2295588319976
4645.0,65.4442138671875,4.457378387451172,2059.482458758008
4646.0,45.073646545410156,4.081212520599365,2059.791464244001
4647.0,31.066373825073242,3.2476747035980225,2060.0689733280014
4648.0,35.230690002441406,3.3173558712005615,2060.3649577680044
4649.0,29.812057495117188,3.4241344928741455,2060.6295142309973
4650.0,33.67909622192383,3.3904576301574707,2060.9181571429945
4651.0,38.079410552978516,3.7164218425750732,2061.203756279996
4652.0,33.96868133544922,4.357324123382568,2061.483973647002
4653.0,29.65072250366211,3.6322684288024902,2061.7969803279993
4654.0,38.42963409423828,4.195300579071045,2062.0905240790016
4655.0,45.696659088134766,3.7401721477508545,2062.3903946630016
4656.0,8.14311408996582,1.668920874595642,2062.676852372999
4657.0,21.815813064575195,3.084519863128662,2062.9681096020067
4658.0,9.371898651123047,2.1782217025756836,2063.2855474069947
4659.0,83.0662612915039,5.1743855476379395,2063.582181620004
4660.0,43.41679763793945,4.943420886993408,2063.8613980289956
4661.0,9.090864181518555,1.9670741558074951,2064.1379596540064
4662.0,56.846336364746094,4.454272270202637,2064.4198747269984
4663.0,93.96656799316406,5.455430507659912,2064.7269497740053
4664.0,11.792217254638672,2.3751614093780518,2065.0083167590055
4665.0,12.577449798583984,2.5471465587615967,2065.3243546379963
4666.0,60.30321502685547,5.369336128234863,2065.6248541179957
4667.0,62.32296371459961,4.8347697257995605,2065.897589479995
4668.0,20.04178237915039,3.174983263015747,2066.1713317079993
4669.0,17.42702293395996,2.9160525798797607,2066.4460878050013
4670.0,44.106021881103516,4.504489421844482,2066.7140735550056
4671.0,95.58203125,5.291079521179199,2067.0076134970004
4672.0,10.994087219238281,2.028696298599243,2067.255709367004
4673.0,11.890853881835938,2.56937575340271,2067.5259553869982
4674.0,17.346725463867188,2.9568145275115967,2067.805172528999
4675.0,86.53709411621094,5.1490349769592285,2068.0710669990076
4676.0,98.28563690185547,6.085653781890869,2068.3269889390067
4677.0,37.9415168762207,3.9693105220794678,2068.6008154839947
4678.0,8.132935523986816,2.063969612121582,2068.8821091930004
4679.0,75.49614715576172,4.8970842361450195,2069.188421664003
4680.0,8.855330467224121,1.868198275566101,2069.4948804949963
4681.0,108.57737731933594,5.187417030334473,2069.7921411559946
4682.0,45.538700103759766,4.440341472625732,2070.1068628469948
4683.0,66.91714477539062,4.118886947631836,2070.3896323619992
4684.0,61.07817459106445,4.420389652252197,2070.7037797469966
4685.0,15.489680290222168,2.600938320159912,2070.9911847740004
4686.0,82.84943389892578,5.288315773010254,2071.294676751
4687.0,106.08605194091797,5.677926063537598,2071.5861883909965
4688.0,129.76150512695312,6.044381141662598,2071.868529918007
4689.0,48.933284759521484,4.322125434875488,2072.144695943003
4690.0,27.03935432434082,3.4107236862182617,2072.462839358006
4691.0,62.823787689208984,5.100991249084473,2072.7463715869962
4692.0,72.1815414428711,4.62325382232666,2073.0476433500007
4693.0,197.23245239257812,5.914820194244385,2073.3295294230047
4694.0,163.21646118164062,6.917216777801514,2073.6186850420054
4695.0,80.51566314697266,7.693685531616211,2073.8874198029953
4696.0,113.4546127319336,5.902933120727539,2074.1522892530047
4697.0,52.145591735839844,5.637451648712158,2074.4367320210004
4698.0,18.184839248657227,2.9694674015045166,2074.7359096940054
4699.0,149.88136291503906,9.782922744750977,2075.029906830998
4700.0,61.60678482055664,6.2241106033325195,2075.3433839250065
4701.0,64.1456527709961,5.959728240966797,2091.2701188110077
4702.0,83.4924545288086,5.133643627166748,2091.560284317995
4703.0,29.03620147705078,3.4996421337127686,2091.9077396820066
4704.0,91.45508575439453,5.017276763916016,2092.214869571995
4705.0,58.71323776245117,4.456737995147705,2092.5930496810033
4706.0,15.416359901428223,2.7495715618133545,2092.8897762330016
4707.0,95.0070571899414,7.477941513061523,2093.1915937960002
4708.0,57.629249572753906,5.3767008781433105,2093.675460184997
4709.0,40.571624755859375,4.04083776473999,2094.043260959006
4710.0,91.8506851196289,4.52254581451416,2094.3339766510035
4711.0,11.50133991241455,2.2518832683563232,2094.6150539090013
4712.0,56.364959716796875,4.021312713623047,2094.8915204679943
4713.0,34.100704193115234,4.811882495880127,2095.1999005399994
4714.0,90.10356903076172,5.412588596343994,2095.5198918520036
4715.0,20.168352127075195,3.2983157634735107,2095.827691507002
4716.0,115.00748443603516,6.783638954162598,2096.138237487001
4717.0,15.095735549926758,2.76849102973938,2096.4437178990047
4718.0,29.185455322265625,3.3918497562408447,2096.720591749996
4719.0,6.957342624664307,1.7933112382888794,2097.0253920910036
4720.0,14.242315292358398,2.472529172897339,2097.344981771006
4721.0,36.817535400390625,3.3574445247650146,2097.764812649999
4722.0,14.575663566589355,2.1383185386657715,2098.060596323994
4723.0,21.371013641357422,2.7641754150390625,2098.373761402996
4724.0,91.35579681396484,6.781984329223633,2098.679007825005
4725.0,39.13528823852539,3.3272829055786133,2098.9818537490064
4726.0,45.99858093261719,3.497934579849243,2099.298526633007
4727.0,97.97637176513672,5.146162986755371,2099.5830833100044
4728.0,17.4884090423584,3.110238552093506,2099.8873249769968
4729.0,32.42644500732422,4.2021870613098145,2100.2084093830053
4730.0,27.487154006958008,3.3024020195007324,2100.5088030640036
4731.0,31.665422439575195,4.0111165046691895,2100.7861647170066
4732.0,47.212890625,4.918845176696777,2101.0390091360023
4733.0,32.848636627197266,3.438720464706421,2101.315290276005
4734.0,26.2795352935791,3.0104970932006836,2101.6114279640024
4735.0,10.598122596740723,2.0815269947052,2101.950744874004
4736.0,29.330167770385742,3.5878186225891113,2102.3162732390047
4737.0,18.256271362304688,3.494286298751831,2102.6558730649995
4738.0,11.01423454284668,2.3633408546447754,2102.9728839949967
4739.0,47.046173095703125,3.868271827697754,2103.3145168799965
4740.0,13.07995891571045,2.774726629257202,2103.5766547920066
4741.0,11.243350982666016,2.6573023796081543,2103.849299592999
4742.0,46.526145935058594,4.074557304382324,2104.153052747002
4743.0,325.6964111328125,10.888618469238281,2104.4322079999984
4744.0,22.003950119018555,3.404419183731079,2104.713647787008
4745.0,69.34193420410156,4.560953617095947,2104.9872731600044
4746.0,18.198822021484375,3.2001094818115234,2105.274789365998
4747.0,41.477516174316406,4.204553604125977,2105.561850504004
4748.0,26.289775848388672,3.427741765975952,2105.8333704510005
4749.0,19.935985565185547,3.0457582473754883,2106.1340012889996
4750.0,104.50895690917969,5.619250774383545,2106.3994084330043
4751.0,19.659955978393555,3.248814582824707,2106.7061677940073
4752.0,36.915191650390625,4.2219719886779785,2106.9649578600074
4753.0,38.661563873291016,5.02325963973999,2107.2461478390032
4754.0,12.574074745178223,2.2657337188720703,2107.5737793480075
4755.0,161.03330993652344,6.695677280426025,2107.887334624
4756.0,18.26519203186035,2.533311367034912,2108.1639749400056
4757.0,11.919710159301758,2.354907512664795,2108.4520283510064
4758.0,411.02935791015625,10.354676246643066,2108.708770926998
4759.0,19.13559341430664,2.876188278198242,2109.0313273119973
4760.0,237.80101013183594,8.907144546508789,2109.3518863719946
4761.0,41.630069732666016,3.8504319190979004,2109.6907481170056
4762.0,24.51152229309082,3.2360033988952637,2109.9964077320037
4763.0,29.67617416381836,3.2911794185638428,2110.3099693240074
4764.0,50.340423583984375,3.9297688007354736,2110.566382250996
4765.0,27.836904525756836,3.1531152725219727,2110.859320724994
4766.0,72.5473403930664,3.4106194972991943,2111.166077418995
4767.0,15.936138153076172,2.8556323051452637,2111.4358833949955
4768.0,21.445240020751953,3.560654401779175,2111.8068639139965
4769.0,58.066993713378906,4.707500457763672,2112.1479016100056
4770.0,16.619647979736328,2.5820717811584473,2112.460860528008
4771.0,34.72400665283203,3.8988375663757324,2112.8043713499937
4772.0,34.269020080566406,3.960186719894409,2113.093005570001
4773.0,211.09169006347656,7.510843276977539,2113.3812986060075
4774.0,24.32707405090332,3.7167105674743652,2113.7215933560074
4775.0,21.824975967407227,3.043708086013794,2114.057778218994
4776.0,24.969619750976562,3.4804859161376953,2114.3274877320073
4777.0,45.074119567871094,3.9056508541107178,2114.614315138999
4778.0,46.828060150146484,4.566093921661377,2114.9423548890045
4779.0,308.2057189941406,10.906848907470703,2115.216213157997
4780.0,22.591266632080078,3.3751463890075684,2115.496212885002
4781.0,62.861270904541016,4.799907207489014,2115.822860800996
4782.0,11.963290214538574,2.1085939407348633,2116.1139612889965
4783.0,39.34755325317383,4.569927215576172,2116.4392252789985
4784.0,26.55683708190918,2.909770965576172,2116.740470250006
4785.0,17.368818283081055,2.371988534927368,2117.0496697290073
4786.0,11.361502647399902,2.0218968391418457,2117.3443010530027
4787.0,83.59097290039062,5.724619388580322,2117.6638579550054
4788.0,13.796773910522461,2.3691999912261963,2117.9371850099997
4789.0,16.498205184936523,3.1667799949645996,2118.279830868996
4790.0,29.733909606933594,3.1673343181610107,2118.552454787001
4791.0,58.04579162597656,3.951340913772583,2118.848041846999
4792.0,13.913686752319336,2.5606696605682373,2119.151951107997
4793.0,20.09670639038086,3.480733871459961,2119.448320747004
4794.0,90.05060577392578,3.5947415828704834,2119.7707250899985
4795.0,15.99728775024414,2.7330119609832764,2120.084698359002
4796.0,53.652252197265625,4.414535999298096,2120.403510037999
4797.0,16.090688705444336,2.842543601989746,2120.711450214003
4798.0,175.57119750976562,8.658405303955078,2121.0734325660014
4799.0,55.03339385986328,4.410851001739502,2121.443308204005
4800.0,37.036582946777344,3.179197311401367,2121.7369936049945
4801.0,39.87919998168945,3.811495542526245,2137.7625572359975
4802.0,127.4309310913086,4.7120232582092285,2140.746357422002
4803.0,32.71479797363281,3.1670210361480713,2144.3685759049986
4804.0,18.03746223449707,3.096083164215088,2146.8396023910027
4805.0,30.764127731323242,3.898254632949829,2147.1721503459994
4806.0,53.57704544067383,4.3127760887146,2147.5039668880054
4807.0,10.387188911437988,1.8436311483383179,2147.8246795650048
4808.0,10.48525619506836,2.031698703765869,2148.2289113269944
4809.0,60.6484260559082,4.5321807861328125,2148.5478718100057
4810.0,25.51047706604004,3.411328077316284,2148.901528374001
4811.0,46.4222526550293,4.028441429138184,2149.240285674008
4812.0,302.43011474609375,10.735631942749023,2149.518307078004
4813.0,64.91802978515625,4.90925407409668,2149.8018235640047
4814.0,13.753503799438477,2.4297938346862793,2150.1612556530017
4815.0,251.9862518310547,7.625328063964844,2150.565156191995
4816.0,23.114099502563477,3.197483539581299,2150.8903819999978
4817.0,93.18395233154297,5.6524858474731445,2151.2038291240024
4818.0,31.477834701538086,3.3670759201049805,2151.474352988007
4819.0,28.04030418395996,3.3095779418945312,2151.768449865005
4820.0,73.69315338134766,4.601294994354248,2152.0787506329943
4821.0,32.87343978881836,3.3391284942626953,2152.398848882003
4822.0,16.69753646850586,3.038515329360962,2152.696505411004
4823.0,29.301109313964844,3.546118974685669,2152.9851022820076
4824.0,20.9957275390625,2.795539140701294,2153.3072762910015
4825.0,65.18684387207031,4.50128698348999,2153.761459403002
4826.0,11.523362159729004,2.2877440452575684,2154.0358241670037
4827.0,22.5872859954834,2.762479543685913,2154.388201474998
4828.0,26.98993682861328,3.0879461765289307,2154.6776924099977
4829.0,65.25270080566406,5.140475749969482,2154.9683913150075
4830.0,86.9230728149414,5.388583660125732,2155.299806142997
4831.0,27.974525451660156,3.3525238037109375,2155.597880251007
4832.0,18.631446838378906,2.964980125427246,2155.9269717720017
4833.0,48.49750518798828,4.301089763641357,2156.2353388530028
4834.0,44.8526496887207,3.9546146392822266,2156.5353366089985
4835.0,12.720564842224121,2.2398934364318848,2156.873738727998
4836.0,10.455162048339844,2.5365283489227295,2157.1904453190073
4837.0,22.86604118347168,3.432915449142456,2157.543338534
4838.0,175.48590087890625,7.768564701080322,2157.894749287996
4839.0,37.11556625366211,3.306609869003296,2158.2611864229984
4840.0,74.92779541015625,5.908109188079834,2158.5752400369965
4841.0,56.24566650390625,4.52426815032959,2158.926952513997
4842.0,11.959620475769043,2.156947374343872,2159.218604416994
4843.0,46.15684127807617,4.842441082000732,2159.519800081005
4844.0,20.884967803955078,3.1702969074249268,2159.785427808005
4845.0,189.6077423095703,6.340169429779053,2160.054092317994
4846.0,124.55812072753906,5.565432071685791,2160.365652984008
4847.0,102.01566314697266,5.66758394241333,2160.6896517290006
4848.0,14.58426570892334,2.8139607906341553,2160.977241429995
4849.0,23.73830795288086,3.819230318069458,2161.2825208550057
4850.0,98.9232406616211,5.4987592697143555,2161.556221603998
4851.0,23.544748306274414,2.840726375579834,2161.843038364008
4852.0,75.70942687988281,4.668204307556152,2162.159510230995
4853.0,58.91336441040039,4.662440299987793,2162.4693327679997
4854.0,56.222225189208984,4.213567733764648,2162.7452479070053
4855.0,5.449790954589844,1.4536590576171875,2163.000822589005
4856.0,96.72700500488281,5.081467151641846,2163.288237184999
4857.0,40.2120246887207,3.5442566871643066,2163.5763220299996
4858.0,20.278236389160156,2.7766218185424805,2163.883642275003
4859.0,42.944091796875,3.884145975112915,2164.1854409600055
4860.0,17.98892593383789,2.8103127479553223,2164.4879495990026
4861.0,35.70214080810547,3.9279897212982178,2164.7734211100033
4862.0,30.74837875366211,3.5282182693481445,2165.1053905230074
4863.0,13.834903717041016,2.0904533863067627,2165.4848665600002
4864.0,68.4759750366211,4.501887321472168,2165.742924984006
4865.0,138.10543823242188,6.220616817474365,2166.040581373003
4866.0,51.865966796875,4.5824503898620605,2166.3261246729962
4867.0,51.79902648925781,3.681612730026245,2166.633559281996
4868.0,15.721257209777832,2.930495262145996,2166.929483785003
4869.0,21.035350799560547,2.8795294761657715,2167.2030664890044
4870.0,13.169421195983887,2.2167789936065674,2167.488255678996
4871.0,74.8870620727539,4.578023433685303,2167.774405285003
4872.0,18.995874404907227,2.490135431289673,2168.0508271849976
4873.0,31.51714324951172,4.906989574432373,2168.3452909869957
4874.0,16.52250099182129,2.639610767364502,2168.627121753001
4875.0,131.06317138671875,5.262105941772461,2168.8921420889965
4876.0,57.83384323120117,5.0831403732299805,2169.2105309369945
4877.0,43.54644775390625,3.622873067855835,2169.5020559760014
4878.0,36.16988754272461,3.94497013092041,2169.8053793860017
4879.0,39.50078201293945,3.9160189628601074,2170.088791590999
4880.0,80.18877410888672,6.059071063995361,2170.4121553150035
4881.0,75.32723999023438,7.163254261016846,2170.708328173001
4882.0,50.00546646118164,4.287367820739746,2170.997292665008
4883.0,15.783312797546387,3.0238254070281982,2171.2844429170073
4884.0,7.620860576629639,1.7052979469299316,2171.5413927570044
4885.0,302.4146423339844,11.232270240783691,2171.865147096003
4886.0,17.290592193603516,2.688105583190918,2172.126850613
4887.0,45.16259765625,5.941896438598633,2172.4022211389965
4888.0,56.35065841674805,5.317514419555664,2172.6886817829945
4889.0,100.68499755859375,5.08467960357666,2172.9861482859997
4890.0,21.952075958251953,3.155970811843872,2173.262678398998
4891.0,38.996360778808594,3.6520180702209473,2173.5544551750063
4892.0,22.44310188293457,2.7849156856536865,2173.8452306209947
4893.0,27.815685272216797,4.184327125549316,2174.1472047770076
4894.0,53.55643844604492,4.383584976196289,2174.4695312770054
4895.0,33.245906829833984,3.7177867889404297,2174.8045739490044
4896.0,340.8370361328125,9.769867897033691,2175.1185706700053
4897.0,9.191971778869629,1.9543571472167969,2175.391057838002
4898.0,24.334964752197266,3.4889862537384033,2175.695009628005
4899.0,33.810794830322266,3.7825398445129395,2175.982094603998
4900.0,31.046674728393555,3.820312023162842,2176.242956025002
4901.0,60.093204498291016,4.286919116973877,2189.897118859997
4902.0,26.850725173950195,3.3715403079986572,2190.184697763005
4903.0,39.62285232543945,3.8448643684387207,2190.493910656005
4904.0,18.75150489807129,3.227088689804077,2190.7602327649947
4905.0,59.469356536865234,4.6816582679748535,2191.074180116004
4906.0,66.36274719238281,5.038671016693115,2191.372369307006
4907.0,41.612998962402344,2.8829758167266846,2191.680154949994
4908.0,85.95462799072266,5.3154778480529785,2191.960412679997
4909.0,23.369115829467773,3.0859625339508057,2192.300874082008
4910.0,21.441654205322266,3.960209608078003,2192.5782406329963
4911.0,33.63704299926758,4.376916885375977,2192.861946207995
4912.0,21.637361526489258,2.5280580520629883,2193.1372127549985
4913.0,40.98394012451172,3.5276880264282227,2193.4407040310034
4914.0,8.14925765991211,1.7919610738754272,2193.726136561003
4915.0,21.339073181152344,3.001889705657959,2194.0183132910024
4916.0,11.42753791809082,1.9398908615112305,2194.3166453209997
4917.0,26.34592628479004,2.623103380203247,2194.6099412869953
4918.0,15.672974586486816,2.844106435775757,2194.906723164997
4919.0,54.97235870361328,5.090878963470459,2195.2101294239983
4920.0,46.899566650390625,4.134538173675537,2195.483349696995
4921.0,32.1240119934082,3.2763450145721436,2195.7641443500033
4922.0,8.540274620056152,2.034135103225708,2196.062931460998
4923.0,31.94257926940918,3.2954163551330566,2196.3525194749964
4924.0,80.71707153320312,5.533989906311035,2196.6446564210055
4925.0,12.599669456481934,2.4658915996551514,2196.9521368419955
4926.0,16.202255249023438,2.840553045272827,2197.2322802370036
4927.0,12.267696380615234,2.1537461280822754,2197.504995219002
4928.0,40.21337890625,4.105554580688477,2197.7893795679993
4929.0,46.998714447021484,4.029324531555176,2198.087792021004
4930.0,15.428881645202637,2.3264670372009277,2198.3717260730045
4931.0,10.711292266845703,2.116605281829834,2198.6566774950043
4932.0,20.97810935974121,2.4247238636016846,2198.922329220004
4933.0,10.920145034790039,2.2962231636047363,2199.209994839999
4934.0,421.3311767578125,12.988700866699219,2199.4997344550065
4935.0,33.55320739746094,2.9391021728515625,2199.777506708997
4936.0,90.07030487060547,6.203153610229492,2200.0409786160017
4937.0,24.7092342376709,3.075091600418091,2200.310431278005
4938.0,25.40196418762207,3.47005295753479,2200.625062526
4939.0,26.67194938659668,4.14597749710083,2200.915919727995
4940.0,28.29947853088379,3.1060750484466553,2201.1658596630004
4941.0,16.80672264099121,2.704697847366333,2201.4460606700013
4942.0,181.94911193847656,6.364223957061768,2201.7314295319957
4943.0,48.02231979370117,3.9380130767822266,2202.048731324001
4944.0,23.143218994140625,3.914466619491577,2202.372481775994
4945.0,100.50228881835938,5.195643424987793,2202.6933504619956
4946.0,30.21506118774414,4.224431991577148,2202.9857966220006
4947.0,33.408660888671875,2.77734112739563,2203.285856287999
4948.0,11.154329299926758,1.9398983716964722,2203.5786808050034
4949.0,86.99063873291016,4.889285564422607,2203.889574790999
4950.0,59.79603576660156,4.514769554138184,2204.205527690996
4951.0,16.871898651123047,2.6919007301330566,2204.500204395008
4952.0,38.92880630493164,3.9254744052886963,2204.7862860349996
4953.0,95.91736602783203,5.690656661987305,2205.095868036995
4954.0,64.0404052734375,5.05086612701416,2205.3606006100017
4955.0,28.17923927307129,3.4159305095672607,2205.637915265994
4956.0,101.82487487792969,6.93835973739624,2205.9525261969975
4957.0,13.252586364746094,2.1685616970062256,2206.290506991005
4958.0,80.83440399169922,3.90554141998291,2206.5806733719946
4959.0,223.76087951660156,8.222855567932129,2206.8728182689956
4960.0,15.876412391662598,2.775090456008911,2207.156936711006
4961.0,12.934584617614746,2.3947834968566895,2207.433066640995
4962.0,49.60841751098633,3.9870285987854004,2207.7672123619996
4963.0,9.518836975097656,1.9585740566253662,2208.066466439006
4964.0,51.48834228515625,4.280098915100098,2208.344837548997
4965.0,161.1077117919922,6.274284839630127,2208.6304709639953
4966.0,20.094146728515625,3.294137954711914,2208.998295281999
4967.0,9.406476974487305,2.0607786178588867,2209.315545766003
4968.0,65.83505249023438,4.3950090408325195,2209.6006692780065
4969.0,42.25632858276367,3.3255648612976074,2209.9661742970056
4970.0,40.48676681518555,3.919098138809204,2210.242194174003
4971.0,64.02400970458984,4.509432792663574,2210.5508009490004
4972.0,53.34041976928711,4.005898952484131,2210.911940018006
4973.0,17.680728912353516,2.792346477508545,2211.201376797995
4974.0,48.74100112915039,3.921201229095459,2211.4961476239987
4975.0,125.25003051757812,4.883275508880615,2211.8008699680067
4976.0,271.1869201660156,10.6615629196167,2212.0737517439993
4977.0,336.2714538574219,11.07373332977295,2212.421857180001
4978.0,10.186279296875,2.244814872741699,2212.7488007670036
4979.0,29.942415237426758,4.127423286437988,2213.021383811996
4980.0,192.5826416015625,9.416744232177734,2213.3165546200034
4981.0,81.60079956054688,4.937465190887451,2213.655170123995
4982.0,38.30976867675781,3.34885311126709,2213.9369375829992
4983.0,20.9582576751709,2.732651948928833,2214.263486612006
4984.0,68.78345489501953,4.679872035980225,2214.5824504310003
4985.0,47.07709503173828,4.145291328430176,2214.907689246
4986.0,43.915771484375,3.6403262615203857,2215.1906979320047
4987.0,84.29537963867188,5.013911724090576,2215.4559590360004
4988.0,11.245013236999512,2.304185628890991,2216.5910017279966
4989.0,15.6696138381958,2.8524396419525146,2218.551474100008
4990.0,14.208537101745605,2.1331377029418945,2218.9798035679996
4991.0,10.423239707946777,2.5570502281188965,2219.304800775004
4992.0,70.8542709350586,5.612147331237793,2219.6312118110072
4993.0,151.75926208496094,4.922018051147461,2219.906424886998
4994.0,76.82897186279297,4.925078868865967,2220.204963629003
4995.0,34.56139373779297,4.303674697875977,2220.4755697329965
4996.0,160.97496032714844,5.915112495422363,2220.772311726003
4997.0,47.323341369628906,3.4853577613830566,2221.067307053003
4998.0,20.472795486450195,2.4275949001312256,2221.3661365040025
4999.0,12.346105575561523,2.0389063358306885,2221.635834575005
5000.0,10.009944915771484,2.5154078006744385,2221.9099343370035
5001.0,21.85778045654297,3.235470771789551,2235.535112035999
5002.0,32.59463882446289,4.229701519012451,2235.9219252210023
5003.0,12.987504959106445,2.2867960929870605,2236.204944279001
5004.0,169.38719177246094,7.031960487365723,2236.5163064429944
5005.0,15.996210098266602,2.2423324584960938,2236.8770216849953
5006.0,13.351728439331055,2.3674674034118652,2237.2313215350005
5007.0,27.547466278076172,3.3996615409851074,2237.5207053790073
5008.0,38.855255126953125,4.456157684326172,2237.848090265994
5009.0,87.0435562133789,4.469109058380127,2238.123013489996
5010.0,44.670860290527344,4.429631233215332,2238.422569577
5011.0,30.618162155151367,3.054398775100708,2238.8401571870054
5012.0,9.306975364685059,1.9835482835769653,2239.199237384004
5013.0,19.870243072509766,2.84440279006958,2239.499843473008
5014.0,21.287240982055664,3.3185651302337646,2239.861100085007
5015.0,18.90460777282715,2.6408448219299316,2240.242741440001
5016.0,48.18655014038086,5.160101413726807,2240.557206134996
5017.0,46.184356689453125,3.8312487602233887,2240.8741572800063
5018.0,35.52834701538086,3.210092544555664,2241.1897229799943
5019.0,343.79998779296875,10.908297538757324,2241.484814063995
5020.0,8.127113342285156,1.8567923307418823,2241.809856970998
5021.0,20.56819725036621,3.272426128387451,2242.095223198994
5022.0,81.85692596435547,5.284408092498779,2242.387200835001
5023.0,7.738920211791992,1.849090814590454,2242.677324960998
5024.0,48.637245178222656,3.980813980102539,2242.970009181008
5025.0,64.49579620361328,4.865682125091553,2243.257001763006
5026.0,75.95881652832031,4.252249717712402,2243.5778512779943
5027.0,33.4321403503418,3.2690134048461914,2243.858241095004
5028.0,62.59732437133789,4.914307117462158,2244.130066786005
5029.0,74.58067321777344,4.695933818817139,2244.437671202002
5030.0,235.41989135742188,7.608771800994873,2244.6872151370044
5031.0,79.17110443115234,6.1796345710754395,2245.0100946729945
5032.0,86.33547973632812,5.861683368682861,2245.3127476060035
5033.0,10.265631675720215,2.1347453594207764,2245.5867434620013
5034.0,19.540382385253906,3.0337891578674316,2245.961773707997
5035.0,28.60124969482422,3.601325273513794,2246.2314317270066
5036.0,54.92194747924805,4.5714850425720215,2246.518898677008
5037.0,60.24522399902344,4.2676920890808105,2246.8316830580006
5038.0,127.16350555419922,6.698122501373291,2247.1405652899994
5039.0,28.448680877685547,3.3110921382904053,2247.4898966309993
5040.0,22.295217514038086,3.688676118850708,2247.8432481490017
5041.0,69.74286651611328,5.516402244567871,2248.1678433449997
5042.0,24.90436363220215,3.226738691329956,2248.4219863190083
5043.0,58.47237014770508,4.216974258422852,2248.689333329996
5044.0,13.135224342346191,2.282578706741333,2249.043839815
5045.0,41.011192321777344,3.645081043243408,2249.359588156003
5046.0,47.40400695800781,3.661555767059326,2249.7406939000066
5047.0,24.042882919311523,3.567147731781006,2250.006274307001
5048.0,79.39336395263672,5.008772373199463,2250.2786776629946
5049.0,35.37823486328125,4.356597423553467,2250.593124335006
5050.0,32.69854736328125,3.8670947551727295,2250.8721584720042
5051.0,21.9506893157959,2.608633279800415,2251.214242767004
5052.0,33.05193328857422,3.7545578479766846,2251.6351226650004
5053.0,62.132930755615234,5.01526403427124,2251.955155912001
5054.0,17.474828720092773,3.151055335998535,2252.270417142994
5055.0,309.07305908203125,10.488934516906738,2252.560205596994
5056.0,25.772872924804688,3.5423402786254883,2252.8947875360027
5057.0,28.362855911254883,3.259612560272217,2253.2536010900076
5058.0,32.48471450805664,3.5780625343322754,2253.5908870709973
5059.0,73.08132934570312,4.647950649261475,2253.911657812001
5060.0,35.09355545043945,4.447534561157227,2254.7820002149965
5061.0,71.65848541259766,5.229007720947266,2257.039801132996
5062.0,112.00871276855469,5.949317932128906,2257.508205599006
5063.0,18.15751075744629,2.488053321838379,2257.901450464007
5064.0,40.89127731323242,3.900010585784912,2258.2643964150047
5065.0,38.9339599609375,3.408236026763916,2258.597838646994
5066.0,29.993785858154297,3.549643039703369,2258.878455483995
5067.0,60.649444580078125,4.077923774719238,2259.1550066769996
5068.0,21.617664337158203,3.6612396240234375,2259.4377059370017
5069.0,10.04172420501709,1.6314972639083862,2259.729209573008
5070.0,15.326300621032715,2.95188570022583,2260.0597791000037
5071.0,44.63576889038086,3.6331231594085693,2260.3462777069944
5072.0,21.600322723388672,2.780259847640991,2260.602685632999
5073.0,13.67199993133545,2.4870948791503906,2260.8819419100037
5074.0,41.57370376586914,4.0669474601745605,2261.1584265300044
5075.0,35.383697509765625,3.412266731262207,2261.4336732429947
5076.0,45.979209899902344,5.255215644836426,2261.706929648004
5077.0,27.13595199584961,3.1839849948883057,2262.019982785001
5078.0,20.082029342651367,2.742039203643799,2262.310811604999
5079.0,32.61880111694336,4.76776123046875,2262.6287140560016
5080.0,131.03733825683594,5.079859256744385,2262.873546400995
5081.0,12.122254371643066,2.5324857234954834,2263.190684907997
5082.0,7.6963019371032715,1.717128038406372,2263.500010132004
5083.0,21.010156631469727,2.991227149963379,2263.7860592030047
5084.0,118.49055480957031,8.179405212402344,2264.078915599006
5085.0,228.15431213378906,7.581343173980713,2264.4087750280014
5086.0,45.91676712036133,4.30132532119751,2264.7046403480053
5087.0,89.99109649658203,5.780541896820068,2265.005146092997
5088.0,182.42477416992188,7.729010581970215,2265.2698307190003
5089.0,57.85575866699219,4.397920608520508,2265.5903251739946
5090.0,30.33966827392578,2.9890737533569336,2265.915071497002
5091.0,180.11593627929688,7.378047466278076,2266.2393990800047
5092.0,25.203439712524414,3.04160475730896,2266.5399687530007
5093.0,14.545130729675293,2.5965869426727295,2266.8402962639957
5094.0,85.14066314697266,5.5235795974731445,2267.122226478008
5095.0,8.348223686218262,1.8489242792129517,2267.3943247559946
5096.0,107.28048706054688,5.3184332847595215,2267.7055429900065
5097.0,143.44921875,6.220958709716797,2267.9873626140034
5098.0,10.48718547821045,2.408780336380005,2268.2690082250047
5099.0,18.991559982299805,2.870598793029785,2268.651915178998
5100.0,42.99936294555664,5.84200382232666,2268.9135443749983
5101.0,81.57600402832031,4.535931587219238,2284.421672794997
5102.0,41.37049865722656,3.5836174488067627,2284.7206970510015
5103.0,52.52836227416992,4.427297115325928,2284.992191933008
5104.0,43.226097106933594,3.78989577293396,2285.351717436002
5105.0,14.809582710266113,2.832501173019409,2285.773645622001
5106.0,36.37694549560547,3.437645435333252,2286.193451375002
5107.0,21.304363250732422,4.167479038238525,2286.4486075089953
5108.0,65.02840423583984,4.535183906555176,2286.7688412459975
5109.0,50.80020523071289,5.092303276062012,2287.0740832180018
5110.0,10.679704666137695,2.3292572498321533,2287.383958538994
5111.0,77.99894714355469,4.786752223968506,2287.720649529001
5112.0,13.342644691467285,1.8436799049377441,2288.005992849008
5113.0,22.623151779174805,3.1063904762268066,2288.2426114880072
5114.0,28.363096237182617,3.6406636238098145,2288.5283807509986
5115.0,22.47152328491211,3.173124313354492,2288.8236479530024
5116.0,26.572521209716797,3.3128185272216797,2289.141199878999
5117.0,115.6751708984375,6.508720874786377,2289.414374052998
5118.0,23.4113826751709,3.2686257362365723,2289.7839810099977
5119.0,20.776906967163086,3.0359761714935303,2290.0971399099944
5120.0,24.448625564575195,3.2482590675354004,2290.3543168780016
5121.0,24.761838912963867,3.145798444747925,2290.707584799995
5122.0,52.470848083496094,4.259339332580566,2291.0362551279977
5123.0,105.53194427490234,6.138927936553955,2291.2852510950033
5124.0,9.194340705871582,2.246882200241089,2291.612246140008
5125.0,8.686712265014648,2.102731704711914,2291.920157820001
5126.0,10.189347267150879,2.419215202331543,2292.203013596998
5127.0,60.810791015625,4.460489749908447,2292.504861089008
5128.0,42.60502243041992,2.718766927719116,2292.8288143009995
5129.0,34.59228515625,3.3737306594848633,2293.189274172997
5130.0,14.016664505004883,2.3459744453430176,2293.4690339320077
5131.0,19.73346710205078,2.4074482917785645,2293.7575251710077
5132.0,34.82054901123047,3.5633323192596436,2294.0382239080063
5133.0,110.89629364013672,5.674666404724121,2294.3028759320005
5134.0,66.54257202148438,4.128929138183594,2294.587511192003
5135.0,101.68191528320312,8.290536880493164,2294.9076609210024
5136.0,22.669689178466797,3.304987907409668,2295.2108399040007
5137.0,108.9359359741211,5.719511985778809,2295.506860996
5138.0,28.779966354370117,3.443598508834839,2295.840199273007
5139.0,24.537433624267578,3.6691348552703857,2296.1177545539977
5140.0,25.359872817993164,3.4298951625823975,2296.399733240003
5141.0,15.563199996948242,2.0947985649108887,2296.711840256001
5142.0,48.758094787597656,3.927015781402588,2297.061790164007
5143.0,12.574286460876465,2.1376218795776367,2297.3686973260046
5144.0,87.47089385986328,5.644889831542969,2297.746945562001
5145.0,70.89409637451172,4.375213146209717,2298.0889620249945
5146.0,23.95514678955078,3.4772729873657227,2298.3823930020008
5147.0,8.404840469360352,2.126830816268921,2298.6932045440044
5148.0,49.595272064208984,3.6432929039001465,2298.9651243650005
5149.0,8.09561824798584,1.9446054697036743,2299.2614437230077
5150.0,254.53883361816406,9.739235877990723,2299.5561850929953
5151.0,42.851078033447266,3.9231486320495605,2299.8553937420074
5152.0,19.209381103515625,3.0702028274536133,2300.1261359570053
5153.0,27.662546157836914,3.912393569946289,2300.419920611006
5154.0,117.12621307373047,6.039480209350586,2300.688604997995
5155.0,16.558387756347656,2.588639497756958,2300.9777424430067
5156.0,177.748291015625,8.89345932006836,2301.2654931290017
5157.0,47.384796142578125,3.666836977005005,2301.5714997100004
5158.0,91.92579650878906,5.245413303375244,2301.880409613994
5159.0,185.850830078125,7.715932846069336,2302.177446768008
5160.0,24.402498245239258,3.465756893157959,2302.4481796659966
5161.0,31.05326271057129,4.154110431671143,2302.7645194060024
5162.0,42.66617202758789,3.6447267532348633,2303.0488357260037
5163.0,27.806964874267578,3.644186496734619,2303.3286784749944
5164.0,10.364053726196289,2.1984219551086426,2303.6026706060075
5165.0,36.4101448059082,4.672722339630127,2303.885527988008
5166.0,22.39129066467285,3.1312503814697266,2304.206117788999
5167.0,21.883426666259766,3.2252416610717773,2304.486170403994
5168.0,34.360328674316406,3.3831326961517334,2304.776714470994
5169.0,43.955322265625,3.6557085514068604,2305.065846476995
5170.0,36.94374465942383,3.485697031021118,2305.345415584001
5171.0,9.123041152954102,1.90337073802948,2305.652609262994
5172.0,38.20315170288086,3.6997761726379395,2305.9340548900072
5173.0,22.920873641967773,2.8058969974517822,2306.2574488289974
5174.0,15.009248733520508,2.265803575515747,2306.548513878006
5175.0,116.26908111572266,3.950242757797241,2306.8539445829956
5176.0,218.70547485351562,6.164822578430176,2307.1426665379986
5177.0,13.80593204498291,2.3901307582855225,2307.4283988509997
5178.0,13.596394538879395,2.596027374267578,2307.717027838007
5179.0,35.5825080871582,3.8671469688415527,2307.9998488349956
5180.0,50.249977111816406,5.418569087982178,2308.2935076389986
5181.0,14.615896224975586,2.8134541511535645,2308.600015914999
5182.0,12.399312973022461,2.3365652561187744,2308.9241505440004
5183.0,57.089847564697266,5.558183193206787,2309.2119272950076
5184.0,34.54367446899414,3.5865771770477295,2309.5039631249965
5185.0,37.693809509277344,3.4252846240997314,2309.789255306998
5186.0,14.475156784057617,2.280296564102173,2310.0582786919986
5187.0,49.87736511230469,4.651117324829102,2310.359175341
5188.0,23.348033905029297,2.695769786834717,2310.6561807690014
5189.0,129.26809692382812,6.5036725997924805,2310.965050426006
5190.0,36.628170013427734,3.8824028968811035,2311.287908430997
5191.0,32.40678024291992,3.7947733402252197,2311.5649924010067
5192.0,29.89826202392578,3.4085209369659424,2311.846862492006
5193.0,33.59200668334961,3.4634783267974854,2312.117760566005
5194.0,42.317073822021484,4.097111225128174,2312.3962463060016
5195.0,20.366682052612305,3.1813058853149414,2312.697990939996
5196.0,23.988157272338867,3.0639431476593018,2312.9896997970063
5197.0,14.811753273010254,2.5195536613464355,2313.261066196006
5198.0,50.31512451171875,4.6958231925964355,2313.5552733229997
5199.0,123.14993286132812,5.581154823303223,2313.850194839004
5200.0,36.163330078125,3.308582305908203,2314.1405889809976
5201.0,35.100341796875,3.0162580013275146,2330.4603751670074
5202.0,57.01263427734375,3.992424249649048,2330.747788513996
5203.0,123.14767456054688,5.130383491516113,2331.0411968380067
5204.0,79.57814025878906,5.5528788566589355,2331.369366704006
5205.0,15.726710319519043,2.815673351287842,2331.6543734440056
5206.0,34.3342399597168,3.4733314514160156,2331.951752697001
5207.0,187.86669921875,6.430091857910156,2332.259658253999
5208.0,50.039215087890625,3.780707836151123,2332.5513555539947
5209.0,77.04349517822266,4.195912837982178,2332.8751850389963
5210.0,196.70045471191406,6.823678016662598,2333.1474925789953
5211.0,275.37744140625,9.129510879516602,2333.449286432995
5212.0,19.51432991027832,2.5791213512420654,2333.7304140500055
5213.0,49.09934616088867,5.059840202331543,2334.0222225949983
5214.0,58.6428337097168,3.9430222511291504,2334.339479086004
5215.0,32.24800491333008,3.2135519981384277,2334.6059800820076
5216.0,119.83597564697266,7.110335350036621,2334.8927461709973
5217.0,30.609399795532227,3.532594919204712,2335.1966465400037
5218.0,17.22698402404785,3.1249752044677734,2335.4973743800074
5219.0,56.83098602294922,4.884280681610107,2335.802293818997
5220.0,15.018821716308594,2.47712779045105,2336.1021238590038
5221.0,76.4373779296875,5.483462810516357,2336.4066903710045
5222.0,114.01319885253906,9.279083251953125,2336.7001184980036
5223.0,37.23341751098633,3.8563764095306396,2336.9867368459963
5224.0,404.67388916015625,11.250667572021484,2337.265872695003
5225.0,25.692760467529297,2.896738290786743,2337.5545284740074
5226.0,11.847809791564941,2.045436382293701,2337.8351761789963
5227.0,4.089550018310547,1.3827744722366333,2338.124899739996
5228.0,6.129073619842529,1.7787832021713257,2338.3775631040044
5229.0,161.06593322753906,6.385509014129639,2338.6861871510046
5230.0,90.32470703125,3.8259499073028564,2338.9742027699976
5231.0,29.29318618774414,4.206379413604736,2339.2595055410056
5232.0,31.889591217041016,3.5623512268066406,2339.547448605008
5233.0,139.93919372558594,5.507627964019775,2339.850218371008
5234.0,29.52857780456543,3.0578558444976807,2340.1290512279957
5235.0,70.59700012207031,4.603906154632568,2340.4008561590017
5236.0,57.595882415771484,4.582971572875977,2340.689002111001
5237.0,40.58787536621094,3.1436820030212402,2340.9821968440083
5238.0,19.512788772583008,3.2308731079101562,2341.2574540490023
5239.0,63.42818832397461,4.481359958648682,2341.555157819006
5240.0,19.63568687438965,3.0272164344787598,2341.8422529480013
5241.0,23.482372283935547,3.3947579860687256,2342.1472463780083
5242.0,65.31819152832031,4.38448429107666,2342.4325449720054
5243.0,28.181724548339844,3.6541616916656494,2342.719895150003
5244.0,13.246612548828125,2.389861583709717,2342.9803839509987
5245.0,41.863861083984375,5.387925148010254,2343.266870927997
5246.0,22.731975555419922,3.60311222076416,2343.5583725820034
5247.0,52.176368713378906,4.118098735809326,2343.836738799
5248.0,13.94344425201416,2.438174247741699,2344.090878169998
5249.0,60.75156021118164,4.825956344604492,2344.3625629699964
5250.0,10.802066802978516,2.050966262817383,2344.6785590780055
5251.0,19.155445098876953,3.1740877628326416,2344.9886751360027
5252.0,217.27163696289062,9.0601224899292,2345.2761048429966
5253.0,64.36558532714844,4.3583269119262695,2345.6008738819946
5254.0,94.79411315917969,5.77710485458374,2345.8976121419983
5255.0,32.90066909790039,3.3300743103027344,2346.179477539001
5256.0,52.34772491455078,4.128267765045166,2346.488473641002
5257.0,32.82650375366211,3.579768180847168,2346.7728384810034
5258.0,56.33258819580078,4.643009185791016,2347.034932659997
5259.0,75.02597045898438,4.967458724975586,2347.3704992819985
5260.0,93.14225769042969,6.386775970458984,2347.6643918759946
5261.0,11.397579193115234,2.3783106803894043,2347.9663948649977
5262.0,11.12225341796875,2.385108470916748,2348.261145127006
5263.0,62.51225280761719,4.806853771209717,2348.551930889007
5264.0,91.6622543334961,5.008959770202637,2348.8255602889985
5265.0,62.43791580200195,5.299128532409668,2349.218097484001
5266.0,32.66901397705078,3.3523685932159424,2349.4857124800037
5267.0,35.02657699584961,3.8401424884796143,2349.8298917990032
5268.0,58.06019973754883,4.246150970458984,2350.1220675140066
5269.0,41.15876770019531,4.009329319000244,2350.4071449939947
5270.0,71.9639663696289,5.094144821166992,2350.7682220599963
5271.0,10.116663932800293,1.8223251104354858,2351.053893641001
5272.0,48.4764289855957,5.091770648956299,2351.3401253820048
5273.0,46.18178939819336,5.193534851074219,2351.6279455320037
5274.0,55.94166564941406,4.3205108642578125,2351.908479245001
5275.0,69.3128662109375,5.296500205993652,2352.1973025049956
5276.0,58.84733200073242,4.679375648498535,2352.482736482998
5277.0,14.40893840789795,2.592939853668213,2352.7667875589977
5278.0,29.442506790161133,3.8537511825561523,2353.0577368800004
5279.0,64.30093383789062,4.823599338531494,2353.357919244998
5280.0,13.806148529052734,2.306243419647217,2353.6419786049955
5281.0,55.55976104736328,3.825601100921631,2353.926968519998
5282.0,21.554594039916992,2.8561534881591797,2354.2132155319996
5283.0,45.93524932861328,4.486339092254639,2354.505803357999
5284.0,21.401992797851562,3.46791410446167,2354.7813603920076
5285.0,10.048440933227539,2.1967086791992188,2355.075869498003
5286.0,16.158382415771484,2.689570426940918,2355.362069038005
5287.0,10.639580726623535,2.157918691635132,2355.6638667109946
5288.0,35.942691802978516,5.263153553009033,2355.961710603995
5289.0,71.58465576171875,5.533915042877197,2356.2871060489997
5290.0,24.586727142333984,3.62945294380188,2356.579310836998
5291.0,29.93238639831543,3.9429237842559814,2356.8720519729977
5292.0,39.97743225097656,4.44599723815918,2357.137147953006
5293.0,26.838109970092773,3.8787899017333984,2357.3893543879967
5294.0,36.66192626953125,3.367902994155884,2357.6761612440023
5295.0,85.41698455810547,4.240060806274414,2357.952357051996
5296.0,9.280902862548828,2.076326370239258,2358.2240235329955
5297.0,42.29436492919922,4.190222263336182,2358.5246746880002
5298.0,76.19652557373047,4.936086654663086,2358.806732470999
5299.0,22.21894645690918,3.6824138164520264,2359.0981919010082
5300.0,9.546053886413574,2.2102129459381104,2359.412230186994
5301.0,58.63880157470703,5.058879852294922,2373.220300957997
5302.0,30.399261474609375,3.5142807960510254,2373.533897761008
5303.0,29.88290786743164,3.2634475231170654,2373.811390482995
5304.0,53.055519104003906,5.145596027374268,2374.109392187005
5305.0,28.701824188232422,3.6880078315734863,2374.465652726998
5306.0,16.130327224731445,2.7111949920654297,2374.7872715020058
5307.0,217.98580932617188,8.75598430633545,2375.0875473049964
5308.0,106.87396240234375,4.99343729019165,2375.396533071995
5309.0,79.0450668334961,4.773343563079834,2375.697384825995
5310.0,22.03072738647461,3.267521858215332,2375.9734240810067
5311.0,39.932289123535156,4.128610610961914,2376.2668040559947
5312.0,14.76510238647461,2.707937002182007,2376.5162316310016
5313.0,81.1296615600586,5.074221134185791,2376.8133764749946
5314.0,92.34805297851562,5.511693477630615,2377.098995660999
5315.0,198.40863037109375,8.246828079223633,2377.4144991229987
5316.0,14.34939193725586,2.5951273441314697,2377.720401701008
5317.0,22.143203735351562,2.844569683074951,2378.0183537529956
5318.0,52.22495651245117,4.364405155181885,2378.3174960000033
5319.0,9.915018081665039,1.9597570896148682,2378.6158648830024
5320.0,10.406925201416016,1.7822116613388062,2378.9151830129995
5321.0,11.212783813476562,2.0547268390655518,2379.195784587995
5322.0,4.846020698547363,1.6121054887771606,2379.4875896970043
5323.0,14.373059272766113,2.3891048431396484,2379.767203448995
5324.0,264.52734375,7.227719783782959,2380.0985870639997
5325.0,67.1463851928711,4.699594020843506,2380.365680622999
5326.0,30.812204360961914,3.5852222442626953,2380.671101864995
5327.0,77.5969467163086,4.579624652862549,2380.9863309680077
5328.0,68.23213958740234,4.05653190612793,2381.259258594
5329.0,8.22317123413086,1.8546935319900513,2381.548712762
5330.0,16.76620101928711,2.6653265953063965,2381.836013285996
5331.0,13.82182788848877,2.2900261878967285,2382.188212609006
5332.0,7.006648063659668,1.8802350759506226,2382.4926023080043
5333.0,35.33147430419922,3.1088035106658936,2382.7893930790015
5334.0,43.27350997924805,4.179610252380371,2383.0970814850007
5335.0,17.10781478881836,2.7832438945770264,2383.378799844999
5336.0,11.560097694396973,2.3378708362579346,2383.6714859810018
5337.0,70.43553161621094,6.390941619873047,2383.966144776001
5338.0,209.94461059570312,8.298553466796875,2384.2330217459967
5339.0,69.39324951171875,4.959071159362793,2384.497587760008
5340.0,51.78709030151367,4.308200359344482,2384.775343507994
5341.0,38.44966125488281,3.1723263263702393,2385.0417679149978
5342.0,20.69982147216797,3.291722297668457,2385.3393299419986
5343.0,20.978439331054688,2.3649933338165283,2385.6107887130056
5344.0,69.7857666015625,4.892984390258789,2385.893521339007
5345.0,8.080409049987793,2.0659005641937256,2386.2446438490006
5346.0,26.629009246826172,3.4130711555480957,2386.5753252290015
5347.0,54.855010986328125,4.764328479766846,2386.867670697
5348.0,25.035737991333008,3.116415500640869,2387.158402493995
5349.0,68.0794677734375,4.668837547302246,2387.458522107001
5350.0,26.192842483520508,2.9793331623077393,2387.7487585490016
5351.0,64.71311950683594,5.034279823303223,2388.0464737400034
5352.0,19.168455123901367,2.4228639602661133,2388.333771660007
5353.0,34.71764373779297,3.2988345623016357,2388.6749398100073
5354.0,50.98470687866211,3.708004951477051,2389.009894101997
5355.0,21.339567184448242,3.0495002269744873,2389.301645601008
5356.0,42.99353790283203,4.216220378875732,2389.6009804159985
5357.0,62.83304214477539,4.341233253479004,2389.9223975350033
5358.0,11.608197212219238,1.8913010358810425,2390.217673998006
5359.0,48.903648376464844,4.662487506866455,2390.5078260180017
5360.0,32.58926773071289,4.070422172546387,2390.814858564001
5361.0,272.64373779296875,9.968199729919434,2391.112751588007
5362.0,12.66378402709961,2.571148633956909,2391.462489355996
5363.0,65.95175170898438,5.285943508148193,2391.723406332996
5364.0,39.022483825683594,4.494913101196289,2392.0003924070043
5365.0,27.291587829589844,3.408856153488159,2392.283575979003
5366.0,49.62617492675781,3.84639048576355,2392.599774361006
5367.0,37.98609924316406,3.8366425037384033,2392.887713404998
5368.0,61.739036560058594,4.93088436126709,2393.167769986001
5369.0,106.57540893554688,6.540377616882324,2393.4563391060074
5370.0,86.31080627441406,5.263313293457031,2393.7626089029945
5371.0,20.493289947509766,2.796708345413208,2394.100048442997
5372.0,36.92837142944336,3.7728655338287354,2394.388950063003
5373.0,42.04947280883789,3.583383560180664,2394.6745192719973
5374.0,27.131994247436523,4.133772850036621,2394.9834066030016
5375.0,145.83949279785156,5.407137870788574,2395.313207968007
5376.0,172.20266723632812,8.077430725097656,2395.593732073001
5377.0,171.0045928955078,6.757889270782471,2395.893002469995
5378.0,32.419368743896484,3.1045377254486084,2396.183613411995
5379.0,129.00738525390625,9.337248802185059,2396.4951953800046
5380.0,19.368867874145508,3.354374647140503,2396.7971807930007
5381.0,84.9036636352539,4.733789443969727,2397.084782877995
5382.0,11.189427375793457,2.3408620357513428,2397.381552503997
5383.0,18.497852325439453,2.9505794048309326,2397.6741816300055
5384.0,12.167143821716309,1.817919135093689,2397.9533583339944
5385.0,71.08071899414062,4.517873287200928,2398.231433199995
5386.0,76.7658462524414,4.769987106323242,2398.532939231998
5387.0,13.333013534545898,1.9071485996246338,2398.896523561998
5388.0,23.920984268188477,2.974700689315796,2399.178534510007
5389.0,91.27838897705078,4.428951740264893,2399.4795885740023
5390.0,31.54729461669922,2.9181180000305176,2399.814225918002
5391.0,24.419979095458984,2.9634945392608643,2400.111608303996
5392.0,49.13459396362305,4.111093997955322,2400.421897774999
5393.0,15.628226280212402,2.4778919219970703,2400.7144577209983
5394.0,102.83087921142578,5.080334186553955,2401.0449764119985
5395.0,28.147722244262695,3.6794872283935547,2401.3529169959947
5396.0,42.41973114013672,3.9702939987182617,2401.6260104079993
5397.0,12.668298721313477,2.2868072986602783,2401.899563408995
5398.0,9.667594909667969,2.2981743812561035,2402.202091768995
5399.0,38.75602722167969,4.650482654571533,2402.5052000860014
5400.0,29.708105087280273,3.7316555976867676,2402.7805840200017
5401.0,21.66416358947754,2.89469575881958,2417.121545080008
5402.0,25.339332580566406,3.606839895248413,2417.4390602130006
5403.0,67.448974609375,4.167838096618652,2417.732304817997
5404.0,27.927518844604492,2.8438034057617188,2417.9856961350015
5405.0,19.929609298706055,2.927257537841797,2418.3380882659985
5406.0,18.61225128173828,2.855654239654541,2418.6276704000047
5407.0,19.34921646118164,3.022350788116455,2418.915478726005
5408.0,10.074440002441406,2.0223968029022217,2419.340035728994
5409.0,11.922220230102539,2.506939649581909,2419.7434902100067
5410.0,13.591132164001465,2.4542109966278076,2420.079074566005
5411.0,13.3816556930542,2.3455021381378174,2420.4014151029987
5412.0,8.955060958862305,1.796974539756775,2420.698981078007
5413.0,16.792232513427734,2.530546188354492,2421.0144053060067
5414.0,294.2563781738281,10.173235893249512,2421.335405359001
5415.0,64.21592712402344,4.304830551147461,2421.678559099004
5416.0,37.948787689208984,3.975961208343506,2422.002806186996
5417.0,13.04291820526123,2.4372313022613525,2422.304977865002
5418.0,146.2249298095703,5.990303039550781,2422.6064546270063
5419.0,54.650367736816406,4.044736862182617,2422.892726802005
5420.0,40.93096923828125,3.839059591293335,2423.151635317001
5421.0,37.468135833740234,3.3971543312072754,2423.457031316997
5422.0,117.99073791503906,4.961226940155029,2423.968715113995
5423.0,51.96465301513672,5.091031074523926,2424.291944055003
5424.0,86.69615173339844,5.3753662109375,2424.605673195998
5425.0,70.26444244384766,4.392832279205322,2424.9037220699975
5426.0,14.727740287780762,2.373412847518921,2425.2102904140047
5427.0,24.49748992919922,2.8035166263580322,2425.5323553290073
5428.0,67.82984924316406,5.234230995178223,2425.8332465239946
5429.0,43.59101104736328,3.888389825820923,2426.114693762007
5430.0,11.139230728149414,2.55157732963562,2426.4275744360057
5431.0,28.886106491088867,3.5529520511627197,2426.7294963070017
5432.0,19.86948013305664,2.632871627807617,2426.999674838007
5433.0,55.230533599853516,4.096546649932861,2427.2884484069946
5434.0,19.703487396240234,3.3339169025421143,2427.5903574480035
5435.0,113.73017120361328,6.555423259735107,2427.8614859060035
5436.0,16.108247756958008,2.8781964778900146,2428.131859563
5437.0,53.67305374145508,4.224751949310303,2428.477823962996
5438.0,14.547022819519043,2.612720251083374,2428.773219944007
5439.0,48.463191986083984,3.819828987121582,2429.0815045290074
5440.0,77.36517333984375,4.848528861999512,2429.3847863200062
5441.0,40.48002243041992,3.782032012939453,2429.679597677008
5442.0,65.75550079345703,4.887183666229248,2429.9974261960015
5443.0,40.98102951049805,3.5800671577453613,2430.287940961003
5444.0,82.55860900878906,4.880171298980713,2430.5939075180067
5445.0,39.11663055419922,4.625729560852051,2430.914400763999
5446.0,114.06976318359375,5.68431282043457,2431.1841880150023
5447.0,37.300880432128906,4.35780668258667,2431.445422992998
5448.0,22.598506927490234,3.184191942214966,2431.7303959359997
5449.0,38.55842208862305,3.9737162590026855,2432.0314268219954
5450.0,40.696346282958984,3.7596654891967773,2432.332269792998
5451.0,12.605752944946289,2.2289164066314697,2432.6829887979984
5452.0,9.370216369628906,1.9807382822036743,2432.945120591001
5453.0,41.02308654785156,3.629014253616333,2433.198662930008
5454.0,28.088619232177734,3.530008554458618,2433.544805106998
5455.0,33.931922912597656,3.1232810020446777,2433.853677111998
5456.0,30.3793888092041,3.4355177879333496,2434.1670695710054
5457.0,15.116362571716309,2.507925271987915,2434.473445980999
5458.0,9.73437786102295,2.044233798980713,2434.733835071005
5459.0,22.784835815429688,3.3043508529663086,2434.999002415003
5460.0,90.448974609375,3.6837053298950195,2435.3038857000065
5461.0,11.158581733703613,2.223632335662842,2435.5914742500026
5462.0,58.48429870605469,4.97711706161499,2435.8719849240006
5463.0,38.31772232055664,3.7174346446990967,2436.1421263869997
5464.0,15.254850387573242,2.640066146850586,2436.436841229006
5465.0,93.22639465332031,5.587826251983643,2436.714416046001
5466.0,23.303421020507812,2.6985459327697754,2437.0200898610055
5467.0,16.022249221801758,2.2143778800964355,2437.357492726005
5468.0,25.09273338317871,3.0037496089935303,2437.7216770319937
5469.0,42.618412017822266,3.5486762523651123,2438.025734163006
5470.0,33.444515228271484,4.188381671905518,2438.322132303001
5471.0,17.958921432495117,2.7394912242889404,2438.6373822640016
5472.0,37.23173522949219,3.6863598823547363,2438.953308848999
5473.0,78.03084564208984,5.688958168029785,2439.2711050920043
5474.0,35.71303939819336,3.4865872859954834,2439.5754158130003
5475.0,104.70250701904297,5.547008514404297,2439.8487397319986
5476.0,52.40061569213867,3.8584907054901123,2440.1091359349957
5477.0,99.1241683959961,4.653152942657471,2440.398551970997
5478.0,16.790870666503906,3.048034191131592,2440.7156930710044
5479.0,23.958879470825195,2.6373088359832764,2441.013073210008
5480.0,17.022310256958008,2.9076945781707764,2441.338371607999
5481.0,24.071897506713867,2.923532009124756,2441.6337637789984
5482.0,183.01382446289062,7.416478633880615,2441.950388792
5483.0,8.061826705932617,1.905301570892334,2442.2454898970027
5484.0,15.084135055541992,2.5963804721832275,2442.5428613900003
5485.0,32.0555534362793,3.5774471759796143,2442.8395219759987
5486.0,15.824917793273926,2.7698025703430176,2443.1519106769993
5487.0,11.259699821472168,2.1933228969573975,2443.441080564997
5488.0,52.048213958740234,3.360098361968994,2443.742336757001
5489.0,19.205801010131836,3.1711065769195557,2444.0770413760038
5490.0,13.147045135498047,2.0297839641571045,2444.3435064950027
5491.0,33.86850357055664,4.208352088928223,2444.5950445630006
5492.0,41.059261322021484,4.666931629180908,2444.8525995969976
5493.0,24.510498046875,2.6285483837127686,2445.1274168450036
5494.0,11.889117240905762,1.988172173500061,2445.3943054560077
5495.0,13.569515228271484,2.998495101928711,2445.783325145996
5496.0,25.921825408935547,3.4195668697357178,2446.0902189670014
5497.0,107.42341613769531,5.704493045806885,2446.4583866030007
5498.0,63.43300247192383,5.126698970794678,2446.794999249003
5499.0,39.889068603515625,3.133505344390869,2447.1069482839957
5500.0,132.4178009033203,5.598339557647705,2447.4383306450036
5501.0,11.582948684692383,2.232243061065674,2465.5158992070064
5502.0,90.9140625,6.025619983673096,2465.8088083030016
5503.0,34.466373443603516,3.68302321434021,2466.056097681998
5504.0,21.403026580810547,2.9266421794891357,2466.3550105400063
5505.0,7.283832550048828,1.6321181058883667,2466.697872111996
5506.0,20.240306854248047,2.4873533248901367,2467.018170768002
5507.0,32.540714263916016,3.6348659992218018,2467.3181644959986
5508.0,8.086709976196289,2.0533361434936523,2467.6395768369985
5509.0,111.02825927734375,5.444737911224365,2467.9661510419974
5510.0,18.077423095703125,2.601837396621704,2468.3077257580007
5511.0,39.302330017089844,5.232670307159424,2468.6210851399956
5512.0,57.38446044921875,3.8947174549102783,2468.9167476000002
5513.0,78.27943420410156,5.0137038230896,2469.2387555510068
5514.0,45.11671829223633,4.556727886199951,2469.5087121910037
5515.0,52.70315933227539,5.031379222869873,2469.7723294110037
5516.0,25.384750366210938,3.267195224761963,2470.7645211899944
5517.0,80.1247329711914,6.0665764808654785,2473.1584887530043
5518.0,111.55657196044922,6.915931701660156,2473.474219429001
5519.0,15.851052284240723,2.741429328918457,2473.790385964996
5520.0,95.50822448730469,3.9923760890960693,2474.086827930005
5521.0,74.57804107666016,6.1998748779296875,2474.3453056699946
5522.0,57.51347732543945,4.359938621520996,2474.6228502500016
5523.0,231.86373901367188,8.090887069702148,2474.9065476950054
5524.0,69.96082305908203,4.540764808654785,2475.2200679399975
5525.0,8.843360900878906,1.9425745010375977,2475.50282229
5526.0,60.26735305786133,4.312367916107178,2475.7896319389984
5527.0,52.143714904785156,4.831841468811035,2476.088130092001
5528.0,150.3134307861328,6.269742012023926,2476.404349083008
5529.0,37.465301513671875,3.477254629135132,2476.68292028
5530.0,60.944580078125,5.136011123657227,2476.985844826995
5531.0,137.3156280517578,6.898791790008545,2477.2716116480005
5532.0,30.44463539123535,3.5962579250335693,2477.603248002997
5533.0,29.00343132019043,4.690460681915283,2477.890507121003
5534.0,20.062959671020508,2.9016199111938477,2478.1699190600048
5535.0,39.846248626708984,3.867222547531128,2478.468923858003
5536.0,18.405315399169922,2.8867716789245605,2478.762169395006
5537.0,160.4625244140625,6.5341291427612305,2479.0834779900033
5538.0,36.00113296508789,3.404958486557007,2479.3758957139944
5539.0,13.769872665405273,2.3185274600982666,2479.6819875530055
5540.0,194.3074188232422,11.534197807312012,2480.0455979020044
5541.0,84.18313598632812,5.518642902374268,2480.382399615002
5542.0,36.27192687988281,3.4979865550994873,2480.6733131490037
5543.0,23.81687355041504,2.7896006107330322,2480.965294720998
5544.0,71.88914489746094,3.8966212272644043,2481.2761778040003
5545.0,9.411953926086426,2.0570197105407715,2481.581121773008
5546.0,11.878859519958496,1.7064144611358643,2481.876661147995
5547.0,97.90544128417969,5.505682468414307,2482.173483202001
5548.0,102.25170135498047,5.0715413093566895,2482.4640527940064
5549.0,22.134389877319336,3.233365774154663,2482.7559810210078
5550.0,58.08974075317383,4.749242305755615,2483.0548173620045
5551.0,97.11478424072266,5.61868953704834,2483.3406985180045
5552.0,15.508291244506836,2.5261025428771973,2483.6188930670032
5553.0,45.939640045166016,4.349109649658203,2483.9287837470038
5554.0,16.902528762817383,3.2358577251434326,2484.2471087010053
5555.0,9.191834449768066,2.046121120452881,2484.563242582997
5556.0,26.1669864654541,3.1473498344421387,2484.8706366859988
5557.0,14.329755783081055,2.7492942810058594,2485.162961202004
5558.0,18.083772659301758,3.0012619495391846,2485.4663371250062
5559.0,27.0992431640625,3.632995128631592,2485.737514501001
5560.0,54.18708038330078,3.9932942390441895,2486.0381028440024
5561.0,73.80616760253906,5.163599014282227,2486.2863081329997
5562.0,61.87095260620117,5.00309944152832,2486.5532557859988
5563.0,12.203782081604004,2.389772653579712,2486.833171435006
5564.0,49.77083969116211,5.095994472503662,2487.0930878910003
5565.0,260.62890625,7.92807149887085,2487.3599293809966
5566.0,53.53001022338867,5.397006034851074,2487.650434933006
5567.0,69.9124526977539,4.260904312133789,2487.9383241239993
5568.0,25.65041732788086,3.382481575012207,2488.289696064996
5569.0,14.24351978302002,2.8438336849212646,2488.6159470790008
5570.0,81.59695434570312,4.8405866622924805,2488.905795036
5571.0,89.14668273925781,4.726902484893799,2489.1858479789953
5572.0,46.16761016845703,4.192664623260498,2489.474570920007
5573.0,11.605088233947754,2.4872477054595947,2489.772729182994
5574.0,20.84151268005371,2.8903703689575195,2490.074298150008
5575.0,31.024507522583008,3.252690076828003,2490.329875220006
5576.0,76.94731903076172,5.418269634246826,2490.5871753740066
5577.0,46.263214111328125,4.053971767425537,2490.8675042079994
5578.0,106.73894500732422,6.185612201690674,2491.1463125349983
5579.0,11.39823055267334,1.976698398590088,2491.427669800003
5580.0,66.02987670898438,4.975283145904541,2491.7247419009946
5581.0,22.8935604095459,3.0957181453704834,2492.0040361739957
5582.0,33.40830612182617,4.095462322235107,2492.2776717889938
5583.0,10.016263008117676,1.670119047164917,2492.554370776008
5584.0,31.425735473632812,3.199105978012085,2492.8735189419967
5585.0,90.07180786132812,5.1971564292907715,2493.1881095510034
5586.0,45.74319839477539,3.391639471054077,2493.5055141030025
5587.0,10.136943817138672,2.333550214767456,2493.8209467950073
5588.0,11.148423194885254,2.188646078109741,2494.120021996001
5589.0,348.21588134765625,12.203816413879395,2494.4402591679973
5590.0,11.475293159484863,2.313960075378418,2494.7248308989947
5591.0,36.392967224121094,3.0078303813934326,2495.033127180999
5592.0,91.1731948852539,4.93862771987915,2495.460398533003
5593.0,24.754465103149414,3.946213483810425,2495.7536602239998
5594.0,29.924732208251953,3.7628674507141113,2496.0141653460014
5595.0,106.41690063476562,5.8680739402771,2496.2843055980047
5596.0,72.87641143798828,4.652885437011719,2496.579308882996
5597.0,12.984169960021973,2.5850889682769775,2496.8744074709975
5598.0,27.709754943847656,3.740694761276245,2497.166569609006
5599.0,10.381031036376953,2.0333096981048584,2497.4318304049957
5600.0,29.12488555908203,2.9191269874572754,2497.716272100006
5601.0,22.119407653808594,3.1487789154052734,2511.4672631919966
5602.0,21.525197982788086,2.681265115737915,2511.843052616008
5603.0,99.45450592041016,6.839447975158691,2512.297936005998
5604.0,29.279037475585938,3.740305185317993,2512.592735725004
5605.0,19.13058090209961,2.529658079147339,2512.8586549449974
5606.0,14.364892959594727,2.4601080417633057,2513.1968077390047
5607.0,21.649744033813477,2.7153329849243164,2513.5181320109987
5608.0,36.824954986572266,3.207862615585327,2513.8161082099978
5609.0,47.97952651977539,3.8667192459106445,2514.132775295002
5610.0,84.22826385498047,5.073692321777344,2514.4358577759995
5611.0,42.697261810302734,4.176717281341553,2514.7467262400023
5612.0,32.38138198852539,3.4139111042022705,2515.049819772001
5613.0,92.30015563964844,5.349163055419922,2515.3723723650037
5614.0,29.7401123046875,3.7551097869873047,2515.660402073001
5615.0,16.48639678955078,2.4620273113250732,2515.943050286005
5616.0,139.22491455078125,6.386244297027588,2516.261907059001
5617.0,239.7469024658203,9.540356636047363,2516.5742674030043
5618.0,14.434867858886719,2.1659927368164062,2516.8616401659965
5619.0,10.657039642333984,1.8183170557022095,2517.183794690005
5620.0,11.370163917541504,2.1634597778320312,2517.5050429029943
5621.0,189.85218811035156,7.371922492980957,2517.826216554997
5622.0,80.12423706054688,8.082193374633789,2518.1034024679975
5623.0,40.921875,5.006596088409424,2518.4464753030043
5624.0,124.6831283569336,4.662746429443359,2518.790515429995
5625.0,11.086524963378906,1.9395008087158203,2519.0784560330067
5626.0,29.21697998046875,3.421104669570923,2519.390731520005
5627.0,50.05494689941406,4.185495853424072,2519.678543678994
5628.0,73.1147689819336,4.189612865447998,2519.9812062400015
5629.0,130.14151000976562,6.54066276550293,2520.273194502006
5630.0,20.043367385864258,3.1065874099731445,2520.569967456002
5631.0,72.13905334472656,5.792656898498535,2520.854760071001
5632.0,13.10725212097168,2.2829816341400146,2521.1531204610073
5633.0,147.31912231445312,6.6890177726745605,2521.4366789189953
5634.0,9.713545799255371,1.8138766288757324,2521.722134445008
5635.0,93.2975845336914,5.118490695953369,2522.0049445780023
5636.0,69.54531860351562,4.227197170257568,2522.289808732996
5637.0,22.38321304321289,3.457859992980957,2522.596200259999
5638.0,20.107959747314453,3.009458541870117,2522.8989169370034
5639.0,21.239681243896484,2.515268325805664,2523.1939253739984
5640.0,23.76966667175293,2.9824821949005127,2523.5056808049994
5641.0,34.577476501464844,4.196540832519531,2523.7947351420007
5642.0,103.12322235107422,5.651726245880127,2524.0470412239956
5643.0,22.56926727294922,3.523862838745117,2524.3316102389945
5644.0,142.9168701171875,5.802962779998779,2524.610538056004
5645.0,9.423160552978516,2.015745162963867,2524.900332434001
5646.0,37.56837463378906,3.2850213050842285,2525.177376145002
5647.0,31.04086685180664,3.2093265056610107,2525.4848087639984
5648.0,10.627196311950684,1.8614298105239868,2525.776163415998
5649.0,42.74622344970703,3.5700337886810303,2526.0482094909967
5650.0,20.889480590820312,3.406003475189209,2526.3411283199966
5651.0,17.700605392456055,2.687143325805664,2526.636675383008
5652.0,322.2983093261719,11.136137008666992,2526.9166050439962
5653.0,55.53586959838867,3.9509806632995605,2527.206317794
5654.0,14.82284927368164,2.86550235748291,2527.501850326007
5655.0,12.278361320495605,2.4004766941070557,2527.800678365995
5656.0,46.588626861572266,4.004080772399902,2528.104485033007
5657.0,172.1344757080078,7.583025932312012,2528.3900498199946
5658.0,31.374486923217773,3.984581708908081,2528.687987234007
5659.0,43.148399353027344,3.454486846923828,2528.9679269960034
5660.0,83.00450897216797,5.549543857574463,2529.2519614030025
5661.0,31.72043228149414,3.4782116413116455,2529.5486133910017
5662.0,24.89609718322754,2.9541523456573486,2529.8419087079965
5663.0,29.07322120666504,4.081221580505371,2530.100988503007
5664.0,89.7046890258789,5.48397970199585,2530.4033131350006
5665.0,53.05302810668945,3.755402088165283,2530.7242504479946
5666.0,42.19435119628906,4.319705009460449,2531.038011169003
5667.0,22.184072494506836,3.6904847621917725,2531.3633090850053
5668.0,18.014659881591797,2.679928779602051,2531.7025903610047
5669.0,117.6465835571289,4.696975231170654,2532.030008337999
5670.0,57.53319549560547,3.614286184310913,2532.3279654579965
5671.0,45.355308532714844,3.9990808963775635,2532.597808211998
5672.0,68.32735443115234,5.642911434173584,2532.917062231005
5673.0,77.0012435913086,5.186061859130859,2533.211041984003
5674.0,52.10105514526367,4.109097957611084,2533.504439120996
5675.0,23.44503402709961,3.3780784606933594,2533.7888503919967
5676.0,12.099806785583496,2.467639446258545,2534.0764043340023
5677.0,45.58372116088867,4.358917236328125,2534.363197768005
5678.0,17.43170166015625,2.0274291038513184,2534.6742114060035
5679.0,171.4286346435547,7.09728479385376,2534.9558277010074
5680.0,37.04148864746094,4.164587497711182,2535.247851373002
5681.0,9.65731430053711,2.0356128215789795,2535.511477623004
5682.0,15.949110984802246,2.6279404163360596,2535.8080410849943
5683.0,28.041797637939453,4.216031074523926,2536.0749811340065
5684.0,14.275971412658691,2.384610176086426,2536.360585140006
5685.0,82.1500244140625,5.320995807647705,2536.6325336309965
5686.0,15.683616638183594,2.808741569519043,2536.910261491008
5687.0,136.32315063476562,6.466510772705078,2537.2106972320034
5688.0,23.79495620727539,3.295827865600586,2537.4801981280034
5689.0,77.94772338867188,5.746470928192139,2537.7765842340013
5690.0,12.530245780944824,2.5381369590759277,2538.0757245720015
5691.0,25.82671356201172,2.424006223678589,2538.357061414994
5692.0,21.377695083618164,2.8592371940612793,2538.6498518839944
5693.0,26.83011817932129,3.058490037918091,2538.916133931998
5694.0,20.209714889526367,2.7698984146118164,2539.216549549994
5695.0,53.052371978759766,4.578526020050049,2539.5005521690036
5696.0,7.536726951599121,1.689957857131958,2539.8725153959967
5697.0,55.00862121582031,4.515754699707031,2540.202006912994
5698.0,44.7667121887207,5.55039644241333,2540.5023622739973
5699.0,37.472267150878906,3.7497336864471436,2540.809548161007
5700.0,21.230121612548828,2.865032434463501,2541.0971678159985
5701.0,32.43046188354492,4.037644386291504,2555.3132218959945
5702.0,22.369373321533203,2.496689558029175,2555.6029281390074
5703.0,25.608882904052734,3.0913026332855225,2555.895669620004
5704.0,76.42791748046875,4.769378185272217,2556.1797036829958
5705.0,84.43399810791016,4.862286567687988,2556.474198616008
5706.0,26.194103240966797,3.762373447418213,2556.7592831369984
5707.0,78.97352600097656,5.681516170501709,2557.0264625919954
5708.0,50.2729377746582,4.384710311889648,2557.310879298995
5709.0,14.900739669799805,2.7075700759887695,2557.6120715330035
5710.0,22.712961196899414,2.3436739444732666,2558.0056715690007
5711.0,70.93510437011719,4.870663642883301,2558.3459180240025
5712.0,32.538299560546875,3.3660969734191895,2558.6353215230047
5713.0,75.38567352294922,6.429618835449219,2558.978312270003
5714.0,17.214317321777344,3.0622777938842773,2559.298545854006
5715.0,264.6506652832031,6.664846897125244,2559.611029545995
5716.0,42.0105094909668,4.5383477210998535,2559.9353211190028
5717.0,31.892305374145508,3.1697800159454346,2560.2162516690005
5718.0,87.431884765625,6.059412479400635,2560.4943207390024
5719.0,41.20658874511719,3.629427194595337,2560.812198724001
5720.0,39.46509552001953,4.977313995361328,2561.1081489100034
5721.0,53.19187927246094,4.686289310455322,2561.411550332996
5722.0,39.287742614746094,5.017422676086426,2561.690437477999
5723.0,40.77971649169922,4.18646240234375,2562.0004847450036
5724.0,74.56443786621094,5.391732692718506,2562.3064635470073
5725.0,12.880036354064941,2.422421932220459,2562.595589635006
5726.0,38.431968688964844,3.5037949085235596,2562.887436589008
5727.0,27.61307716369629,3.4951059818267822,2563.2045621419966
5728.0,22.279897689819336,2.8708810806274414,2563.492361213008
5729.0,45.476139068603516,4.193707466125488,2563.7893363210023
5730.0,100.3033447265625,5.636663913726807,2564.059489299005
5731.0,9.97305965423584,1.875976800918579,2564.365541763007
5732.0,32.26472091674805,2.9127275943756104,2564.695217888002
5733.0,12.829501152038574,2.3021767139434814,2564.977982354001
5734.0,42.951602935791016,3.9481701850891113,2565.2595518279995
5735.0,19.028623580932617,2.781656503677368,2565.541456566003
5736.0,8.004390716552734,2.0805768966674805,2565.8586545069993
5737.0,11.332415580749512,2.409248113632202,2566.1691581310006
5738.0,14.675860404968262,2.713120222091675,2566.4612386200024
5739.0,36.10969161987305,4.733358860015869,2566.7905156199995
5740.0,33.33427429199219,2.810682773590088,2567.084048334
5741.0,379.53106689453125,13.026942253112793,2567.3738863850012
5742.0,30.954084396362305,3.654609441757202,2567.689977792994
5743.0,72.50250244140625,7.145379066467285,2567.991922469999
5744.0,55.760345458984375,4.557677268981934,2568.284656154996
5745.0,27.944602966308594,3.041463851928711,2568.579564920001
5746.0,30.548828125,3.5097906589508057,2568.963402371999
5747.0,151.629150390625,7.464366912841797,2569.3324476370035
5748.0,64.29485321044922,4.315523624420166,2569.6681662720075
5749.0,41.25909423828125,3.7520546913146973,2569.956228531999
5750.0,15.86410140991211,2.473754644393921,2570.282540373999
5751.0,7.588366985321045,1.7159682512283325,2570.5834056769963
5752.0,30.911561965942383,4.076139450073242,2570.8711085660034
5753.0,20.817367553710938,3.595024347305298,2571.1489148959954
5754.0,14.406352043151855,2.5036654472351074,2571.434133682007
5755.0,63.853084564208984,4.737441062927246,2571.7512330290047
5756.0,85.84112548828125,5.096612930297852,2572.068701272001
5757.0,30.05110740661621,3.0414462089538574,2572.3464399420045
5758.0,71.99966430664062,4.459143161773682,2572.681372363004
5759.0,22.988082885742188,2.5538463592529297,2572.9888296800054
5760.0,11.50943374633789,1.9182239770889282,2573.2810825880006
5761.0,8.788074493408203,1.8506830930709839,2573.5749831239955
5762.0,40.47636413574219,4.303525447845459,2573.884030471003
5763.0,47.79239273071289,3.5408530235290527,2574.1543174170074
5764.0,20.925796508789062,3.696277379989624,2574.4279020240065
5765.0,104.5446548461914,6.014169216156006,2574.7499588719947
5766.0,12.562228202819824,2.1525967121124268,2575.0424616439996
5767.0,35.91827392578125,4.566583633422852,2575.333808159994
5768.0,12.1653413772583,2.4507012367248535,2575.6064590640017
5769.0,10.214309692382812,2.370196580886841,2575.9255782830005
5770.0,63.1395378112793,5.728750705718994,2576.216589907999
5771.0,118.89346313476562,5.648984909057617,2576.508454134004
5772.0,10.66023063659668,1.9994624853134155,2576.7752412010013
5773.0,60.74428176879883,4.946529388427734,2577.0718607080053
5774.0,14.594229698181152,2.5198826789855957,2577.3747241300007
5775.0,15.969023704528809,2.9220776557922363,2577.664665611999
5776.0,126.86489868164062,8.186335563659668,2577.9686808950064
5777.0,51.375465393066406,4.503378868103027,2578.245676881008
5778.0,77.03070068359375,4.84113073348999,2578.5479084929975
5779.0,25.095523834228516,3.1896746158599854,2578.8364638259955
5780.0,21.950992584228516,2.972885847091675,2579.129562204005
5781.0,73.80856323242188,5.71229362487793,2579.435300062003
5782.0,82.14479064941406,6.353968620300293,2579.7348867139954
5783.0,15.444465637207031,2.692765712738037,2580.011840927007
5784.0,23.34394073486328,2.5388455390930176,2580.289734802005
5785.0,17.73727035522461,3.0494191646575928,2580.5799369570013
5786.0,34.982147216796875,3.1650454998016357,2580.8862256639986
5787.0,23.29941749572754,3.181731700897217,2581.188008377998
5788.0,19.63518524169922,2.8540804386138916,2581.497988852003
5789.0,172.4075927734375,7.608700275421143,2581.814443726995
5790.0,92.03974151611328,5.2504963874816895,2582.134340538003
5791.0,83.56712341308594,5.316254138946533,2582.429898771996
5792.0,29.53913116455078,3.784417152404785,2582.726078695996
5793.0,70.97877502441406,4.697859287261963,2583.012967292001
5794.0,41.775421142578125,4.194810390472412,2583.303883064
5795.0,85.35993957519531,5.29168176651001,2583.6042056849983
5796.0,47.445518493652344,4.111689567565918,2583.8961243390077
5797.0,20.34975814819336,2.6899397373199463,2584.1958572349977
5798.0,16.43408966064453,2.762019395828247,2584.5131872119964
5799.0,137.48944091796875,5.861806869506836,2584.815754714
5800.0,115.2583999633789,5.769716739654541,2585.1081225410016
5801.0,155.37176513671875,6.783560276031494,2600.938727793997
5802.0,113.20609283447266,5.824657440185547,2601.283014132001
5803.0,74.43673706054688,4.698330879211426,2601.5607099280023
5804.0,133.00387573242188,6.536612033843994,2601.9302702169953
5805.0,76.58606719970703,4.318033218383789,2602.2668152709957
5806.0,8.554306030273438,1.7227247953414917,2602.677448525006
5807.0,56.252323150634766,4.6849684715271,2603.0162784330023
5808.0,17.846742630004883,2.557046890258789,2603.3558175579965
5809.0,20.130496978759766,3.273146629333496,2603.659441010008
5810.0,9.54089069366455,1.9642833471298218,2603.913431285997
5811.0,13.586507797241211,2.654374122619629,2604.2006372619944
5812.0,71.57768249511719,5.326974391937256,2604.505763210007
5813.0,28.768747329711914,2.989206314086914,2604.803992179004
5814.0,38.16421127319336,3.147109031677246,2605.092370872997
5815.0,33.443946838378906,4.128116607666016,2605.389857558999
5816.0,36.65317153930664,3.0044682025909424,2605.698765238005
5817.0,28.8561954498291,3.4230103492736816,2605.991859622998
5818.0,11.743051528930664,2.457427501678467,2606.2780366020015
5819.0,9.456277847290039,2.0866799354553223,2606.567754806005
5820.0,26.735963821411133,3.141558885574341,2606.876875571994
5821.0,12.763023376464844,2.217059373855591,2607.126167897004
5822.0,56.98389434814453,4.051011085510254,2607.4431631400075
5823.0,66.56400299072266,4.479738712310791,2607.7374394759972
5824.0,44.27062225341797,4.101883411407471,2608.0286925990076
5825.0,75.62944030761719,4.362432479858398,2608.301906766006
5826.0,20.42965316772461,3.043809175491333,2608.587950900008
5827.0,134.74285888671875,8.311631202697754,2608.884278277008
5828.0,73.17280578613281,5.404865741729736,2609.1767307560076
5829.0,27.361446380615234,3.640768527984619,2609.462397302006
5830.0,153.89590454101562,6.878621578216553,2609.748099561999
5831.0,31.21027946472168,3.4535553455352783,2610.030820082
5832.0,21.560678482055664,3.6422996520996094,2610.3211308559985
5833.0,20.85483741760254,3.336956739425659,2610.6144247259945
5834.0,71.29865264892578,4.537264347076416,2610.921723092004
5835.0,36.932125091552734,3.6282613277435303,2611.1993755110016
5836.0,220.49131774902344,8.129596710205078,2611.478489725996
5837.0,52.93096923828125,5.272566795349121,2611.7787523000006
5838.0,140.9121856689453,5.7017598152160645,2612.0705478870077
5839.0,63.377567291259766,4.708667278289795,2612.353282614
5840.0,24.242143630981445,3.6127822399139404,2612.628407502998
5841.0,99.78276062011719,8.617509841918945,2612.9889834170026
5842.0,30.51194953918457,2.922149896621704,2613.298767264001
5843.0,10.283895492553711,2.268263578414917,2613.5818767159944
5844.0,66.00807189941406,4.896758079528809,2613.8697125110048
5845.0,63.69337844848633,4.505657196044922,2614.181027630999
5846.0,16.804088592529297,3.3308186531066895,2614.4923468110064
5847.0,75.258544921875,4.891659736633301,2614.7951049959956
5848.0,27.33999252319336,3.5103225708007812,2615.0765983890014
5849.0,22.5833683013916,3.375533103942871,2615.361667767007
5850.0,19.647357940673828,2.4723117351531982,2615.6761534240068
5851.0,35.96717071533203,3.2437171936035156,2615.955169253997
5852.0,86.99234771728516,5.30097770690918,2616.2524345160055
5853.0,5.660890102386475,1.6296097040176392,2616.537860926008
5854.0,39.441001892089844,3.8875575065612793,2616.8319330259983
5855.0,34.017513275146484,4.049793243408203,2617.1682547319942
5856.0,48.371978759765625,4.447925567626953,2617.449083290994
5857.0,9.282074928283691,2.176158905029297,2617.753595135
5858.0,253.79490661621094,8.513014793395996,2618.0406985989976
5859.0,15.410431861877441,2.6308388710021973,2618.3727982590062
5860.0,31.564607620239258,3.474351406097412,2618.717210189003
5861.0,40.70296859741211,3.403653621673584,2619.0070925839973
5862.0,29.097673416137695,3.1844069957733154,2619.316062997008
5863.0,13.308890342712402,2.7706894874572754,2619.6270879990043
5864.0,17.318401336669922,2.807586908340454,2619.9398230880033
5865.0,24.897645950317383,3.4089627265930176,2620.2306933200016
5866.0,24.95067024230957,3.6473395824432373,2620.519089531008
5867.0,107.6081771850586,6.415465831756592,2620.8630860870035
5868.0,93.15482330322266,4.931955337524414,2621.145299751006
5869.0,19.1924991607666,2.789616346359253,2621.4360429869994
5870.0,34.5721321105957,3.5794947147369385,2621.728120847998
5871.0,67.79237365722656,4.503358364105225,2622.025966879999
5872.0,13.206226348876953,2.4104416370391846,2622.3386642359983
5873.0,29.742626190185547,3.516080617904663,2622.6301990960055
5874.0,204.33372497558594,9.48894214630127,2622.9317025119963
5875.0,11.869609832763672,2.448446035385132,2623.2117506710056
5876.0,62.00739669799805,3.8886656761169434,2623.508870318008
5877.0,22.15117073059082,3.7854440212249756,2623.837366601001
5878.0,51.94465637207031,3.6163179874420166,2624.1133527610073
5879.0,38.21268844604492,3.9325623512268066,2624.4065328860015
5880.0,236.54502868652344,8.501083374023438,2624.729782880997
5881.0,14.707225799560547,2.6707229614257812,2625.0109151880024
5882.0,31.960397720336914,3.628187656402588,2625.347540642004
5883.0,100.51256561279297,4.3838114738464355,2625.6773833049956
5884.0,10.87637710571289,2.0633177757263184,2625.9955300230067
5885.0,32.627044677734375,3.0606300830841064,2626.3013380290067
5886.0,323.2048034667969,11.316149711608887,2626.6570708740037
5887.0,34.67081832885742,2.8098175525665283,2626.9723398049973
5888.0,17.181753158569336,2.640573501586914,2627.3134770360048
5889.0,6.0497918128967285,1.6911886930465698,2627.6148377659993
5890.0,22.425996780395508,3.6746504306793213,2627.9168488730065
5891.0,38.34176254272461,3.726125717163086,2628.197741861004
5892.0,68.5250473022461,4.375032901763916,2628.471343630008
5893.0,57.669002532958984,4.088674545288086,2628.8673259299976
5894.0,32.066505432128906,3.5094263553619385,2629.1345920919994
5895.0,95.45867919921875,5.203332424163818,2629.448593234003
5896.0,17.128061294555664,2.272109270095825,2629.753573460999
5897.0,7.924605369567871,1.8163076639175415,2630.0645066090074
5898.0,20.871503829956055,3.114579200744629,2630.3794758110016
5899.0,26.841602325439453,3.355729818344116,2632.3147680580005
5900.0,33.16133117675781,3.4961342811584473,2633.8351906949974
