step,loss,epe,elapsed_seconds
1.0,15459.134765625,112.03559112548828,3.077473587007262
2.0,15354.4189453125,111.71231842041016,3.3439385230012704
3.0,15611.201171875,114.63858032226562,3.6555155320093036
4.0,14081.8173828125,105.67730712890625,3.952036990012857
5.0,20132.28125,136.13999938964844,4.22151719800604
6.0,20701.505859375,137.74143981933594,4.4746706200094195
7.0,14995.708984375,110.04472351074219,4.767877272999613
8.0,14488.0537109375,107.27718353271484,5.063945515008527
9.0,16515.525390625,115.35301208496094,5.340609919003327
10.0,16820.583984375,123.7825698852539,5.612948361012968
11.0,16749.396484375,118.86917877197266,5.88832672200806
12.0,19496.916015625,136.76673889160156,6.168072344007669
13.0,15269.2568359375,110.307373046875,6.456775812999695
14.0,21067.8828125,141.2078094482422,6.756050031006453
15.0,22110.779296875,145.00950622558594,7.03162448501098
16.0,19256.48046875,133.58200073242188,7.314015543001005
17.0,13855.8095703125,103.30413818359375,7.776543211002718
18.0,12362.041015625,104.7940673828125,8.076534154999536
19.0,5834.3505859375,68.11932373046875,8.377236694010207
20.0,5687.6591796875,68.78205108642578,8.655225321999751
21.0,4195.4833984375,57.2965202331543,8.946666472009383
22.0,2750.818603515625,48.387237548828125,9.21959172700008
23.0,3966.86376953125,58.138832092285156,9.489403007013607
24.0,2814.1513671875,46.47124481201172,9.949239213005058
25.0,1921.31103515625,39.21942901611328,10.238822030005394
26.0,2083.01171875,39.567928314208984,10.57922529100324
27.0,3185.69091796875,47.66166687011719,10.871040695012198
28.0,3575.136474609375,51.29389572143555,11.198013013010495
29.0,1966.76513671875,40.65251159667969,11.464034487013123
30.0,2362.410888671875,40.19924545288086,11.753132768004434
31.0,2447.301513671875,38.859031677246094,12.013523483008612
32.0,949.7195434570312,26.89883041381836,12.269624897002359
33.0,1738.850341796875,30.05685806274414,12.551016672005062
34.0,842.6399536132812,22.29488182067871,12.809807482000906
35.0,1751.0111083984375,35.946044921875,13.090939672008972
36.0,3211.10595703125,49.03203582763672,13.36497377201158
37.0,1947.100830078125,32.64699935913086,13.624994060999597
38.0,1746.3487548828125,32.458030700683594,13.899988337012473
39.0,1417.9443359375,33.38295364379883,14.201932414012845
40.0,1456.1954345703125,32.20907211303711,14.510003269999288
41.0,1644.1103515625,37.52236557006836,14.809423662009067
42.0,3140.283203125,54.53314208984375,15.097388316004071
43.0,1297.0782470703125,31.77311134338379,15.381646256006206
44.0,1584.6201171875,36.27897644042969,15.732706773007521
45.0,1434.627197265625,32.10633087158203,16.069258930001524
46.0,1309.66552734375,31.10803985595703,16.42093392800598
47.0,2153.930908203125,40.25460433959961,16.705130228001508
48.0,1811.0323486328125,36.699188232421875,16.989706243999535
49.0,826.38671875,23.147071838378906,17.255353667002055
50.0,2009.899658203125,34.18062210083008,17.523782265008776
51.0,1547.9630126953125,29.275588989257812,17.80793830100447
52.0,881.389892578125,24.257768630981445,18.09924028700334
53.0,552.281982421875,19.548255920410156,18.37563684199995
54.0,1411.448974609375,26.798925399780273,18.664458060011384
55.0,1027.1427001953125,27.55826187133789,18.981584533001296
56.0,1399.2781982421875,25.229509353637695,19.32670161301212
57.0,1506.282470703125,33.91094207763672,19.59776498800784
58.0,2569.25390625,41.8388786315918,19.86315810600354
59.0,1302.8330078125,28.95321273803711,20.154307254008017
60.0,796.4288940429688,23.34592056274414,20.461323651004932
61.0,2165.1767578125,38.32388687133789,20.760319205000997
62.0,920.2012329101562,26.227783203125,21.04343438601063
63.0,1531.3355712890625,33.1705207824707,21.341075298012584
64.0,1794.7364501953125,33.215660095214844,21.61556407700118
65.0,931.1192626953125,23.663118362426758,21.905272005009465
66.0,1420.65771484375,28.948606491088867,22.223069935003878
67.0,966.63525390625,25.196929931640625,22.534630828013178
68.0,1250.1312255859375,29.38168716430664,22.832079017010983
69.0,1124.100830078125,28.476715087890625,23.114362041000277
70.0,3372.73291015625,55.32828140258789,23.389136280005914
71.0,1219.1795654296875,25.208965301513672,23.70833671701257
72.0,2105.047119140625,38.58094024658203,24.006358245009324
73.0,2556.291748046875,42.634735107421875,24.305214799009264
74.0,1442.629638671875,33.30569076538086,24.575101763999555
75.0,1638.903076171875,36.189453125,24.864584948008996
76.0,1296.0931396484375,32.501888275146484,25.136804664012743
77.0,1178.91357421875,28.524721145629883,25.451675036005327
78.0,850.974609375,24.372417449951172,25.743909513010294
79.0,941.7385864257812,25.14594078063965,26.08946876101254
80.0,538.0662231445312,18.23348617553711,26.407001188010327
81.0,1464.572509765625,27.57769775390625,26.683500822007773
82.0,677.7662963867188,22.56287384033203,26.993312980004703
83.0,911.113037109375,24.372760772705078,27.300915454005008
84.0,1070.0537109375,26.081928253173828,27.591766900004586
85.0,716.9786987304688,22.840423583984375,27.91294455699972
86.0,695.300537109375,20.82355308532715,28.223562983010197
87.0,590.5534057617188,19.790325164794922,28.55115843900421
88.0,1056.3638916015625,27.116191864013672,28.85044418500911
89.0,960.1257934570312,23.221643447875977,29.20241180100129
90.0,804.095947265625,23.317546844482422,29.60210924000421
91.0,1847.45947265625,31.95724868774414,29.987695567004266
92.0,917.6201171875,20.83234214782715,30.479643153012148
93.0,648.7460327148438,21.692514419555664,30.73678013800236
94.0,556.0223999023438,19.160646438598633,31.122515829003532
95.0,301.00677490234375,14.111618041992188,31.53942154700053
96.0,700.9879150390625,22.6916446685791,31.94669491201057
97.0,800.2078857421875,21.813613891601562,32.322726591009996
98.0,2187.0107421875,39.150474548339844,32.7740728110075
99.0,601.0750732421875,17.425451278686523,33.20949520201248
100.0,603.3409423828125,20.344087600708008,33.53746956700343
101.0,866.3720092773438,22.39768409729004,46.91437562700594
102.0,709.4432983398438,21.046968460083008,47.20175336500688
103.0,817.7754516601562,24.58639907836914,47.55858813501254
104.0,1699.6234130859375,33.03822708129883,47.859130185010144
105.0,1218.96923828125,30.367042541503906,48.14874111000972
106.0,2292.6181640625,41.71971893310547,48.4462311410025
107.0,680.0914306640625,20.863910675048828,48.81196105800336
108.0,654.928955078125,20.82087516784668,49.08735134601011
109.0,449.0141906738281,17.715171813964844,49.382392272003926
110.0,543.2021484375,16.826610565185547,49.652719131001504
111.0,1010.2235107421875,25.805282592773438,49.91943710100895
112.0,967.631103515625,26.16059112548828,50.176450218001264
113.0,352.63916015625,16.222349166870117,50.45908226699976
114.0,1267.4736328125,28.525684356689453,50.75676999001007
115.0,811.3914184570312,21.430334091186523,51.00537773501128
116.0,396.81024169921875,16.084379196166992,51.277224681005464
117.0,1717.9046630859375,35.469635009765625,51.554898053000215
118.0,1692.06884765625,28.93579864501953,51.845053449011175
119.0,1316.4432373046875,27.09219741821289,52.15148551099992
120.0,266.8435363769531,14.065394401550293,52.412669455006835
121.0,628.4033813476562,21.167177200317383,52.715669242999866
122.0,2259.837646484375,33.309234619140625,53.02589780300332
123.0,251.68829345703125,13.13660717010498,53.31337559901294
124.0,1206.43701171875,23.593658447265625,53.61068814100872
125.0,347.43658447265625,15.041508674621582,53.919080478008254
126.0,425.141357421875,18.09599494934082,54.20885541901225
127.0,309.7017517089844,14.282312393188477,54.4755808700138
128.0,2549.634765625,48.55682373046875,54.73848354000074
129.0,2307.24560546875,38.391326904296875,55.06571343399992
130.0,460.29669189453125,18.724716186523438,55.38878873400972
131.0,626.2523193359375,20.754114151000977,55.645696062012576
132.0,601.1454467773438,17.78241539001465,55.95689136000874
133.0,375.3743896484375,15.700424194335938,56.24554722200264
134.0,625.2719116210938,20.121810913085938,56.52843947200745
135.0,617.8259887695312,21.928565979003906,56.812954502005596
136.0,1006.9078369140625,28.98516273498535,57.11623689600674
137.0,489.0559997558594,18.761320114135742,57.41123005001282
138.0,274.8855895996094,14.178716659545898,57.68119877700519
139.0,621.4944458007812,17.258581161499023,57.97627207300684
140.0,393.57318115234375,17.844987869262695,58.25199757301016
141.0,569.4711303710938,17.915882110595703,58.53356374600844
142.0,306.28564453125,15.146685600280762,58.804553520007175
143.0,719.625732421875,20.061954498291016,59.10241333000886
144.0,413.68505859375,17.628173828125,59.396255223007756
145.0,882.33349609375,22.32964515686035,59.69882504901034
146.0,1404.209716796875,33.989830017089844,59.98029872700863
147.0,529.5748901367188,18.659061431884766,60.33856489100435
148.0,334.9696350097656,14.269092559814453,60.600861464001355
149.0,454.07342529296875,15.665634155273438,60.89501123900118
150.0,611.3356323242188,16.614669799804688,61.19867950701155
151.0,539.4490966796875,21.44268798828125,61.50206578201323
152.0,935.1046752929688,22.6741943359375,61.782292320000124
153.0,252.7775421142578,12.560489654541016,62.07721764901362
154.0,739.7362060546875,20.454404830932617,62.35806598000636
155.0,542.7415161132812,19.197885513305664,62.659804753013304
156.0,1176.82080078125,22.057174682617188,62.93850642500911
157.0,658.328857421875,20.308883666992188,63.21758100501029
158.0,442.12493896484375,16.040307998657227,63.48534332201234
159.0,664.8486328125,22.509611129760742,63.80647629000305
160.0,1105.3143310546875,30.039674758911133,64.10030805200222
161.0,1056.9107666015625,25.041162490844727,64.38115155301057
162.0,987.031494140625,24.5687255859375,64.66144167000311
163.0,572.2072143554688,20.416912078857422,64.96561339600885
164.0,2548.2822265625,44.206825256347656,65.29312015901087
165.0,1589.5455322265625,34.62942886352539,65.58462635301112
166.0,1356.627685546875,33.03522491455078,65.87384907901287
167.0,251.63003540039062,13.583183288574219,66.209768738001
168.0,325.86419677734375,14.864757537841797,66.50835539800755
169.0,850.3892822265625,21.84404945373535,66.80244547400798
170.0,230.93898010253906,12.145341873168945,67.09904230000393
171.0,191.9246368408203,10.82227611541748,67.435246826004
172.0,671.5314331054688,20.846967697143555,67.7047213850019
173.0,1354.0743408203125,29.73050880432129,67.96412194700679
174.0,1961.156494140625,32.40071105957031,68.22263059001125
175.0,417.5152893066406,16.43624496459961,68.49654028601071
176.0,1489.8919677734375,26.269269943237305,68.7782979120093
177.0,862.1431884765625,24.283140182495117,69.1100411840016
178.0,778.6566772460938,21.333541870117188,69.39939248100563
179.0,832.3209228515625,24.085765838623047,69.71763120801188
180.0,2306.752685546875,36.02131652832031,69.98824145100662
181.0,751.93896484375,24.057954788208008,70.26227724400815
182.0,2224.960693359375,37.77256393432617,70.54394953300653
183.0,259.3064270019531,13.415751457214355,70.83487616800994
184.0,227.20530700683594,12.767621040344238,71.13589124999999
185.0,1681.238037109375,27.519912719726562,71.41645997601154
186.0,168.55914306640625,10.418805122375488,71.7142913120042
187.0,473.4631652832031,20.04558563232422,71.99725449600373
188.0,1175.8267822265625,27.016292572021484,72.31902474300296
189.0,1508.8564453125,30.790935516357422,72.6364434670104
190.0,989.0933227539062,22.781545639038086,72.93303698601085
191.0,674.8224487304688,19.927104949951172,73.25164042400138
192.0,1048.9649658203125,26.63735008239746,73.5340593100118
193.0,441.47247314453125,18.875442504882812,73.86301655400894
194.0,863.7709350585938,26.717247009277344,74.1619112490007
195.0,904.0679321289062,26.90968132019043,74.44779616700544
196.0,1089.3572998046875,24.614194869995117,74.73505777600803
197.0,269.54833984375,13.770153999328613,75.02481211301347
198.0,650.0732421875,18.41520118713379,75.30812958700699
199.0,858.1950073242188,24.384443283081055,75.59047981900221
200.0,676.7225341796875,18.381338119506836,75.86296282800322
201.0,642.3972778320312,19.218965530395508,90.4387475530093
202.0,921.8867797851562,26.450654983520508,90.7075687720062
203.0,788.5026245117188,21.932220458984375,90.98109537400887
204.0,732.2681884765625,19.305116653442383,91.29495642300753
205.0,739.1935424804688,21.05327796936035,91.56084940000437
206.0,486.9634094238281,16.962371826171875,91.83896597901185
207.0,1464.5107421875,28.372291564941406,92.11575373000233
208.0,256.3820495605469,13.12377643585205,92.37472793000052
209.0,1457.390625,31.503416061401367,92.63017110500368
210.0,457.7743835449219,16.60984992980957,92.92182053500437
211.0,265.46099853515625,12.114157676696777,93.20790396300436
212.0,2344.221923828125,32.588844299316406,93.48536595801124
213.0,281.5098876953125,13.864192962646484,93.75639973400394
214.0,817.51513671875,19.49098777770996,94.01619641300931
215.0,221.92039489746094,12.190801620483398,94.30702469400421
216.0,331.4905090332031,14.792303085327148,94.568699165
217.0,379.1543884277344,16.174270629882812,94.90320992399938
218.0,220.73638916015625,10.923651695251465,95.2150529250066
219.0,643.447509765625,20.44562339782715,95.48563329000899
220.0,742.79833984375,21.174203872680664,95.76526863001345
221.0,213.29452514648438,11.944273948669434,96.04114447800384
222.0,1577.9974365234375,28.565706253051758,96.31768244301202
223.0,1879.1068115234375,42.9362678527832,96.6172179460118
224.0,525.0914306640625,19.066274642944336,96.9076825860102
225.0,738.3694458007812,19.114810943603516,97.18103589701059
226.0,1151.40869140625,28.280954360961914,97.51388813600352
227.0,895.5238037109375,20.404720306396484,97.81121233300655
228.0,1949.519775390625,42.844886779785156,98.10830761700345
229.0,361.1564636230469,14.755003929138184,98.37497631199949
230.0,340.37921142578125,14.306828498840332,98.65963609900791
231.0,897.5679321289062,23.865142822265625,98.97687290800968
232.0,1052.1365966796875,28.794689178466797,99.2345627520117
233.0,421.1276550292969,15.85294246673584,99.5269540730078
234.0,344.8665771484375,15.446046829223633,99.82742218101339
235.0,1025.4033203125,29.241859436035156,100.1041144040064
236.0,738.0165405273438,25.741273880004883,100.38397574400005
237.0,1428.7076416015625,34.26850891113281,100.64506207901286
238.0,265.837158203125,13.328934669494629,100.91326177000883
239.0,363.08880615234375,14.118019104003906,101.18541434001236
240.0,94.62569427490234,7.938494682312012,101.45520428400778
241.0,1269.899658203125,25.035785675048828,101.80308834199968
242.0,1659.0775146484375,32.17659378051758,102.0610903199995
243.0,2336.4775390625,36.24678421020508,102.33586011599982
244.0,922.379638671875,25.73000144958496,102.63305489200866
245.0,211.6678466796875,11.94504451751709,102.94755425400217
246.0,408.29132080078125,17.402746200561523,103.22902874900319
247.0,188.74490356445312,11.59212875366211,103.50733901601052
248.0,613.5170288085938,19.858070373535156,103.77523087000009
249.0,1046.978271484375,25.259607315063477,104.0464699370059
250.0,870.4853515625,24.778589248657227,104.33420890101115
251.0,832.7460327148438,24.074710845947266,104.6178581300046
252.0,439.2218933105469,16.323801040649414,104.90590924301068
253.0,982.7249145507812,22.89894676208496,105.24772857700009
254.0,380.48699951171875,14.98610782623291,105.64854033601296
255.0,357.951171875,15.72184944152832,105.9785759110091
256.0,147.54298400878906,9.900875091552734,106.30558813801326
257.0,1229.7418212890625,30.97604751586914,106.61995152301097
258.0,761.9246215820312,21.07234764099121,106.96312765699986
259.0,875.9256591796875,24.956298828125,107.33873733101063
260.0,1557.708740234375,37.00148391723633,107.63241787800507
261.0,629.457763671875,17.556615829467773,107.90667380500236
262.0,333.73016357421875,15.87104606628418,108.23713416700775
263.0,1254.5316162109375,30.420547485351562,108.59572207200108
264.0,483.92437744140625,19.596981048583984,109.07558491801319
265.0,359.0062561035156,16.343149185180664,109.48842377400433
266.0,190.08511352539062,11.87009334564209,109.80748439099989
267.0,420.9630126953125,14.914499282836914,110.09796285400807
268.0,1497.112060546875,33.484947204589844,110.42233378600213
269.0,435.47454833984375,18.379070281982422,110.7511305250082
270.0,154.71644592285156,10.285253524780273,111.11954324301041
271.0,1118.664306640625,26.7471866607666,111.5472557710018
272.0,287.156005859375,14.092731475830078,112.05799009000475
273.0,875.0106201171875,24.74388885498047,112.51416618400253
274.0,1024.6512451171875,23.899188995361328,112.84773091500392
275.0,888.0318603515625,26.286195755004883,113.20353528800479
276.0,769.4439086914062,22.330408096313477,113.5336786310072
277.0,325.7300720214844,15.683130264282227,113.80922193000151
278.0,1082.5638427734375,28.780765533447266,114.07703988499998
279.0,393.0256652832031,14.7179536819458,114.39845957999933
280.0,1961.683837890625,43.90645980834961,114.73970120900776
281.0,806.9867553710938,20.499570846557617,115.1491693410062
282.0,291.50042724609375,15.25095272064209,115.78733661700971
283.0,463.0655822753906,19.018884658813477,116.05960509100987
284.0,259.96234130859375,14.53464412689209,116.3124619290029
285.0,663.8551025390625,23.173431396484375,116.68742478400236
286.0,148.0477752685547,10.302395820617676,116.98446806200081
287.0,1077.1788330078125,26.11844253540039,117.28070950100664
288.0,928.5818481445312,27.87735366821289,117.56645320600364
289.0,1556.56103515625,29.766267776489258,117.87400344500202
290.0,338.3428649902344,15.370885848999023,118.17009766300907
291.0,897.3807373046875,22.765396118164062,118.45590164500754
292.0,1622.8321533203125,29.282123565673828,118.81025327800307
293.0,481.0142517089844,17.938318252563477,119.09022105700569
294.0,214.2124481201172,11.535789489746094,119.37225389300147
295.0,538.7840576171875,19.572473526000977,119.71653325700026
296.0,488.7491455078125,14.90501880645752,119.98829848501191
297.0,294.20684814453125,14.163504600524902,120.26784333800606
298.0,438.997802734375,17.6341552734375,120.5355625670054
299.0,319.4005126953125,15.019024848937988,120.85488477000035
300.0,1387.8477783203125,32.43762969970703,121.12673817500763
301.0,1034.96875,27.40821075439453,134.48279209100292
302.0,302.1222839355469,14.297130584716797,134.78658558700408
303.0,1831.2674560546875,33.607730865478516,135.10389202200167
304.0,959.3333129882812,25.813940048217773,135.3985197590082
305.0,1577.5050048828125,25.01915740966797,135.70906093200028
306.0,1066.64306640625,27.488746643066406,136.03344817701145
307.0,2115.8603515625,35.09960174560547,136.31267703400226
308.0,322.5710754394531,13.935026168823242,136.59883142300532
309.0,895.1343383789062,19.8243465423584,136.85732388800534
310.0,1034.822021484375,26.884687423706055,137.1680021140055
311.0,1788.87353515625,30.181842803955078,137.4547716500092
312.0,477.82672119140625,16.99837875366211,137.724016527005
313.0,180.6848907470703,10.907978057861328,138.04154435401142
314.0,436.7049255371094,16.37295150756836,138.31713096800377
315.0,190.19436645507812,11.38513469696045,138.5887111290067
316.0,705.6727294921875,24.55162811279297,138.8776401340001
317.0,356.87506103515625,16.147825241088867,139.1720299640001
318.0,509.5802001953125,18.884456634521484,139.454059073003
319.0,208.35223388671875,10.662392616271973,139.71550606501114
320.0,296.160888671875,12.009427070617676,139.9799390140106
321.0,773.9777221679688,22.984880447387695,140.24666062901088
322.0,780.4832153320312,22.589637756347656,140.53661052300595
323.0,204.3600311279297,11.280145645141602,140.81497723401117
324.0,174.60821533203125,10.235138893127441,141.07422490000317
325.0,1047.361083984375,24.7214298248291,141.35373951600923
326.0,210.67372131347656,11.292657852172852,141.6187552370102
327.0,189.32704162597656,11.33720588684082,141.90219576000527
328.0,142.93862915039062,9.551143646240234,142.1855863880046
329.0,1110.601318359375,24.427125930786133,142.46486815800017
330.0,2328.806884765625,42.681217193603516,142.76235537300818
331.0,512.303466796875,19.069120407104492,143.0389718570077
332.0,1044.8802490234375,24.965301513671875,143.3234904530109
333.0,466.3270263671875,18.812833786010742,143.6181513420015
334.0,1593.0379638671875,33.10939407348633,143.88267035600438
335.0,354.406494140625,15.729832649230957,144.1696687740041
336.0,1922.522705078125,37.94300842285156,144.4648598680069
337.0,899.5628662109375,24.359323501586914,144.7471323110076
338.0,458.46075439453125,15.136116027832031,145.0521581080102
339.0,299.3436279296875,14.92441177368164,145.3231443780096
340.0,705.2754516601562,18.504438400268555,145.59214004600653
341.0,855.7846069335938,25.01228141784668,145.89660375000676
342.0,766.760498046875,23.707582473754883,146.16342292600893
343.0,2324.76904296875,38.92844772338867,146.42451741700643
344.0,579.1403198242188,20.25898551940918,146.69809862300463
345.0,542.3101806640625,19.33038902282715,147.0176851520082
346.0,527.586181640625,16.870952606201172,147.30594761800603
347.0,864.1858520507812,25.60072135925293,147.58128193599987
348.0,671.8944702148438,21.887537002563477,147.86136910700588
349.0,1189.4346923828125,30.832256317138672,148.1344156289997
350.0,496.8623962402344,19.36870765686035,148.4009707320074
351.0,773.7039794921875,22.06826400756836,148.6591601470136
352.0,163.2847137451172,11.143847465515137,148.93166725400079
353.0,583.8778076171875,22.865488052368164,149.2038706690073
354.0,515.0344848632812,17.13840103149414,149.4966764080018
355.0,517.772216796875,19.82765769958496,149.79165615000238
356.0,152.71304321289062,10.422795295715332,150.07857689300727
357.0,607.2568359375,16.904541015625,150.36214254100923
358.0,2258.794921875,38.53567886352539,150.63968108700647
359.0,434.8475036621094,15.264769554138184,150.9076954540069
360.0,1534.5985107421875,29.57607650756836,151.20257882100123
361.0,657.5733642578125,19.68321418762207,151.46937674601213
362.0,461.17584228515625,15.009594917297363,151.75291773700155
363.0,290.77703857421875,13.792181968688965,152.0496217750042
364.0,696.0423583984375,19.939971923828125,152.3525143070001
365.0,237.4169464111328,12.210800170898438,152.61655909201363
366.0,523.662841796875,15.547300338745117,152.90126517400495
367.0,787.1650390625,21.69273567199707,153.1958719150134
368.0,907.20263671875,26.709571838378906,153.4953277700115
369.0,835.1328125,22.73521614074707,153.7713735050056
370.0,377.821533203125,15.210013389587402,154.03374449101102
371.0,899.3214721679688,20.150402069091797,154.3009967120015
372.0,1173.6588134765625,28.19428825378418,154.5965344460128
373.0,1408.092041015625,34.96352767944336,154.86797513000784
374.0,709.9876708984375,24.20106315612793,155.1754297180014
375.0,340.17584228515625,14.0787353515625,155.4632517650025
376.0,1593.0989990234375,37.81989288330078,155.79736543200852
377.0,439.885498046875,18.349750518798828,156.08472091100703
378.0,393.7912902832031,16.63923454284668,156.3637041010079
379.0,676.1773071289062,22.018259048461914,156.64112655600184
380.0,215.4461212158203,12.36135196685791,156.93471199100895
381.0,219.79644775390625,12.725513458251953,157.2146105540014
382.0,82.36903381347656,7.188261985778809,157.4885292580002
383.0,196.14512634277344,12.003979682922363,157.75329596000665
384.0,1082.4718017578125,22.296405792236328,158.04569877700123
385.0,4928.4794921875,68.65203094482422,158.32581366800878
386.0,3118.04541015625,36.888702392578125,158.60025531300926
387.0,1410.5882568359375,29.100706100463867,158.8682928000053
388.0,2238.600341796875,34.65282440185547,159.13278154100408
389.0,1075.7330322265625,28.179298400878906,159.41569017800794
390.0,402.6402893066406,17.14281463623047,159.70779371701065
391.0,307.7735595703125,13.945758819580078,160.0364109170041
392.0,831.0432739257812,23.177099227905273,160.3385499260039
393.0,255.69932556152344,12.923089027404785,160.62169166801323
394.0,450.2996826171875,18.613021850585938,160.90826997401018
395.0,165.12484741210938,10.175992012023926,161.1878839370038
396.0,339.2286682128906,14.173316955566406,161.46494214000995
397.0,311.0065612792969,15.461398124694824,161.7266993200028
398.0,488.4853515625,17.487302780151367,161.99963210600254
399.0,786.8871459960938,25.025989532470703,162.3009222890105
400.0,1442.8529052734375,32.184608459472656,162.6030275360099
401.0,485.5323181152344,17.107521057128906,177.31364121301158
402.0,406.31103515625,15.485301971435547,178.4129327720002
403.0,509.7953186035156,19.415241241455078,179.70364565800992
404.0,672.7152709960938,19.375171661376953,179.98569496700657
405.0,1221.7017822265625,25.697132110595703,180.33974594601023
406.0,651.6653442382812,21.269472122192383,180.60406827900442
407.0,651.4301147460938,22.55714225769043,180.89040980901336
408.0,1437.5693359375,32.1578483581543,181.1869028860092
409.0,288.487548828125,13.710083961486816,181.48221879701305
410.0,1096.2540283203125,29.45124053955078,181.76811245200224
411.0,326.7321472167969,13.28662395477295,182.03991982800653
412.0,739.7218627929688,24.5792293548584,182.31077964500582
413.0,1493.5535888671875,31.233652114868164,182.59602047900262
414.0,210.41128540039062,11.795226097106934,182.87503378601104
415.0,352.0345458984375,14.685696601867676,183.17420371700427
416.0,315.6838684082031,15.427342414855957,183.47113998800342
417.0,991.0782470703125,20.83896827697754,183.7341781980067
418.0,2781.93359375,44.116355895996094,183.98969136700907
419.0,126.86901092529297,9.18869400024414,184.27530852801283
420.0,372.10064697265625,13.84019947052002,184.52097283001058
421.0,412.79473876953125,16.2418155670166,184.81375300900254
422.0,1407.700927734375,28.11508560180664,185.09373335400596
423.0,557.22998046875,16.85463523864746,185.38011511901277
424.0,127.05990600585938,9.028562545776367,185.67006216601294
425.0,649.449462890625,21.72242546081543,185.9655684740137
426.0,172.18141174316406,10.481517791748047,186.29486867300875
427.0,575.871826171875,19.244543075561523,186.62233204000222
428.0,259.17156982421875,11.90013599395752,186.91947724900092
429.0,238.76113891601562,12.362584114074707,187.2119022340048
430.0,299.0732421875,12.705294609069824,187.51593433400558
431.0,794.3524780273438,23.39358901977539,187.80675116801285
432.0,148.7554168701172,9.588141441345215,188.0925002270087
433.0,395.5863342285156,16.65679931640625,188.39054993800528
434.0,263.410888671875,13.374882698059082,188.68341914399934
435.0,885.54248046875,23.582557678222656,188.99626775500656
436.0,399.73419189453125,14.079075813293457,189.30201114800002
437.0,268.0942077636719,12.33442497253418,189.58107354601088
438.0,166.3516387939453,10.62195873260498,189.90041021200886
439.0,459.4244689941406,16.154890060424805,190.19376928001293
440.0,479.2008056640625,16.844970703125,190.53199678500823
441.0,831.6828002929688,25.45216941833496,190.81510644601076
442.0,383.61260986328125,16.651975631713867,191.08387938700616
443.0,236.7535400390625,11.584665298461914,191.3540120980033
444.0,135.92739868164062,9.623621940612793,191.65425110900833
445.0,626.519775390625,20.193077087402344,191.93358148301195
446.0,196.9826202392578,12.224559783935547,192.19783458299935
447.0,336.67437744140625,16.19977569580078,192.4622980500135
448.0,352.36962890625,15.444159507751465,192.7322768370068
449.0,243.8256072998047,12.21988296508789,193.03644493900356
450.0,429.9003601074219,17.407251358032227,193.3341053490003
451.0,856.851806640625,19.082408905029297,193.63686950900592
452.0,348.1300354003906,15.649066925048828,193.9319766030094
453.0,469.49652099609375,17.89302635192871,194.2207815120055
454.0,130.796630859375,9.25918197631836,194.50361935001274
455.0,466.615478515625,17.52777099609375,194.77710962100537
456.0,1876.267822265625,36.38819885253906,195.03383182900143
457.0,963.532958984375,25.909412384033203,195.30430182300915
458.0,258.1492614746094,12.697717666625977,195.5561462550104
459.0,1381.297119140625,23.847318649291992,195.83909782901173
460.0,473.2579345703125,17.445417404174805,196.0961647100048
461.0,504.6952819824219,18.763389587402344,196.38715496301302
462.0,245.29368591308594,12.850329399108887,196.65899261400045
463.0,264.9256286621094,12.866467475891113,196.92273365201254
464.0,329.5402526855469,16.499048233032227,197.23716327200236
465.0,143.5055389404297,9.6227445602417,197.53810136600805
466.0,341.32366943359375,13.642922401428223,197.813589383004
467.0,105.56497955322266,8.644262313842773,198.0915956950048
468.0,540.5880737304688,19.77405548095703,198.37951765800244
469.0,225.7422332763672,12.116508483886719,198.66483187201084
470.0,334.5265808105469,12.72148323059082,198.9497479420097
471.0,401.9876708984375,13.31686019897461,199.22679370600963
472.0,383.788330078125,17.31395721435547,199.56362452699977
473.0,1240.2579345703125,29.627561569213867,199.83339483900636
474.0,317.9602966308594,14.669623374938965,200.11675264500082
475.0,452.78839111328125,18.19524383544922,200.3774864080042
476.0,854.0890502929688,22.891366958618164,200.66904041600355
477.0,277.53826904296875,13.67810344696045,200.9357513670111
478.0,140.96633911132812,8.816916465759277,201.22534088800603
479.0,602.460693359375,17.883031845092773,201.48993008300022
480.0,176.8575897216797,10.815811157226562,201.77823769200768
481.0,141.3374786376953,10.001338005065918,202.0542243460077
482.0,1021.0298461914062,30.404987335205078,202.3296264540113
483.0,765.8870239257812,13.022472381591797,202.61359029800224
484.0,1556.9649658203125,34.51626968383789,202.9255901070137
485.0,1510.2440185546875,29.04724884033203,203.1743108780065
486.0,1027.492919921875,21.727149963378906,203.4631712650007
487.0,198.53204345703125,12.197985649108887,203.73963949301105
488.0,220.76901245117188,10.961520195007324,204.01610271701065
489.0,473.5586242675781,18.14392852783203,204.2897198210121
490.0,966.048583984375,23.758886337280273,204.58286714401038
491.0,203.6555633544922,11.987089157104492,204.86194528800843
492.0,898.1358642578125,26.57732391357422,205.1167170760018
493.0,480.83831787109375,19.57236099243164,205.3766170010058
494.0,1173.419677734375,28.6228084564209,205.6822200910101
495.0,718.5424194335938,19.180648803710938,205.94536652500392
496.0,322.75286865234375,16.30204963684082,206.22803866500908
497.0,339.7552490234375,15.051057815551758,206.51403201000358
498.0,685.9422607421875,21.46950340270996,206.80637464900792
499.0,1127.3145751953125,24.707921981811523,207.10902178499964
500.0,375.4601745605469,16.062374114990234,207.39771547900455
501.0,493.5675354003906,16.47826385498047,221.6430790680024
502.0,634.2988891601562,19.424678802490234,221.96224486500432
503.0,516.4207763671875,16.375415802001953,222.27830593301042
504.0,604.5166625976562,18.650440216064453,222.6220781220036
505.0,334.2251281738281,15.823186874389648,223.03383420201135
506.0,316.8254699707031,13.987869262695312,223.3235326030117
507.0,352.353515625,14.817583084106445,223.62592514501011
508.0,386.0111999511719,14.282597541809082,223.97892656100157
509.0,201.6208953857422,11.523256301879883,224.24581902500358
510.0,494.2553405761719,17.691160202026367,224.5466949360125
511.0,1532.3328857421875,27.125883102416992,224.86325048201252
512.0,166.80410766601562,10.692548751831055,225.15485751300002
513.0,784.811767578125,21.898136138916016,225.47854649400688
514.0,467.66729736328125,19.12479019165039,225.77242761300295
515.0,239.36282348632812,13.446163177490234,226.03972433900344
516.0,113.72212219238281,8.745797157287598,226.33113492000848
517.0,1982.9771728515625,30.069257736206055,226.6338527790067
518.0,569.2608642578125,15.468050003051758,227.03435936701135
519.0,183.83555603027344,10.786205291748047,227.40372326500074
520.0,402.0216979980469,18.085308074951172,227.74221894801303
521.0,952.544921875,24.12067985534668,228.0513646120089
522.0,102.55781555175781,8.901208877563477,228.3329600450088
523.0,357.33013916015625,13.852394104003906,228.6398982390092
524.0,396.4388427734375,15.111342430114746,228.9247258030082
525.0,417.5638732910156,14.641833305358887,229.190569710001
526.0,237.97183227539062,11.162349700927734,229.47012411001197
527.0,141.66851806640625,8.82147216796875,229.74327238400292
528.0,272.88494873046875,13.422316551208496,230.01823188400886
529.0,478.0360107421875,16.63216209411621,230.28490018300363
530.0,247.46917724609375,11.66133975982666,230.54625936500088
531.0,533.3583374023438,18.493534088134766,230.8184811520041
532.0,387.1264953613281,14.247079849243164,231.08547414001077
533.0,213.6752471923828,12.342514991760254,231.3709533860092
534.0,398.97021484375,16.0849609375,231.6549113420042
535.0,308.6441955566406,14.940865516662598,231.9380427920114
536.0,321.16131591796875,15.494999885559082,232.202497863007
537.0,890.4886474609375,23.96414566040039,232.47056320300908
538.0,1261.5648193359375,28.420774459838867,232.75423657801002
539.0,355.8465881347656,14.434049606323242,233.02770144901297
540.0,739.4772338867188,23.424650192260742,233.2929784230073
541.0,895.271728515625,24.570301055908203,233.58508376900863
542.0,951.2859497070312,26.39242172241211,233.85087969100277
543.0,331.6773986816406,14.669660568237305,234.1293161460053
544.0,1779.9000244140625,36.209617614746094,234.39833761801128
545.0,924.2216796875,25.31028938293457,234.71227858900966
546.0,120.50862884521484,8.176692962646484,235.01704824900662
547.0,1091.884765625,27.323881149291992,235.28362500200456
548.0,98.5936508178711,7.91836404800415,235.54196002500248
549.0,167.76817321777344,10.827601432800293,235.81137154200405
550.0,1085.9012451171875,28.96527862548828,236.094451596
551.0,1627.9051513671875,31.558307647705078,236.38174366101157
552.0,184.81607055664062,9.86333179473877,236.6497267720115
553.0,613.0291137695312,19.485393524169922,236.9348948340048
554.0,378.6000061035156,16.22439956665039,237.23006986900873
555.0,368.4030456542969,14.536953926086426,237.54167249701277
556.0,246.9803466796875,12.173066139221191,237.83656149300805
557.0,122.94281768798828,8.534614562988281,238.09055551400525
558.0,847.0479125976562,22.004592895507812,238.3511456260021
559.0,292.73834228515625,13.0972318649292,238.62747757100442
560.0,334.2374267578125,17.256616592407227,238.89721536100842
561.0,698.017578125,20.91704559326172,239.1887235010072
562.0,1738.654052734375,29.911211013793945,239.47052197500307
563.0,2827.257080078125,42.980186462402344,239.77138037100667
564.0,1006.5992431640625,23.067819595336914,240.05762051000784
565.0,324.00079345703125,16.787534713745117,240.33542603600654
566.0,360.232421875,15.12708854675293,240.59528627700638
567.0,235.6964874267578,13.200020790100098,240.89612942001258
568.0,1002.5383911132812,24.07776641845703,241.20214494300308
569.0,472.2360534667969,20.39639663696289,241.48742149600002
570.0,709.7457885742188,19.77910041809082,241.77569603601296
571.0,1015.7090454101562,30.467010498046875,242.0588650330028
572.0,271.0342102050781,13.290700912475586,242.34573434801132
573.0,675.8353881835938,22.79444694519043,242.637557938011
574.0,312.85101318359375,14.306549072265625,242.89890893900883
575.0,979.3135986328125,25.67059898376465,243.15196819900302
576.0,419.7146911621094,15.641170501708984,243.44928246400377
577.0,759.5070190429688,22.49953269958496,243.71893945601187
578.0,284.6173095703125,13.754661560058594,243.9989705820044
579.0,677.3429565429688,22.93460464477539,244.27894648900838
580.0,383.7801208496094,16.092729568481445,244.56190845200035
581.0,214.69615173339844,11.433061599731445,244.85423633700702
582.0,530.505126953125,20.03880500793457,245.15228503099934
583.0,1802.0509033203125,35.34516906738281,245.43584190000547
584.0,295.78192138671875,15.50840950012207,245.7296782550111
585.0,168.81915283203125,10.4612398147583,246.0290957570105
586.0,471.2078857421875,17.59615707397461,246.29368637000152
587.0,577.8831787109375,19.70922088623047,246.55405689800682
588.0,363.1206359863281,15.2420072555542,246.83162211900344
589.0,393.0525817871094,14.283803939819336,247.12305657801335
590.0,595.3955688476562,18.353862762451172,247.39498841601016
591.0,464.37542724609375,16.08544158935547,247.68202789600764
592.0,1886.971435546875,30.45181655883789,247.96273737800948
593.0,176.5662078857422,10.969059944152832,248.2606686210056
594.0,2406.607421875,37.44546127319336,248.5572445190046
595.0,309.6708068847656,13.267678260803223,248.827439220011
596.0,640.1127319335938,21.216506958007812,249.1718933150114
597.0,1004.5948486328125,25.02617645263672,249.46666057500988
598.0,680.3278198242188,21.746789932250977,249.7502500720002
599.0,280.8326416015625,14.33768367767334,250.08324251200247
600.0,208.07232666015625,11.186681747436523,250.3521956080076
601.0,621.3562622070312,16.920690536499023,264.2447886100126
602.0,678.994140625,22.51506996154785,264.5168498700077
603.0,919.163818359375,27.29058837890625,264.8100816050137
604.0,260.3968200683594,13.908822059631348,265.1087295310135
605.0,195.51795959472656,11.11270523071289,265.41734337300295
606.0,295.2096252441406,14.459831237792969,265.6900188280124
607.0,195.24478149414062,11.178338050842285,265.96858959901147
608.0,117.67984771728516,8.802105903625488,266.25483568100026
609.0,282.3316955566406,13.959329605102539,266.53512470600253
610.0,155.0695037841797,9.77203369140625,266.81872171501163
611.0,282.56341552734375,12.84056568145752,267.1257753390091
612.0,795.3662719726562,24.06237030029297,267.39859301901015
613.0,933.7955932617188,24.292835235595703,267.68604506200063
614.0,340.5162353515625,12.18513298034668,267.9628403990064
615.0,174.2312469482422,10.608137130737305,268.22575722100737
616.0,514.5079956054688,18.62455940246582,268.5153226100083
617.0,1320.4287109375,30.738950729370117,268.79441585000313
618.0,218.5708770751953,11.396018028259277,269.07417353300843
619.0,198.94039916992188,10.273223876953125,269.3372166830086
620.0,109.57633972167969,8.551166534423828,269.59409405601036
621.0,158.25717163085938,9.076744079589844,269.86870014200395
622.0,233.54562377929688,12.784927368164062,270.1406943660113
623.0,530.1669921875,20.492021560668945,270.4349912950129
624.0,183.96560668945312,10.888853073120117,270.7117516280123
625.0,1018.3990478515625,25.51984977722168,270.99703462001344
626.0,1277.0496826171875,31.95364761352539,271.30232980599976
627.0,1140.9322509765625,28.05173110961914,271.5968221080111
628.0,2172.246337890625,39.41423034667969,271.87359756900696
629.0,306.5193176269531,14.783767700195312,272.15561264700955
630.0,2032.5382080078125,39.553932189941406,272.4338129930111
631.0,1233.785888671875,30.5323429107666,272.7266336130124
632.0,347.0666809082031,15.858171463012695,273.00043398501293
633.0,311.0083923339844,14.470170021057129,273.26084465900203
634.0,868.0364990234375,26.32550621032715,273.52779443201143
635.0,394.39739990234375,15.881725311279297,273.8128337160015
636.0,370.807373046875,15.5145263671875,274.1375670030102
637.0,612.3394165039062,20.039295196533203,274.4192835970025
638.0,318.9034729003906,13.971525192260742,274.7042306900112
639.0,322.0992126464844,15.391756057739258,274.9782369270106
640.0,299.69580078125,15.285534858703613,275.2509434320091
641.0,114.8289566040039,9.176377296447754,275.51411462700344
642.0,173.63427734375,9.82857894897461,275.8221128610021
643.0,300.122802734375,12.784024238586426,276.1181309430103
644.0,302.1576232910156,14.08100700378418,276.385048518001
645.0,396.9840393066406,16.7274227142334,276.6567886410048
646.0,645.7671508789062,21.5164794921875,276.94375989701075
647.0,373.5382080078125,16.59238052368164,277.2462893510092
648.0,845.5155639648438,27.156843185424805,277.5345169080101
649.0,312.2825927734375,11.021421432495117,277.80435606700485
650.0,362.4958801269531,14.379145622253418,278.0800524140068
651.0,276.01617431640625,12.38473129272461,278.3406526970066
652.0,183.8440704345703,10.95926570892334,278.59233014100755
653.0,266.8109130859375,11.97307014465332,278.8630047790066
654.0,199.7550811767578,11.287074089050293,279.1754401750077
655.0,161.8783416748047,9.767125129699707,279.44694351601356
656.0,2245.7646484375,37.33621597290039,279.7212750239996
657.0,468.41973876953125,13.728909492492676,279.99732031300664
658.0,370.13653564453125,13.991705894470215,280.2887449030095
659.0,543.3795166015625,18.048521041870117,280.57153954300156
660.0,125.51946258544922,9.238511085510254,280.8694543770107
661.0,653.0048217773438,19.045894622802734,281.1586351420119
662.0,357.89727783203125,14.176850318908691,281.4467875150003
663.0,773.8740844726562,22.39815330505371,281.74121278201346
664.0,91.48384857177734,7.790177345275879,281.99434143501276
665.0,129.4539794921875,9.75375747680664,282.2751065790071
666.0,937.0795288085938,21.164108276367188,282.54365818299993
667.0,232.15505981445312,11.4393949508667,282.82666315400274
668.0,543.3639526367188,17.081571578979492,283.10689520600135
669.0,376.2702331542969,13.184282302856445,283.418833061005
670.0,1187.8721923828125,28.117645263671875,283.7746771170059
671.0,228.88058471679688,10.652481079101562,284.05658662100905
672.0,1097.147705078125,28.524200439453125,284.3326016290084
673.0,163.7894287109375,8.993536949157715,284.6352828800009
674.0,929.0443725585938,23.829465866088867,284.9743526650127
675.0,201.4036407470703,10.951207160949707,285.2825781600113
676.0,122.68790435791016,8.351033210754395,285.64572061500803
677.0,303.76568603515625,13.688590049743652,285.9152794440015
678.0,249.61611938476562,11.993974685668945,286.2529978590028
679.0,449.8520812988281,17.627376556396484,286.52923487000226
680.0,504.3214111328125,17.510211944580078,286.83234022400575
681.0,471.56280517578125,16.921566009521484,287.1591219690017
682.0,483.26434326171875,16.941570281982422,287.4709617930057
683.0,250.8456268310547,10.90489387512207,287.7676852870063
684.0,301.3854675292969,12.893171310424805,288.06889241799945
685.0,617.2824096679688,16.876968383789062,288.3737375260098
686.0,731.8432006835938,22.109445571899414,288.67021922700224
687.0,277.3592529296875,12.423373222351074,288.98689905001083
688.0,358.65423583984375,15.00856876373291,289.3965426710056
689.0,384.33428955078125,14.746403694152832,289.7130152880127
690.0,436.8128356933594,17.965845108032227,289.9810289940069
691.0,191.31686401367188,11.446479797363281,290.2818541620072
692.0,357.1176452636719,15.767992973327637,290.56589093500224
693.0,331.6993408203125,16.935514450073242,290.8522353510052
694.0,612.0770874023438,21.760583877563477,291.1394165350066
695.0,1451.32958984375,30.774744033813477,291.42063659800624
696.0,2353.815185546875,38.469303131103516,291.7942548360006
697.0,205.8227996826172,11.12160873413086,292.10156579400063
698.0,3138.74658203125,45.896549224853516,292.5596536360099
699.0,314.05206298828125,11.284387588500977,292.90025479400356
700.0,802.259033203125,20.874616622924805,293.18685967000783
701.0,485.00958251953125,18.323341369628906,310.72788444600883
702.0,996.732421875,24.897953033447266,311.02056667501165
703.0,321.9597473144531,14.580254554748535,311.3198089110083
704.0,1284.3839111328125,32.05656433105469,311.60872291801206
705.0,203.09811401367188,10.096585273742676,311.8938094460027
706.0,128.7358856201172,9.244725227355957,312.1881696640048
707.0,499.39495849609375,19.56825828552246,312.4878534430027
708.0,366.79840087890625,12.867140769958496,312.8655752920022
709.0,595.0497436523438,20.659387588500977,313.1718623699999
710.0,339.8096008300781,12.573283195495605,313.4614354840014
711.0,345.23455810546875,14.611145973205566,313.75497736100806
712.0,224.60958862304688,11.37077522277832,314.0366161050042
713.0,765.7778930664062,23.56239891052246,314.32667922200926
714.0,821.8016967773438,21.12429428100586,314.61077218801074
715.0,299.2961120605469,13.598799705505371,314.9229238160042
716.0,501.45849609375,18.622844696044922,315.1984398850036
717.0,680.2709350585938,21.70844268798828,315.49965772000724
718.0,575.0503540039062,20.364187240600586,315.8167277560133
719.0,812.5077514648438,25.215282440185547,316.09347738900397
720.0,437.93359375,17.177366256713867,316.3901397620066
721.0,315.1373291015625,14.92273235321045,316.6682288130105
722.0,787.851318359375,22.93109703063965,316.97731336300785
723.0,366.439697265625,13.716976165771484,317.26943467301317
724.0,422.9123229980469,18.658416748046875,317.5289156640065
725.0,648.4486083984375,23.164047241210938,317.8085838600091
726.0,254.83360290527344,13.699812889099121,318.0875605500041
727.0,424.8302307128906,17.440834045410156,318.42251204600325
728.0,330.7926330566406,14.272639274597168,318.72104719100753
729.0,125.34883880615234,9.403335571289062,319.0806542450009
730.0,96.97267150878906,7.563881874084473,319.41078433100483
731.0,231.8257598876953,10.652902603149414,319.71994039100537
732.0,102.86493682861328,7.975485801696777,320.00856385000225
733.0,555.4857177734375,16.922327041625977,320.27504405101354
734.0,540.2814331054688,15.184669494628906,320.5568546380091
735.0,157.39892578125,10.784908294677734,320.8431629750121
736.0,120.05833435058594,8.539929389953613,321.1284824660106
737.0,104.95819854736328,8.020952224731445,321.44150725301006
738.0,460.1800231933594,16.919424057006836,321.8139317000023
739.0,362.70404052734375,15.714495658874512,322.1082402930042
740.0,521.4015502929688,15.30174732208252,322.3928895690042
741.0,313.06683349609375,13.187179565429688,322.73501793701143
742.0,136.16305541992188,9.176801681518555,323.06649853401177
743.0,128.52679443359375,8.664487838745117,323.35987256700173
744.0,94.66404724121094,7.9649577140808105,323.6771768100007
745.0,245.49444580078125,11.915528297424316,324.11048604101234
746.0,356.8789367675781,14.347689628601074,324.4101342480135
747.0,432.3775939941406,16.225170135498047,324.72964385000523
748.0,125.76966857910156,9.338075637817383,325.0045794000034
749.0,751.159423828125,21.87944221496582,325.3388629800029
750.0,162.05601501464844,10.311058044433594,325.77434032800375
751.0,393.6873779296875,13.971400260925293,326.19969034800306
752.0,76.11708068847656,7.346618175506592,326.5905061670055
753.0,282.2539367675781,13.325578689575195,326.8833563350054
754.0,209.34930419921875,11.13286304473877,327.1943670920009
755.0,1199.5543212890625,26.615703582763672,327.47467500901257
756.0,151.31170654296875,9.367220878601074,327.77093520300696
757.0,158.08984375,11.05491828918457,328.0549160110095
758.0,308.5121765136719,15.7411527633667,328.33239062401117
759.0,292.0588073730469,12.193719863891602,328.61963597900467
760.0,499.75848388671875,19.238033294677734,328.9152178160002
761.0,159.81793212890625,10.925419807434082,329.19705020901165
762.0,169.52735900878906,11.272744178771973,329.4845334679994
763.0,854.4172973632812,22.61638069152832,329.77561239601346
764.0,104.52600860595703,7.879781723022461,330.11259977200825
765.0,335.9073486328125,11.432276725769043,330.3906083430047
766.0,803.078369140625,24.630477905273438,330.6787788000074
767.0,356.0431213378906,12.832321166992188,330.9699755360052
768.0,235.96554565429688,12.23823356628418,331.2586150480056
769.0,425.7041320800781,15.49246883392334,331.58923400301137
770.0,148.46058654785156,9.532937049865723,331.88577856100164
771.0,298.09100341796875,10.94277572631836,332.15928262501257
772.0,229.369873046875,9.955988883972168,332.4661402950005
773.0,379.3070983886719,15.211126327514648,332.72768055800407
774.0,1277.4044189453125,21.277116775512695,333.0214754270128
775.0,326.6508483886719,15.685439109802246,333.29786087200046
776.0,255.7070770263672,12.771805763244629,333.599409759001
777.0,155.56959533691406,9.56771183013916,333.898817815003
778.0,243.15013122558594,11.753912925720215,334.2627280690067
779.0,394.7892150878906,17.38336181640625,334.5704567310022
780.0,227.88914489746094,12.144216537475586,334.8543018190103
781.0,79.8503646850586,7.38115119934082,335.1272324349993
782.0,139.13906860351562,9.86685562133789,335.4267650180118
783.0,1270.3096923828125,28.225332260131836,335.69222197199997
784.0,757.9534912109375,20.46358871459961,335.9456510710006
785.0,838.3309326171875,24.307233810424805,336.24412971500715
786.0,1236.2784423828125,24.34652328491211,336.53814437300025
787.0,180.60720825195312,10.817755699157715,336.8357909810002
788.0,167.7022247314453,10.446379661560059,337.1070860320033
789.0,350.73297119140625,15.992046356201172,337.4164719590044
790.0,1459.5814208984375,37.22917175292969,337.6818852550059
791.0,360.97705078125,13.487754821777344,337.9531210090063
792.0,238.2304229736328,12.137776374816895,338.2634981010051
793.0,248.70538330078125,13.414061546325684,338.52676178301044
794.0,206.65005493164062,10.839179039001465,338.80622786001186
795.0,754.746337890625,22.476320266723633,339.09099559001334
796.0,582.48095703125,19.541500091552734,339.4055754140136
797.0,515.359619140625,20.30316734313965,339.693312702002
798.0,517.3179321289062,17.15266227722168,339.97839226901124
799.0,203.68685913085938,12.790637969970703,340.25255268201
800.0,234.7974853515625,13.100494384765625,340.5650608670112
801.0,462.1012268066406,18.702068328857422,354.6010340089997
802.0,221.4127197265625,12.452902793884277,354.87175384000875
803.0,446.74237060546875,18.47682762145996,355.14421710900206
804.0,437.6327209472656,17.616960525512695,355.4258497710107
805.0,144.422119140625,9.808955192565918,355.7260963650042
806.0,123.55113983154297,8.470135688781738,356.27375316800317
807.0,250.64175415039062,13.752166748046875,356.6084197960008
808.0,467.4765625,18.455657958984375,356.93085397800314
809.0,550.067138671875,15.381756782531738,357.2321040240058
810.0,83.18814086914062,7.080861568450928,357.52605225700245
811.0,127.64147186279297,9.457738876342773,357.80852595501347
812.0,333.5802001953125,14.890812873840332,358.1304852530011
813.0,865.4190673828125,18.68031883239746,358.40174296000623
814.0,278.94183349609375,13.510916709899902,358.7022356380039
815.0,205.47994995117188,11.128273010253906,359.00164886101265
816.0,500.5274658203125,17.47945213317871,359.30874556300114
817.0,403.08465576171875,16.590923309326172,359.6369370350003
818.0,260.5903625488281,12.552742958068848,359.9234112609993
819.0,237.43971252441406,13.096988677978516,360.2374023420125
820.0,473.8059387207031,16.649883270263672,360.49270611300017
821.0,1404.2630615234375,31.925010681152344,360.75188291700033
822.0,253.00843811035156,11.418856620788574,361.02761275200464
823.0,109.25332641601562,8.21103286743164,361.31221805801033
824.0,879.6370849609375,22.9307861328125,361.6052666530013
825.0,516.3478393554688,19.56338882446289,361.88355586600665
826.0,192.81297302246094,9.936603546142578,362.17592612700537
827.0,386.8482666015625,15.482633590698242,362.43845149100525
828.0,356.1658935546875,13.302519798278809,362.7315014850028
829.0,437.6965026855469,17.187318801879883,363.0787506020133
830.0,191.94647216796875,11.394247055053711,363.3685101209994
831.0,543.6815185546875,17.02850341796875,363.6445026170113
832.0,265.5105895996094,13.017093658447266,363.9095215920097
833.0,190.89950561523438,11.592512130737305,364.1778876669996
834.0,342.6064453125,15.339224815368652,364.45598925800005
835.0,278.457763671875,13.453933715820312,364.7701224620105
836.0,496.69793701171875,12.0200777053833,365.0463941300113
837.0,141.0720672607422,9.40762996673584,365.3304162560089
838.0,268.2973327636719,14.97596549987793,365.6279764390056
839.0,265.5577087402344,11.776941299438477,365.91940832399996
840.0,306.785888671875,14.999456405639648,366.1904089360032
841.0,386.9301452636719,16.066890716552734,366.52767427801155
842.0,451.21832275390625,15.622665405273438,366.8057912660006
843.0,546.3705444335938,20.087453842163086,367.08824502800417
844.0,254.3593292236328,11.21668529510498,367.38265846700233
845.0,152.96450805664062,10.530999183654785,367.6623308840062
846.0,359.22064208984375,13.18210506439209,367.9478847930004
847.0,95.61869812011719,7.9155473709106445,368.25763410200307
848.0,315.06982421875,12.114461898803711,368.52945225700387
849.0,139.18753051757812,8.296574592590332,368.80684770700464
850.0,228.21812438964844,11.763322830200195,369.0879949900118
851.0,276.124267578125,10.986505508422852,369.3673563340126
852.0,1547.469970703125,35.4910774230957,369.63699423900107
853.0,144.67648315429688,9.778225898742676,369.9020458280138
854.0,456.1620178222656,14.983752250671387,370.16335884600994
855.0,110.43860626220703,8.324628829956055,370.45749809700646
856.0,712.8323364257812,14.973434448242188,370.73925044100906
857.0,145.34764099121094,8.760337829589844,371.0213202050072
858.0,817.96533203125,22.87795639038086,371.32203447401116
859.0,1025.764404296875,28.3109188079834,371.59096897901327
860.0,333.53558349609375,13.826976776123047,371.8450610990112
861.0,227.26158142089844,11.601691246032715,372.1224138940015
862.0,692.4574584960938,19.37590789794922,372.3892491590086
863.0,70.8511962890625,6.876458168029785,372.65832326000964
864.0,240.7545166015625,12.953913688659668,372.9291234190023
865.0,134.8780517578125,10.15229320526123,373.21688177900796
866.0,309.808837890625,14.631590843200684,373.4936362760054
867.0,118.02598571777344,8.376507759094238,373.7814479210065
868.0,616.3392944335938,18.76190948486328,374.0783634170075
869.0,863.460205078125,22.80832290649414,374.3541333910107
870.0,247.73333740234375,13.801258087158203,374.62329092599975
871.0,1447.990478515625,29.670896530151367,374.89257210100186
872.0,668.4442749023438,17.530420303344727,375.1817589130078
873.0,464.310791015625,16.94157600402832,375.4672993670101
874.0,346.6974792480469,14.723913192749023,375.73454710800434
875.0,336.0086364746094,13.714973449707031,376.02943267500086
876.0,224.51092529296875,12.328706741333008,376.3206581380073
877.0,758.1117553710938,21.0186824798584,376.63534923001134
878.0,747.9359741210938,22.564477920532227,376.93612790000043
879.0,349.9335632324219,14.36245059967041,377.2140135869995
880.0,365.26153564453125,15.947569847106934,377.57781935000094
881.0,225.76048278808594,11.48148250579834,377.92889391801145
882.0,110.55833435058594,8.593193054199219,378.2570981710014
883.0,343.1126708984375,15.658121109008789,378.5868394720019
884.0,1089.044677734375,28.164531707763672,378.8934245380078
885.0,786.3887329101562,19.078699111938477,379.19456763600465
886.0,994.2063598632812,22.574018478393555,379.4892351890012
887.0,132.71388244628906,9.090681076049805,379.8138673909998
888.0,692.191650390625,19.70673370361328,380.13583020400256
889.0,525.843994140625,15.8820219039917,380.40650250601175
890.0,311.3229675292969,14.925395011901855,380.6907822070061
891.0,1028.589599609375,25.447052001953125,380.9777011210099
892.0,156.20120239257812,9.993646621704102,381.24202650900406
893.0,531.3836669921875,14.804888725280762,381.54153629401117
894.0,216.37472534179688,11.246710777282715,381.8655781310081
895.0,293.7393798828125,13.951557159423828,382.157930943009
896.0,689.191162109375,22.095476150512695,382.4274743450078
897.0,506.44635009765625,15.662078857421875,382.82373597400147
898.0,1280.0911865234375,26.72182846069336,383.10402465700463
899.0,159.6568603515625,9.54304027557373,383.3791130630125
900.0,224.3029327392578,10.940129280090332,383.6420910279994
901.0,903.9124145507812,23.532194137573242,397.27642868700786
902.0,201.49081420898438,11.474031448364258,397.5760249779996
903.0,197.56686401367188,10.354755401611328,397.8744818240084
904.0,141.57533264160156,8.22018051147461,398.15525499000796
905.0,2768.57958984375,50.32767868041992,398.45135058200685
906.0,180.31089782714844,9.563799858093262,398.73255532800977
907.0,143.33062744140625,9.325614929199219,399.0240427940007
908.0,622.9827880859375,21.1297664642334,399.3170764250099
909.0,185.43069458007812,10.864736557006836,399.5904082660127
910.0,398.0893249511719,16.615272521972656,399.8412592540117
911.0,247.2256317138672,12.509353637695312,400.1111280990008
912.0,769.5253295898438,22.20608901977539,400.4979975620081
913.0,158.82235717773438,9.064244270324707,400.8182869890006
914.0,352.6543884277344,14.89984130859375,401.095285361007
915.0,131.69253540039062,9.062752723693848,401.36333265001304
916.0,140.1155242919922,9.515338897705078,401.6334777650045
917.0,133.92715454101562,9.20548152923584,401.936947359005
918.0,92.03748321533203,6.959706783294678,402.19198279800185
919.0,172.06825256347656,11.139509201049805,402.4987685410015
920.0,571.2509155273438,15.775559425354004,402.8513164830074
921.0,154.0850372314453,9.41085433959961,403.14510357400286
922.0,246.12733459472656,11.202670097351074,403.4419245910103
923.0,91.29838562011719,7.101612091064453,403.73128709199955
924.0,119.3215560913086,9.576796531677246,404.0318616720033
925.0,242.35032653808594,11.251485824584961,404.3030562750064
926.0,242.60862731933594,12.983895301818848,404.61021248300676
927.0,980.841796875,28.94646644592285,404.9078375620011
928.0,168.573974609375,10.663360595703125,405.2140815210005
929.0,139.95193481445312,9.63577938079834,405.52091592400393
930.0,630.3302612304688,21.38981819152832,405.7935300250101
931.0,508.6000061035156,17.579607009887695,406.0601381630113
932.0,204.99761962890625,10.600170135498047,406.33690392000426
933.0,182.12481689453125,10.526517868041992,406.62859158799984
934.0,203.81202697753906,12.95280933380127,406.93141329000355
935.0,522.4692993164062,19.232084274291992,407.21530113001063
936.0,282.8053894042969,12.407835960388184,407.4735535320069
937.0,163.27072143554688,10.22343635559082,407.7384091450076
938.0,1634.949462890625,30.366085052490234,408.03829451600905
939.0,89.41988372802734,7.466700553894043,408.3869401760021
940.0,305.6753234863281,14.136171340942383,408.6802417350118
941.0,218.38925170898438,11.060425758361816,408.9514325860073
942.0,177.42181396484375,11.346805572509766,409.24928437700146
943.0,278.7337341308594,13.93329906463623,409.58596306000254
944.0,282.7007141113281,12.880562782287598,409.88400716400065
945.0,138.238037109375,8.699164390563965,410.1772172100027
946.0,279.81036376953125,10.2056303024292,410.44882956700167
947.0,108.79304504394531,7.859458923339844,410.721814102013
948.0,499.09320068359375,16.91387939453125,411.0280557050137
949.0,121.86270904541016,8.529582977294922,411.29370601700793
950.0,412.59783935546875,13.075053215026855,411.5832841190131
951.0,1667.0623779296875,35.96954345703125,411.8681728930096
952.0,168.75306701660156,9.86834716796875,412.17987232501036
953.0,114.85481262207031,8.301956176757812,412.45560561200546
954.0,113.60913848876953,8.157089233398438,412.71928347600624
955.0,171.66761779785156,10.533731460571289,413.00842342700344
956.0,167.94944763183594,10.23550033569336,413.29824552200444
957.0,465.53143310546875,15.353249549865723,413.58486991300015
958.0,1282.95361328125,31.399309158325195,413.861562570004
959.0,296.1862487792969,11.88155460357666,414.1464174490102
960.0,229.55491638183594,13.287738800048828,414.43979748600395
961.0,392.2569274902344,14.369987487792969,414.7753378100024
962.0,617.6715698242188,20.896242141723633,415.1045675630012
963.0,347.8922119140625,15.09827995300293,415.40287942600844
964.0,167.2296905517578,11.117535591125488,415.68696243800514
965.0,308.20806884765625,13.462576866149902,415.95813169800385
966.0,206.809326171875,11.762067794799805,416.236984675008
967.0,339.6314392089844,12.57662582397461,416.57527450000634
968.0,167.13458251953125,9.861595153808594,416.85870077500294
969.0,298.64190673828125,12.881828308105469,417.1442554240057
970.0,418.4789733886719,13.63597297668457,417.46928253301303
971.0,565.0250244140625,19.600318908691406,417.750723834004
972.0,47.75713348388672,5.2476301193237305,418.0648468540021
973.0,64.56361389160156,6.5369415283203125,418.3806235120137
974.0,78.17591857910156,7.271980285644531,418.6962261780136
975.0,1445.11328125,30.062379837036133,421.4239495340007
976.0,132.1329345703125,9.474742889404297,422.1500040980027
977.0,308.2032470703125,15.30108642578125,422.46384752700396
978.0,706.7996215820312,24.83578109741211,422.7297828530136
979.0,69.23222351074219,6.457651138305664,423.0012512710091
980.0,183.5553741455078,9.62435531616211,423.3073893390101
981.0,152.73907470703125,10.13887882232666,423.59624097900814
982.0,284.4086608886719,13.804186820983887,423.88005626499944
983.0,214.944091796875,11.507526397705078,424.19648655901256
984.0,304.3677062988281,13.382121086120605,424.4858118620032
985.0,255.81585693359375,12.595492362976074,424.77260392501194
986.0,698.9688110351562,20.869369506835938,425.0788592440076
987.0,369.4476623535156,15.672866821289062,425.3511311360053
988.0,173.3334503173828,10.424721717834473,425.62735216500005
989.0,265.8133850097656,12.72530460357666,425.92847237300884
990.0,73.53749084472656,6.886429786682129,426.2044678920065
991.0,252.41163635253906,13.012301445007324,426.51215702001355
992.0,461.7157287597656,18.60967445373535,426.781549035004
993.0,205.1419677734375,10.955348014831543,427.0508666130045
994.0,1496.5489501953125,30.575916290283203,427.3513265090005
995.0,310.1236267089844,13.29286003112793,427.6538126900123
996.0,347.8382873535156,12.523738861083984,427.9605175600009
997.0,302.0431213378906,11.847618103027344,428.2345678730053
998.0,200.13424682617188,11.252402305603027,428.53359194801305
999.0,290.47454833984375,14.031301498413086,428.8115065900056
1000.0,586.4939575195312,18.310089111328125,429.0922544510104
1001.0,212.90623474121094,11.273786544799805,443.0504520720133
1002.0,313.2027587890625,14.213485717773438,443.3371109960135
1003.0,467.494384765625,18.193756103515625,443.61488338200434
1004.0,262.5350646972656,12.664413452148438,443.9107559520053
1005.0,125.31043243408203,9.056692123413086,444.18655288200534
1006.0,189.01576232910156,10.944262504577637,444.48692714300705
1007.0,77.61993408203125,6.688000202178955,444.7416023140104
1008.0,191.467529296875,10.386432647705078,445.04202908001025
1009.0,212.96827697753906,11.19283390045166,445.3148492510081
1010.0,295.2685241699219,12.438764572143555,445.5994238109997
1011.0,352.16693115234375,12.275456428527832,445.88537505600834
1012.0,517.21435546875,15.226625442504883,446.22953093700926
1013.0,330.3409118652344,13.087834358215332,446.50487166200764
1014.0,191.27061462402344,10.2174072265625,446.7989239340095
1015.0,339.2119140625,13.779702186584473,447.09286980000616
1016.0,540.0274658203125,17.324478149414062,447.34608716200455
1017.0,372.74676513671875,11.554746627807617,447.6308948970109
1018.0,600.5279541015625,18.07684326171875,447.8949595520098
1019.0,466.62896728515625,15.672628402709961,448.1847865870077
1020.0,252.20811462402344,11.376708984375,448.47205719600606
1021.0,2475.880859375,40.72278594970703,448.7429152360128
1022.0,358.1018981933594,13.854425430297852,449.0390624950087
1023.0,434.2456359863281,16.18467140197754,449.33136052401096
1024.0,349.559326171875,12.922369956970215,449.6002373920055
1025.0,336.1480407714844,12.295171737670898,449.89014717101236
1026.0,372.99554443359375,15.152315139770508,450.1707167880086
1027.0,479.436279296875,16.2904109954834,450.4699078859994
1028.0,257.4768981933594,13.736297607421875,450.72437630100467
1029.0,231.8578338623047,11.977023124694824,451.0120173210016
1030.0,128.2391815185547,9.168370246887207,451.2894360089995
1031.0,80.5112533569336,7.35252046585083,451.5671375660022
1032.0,112.73033905029297,8.276182174682617,451.845682004001
1033.0,226.22579956054688,12.476624488830566,452.13928206100536
1034.0,168.65296936035156,8.402887344360352,452.42789026400715
1035.0,559.6381225585938,15.291812896728516,452.71752840500267
1036.0,1842.2716064453125,42.049766540527344,453.0723038580036
1037.0,89.70452880859375,7.112158298492432,453.4403779550048
1038.0,155.86058044433594,9.965620994567871,453.75665228000435
1039.0,215.4544219970703,11.96114730834961,454.05884507400333
1040.0,815.1409912109375,22.967763900756836,454.3305013160134
1041.0,291.85748291015625,11.231439590454102,454.62955916400824
1042.0,148.71139526367188,9.622060775756836,454.93432688500616
1043.0,73.29094696044922,7.428524017333984,455.25105548801366
1044.0,420.8497009277344,13.962121963500977,455.50760039700253
1045.0,99.62599182128906,8.493528366088867,455.77470571600134
1046.0,434.02191162109375,16.515483856201172,456.0866381240048
1047.0,125.325927734375,8.219194412231445,456.3799418150011
1048.0,225.98654174804688,10.444771766662598,456.6599947900104
1049.0,296.5022277832031,12.68399429321289,456.93456983100623
1050.0,504.544189453125,17.39279556274414,457.2587048090063
1051.0,564.1322631835938,19.14363670349121,457.5615141510061
1052.0,194.72850036621094,10.47715950012207,457.8593435490038
1053.0,541.0653076171875,18.674158096313477,458.1686122040119
1054.0,260.0517578125,13.163676261901855,458.44310559600126
1055.0,813.828125,23.114206314086914,458.7253402380011
1056.0,270.4735107421875,12.224099159240723,458.9970793490065
1057.0,474.86639404296875,16.96411895751953,459.3254177420022
1058.0,192.6177978515625,11.062198638916016,459.60201031601173
1059.0,167.7881317138672,11.377864837646484,459.8611440040113
1060.0,289.5232238769531,14.093064308166504,460.11443520500325
1061.0,332.2047424316406,15.167824745178223,460.40789620700525
1062.0,160.31002807617188,10.048160552978516,460.70964921300765
1063.0,64.49832153320312,6.478047847747803,461.01037716001156
1064.0,513.27783203125,12.745677947998047,461.28233625400753
1065.0,70.40442657470703,6.539301872253418,461.55635490200075
1066.0,288.0421142578125,14.35993766784668,461.84319968101045
1067.0,65.85395050048828,6.5988664627075195,462.13275987400266
1068.0,812.3368530273438,22.479074478149414,462.43033410100907
1069.0,1584.9595947265625,34.313743591308594,462.7004992680013
1070.0,91.0437240600586,7.488628387451172,462.9920569740061
1071.0,449.2344970703125,20.09510612487793,463.27340019401163
1072.0,1709.0382080078125,39.57770538330078,463.5723870070069
1073.0,294.0439147949219,12.455445289611816,463.8631600210065
1074.0,98.24781036376953,8.101959228515625,464.1440777990065
1075.0,208.06112670898438,11.737783432006836,464.4305578170024
1076.0,187.79702758789062,10.953235626220703,464.75013760800357
1077.0,298.1417541503906,11.671417236328125,465.06452743201226
1078.0,461.82501220703125,16.031749725341797,465.35603088700736
1079.0,512.7633666992188,19.736207962036133,465.6307459840027
1080.0,681.8458251953125,22.547119140625,465.9211268700019
1081.0,52.84360122680664,5.48486328125,466.2167013050057
1082.0,79.73294830322266,6.857223987579346,466.4930837300053
1083.0,168.88111877441406,9.80701732635498,466.775578426008
1084.0,221.22821044921875,10.935830116271973,467.0669090570009
1085.0,377.09271240234375,14.0090913772583,467.36457938300737
1086.0,480.8285827636719,15.756831169128418,467.64862790000916
1087.0,630.460693359375,18.04243278503418,467.9270553850074
1088.0,633.9290771484375,17.878923416137695,468.20725830600713
1089.0,155.66500854492188,9.19787883758545,468.47952789001283
1090.0,249.3302764892578,11.953962326049805,468.7742844960012
1091.0,135.1900177001953,9.243042945861816,469.08609515400894
1092.0,149.94430541992188,9.360681533813477,469.3745745070046
1093.0,180.78318786621094,10.047779083251953,469.67059148300905
1094.0,367.0082702636719,12.82553768157959,469.9509547010093
1095.0,474.52392578125,14.684566497802734,470.2150206410006
1096.0,180.36936950683594,11.103130340576172,470.5005759790074
1097.0,147.66917419433594,9.817319869995117,470.87690834100067
1098.0,100.75747680664062,7.741293907165527,471.1960951550136
1099.0,372.62481689453125,14.855457305908203,471.5759839050006
1100.0,702.4088134765625,18.396240234375,471.84184765300597
1101.0,200.31410217285156,11.8089017868042,485.77452400101174
1102.0,61.51234436035156,6.240067005157471,486.0682535040105
1103.0,183.50498962402344,11.967917442321777,486.3279116840131
1104.0,162.3396759033203,9.730289459228516,486.6462300070125
1105.0,109.90184783935547,8.367414474487305,486.9187576760014
1106.0,453.2565612792969,17.86707878112793,487.1810462180001
1107.0,113.06177520751953,8.108891487121582,487.4598522150045
1108.0,359.6191101074219,13.478743553161621,487.7512908130011
1109.0,871.9595947265625,21.763694763183594,488.04877905100875
1110.0,196.30287170410156,10.597896575927734,488.3106202980125
1111.0,818.408203125,17.654495239257812,488.5897631190019
1112.0,250.33311462402344,12.823074340820312,488.87965120100125
1113.0,194.6796417236328,10.268516540527344,489.1512940899993
1114.0,99.71604919433594,8.079042434692383,489.4169729060086
1115.0,188.7050323486328,11.173699378967285,489.70199700001103
1116.0,154.2337188720703,9.228189468383789,489.99132262500643
1117.0,81.67572784423828,7.211302757263184,490.2810623500118
1118.0,117.21017456054688,8.898578643798828,490.54068258800544
1119.0,282.864990234375,12.604954719543457,490.84071974200197
1120.0,684.089111328125,16.728836059570312,491.1389462650113
1121.0,950.81103515625,22.209444046020508,491.41095341301116
1122.0,309.8333740234375,12.561601638793945,491.6981407060084
1123.0,104.66873931884766,8.469593048095703,491.96125826000934
1124.0,172.142333984375,10.4083833694458,492.23363589000655
1125.0,383.4661865234375,16.84649658203125,492.5120475660078
1126.0,658.72998046875,22.746511459350586,493.61156598001253
1127.0,167.09014892578125,8.81212329864502,495.09763925900916
1128.0,152.1419219970703,10.040719032287598,495.93580481600657
1129.0,330.0160827636719,12.361003875732422,496.22199296701
1130.0,365.13433837890625,13.552420616149902,496.5136061049998
1131.0,48.38431167602539,5.724092960357666,496.82467298301344
1132.0,32.4371223449707,4.459694862365723,497.1300186090084
1133.0,173.0907440185547,9.5579252243042,497.39500670100097
1134.0,148.59414672851562,9.401004791259766,497.6570008530107
1135.0,1083.1209716796875,29.906076431274414,497.9500667980028
1136.0,78.91899871826172,6.9956374168396,498.2390105230006
1137.0,117.92066192626953,8.201358795166016,498.54252564800845
1138.0,96.60235595703125,8.244996070861816,498.79281931900186
1139.0,158.81663513183594,9.374651908874512,499.0688825940015
1140.0,247.268798828125,12.67741584777832,499.35202955501154
1141.0,356.3123779296875,12.493001937866211,499.64496966700244
1142.0,172.9503631591797,10.455034255981445,499.90812999600894
1143.0,337.6025085449219,10.887325286865234,500.20863688700774
1144.0,465.30712890625,16.312747955322266,500.4907319920021
1145.0,276.45062255859375,12.161430358886719,500.7575976990047
1146.0,757.9627685546875,22.865137100219727,501.0237624660076
1147.0,235.87966918945312,12.095841407775879,501.30732162701315
1148.0,112.84980010986328,8.693459510803223,501.6019007790019
1149.0,96.61444091796875,8.02801513671875,501.88985093700467
1150.0,371.6833801269531,14.778650283813477,502.1962237090047
1151.0,392.96405029296875,16.14508056640625,502.48944992500765
1152.0,210.21142578125,12.910993576049805,502.77348018600605
1153.0,205.25946044921875,10.735824584960938,503.0563345110131
1154.0,770.8472290039062,22.943944931030273,503.355017630005
1155.0,268.54522705078125,13.177186965942383,503.6624407650088
1156.0,248.55418395996094,13.315269470214844,503.9752730850014
1157.0,231.66221618652344,12.255760192871094,504.2497925330099
1158.0,251.67947387695312,13.152593612670898,504.5621068380133
1159.0,865.5723266601562,21.128541946411133,504.8645248110115
1160.0,316.92779541015625,12.071525573730469,505.1314154030115
1161.0,93.51620483398438,7.2065510749816895,505.40214634100266
1162.0,476.02801513671875,17.29743003845215,505.6875079240126
1163.0,244.1531982421875,11.928060531616211,505.9704182500136
1164.0,204.052490234375,11.740262031555176,506.2410020370007
1165.0,130.32620239257812,8.37682056427002,506.5153114429995
1166.0,302.54144287109375,12.40715217590332,506.79510631501034
1167.0,119.20319366455078,8.19858455657959,507.08239275601227
1168.0,466.3414001464844,17.033823013305664,507.3758770810091
1169.0,58.90509796142578,5.8273468017578125,507.65489046600123
1170.0,90.22637939453125,7.554931163787842,507.92625914601376
1171.0,79.15281677246094,6.744460105895996,508.20004357500875
1172.0,87.5445327758789,7.480566024780273,508.45888209401164
1173.0,109.35912322998047,7.818138122558594,508.7300768700079
1174.0,939.040771484375,20.817914962768555,509.0335440360068
1175.0,110.5927505493164,8.667194366455078,509.3387076620129
1176.0,57.52848434448242,6.315545082092285,509.6794591180078
1177.0,102.60955810546875,8.492847442626953,509.9418912280089
1178.0,114.63622283935547,8.2616548538208,510.25621663000493
1179.0,181.80078125,10.990880012512207,510.51333302800776
1180.0,163.23313903808594,8.447527885437012,510.82165972200164
1181.0,115.00057983398438,7.5372819900512695,511.12973220100685
1182.0,114.31785583496094,8.590984344482422,511.4379386570072
1183.0,127.44267272949219,8.661641120910645,511.70306129600795
1184.0,148.97763061523438,9.09959602355957,512.0158908080048
1185.0,995.9961547851562,25.948232650756836,512.3502662560059
1186.0,1588.8192138671875,33.6109504699707,512.6328475460032
1187.0,288.74957275390625,13.185223579406738,513.1560042900092
1188.0,207.7926788330078,11.214759826660156,513.5191533360048
1189.0,361.04730224609375,13.215750694274902,513.9321086980053
1190.0,358.80828857421875,15.562247276306152,514.2626438370062
1191.0,188.11737060546875,8.909127235412598,514.5588545650098
1192.0,253.91757202148438,11.526830673217773,514.8542416420096
1193.0,125.08319854736328,8.953619956970215,515.1603491520073
1194.0,216.13587951660156,12.026028633117676,515.4460990270018
1195.0,175.65719604492188,11.150961875915527,515.7106903189997
1196.0,257.93499755859375,12.090206146240234,516.0460576850019
1197.0,1681.3486328125,34.776329040527344,516.5852407860075
1198.0,586.7532348632812,19.776384353637695,516.8486447350006
1199.0,77.6850814819336,6.802340030670166,517.166836482007
1200.0,157.22247314453125,9.442586898803711,517.4309174340015
1201.0,242.31129455566406,11.482194900512695,535.5878789180133
1202.0,120.10867309570312,8.68715763092041,535.8659750060033
1203.0,85.00552368164062,8.173147201538086,536.1653109410108
1204.0,410.5390625,16.62950325012207,536.4556129050034
1205.0,103.37505340576172,7.32997989654541,536.7245465320011
1206.0,192.34205627441406,10.60016918182373,536.9986531400064
1207.0,91.00724029541016,7.6306233406066895,537.274175153012
1208.0,74.57176971435547,6.948683738708496,537.543655009009
1209.0,444.1590881347656,18.021728515625,537.810361944008
1210.0,62.880836486816406,6.147012710571289,538.0963986810093
1211.0,1485.58935546875,37.27735900878906,538.3935027630068
1212.0,835.6525268554688,24.47650909423828,538.6482766100089
1213.0,764.7365112304688,23.55148696899414,538.935115766013
1214.0,868.7525634765625,22.156112670898438,539.2019571210112
1215.0,227.74337768554688,12.616158485412598,539.4772964150034
1216.0,1468.10205078125,34.68061065673828,539.7464563760004
1217.0,1136.4405517578125,29.700891494750977,540.0172309870104
1218.0,452.93414306640625,17.508859634399414,540.2959295450128
1219.0,383.6117248535156,16.223535537719727,540.5645573210059
1220.0,478.8690490722656,17.7441463470459,540.8438058250031
1221.0,498.9482727050781,13.839017868041992,541.1101286610065
1222.0,226.1113739013672,12.563441276550293,541.3856388990098
1223.0,66.88134002685547,6.4658331871032715,541.6658784040046
1224.0,131.60572814941406,8.91511058807373,541.975772144011
1225.0,1642.126953125,31.850292205810547,542.2708583170024
1226.0,89.75503540039062,7.957546234130859,542.5478764290019
1227.0,133.197509765625,8.946372032165527,542.805525542004
1228.0,66.47588348388672,6.53725004196167,543.0719003690028
1229.0,1371.5885009765625,31.836353302001953,543.3469229950133
1230.0,65.98483276367188,6.2331223487854,543.6454904300044
1231.0,174.03231811523438,10.558571815490723,543.9295317800133
1232.0,149.50015258789062,9.524787902832031,544.2220438590011
1233.0,334.8070373535156,14.766197204589844,544.5176914210024
1234.0,115.40200805664062,7.343070030212402,544.7908417760045
1235.0,305.178955078125,12.392004013061523,545.0722976950055
1236.0,278.9992370605469,13.28665542602539,545.3388917050033
1237.0,257.3699951171875,12.514678001403809,545.5953393350064
1238.0,358.8609313964844,15.569073677062988,545.8687177009997
1239.0,410.92041015625,15.0181245803833,546.1646039960033
1240.0,526.4074096679688,18.631664276123047,546.445104221013
1241.0,1636.05712890625,34.83936309814453,546.7259757080028
1242.0,352.1294860839844,11.988324165344238,547.0375687980122
1243.0,775.6893920898438,21.019187927246094,547.3335187740013
1244.0,121.80929565429688,8.178804397583008,547.6318078750046
1245.0,399.732666015625,16.362058639526367,547.8998423540033
1246.0,593.0353393554688,21.858081817626953,548.1755452680081
1247.0,260.2044677734375,12.082082748413086,548.4512198920129
1248.0,227.62339782714844,10.747026443481445,548.7008713970135
1249.0,206.44461059570312,12.282808303833008,548.9547791820078
1250.0,95.53778076171875,7.63893985748291,549.1644980340061
1251.0,129.268798828125,9.444145202636719,549.3662781240128
1252.0,115.9959487915039,7.508688449859619,549.5542907640047
1253.0,136.4430389404297,8.967735290527344,549.7459041370021
1254.0,69.61221313476562,6.289153099060059,549.9421627300035
1255.0,275.91552734375,13.7777099609375,550.1370038390014
1256.0,311.3834533691406,13.229061126708984,550.3306552600116
1257.0,298.42132568359375,11.794246673583984,550.5249225570005
1258.0,476.82830810546875,19.67025375366211,550.7142285690061
1259.0,366.2122497558594,15.16562271118164,550.9047277940117
1260.0,356.31170654296875,13.97663688659668,551.0946000690019
1261.0,123.70452117919922,9.246596336364746,551.2854492460028
1262.0,622.3324584960938,19.339136123657227,551.4929859640106
1263.0,133.6087646484375,8.667169570922852,551.712615181008
1264.0,132.4475860595703,8.212142944335938,551.9035306060105
1265.0,406.552734375,15.210400581359863,552.1008831280051
1266.0,180.379638671875,10.478689193725586,552.2947575330036
1267.0,205.72854614257812,10.108307838439941,552.514142333006
1268.0,80.16741943359375,7.075327396392822,552.7088895000052
1269.0,134.88575744628906,9.405416488647461,552.9217387370009
1270.0,214.70065307617188,11.69299030303955,553.1115706210112
1271.0,1708.1026611328125,32.91358947753906,553.3019214020023
1272.0,82.10983276367188,7.9977498054504395,553.5216852150043
1273.0,179.22894287109375,11.134026527404785,553.7254351250012
1274.0,111.84479522705078,8.36324405670166,553.9177935480111
1275.0,111.93705749511719,9.065900802612305,554.1112381570128
1276.0,76.9091796875,7.358016490936279,554.3110115870077
1277.0,99.75985717773438,7.6762189865112305,554.510521232005
1278.0,235.33399963378906,12.995856285095215,554.7208172840037
1279.0,180.49838256835938,9.49427318572998,554.9313071710058
1280.0,153.8058319091797,9.86608600616455,555.1107318840077
1281.0,778.8067626953125,21.769330978393555,555.3028346170031
1282.0,76.56864929199219,7.327919006347656,555.4955722050072
1283.0,710.1788330078125,19.61891746520996,555.6831023090053
1284.0,711.3831176757812,21.526287078857422,555.8724580080016
1285.0,72.73931121826172,6.820793151855469,556.0655215300067
1286.0,810.2966918945312,27.227006912231445,556.2560810690047
1287.0,60.683998107910156,5.861994743347168,556.4490368370025
1288.0,236.18067932128906,11.412884712219238,556.6417738950113
1289.0,368.4975280761719,14.075392723083496,556.8330397990067
1290.0,161.59835815429688,9.818414688110352,557.0354764280055
1291.0,117.57876586914062,9.081515312194824,557.2342247840133
1292.0,56.43342208862305,6.293117523193359,557.429268287
1293.0,60.263946533203125,5.855581760406494,557.6216141550103
1294.0,517.8715209960938,13.791411399841309,557.815419933002
1295.0,112.23211669921875,8.255752563476562,558.0106190500082
1296.0,83.32913970947266,7.4498066902160645,558.2221250880102
1297.0,274.8512268066406,14.098389625549316,558.4394725980092
1298.0,160.14390563964844,9.832143783569336,558.6986613680056
1299.0,76.30784606933594,6.881102561950684,558.9248482530093
1300.0,62.24089050292969,6.262705326080322,559.1340442380024
1301.0,84.96367645263672,6.995527267456055,572.7693720820098
1302.0,119.1985855102539,8.186612129211426,572.992096795002
1303.0,107.09713745117188,7.541232109069824,573.1973063250043
1304.0,93.80888366699219,7.034247875213623,573.4216442230099
1305.0,450.582275390625,18.0757999420166,573.6216411900095
1306.0,257.4018859863281,12.736146926879883,573.8228908849997
1307.0,113.68663787841797,8.07385540008545,574.0583170669997
1308.0,186.9298858642578,11.176111221313477,574.2865386330086
1309.0,250.1160430908203,11.543947219848633,574.5827796760132
1310.0,224.55462646484375,12.892387390136719,574.8355387949996
1311.0,497.6015319824219,13.149504661560059,575.0916964150092
1312.0,434.1847229003906,13.660659790039062,575.3748101450037
1313.0,401.8709716796875,13.620575904846191,575.657544628004
1314.0,228.67210388183594,11.3369722366333,575.9218680000049
1315.0,43.466495513916016,5.071096897125244,576.1516033280059
1316.0,375.9447021484375,14.618965148925781,576.3791026680119
1317.0,81.38935852050781,7.0645751953125,576.6471307669999
1318.0,533.626708984375,10.825048446655273,576.9309851420112
1319.0,165.12185668945312,8.73019027709961,577.1910609230108
1320.0,68.677490234375,6.10011100769043,577.4112664690037
1321.0,365.2659912109375,12.88400936126709,577.6513802320114
1322.0,58.07236099243164,5.719705104827881,577.860638129001
1323.0,327.9197082519531,15.361967086791992,578.1517559010099
1324.0,643.9671630859375,23.897062301635742,578.4076271480008
1325.0,274.3746643066406,13.057040214538574,578.6967094640131
1326.0,346.9071960449219,14.866111755371094,578.9911282450048
1327.0,663.2518920898438,19.999706268310547,579.2491084520007
1328.0,288.0721130371094,13.108551979064941,579.5005413230101
1329.0,198.47323608398438,12.03305721282959,579.7879738129996
1330.0,111.92866516113281,7.8540358543396,580.0601267420134
1331.0,423.94073486328125,17.360254287719727,580.3821324790042
1332.0,302.91796875,13.309036254882812,580.6385537110036
1333.0,161.40272521972656,10.251447677612305,580.9498791460064
1334.0,107.06829071044922,8.88575267791748,581.2012638910091
1335.0,162.2469024658203,9.060297966003418,581.453230588013
1336.0,147.62637329101562,9.399577140808105,581.7327172650112
1337.0,168.7073516845703,10.573653221130371,582.0471610640088
1338.0,184.49557495117188,10.424217224121094,582.3510524440062
1339.0,72.85740661621094,6.43734073638916,582.6853765000124
1340.0,191.31324768066406,9.778682708740234,583.0301294520032
1341.0,453.6632385253906,16.239715576171875,583.3140968900116
1342.0,272.498779296875,12.6648530960083,583.5759627240041
1343.0,158.54800415039062,9.268879890441895,583.8478776219999
1344.0,162.05062866210938,7.843757629394531,584.114648259012
1345.0,336.42572021484375,12.765503883361816,584.4350723160023
1346.0,237.08477783203125,12.050908088684082,584.825155581013
1347.0,117.98357391357422,7.695855140686035,585.1206473900093
1348.0,1316.882568359375,32.90383529663086,585.4187057220115
1349.0,184.05422973632812,10.341602325439453,585.7396920890023
1350.0,132.08616638183594,9.180387496948242,586.0371948230022
1351.0,569.3065185546875,13.843982696533203,586.400840798
1352.0,300.09930419921875,12.118657112121582,586.7252347270114
1353.0,336.1340026855469,11.029772758483887,587.0063469610031
1354.0,167.56466674804688,9.524518013000488,587.2970840590133
1355.0,206.0482177734375,11.709471702575684,587.6112194980087
1356.0,222.81163024902344,12.735794067382812,587.8911689850065
1357.0,223.39682006835938,12.193264961242676,588.2543483710033
1358.0,130.01919555664062,9.505228996276855,588.5935551230068
1359.0,182.63201904296875,11.345975875854492,588.9801707900042
1360.0,140.36721801757812,9.67241096496582,589.2918933740002
1361.0,260.0577697753906,12.182608604431152,589.9037134400132
1362.0,785.254150390625,19.878700256347656,590.2507097740017
1363.0,544.1737060546875,16.80057716369629,590.5727031410061
1364.0,50.67423629760742,5.83228874206543,590.9675058290013
1365.0,50.69221115112305,5.9034833908081055,591.320780220005
1366.0,152.50485229492188,9.678228378295898,591.612142390004
1367.0,112.49578857421875,8.181317329406738,592.1179463220033
1368.0,74.7916488647461,6.742129325866699,592.4325189730007
1369.0,100.29388427734375,7.564622402191162,592.7534208590077
1370.0,137.1106414794922,8.425318717956543,593.198236835
1371.0,349.4816589355469,14.412993431091309,593.5234901340009
1372.0,134.04794311523438,8.662633895874023,593.8858670280024
1373.0,314.85357666015625,12.549988746643066,594.2306961350114
1374.0,84.09063720703125,6.079831123352051,594.5482725830079
1375.0,1435.4935302734375,28.12681007385254,596.0358253110026
1376.0,104.13570404052734,7.750139236450195,597.8918939480063
1377.0,135.87069702148438,8.150069236755371,598.1797355210001
1378.0,100.18323516845703,7.921552658081055,598.4237035100086
1379.0,1084.7767333984375,29.6430606842041,598.6720214170055
1380.0,164.7615203857422,10.12966537475586,598.931193647004
1381.0,464.3954772949219,11.166364669799805,599.1808843489998
1382.0,83.97999572753906,7.127452850341797,599.4386118070106
1383.0,164.90994262695312,8.982656478881836,599.7004524400108
1384.0,828.1849365234375,27.88038444519043,599.9874030240026
1385.0,144.69346618652344,8.396615028381348,600.2362049950025
1386.0,189.9701385498047,10.500883102416992,600.5257787280134
1387.0,54.58768081665039,5.9412946701049805,600.8495392260083
1388.0,48.17447280883789,5.218530654907227,601.1368764090003
1389.0,98.43083190917969,8.318870544433594,601.3982598210132
1390.0,1221.229248046875,26.809249877929688,601.6628703480092
1391.0,183.64431762695312,9.61556625366211,601.9284376210126
1392.0,280.8164978027344,12.889626502990723,602.2092721230001
1393.0,626.9888305664062,20.744325637817383,602.4563750450034
1394.0,70.09095001220703,6.418395042419434,602.7094271010137
1395.0,546.0184936523438,19.109821319580078,602.967502355008
1396.0,152.3251190185547,7.75827169418335,603.2533193460113
1397.0,395.1983947753906,14.863675117492676,603.5518669350131
1398.0,449.2209777832031,15.926060676574707,603.8408460630017
1399.0,137.0546875,9.062932014465332,604.1246418260125
1400.0,94.14122772216797,7.337249755859375,604.3954657170107
1401.0,58.49665451049805,5.649285316467285,618.136456089007
1402.0,172.59852600097656,8.761905670166016,618.4242538079998
1403.0,45.54885482788086,5.256576061248779,618.7052698070038
1404.0,176.2156219482422,10.803528785705566,619.0534739880095
1405.0,141.13482666015625,8.949275970458984,619.3755742680078
1406.0,155.66770935058594,8.62581729888916,619.6510929720098
1407.0,255.0201873779297,13.715778350830078,619.9185681840027
1408.0,513.3526000976562,16.197654724121094,620.2562325760082
1409.0,115.85723114013672,8.070134162902832,620.5551034100063
1410.0,120.04090118408203,8.556275367736816,620.8333014320087
1411.0,335.1597900390625,15.501411437988281,621.1379640400119
1412.0,901.6624145507812,22.244203567504883,621.3999208630121
1413.0,798.56005859375,24.505908966064453,621.6961692760087
1414.0,93.4687271118164,7.518716335296631,621.9870055980136
1415.0,96.03755187988281,7.788064479827881,622.2526581920101
1416.0,55.037994384765625,6.021066665649414,622.5277904030081
1417.0,923.5908813476562,24.666107177734375,622.8056628020131
1418.0,50.33749771118164,5.638408660888672,623.0779039830086
1419.0,132.29342651367188,8.81650447845459,623.3603612010047
1420.0,162.8240509033203,7.8692426681518555,623.6601608730125
1421.0,126.28176879882812,8.434935569763184,624.0777937930106
1422.0,706.284423828125,18.434045791625977,624.4601379080123
1423.0,76.36722564697266,7.0347981452941895,624.8013671080116
1424.0,60.05424880981445,6.445499420166016,625.2725308120134
1425.0,211.0317840576172,11.3445405960083,625.6746246000112
1426.0,244.3735809326172,12.360231399536133,625.9896602210065
1427.0,248.3363494873047,11.600096702575684,626.3763540820073
1428.0,84.8284912109375,7.188643932342529,626.7223033190094
1429.0,375.06036376953125,13.972972869873047,627.1095542220137
1430.0,1232.995849609375,27.269502639770508,627.3911105330044
1431.0,120.57762908935547,7.808835983276367,627.6748512020131
1432.0,156.43649291992188,8.211552619934082,627.9640277700091
1433.0,112.99895477294922,7.861276149749756,628.2409248309996
1434.0,597.2953491210938,17.057363510131836,628.5169267200108
1435.0,235.14956665039062,11.545886993408203,628.7851361070061
1436.0,353.8334045410156,13.49494457244873,629.0899605300074
1437.0,417.5980224609375,15.232442855834961,629.3770783360087
1438.0,307.7751770019531,13.2269926071167,629.6615129190031
1439.0,130.58290100097656,7.89778470993042,629.9619833340112
1440.0,56.726776123046875,5.537729740142822,630.2129078310099
1441.0,101.28993225097656,7.59480619430542,630.4677522480051
1442.0,61.38369369506836,5.741405963897705,630.7289544340019
1443.0,143.09799194335938,7.995322227478027,631.0334102940105
1444.0,156.05841064453125,8.811488151550293,631.3003539370111
1445.0,120.92045593261719,8.034624099731445,631.6111704060022
1446.0,117.12904357910156,7.946676254272461,631.8735156890034
1447.0,39.877220153808594,4.67587423324585,632.144101103011
1448.0,142.25257873535156,9.666553497314453,632.4039349280065
1449.0,422.3167419433594,16.149051666259766,632.6756827420031
1450.0,30.81439971923828,4.225783348083496,632.9649179020053
1451.0,126.48817443847656,8.241898536682129,633.2553279560088
1452.0,482.2533874511719,13.431638717651367,633.5530846760084
1453.0,96.46537017822266,7.833420753479004,633.859630846011
1454.0,475.5976867675781,13.27794075012207,634.1656565080048
1455.0,390.7454833984375,14.08065414428711,634.440034721003
1456.0,77.30597686767578,6.882376194000244,634.7375160800002
1457.0,853.7531127929688,23.480947494506836,635.0177374230116
1458.0,133.60586547851562,8.427287101745605,635.2930930069997
1459.0,1280.199951171875,25.357255935668945,635.5669498880015
1460.0,332.90228271484375,13.314122200012207,635.8318775460066
1461.0,206.1845703125,10.795222282409668,636.0977469440113
1462.0,115.8376693725586,8.137310028076172,636.3702307600033
1463.0,62.243892669677734,5.556971549987793,636.6333545270027
1464.0,131.47244262695312,8.196590423583984,636.8829112270032
1465.0,245.53990173339844,10.411664009094238,637.1595791540021
1466.0,211.06300354003906,11.122014045715332,637.4257879170036
1467.0,484.75421142578125,14.978415489196777,637.705871631013
1468.0,748.0343017578125,20.00889778137207,637.9615070630098
1469.0,557.194580078125,17.892070770263672,638.2302606220037
1470.0,430.35772705078125,13.084092140197754,638.485655772005
1471.0,103.19004821777344,8.149881362915039,638.7605965969997
1472.0,541.531494140625,17.27254295349121,639.0342442340043
1473.0,81.95506286621094,6.180752754211426,639.2958652890084
1474.0,166.57298278808594,9.878678321838379,639.5774666080106
1475.0,196.55088806152344,9.628620147705078,639.8271424370032
1476.0,894.9443969726562,21.42078971862793,640.0884301280021
1477.0,138.6480712890625,9.529311180114746,640.3632065960119
1478.0,136.1338653564453,9.223994255065918,640.6614574000123
1479.0,87.66451263427734,6.814820766448975,640.9126464080036
1480.0,234.9734344482422,12.21967601776123,641.1786907850037
1481.0,120.47320556640625,8.324946403503418,641.4448071520019
1482.0,356.8083190917969,11.844550132751465,641.7171511910128
1483.0,130.16696166992188,8.92534351348877,641.9784061970131
1484.0,48.92110061645508,5.250666618347168,642.2318783130031
1485.0,147.42323303222656,8.737887382507324,642.4916798840131
1486.0,65.33529663085938,6.086750507354736,642.7493777590134
1487.0,42.35934066772461,5.333403587341309,643.0385025210126
1488.0,161.22952270507812,9.671609878540039,643.2884024220111
1489.0,105.25797271728516,7.717515468597412,643.5333960080025
1490.0,961.7706298828125,25.342233657836914,643.7932968050009
1491.0,134.2113037109375,7.6703667640686035,644.0663772670086
1492.0,417.90496826171875,16.795408248901367,644.3427409819997
1493.0,129.36277770996094,7.609761714935303,644.6177022760094
1494.0,70.15465545654297,6.2407708168029785,644.871377538002
1495.0,148.0950927734375,9.005958557128906,645.1684165090119
1496.0,380.64678955078125,14.284807205200195,645.4363564340019
1497.0,100.08745574951172,7.491746425628662,645.6971043820085
1498.0,507.6470947265625,15.53385066986084,645.9748969390057
1499.0,734.1764526367188,21.564786911010742,646.2590232940129
1500.0,178.4444580078125,10.257959365844727,646.5647174960031
1501.0,122.67278289794922,7.035720348358154,661.3429194519995
1502.0,336.6504821777344,11.339460372924805,661.60258509501
1503.0,175.04969787597656,8.733465194702148,661.8747265740094
1504.0,90.158935546875,7.228628635406494,662.1983239730034
1505.0,217.87908935546875,13.033159255981445,662.5107987070078
1506.0,481.97540283203125,18.17795181274414,662.7647275620111
1507.0,106.09367370605469,8.43474292755127,663.0366416060133
1508.0,135.45669555664062,8.672703742980957,663.2971146500058
1509.0,374.7688903808594,13.943281173706055,663.5834115000034
1510.0,434.60467529296875,15.609023094177246,663.8489315690094
1511.0,27.460147857666016,4.211852073669434,664.1381584480114
1512.0,76.2837905883789,6.336601257324219,664.439877738012
1513.0,389.74847412109375,14.319661140441895,664.7085242390021
1514.0,39.110660552978516,4.906537055969238,665.008378278013
1515.0,77.75757598876953,7.555807113647461,665.2944302010001
1516.0,49.93589782714844,4.961145401000977,665.5589799139998
1517.0,104.32502746582031,7.808712005615234,665.8364131080016
1518.0,177.17726135253906,9.59070873260498,666.1092359770118
1519.0,145.9966278076172,9.943915367126465,666.3940349410113
1520.0,452.70196533203125,14.208148956298828,666.6584959400061
1521.0,209.40184020996094,10.38620376586914,666.9295951280073
1522.0,92.42385864257812,6.6606125831604,667.1664915540023
1523.0,43.536216735839844,5.012174129486084,667.4210187000135
1524.0,116.57685089111328,7.9815673828125,667.6931361330062
1525.0,171.9523162841797,10.163678169250488,667.9610268950055
1526.0,133.70567321777344,7.866986274719238,668.248697743009
1527.0,121.7884292602539,7.701930999755859,668.5435082510085
1528.0,233.08029174804688,12.552377700805664,668.8508301320107
1529.0,50.98424530029297,5.921651363372803,669.1416044070065
1530.0,80.01837158203125,6.682210445404053,669.4310975650005
1531.0,209.2177276611328,11.448430061340332,669.701617691011
1532.0,452.86041259765625,14.492253303527832,669.9990596140124
1533.0,153.85028076171875,10.983712196350098,670.2632379960123
1534.0,179.68617248535156,10.693774223327637,670.5269831160113
1535.0,241.31890869140625,12.760982513427734,670.7840525950014
1536.0,118.24431610107422,8.447507858276367,671.0650180390076
1537.0,230.41403198242188,11.698402404785156,671.3293987720099
1538.0,454.8538818359375,18.269969940185547,671.6156792750116
1539.0,674.7577514648438,20.04656219482422,671.8772520250059
1540.0,812.4095458984375,24.66701889038086,672.1405555660021
1541.0,378.3870544433594,17.879253387451172,672.3865628950007
1542.0,195.71298217773438,11.583443641662598,672.677714919002
1543.0,80.62886810302734,7.579780578613281,672.9406629690056
1544.0,96.97029876708984,7.4121222496032715,673.212025950008
1545.0,52.47010803222656,5.917855262756348,673.4689581300045
1546.0,118.12725067138672,8.717281341552734,673.7231234440114
1547.0,169.18215942382812,9.93425178527832,674.0218062019994
1548.0,112.30972290039062,8.071459770202637,674.2985148330044
1549.0,213.4492645263672,9.674363136291504,674.5547240710002
1550.0,1049.6461181640625,30.677913665771484,674.7954317590047
1551.0,40.236026763916016,5.022614479064941,675.0787805790023
1552.0,196.69651794433594,7.751721382141113,675.3559824399999
1553.0,217.6884002685547,10.070743560791016,675.6276830570132
1554.0,359.878173828125,15.150970458984375,675.9186674250086
1555.0,207.66708374023438,8.42270278930664,676.2218207500118
1556.0,53.32826232910156,6.024934768676758,676.5205781580007
1557.0,358.49554443359375,13.9052734375,676.7776696660003
1558.0,516.0474853515625,17.89504051208496,677.0456235410093
1559.0,112.46483612060547,7.786987781524658,677.3082241940137
1560.0,625.991943359375,20.89459228515625,677.5763005730114
1561.0,413.4829406738281,14.095947265625,677.8492730040016
1562.0,147.79869079589844,9.891217231750488,678.1217270449997
1563.0,290.2451171875,13.90700626373291,678.3917455629999
1564.0,188.38636779785156,10.760269165039062,678.6470008610049
1565.0,35.749717712402344,4.428952693939209,678.8934457100113
1566.0,41.68794250488281,4.880067825317383,679.1601396230108
1567.0,74.4974365234375,6.721678733825684,679.4100825660134
1568.0,93.84968566894531,8.16795825958252,679.6807262870134
1569.0,58.540306091308594,6.040591716766357,679.9630931000138
1570.0,207.783203125,11.566987037658691,680.2278445040138
1571.0,133.55865478515625,9.178932189941406,680.4975885099993
1572.0,455.1441650390625,17.00089454650879,680.7690049680095
1573.0,267.0936584472656,13.603565216064453,681.0422152340034
1574.0,143.27066040039062,9.675130844116211,681.3388017960096
1575.0,196.49952697753906,10.353890419006348,681.6129702190083
1576.0,209.5341033935547,11.991798400878906,681.9109023090132
1577.0,460.6899719238281,14.198180198669434,682.187781325003
1578.0,84.13873291015625,7.2715606689453125,682.4803294350131
1579.0,39.130958557128906,4.871276378631592,682.7522543939995
1580.0,216.37071228027344,10.668624877929688,683.005605259008
1581.0,262.62921142578125,9.712719917297363,683.2685788320086
1582.0,112.83745574951172,8.714076042175293,683.5106896550133
1583.0,1592.0960693359375,38.62458419799805,683.8004869319993
1584.0,332.8924255371094,14.752208709716797,684.065100287
1585.0,251.12803649902344,13.72930908203125,684.3293047300103
1586.0,79.6553955078125,6.5149149894714355,684.5959416120022
1587.0,88.09876251220703,6.462095737457275,684.8683147890115
1588.0,175.39358520507812,8.44261360168457,685.1461129030067
1589.0,62.30902862548828,5.648809909820557,685.407869816001
1590.0,226.12527465820312,11.026939392089844,685.6856368080043
1591.0,266.388671875,13.292025566101074,685.9631167580083
1592.0,304.960693359375,13.573273658752441,686.230856426002
1593.0,283.59466552734375,13.035198211669922,686.5079861110135
1594.0,466.35516357421875,17.422555923461914,686.8010514400085
1595.0,349.37908935546875,14.4692964553833,687.0640120630123
1596.0,119.43624114990234,8.460319519042969,687.3308286870015
1597.0,183.00494384765625,9.909189224243164,687.6357194800075
1598.0,141.1746368408203,9.390485763549805,687.9556176720071
1599.0,114.0013656616211,8.192177772521973,688.2230549540109
1600.0,68.88716888427734,6.9575629234313965,688.4935045980092
1601.0,411.1687316894531,14.603316307067871,702.2375627900037
1602.0,393.38629150390625,12.461403846740723,702.5029317830049
1603.0,943.0830688476562,18.413896560668945,702.7755453999998
1604.0,697.81640625,19.473567962646484,703.0348785670067
1605.0,109.36905670166016,7.615089416503906,703.3473975590023
1606.0,154.92417907714844,9.205788612365723,703.6446111410041
1607.0,271.4566345214844,12.102543830871582,703.9223148270103
1608.0,566.2135620117188,14.807812690734863,704.2108405880135
1609.0,168.5634002685547,9.654183387756348,704.4941511040088
1610.0,193.34857177734375,10.773758888244629,704.7794169350091
1611.0,127.52587127685547,8.49781608581543,705.0541478700034
1612.0,55.92356872558594,5.736178874969482,705.3404074480059
1613.0,152.2373504638672,9.393177032470703,705.6116265110031
1614.0,359.6091003417969,12.181557655334473,705.8702702520095
1615.0,73.56908416748047,6.834763050079346,706.1494522650028
1616.0,133.0415496826172,8.162436485290527,706.3924355420022
1617.0,88.40435028076172,6.333057880401611,706.7052686740062
1618.0,134.04476928710938,8.638921737670898,707.0051635090058
1619.0,361.1847229003906,13.26286506652832,707.2657674050133
1620.0,376.53143310546875,11.967804908752441,707.5908022710064
1621.0,122.46489715576172,7.529245376586914,707.8736003290105
1622.0,302.9378967285156,13.630045890808105,708.1603705350135
1623.0,128.92428588867188,8.194093704223633,708.4282519120025
1624.0,391.7607116699219,15.101730346679688,708.779017154011
1625.0,103.29829406738281,7.527126789093018,709.1456718200061
1626.0,43.75617218017578,5.058760643005371,709.5140200770111
1627.0,160.59791564941406,8.737847328186035,709.8257519060135
1628.0,143.23834228515625,9.048929214477539,710.1642646719993
1629.0,93.61277770996094,7.181329727172852,710.4388025860098
1630.0,61.70732498168945,5.8375983238220215,710.741995910008
1631.0,107.16960144042969,8.172016143798828,711.0817594040127
1632.0,68.61431884765625,6.248083591461182,711.3593225020013
1633.0,60.574249267578125,5.621530532836914,711.6458402920107
1634.0,136.9236297607422,8.21430492401123,711.969913066001
1635.0,68.30284881591797,7.005924224853516,712.2624082980037
1636.0,32.32353210449219,4.5806097984313965,712.5119556190039
1637.0,295.78167724609375,11.776690483093262,712.8015353680094
1638.0,322.3338928222656,14.81084156036377,713.1145364290132
1639.0,57.77503204345703,5.847376346588135,713.5948904880061
1640.0,31.844240188598633,3.996041774749756,713.9086800610094
1641.0,57.690364837646484,6.241016387939453,714.2062570130074
1642.0,194.83470153808594,10.175840377807617,714.515205595002
1643.0,259.7862854003906,9.777570724487305,714.7806734270125
1644.0,48.08791732788086,5.009736061096191,715.0376512850053
1645.0,71.87364196777344,6.589297294616699,715.3259185770003
1646.0,38.12083435058594,4.919423580169678,715.6040560649999
1647.0,330.0346984863281,9.567641258239746,715.8873208300065
1648.0,71.09144592285156,6.5843119621276855,716.150263071002
1649.0,179.87957763671875,8.082064628601074,716.4376202040003
1650.0,205.9028778076172,7.29921817779541,716.7104879370017
1651.0,1476.3499755859375,30.230194091796875,716.9912577530049
1652.0,103.28446197509766,7.450800895690918,717.2811742110061
1653.0,46.75082778930664,5.648644924163818,717.5666808840033
1654.0,50.374351501464844,5.156035900115967,717.8305828459997
1655.0,68.66471862792969,6.431954860687256,718.1488842500112
1656.0,99.56350708007812,7.345844268798828,718.4602578910126
1657.0,288.9865417480469,13.421667098999023,718.7488824880129
1658.0,471.5923156738281,16.47199058532715,719.0458996950038
1659.0,81.3161392211914,7.671693325042725,719.3432826440112
1660.0,89.5285873413086,6.443601131439209,719.633818043003
1661.0,136.55364990234375,8.844442367553711,719.9083628540102
1662.0,25.460411071777344,3.5049548149108887,720.175173747004
1663.0,361.4007568359375,14.073796272277832,720.4675905860058
1664.0,128.95614624023438,8.612274169921875,720.7740275030083
1665.0,703.3474731445312,20.276161193847656,721.0290742790094
1666.0,458.37811279296875,18.458513259887695,721.2979792130063
1667.0,593.826416015625,20.27316665649414,721.5632976740017
1668.0,240.31480407714844,11.488546371459961,721.8473309020046
1669.0,166.3839569091797,9.803110122680664,722.1392887730035
1670.0,134.59326171875,8.782958984375,722.4005166150018
1671.0,109.1731948852539,8.191802978515625,722.6766313840053
1672.0,180.52212524414062,11.157382011413574,722.9496660240111
1673.0,459.3482971191406,11.158626556396484,723.2055052250071
1674.0,44.693885803222656,5.058238983154297,723.4678098480072
1675.0,279.3511657714844,12.102128028869629,723.7506507020007
1676.0,252.84579467773438,12.564058303833008,724.0228453270101
1677.0,30.27520751953125,4.2322821617126465,724.2786825550138
1678.0,273.2137756347656,13.080867767333984,724.5614070300071
1679.0,288.23077392578125,12.545178413391113,724.8282142680109
1680.0,213.55078125,10.486201286315918,725.1203546670004
1681.0,55.66489791870117,6.0422892570495605,725.3934990310081
1682.0,250.28147888183594,11.072087287902832,725.6730306570098
1683.0,113.7310791015625,7.741415500640869,725.9467194700119
1684.0,139.59912109375,9.547791481018066,726.2267897600104
1685.0,320.75384521484375,14.893769264221191,726.5076566450007
1686.0,199.40982055664062,10.750287055969238,726.7804716200044
1687.0,128.44944763183594,9.261736869812012,727.0974322160037
1688.0,73.98908233642578,6.801345348358154,727.4407192170038
1689.0,164.56935119628906,10.344867706298828,727.726702068001
1690.0,203.869873046875,9.434293746948242,728.0109420450026
1691.0,122.37870025634766,8.535866737365723,728.2926597580081
1692.0,75.52095794677734,7.198977947235107,728.5691694810084
1693.0,140.45240783691406,7.7584733963012695,728.84262553601
1694.0,492.9740295410156,17.24721908569336,729.0964306090027
1695.0,336.59954833984375,13.06257438659668,729.374523698003
1696.0,833.5772094726562,23.82535743713379,729.6546227510116
1697.0,141.53305053710938,7.771920204162598,729.9325906490121
1698.0,587.8392944335938,15.87203598022461,730.2082793940062
1699.0,31.77769660949707,4.400312423706055,730.504469684005
1700.0,189.97938537597656,10.70617389678955,730.7773502140044
1701.0,64.21238708496094,6.241503715515137,744.3200648470083
1702.0,741.9088134765625,19.27727508544922,744.6027084350062
1703.0,179.82899475097656,9.891278266906738,744.8949247160053
1704.0,105.58586883544922,8.288838386535645,745.1719504870125
1705.0,223.24085998535156,11.461505889892578,745.4452387130004
1706.0,85.90734100341797,7.214076995849609,745.7253854580049
1707.0,506.68890380859375,17.83608627319336,746.0035777910089
1708.0,389.9593811035156,17.23114776611328,746.2788379450067
1709.0,890.841552734375,25.48146629333496,746.5510439160134
1710.0,122.21464538574219,7.642632484436035,746.8126890100102
1711.0,140.5790252685547,10.237746238708496,747.0757502100023
1712.0,303.6112365722656,12.761314392089844,747.3552041190123
1713.0,36.41439437866211,4.6196699142456055,747.6459140060033
1714.0,70.58516693115234,6.296524524688721,747.9204952780128
1715.0,115.8538589477539,8.064743041992188,748.1938729060057
1716.0,389.2209777832031,14.14260196685791,748.4835528780095
1717.0,147.61819458007812,9.147643089294434,748.7770457400038
1718.0,385.0817565917969,13.355013847351074,749.0392734100024
1719.0,164.91844177246094,9.007341384887695,749.3334105350077
1720.0,157.421875,11.062417984008789,749.614720321013
1721.0,164.3332977294922,9.547599792480469,749.9002336850099
1722.0,353.705810546875,15.653878211975098,750.1892858880019
1723.0,104.08656311035156,7.580721855163574,750.4764029250073
1724.0,180.50396728515625,9.88160228729248,750.7552774130017
1725.0,57.654747009277344,6.3317084312438965,751.0385027670127
1726.0,102.64582061767578,7.374151706695557,751.3044594570092
1727.0,428.46923828125,17.85162925720215,751.5773618660023
1728.0,244.10635375976562,11.625712394714355,751.8487795170076
1729.0,198.72084045410156,10.307941436767578,752.1314939540025
1730.0,274.303955078125,11.087764739990234,752.4173796470131
1731.0,49.459617614746094,5.108041763305664,752.7126989420067
1732.0,115.38892364501953,7.3306074142456055,752.998829758013
1733.0,89.15167236328125,6.886562347412109,753.281428043003
1734.0,96.04135131835938,6.991491794586182,753.5576342999993
1735.0,109.68453216552734,6.98882532119751,753.8451478400093
1736.0,832.2250366210938,25.664230346679688,754.1198281550023
1737.0,52.18149185180664,5.744164943695068,754.381238314003
1738.0,670.7870483398438,20.89049530029297,754.6534947210021
1739.0,644.20556640625,19.21249771118164,754.9642811090016
1740.0,167.2106170654297,9.664080619812012,755.2294868190074
1741.0,218.744873046875,10.077102661132812,755.5160287200124
1742.0,54.8179931640625,6.095005989074707,755.8033437520062
1743.0,85.82417297363281,6.807099342346191,756.0644420140015
1744.0,252.5937042236328,12.448944091796875,756.3556361800001
1745.0,136.8959503173828,8.411144256591797,756.6233782400086
1746.0,98.69937896728516,7.02041482925415,756.9037468820025
1747.0,72.70925903320312,6.383627414703369,757.1795447879995
1748.0,73.4267807006836,6.151043891906738,757.4538671910123
1749.0,48.88174057006836,5.179954528808594,757.7156620110036
1750.0,211.8030242919922,12.136773109436035,757.978456531011
1751.0,35.691951751708984,4.780620098114014,758.2328694520111
1752.0,22.212413787841797,3.6997132301330566,758.5257756500068
1753.0,136.48089599609375,8.978170394897461,758.8226906630007
1754.0,151.4692840576172,9.302667617797852,759.0977109480009
1755.0,59.873878479003906,6.575466632843018,759.3831584270083
1756.0,203.66636657714844,10.678584098815918,759.6498575770092
1757.0,36.04156494140625,5.044658660888672,759.9280198800116
1758.0,40.488040924072266,5.174665451049805,760.2061245050136
1759.0,126.44993591308594,7.657766342163086,760.4879034040059
1760.0,388.4993591308594,11.22429370880127,760.7609775100136
1761.0,411.6553955078125,18.174089431762695,761.0438566670055
1762.0,1174.292724609375,30.983152389526367,761.3146129340021
1763.0,129.94004821777344,7.36959981918335,761.5985548099998
1764.0,338.3510437011719,17.35310173034668,761.884286052009
1765.0,84.18791198730469,7.152531623840332,762.1651674860041
1766.0,474.8324890136719,16.195724487304688,762.4493989770126
1767.0,72.49296569824219,6.571480751037598,762.7090969410056
1768.0,96.8558578491211,7.553340911865234,763.005978982008
1769.0,182.1156463623047,8.788948059082031,763.2854425990081
1770.0,176.23963928222656,8.875311851501465,763.5798756200093
1771.0,1862.479248046875,31.894977569580078,763.9265041640028
1772.0,110.05242156982422,6.715085983276367,764.2079440300004
1773.0,571.4447021484375,17.74489974975586,764.4769672270049
1774.0,72.77485656738281,6.110990524291992,764.752170562002
1775.0,175.8365936279297,8.566411018371582,765.0320559560059
1776.0,65.1725082397461,6.1902241706848145,765.3432044010115
1777.0,103.54020690917969,6.874650001525879,765.6293743560091
1778.0,190.9015350341797,10.239998817443848,765.9033630180056
1779.0,188.7235870361328,10.213143348693848,766.1989680460101
1780.0,202.9942169189453,11.748392105102539,766.4770740590029
1781.0,72.03530883789062,6.8474225997924805,766.7458685160091
1782.0,221.60211181640625,9.630911827087402,767.0285843340098
1783.0,141.63186645507812,9.280293464660645,767.3048981050088
1784.0,101.70877075195312,7.927150249481201,767.6468414830015
1785.0,1074.5501708984375,24.577428817749023,767.9343087640009
1786.0,149.3999786376953,9.666247367858887,768.2455253780063
1787.0,55.09183120727539,5.670845031738281,768.5190947240044
1788.0,118.9455795288086,6.48073148727417,768.836269159001
1789.0,65.57408142089844,6.516528606414795,769.1264288920065
1790.0,593.1448974609375,17.433300018310547,769.3930855030048
1791.0,107.25505065917969,8.291893005371094,769.6798025419994
1792.0,277.5221862792969,11.872598648071289,769.9942561560019
1793.0,34.05876159667969,4.51724910736084,770.2630185540038
1794.0,597.5260620117188,15.586210250854492,770.5547223200119
1795.0,111.09246826171875,7.307094573974609,770.8507581140002
1796.0,86.37322235107422,7.531413555145264,771.1601523050049
1797.0,372.78564453125,13.440574645996094,771.5256884020055
1798.0,162.9038543701172,9.761007308959961,771.7803280280059
1799.0,77.3079605102539,6.0225090980529785,772.1008114080032
1800.0,78.88163757324219,7.3008222579956055,772.4051097680058
1801.0,343.15576171875,13.684554100036621,786.9686211530061
1802.0,182.8455047607422,9.145877838134766,787.2470483800134
1803.0,243.92469787597656,12.199749946594238,787.510278561007
1804.0,83.73072052001953,7.406379699707031,787.7952431980084
1805.0,99.53287506103516,7.858883857727051,788.0879408050096
1806.0,258.0185241699219,12.915312767028809,788.3722458600096
1807.0,133.43344116210938,9.419610977172852,788.656131390002
1808.0,159.29270935058594,9.845291137695312,788.9539274680137
1809.0,165.009033203125,9.07873821258545,789.2167371480027
1810.0,120.28336334228516,7.504395961761475,789.5054586030019
1811.0,53.104454040527344,5.902377605438232,789.8116342730063
1812.0,277.0627746582031,10.489214897155762,790.0888570600073
1813.0,312.46978759765625,13.297365188598633,790.374202225008
1814.0,64.39604949951172,6.11037540435791,790.647532064002
1815.0,81.93609619140625,6.397894382476807,790.9128124300041
1816.0,57.26771545410156,5.815079212188721,791.19323333801
1817.0,121.08228302001953,8.099373817443848,791.4642997520132
1818.0,74.77643585205078,6.7336859703063965,791.7351125920104
1819.0,506.5968933105469,16.340017318725586,792.0429836050025
1820.0,137.35147094726562,8.706148147583008,792.3522002550017
1821.0,431.6882629394531,15.395751953125,792.6105334099993
1822.0,391.79998779296875,8.933023452758789,792.8710880080034
1823.0,339.40826416015625,10.942697525024414,793.1568722860102
1824.0,57.76325607299805,5.154634952545166,793.4495417140133
1825.0,101.92623901367188,8.032281875610352,793.7195335050055
1826.0,535.9594116210938,18.79532814025879,793.9826905490045
1827.0,118.43073272705078,8.140074729919434,794.2772378920054
1828.0,126.04431915283203,7.6174702644348145,794.5564919090102
1829.0,120.19491577148438,8.496224403381348,794.8040126900014
1830.0,178.2971649169922,8.437797546386719,795.0639422140084
1831.0,154.44827270507812,8.390130043029785,795.3465739870007
1832.0,164.04742431640625,9.243396759033203,795.6528878660029
1833.0,2091.343017578125,44.19683074951172,795.9288720770128
1834.0,1386.12353515625,28.050487518310547,796.1997523430036
1835.0,97.72531127929688,8.517633438110352,796.4790726130013
1836.0,85.62298583984375,6.476134300231934,796.7555384990119
1837.0,157.9199981689453,9.877813339233398,797.0265984090074
1838.0,48.80759811401367,5.505185604095459,797.2984947660007
1839.0,96.64520263671875,7.187432289123535,797.5678252130019
1840.0,124.85218048095703,9.630777359008789,797.8541762960085
1841.0,90.53944396972656,7.261605262756348,798.1254831240076
1842.0,215.5629119873047,9.833141326904297,798.3931073080021
1843.0,178.36781311035156,10.057007789611816,798.6724800490047
1844.0,59.481685638427734,5.922579288482666,798.9700154950115
1845.0,283.3062744140625,13.692285537719727,799.281383131005
1846.0,172.7427215576172,9.347463607788086,799.5634578510071
1847.0,112.40666198730469,8.442758560180664,799.8319539090007
1848.0,245.7357177734375,11.292227745056152,800.0969851030095
1849.0,293.57257080078125,13.182262420654297,800.3575384610012
1850.0,80.88321685791016,7.050370216369629,800.6282148740138
1851.0,30.430782318115234,4.280675411224365,800.9273851160106
1852.0,113.41519165039062,7.995502471923828,801.2125657100114
1853.0,56.11334228515625,5.535134315490723,801.5221637659997
1854.0,59.4540901184082,5.761729717254639,801.8097634389997
1855.0,129.55960083007812,8.716388702392578,802.1254835930013
1856.0,209.86529541015625,11.768701553344727,802.4043159670109
1857.0,80.5597915649414,6.794839859008789,802.7013183610106
1858.0,563.5792236328125,17.20661735534668,803.0063102670101
1859.0,35.11867141723633,4.391172885894775,803.2856264620059
1860.0,438.6675109863281,15.520566940307617,803.5617041040096
1861.0,515.2578125,15.9467134475708,803.8411055230099
1862.0,177.32566833496094,10.148505210876465,804.1143030260137
1863.0,239.98483276367188,12.171095848083496,804.3929498530051
1864.0,35.5637092590332,4.462817668914795,804.6673844690085
1865.0,103.17351531982422,8.082839965820312,804.9450183040026
1866.0,100.53201293945312,8.290764808654785,805.220635138001
1867.0,32.10976028442383,4.214803218841553,805.4836523730046
1868.0,49.86083221435547,5.161557674407959,805.7602910660062
1869.0,139.0609893798828,8.737972259521484,806.0429004960024
1870.0,103.96247100830078,7.618913173675537,806.3250301790104
1871.0,157.50177001953125,8.920656204223633,806.5880300490098
1872.0,151.7506866455078,9.290617942810059,806.8657059140096
1873.0,101.00408172607422,6.838750839233398,807.1588543820108
1874.0,38.384254455566406,4.475118160247803,807.4606845480012
1875.0,449.48736572265625,16.086271286010742,807.7595548840036
1876.0,35.39280319213867,4.544629096984863,808.0456122520118
1877.0,124.52669525146484,9.225934028625488,808.3637592830055
1878.0,148.51048278808594,10.448498725891113,808.6452570480033
1879.0,321.91400146484375,14.086470603942871,808.9241119380022
1880.0,255.6840362548828,12.480125427246094,809.1998187990102
1881.0,105.04591369628906,8.444561958312988,809.4677357440087
1882.0,62.936344146728516,6.845975399017334,809.7552075450076
1883.0,687.4083862304688,25.637500762939453,810.0324197590089
1884.0,64.01195526123047,5.758756637573242,810.3072305160022
1885.0,39.302391052246094,4.526548385620117,810.5573994750011
1886.0,62.94490432739258,5.899157524108887,810.8193942540092
1887.0,194.81141662597656,7.936498165130615,811.1030015390133
1888.0,89.79236602783203,7.05113410949707,811.4371364140097
1889.0,98.8511734008789,7.848464012145996,811.7072903560038
1890.0,48.4078369140625,5.105981826782227,811.986079210008
1891.0,909.0755004882812,23.14584732055664,812.2555925040069
1892.0,167.24656677246094,9.461556434631348,812.5526400810049
1893.0,350.7176208496094,15.620915412902832,812.8493446120119
1894.0,247.38095092773438,12.387409210205078,813.1298214150011
1895.0,105.3735580444336,7.616281509399414,813.4263572190102
1896.0,82.3373031616211,7.721494674682617,813.7257260600018
1897.0,248.52911376953125,11.339348793029785,813.9853262170072
1898.0,482.4007568359375,17.382463455200195,814.3098880700127
1899.0,200.61338806152344,9.56496810913086,814.6181109880126
1900.0,37.80317306518555,4.180298805236816,814.8829670840059
1901.0,267.367919921875,11.265816688537598,833.7175724180124
1902.0,51.756412506103516,5.353951454162598,833.9785614580032
1903.0,234.36245727539062,11.939003944396973,834.3514500440069
1904.0,344.90264892578125,13.382176399230957,834.6862404170097
1905.0,213.0372772216797,10.580090522766113,834.9706513570127
1906.0,121.88417053222656,7.0731072425842285,835.2536317330087
1907.0,155.39276123046875,8.77564811706543,835.530616878008
1908.0,35.775081634521484,4.365879058837891,835.8032535750099
1909.0,139.17672729492188,10.213920593261719,836.1111036620132
1910.0,382.8395080566406,16.931188583374023,836.4039470220014
1911.0,120.51565551757812,7.927285671234131,836.6722392970114
1912.0,32.738990783691406,4.438929557800293,836.9067859390052
1913.0,183.1884307861328,10.867429733276367,837.1682373850053
1914.0,202.86033630371094,10.808099746704102,837.4724104890047
1915.0,324.4949645996094,11.064172744750977,837.7305705270119
1916.0,501.9749755859375,16.93730354309082,838.0294450860092
1917.0,112.9583511352539,7.358778476715088,838.3158539040014
1918.0,124.58899688720703,9.700594902038574,838.5967640200106
1919.0,113.28630828857422,8.436586380004883,838.9090341010015
1920.0,156.49253845214844,8.066832542419434,839.223940034004
1921.0,178.83384704589844,9.91601848602295,839.5001368180092
1922.0,97.092041015625,7.756707668304443,839.7765660320001
1923.0,38.480220794677734,4.88438606262207,840.0649897780095
1924.0,299.5663146972656,12.617643356323242,840.3329840270017
1925.0,51.119606018066406,6.103259086608887,840.645352462001
1926.0,107.34695434570312,8.030781745910645,840.9337749090046
1927.0,46.1060676574707,5.265653610229492,841.2015595410048
1928.0,51.17943572998047,5.933330059051514,841.458891813003
1929.0,35.832061767578125,4.098571300506592,841.7537393830135
1930.0,114.77405548095703,6.900827884674072,842.0546058990003
1931.0,77.53174591064453,7.540867328643799,842.3319515660114
1932.0,244.97885131835938,12.29295825958252,842.6425857290014
1933.0,65.35974884033203,6.080811500549316,842.9148689510039
1934.0,46.212364196777344,5.304080486297607,843.3332680140011
1935.0,75.20504760742188,6.38293981552124,843.64809199101
1936.0,49.143524169921875,5.319094657897949,843.934930192001
1937.0,95.15608978271484,7.036496162414551,844.2344323640136
1938.0,193.9095458984375,8.828368186950684,844.5406969030009
1939.0,632.2407836914062,17.8341007232666,844.8351283180091
1940.0,199.94235229492188,9.724475860595703,845.1399099310074
1941.0,1291.9356689453125,25.4348201751709,845.4265068770037
1942.0,134.31991577148438,8.921910285949707,845.7278268060036
1943.0,296.70196533203125,10.932183265686035,846.0104233620077
1944.0,50.08123779296875,5.838311672210693,846.2786676950054
1945.0,110.92192077636719,8.303571701049805,846.5649599860044
1946.0,47.41938400268555,4.690789699554443,846.8330312350008
1947.0,55.66495132446289,5.111340045928955,847.1015950250003
1948.0,81.5212173461914,5.738450527191162,847.444117719002
1949.0,108.06452941894531,7.291177749633789,847.7268937840126
1950.0,251.50405883789062,13.322504043579102,848.0346591550042
1951.0,356.7894592285156,14.942152976989746,848.2868138850026
1952.0,258.9387512207031,12.75051498413086,848.573117812004
1953.0,236.82801818847656,11.329891204833984,848.8571976730018
1954.0,104.61736297607422,8.130853652954102,849.1585481930088
1955.0,133.1168670654297,8.099358558654785,849.4810871640075
1956.0,451.70220947265625,12.848804473876953,849.7836517310061
1957.0,97.34197998046875,7.657989978790283,850.0670169860095
1958.0,49.16580581665039,5.360527992248535,850.338486247012
1959.0,187.26449584960938,10.684906959533691,850.6260646209994
1960.0,29.884912490844727,3.7715394496917725,850.8782593770011
1961.0,50.27499008178711,5.2761712074279785,851.1652600500092
1962.0,89.17420959472656,7.586141109466553,851.4402633130085
1963.0,238.89097595214844,11.925044059753418,851.7239745340048
1964.0,610.73779296875,18.28836441040039,852.0140478920075
1965.0,129.6505126953125,6.654439926147461,852.300124862013
1966.0,384.2882385253906,15.552665710449219,852.6125383000035
1967.0,55.06851577758789,5.126745700836182,852.8966456769995
1968.0,151.08615112304688,8.527142524719238,853.1854812920064
1969.0,624.3594360351562,16.85092544555664,853.5121517920052
1970.0,160.4884490966797,8.787248611450195,853.8431585000071
1971.0,1012.7286987304688,23.37396240234375,854.1039535650052
1972.0,616.6822509765625,19.604677200317383,854.3591632870084
1973.0,127.52497100830078,8.841949462890625,854.6247245890117
1974.0,62.08700180053711,5.667354583740234,854.8944067530101
1975.0,567.103271484375,16.135038375854492,855.179681448004
1976.0,50.049713134765625,4.011282444000244,855.4852371820016
1977.0,116.55392456054688,7.453170299530029,855.7823835940071
1978.0,45.93541717529297,5.150824069976807,856.1033202170074
1979.0,83.04325866699219,6.83713960647583,856.3893045280129
1980.0,55.25597381591797,5.765158176422119,856.6596542010084
1981.0,39.64643096923828,4.807635307312012,856.9314555840101
1982.0,100.34330749511719,7.2852349281311035,857.2299992840126
1983.0,79.91118621826172,6.048819065093994,857.5150978110032
1984.0,45.75479507446289,4.480803966522217,857.7962443910073
1985.0,38.75244140625,5.0374250411987305,858.113084364013
1986.0,71.06847381591797,6.354823112487793,858.4229621150007
1987.0,60.49407958984375,5.764832019805908,858.7227656580071
1988.0,23.378950119018555,3.4437191486358643,859.0200807820074
1989.0,60.94508743286133,5.68171501159668,859.3162516900047
1990.0,32.116153717041016,4.31165885925293,859.6051524670038
1991.0,705.2660522460938,24.235727310180664,859.8917281650065
1992.0,160.92431640625,8.551114082336426,860.1938305710064
1993.0,68.37007141113281,6.539498329162598,860.4587813600083
1994.0,44.24859619140625,4.549427509307861,860.7343641230109
1995.0,134.7398681640625,8.89315128326416,861.0314466160053
1996.0,96.08761596679688,6.978776454925537,861.3163358940074
1997.0,32.22105026245117,4.3680620193481445,861.5504235420085
1998.0,36.32967758178711,4.994130611419678,861.8487655540084
1999.0,58.28200149536133,5.426578044891357,862.1979153230059
2000.0,160.8518524169922,9.001795768737793,862.521121156009
2001.0,91.58206939697266,6.402283668518066,878.007029350003
2002.0,463.6844177246094,16.880273818969727,878.2893388630036
2003.0,28.251888275146484,4.035028457641602,878.5967482230044
2004.0,63.53982162475586,6.138548374176025,878.9126284130034
2005.0,308.39849853515625,13.54319953918457,879.2215629510029
2006.0,401.4018249511719,13.647411346435547,879.5253582060104
2007.0,94.60468292236328,6.937930583953857,879.8363169670047
2008.0,61.03676223754883,6.73434591293335,880.1252201460011
2009.0,187.42982482910156,11.409782409667969,880.4313127330097
2010.0,219.79261779785156,10.218705177307129,880.7417593210121
2011.0,219.93544006347656,10.312061309814453,881.0395165540103
2012.0,59.62205505371094,6.0028557777404785,881.3331685940066
2013.0,375.9043884277344,13.848833084106445,881.6231549270015
2014.0,319.5780334472656,9.467185974121094,881.9393660260102
2015.0,158.1994171142578,10.818042755126953,882.2339095210045
2016.0,140.4716796875,10.608301162719727,882.6121200060006
2017.0,98.7451171875,8.155755996704102,882.9805947460118
2018.0,151.08863830566406,8.844307899475098,883.2598778810061
2019.0,52.97255325317383,5.677227020263672,883.5302043590054
2020.0,71.73287200927734,5.532595157623291,883.8231511750055
2021.0,36.944305419921875,4.575571537017822,884.1131578080094
2022.0,97.02839660644531,6.88221549987793,884.3849264150049
2023.0,228.5729522705078,10.487924575805664,884.6788436880015
2024.0,263.50439453125,10.142620086669922,884.98094193
2025.0,102.33114624023438,7.923032283782959,885.2624096210056
2026.0,258.1178894042969,11.338807106018066,885.537247419008
2027.0,83.41603088378906,7.277035713195801,885.8079968950042
2028.0,53.031394958496094,5.1742730140686035,886.1063597600005
2029.0,255.5899200439453,11.754284858703613,886.3809685800079
2030.0,87.0941390991211,6.594266891479492,886.6919196660019
2031.0,80.71295928955078,7.011155128479004,886.9916836350021
2032.0,308.1617126464844,9.942407608032227,887.2827662440104
2033.0,142.7445068359375,7.791764736175537,887.5785631140025
2034.0,248.0669403076172,12.673651695251465,887.8660312320135
2035.0,134.36700439453125,8.739645957946777,888.1436157230055
2036.0,96.40917205810547,7.3252177238464355,888.434139547011
2037.0,50.23705291748047,5.178862571716309,888.732516685006
2038.0,25.142229080200195,3.916637420654297,889.0136368320091
2039.0,27.5238094329834,3.8361876010894775,889.3019317670114
2040.0,142.7433624267578,9.002187728881836,889.5843534910091
2041.0,445.1598205566406,16.251733779907227,889.8489834750071
2042.0,122.61766052246094,8.832768440246582,890.1533283669996
2043.0,128.296142578125,9.483467102050781,890.4417556600092
2044.0,110.968994140625,7.502052307128906,890.7366981890082
2045.0,270.55859375,12.78597640991211,891.0370204790088
2046.0,105.88141632080078,6.637462615966797,891.3155505690083
2047.0,927.4302368164062,25.132600784301758,891.5929354700056
2048.0,167.74002075195312,10.120820999145508,891.871859085004
2049.0,136.4974365234375,8.878826141357422,892.1868239580072
2050.0,44.56005096435547,5.39388370513916,892.4780342560116
2051.0,188.15744018554688,8.97911262512207,892.7789670670027
2052.0,27.83301544189453,4.111623764038086,893.070821856003
2053.0,56.61132049560547,4.995803356170654,893.352155148008
2054.0,332.227783203125,12.675814628601074,893.7889664990071
2055.0,53.3177375793457,5.747230529785156,894.1369309380098
2056.0,78.01731872558594,5.855881690979004,894.3939930920023
2057.0,205.92068481445312,10.578261375427246,894.6629920120031
2058.0,170.2821044921875,9.575042724609375,894.9621570640011
2059.0,142.210205078125,9.151410102844238,895.2480210670037
2060.0,82.31871032714844,6.76199197769165,895.5456114810077
2061.0,78.43730926513672,7.154697895050049,895.836051907012
2062.0,358.9330139160156,15.872309684753418,896.1071286070073
2063.0,70.78884887695312,7.205635070800781,896.3836834440008
2064.0,159.30978393554688,8.641722679138184,896.6650393810123
2065.0,147.21678161621094,8.428468704223633,896.9484078230016
2066.0,90.29217529296875,6.824965476989746,897.240535615012
2067.0,117.83687591552734,5.541275501251221,897.5346163330105
2068.0,57.600440979003906,5.862427711486816,897.8131269330042
2069.0,60.54201126098633,5.968746185302734,898.1000318590086
2070.0,153.59593200683594,7.669212818145752,898.3859288590029
2071.0,79.37669372558594,5.953943252563477,898.6636952020053
2072.0,254.79193115234375,12.32837200164795,898.9557268970093
2073.0,110.79763793945312,8.406731605529785,899.2145093190047
2074.0,89.01388549804688,7.197754859924316,899.4865222920052
2075.0,569.8306884765625,18.74388313293457,899.7638250180025
2076.0,85.98439025878906,6.880373477935791,900.0630467310111
2077.0,44.1175422668457,5.226451396942139,900.3567556360067
2078.0,331.8992004394531,11.80339241027832,900.6333958150062
2079.0,146.4732208251953,10.231184959411621,900.9054225410073
2080.0,145.63616943359375,7.690591812133789,901.1727998920105
2081.0,53.937904357910156,6.342657566070557,901.4561045780138
2082.0,110.8406982421875,6.266831874847412,901.7270485620102
2083.0,70.02411651611328,5.805497646331787,902.0162405390001
2084.0,174.9336700439453,9.738368034362793,902.2936004720104
2085.0,106.19807434082031,6.709404468536377,902.5817037390079
2086.0,69.17932891845703,5.919976711273193,902.8572297440114
2087.0,32.73244094848633,4.3371806144714355,903.1324925310037
2088.0,451.5950622558594,11.445597648620605,903.4073311240063
2089.0,47.82681655883789,5.495248317718506,903.7008264380129
2090.0,116.41620635986328,8.26746940612793,903.9735502050025
2091.0,199.45376586914062,11.431327819824219,904.2570217850007
2092.0,138.8374786376953,8.131760597229004,904.5634785280126
2093.0,115.615966796875,8.353474617004395,904.8847758100019
2094.0,416.1276550292969,17.8066349029541,905.1715804050036
2095.0,1456.977294921875,33.141357421875,905.4572497830086
2096.0,96.71617889404297,7.3892388343811035,905.762959656
2097.0,61.07284927368164,6.040469169616699,906.0422397000075
2098.0,215.0814666748047,9.79096794128418,906.4367952430039
2099.0,108.96102142333984,8.396580696105957,906.7161723810132
2100.0,140.29148864746094,8.773819923400879,907.0082319810026
2101.0,219.8603515625,10.140779495239258,924.2330751050031
2102.0,49.362754821777344,5.722689628601074,924.5263253459998
2103.0,449.9613342285156,13.229752540588379,924.821954428
2104.0,125.59549713134766,8.790616035461426,925.1316895120108
2105.0,68.02947235107422,5.30237340927124,925.4533808440028
2106.0,58.59122085571289,5.325948238372803,925.7716161000135
2107.0,234.9219970703125,9.208707809448242,926.0773108620051
2108.0,83.64533996582031,6.45233154296875,926.3649950820109
2109.0,87.40486907958984,6.683530330657959,926.6658407620125
2110.0,208.0032958984375,11.41882038116455,926.9647487440088
2111.0,722.186767578125,23.955554962158203,927.2502204390039
2112.0,48.61642074584961,5.582839012145996,927.5235754590103
2113.0,177.13645935058594,9.456671714782715,927.8032549400086
2114.0,704.2913818359375,21.753990173339844,928.0612221390038
2115.0,58.33806610107422,5.387016773223877,928.356326802008
2116.0,826.103759765625,23.753910064697266,928.6301412330067
2117.0,202.44534301757812,8.370442390441895,928.9323349520128
2118.0,198.18023681640625,7.276894569396973,929.227435785011
2119.0,27.799428939819336,4.159810543060303,929.4799466380064
2120.0,89.13290405273438,6.640111923217773,929.7506677980127
2121.0,62.13166427612305,5.849679946899414,930.047689428
2122.0,156.7278289794922,8.27114486694336,930.3228851029999
2123.0,214.9478759765625,9.131139755249023,930.5840908750106
2124.0,29.052940368652344,3.9385485649108887,930.8463192820054
2125.0,180.9251708984375,11.176557540893555,931.1173242510122
2126.0,83.47894287109375,7.5151896476745605,931.4037416770007
2127.0,27.382434844970703,3.792083978652954,931.6991118570004
2128.0,34.08415603637695,4.408599853515625,931.9708763410017
2129.0,489.2482604980469,9.465559959411621,932.2686829880113
2130.0,105.7943115234375,7.409940242767334,932.56091457601
2131.0,26.036439895629883,3.5027379989624023,932.8446882880089
2132.0,104.75860595703125,7.9660468101501465,933.1304421620007
2133.0,275.5622863769531,10.704241752624512,933.4150885850104
2134.0,151.34165954589844,9.012283325195312,933.6816740300128
2135.0,71.77558135986328,6.090827941894531,933.9833897920034
2136.0,72.319091796875,6.56879997253418,934.2608520040085
2137.0,23.317319869995117,3.551295042037964,934.5545491170051
2138.0,296.40625,13.879995346069336,934.8554474020057
2139.0,427.00982666015625,13.829246520996094,935.119684766003
2140.0,151.96511840820312,9.768416404724121,935.41272605001
2141.0,204.21778869628906,11.339038848876953,935.7234918890026
2142.0,68.29203796386719,6.493830680847168,936.0424424299999
2143.0,249.56056213378906,10.326241493225098,936.3252917810023
2144.0,378.2289123535156,14.240752220153809,936.6263573360047
2145.0,87.93913269042969,7.964753150939941,936.9043306560052
2146.0,303.5511474609375,14.255325317382812,937.1638855530036
2147.0,133.87841796875,8.901228904724121,937.4362958030106
2148.0,114.66061401367188,7.966567516326904,937.751357044006
2149.0,136.7284698486328,8.550095558166504,938.0294580290065
2150.0,98.83071899414062,7.916830539703369,938.3234169120115
2151.0,133.10826110839844,8.297521591186523,938.5978599650116
2152.0,102.37185668945312,6.302367687225342,938.9333210390032
2153.0,1067.861083984375,32.2427978515625,939.2939050410059
2154.0,128.14988708496094,8.183206558227539,939.5685207410133
2155.0,52.3642692565918,5.320748329162598,939.9045054320013
2156.0,96.60228729248047,7.101846218109131,940.2051160230039
2157.0,88.47804260253906,6.203200817108154,940.5461208750057
2158.0,47.6131591796875,4.711664199829102,940.8608116470132
2159.0,90.83259582519531,8.255475997924805,941.2101078970009
2160.0,45.48820877075195,5.005405902862549,941.4721256440098
2161.0,105.09271240234375,6.335060119628906,941.7357960619993
2162.0,28.180194854736328,4.1202392578125,942.1077419740031
2163.0,75.44554138183594,6.840505599975586,942.4193353330047
2164.0,83.37406921386719,7.41119384765625,942.7129370170005
2165.0,40.85475540161133,5.325699806213379,942.9757824420085
2166.0,65.19880676269531,6.458245277404785,943.2634249870025
2167.0,702.4993896484375,19.385080337524414,943.5475419030117
2168.0,116.92898559570312,8.040781021118164,943.8632337380113
2169.0,116.12110137939453,10.182414054870605,944.1809703410108
2170.0,32.425418853759766,4.100244522094727,944.6636705700075
2171.0,612.8623046875,18.980876922607422,944.9534923110041
2172.0,188.48143005371094,10.88685131072998,945.2440943980037
2173.0,209.10018920898438,13.281256675720215,945.5349423360021
2174.0,122.92237854003906,8.131416320800781,945.8269602979999
2175.0,180.22406005859375,10.263141632080078,946.1179203650099
2176.0,274.5227355957031,12.428309440612793,946.4219063500059
2177.0,217.48089599609375,11.309865951538086,946.6905311650044
2178.0,219.2667999267578,8.729238510131836,946.9680103980063
2179.0,110.23970794677734,8.191971778869629,947.2521288030111
2180.0,48.931907653808594,5.041751384735107,947.5126697240048
2181.0,66.6871109008789,6.851174831390381,947.7865016390133
2182.0,36.52403259277344,4.574276924133301,948.1193823480135
2183.0,266.0685729980469,11.273155212402344,948.4159678860015
2184.0,52.08034133911133,4.6302056312561035,948.7366585270065
2185.0,296.4927062988281,12.818680763244629,949.1469427470001
2186.0,344.8652038574219,13.985726356506348,949.5371592760057
2187.0,150.52491760253906,7.0789361000061035,949.9479226910044
2188.0,92.90702819824219,6.505312442779541,950.3005010680063
2189.0,111.55382537841797,8.146819114685059,950.597381028012
2190.0,127.95243072509766,8.64005184173584,950.8856122050056
2191.0,234.3482208251953,11.942617416381836,951.189943453006
2192.0,302.7999572753906,10.901394844055176,951.5009021240112
2193.0,275.09014892578125,12.38090705871582,951.8004883750109
2194.0,70.50611114501953,5.75250768661499,952.0739722280123
2195.0,43.366905212402344,4.940541744232178,952.4017440650059
2196.0,95.52262878417969,7.826853275299072,952.6964136940078
2197.0,232.64932250976562,11.13619613647461,952.9735358850012
2198.0,409.990966796875,17.103839874267578,953.2591773310123
2199.0,52.0555534362793,5.415514945983887,953.5910990340053
2200.0,30.767885208129883,4.2241644859313965,953.9090452880046
2201.0,32.22693634033203,4.0480780601501465,970.1102302700019
2202.0,34.40973663330078,4.176989555358887,970.3826444590086
2203.0,57.2298583984375,5.508392810821533,970.6852943690028
2204.0,215.5595245361328,8.430093765258789,970.9854201320122
2205.0,71.05371856689453,6.5156660079956055,971.2947101380123
2206.0,103.41646575927734,5.8989996910095215,971.5526215310092
2207.0,58.25375747680664,5.051571846008301,971.9074480600102
2208.0,173.03585815429688,8.799253463745117,972.1922611960035
2209.0,147.1674041748047,9.571951866149902,972.5030942400044
2210.0,270.2540588378906,11.71789836883545,972.7934488850005
2211.0,197.90805053710938,11.147146224975586,973.0972491700086
2212.0,205.00473022460938,9.90816593170166,973.3706167199998
2213.0,270.0706481933594,9.518488883972168,973.6338024819997
2214.0,356.6403503417969,13.172335624694824,974.0228600890114
2215.0,138.1708526611328,10.256503105163574,974.3140175300068
2216.0,706.0772094726562,25.08868980407715,974.5969776410057
2217.0,232.08108520507812,11.214839935302734,974.9102795540093
2218.0,108.8424072265625,7.080346584320068,975.2108840330038
2219.0,111.72313690185547,8.082581520080566,975.5737194890098
2220.0,110.13263702392578,8.200366020202637,975.8560073180124
2221.0,46.74658966064453,5.541073799133301,976.191895756012
2222.0,86.25774383544922,6.519822597503662,976.5392846390023
2223.0,60.31560516357422,5.935271263122559,976.9505117540102
2224.0,77.10398864746094,4.438198089599609,977.2463871729997
2225.0,77.09848022460938,6.215412616729736,977.6375121650053
2226.0,45.606361389160156,5.030924320220947,977.9620817899995
2227.0,106.97592163085938,7.453697681427002,978.2292352700024
2228.0,167.3843536376953,8.47471809387207,978.5560622420016
2229.0,1002.5139770507812,24.899267196655273,978.8365980360104
2230.0,43.52194595336914,5.2655510902404785,979.1352947340056
2231.0,77.18804931640625,6.031248092651367,979.4160577350121
2232.0,162.19122314453125,8.565265655517578,979.7034877250117
2233.0,112.98011016845703,8.074179649353027,979.9818398320058
2234.0,125.04151153564453,8.694833755493164,980.3008153040137
2235.0,281.547607421875,10.4537353515625,980.5912100840069
2236.0,79.55731201171875,6.916930198669434,980.8879748770123
2237.0,228.30548095703125,11.26999568939209,981.2329446140066
2238.0,113.52165985107422,9.48359489440918,981.5816691910004
2239.0,119.99561309814453,8.38089370727539,981.891749323011
2240.0,210.3712921142578,9.063752174377441,982.1765468970116
2241.0,238.00645446777344,11.234383583068848,982.4892690190027
2242.0,147.0990753173828,8.975663185119629,982.9985398220015
2243.0,137.47186279296875,8.81016731262207,983.3167366550042
2244.0,87.09457397460938,5.769961357116699,983.6418863380095
2245.0,555.8270263671875,17.34988784790039,983.9178787500132
2246.0,37.50059509277344,5.056606292724609,984.2125090590125
2247.0,60.358917236328125,6.4605393409729,984.4752314950019
2248.0,63.5817756652832,6.1130170822143555,984.7318794670136
2249.0,77.01280975341797,5.796488285064697,985.0570298140083
2250.0,83.5082015991211,7.243441104888916,985.3425014480017
2251.0,60.47492218017578,5.908932685852051,985.6577488110051
2252.0,45.72863006591797,5.053323745727539,985.9628846940032
2253.0,207.9255828857422,9.788278579711914,986.3132403340132
2254.0,113.73677825927734,8.378946304321289,987.1280754620093
2255.0,89.62751007080078,6.1418070793151855,989.4588322410127
2256.0,98.26618194580078,7.93088436126709,989.9236991760117
2257.0,23.623016357421875,3.598180055618286,990.3179361500079
2258.0,127.3144302368164,8.604338645935059,990.6676268260053
2259.0,156.63514709472656,8.849555015563965,990.9533005310077
2260.0,182.0962677001953,9.240470886230469,991.2626879160089
2261.0,141.0004119873047,8.044232368469238,991.5853021940129
2262.0,50.72995376586914,5.014189720153809,991.8583920310048
2263.0,89.21160888671875,7.070728778839111,992.1604468740115
2264.0,54.12316131591797,6.511214733123779,992.4904533830122
2265.0,88.62847900390625,7.050596237182617,992.7766397180094
2266.0,53.28385543823242,5.091104030609131,993.0508969580114
2267.0,171.9964141845703,8.69200325012207,993.316922115002
2268.0,115.13273620605469,7.412172794342041,993.7100026410044
2269.0,23.526636123657227,3.27767014503479,994.0330066690076
2270.0,70.23881530761719,5.770340442657471,994.3120622860006
2271.0,154.9447479248047,9.454505920410156,994.6228861230047
2272.0,108.2979965209961,6.41020393371582,994.9836816110037
2273.0,192.1602325439453,10.837674140930176,995.3058157160121
2274.0,109.38005828857422,8.169798851013184,995.6540547530021
2275.0,116.55931854248047,8.240260124206543,995.9515706820093
2276.0,99.14974212646484,6.808107852935791,996.2890858240135
2277.0,58.286643981933594,5.547938346862793,996.558319445001
2278.0,54.26603698730469,5.321043014526367,996.8484783530002
2279.0,80.08074188232422,6.019320964813232,997.1459179869998
2280.0,26.03351402282715,3.6257340908050537,997.4715552110138
2281.0,36.05201721191406,4.118539810180664,997.7828730750043
2282.0,219.18106079101562,10.040047645568848,998.1621416750131
2283.0,47.21725082397461,4.7926130294799805,998.5226663030044
2284.0,486.9609069824219,18.05225372314453,998.8626974070066
2285.0,193.44725036621094,9.294692039489746,999.2167608620075
2286.0,203.6176300048828,10.451399803161621,999.4767079420126
2287.0,36.27524948120117,4.631222724914551,999.7495548370061
2288.0,42.3869514465332,4.463409900665283,1000.0384902000078
2289.0,86.17256164550781,5.841709613800049,1000.3639980139997
2290.0,37.60733413696289,5.03540563583374,1000.687757385007
2291.0,69.36727142333984,6.02426815032959,1000.983026079004
2292.0,96.12203979492188,7.464616298675537,1001.2777321380127
2293.0,32.27479553222656,4.550280570983887,1001.5898506610101
2294.0,57.130062103271484,5.471508979797363,1001.8958147060039
2295.0,28.21420669555664,4.218628883361816,1002.2016642980016
2296.0,41.610050201416016,4.688052654266357,1002.5187476600113
2297.0,308.5948486328125,14.079431533813477,1002.8507285030064
2298.0,193.73751831054688,10.004889488220215,1003.1752505660115
2299.0,174.7648468017578,9.91237735748291,1003.5242205240065
2300.0,184.73147583007812,9.518165588378906,1003.7856732490036
2301.0,43.902034759521484,4.792179107666016,1023.1544491850073
2302.0,207.40798950195312,9.61060619354248,1023.423631402009
2303.0,237.98446655273438,9.251376152038574,1023.7319513880066
2304.0,344.4556579589844,12.256632804870605,1024.1867943130055
2305.0,57.35706329345703,5.602707862854004,1024.464326515008
2306.0,385.69195556640625,11.708497047424316,1024.7580250950123
2307.0,196.54629516601562,10.43724250793457,1025.0475519950123
2308.0,106.58184814453125,7.437008857727051,1025.3827731950005
2309.0,223.16110229492188,11.835177421569824,1025.6948907730111
2310.0,258.9173583984375,11.161164283752441,1026.003083765012
2311.0,106.3784408569336,7.574375152587891,1026.2948097280023
2312.0,259.56439208984375,11.892511367797852,1026.6091324240115
2313.0,201.12954711914062,10.3368501663208,1027.0710104860045
2314.0,845.974609375,21.669841766357422,1027.387966719005
2315.0,116.43802642822266,8.697836875915527,1027.6687171610101
2316.0,121.82842254638672,8.007254600524902,1027.9818807040137
2317.0,49.450984954833984,5.019155025482178,1028.342166413
2318.0,134.63307189941406,8.872713088989258,1028.6848931429995
2319.0,120.51117706298828,8.326070785522461,1029.0167539870017
2320.0,138.6666717529297,8.56994915008545,1029.3048055149993
2321.0,76.11589050292969,5.5304436683654785,1029.602392306013
2322.0,234.1221160888672,10.683525085449219,1029.9206036100077
2323.0,52.69934844970703,5.8590288162231445,1030.2534101820056
2324.0,781.64404296875,22.80970573425293,1030.5553433960013
2325.0,250.9750213623047,11.142724990844727,1030.8516238260054
2326.0,131.34848022460938,8.306955337524414,1031.1618327830074
2327.0,90.80619049072266,5.70907735824585,1031.4866861129995
2328.0,64.2802505493164,5.623217582702637,1031.7820703650068
2329.0,81.6275634765625,6.336610317230225,1032.09893439
2330.0,337.79412841796875,10.160685539245605,1032.3668877060118
2331.0,133.62046813964844,9.11133861541748,1032.6155243050016
2332.0,97.13320922851562,7.442873954772949,1032.8987099299993
2333.0,412.5130615234375,13.248072624206543,1033.2478999960003
2334.0,90.75589752197266,7.862285614013672,1033.588748831011
2335.0,51.33950424194336,5.195308208465576,1033.9099087750074
2336.0,53.212276458740234,5.065604209899902,1034.2705400000123
2337.0,30.446252822875977,4.0767717361450195,1034.5941328100016
2338.0,81.42195129394531,6.64397668838501,1034.9582523030112
2339.0,103.9049301147461,8.026806831359863,1035.267321479012
2340.0,47.40904998779297,4.880755424499512,1035.5697602400032
2341.0,82.32992553710938,7.708117961883545,1035.8384086400038
2342.0,179.60675048828125,9.254508018493652,1036.1613584610022
2343.0,93.51378631591797,7.20810604095459,1036.4895272100111
2344.0,41.723533630371094,5.235042095184326,1036.7873220860056
2345.0,311.2721862792969,10.806035041809082,1037.1010460810066
2346.0,470.6230773925781,15.360587120056152,1037.3822489650047
2347.0,46.73937225341797,5.015377521514893,1037.7007938950119
2348.0,49.15827560424805,6.107016086578369,1038.0489038660016
2349.0,136.85165405273438,8.212331771850586,1038.3335979820113
2350.0,573.6525268554688,21.90237808227539,1038.6146682670078
2351.0,174.17042541503906,11.293791770935059,1038.8881273230072
2352.0,384.1057434082031,14.842453956604004,1039.1808454160055
2353.0,358.40374755859375,12.077692031860352,1039.4437359810108
2354.0,89.6885986328125,7.100883960723877,1039.7307864460017
2355.0,119.5845947265625,7.918141841888428,1040.0277842720097
2356.0,24.461177825927734,3.8775389194488525,1040.3402380130137
2357.0,44.91358184814453,5.347720146179199,1040.6015812100086
2358.0,419.71136474609375,14.321792602539062,1040.9100503030058
2359.0,68.79615783691406,5.692796230316162,1041.227395660011
2360.0,135.36703491210938,6.994275093078613,1041.5104597300087
2361.0,41.027896881103516,4.71960973739624,1041.7903064540005
2362.0,32.82844543457031,4.109543323516846,1042.0769438330026
2363.0,110.89970397949219,7.7828497886657715,1042.3749069970072
2364.0,83.96573638916016,6.34920597076416,1042.6616702989995
2365.0,43.015472412109375,5.322968006134033,1042.9635158770107
2366.0,58.0020866394043,5.368580341339111,1043.2472328420117
2367.0,143.4252166748047,9.43546199798584,1043.5595267010067
2368.0,277.17138671875,10.605513572692871,1043.841370471011
2369.0,41.54307174682617,5.03791618347168,1044.140221025009
2370.0,21.125030517578125,3.6357223987579346,1044.4591029030125
2371.0,951.9990234375,21.2042236328125,1044.740744448005
2372.0,156.42385864257812,7.73723030090332,1045.0492977720132
2373.0,31.869773864746094,4.695598602294922,1045.333398355011
2374.0,168.04510498046875,8.512206077575684,1045.6099688370014
2375.0,162.6996612548828,10.111766815185547,1045.9140905240056
2376.0,74.74072265625,6.285679340362549,1046.2212551830016
2377.0,133.00387573242188,7.86539363861084,1046.5337964400096
2378.0,61.72121810913086,5.8607635498046875,1046.8232408940094
2379.0,97.9547119140625,7.290497303009033,1047.1028657330025
2380.0,153.63250732421875,10.739527702331543,1047.3670977560105
2381.0,91.43046569824219,6.7718505859375,1047.656669133008
2382.0,349.31304931640625,10.34070873260498,1047.9707424549997
2383.0,220.4606475830078,11.238066673278809,1048.2873025060107
2384.0,108.85538482666016,8.115959167480469,1048.5940758590004
2385.0,70.47978210449219,6.413626670837402,1049.0823955100059
2386.0,128.86297607421875,8.177079200744629,1049.3372395080078
2387.0,66.07704162597656,5.9304609298706055,1049.641814306
2388.0,42.1224250793457,4.83128547668457,1049.973387793012
2389.0,30.833110809326172,4.182183742523193,1050.311241111005
2390.0,44.85675811767578,4.487196922302246,1050.692611208011
2391.0,225.42335510253906,9.130270004272461,1051.0469647280115
2392.0,70.3356704711914,6.441289901733398,1051.3458365240076
2393.0,28.675556182861328,3.921812057495117,1051.667352245
2394.0,164.3555145263672,8.16110610961914,1052.0043912300025
2395.0,32.70317840576172,4.065472602844238,1052.4499003140081
2396.0,212.72708129882812,9.108494758605957,1052.8711364990013
2397.0,129.16331481933594,8.8419828414917,1053.1821227570035
2398.0,136.72035217285156,9.957025527954102,1053.461933864004
2399.0,131.4120635986328,7.8748273849487305,1053.7986194050027
2400.0,122.33065795898438,8.761303901672363,1054.1025105280132
2401.0,60.93671798706055,5.761142253875732,1069.4530392000015
2402.0,253.14125061035156,12.30895709991455,1069.749562817
2403.0,82.26475524902344,7.153480052947998,1070.0477448050078
2404.0,61.07801055908203,5.433891296386719,1070.353843090008
2405.0,119.00194549560547,8.185761451721191,1070.6876311130036
2406.0,58.400413513183594,5.050909519195557,1071.017639488011
2407.0,1026.9658203125,23.8482666015625,1071.3260047910007
2408.0,90.6689682006836,7.393398761749268,1071.680633504002
2409.0,144.2745361328125,8.090981483459473,1072.0519338540034
2410.0,1369.0552978515625,31.665943145751953,1072.3711490429996
2411.0,96.38691711425781,7.301995277404785,1072.7525379889994
2412.0,242.2164306640625,12.0258150100708,1073.1068092710047
2413.0,71.63475036621094,5.648035526275635,1073.4587867640075
2414.0,495.8616638183594,13.932250022888184,1073.7985628490133
2415.0,21.580001831054688,3.5345985889434814,1074.1687354960013
2416.0,279.50042724609375,11.600279808044434,1074.4797118200077
2417.0,56.56666946411133,5.263932228088379,1074.7958177770051
2418.0,156.7699432373047,10.288090705871582,1075.151560172002
2419.0,242.52505493164062,10.91453742980957,1075.4865702550014
2420.0,72.07264709472656,5.5250043869018555,1075.806146338
2421.0,117.1677017211914,7.407318592071533,1076.1232447580114
2422.0,248.03607177734375,11.447049140930176,1076.4920213250007
2423.0,70.681396484375,5.5350823402404785,1076.7988363660115
2424.0,115.79524230957031,7.335964679718018,1077.097173717004
2425.0,130.6446075439453,8.559176445007324,1077.4128644510056
2426.0,55.951385498046875,6.275715351104736,1077.7287180450076
2427.0,40.21864318847656,4.676102638244629,1078.0449391690054
2428.0,52.95611572265625,5.347265720367432,1078.3483276730112
2429.0,123.63928985595703,8.12875747680664,1078.6386992650077
2430.0,325.4594421386719,12.29953670501709,1078.9129036520026
2431.0,77.79463958740234,5.793607711791992,1079.201738615011
2432.0,183.51364135742188,9.364934921264648,1079.4725906500098
2433.0,77.3747329711914,7.895930290222168,1079.775873606006
2434.0,89.51476287841797,6.782310962677002,1080.0569578150025
2435.0,176.52719116210938,11.216107368469238,1080.3565866660065
2436.0,45.014137268066406,5.693813323974609,1080.6299726780126
2437.0,124.04425048828125,6.038400650024414,1080.9158790870133
2438.0,82.39946746826172,6.546901702880859,1081.1998763750016
2439.0,770.6026611328125,27.22087860107422,1081.4738467350107
2440.0,58.26569366455078,5.378583908081055,1081.7614948180126
2441.0,277.5911560058594,12.3090238571167,1082.0368533460132
2442.0,58.3110237121582,5.096428871154785,1082.3220798210095
2443.0,65.71746063232422,5.532217502593994,1082.6099874040083
2444.0,34.75321578979492,4.635697841644287,1082.8947648110043
2445.0,108.38793182373047,6.574387550354004,1083.1447042670043
2446.0,19.402164459228516,3.3440864086151123,1083.4532379640004
2447.0,112.33588409423828,6.568188667297363,1083.7520648870122
2448.0,91.48054504394531,7.458200454711914,1084.0138141200005
2449.0,47.56536865234375,5.743242263793945,1084.2994882140047
2450.0,35.59596252441406,5.054159641265869,1084.5758729040099
2451.0,57.2371826171875,5.690805912017822,1084.8672457370121
2452.0,22.43143653869629,3.7556865215301514,1085.1586704390065
2453.0,213.8782501220703,9.11398696899414,1085.4351449370006
2454.0,48.027339935302734,5.060654640197754,1085.6948285350081
2455.0,87.13187408447266,6.833242893218994,1085.9776204690133
2456.0,62.72459030151367,6.720352649688721,1086.2779559170012
2457.0,307.3887634277344,10.325470924377441,1086.5520105940086
2458.0,25.868452072143555,3.478778600692749,1086.8994161780138
2459.0,62.05098342895508,6.180276870727539,1087.203949465009
2460.0,60.240779876708984,4.8308634757995605,1087.4857337700087
2461.0,91.58263397216797,6.3202385902404785,1087.8037609160092
2462.0,129.10877990722656,7.406364440917969,1088.0850655800023
2463.0,430.56695556640625,16.552125930786133,1088.3957291120023
2464.0,156.0275115966797,8.508012771606445,1088.7155298790021
2465.0,22.504314422607422,4.125948429107666,1089.0190029140067
2466.0,69.87943267822266,6.1875410079956055,1089.2969692110055
2467.0,318.0349426269531,12.329606056213379,1089.5866006569995
2468.0,252.92054748535156,11.182636260986328,1089.856498691006
2469.0,130.12916564941406,8.650538444519043,1090.128640136012
2470.0,242.03025817871094,9.828751564025879,1090.423258890005
2471.0,106.8287124633789,6.5859246253967285,1090.7509738010122
2472.0,169.2228546142578,5.9911088943481445,1091.029453264011
2473.0,168.3212127685547,8.28671646118164,1091.325520644008
2474.0,85.62442016601562,5.488078594207764,1091.6262536240101
2475.0,52.75960159301758,5.304171085357666,1091.9637595470122
2476.0,40.33662033081055,4.912739276885986,1092.2736463990004
2477.0,190.3913116455078,10.148760795593262,1092.5802243390062
2478.0,47.17585372924805,4.412732124328613,1092.960174441003
2479.0,159.4195098876953,7.753469944000244,1093.2660675220104
2480.0,29.216291427612305,3.994213581085205,1093.529480572004
2481.0,109.65606689453125,7.505735874176025,1093.8343678340025
2482.0,41.887611389160156,5.809813976287842,1094.1007019690005
2483.0,165.0736541748047,10.852326393127441,1094.5071072820137
2484.0,133.3065643310547,8.877771377563477,1094.7800775790092
2485.0,554.3060302734375,16.843570709228516,1095.0616834490065
2486.0,99.69824981689453,7.534825325012207,1095.3303902600019
2487.0,31.598983764648438,4.342404842376709,1095.5944532430003
2488.0,59.091529846191406,5.912140369415283,1095.8666520260012
2489.0,60.54100799560547,5.615362167358398,1096.1436994840042
2490.0,100.34420776367188,6.621840476989746,1096.412299128002
2491.0,392.7960205078125,13.090840339660645,1096.7183196240076
2492.0,32.33021926879883,4.224969863891602,1096.9967716020037
2493.0,285.3216552734375,13.070552825927734,1097.2807529340062
2494.0,97.35503387451172,6.566859245300293,1097.5857025790028
2495.0,154.3472900390625,8.267433166503906,1097.9006526779995
2496.0,49.29499053955078,6.014636039733887,1098.185468126001
2497.0,115.6319808959961,7.351211071014404,1098.4743416800047
2498.0,128.23959350585938,7.397031307220459,1098.8113785940077
2499.0,82.96175384521484,6.5254130363464355,1099.112319523003
2500.0,42.51258087158203,4.603524684906006,1099.4036904020031
2501.0,116.98587799072266,7.787969589233398,1113.1890744590055
2502.0,27.997346878051758,4.040169715881348,1113.4874639629998
2503.0,78.50965881347656,6.711266994476318,1113.8048797420051
2504.0,74.4961166381836,6.688357830047607,1114.1378226610104
2505.0,241.43536376953125,11.392827033996582,1114.4342964550015
2506.0,57.075958251953125,5.516451358795166,1114.718044844005
2507.0,63.27913284301758,5.839641571044922,1115.0115734890132
2508.0,43.72268295288086,4.825625896453857,1115.3035551610083
2509.0,58.73133087158203,6.110710144042969,1115.584537904011
2510.0,89.77779388427734,5.654580593109131,1115.859253527
2511.0,152.6247100830078,6.862153053283691,1116.1121685140097
2512.0,53.871864318847656,5.684234142303467,1116.4083147040074
2513.0,260.92401123046875,12.151897430419922,1116.702601625002
2514.0,162.4019012451172,10.372647285461426,1116.9806201370084
2515.0,249.6256561279297,12.012456893920898,1117.2817273990077
2516.0,309.5269775390625,13.714553833007812,1117.5579509760137
2517.0,179.76637268066406,9.38503646850586,1117.8590421240078
2518.0,140.35426330566406,9.608133316040039,1118.1516648399993
2519.0,338.7856750488281,12.822052001953125,1118.4642291380005
2520.0,37.43405532836914,4.675220966339111,1118.7831219200016
2521.0,210.6883087158203,9.174945831298828,1119.1744963070087
2522.0,141.58091735839844,9.283417701721191,1119.541871997004
2523.0,160.76683044433594,8.859533309936523,1119.856627319008
2524.0,54.27323913574219,5.123635292053223,1120.1222477289994
2525.0,60.4520149230957,6.214727878570557,1120.378613028006
2526.0,1305.265380859375,29.200231552124023,1120.6432513770123
2527.0,37.581241607666016,4.525235176086426,1120.945032639007
2528.0,79.6861801147461,6.349227428436279,1121.2384546650137
2529.0,131.196533203125,8.849481582641602,1121.5759036240052
2530.0,125.73217010498047,7.981582164764404,1121.88822071701
2531.0,785.080810546875,23.134370803833008,1122.275741579011
2532.0,133.41156005859375,8.784480094909668,1122.5482790860115
2533.0,25.87324333190918,3.7894957065582275,1122.857879247007
2534.0,147.23037719726562,9.194673538208008,1123.157230478013
2535.0,33.88948440551758,4.507726669311523,1123.506281539012
2536.0,161.4805450439453,10.016096115112305,1123.8097296470078
2537.0,81.61598205566406,6.717347145080566,1124.1596720280068
2538.0,92.4144058227539,7.217846870422363,1124.4971332330024
2539.0,99.56161499023438,7.635839462280273,1124.848433793013
2540.0,134.88973999023438,8.833041191101074,1125.2327934340137
2541.0,106.21092987060547,7.476561069488525,1125.6318322290026
2542.0,139.64744567871094,8.088916778564453,1125.978129878
2543.0,108.29817199707031,7.657432556152344,1126.2890929490095
2544.0,140.7487030029297,6.626016139984131,1126.6109811310016
2545.0,91.63848876953125,6.767314910888672,1126.9343344220106
2546.0,121.19133758544922,8.877873420715332,1127.2635046220093
2547.0,511.908203125,15.189390182495117,1127.5608664130123
2548.0,402.5663146972656,18.27920913696289,1127.8558722279995
2549.0,18.29712677001953,2.9542675018310547,1128.1548269280029
2550.0,196.79527282714844,9.836875915527344,1128.489881171001
2551.0,196.43377685546875,11.486892700195312,1128.8372655060084
2552.0,28.655202865600586,4.103588581085205,1129.116445861
2553.0,79.26421356201172,6.960450649261475,1129.4009327960084
2554.0,82.79607391357422,6.596019744873047,1129.705809979001
2555.0,686.7813720703125,17.912933349609375,1130.010359914013
2556.0,242.71861267089844,13.917105674743652,1130.310142332004
2557.0,139.1137237548828,7.199370861053467,1130.6097216500057
2558.0,115.99862670898438,6.749748229980469,1130.8965991410078
2559.0,190.4739990234375,9.191107749938965,1131.2088383670052
2560.0,45.240848541259766,5.063272476196289,1131.5075913190085
2561.0,68.15769958496094,6.317636013031006,1131.7925028030004
2562.0,94.01828002929688,7.453189373016357,1132.0618298480113
2563.0,328.54083251953125,10.482797622680664,1132.3430148690095
2564.0,27.729825973510742,4.182501316070557,1132.641517837008
2565.0,78.55751037597656,6.333163738250732,1132.947615544006
2566.0,21.208011627197266,3.62218976020813,1133.2302299510047
2567.0,63.446590423583984,5.971774101257324,1133.5389631080034
2568.0,118.8642807006836,9.032611846923828,1133.8393294580019
2569.0,400.94073486328125,13.103811264038086,1134.1199891319993
2570.0,69.0727767944336,6.101015090942383,1134.4076061540109
2571.0,285.7764892578125,10.665477752685547,1134.6908749710128
2572.0,64.60839080810547,6.510307312011719,1134.97454501201
2573.0,156.69004821777344,9.683320045471191,1135.2787304000085
2574.0,65.65412902832031,5.173409938812256,1135.563955140009
2575.0,57.03865432739258,6.00112771987915,1135.867458861001
2576.0,148.2689666748047,8.932791709899902,1136.1149504030036
2577.0,194.2995147705078,9.751823425292969,1136.4410340310133
2578.0,171.5348358154297,8.980086326599121,1136.739153552
2579.0,90.93254089355469,7.227757453918457,1137.047822396009
2580.0,25.89090919494629,3.790677547454834,1137.3352415789996
2581.0,43.5694580078125,4.81894588470459,1137.6218318610045
2582.0,51.83138656616211,4.918737888336182,1137.9203060620057
2583.0,112.58521270751953,8.519123077392578,1138.216156665003
2584.0,86.53631591796875,5.766902923583984,1138.521536721004
2585.0,165.76214599609375,9.29084300994873,1138.800064821
2586.0,144.4054412841797,8.117561340332031,1139.123606240013
2587.0,445.67999267578125,15.371623039245605,1139.4185096310102
2588.0,162.42713928222656,9.522729873657227,1139.7013935550058
2589.0,32.04684066772461,4.487339496612549,1139.9970026640076
2590.0,34.90398406982422,4.5964202880859375,1140.2902583510004
2591.0,122.92921447753906,5.48091983795166,1140.5660454160097
2592.0,134.724609375,8.01066780090332,1140.8613344370096
2593.0,2151.43701171875,40.30036926269531,1141.1526712500054
2594.0,121.47021484375,6.980502128601074,1141.4468216180103
2595.0,203.2877655029297,10.627690315246582,1141.721450957004
2596.0,113.16647338867188,7.0207695960998535,1142.006169381013
2597.0,188.8342742919922,11.53143310546875,1142.2867636190058
2598.0,81.05569458007812,6.137435436248779,1142.5861347360042
2599.0,29.791690826416016,3.7416317462921143,1142.8609336630034
2600.0,65.22381591796875,6.0492844581604,1143.1240795610065
2601.0,65.143798828125,5.555180549621582,1157.8563074500125
2602.0,58.380104064941406,4.968644618988037,1158.1389680830034
2603.0,206.74783325195312,9.923192977905273,1158.4262386240007
2604.0,98.55838775634766,6.213689804077148,1158.7146432480076
2605.0,54.843299865722656,5.245586395263672,1159.0016002730117
2606.0,50.215152740478516,5.3554368019104,1159.2811465060076
2607.0,92.33223724365234,6.954827308654785,1159.5576117870078
2608.0,82.99127197265625,7.035184383392334,1159.836660718007
2609.0,41.94023895263672,4.489109039306641,1160.13646353301
2610.0,113.220703125,6.991631984710693,1160.4185138340108
2611.0,702.5401000976562,17.896738052368164,1160.7042656200065
2612.0,203.52459716796875,9.608816146850586,1161.007776908009
2613.0,142.168212890625,8.985359191894531,1161.3010101120017
2614.0,77.54582214355469,6.977762222290039,1161.5963665810123
2615.0,35.660316467285156,4.638204097747803,1161.8999815520074
2616.0,172.9762420654297,9.995560646057129,1162.1985179030016
2617.0,175.36376953125,10.62998104095459,1162.4643277630094
2618.0,182.19541931152344,9.770543098449707,1162.7637594240077
2619.0,53.32951354980469,5.4195332527160645,1163.0509928850079
2620.0,125.69231414794922,8.698531150817871,1163.3294702470012
2621.0,120.40043640136719,8.686508178710938,1163.6255222700129
2622.0,168.78492736816406,8.8772554397583,1163.9335154280125
2623.0,20.75214195251465,3.2158122062683105,1164.2197801210132
2624.0,69.76856231689453,5.425418853759766,1164.5124276220013
2625.0,416.168701171875,12.831762313842773,1164.8066522200097
2626.0,72.29069519042969,6.886853218078613,1165.0595657420054
2627.0,299.5342712402344,11.725521087646484,1165.3556102740113
2628.0,195.04237365722656,10.938146591186523,1165.6357653630112
2629.0,185.0321807861328,8.234874725341797,1165.904023133
2630.0,229.8273468017578,11.169188499450684,1166.1882730080106
2631.0,129.21083068847656,7.961752891540527,1166.5022573430033
2632.0,77.64844512939453,5.397211074829102,1166.854297968006
2633.0,190.2738800048828,10.782622337341309,1167.131509334009
2634.0,108.76941680908203,6.58894157409668,1167.4147731850098
2635.0,41.22134017944336,4.735013961791992,1167.7186004180112
2636.0,92.16326904296875,6.806733131408691,1168.0165118620062
2637.0,305.777587890625,10.682719230651855,1168.274483804009
2638.0,117.32884979248047,6.272009372711182,1168.5471325290127
2639.0,75.56319427490234,6.125173568725586,1168.8448534570052
2640.0,163.73643493652344,10.511125564575195,1169.135140235012
2641.0,402.504150390625,11.516371726989746,1169.4278880710044
2642.0,20.028152465820312,3.336308479309082,1169.70342252501
2643.0,29.214584350585938,4.014463901519775,1170.0201615250116
2644.0,34.77185821533203,4.178402900695801,1170.287955153006
2645.0,46.943058013916016,5.238266944885254,1170.6045629690052
2646.0,47.182518005371094,4.824786186218262,1170.9193409330037
2647.0,1142.1895751953125,31.5565242767334,1171.1981161030126
2648.0,148.49871826171875,6.999454021453857,1171.4725351190136
2649.0,112.34420013427734,6.4932990074157715,1171.7440487470012
2650.0,21.759763717651367,3.465919017791748,1172.0262765030056
2651.0,136.5618133544922,7.8254194259643555,1172.3667224090023
2652.0,97.82571411132812,7.771900177001953,1172.6529728840105
2653.0,112.4828109741211,6.649121284484863,1172.9251122160058
2654.0,188.7438507080078,8.818679809570312,1173.2149989830068
2655.0,57.49635314941406,5.522077560424805,1173.5604433710105
2656.0,185.28892517089844,10.690949440002441,1173.8386291790084
2657.0,49.96714782714844,5.502894401550293,1174.1829022110032
2658.0,65.62728881835938,5.457396507263184,1174.483517937013
2659.0,80.83683776855469,7.0544819831848145,1174.795380956013
2660.0,52.7054557800293,5.518121242523193,1175.1062348150008
2661.0,160.45765686035156,7.46041202545166,1175.4082342850015
2662.0,62.70536804199219,5.398001194000244,1175.688628075004
2663.0,290.7021179199219,14.005117416381836,1175.9798158800113
2664.0,23.27047348022461,3.51145339012146,1176.3437981980096
2665.0,56.118831634521484,5.478285789489746,1176.6290858060092
2666.0,39.251060485839844,5.010997295379639,1176.934693858013
2667.0,53.874168395996094,4.844559192657471,1177.2086635279993
2668.0,192.15060424804688,11.37904167175293,1177.5237892840087
2669.0,22.655593872070312,3.571119785308838,1177.8522680780006
2670.0,135.55224609375,8.047900199890137,1178.2164361600007
2671.0,160.1836700439453,8.749862670898438,1178.541283218001
2672.0,129.8093719482422,8.537808418273926,1178.8144134840113
2673.0,86.4357681274414,7.404051780700684,1179.0910748220049
2674.0,82.34107208251953,6.1438398361206055,1179.4176326610032
2675.0,29.759994506835938,4.0601301193237305,1179.8128403510054
2676.0,313.7105407714844,11.71847915649414,1180.1194856470102
2677.0,170.37551879882812,8.277841567993164,1180.4196883010009
2678.0,50.937355041503906,5.172686576843262,1180.7239429309993
2679.0,54.891151428222656,6.390239715576172,1181.0877198950038
2680.0,90.08526611328125,7.472217082977295,1181.4573206370114
2681.0,53.32440185546875,4.760682106018066,1182.0253785400128
2682.0,93.4757080078125,6.994618892669678,1182.3174759290123
2683.0,80.6906509399414,6.534144401550293,1182.6681694610015
2684.0,36.14296340942383,4.7722907066345215,1182.9540616650047
2685.0,106.46296691894531,8.7332124710083,1183.2186912250036
2686.0,47.77965545654297,5.388265132904053,1183.495157895013
2687.0,73.45368957519531,6.209240913391113,1183.896922992004
2688.0,220.57205200195312,9.457063674926758,1184.2335760770075
2689.0,132.3428497314453,7.561977386474609,1184.5163040980115
2690.0,62.18278503417969,5.900861740112305,1184.7939350200031
2691.0,35.07719802856445,4.786795616149902,1185.0571670600038
2692.0,60.184608459472656,5.582474231719971,1185.3272946930083
2693.0,30.433696746826172,4.290774345397949,1185.6127998450102
2694.0,143.2503662109375,8.44337272644043,1185.9130041590106
2695.0,108.94552612304688,7.417513370513916,1186.2152018460038
2696.0,38.33872985839844,4.121485710144043,1186.5014771200076
2697.0,193.7364044189453,8.693380355834961,1186.8002685259999
2698.0,56.209835052490234,6.031818866729736,1187.1164757860097
2699.0,29.150907516479492,3.8666160106658936,1187.4037585800106
2700.0,66.14778900146484,6.233617782592773,1187.683274904004
2701.0,428.9363708496094,17.073156356811523,1202.376849998007
2702.0,395.4064636230469,13.403444290161133,1202.66952292301
2703.0,590.9169921875,19.067832946777344,1202.9615958580107
2704.0,50.25898361206055,5.444725513458252,1203.2604607640096
2705.0,84.44822692871094,6.810323238372803,1203.5556326080114
2706.0,41.855350494384766,4.784731388092041,1203.899170389006
2707.0,42.83487319946289,4.813897609710693,1204.1946331220097
2708.0,177.49386596679688,11.17304801940918,1204.4852919190016
2709.0,31.445219039916992,4.060952186584473,1204.7479001419997
2710.0,54.69183349609375,5.056809902191162,1205.0348186450137
2711.0,63.21770095825195,5.832090377807617,1205.3201639700128
2712.0,84.50328063964844,6.564606189727783,1205.6339380560094
2713.0,106.24238586425781,6.649111270904541,1205.9378343990102
2714.0,150.82998657226562,9.427492141723633,1206.2165518920083
2715.0,191.3948974609375,9.939437866210938,1206.4944404250127
2716.0,259.81280517578125,9.829805374145508,1206.7753277760057
2717.0,98.50110626220703,6.526500701904297,1207.0947119040065
2718.0,766.0825805664062,18.93434715270996,1207.3649901919998
2719.0,74.56497955322266,6.035974502563477,1207.6612372730015
2720.0,73.54744720458984,6.513959884643555,1207.9340630270017
2721.0,52.772884368896484,4.996875762939453,1208.2027987750043
2722.0,237.150390625,11.803604125976562,1208.4880479550047
2723.0,112.18875885009766,7.6389265060424805,1208.7987153130089
2724.0,49.119178771972656,5.354802131652832,1209.0822139250085
2725.0,300.68756103515625,13.798152923583984,1209.3540223820019
2726.0,173.07740783691406,10.745079040527344,1209.633238084003
2727.0,385.6875915527344,11.66231632232666,1209.9147315950104
2728.0,28.78499412536621,3.9175045490264893,1210.2364876760112
2729.0,114.35541534423828,6.807668209075928,1210.5205448270135
2730.0,37.95695114135742,4.7035298347473145,1210.7945635180076
2731.0,192.09832763671875,9.381386756896973,1211.1078030550125
2732.0,100.2165756225586,6.334365367889404,1211.4039247140026
2733.0,709.7485961914062,25.886940002441406,1211.6949850400124
2734.0,57.173343658447266,4.41661262512207,1211.9708489210025
2735.0,404.6572570800781,13.2712984085083,1212.237073042008
2736.0,49.617828369140625,5.09831428527832,1212.5286179120012
2737.0,205.44200134277344,11.5591459274292,1212.7992407850106
2738.0,43.52753829956055,5.346372127532959,1213.0819113420002
2739.0,253.2262725830078,9.455026626586914,1213.377052136013
2740.0,206.1195068359375,8.662306785583496,1213.668948732011
2741.0,168.4793701171875,9.493806838989258,1213.9790910040028
2742.0,64.13799285888672,5.3492889404296875,1214.2686441800033
2743.0,37.258365631103516,4.553892135620117,1214.552747159003
2744.0,68.72541809082031,5.733232021331787,1214.830305733005
2745.0,135.2692413330078,7.755578994750977,1215.1364463440113
2746.0,35.16279220581055,4.43889045715332,1215.4280200540088
2747.0,52.56782913208008,5.396029949188232,1215.7234222030092
2748.0,20.28180503845215,3.3072071075439453,1215.9929160490137
2749.0,41.79518127441406,4.787454605102539,1216.2776869049994
2750.0,82.31143188476562,7.622559070587158,1216.5605146240123
2751.0,66.39107513427734,5.705075263977051,1216.8459861220035
2752.0,59.96449661254883,5.698417663574219,1217.1434964440123
2753.0,82.07768249511719,6.648110866546631,1217.4340894010093
2754.0,26.045684814453125,3.4928855895996094,1217.7126028960047
2755.0,110.47350311279297,7.819253921508789,1218.0057301810011
2756.0,128.8007049560547,7.555844783782959,1218.2910033640073
2757.0,33.175811767578125,3.75869083404541,1218.564775062012
2758.0,23.93140983581543,3.668745279312134,1218.853762070008
2759.0,496.33209228515625,16.782041549682617,1219.1521610769996
2760.0,99.6926498413086,7.474274158477783,1219.4412510990078
2761.0,84.93690490722656,7.035262584686279,1219.7136589680013
2762.0,294.4440612792969,11.348031044006348,1219.9999749830022
2763.0,21.189613342285156,3.2827398777008057,1220.2771165420127
2764.0,326.33758544921875,10.139385223388672,1220.5781162310013
2765.0,60.557437896728516,5.516886234283447,1220.8566487730131
2766.0,82.1613998413086,7.130123615264893,1221.1412995360006
2767.0,269.8833312988281,10.189750671386719,1221.4507128300029
2768.0,107.15357971191406,5.4703192710876465,1221.7503035970003
2769.0,79.81489562988281,6.804123401641846,1222.0602122150012
2770.0,67.04549407958984,5.880058288574219,1222.3434358550003
2771.0,252.10433959960938,10.388595581054688,1222.6232707740128
2772.0,148.07763671875,7.4587860107421875,1222.9361539689999
2773.0,76.0473403930664,5.672928333282471,1223.231741473006
2774.0,29.042705535888672,3.50663161277771,1223.5169624660048
2775.0,114.35386657714844,8.020696640014648,1223.8026239360042
2776.0,146.68077087402344,9.597005844116211,1224.0842436730018
2777.0,31.51665687561035,4.250882148742676,1224.3844070610066
2778.0,133.87924194335938,8.4472074508667,1224.6940126570116
2779.0,23.15216827392578,3.3821938037872314,1224.978102624009
2780.0,546.0458374023438,17.044174194335938,1225.2884740050067
2781.0,48.21992111206055,5.096410274505615,1225.58269019601
2782.0,51.9085693359375,5.5746355056762695,1225.858709911001
2783.0,51.831520080566406,6.316877365112305,1226.1509292400006
2784.0,134.57461547851562,8.585076332092285,1226.423772618
2785.0,186.57623291015625,9.259685516357422,1226.6985398000106
2786.0,332.86627197265625,11.250715255737305,1226.9712051900133
2787.0,23.53732681274414,3.886845111846924,1227.287706756004
2788.0,128.79425048828125,8.981660842895508,1227.5822915460012
2789.0,87.92377471923828,6.906184196472168,1227.8686784550082
2790.0,97.23888397216797,8.646166801452637,1228.1557668349997
2791.0,182.9138946533203,11.365270614624023,1228.4473906010098
2792.0,183.86880493164062,10.890929222106934,1228.7355661030015
2793.0,140.17478942871094,9.352944374084473,1229.0344185070135
2794.0,176.24774169921875,10.142718315124512,1229.3108929870068
2795.0,228.30943298339844,10.397272109985352,1229.5910806520114
2796.0,117.87670135498047,8.804057121276855,1229.8789915570087
2797.0,248.85313415527344,11.113981246948242,1230.1561781250057
2798.0,65.07686614990234,7.237868785858154,1230.4564465660078
2799.0,129.7333526611328,6.183902263641357,1230.744006222012
2800.0,141.91412353515625,9.1659517288208,1231.0458343540085
2801.0,329.24664306640625,13.05782413482666,1244.8250644940126
2802.0,61.837337493896484,5.415489196777344,1245.09811171201
2803.0,350.612548828125,11.445448875427246,1245.4088831290137
2804.0,196.6810302734375,10.662919998168945,1245.7365498190047
2805.0,22.306276321411133,3.377831220626831,1246.0180959760037
2806.0,45.95250701904297,4.974579334259033,1246.389693065008
2807.0,40.996028900146484,4.736127853393555,1246.667946313013
2808.0,293.2746887207031,12.57150936126709,1246.9891026290134
2809.0,25.256820678710938,3.701646089553833,1247.2622371110047
2810.0,787.6715087890625,20.16501235961914,1247.534209164005
2811.0,55.549835205078125,5.682735919952393,1247.8244349050074
2812.0,23.530763626098633,3.6706032752990723,1248.148236869005
2813.0,52.901641845703125,5.892313003540039,1248.4584124350076
2814.0,255.2746124267578,10.33200740814209,1248.8201229330007
2815.0,288.96868896484375,13.040352821350098,1249.17866392601
2816.0,107.49209594726562,7.06931209564209,1249.507057159004
2817.0,174.75743103027344,9.225122451782227,1249.8152121780004
2818.0,345.775390625,13.170416831970215,1250.1251219370024
2819.0,117.6151351928711,7.591698169708252,1250.3899112090003
2820.0,127.2833251953125,7.750156402587891,1250.6562466310133
2821.0,90.81006622314453,5.872186660766602,1250.9609998300002
2822.0,55.835445404052734,5.460792541503906,1251.2428461640084
2823.0,135.95188903808594,5.918745040893555,1251.5729999120085
2824.0,48.884849548339844,5.280940532684326,1251.867986475001
2825.0,41.087589263916016,4.382785320281982,1252.1816647330124
2826.0,136.21302795410156,6.663322448730469,1252.48522614401
2827.0,206.5642852783203,8.907379150390625,1252.7691520170047
2828.0,105.88603973388672,7.497630596160889,1253.0796219790063
2829.0,25.901199340820312,3.3216187953948975,1253.4009543740103
2830.0,80.80961608886719,6.423152446746826,1253.703247581012
2831.0,139.7545166015625,9.64291000366211,1254.0728436400095
2832.0,68.32207489013672,5.916652202606201,1254.4967674300133
2833.0,46.98225402832031,4.9395432472229,1254.7925135200057
2834.0,102.12060546875,6.573099136352539,1255.0969283200102
2835.0,613.0409545898438,19.978914260864258,1255.36032802501
2836.0,78.31777954101562,6.755222320556641,1255.6387830540043
2837.0,69.74640655517578,6.04425048828125,1255.9086840050004
2838.0,122.846435546875,5.47048807144165,1256.2096424830088
2839.0,59.03185272216797,5.524420738220215,1258.344252918003
2840.0,130.2664031982422,7.977741241455078,1260.0385566850018
2841.0,76.68319702148438,6.702270984649658,1260.3090737330058
2842.0,137.1932373046875,7.566859245300293,1260.5850591730123
2843.0,180.93893432617188,8.674896240234375,1260.9525965330104
2844.0,192.68312072753906,10.274174690246582,1261.3373148530081
2845.0,75.44279479980469,7.0312910079956055,1261.6979211740108
2846.0,163.586181640625,8.413552284240723,1262.0192788740096
2847.0,409.6593017578125,14.811041831970215,1262.352876614008
2848.0,23.046669006347656,3.637367010116577,1262.662738324012
2849.0,137.63287353515625,7.767096042633057,1262.9389848179999
2850.0,92.74510955810547,6.997889995574951,1263.223537309008
2851.0,261.2057189941406,9.440463066101074,1263.541173747013
2852.0,82.02178192138672,5.968892574310303,1263.8172403940116
2853.0,50.46198654174805,5.531606197357178,1264.0944036930014
2854.0,44.491004943847656,5.007035732269287,1264.411011127013
2855.0,25.425893783569336,3.2665538787841797,1264.691699604009
2856.0,45.28252029418945,4.691494941711426,1265.0207233710098
2857.0,154.53611755371094,10.288671493530273,1265.3596700130001
2858.0,243.3470458984375,8.991392135620117,1265.6492697390058
2859.0,174.1995849609375,7.975016117095947,1265.910447620001
2860.0,427.13690185546875,16.654726028442383,1266.1966908130125
2861.0,121.7516098022461,8.145875930786133,1266.4927751810028
2862.0,50.91587829589844,4.869234561920166,1266.7836922130082
2863.0,90.20223999023438,6.726531505584717,1267.0772327060113
2864.0,58.659645080566406,5.05459451675415,1267.3360133560054
2865.0,118.1706314086914,8.11086368560791,1267.6237912550132
2866.0,41.63150405883789,5.150148391723633,1267.8944209460024
2867.0,37.8038215637207,4.461368083953857,1268.1682489020022
2868.0,76.41967010498047,6.839136600494385,1268.4560022530059
2869.0,80.54850769042969,6.454625129699707,1268.7256014630111
2870.0,86.15859985351562,7.62500524520874,1269.0020149310003
2871.0,149.64173889160156,8.438275337219238,1269.308934435001
2872.0,23.441728591918945,3.5920677185058594,1269.5861096180015
2873.0,41.028682708740234,4.813947677612305,1269.899489716001
2874.0,71.67031860351562,6.396240234375,1270.1870147560112
2875.0,71.85885620117188,6.436464786529541,1270.4543451080099
2876.0,75.38410186767578,6.11408805847168,1270.7320348850044
2877.0,25.649234771728516,3.7945263385772705,1270.998606277004
2878.0,43.66341018676758,5.125580787658691,1271.3014582160104
2879.0,71.82124328613281,6.184595108032227,1271.616700094004
2880.0,35.638771057128906,4.362644672393799,1272.0072935220087
2881.0,117.1003646850586,5.713953971862793,1272.3016254270042
2882.0,92.88318634033203,6.4670329093933105,1272.570802414004
2883.0,191.26380920410156,10.648941040039062,1272.8480162980122
2884.0,46.243228912353516,5.316223621368408,1273.1386440550123
2885.0,77.05807495117188,6.2985711097717285,1273.3960533260106
2886.0,218.25750732421875,10.442482948303223,1273.6775240140123
2887.0,130.30894470214844,8.751280784606934,1273.9956622610043
2888.0,524.488037109375,17.1214656829834,1274.288778622009
2889.0,87.92044830322266,7.59591817855835,1274.56326550401
2890.0,75.74122619628906,5.353353977203369,1274.8742147150042
2891.0,68.3990249633789,6.023526668548584,1275.1605664350063
2892.0,63.02772903442383,5.646661758422852,1275.4647649260005
2893.0,25.71521759033203,3.921515464782715,1275.7413745700032
2894.0,351.45721435546875,14.876060485839844,1276.013944781007
2895.0,200.28541564941406,10.25930404663086,1276.2945033670112
2896.0,218.84349060058594,7.702615737915039,1276.5898434460105
2897.0,53.709415435791016,5.151203632354736,1276.8510726700042
2898.0,132.54139709472656,9.944220542907715,1277.1494573100063
2899.0,314.7657165527344,12.371472358703613,1277.431479264007
2900.0,30.453218460083008,4.141689300537109,1277.7236812480114
2901.0,99.66829681396484,7.164035320281982,1291.8573206790024
2902.0,732.410400390625,22.41487693786621,1292.1277244869998
2903.0,23.1397647857666,3.807187080383301,1292.3967527720088
2904.0,57.14031219482422,5.6617608070373535,1292.674836508013
2905.0,100.23960876464844,6.7039618492126465,1292.960078959004
2906.0,47.44344711303711,4.138728141784668,1293.2341235600034
2907.0,30.206851959228516,3.733416795730591,1293.5353711000062
2908.0,489.8476867675781,15.291861534118652,1293.8167111100047
2909.0,32.01132583618164,4.335975646972656,1294.1189795070095
2910.0,52.351436614990234,4.878974437713623,1294.4069364040042
2911.0,82.02337646484375,6.1460161209106445,1294.6894088900008
2912.0,52.2473258972168,4.920368671417236,1295.0017832010053
2913.0,53.701499938964844,5.341035842895508,1295.2598384230077
2914.0,63.646785736083984,5.5718092918396,1295.525232554006
2915.0,108.90062713623047,7.6876935958862305,1295.8063738470082
2916.0,362.9676208496094,10.016520500183105,1296.0865739760047
2917.0,31.534608840942383,4.0691094398498535,1296.358518403009
2918.0,73.08780670166016,5.960524559020996,1296.6306577370124
2919.0,55.57689666748047,5.175734043121338,1296.9139376000094
2920.0,225.6535186767578,8.768552780151367,1297.1974043460068
2921.0,177.5561065673828,7.999334812164307,1297.4783267220046
2922.0,20.03179931640625,3.2027270793914795,1297.7679580490076
2923.0,46.1212158203125,4.944263935089111,1298.0754029100062
2924.0,99.09880828857422,6.494772434234619,1298.3667614970036
2925.0,162.30743408203125,9.41022777557373,1298.6704510310083
2926.0,74.55558776855469,6.207673072814941,1298.945406468003
2927.0,58.3680419921875,5.6309895515441895,1299.2280775070103
2928.0,86.17188262939453,6.1191020011901855,1299.5169485020015
2929.0,81.46113586425781,8.037964820861816,1299.7996718270006
2930.0,41.41254425048828,3.5938162803649902,1300.0808394170017
2931.0,833.0829467773438,28.439334869384766,1300.3768507080094
2932.0,42.04722595214844,5.282166004180908,1300.6688427840127
2933.0,113.50779724121094,6.414018154144287,1300.9518867010047
2934.0,113.18160247802734,7.393601894378662,1301.2149005760002
2935.0,74.8359146118164,5.05894136428833,1301.518496210003
2936.0,222.80796813964844,8.925230979919434,1301.811689664013
2937.0,126.93820190429688,6.621095180511475,1302.1108120280114
2938.0,191.30404663085938,11.648886680603027,1302.38858893
2939.0,106.19722747802734,8.560371398925781,1302.6883075470105
2940.0,600.25634765625,17.588008880615234,1302.975891095004
2941.0,23.689592361450195,3.4521546363830566,1303.2646196240094
2942.0,77.1330795288086,5.706589221954346,1303.542772093002
2943.0,76.60608673095703,6.4233198165893555,1303.8248198360088
2944.0,67.60350799560547,6.609190940856934,1304.0945256570121
2945.0,67.40259552001953,6.117152214050293,1304.3786558220017
2946.0,17.056821823120117,2.994351863861084,1304.6793981780065
2947.0,38.52594757080078,4.7524847984313965,1304.9660761630075
2948.0,19.536344528198242,3.5268912315368652,1305.2776171290025
2949.0,290.0239562988281,10.16594123840332,1305.5445382870093
2950.0,222.23187255859375,9.82858943939209,1305.808347995
2951.0,361.8611145019531,15.245728492736816,1306.0960300709994
2952.0,241.68679809570312,11.82271957397461,1306.4072907680093
2953.0,260.05633544921875,12.961119651794434,1307.7077881480072
2954.0,180.8862762451172,11.304779052734375,1309.989531586005
2955.0,42.69758224487305,5.657456398010254,1310.4786697890086
2956.0,110.2787094116211,6.652923583984375,1310.823775257013
2957.0,104.31896209716797,7.22600793838501,1311.2035665130097
2958.0,31.311695098876953,3.823613405227661,1311.4745644210052
2959.0,72.25595092773438,6.380613803863525,1311.739401776009
2960.0,59.02252197265625,5.824132919311523,1312.0776666240126
2961.0,399.4474792480469,15.452888488769531,1312.440815148002
2962.0,1125.3612060546875,30.195581436157227,1312.7440245550097
2963.0,37.08187484741211,4.443039894104004,1313.0424222460133
2964.0,30.073596954345703,4.155920505523682,1313.3297518150066
2965.0,183.77549743652344,8.209482192993164,1313.6310487650044
2966.0,32.54768371582031,4.18959379196167,1313.9167202310055
2967.0,51.9089241027832,5.36979341506958,1314.1990603430022
2968.0,29.517641067504883,3.9505972862243652,1314.4846555719996
2969.0,122.44509887695312,8.052009582519531,1314.7632210190059
2970.0,280.54412841796875,10.689093589782715,1315.0803821330046
2971.0,89.04642486572266,6.247560024261475,1315.392976164003
2972.0,218.95297241210938,11.4775390625,1315.7100373880094
2973.0,30.656532287597656,4.547314643859863,1316.0122355870117
2974.0,99.13060760498047,8.304692268371582,1316.3262768720015
2975.0,57.54561996459961,4.688399314880371,1316.622098494001
2976.0,26.141645431518555,3.780090570449829,1316.905803206013
2977.0,68.93965911865234,6.67903470993042,1317.2045674460096
2978.0,162.8583984375,7.361268043518066,1317.4764435130055
2979.0,99.39268493652344,6.009537220001221,1317.7757331320026
2980.0,338.7374267578125,11.665969848632812,1318.084364580005
2981.0,314.9713134765625,13.517730712890625,1318.348843079002
2982.0,24.105201721191406,3.2957191467285156,1318.6666146220086
2983.0,494.3411560058594,16.74081802368164,1318.9716673100047
2984.0,502.8670654296875,16.635648727416992,1319.2622524060134
2985.0,36.25493240356445,4.717411994934082,1319.5524622440134
2986.0,166.09117126464844,10.017240524291992,1319.854655189003
2987.0,219.1881103515625,10.979586601257324,1320.1402211480017
2988.0,34.235050201416016,3.7889339923858643,1320.4431135720079
2989.0,308.6212158203125,12.063332557678223,1320.727074031005
2990.0,123.54254150390625,9.098893165588379,1321.0801672210073
2991.0,187.12222290039062,9.4959135055542,1321.3572724940022
2992.0,76.31886291503906,6.586323261260986,1321.644597683
2993.0,69.45932006835938,6.710994720458984,1321.93305284901
2994.0,410.9319763183594,12.866813659667969,1322.2579448880133
2995.0,395.912353515625,15.621963500976562,1322.5326361650077
2996.0,143.0524444580078,8.130931854248047,1322.8353284550103
2997.0,239.87332153320312,9.657651901245117,1323.122001448006
2998.0,42.806640625,5.13290548324585,1323.4048928640113
2999.0,20.646223068237305,3.225477695465088,1323.6642881660082
3000.0,110.53591918945312,7.108641624450684,1323.941374535003
3001.0,67.42110443115234,5.106226921081543,1337.6605741860112
3002.0,35.80080032348633,4.364419937133789,1337.9678727620048
3003.0,53.39317321777344,6.257366180419922,1338.2477560310072
3004.0,83.41708374023438,7.578603267669678,1338.5116803970013
3005.0,91.9939193725586,6.229620456695557,1338.795772210011
3006.0,47.25209045410156,4.138906002044678,1339.081644802005
3007.0,67.36404418945312,7.016627788543701,1339.3780729690043
3008.0,176.54209899902344,8.524271011352539,1339.6449328220042
3009.0,58.88969421386719,5.582508563995361,1339.933673986001
3010.0,36.70072555541992,4.030360698699951,1340.2282036800025
3011.0,132.9317626953125,9.167709350585938,1340.5150953170087
3012.0,38.103275299072266,4.899583339691162,1340.8215212750074
3013.0,29.97989845275879,3.9644548892974854,1341.1088610580045
3014.0,99.43621063232422,8.015585899353027,1341.4001520770107
3015.0,144.95626831054688,6.836938858032227,1341.6558985800075
3016.0,41.94691848754883,4.060928821563721,1341.9487599780114
3017.0,66.91423797607422,6.2985310554504395,1342.2435105740005
3018.0,120.45988464355469,7.846493721008301,1342.5354915400094
3019.0,48.64019775390625,5.440540790557861,1342.823924951008
3020.0,25.908321380615234,3.241244316101074,1343.1262063310132
3021.0,146.18911743164062,9.235882759094238,1343.4186302490125
3022.0,142.82057189941406,8.609697341918945,1343.6987674480042
3023.0,108.36736297607422,7.962898254394531,1343.9971387800033
3024.0,234.20559692382812,10.783852577209473,1344.2685008390108
3025.0,81.54972839355469,6.696541786193848,1344.5479491010046
3026.0,132.32470703125,7.300102233886719,1344.832290372011
3027.0,80.31109619140625,7.058455467224121,1345.1465602660028
3028.0,105.42350769042969,7.187588691711426,1345.5681325170008
3029.0,260.2432556152344,9.884254455566406,1345.8549552800105
3030.0,442.510986328125,14.262510299682617,1346.1616578870016
3031.0,43.136619567871094,4.816858291625977,1346.4696772400057
3032.0,175.59075927734375,9.584556579589844,1346.7521591890109
3033.0,25.809043884277344,3.847139596939087,1347.0432184150122
3034.0,156.5394744873047,6.340451240539551,1347.3196199250087
3035.0,17.936120986938477,2.8562991619110107,1347.597558777008
3036.0,121.43037414550781,6.759860038757324,1347.871852493001
3037.0,39.656036376953125,5.12059211730957,1348.1669902340072
3038.0,25.938018798828125,4.101943016052246,1348.4379328480136
3039.0,25.15386199951172,3.2596726417541504,1348.7131635630067
3040.0,59.00645065307617,5.426812171936035,1348.9951116810116
3041.0,54.442779541015625,5.052987098693848,1349.2863821210049
3042.0,59.07455825805664,5.848108768463135,1349.574637237005
3043.0,96.72805786132812,6.426361083984375,1349.845693235009
3044.0,35.94601821899414,4.328673362731934,1350.1498283190012
3045.0,61.89727783203125,5.221408843994141,1350.4317877360008
3046.0,56.883880615234375,5.749302387237549,1350.7140203820018
3047.0,20.838964462280273,3.7023375034332275,1350.9868587480014
3048.0,19.4660587310791,3.407055616378784,1351.273916502003
3049.0,61.712318420410156,6.169161319732666,1351.5492976580135
3050.0,88.09195709228516,6.676770210266113,1351.82783742201
3051.0,138.23098754882812,8.235501289367676,1352.1065827660059
3052.0,19.95333480834961,3.3120813369750977,1352.418945508005
3053.0,126.89860534667969,7.687736988067627,1352.7157651620073
3054.0,75.40921783447266,6.343559265136719,1352.9996654890128
3055.0,120.1336441040039,6.520417213439941,1353.2923426870111
3056.0,61.19294357299805,6.015127182006836,1353.5863479810068
3057.0,324.2751770019531,12.022457122802734,1353.903771643003
3058.0,28.76041030883789,3.8514084815979004,1354.1949370680086
3059.0,62.64316177368164,5.84152364730835,1354.456076047005
3060.0,356.7052307128906,12.360411643981934,1354.7143364050135
3061.0,77.4504165649414,6.574732303619385,1354.988000109006
3062.0,48.954166412353516,4.967045783996582,1355.2733882900066
3063.0,105.50840759277344,6.719478130340576,1355.5616910509998
3064.0,205.32681274414062,10.326414108276367,1355.8302619099995
3065.0,100.7906494140625,7.776684284210205,1356.1206463790004
3066.0,76.03958129882812,6.492227077484131,1356.3799449340004
3067.0,33.32259750366211,4.088944911956787,1356.668874961004
3068.0,147.59828186035156,7.961066722869873,1356.9388468890102
3069.0,42.53768539428711,5.020633697509766,1357.2386477860127
3070.0,138.01841735839844,8.214628219604492,1357.5568666010076
3071.0,82.5750732421875,7.3169732093811035,1357.8384484660055
3072.0,20.523027420043945,3.01701021194458,1358.1360768150043
3073.0,160.48736572265625,7.637557029724121,1358.4282836160128
3074.0,28.541141510009766,4.202546119689941,1358.6977473660081
3075.0,126.72100067138672,8.355051040649414,1358.9632713640021
3076.0,49.75315856933594,6.182598114013672,1359.2433177080093
3077.0,118.28367614746094,8.804266929626465,1359.5159446200123
3078.0,992.5723266601562,28.181264877319336,1359.7946609040082
3079.0,142.68154907226562,8.497637748718262,1360.0850906500127
3080.0,99.10082244873047,7.005233287811279,1360.378339687013
3081.0,55.57780075073242,5.497913837432861,1360.6703928110073
3082.0,235.28375244140625,11.231834411621094,1360.9633310250065
3083.0,243.47555541992188,10.45023250579834,1361.248890089002
3084.0,18.73605728149414,3.1485230922698975,1361.5217524770123
3085.0,338.5328674316406,12.387179374694824,1361.8078808410064
3086.0,55.015869140625,5.098507881164551,1362.1276590970083
3087.0,87.84601593017578,6.633544445037842,1362.4108903620072
3088.0,185.17410278320312,12.043000221252441,1362.68607526501
3089.0,164.6300048828125,11.937664031982422,1362.9851182070124
3090.0,44.1832275390625,4.695636749267578,1363.2508110830095
3091.0,188.62034606933594,11.25940990447998,1363.5283524700062
3092.0,112.49050903320312,7.371481418609619,1363.830586644006
3093.0,101.42467498779297,7.928915023803711,1364.140007422
3094.0,51.44312286376953,5.173986911773682,1364.4365487890027
3095.0,451.4091491699219,10.02427864074707,1364.7280872130068
3096.0,147.02488708496094,7.13480281829834,1365.0019871530094
3097.0,169.97557067871094,7.328737735748291,1365.3075220140017
3098.0,297.4409484863281,10.518048286437988,1365.5774979950074
3099.0,138.90423583984375,7.9384331703186035,1365.8513335280004
3100.0,41.504390716552734,5.002742290496826,1366.2800011159998
3101.0,33.10183334350586,4.306900978088379,1386.4398453310132
3102.0,50.20336151123047,4.696583271026611,1386.720136339005
3103.0,54.92584228515625,5.81749963760376,1386.9871212720027
3104.0,111.65998077392578,7.779305934906006,1387.2628928060003
3105.0,64.21363067626953,5.940402984619141,1387.558641930009
3106.0,23.673131942749023,3.489039897918701,1387.8613856320007
3107.0,237.8902130126953,12.10185432434082,1388.1582703540043
3108.0,43.29286575317383,4.537052154541016,1388.430030110001
3109.0,261.4665832519531,11.873238563537598,1388.7356149830011
3110.0,108.96797180175781,8.198335647583008,1389.044773927002
3111.0,35.18610763549805,4.554401874542236,1389.3415499670082
3112.0,371.7625732421875,13.867501258850098,1389.6308560150064
3113.0,104.07984924316406,6.295703411102295,1389.8996252900106
3114.0,336.3172912597656,13.491196632385254,1390.1730746340036
3115.0,273.50665283203125,12.105241775512695,1390.469205076006
3116.0,42.72443389892578,4.861201286315918,1390.7570534910046
3117.0,17.886322021484375,2.7941372394561768,1391.0718814070133
3118.0,18.597946166992188,2.716472625732422,1391.3669715180004
3119.0,105.27283477783203,6.8716654777526855,1391.718467084007
3120.0,38.08869552612305,4.635993957519531,1392.0585293250042
3121.0,185.06756591796875,8.507436752319336,1392.3347208070045
3122.0,66.63994598388672,6.022533893585205,1392.5885159380123
3123.0,33.372249603271484,4.129814624786377,1392.8775573710009
3124.0,236.6025390625,11.268594741821289,1393.1462868860108
3125.0,144.19314575195312,8.431249618530273,1393.4415427860076
3126.0,294.1821594238281,11.923023223876953,1393.7373059530073
3127.0,32.01175308227539,4.0907368659973145,1394.0114489550033
3128.0,119.45905303955078,7.1432695388793945,1394.2779210459994
3129.0,39.6505241394043,5.185409069061279,1394.548224033002
3130.0,47.019840240478516,5.572234153747559,1394.8269035910052
3131.0,95.53196716308594,8.027372360229492,1395.1338018259994
3132.0,43.65165710449219,4.814877510070801,1395.4282416180067
3133.0,232.55239868164062,8.383878707885742,1395.6991376030055
3134.0,39.77146530151367,4.842799663543701,1395.965313616005
3135.0,18.974225997924805,3.1970713138580322,1396.256261802002
3136.0,42.16874694824219,4.296933174133301,1396.550378333006
3137.0,122.66218566894531,9.016988754272461,1396.830398504011
3138.0,138.28750610351562,9.005913734436035,1397.0954692920059
3139.0,35.08262634277344,4.355599403381348,1397.36446896501
3140.0,118.71099090576172,8.500260353088379,1397.6392010080017
3141.0,39.79503631591797,4.861974716186523,1397.9145011080109
3142.0,145.72030639648438,8.58166790008545,1398.2103765460051
3143.0,80.53334045410156,6.418068885803223,1398.4904726640088
3144.0,173.62652587890625,9.960176467895508,1398.7580994800082
3145.0,119.44881439208984,9.187897682189941,1399.048061488007
3146.0,188.0565185546875,11.18148422241211,1399.334334913001
3147.0,281.49859619140625,11.948840141296387,1399.5953607860138
3148.0,37.64634704589844,4.632193088531494,1399.8634877639997
3149.0,33.45567321777344,4.532827377319336,1400.1760893900064
3150.0,44.819149017333984,4.7509846687316895,1400.475855127006
3151.0,27.495695114135742,3.264972448348999,1400.7654738280107
3152.0,164.08995056152344,7.141628742218018,1401.0605909050064
3153.0,42.67241668701172,4.494650840759277,1401.3452137490094
3154.0,83.17488098144531,6.458943843841553,1401.6282257030107
3155.0,151.93492126464844,8.795866012573242,1401.8941054390016
3156.0,68.2926254272461,6.038609504699707,1402.1734137170133
3157.0,47.422000885009766,4.640422344207764,1402.4422086380073
3158.0,227.90696716308594,10.922367095947266,1402.7202156700077
3159.0,364.86163330078125,11.593182563781738,1403.0029739470046
3160.0,1816.0443115234375,41.43983840942383,1403.306016004004
3161.0,37.6632080078125,4.388937473297119,1403.6189024270134
3162.0,89.3079833984375,6.387836933135986,1403.905506657
3163.0,170.41055297851562,7.783139705657959,1404.1918403440068
3164.0,535.9678344726562,16.419172286987305,1404.4674888709997
3165.0,181.3674774169922,11.141436576843262,1404.7445613710006
3166.0,70.26741027832031,4.922629356384277,1405.0272072030057
3167.0,38.02409362792969,4.636981010437012,1405.3086192090122
3168.0,114.47535705566406,9.634395599365234,1405.6085855140118
3169.0,33.2005729675293,4.574642658233643,1405.8998210140126
3170.0,79.40325927734375,6.300828456878662,1406.1695611450123
3171.0,154.24630737304688,8.053938865661621,1406.4476556530135
3172.0,121.46697998046875,6.8515191078186035,1406.7464063220104
3173.0,143.6643524169922,9.224300384521484,1407.0685281140031
3174.0,19.9753475189209,3.3357603549957275,1407.361101760005
3175.0,83.95503234863281,6.271379470825195,1407.6621599690116
3176.0,38.248294830322266,4.309840679168701,1407.9319854200003
3177.0,81.95036315917969,5.667395114898682,1408.2382387090038
3178.0,67.27088928222656,5.352810382843018,1408.520507609006
3179.0,19.652467727661133,3.35162091255188,1408.818269855008
3180.0,48.158626556396484,5.291809558868408,1409.1005737680098
3181.0,155.87818908691406,10.83834457397461,1409.3954994980013
3182.0,139.99481201171875,8.95962905883789,1409.6918750710029
3183.0,97.67927551269531,6.73898458480835,1410.0056698950066
3184.0,135.6283721923828,8.8839111328125,1410.2828370540083
3185.0,114.33168029785156,8.028688430786133,1410.553799434012
3186.0,43.820953369140625,4.50947380065918,1410.8414194230136
3187.0,37.59798812866211,4.685373306274414,1411.1208821620094
3188.0,10.995306968688965,2.30753231048584,1411.416385163
3189.0,117.80276489257812,5.938260078430176,1411.7036413800088
3190.0,174.7204132080078,9.800175666809082,1412.0058917999995
3191.0,544.4117431640625,19.998275756835938,1412.2929938430025
3192.0,51.401458740234375,5.239631652832031,1412.5564611230075
3193.0,77.58395385742188,5.952412128448486,1412.8452938310074
3194.0,352.345947265625,13.468868255615234,1413.14661931101
3195.0,1032.2415771484375,26.801570892333984,1413.449831999009
3196.0,29.7781982421875,4.101840019226074,1413.7223117100075
3197.0,46.23173522949219,4.572874546051025,1413.9913145820028
3198.0,62.6826057434082,5.997198581695557,1414.2865511220007
3199.0,304.2642517089844,9.218210220336914,1414.6297308140056
3200.0,119.53656005859375,7.343602657318115,1414.94209378901
3201.0,107.14212799072266,7.180981159210205,1431.0307574680046
3202.0,37.82738494873047,4.725621223449707,1431.333551869
3203.0,14.876513481140137,2.8100244998931885,1431.607664797004
3204.0,24.820846557617188,3.5473408699035645,1431.8930877110106
3205.0,71.15901184082031,5.430563449859619,1432.179379912006
3206.0,136.40267944335938,7.255260467529297,1432.467043845012
3207.0,30.193689346313477,4.136789798736572,1432.7362924790068
3208.0,139.1716766357422,8.242656707763672,1433.0324592600082
3209.0,260.23077392578125,10.288477897644043,1433.3367378790135
3210.0,26.482715606689453,3.5048465728759766,1433.6181395760068
3211.0,84.69844055175781,7.303995132446289,1433.922676193004
3212.0,166.80775451660156,10.501028060913086,1434.2065123840002
3213.0,35.25016403198242,4.5319366455078125,1434.491319646011
3214.0,40.3077392578125,3.462337017059326,1434.8059178149997
3215.0,43.986995697021484,4.903308391571045,1435.109874976013
3216.0,69.78376770019531,5.708418369293213,1435.408969919008
3217.0,56.162620544433594,4.972146034240723,1435.6923466090084
3218.0,160.7842254638672,9.0441312789917,1435.979438349008
3219.0,17.609760284423828,2.9546477794647217,1436.2740633659996
3220.0,229.08360290527344,11.674654960632324,1436.5566246410017
3221.0,87.1286392211914,7.637355804443359,1436.8424856050115
3222.0,63.78689193725586,6.5228166580200195,1437.1147754610138
3223.0,91.92655944824219,6.073744297027588,1437.3822317980084
3224.0,31.480785369873047,3.2173895835876465,1437.6631183470017
3225.0,44.29047775268555,4.215429782867432,1437.9529035850137
3226.0,239.71493530273438,9.561746597290039,1438.2460911140079
3227.0,311.9109802246094,13.824431419372559,1438.5478959130123
3228.0,120.3611068725586,7.828884601593018,1438.8410276270006
3229.0,96.26470184326172,6.796944618225098,1439.1138954100024
3230.0,230.5106964111328,8.987677574157715,1439.3650749680091
3231.0,53.85434341430664,5.00678014755249,1439.638366567
3232.0,50.468116760253906,5.678594589233398,1439.9244743430027
3233.0,45.453834533691406,4.73768424987793,1440.211550624008
3234.0,50.952613830566406,5.298430442810059,1440.487461694007
3235.0,34.30446243286133,4.381117343902588,1440.762370508004
3236.0,529.8274536132812,19.612892150878906,1441.0653845930065
3237.0,30.844608306884766,4.236506462097168,1441.3660085330048
3238.0,58.301517486572266,6.619521141052246,1441.6565801560064
3239.0,97.62104034423828,6.760080337524414,1441.9182689139998
3240.0,156.8016357421875,8.201576232910156,1442.2136224450078
3241.0,27.924516677856445,4.044140338897705,1442.5043454560073
3242.0,76.29682159423828,6.302529335021973,1442.768701633002
3243.0,147.83349609375,8.347363471984863,1443.068217676002
3244.0,178.938232421875,9.91723918914795,1443.3518274660019
3245.0,209.3773193359375,8.954062461853027,1443.6338057390094
3246.0,47.475711822509766,5.233043670654297,1443.9207334300008
3247.0,163.575439453125,7.5959696769714355,1444.2169431190123
3248.0,32.843505859375,4.120602607727051,1444.4864526580059
3249.0,60.33259582519531,5.077759265899658,1444.7938604810042
3250.0,18.411518096923828,3.341459274291992,1445.093088087
3251.0,163.25857543945312,8.85988712310791,1445.379338003011
3252.0,126.63661193847656,8.594322204589844,1445.6842905119993
3253.0,185.54287719726562,7.592095375061035,1445.9596460550092
3254.0,147.80226135253906,8.788204193115234,1446.2161002990033
3255.0,32.75174331665039,4.779104232788086,1446.4869884690124
3256.0,240.64642333984375,9.66543960571289,1446.7633215310052
3257.0,221.6974334716797,10.134571075439453,1447.0512180320075
3258.0,354.4243469238281,14.128828048706055,1447.350130095001
3259.0,234.95611572265625,11.081046104431152,1447.6353744200023
3260.0,59.46199035644531,6.045408725738525,1447.9039572870097
3261.0,89.67829132080078,6.209963321685791,1448.1991400170082
3262.0,99.6619644165039,7.36721658706665,1448.5144180300122
3263.0,43.293121337890625,4.296392917633057,1448.7927969600132
3264.0,620.1820678710938,18.146574020385742,1449.0661057700054
3265.0,22.479642868041992,3.553511142730713,1449.3411126240098
3266.0,55.826778411865234,4.801873683929443,1449.6389890130085
3267.0,32.32810592651367,4.883706569671631,1449.9094538360077
3268.0,148.6786651611328,8.941009521484375,1450.1957492330112
3269.0,23.801240921020508,3.670351266860962,1450.4783692950004
3270.0,363.94378662109375,12.995062828063965,1450.7424422900076
3271.0,306.55633544921875,11.994463920593262,1451.029454390009
3272.0,72.84439086914062,5.627561569213867,1451.3189863780135
3273.0,39.37076950073242,4.873063087463379,1451.5912318530027
3274.0,32.56014633178711,4.278995513916016,1451.85707300801
3275.0,65.95648193359375,6.137607097625732,1452.182324363006
3276.0,30.80772590637207,4.339605331420898,1452.488349089006
3277.0,89.70980834960938,7.1101250648498535,1452.7793623830075
3278.0,47.77183151245117,4.049944877624512,1453.0902795410075
3279.0,16.590566635131836,3.1945526599884033,1453.4949284160102
3280.0,19.710063934326172,2.908745765686035,1453.7919564330077
3281.0,122.6422119140625,8.169794082641602,1454.0898536099994
3282.0,75.1195297241211,6.00712776184082,1454.4123540310102
3283.0,26.18397331237793,3.88549542427063,1454.7204130000027
3284.0,41.57532501220703,3.9130053520202637,1455.0082394460042
3285.0,25.92767906188965,3.330988645553589,1455.2763412519998
3286.0,54.93720245361328,4.998867511749268,1455.5567635300104
3287.0,115.99528503417969,7.658034324645996,1455.846899753
3288.0,24.51240348815918,3.6726653575897217,1456.140538593012
3289.0,59.07565689086914,5.340869426727295,1456.4649553199997
3290.0,32.48551559448242,4.145463943481445,1456.781738087011
3291.0,118.41654205322266,7.734655380249023,1457.06522071801
3292.0,36.45990753173828,4.047756671905518,1457.3672608740017
3293.0,141.2322998046875,7.273680686950684,1457.6577195930004
3294.0,16.528291702270508,3.0307388305664062,1457.9792065530055
3295.0,27.52290916442871,3.7921886444091797,1458.2923840959993
3296.0,53.3082389831543,5.248046875,1458.5905555420031
3297.0,20.783857345581055,3.1178321838378906,1458.9123748720012
3298.0,53.539215087890625,4.703421115875244,1459.244359987002
3299.0,633.7617797851562,23.904104232788086,1459.5159636710014
3300.0,79.44552612304688,7.1263909339904785,1459.8478438610036
3301.0,17.340322494506836,3.1477794647216797,1473.5672418810136
3302.0,25.95639419555664,3.4976072311401367,1473.8672232180106
3303.0,48.343631744384766,4.761395454406738,1474.151628299005
3304.0,323.857177734375,12.301060676574707,1474.439583727013
3305.0,101.35416412353516,6.047936916351318,1474.7650931259996
3306.0,44.30037307739258,4.360744476318359,1475.076204737008
3307.0,125.53323364257812,7.0234055519104,1475.3767508640012
3308.0,130.6793670654297,6.935502529144287,1475.6638928620087
3309.0,22.721492767333984,3.905301094055176,1475.9464460770105
3310.0,220.59202575683594,9.205754280090332,1476.2307941000035
3311.0,114.41056823730469,9.353547096252441,1476.5103991710057
3312.0,28.43802261352539,3.729743242263794,1476.8339471840009
3313.0,69.58517456054688,5.235191822052002,1477.0932371170056
3314.0,102.50408172607422,8.27902603149414,1477.3774164700008
3315.0,209.52359008789062,10.534233093261719,1477.691999725008
3316.0,275.42547607421875,8.995953559875488,1478.005345218
3317.0,58.49213790893555,5.27631950378418,1478.3005475160026
3318.0,168.23265075683594,9.012081146240234,1478.5776527400012
3319.0,41.0028190612793,4.7610249519348145,1478.8947377410077
3320.0,54.0098991394043,5.3196635246276855,1479.1616512880137
3321.0,15.925806045532227,2.716834545135498,1479.4567075380037
3322.0,24.543275833129883,3.6512930393218994,1479.773993944007
3323.0,125.92859649658203,6.761222839355469,1480.0828161420068
3324.0,12.367440223693848,2.491938829421997,1480.3419644130045
3325.0,88.08731842041016,6.585638999938965,1480.6692783730105
3326.0,132.81455993652344,6.873085975646973,1480.9673417800077
3327.0,164.88900756835938,7.673136234283447,1481.2491042030015
3328.0,61.5682373046875,4.830426216125488,1481.5421283310134
3329.0,84.2051773071289,6.4149603843688965,1481.826536433
3330.0,104.91551971435547,7.285740375518799,1482.1479313220043
3331.0,43.16236114501953,4.428613662719727,1482.4384429950005
3332.0,51.738521575927734,5.929636478424072,1482.744874616008
3333.0,35.41960144042969,3.4468064308166504,1483.0531581820105
3334.0,242.63514709472656,13.476419448852539,1483.3242020830075
3335.0,641.5203857421875,20.49704933166504,1483.6362275430001
3336.0,70.16297912597656,5.49833869934082,1483.9206160460017
3337.0,54.13104248046875,5.58730936050415,1484.2015621000028
3338.0,42.03596115112305,4.440748691558838,1484.4980846570106
3339.0,54.12049102783203,5.2789306640625,1484.772650555009
3340.0,212.01467895507812,10.221220970153809,1485.053562376008
3341.0,700.9915771484375,23.475160598754883,1485.3232006420003
3342.0,227.3423614501953,8.383928298950195,1485.5946173570119
3343.0,25.467382431030273,3.9417357444763184,1485.8907706000027
3344.0,102.13304901123047,6.185035228729248,1486.20459768
3345.0,126.92090606689453,7.07192850112915,1486.4863402470073
3346.0,82.93984985351562,6.02183723449707,1486.765320208011
3347.0,45.016334533691406,5.227567672729492,1487.054254653005
3348.0,205.90127563476562,7.802219390869141,1487.3471095630084
3349.0,26.791858673095703,3.8401143550872803,1487.632105564
3350.0,37.429466247558594,4.25437593460083,1487.9352834610036
3351.0,101.26707458496094,6.413825988769531,1488.2188811530068
3352.0,183.42221069335938,9.598969459533691,1488.5015460110008
3353.0,49.8017578125,5.10097074508667,1488.7948984520044
3354.0,35.49176025390625,4.639980792999268,1489.1019502240088
3355.0,13.74686050415039,2.732494354248047,1489.4261520500004
3356.0,166.4584503173828,8.000863075256348,1489.7965874340007
3357.0,56.72618103027344,4.975804328918457,1490.1035081570008
3358.0,40.51003646850586,4.620025634765625,1490.3932552550104
3359.0,147.4384765625,7.182750701904297,1490.6944654969993
3360.0,82.02487182617188,6.808088302612305,1490.9817164870037
3361.0,44.55409622192383,5.026297092437744,1491.2610240820068
3362.0,409.9452819824219,18.01633071899414,1491.5674275110068
3363.0,48.8162727355957,4.322652816772461,1491.8552577250084
3364.0,141.78355407714844,9.242335319519043,1492.1295220500033
3365.0,88.07893371582031,5.900842666625977,1492.4117611470137
3366.0,279.98284912109375,12.121955871582031,1492.699945114
3367.0,83.06504821777344,6.419995307922363,1493.048852538006
3368.0,41.246212005615234,4.3033623695373535,1493.3448545890133
3369.0,26.330089569091797,4.1568827629089355,1493.785889191
3370.0,189.65780639648438,9.294276237487793,1494.1607968030003
3371.0,57.63445281982422,5.825717449188232,1494.4519159430056
3372.0,39.23557662963867,4.7906813621521,1494.7474529590108
3373.0,77.73170471191406,5.449358940124512,1495.0327082010044
3374.0,84.5426025390625,7.772188663482666,1495.3252488330036
3375.0,346.0162353515625,14.885682106018066,1495.5992307260021
3376.0,20.32178497314453,3.449279546737671,1495.9012548430037
3377.0,28.41673469543457,3.9990243911743164,1496.207686260008
3378.0,113.40099334716797,6.03303337097168,1496.4920840210107
3379.0,52.371646881103516,5.32220983505249,1496.7718482590135
3380.0,100.52696228027344,5.563605308532715,1497.0402341330046
3381.0,117.99881744384766,7.487973213195801,1497.32811019801
3382.0,198.37701416015625,9.55063247680664,1497.6326067290065
3383.0,31.210872650146484,4.27506685256958,1497.9805151830078
3384.0,73.15882110595703,6.455522060394287,1498.2740165070136
3385.0,231.25364685058594,10.816573143005371,1498.580654808
3386.0,30.309581756591797,4.112700939178467,1498.875133050009
3387.0,281.2950439453125,11.885761260986328,1499.1801222030044
3388.0,25.40460777282715,3.3808376789093018,1499.455301746013
3389.0,162.95433044433594,10.104682922363281,1499.7513239780092
3390.0,151.74972534179688,9.740307807922363,1500.027329650009
3391.0,211.11123657226562,9.918858528137207,1500.367412001011
3392.0,85.60845184326172,6.692689418792725,1500.7032282190048
3393.0,140.83160400390625,9.038905143737793,1500.9942605030083
3394.0,144.55091857910156,7.59469747543335,1501.3066475470114
3395.0,89.4588851928711,7.291961193084717,1501.6434546080127
3396.0,98.68968963623047,6.5405426025390625,1501.9304071940132
3397.0,83.83053588867188,6.0574188232421875,1502.2074407200125
3398.0,92.58897399902344,6.084377765655518,1502.496963485013
3399.0,55.013404846191406,5.26818323135376,1502.780676585011
3400.0,159.48741149902344,8.732558250427246,1503.0577193540084
3401.0,91.18443298339844,7.444583415985107,1520.6394000030123
3402.0,67.1286849975586,5.852724552154541,1520.9328721630009
3403.0,46.94969177246094,5.3278045654296875,1521.193238322012
3404.0,46.762779235839844,4.754544734954834,1521.4704066390113
3405.0,109.61392974853516,5.055981636047363,1521.7569878050126
3406.0,46.34885025024414,5.2380900382995605,1522.1263191040052
3407.0,208.31832885742188,8.88022232055664,1522.4820672880014
3408.0,81.85738372802734,5.6529436111450195,1522.7605589000013
3409.0,93.18299102783203,7.044709205627441,1523.0708064350038
3410.0,99.75528717041016,6.795257091522217,1523.3642041410058
3411.0,196.03146362304688,11.127676010131836,1523.6660379720124
3412.0,26.25506019592285,3.7616381645202637,1523.9712613560114
3413.0,53.58761978149414,5.3419318199157715,1524.3390161630086
3414.0,147.8163299560547,10.792463302612305,1524.631755917013
3415.0,48.11914825439453,4.80950403213501,1525.020052404012
3416.0,96.85676574707031,6.671396255493164,1525.3041697380104
3417.0,71.16732025146484,6.284243583679199,1525.5822776540008
3418.0,38.72468566894531,4.407870769500732,1525.863721104004
3419.0,69.94157409667969,6.362970352172852,1526.1469096860092
3420.0,38.211700439453125,4.261831760406494,1526.4295138340094
3421.0,71.1456298828125,6.448476314544678,1526.740880027006
3422.0,37.258731842041016,4.278696060180664,1527.0304007390077
3423.0,154.88604736328125,9.573960304260254,1527.3344823480002
3424.0,92.9561996459961,7.7529425621032715,1527.6179249100096
3425.0,30.43513298034668,3.7723448276519775,1527.934714368006
3426.0,17.21708106994629,2.9617018699645996,1528.2597865330026
3427.0,147.48428344726562,9.70780086517334,1528.624740086001
3428.0,74.78988647460938,6.307542324066162,1528.9569516690099
3429.0,73.76010131835938,5.685173034667969,1529.258886309006
3430.0,232.54368591308594,11.314326286315918,1529.5818855820107
3431.0,111.35250091552734,7.986384391784668,1529.861368376005
3432.0,70.6924057006836,6.240565299987793,1530.163766512007
3433.0,62.20392990112305,4.734233856201172,1530.4308423220064
3434.0,129.107666015625,7.316884994506836,1530.7155780419998
3435.0,35.379966735839844,4.560324668884277,1530.9992444780073
3436.0,41.890174865722656,4.784255504608154,1531.305022378001
3437.0,23.463909149169922,3.833340644836426,1531.6409669300047
3438.0,47.39554214477539,5.035414218902588,1531.9250647660083
3439.0,14.786649703979492,2.9823272228240967,1532.2277420870087
3440.0,103.81666564941406,6.165937900543213,1532.5145748979994
3441.0,31.961780548095703,4.583940029144287,1532.8118279530026
3442.0,36.5035400390625,4.236535549163818,1533.0819038980117
3443.0,22.703916549682617,3.587726354598999,1533.3875925169996
3444.0,51.10276412963867,5.257772922515869,1533.6819697730098
3445.0,55.904361724853516,5.438223361968994,1533.9830557320092
3446.0,35.32502746582031,4.753617763519287,1534.2732334250031
3447.0,90.10078430175781,6.285093307495117,1534.5537480660132
3448.0,48.239906311035156,4.592885494232178,1534.846950157007
3449.0,221.72268676757812,9.55026912689209,1535.1356052699994
3450.0,65.93158721923828,7.0135498046875,1535.4251566830062
3451.0,23.799720764160156,3.7069785594940186,1535.6933080060116
3452.0,62.611351013183594,5.423916816711426,1535.9724766069994
3453.0,69.50418090820312,5.781397342681885,1536.3462731020118
3454.0,31.575191497802734,3.637638568878174,1536.634149376012
3455.0,41.330039978027344,4.466187000274658,1536.9253213060001
3456.0,63.36176681518555,5.970582485198975,1537.2132597100135
3457.0,27.909862518310547,3.901869058609009,1537.4878817040008
3458.0,47.336578369140625,5.090688705444336,1537.781825188009
3459.0,14.320413589477539,2.5463826656341553,1538.074165558006
3460.0,27.316810607910156,4.172317981719971,1538.3489928490017
3461.0,23.413434982299805,3.3500516414642334,1538.6107007650135
3462.0,77.65180969238281,6.915947437286377,1538.8858256670064
3463.0,58.591880798339844,4.956658840179443,1539.1988571969996
3464.0,136.6042022705078,6.942473888397217,1539.4991111090058
3465.0,19.701040267944336,3.2176501750946045,1539.7792552730098
3466.0,27.714197158813477,3.62269926071167,1540.068930819005
3467.0,91.06072998046875,5.151736736297607,1540.3841256790038
3468.0,71.87786865234375,5.3147149085998535,1540.693722905009
3469.0,266.7091369628906,10.512413024902344,1541.0156001530122
3470.0,31.216358184814453,3.81294322013855,1541.2954806590133
3471.0,83.08830261230469,5.0027642250061035,1541.5946066720062
3472.0,28.870559692382812,3.4795823097229004,1541.9228981300112
3473.0,84.65826416015625,6.560780048370361,1542.1757517600054
3474.0,228.45176696777344,9.306215286254883,1542.461052974002
3475.0,44.219261169433594,4.527980327606201,1542.762719765
3476.0,36.0248908996582,4.6810503005981445,1543.0678755040135
3477.0,135.037841796875,10.337709426879883,1543.3425765980064
3478.0,20.021333694458008,3.5098836421966553,1543.6100700560055
3479.0,90.22677612304688,6.930520057678223,1543.8748639850091
3480.0,93.29969024658203,6.163309097290039,1544.1717582440033
3481.0,98.4126205444336,7.11009407043457,1544.457568006008
3482.0,212.764404296875,9.617047309875488,1544.7356587150134
3483.0,86.70043182373047,6.1268630027771,1545.047803820009
3484.0,19.743085861206055,3.0401508808135986,1545.3484450310061
3485.0,258.8359680175781,11.798120498657227,1545.6260720450082
3486.0,84.1214828491211,7.006431579589844,1545.9455481330078
3487.0,79.99138641357422,6.211217880249023,1546.2509602260106
3488.0,86.38069152832031,5.744976043701172,1546.5523923410074
3489.0,22.611568450927734,3.552849769592285,1546.8469990400044
3490.0,49.98259353637695,5.154092788696289,1547.1548193810013
3491.0,46.66753005981445,4.23084020614624,1547.4330779650045
3492.0,116.6977767944336,6.1162848472595215,1547.7013293980126
3493.0,662.7952270507812,22.260713577270508,1547.992883401006
3494.0,86.61831665039062,6.617478847503662,1548.2820468680002
3495.0,18.405471801757812,2.841789722442627,1548.5877873470017
3496.0,41.90266418457031,4.238498687744141,1548.9261453140061
3497.0,41.717567443847656,4.730117321014404,1549.2232737860031
3498.0,103.30268096923828,7.15163516998291,1549.5099467920081
3499.0,147.26931762695312,9.153715133666992,1549.794673123004
3500.0,240.7314453125,8.980944633483887,1550.103689993004
3501.0,521.886962890625,16.301471710205078,1564.5678290729993
3502.0,115.57544708251953,7.598306655883789,1564.8397060940042
3503.0,18.991559982299805,3.4076342582702637,1565.1235762780125
3504.0,91.14404296875,5.876413345336914,1565.3996677520045
3505.0,119.88330841064453,7.633685111999512,1565.7648415510048
3506.0,46.528194427490234,5.250851154327393,1566.0803195980116
3507.0,63.981414794921875,5.7259674072265625,1566.364142675011
3508.0,141.2417449951172,10.180737495422363,1566.648249596008
3509.0,118.25154113769531,9.280782699584961,1566.9358675380063
3510.0,605.8983764648438,17.28478240966797,1567.2270019050047
3511.0,82.71870422363281,6.2658843994140625,1567.5314427320118
3512.0,95.31913757324219,7.7056884765625,1567.8214748320024
3513.0,17.39171028137207,2.8999059200286865,1568.1656490540045
3514.0,235.7135009765625,6.837784767150879,1568.45780027601
3515.0,51.86507797241211,4.5186333656311035,1568.7460667800042
3516.0,16.457807540893555,3.024409532546997,1569.036772468011
3517.0,75.98872375488281,6.3461995124816895,1569.3049143829994
3518.0,454.2992248535156,14.492586135864258,1569.6608103120088
3519.0,121.95655059814453,7.803204536437988,1569.9980403990048
3520.0,39.16878890991211,4.970486164093018,1570.305847021009
3521.0,73.39364624023438,5.4165849685668945,1570.5916010830115
3522.0,194.6599578857422,8.195219039916992,1570.881857572007
3523.0,39.817955017089844,5.184247970581055,1571.2184245780081
3524.0,100.12285614013672,6.566652297973633,1571.4985188270075
3525.0,231.0243377685547,8.546180725097656,1571.8711773240066
3526.0,57.17940139770508,5.552374839782715,1572.1595000290108
3527.0,99.922607421875,7.343482494354248,1572.414272457012
3528.0,57.46234130859375,5.920191287994385,1572.6974400840118
3529.0,29.966379165649414,3.9858250617980957,1573.043147799006
3530.0,104.74606323242188,7.547539710998535,1573.3642032640055
3531.0,11.985639572143555,2.485799551010132,1573.6986095260072
3532.0,26.668006896972656,3.738384962081909,1574.0084996730002
3533.0,109.61243438720703,6.272511005401611,1574.293685585013
3534.0,17.407379150390625,3.1465048789978027,1574.6060656020127
3535.0,98.32927703857422,6.4814581871032715,1574.8886810450058
3536.0,66.43134307861328,4.600283145904541,1575.1863127110119
3537.0,23.234577178955078,3.6802806854248047,1575.5082454770018
3538.0,155.69680786132812,8.83487606048584,1575.7932163290097
3539.0,20.533580780029297,3.3268141746520996,1576.0513096870127
3540.0,62.15680694580078,6.22605037689209,1576.3685949790088
3541.0,98.73198699951172,5.947914123535156,1576.666696553002
3542.0,73.52596282958984,5.812729358673096,1576.983212118008
3543.0,114.41419982910156,5.486736297607422,1577.2676763690106
3544.0,51.84765625,5.101211071014404,1577.5503561710066
3545.0,13.157360076904297,2.3278775215148926,1577.8450597320043
3546.0,113.24787902832031,9.144196510314941,1578.157560673004
3547.0,114.48736572265625,7.094855308532715,1578.4885083300032
3548.0,19.844932556152344,3.268296480178833,1578.8271558220003
3549.0,97.51579284667969,7.5107831954956055,1580.7951336320111
3550.0,56.21672821044922,4.443195819854736,1581.9736649270053
3551.0,171.48741149902344,9.157244682312012,1582.2269546820025
3552.0,151.4520721435547,10.231051445007324,1582.5151009050023
3553.0,25.377668380737305,3.7497992515563965,1582.780463979012
3554.0,155.9292449951172,7.642779350280762,1583.0676252859994
3555.0,41.35926818847656,4.676604747772217,1583.3763963650126
3556.0,48.39946365356445,5.385428428649902,1583.6948532010138
3557.0,37.311424255371094,4.734471797943115,1583.9886785929993
3558.0,55.46817398071289,5.041618824005127,1584.2446761590109
3559.0,43.22903823852539,4.253253936767578,1584.5219248420035
3560.0,78.33418273925781,5.71025276184082,1584.7866864200041
3561.0,62.01209259033203,4.53702449798584,1585.1214814450068
3562.0,97.26504516601562,6.072499752044678,1585.3981927490095
3563.0,69.67939758300781,5.502344608306885,1585.6984094880027
3564.0,592.3959350585938,20.56011199951172,1585.982722132001
3565.0,60.77385330200195,4.927888870239258,1586.2946301180054
3566.0,92.11272430419922,6.470816612243652,1586.5544898990047
3567.0,24.569271087646484,3.771880865097046,1586.8236441940098
3568.0,62.56201171875,5.024775981903076,1587.117100309013
3569.0,100.24913024902344,6.821418762207031,1587.4067698080034
3570.0,22.049169540405273,3.66106915473938,1587.7201173450012
3571.0,104.8586654663086,7.977782249450684,1588.0317640870053
3572.0,74.26300811767578,4.912096977233887,1588.3528561120038
3573.0,223.0625762939453,11.168449401855469,1588.6098414750013
3574.0,181.8952178955078,8.819936752319336,1588.8763891540002
3575.0,50.93951416015625,3.9471335411071777,1589.1757693640102
3576.0,524.3668823242188,16.231201171875,1589.4695505950076
3577.0,19.88511848449707,3.242219924926758,1589.8057915440004
3578.0,389.8004455566406,12.629034996032715,1590.122924042007
3579.0,8.55948543548584,2.093127489089966,1590.400764489008
3580.0,53.84817123413086,5.163740158081055,1590.6792271080049
3581.0,29.066381454467773,4.364799499511719,1590.9462563520065
3582.0,176.69729614257812,8.717130661010742,1591.2482658100053
3583.0,46.50138854980469,4.86292839050293,1591.534123962003
3584.0,34.08357238769531,4.460410118103027,1591.8649064700003
3585.0,706.7393188476562,20.064903259277344,1592.164526202003
3586.0,24.434139251708984,3.3942043781280518,1592.4597148630128
3587.0,155.1720733642578,7.429790496826172,1592.7240561320068
3588.0,281.7358703613281,9.359610557556152,1593.0280598940008
3589.0,117.39137268066406,8.289788246154785,1593.3298343390052
3590.0,295.7576599121094,11.984012603759766,1593.6768408360076
3591.0,105.54695892333984,7.6917572021484375,1593.9470115420118
3592.0,103.69938659667969,8.622925758361816,1594.273843662013
3593.0,27.371145248413086,4.263578414916992,1594.5913214760076
3594.0,121.6146469116211,8.108909606933594,1594.838509985013
3595.0,92.80224609375,7.028484344482422,1595.1331297460129
3596.0,171.3268585205078,8.287978172302246,1595.427502660008
3597.0,107.85393524169922,8.806207656860352,1595.6869176580076
3598.0,87.89872741699219,6.247718811035156,1596.0185472230078
3599.0,113.18257904052734,5.711271286010742,1596.3688216610026
3600.0,34.65603256225586,4.272625923156738,1596.6765250240132
3601.0,76.09031677246094,5.939679145812988,1612.55612418901
3602.0,436.05615234375,16.852962493896484,1612.8987036720064
3603.0,48.18077087402344,4.934570789337158,1613.280452913008
3604.0,62.549560546875,5.332025527954102,1613.6434712330083
3605.0,46.252342224121094,5.021705627441406,1613.9466673490097
3606.0,111.88426208496094,6.111984729766846,1614.2450183620094
3607.0,29.640310287475586,3.993523120880127,1614.5407418560062
3608.0,457.8486022949219,17.999807357788086,1614.835137535003
3609.0,111.48619079589844,8.381591796875,1615.1034814590093
3610.0,69.86128997802734,6.430224418640137,1615.391447194008
3611.0,32.23707580566406,4.233273029327393,1615.683576363008
3612.0,19.368209838867188,3.3870184421539307,1616.0024535480043
3613.0,52.04058074951172,5.3449296951293945,1616.3231468680024
3614.0,372.63299560546875,12.247488021850586,1616.6532344530133
3615.0,58.653663635253906,6.257049083709717,1616.9961704730085
3616.0,149.681396484375,9.107930183410645,1617.3182954140066
3617.0,169.69937133789062,9.011858940124512,1617.6050810630113
3618.0,115.34628295898438,6.774009704589844,1617.8816374330054
3619.0,30.03830337524414,4.155784606933594,1618.1865351550077
3620.0,38.95444869995117,4.560070037841797,1618.4812746820098
3621.0,25.965097427368164,3.8686163425445557,1618.764228141008
3622.0,343.9217834472656,10.666840553283691,1619.0856024570094
3623.0,59.562255859375,6.126729488372803,1619.3880244230095
3624.0,81.81893157958984,7.0147318840026855,1619.6843101460108
3625.0,33.06276321411133,4.401010990142822,1620.0432028900104
3626.0,1108.346923828125,27.076004028320312,1620.3289579590055
3627.0,103.39237213134766,6.66898775100708,1620.6468403160106
3628.0,143.80181884765625,7.307192802429199,1620.9502133690112
3629.0,25.30664825439453,3.6406688690185547,1621.2343316390034
3630.0,158.2106475830078,7.235384941101074,1621.5164950910112
3631.0,298.0020751953125,11.191803932189941,1621.8045499340078
3632.0,499.8861999511719,14.398612022399902,1622.0549010490067
3633.0,24.734928131103516,2.9388930797576904,1622.3413038860017
3634.0,432.5599365234375,17.101490020751953,1622.6275804120087
3635.0,31.472572326660156,3.7711520195007324,1622.9261565440102
3636.0,21.563615798950195,3.2131831645965576,1623.240128644
3637.0,11.355687141418457,2.4637317657470703,1623.560593733011
3638.0,121.99082946777344,5.746744632720947,1623.8721075040085
3639.0,31.07721710205078,4.155586242675781,1624.185069669009
3640.0,144.3224639892578,9.050182342529297,1624.4974974570068
3641.0,100.34957122802734,7.935474872589111,1624.772071984
3642.0,65.3870849609375,5.839048385620117,1625.0772301960096
3643.0,31.104372024536133,4.247653961181641,1625.4818075300136
3644.0,180.35997009277344,8.626226425170898,1625.8446825150022
3645.0,147.2533416748047,7.776936054229736,1626.1360266920092
3646.0,162.89593505859375,8.247225761413574,1626.4697899690073
3647.0,26.16720199584961,3.558880567550659,1626.7918954170018
3648.0,423.5823059082031,15.377632141113281,1627.1145937270048
3649.0,72.73638916015625,4.632032871246338,1627.4836111640034
3650.0,47.84092330932617,4.885397434234619,1627.7998968290049
3651.0,94.86099243164062,5.774561405181885,1628.0771181720047
3652.0,1507.4552001953125,37.52926254272461,1628.4334144960012
3653.0,21.181394577026367,3.5185863971710205,1628.7345596530067
3654.0,57.29082489013672,5.407068729400635,1629.1368964450085
3655.0,76.33549499511719,6.297269344329834,1629.4517852720019
3656.0,77.4397964477539,6.139408588409424,1629.728238472002
3657.0,58.74510955810547,5.011294841766357,1630.0299315250013
3658.0,35.09562683105469,4.453607559204102,1630.3759392860084
3659.0,57.80937957763672,6.233578681945801,1630.6987570690108
3660.0,75.0436019897461,6.5902886390686035,1630.9980874540051
3661.0,79.62095642089844,6.4291558265686035,1631.269141237004
3662.0,74.26911926269531,6.151186466217041,1631.5522850630077
3663.0,52.463069915771484,5.1394944190979,1631.8523246719997
3664.0,83.3804702758789,5.3671135902404785,1632.1598216860002
3665.0,48.66813659667969,4.633371353149414,1632.453021680005
3666.0,27.361597061157227,4.075089454650879,1632.7525275370135
3667.0,86.22479248046875,6.603433609008789,1633.0939330030087
3668.0,30.268226623535156,3.9706764221191406,1633.393370099002
3669.0,256.3128662109375,13.428784370422363,1633.6720052090095
3670.0,17.118600845336914,3.265615463256836,1633.9942118990002
3671.0,49.71641540527344,5.534736633300781,1634.267650765003
3672.0,70.2738265991211,5.130012035369873,1634.5400027240103
3673.0,53.89513397216797,4.839834213256836,1634.8287883560115
3674.0,782.2411499023438,25.91408348083496,1635.127531368009
3675.0,174.8463592529297,8.12487506866455,1635.4456311880058
3676.0,42.90153503417969,5.029595375061035,1635.730678043008
3677.0,112.11929321289062,8.129890441894531,1636.0085075030074
3678.0,17.063386917114258,2.9549317359924316,1636.286751409003
3679.0,41.12659454345703,4.5464911460876465,1636.5472068880044
3680.0,51.040348052978516,5.730872631072998,1636.820217643006
3681.0,89.55197143554688,6.420515060424805,1637.1099754780007
3682.0,15.604144096374512,2.7998180389404297,1637.4027156330121
3683.0,35.199954986572266,3.5123226642608643,1637.6925100700028
3684.0,78.32978057861328,5.967096328735352,1637.962471679013
3685.0,29.604299545288086,4.065796375274658,1638.2603397720086
3686.0,22.721784591674805,3.2934250831604004,1638.5585846350004
3687.0,50.803955078125,5.033436298370361,1638.8491279670125
3688.0,11.460734367370605,2.393205404281616,1639.1490808300005
3689.0,674.3707885742188,19.75199317932129,1639.4539597380062
3690.0,111.03462982177734,6.480218887329102,1639.7543418210116
3691.0,15.624664306640625,2.8086016178131104,1640.0484264710103
3692.0,22.071292877197266,3.569070816040039,1640.3488990170008
3693.0,70.52995300292969,5.271174907684326,1640.6682769040053
3694.0,11.699773788452148,2.5616304874420166,1640.9586733510077
3695.0,144.50689697265625,7.846973896026611,1641.3625164380064
3696.0,204.09617614746094,8.80859375,1641.702501177002
3697.0,58.576446533203125,5.096926689147949,1642.0939666500053
3698.0,385.5689697265625,13.695270538330078,1642.396575308012
3699.0,160.8363037109375,8.567251205444336,1642.6855893550091
3700.0,75.80955505371094,4.949972152709961,1642.9587332060037
3701.0,190.34214782714844,9.550159454345703,1658.2855895390094
3702.0,109.48419189453125,6.143307209014893,1658.5202987010125
3703.0,79.41160583496094,5.406382083892822,1658.7594863640115
3704.0,60.2249641418457,5.22045373916626,1659.0052515630086
3705.0,37.57569122314453,4.664613723754883,1659.2157108110114
3706.0,21.101543426513672,3.202716827392578,1659.4160243140068
3707.0,19.149457931518555,3.3455915451049805,1659.613379144008
3708.0,34.816749572753906,4.480899333953857,1659.8143623120122
3709.0,27.508909225463867,3.8128662109375,1660.0125394470087
3710.0,314.1510925292969,15.433422088623047,1660.2062852320087
3711.0,64.50363159179688,5.529190540313721,1660.3991312360013
3712.0,49.652748107910156,4.33937406539917,1660.5890213720122
3713.0,60.42829132080078,5.191689491271973,1660.8051877980033
3714.0,70.00933837890625,5.785274028778076,1660.9941190460086
3715.0,39.660736083984375,4.330184459686279,1661.188668171002
3716.0,59.570335388183594,4.065054893493652,1661.3859405469993
3717.0,59.68657302856445,5.296403884887695,1661.578077933009
3718.0,73.5390625,5.65712308883667,1661.771857328
3719.0,116.8609390258789,7.726728916168213,1661.9970469010004
3720.0,141.9768524169922,9.3862943649292,1662.1787015330046
3721.0,33.819820404052734,3.6261231899261475,1662.3756600780034
3722.0,47.20140838623047,4.12138032913208,1662.5717567470128
3723.0,51.869144439697266,4.422964096069336,1662.7637711860007
3724.0,26.043560028076172,3.6173129081726074,1662.9675096470019
3725.0,21.46434211730957,3.4022951126098633,1663.1712088720087
3726.0,67.43025207519531,5.336546897888184,1663.3678739030001
3727.0,34.820465087890625,3.8065497875213623,1663.5635471310088
3728.0,23.210535049438477,3.611769199371338,1663.757257314006
3729.0,64.5312271118164,5.2405548095703125,1663.9600720670132
3730.0,128.91700744628906,7.569581031799316,1664.1608681850048
3731.0,62.12675094604492,5.299189567565918,1664.3562342799996
3732.0,99.97527313232422,7.302920818328857,1664.5494529340067
3733.0,80.58067321777344,6.2474260330200195,1664.7673106970033
3734.0,34.14447784423828,3.9674487113952637,1664.969759229003
3735.0,240.8041229248047,9.435676574707031,1665.168932696004
3736.0,22.33378791809082,3.412372589111328,1665.3701279190136
3737.0,38.60282516479492,4.614288806915283,1665.5642329030088
3738.0,81.25069427490234,7.581299304962158,1665.767085370011
3739.0,94.13541412353516,6.769750595092773,1665.967468517003
3740.0,91.59392547607422,7.790228843688965,1666.1705737270095
3741.0,108.6014404296875,7.296020984649658,1666.368567581012
3742.0,62.847633361816406,6.31383752822876,1666.569617333007
3743.0,45.177452087402344,5.094475269317627,1666.7769549170043
3744.0,62.530887603759766,4.943994998931885,1666.9734767310001
3745.0,91.2110595703125,5.725444793701172,1667.1687074580113
3746.0,75.12920379638672,4.670662879943848,1667.3668163920083
3747.0,162.2972869873047,9.075037956237793,1667.5666114010091
3748.0,119.5836181640625,6.401902675628662,1667.7932896570128
3749.0,124.7683334350586,7.118886470794678,1667.9883634630096
3750.0,72.17301940917969,6.2859978675842285,1668.1863665580022
3751.0,83.60820770263672,5.840636253356934,1668.3819853780005
3752.0,111.07820129394531,6.092144012451172,1668.5845643659995
3753.0,163.02908325195312,8.556867599487305,1668.7770837670105
3754.0,50.17536544799805,5.126560688018799,1668.9828816410009
3755.0,119.12348175048828,7.020670413970947,1669.177297319009
3756.0,64.60040283203125,5.150411128997803,1669.3692450920062
3757.0,606.6130981445312,21.51235008239746,1669.5643916060071
3758.0,92.46575164794922,7.203853607177734,1669.7621249830117
3759.0,8.757600784301758,1.9732818603515625,1669.9873833770107
3760.0,54.30164337158203,5.432797908782959,1670.187553819007
3761.0,99.25183868408203,7.659725189208984,1670.3837782760093
3762.0,208.5460662841797,8.803011894226074,1670.5819166120054
3763.0,182.97512817382812,9.425152778625488,1670.7786859810003
3764.0,22.598800659179688,3.2426962852478027,1670.974739538011
3765.0,61.290611267089844,5.1588568687438965,1671.1736874140042
3766.0,28.19749641418457,3.8132987022399902,1671.3702214900113
3767.0,79.25035095214844,5.709430694580078,1671.5645336700109
3768.0,131.26353454589844,7.500479698181152,1671.7590437110048
3769.0,246.56138610839844,8.342073440551758,1671.9573865740094
3770.0,28.2699031829834,3.768876791000366,1672.158660074012
3771.0,40.92824172973633,5.123291492462158,1672.3520230130089
3772.0,80.80650329589844,5.9581685066223145,1672.5449043150002
3773.0,24.179058074951172,3.0273327827453613,1672.7381117410114
3774.0,42.17849349975586,4.896884441375732,1672.9358560750115
3775.0,116.08771514892578,8.479948043823242,1673.1319416900078
3776.0,53.82411193847656,5.74953031539917,1673.327472695004
3777.0,39.68410873413086,4.276629447937012,1673.5282406140032
3778.0,80.78392028808594,5.509589672088623,1673.7270907230122
3779.0,13.822794914245605,2.542651891708374,1673.924000559011
3780.0,184.54258728027344,7.703432559967041,1674.1215712470002
3781.0,45.6536865234375,4.7382659912109375,1674.3390510400059
3782.0,134.5728302001953,8.834090232849121,1674.5409569309995
3783.0,347.5132751464844,10.77867317199707,1674.757542354011
3784.0,278.2184753417969,11.207703590393066,1674.9551292780088
3785.0,144.79649353027344,9.956881523132324,1675.1637292970117
3786.0,99.01617431640625,5.934452533721924,1675.3719169480028
3787.0,51.67026138305664,5.338954925537109,1675.5571180280094
3788.0,52.58258819580078,5.450409889221191,1675.754906029004
3789.0,226.9446563720703,12.989870071411133,1675.9661105930136
3790.0,41.85315704345703,3.9247710704803467,1676.1842388180085
3791.0,48.660789489746094,5.6523566246032715,1676.3858363260078
3792.0,33.80637741088867,4.4652628898620605,1676.591635736011
3793.0,210.09783935546875,10.773778915405273,1676.7828482780023
3794.0,219.47640991210938,8.514229774475098,1676.9973816160054
3795.0,25.770198822021484,3.938851833343506,1677.2001078320027
3796.0,44.84436798095703,5.1694183349609375,1677.4176771740022
3797.0,27.586536407470703,4.19936466217041,1677.6365308540117
3798.0,41.61711883544922,4.329199314117432,1677.856442540011
3799.0,71.24132537841797,5.9742631912231445,1678.0586361930036
3800.0,170.7122344970703,11.032023429870605,1678.2569294390123
3801.0,31.88569450378418,3.8109757900238037,1692.384683229
3802.0,22.842119216918945,3.2962567806243896,1692.610657311001
3803.0,69.45240783691406,5.8902692794799805,1692.842466882008
3804.0,65.94400024414062,4.794011116027832,1693.0458440840011
3805.0,762.4215698242188,23.972217559814453,1693.2441141370073
3806.0,30.624919891357422,3.9229576587677,1693.4373308440117
3807.0,33.24290084838867,3.9251387119293213,1693.6606332970114
3808.0,45.13014602661133,4.172273635864258,1693.8864709560003
3809.0,24.19539451599121,3.3726823329925537,1694.0794292830105
3810.0,27.82200050354004,4.333516597747803,1694.2785477740108
3811.0,123.33537292480469,8.014918327331543,1694.4770236710028
3812.0,18.97662353515625,2.6583240032196045,1694.6798088890064
3813.0,123.52238464355469,6.944883346557617,1694.8811093969998
3814.0,147.6442413330078,7.673763275146484,1695.0784397080133
3815.0,476.7395324707031,15.286691665649414,1695.2790512610081
3816.0,190.2492218017578,11.041028022766113,1695.4981036870013
3817.0,28.036550521850586,4.233923435211182,1695.7000119540025
3818.0,61.45914077758789,5.808637619018555,1695.8977411970118
3819.0,77.1884536743164,5.633659362792969,1696.0931742070097
3820.0,72.10049438476562,6.546204090118408,1696.2955692770047
3821.0,46.23945236206055,4.839225769042969,1696.4927061720082
3822.0,51.20680618286133,5.514674663543701,1696.6909708390012
3823.0,167.39964294433594,8.804900169372559,1696.8912703080132
3824.0,29.023340225219727,4.203495502471924,1697.0893653420062
3825.0,38.539512634277344,4.889023780822754,1697.2888340440113
3826.0,24.613765716552734,3.1713287830352783,1697.4840885380108
3827.0,39.611228942871094,4.786196231842041,1697.6837957829994
3828.0,68.61941528320312,5.612452507019043,1697.8790436790005
3829.0,102.13255310058594,7.134112358093262,1698.0734216550045
3830.0,126.75540161132812,7.7569899559021,1698.2709244190046
3831.0,165.32223510742188,8.99020767211914,1698.4678792790073
3832.0,80.65664672851562,5.949163913726807,1698.6663145340135
3833.0,48.90394592285156,4.366427898406982,1698.8618615190062
3834.0,45.385555267333984,4.644306659698486,1699.0591429560009
3835.0,51.80052947998047,4.931809902191162,1699.2548544660094
3836.0,41.6318244934082,4.914187431335449,1699.4518382710085
3837.0,107.46736145019531,6.40358829498291,1699.658598197013
3838.0,38.6939697265625,3.805189847946167,1699.8455348130083
3839.0,162.34425354003906,8.111410140991211,1700.0367762040114
3840.0,12.967109680175781,2.5810022354125977,1700.2323746300099
3841.0,107.71490478515625,5.881557464599609,1700.4302703270077
3842.0,29.22341537475586,3.708649158477783,1700.6240623190097
3843.0,185.85182189941406,7.232043743133545,1700.8327818660036
3844.0,88.63729095458984,5.613157272338867,1701.0289809090027
3845.0,68.63001251220703,5.461310386657715,1701.2268968690041
3846.0,35.77527618408203,4.609204292297363,1701.4250500950002
3847.0,65.48905181884766,5.680263042449951,1701.6168037770112
3848.0,73.8033218383789,5.651827335357666,1701.816133476008
3849.0,21.021020889282227,3.2588212490081787,1702.0107113840058
3850.0,55.862789154052734,5.4194207191467285,1702.2088307119993
3851.0,27.410926818847656,4.260672092437744,1702.4035143420042
3852.0,52.42990493774414,5.135640621185303,1702.5990702250128
3853.0,20.876741409301758,3.719250202178955,1702.7951182770048
3854.0,44.11876678466797,5.5148115158081055,1702.9915565700067
3855.0,42.88534927368164,4.584760665893555,1703.1853391110053
3856.0,103.8402099609375,7.941969871520996,1703.3796204500104
3857.0,116.13002014160156,6.489203929901123,1703.5734583520098
3858.0,27.803070068359375,4.005302906036377,1703.7681359550043
3859.0,148.61541748046875,9.991786003112793,1703.9641061060101
3860.0,282.75897216796875,9.659092903137207,1704.158794805
3861.0,401.2284240722656,15.32331657409668,1704.3550305690005
3862.0,74.63739013671875,5.666780948638916,1704.5495539000112
3863.0,65.38421630859375,5.63347053527832,1704.7455116269994
3864.0,33.2813720703125,4.123565196990967,1704.9425612910127
3865.0,69.91991424560547,6.13218355178833,1705.1353987140028
3866.0,63.93216323852539,4.635015964508057,1705.3320622320025
3867.0,12.44532585144043,2.5660417079925537,1705.5302137870021
3868.0,57.16122817993164,4.51519250869751,1705.7256413880095
3869.0,183.01162719726562,8.57065486907959,1705.92315933801
3870.0,184.826904296875,6.906856536865234,1706.1196578220115
3871.0,14.704495429992676,2.8323886394500732,1706.3150601050002
3872.0,21.731840133666992,2.908642292022705,1706.5090028539998
3873.0,41.7767448425293,4.129100799560547,1706.7068330850016
3874.0,68.65997314453125,5.458047389984131,1706.9102359880053
3875.0,41.65653991699219,4.147068977355957,1707.1058710110083
3876.0,152.6112060546875,6.105876445770264,1707.300219444005
3877.0,144.81689453125,7.0026726722717285,1707.4929738120118
3878.0,38.06193923950195,3.823773145675659,1707.6871232150006
3879.0,746.50146484375,26.06819725036621,1707.8808095520071
3880.0,566.2859497070312,16.928985595703125,1708.0754372500087
3881.0,12.081694602966309,2.5447492599487305,1708.269955820011
3882.0,80.47286987304688,5.483626365661621,1708.4635572190018
3883.0,49.164329528808594,5.0616044998168945,1708.6586062960123
3884.0,29.20867919921875,3.716644048690796,1708.8580969980103
3885.0,207.0257568359375,9.14315414428711,1709.0465507770132
3886.0,337.45947265625,15.971545219421387,1709.2385943210102
3887.0,76.93058013916016,5.589069843292236,1709.4336745910114
3888.0,39.346397399902344,4.155302047729492,1709.6249995880062
3889.0,84.37593841552734,7.317073822021484,1709.8243128890026
3890.0,56.170963287353516,4.212156295776367,1710.0471270980051
3891.0,239.45077514648438,7.7117204666137695,1710.2417485930055
3892.0,34.22751235961914,4.391201972961426,1710.4353263960074
3893.0,172.77223205566406,7.226649761199951,1710.6266381870082
3894.0,62.86245346069336,6.095163345336914,1710.824372387011
3895.0,72.41304016113281,5.8324995040893555,1711.0198857470095
3896.0,99.16867065429688,6.05921745300293,1711.2194854090048
3897.0,50.05078887939453,5.325811862945557,1711.431721661007
3898.0,118.57105255126953,6.940064430236816,1711.6344550100039
3899.0,77.01681518554688,6.217613220214844,1711.8365935050097
3900.0,149.37631225585938,7.656721115112305,1712.028160990012
3901.0,57.32577896118164,5.712191581726074,1729.4891036440094
3902.0,60.942176818847656,5.516756534576416,1729.771705436011
3903.0,204.3036651611328,7.287463665008545,1730.0524754409998
3904.0,71.80223846435547,7.177895545959473,1730.3338221840095
3905.0,145.61013793945312,9.452191352844238,1730.631678610007
3906.0,37.9321403503418,4.635773181915283,1730.9468540450034
3907.0,132.17404174804688,8.152023315429688,1731.2196875990048
3908.0,141.90179443359375,8.600558280944824,1731.5005007520085
3909.0,145.33639526367188,8.749752044677734,1731.8157046070119
3910.0,25.920713424682617,3.2607429027557373,1732.1022745010123
3911.0,34.05681228637695,4.420533657073975,1732.448116821004
3912.0,158.62686157226562,7.697851181030273,1732.813020710004
3913.0,88.61690521240234,6.425299644470215,1733.1068892080075
3914.0,19.49114990234375,3.1885554790496826,1733.4195636070071
3915.0,125.76979064941406,7.554404258728027,1733.6804676810134
3916.0,47.282257080078125,4.863049507141113,1733.9655349550012
3917.0,33.96929931640625,4.105027675628662,1734.2938895520056
3918.0,13.071831703186035,2.776426076889038,1734.580779130003
3919.0,66.23735809326172,5.085435390472412,1734.9913346940011
3920.0,38.42597198486328,5.002508640289307,1735.3340189560113
3921.0,94.34696960449219,7.764105319976807,1735.6068239200104
3922.0,79.32852935791016,7.051149368286133,1735.8897771160118
3923.0,50.61004638671875,4.7711405754089355,1736.1588229770132
3924.0,25.887046813964844,3.5734314918518066,1736.4752195000037
3925.0,47.09490966796875,5.294977188110352,1736.7895227380068
3926.0,22.97223472595215,3.2478151321411133,1737.0457419500017
3927.0,50.53372573852539,5.383172988891602,1737.32585410701
3928.0,46.03828811645508,3.904761552810669,1737.616934095
3929.0,421.6111755371094,16.412019729614258,1737.8733482500102
3930.0,13.09134292602539,2.6591506004333496,1738.1646607280127
3931.0,72.32894897460938,6.248532295227051,1738.4860619390092
3932.0,761.6246337890625,22.093210220336914,1738.8434960820014
3933.0,67.58624267578125,6.263113498687744,1739.114028149008
3934.0,64.4381103515625,6.46791410446167,1739.4528777960077
3935.0,119.2427978515625,5.931374549865723,1739.7468292330013
3936.0,17.174692153930664,2.8010950088500977,1740.0379211010004
3937.0,101.4767837524414,8.793703079223633,1740.309902884008
3938.0,142.99427795410156,6.961627960205078,1740.5576736229996
3939.0,225.6992645263672,9.902753829956055,1740.8190026390075
3940.0,34.19041061401367,4.206668853759766,1741.0904973100114
3941.0,33.93848419189453,3.4067134857177734,1741.4027486660052
3942.0,50.5068244934082,4.471755504608154,1741.6851179229998
3943.0,178.20510864257812,11.318570137023926,1741.9532732210064
3944.0,32.576026916503906,4.111624717712402,1742.2472360050015
3945.0,130.7843017578125,7.88310432434082,1742.536797467008
3946.0,74.68842315673828,5.6481733322143555,1742.8394200130133
3947.0,163.52383422851562,9.822610855102539,1743.1017427110055
3948.0,15.925663948059082,3.0326688289642334,1743.361847060005
3949.0,16.747018814086914,2.9825634956359863,1743.6804474470118
3950.0,17.633106231689453,3.293964385986328,1743.9564262060012
3951.0,191.84486389160156,6.366192817687988,1744.222490322005
3952.0,115.99311065673828,6.971000671386719,1744.5046968410024
3953.0,62.46974182128906,5.518235206604004,1744.7850634800125
3954.0,222.86099243164062,10.436708450317383,1745.0462289810093
3955.0,16.637731552124023,2.7798449993133545,1745.3035172640084
3956.0,25.220117568969727,3.2421231269836426,1745.571968141012
3957.0,29.202312469482422,4.122293472290039,1745.877537739012
3958.0,89.30097198486328,6.23749303817749,1746.1496884740045
3959.0,187.28756713867188,8.607394218444824,1746.461537643001
3960.0,26.852943420410156,4.254234790802002,1746.7535148130119
3961.0,54.911888122558594,5.7879509925842285,1747.029578517002
3962.0,169.62347412109375,10.609724998474121,1747.301793376013
3963.0,100.36087036132812,8.711346626281738,1747.5530602680083
3964.0,82.40412902832031,5.968549728393555,1747.8101047330128
3965.0,65.57018280029297,5.475932598114014,1748.059953945005
3966.0,592.8634643554688,17.635173797607422,1748.3414907540136
3967.0,53.89298629760742,4.809534072875977,1748.6322499439993
3968.0,41.398555755615234,4.545984745025635,1748.9212043950101
3969.0,53.88484191894531,5.364914894104004,1749.2530148600054
3970.0,109.24443054199219,7.264893054962158,1749.5456140450115
3971.0,109.48307037353516,7.281104564666748,1749.8214347660105
3972.0,287.99383544921875,10.963322639465332,1750.0806763250002
3973.0,110.31511688232422,7.5791497230529785,1750.3711331960076
3974.0,87.15312957763672,6.394901275634766,1750.645407922013
3975.0,218.66075134277344,9.79771614074707,1750.9303522720002
3976.0,99.99597930908203,6.612886905670166,1751.2104645590007
3977.0,57.48481369018555,5.627003192901611,1751.4806292360008
3978.0,88.9616928100586,5.771534442901611,1751.7653995090077
3979.0,60.1166877746582,5.34965181350708,1752.0478119610052
3980.0,60.78005599975586,5.350006580352783,1752.3338795420132
3981.0,40.78542709350586,4.454455852508545,1752.6680498019996
3982.0,32.133262634277344,4.6147260665893555,1752.9550281330012
3983.0,28.478139877319336,4.091461181640625,1753.2306363660027
3984.0,115.74014282226562,6.707777976989746,1753.5561173360038
3985.0,10.069235801696777,2.245283603668213,1753.8712088790053
3986.0,26.329219818115234,3.321286201477051,1754.130381423005
3987.0,20.076955795288086,3.2398335933685303,1754.3949141810008
3988.0,48.973426818847656,5.348330497741699,1754.66684376201
3989.0,63.855159759521484,4.972681999206543,1754.971249211012
3990.0,73.3605728149414,6.617348670959473,1755.2484587740037
3991.0,100.1028823852539,7.549603462219238,1755.5467351560073
3992.0,44.06158447265625,5.0922040939331055,1755.8165098050085
3993.0,108.18883514404297,8.914292335510254,1756.088962910013
3994.0,238.15614318847656,9.861433982849121,1756.372986308008
3995.0,34.76152038574219,4.531221866607666,1756.6529189220018
3996.0,126.9307632446289,7.677576065063477,1756.936416474011
3997.0,294.4574890136719,12.107625007629395,1757.2121769380028
3998.0,23.087858200073242,3.723597764968872,1757.4824722420017
3999.0,677.854248046875,19.50286865234375,1757.7676272420067
4000.0,768.3580322265625,23.003650665283203,1758.054012602006
4001.0,70.33979034423828,4.925177574157715,1772.1429105090065
4002.0,69.17394256591797,4.802441120147705,1772.4238637510134
4003.0,12.877748489379883,2.4090213775634766,1772.6983535970066
4004.0,24.036897659301758,3.241943597793579,1772.9920187690004
4005.0,55.514892578125,5.37050199508667,1773.2726979750005
4006.0,81.35581970214844,6.0154876708984375,1773.553526114003
4007.0,425.1429443359375,18.792316436767578,1773.8176151650114
4008.0,214.00270080566406,11.808238983154297,1774.0828696560056
4009.0,162.76026916503906,7.9341278076171875,1774.3658614400047
4010.0,55.80867385864258,5.3577775955200195,1774.6911114820105
4011.0,208.1552734375,10.870038032531738,1774.9764528020023
4012.0,76.69669342041016,6.801535606384277,1775.2887739270082
4013.0,150.2788543701172,8.900981903076172,1775.5798316960136
4014.0,135.9973907470703,9.024178504943848,1775.8742512140016
4015.0,93.57584381103516,5.760069847106934,1776.1602946740022
4016.0,38.82170867919922,4.501708030700684,1776.4294841960073
4017.0,199.52513122558594,7.8681817054748535,1776.729225507006
4018.0,35.74763870239258,4.461915016174316,1777.0288288980082
4019.0,99.81434631347656,6.135974884033203,1777.2935910160013
4020.0,47.32190704345703,4.875743865966797,1777.575803328
4021.0,22.273832321166992,3.8563385009765625,1777.8571673870028
4022.0,55.07331085205078,5.013083457946777,1778.14120100101
4023.0,57.627647399902344,5.947331428527832,1778.4240243180102
4024.0,80.9549789428711,6.22802209854126,1778.7230402429996
4025.0,91.93499755859375,6.2366623878479,1778.999057043009
4026.0,347.9875793457031,11.98934555053711,1779.3000308440096
4027.0,99.93896484375,7.303455829620361,1779.5630691930128
4028.0,79.42782592773438,7.004939556121826,1779.8663341680076
4029.0,125.33560180664062,9.465205192565918,1780.1900812340027
4030.0,208.781982421875,9.219075202941895,1780.4462964859995
4031.0,32.94656753540039,3.8571887016296387,1780.7466946050117
4032.0,34.817501068115234,4.488818645477295,1781.049164976008
4033.0,131.93406677246094,8.904094696044922,1781.3377881010092
4034.0,63.30352783203125,5.466082572937012,1781.6153840160114
4035.0,55.205039978027344,4.82231330871582,1781.8785737330036
4036.0,422.7628173828125,18.979999542236328,1782.1639647970005
4037.0,208.78378295898438,9.216571807861328,1782.4705236120062
4038.0,77.66366577148438,6.290668487548828,1782.7583498080057
4039.0,34.73701095581055,4.5895233154296875,1783.0621661920013
4040.0,71.54200744628906,5.713338851928711,1783.3388919130084
4041.0,20.99274444580078,3.6587014198303223,1783.595414897005
4042.0,17.018468856811523,2.7267274856567383,1783.8855332260136
4043.0,211.98800659179688,10.300263404846191,1784.165877943
4044.0,119.20594787597656,7.884920120239258,1784.4300321250048
4045.0,293.6497497558594,12.227398872375488,1784.7304168740084
4046.0,24.457923889160156,3.5636818408966064,1785.0012286450074
4047.0,19.721975326538086,3.392146110534668,1785.282717168011
4048.0,16.4984073638916,3.1010491847991943,1785.5793750600133
4049.0,19.082651138305664,3.172142267227173,1785.8578350580065
4050.0,69.13963317871094,5.59636926651001,1786.1439256230078
4051.0,81.84848022460938,6.025867462158203,1786.412460896012
4052.0,37.460025787353516,4.3436279296875,1786.7041185470007
4053.0,165.7230224609375,8.622557640075684,1786.9865380570118
4054.0,135.96762084960938,8.068902969360352,1787.2559534360043
4055.0,530.9215087890625,16.492431640625,1787.5414154220052
4056.0,101.16734313964844,5.980454921722412,1787.8905133040098
4057.0,15.498213768005371,3.005479574203491,1788.160041451003
4058.0,23.04953384399414,3.29733943939209,1788.4269337100122
4059.0,30.925277709960938,4.161000728607178,1788.7116566160112
4060.0,40.851261138916016,4.566930770874023,1789.003747322
4061.0,95.84441375732422,6.200700759887695,1789.2873714470043
4062.0,87.2381820678711,6.96816349029541,1789.5798401560023
4063.0,93.30374908447266,8.49291706085205,1789.8933695140004
4064.0,94.81755828857422,7.643221378326416,1790.2111396270047
4065.0,51.05363845825195,6.065749645233154,1790.4938524720055
4066.0,83.65974426269531,7.467090606689453,1790.7703912800062
4067.0,36.288150787353516,4.16883659362793,1791.0365876290016
4068.0,70.8614501953125,6.321108341217041,1791.337043276013
4069.0,202.7760467529297,8.079477310180664,1791.6581247569993
4070.0,306.71826171875,9.216761589050293,1791.991957146005
4071.0,48.977108001708984,4.19223165512085,1792.2950969030062
4072.0,45.783470153808594,4.838968276977539,1792.5875326550013
4073.0,17.536222457885742,2.851318597793579,1792.8624111490062
4074.0,27.649017333984375,4.060689926147461,1793.1419983850064
4075.0,45.4026985168457,4.368223190307617,1793.4314738540124
4076.0,54.76419448852539,5.548367500305176,1793.6963663910137
4077.0,67.22036743164062,4.793020725250244,1794.0332245380123
4078.0,21.102262496948242,3.0366361141204834,1794.3540928940056
4079.0,78.96162414550781,4.957727432250977,1794.7845225300116
4080.0,35.466468811035156,4.055521488189697,1795.0891038950067
4081.0,67.98408508300781,5.3593597412109375,1795.3743483569997
4082.0,346.8673400878906,10.580327987670898,1795.671078984
4083.0,44.552024841308594,5.58445930480957,1795.9145973300037
4084.0,48.03178787231445,5.646543025970459,1796.1948109560035
4085.0,25.457862854003906,4.027584552764893,1796.5303063790052
4086.0,21.848419189453125,3.316603422164917,1796.85990223501
4087.0,177.02322387695312,7.339028835296631,1797.2592768850009
4088.0,21.861024856567383,3.4643216133117676,1797.5526143490133
4089.0,28.838346481323242,4.125211238861084,1797.8296013250074
4090.0,139.76634216308594,8.680837631225586,1798.1449815140077
4091.0,56.59427261352539,4.362316608428955,1798.4638144680066
4092.0,87.44761657714844,4.694661617279053,1798.7440100880049
4093.0,301.3014221191406,11.695026397705078,1799.0379301230132
4094.0,41.377044677734375,4.074392795562744,1799.33356194901
4095.0,36.917476654052734,5.046594619750977,1799.6243733170122
4096.0,71.53363037109375,6.021452903747559,1799.9012833960005
4097.0,68.33114624023438,5.7728271484375,1800.1570581440028
4098.0,17.30396270751953,2.7898709774017334,1800.4423463730054
4099.0,46.254486083984375,4.1325273513793945,1800.7197140780045
4100.0,42.386085510253906,4.8808112144470215,1801.0016931710124
4101.0,75.4836654663086,5.710563659667969,1815.4020916900045
4102.0,320.4417724609375,16.778900146484375,1815.695570453012
4103.0,24.920276641845703,3.528806686401367,1815.9686742340127
4104.0,39.560791015625,4.239141941070557,1816.2489505330013
4105.0,57.35826110839844,4.966031074523926,1816.5096795220015
4106.0,33.708717346191406,4.1829657554626465,1816.7923920330068
4107.0,30.604736328125,4.254756450653076,1817.0758572060004
4108.0,331.2737731933594,7.328384876251221,1817.357796865006
4109.0,80.05067443847656,6.710915565490723,1817.6204790100019
4110.0,55.828453063964844,5.320073127746582,1817.8956866240042
4111.0,141.6329803466797,9.182595252990723,1818.192121126005
4112.0,174.79714965820312,9.247343063354492,1818.4794580710004
4113.0,50.17073440551758,5.886270523071289,1818.7687370590138
4114.0,180.1053009033203,11.29159927368164,1819.0716884560097
4115.0,1243.711669921875,30.357311248779297,1819.3536934810109
4116.0,267.2292785644531,12.997294425964355,1819.6650533990032
4117.0,151.498779296875,8.790401458740234,1819.9680270360113
4118.0,118.79109954833984,8.335250854492188,1820.2445480400056
4119.0,113.87461853027344,8.352577209472656,1820.5245545220096
4120.0,223.48873901367188,8.734456062316895,1820.80896940401
4121.0,97.25717163085938,7.873993873596191,1821.1063294790074
4122.0,100.88843536376953,6.612026214599609,1821.4205089550087
4123.0,32.98051071166992,4.353282928466797,1821.7113166240015
4124.0,57.71207046508789,4.734527587890625,1821.9790722020116
4125.0,75.39130401611328,7.014057159423828,1822.2577830100054
4126.0,39.824607849121094,4.48807954788208,1822.5338132730103
4127.0,67.09907531738281,5.138143539428711,1822.8127625360066
4128.0,47.70863723754883,4.936809539794922,1823.0977732669999
4129.0,74.57188415527344,6.16731071472168,1823.3885043560003
4130.0,10.765295028686523,2.256035804748535,1823.679431171011
4131.0,91.6511459350586,6.590731620788574,1823.9894871200086
4132.0,68.0131607055664,6.489893436431885,1824.2816484600044
4133.0,20.920963287353516,3.1332199573516846,1824.6107423510111
4134.0,33.2886848449707,3.97206449508667,1824.9132482860005
4135.0,58.146419525146484,4.677720546722412,1825.2034408260079
4136.0,36.548248291015625,4.485284328460693,1825.5352935640112
4137.0,107.29121398925781,8.14571475982666,1825.8508733100025
4138.0,39.28504180908203,5.065666675567627,1826.1474001740135
4139.0,100.89192199707031,5.9116010665893555,1826.3986220330116
4140.0,13.331389427185059,2.556260108947754,1826.6694025830075
4141.0,819.9931640625,20.094135284423828,1827.0727996220085
4142.0,31.2169132232666,3.788191556930542,1827.394387983004
4143.0,101.61764526367188,6.654628276824951,1827.6933386000019
4144.0,95.3823013305664,5.899689674377441,1827.9733378650126
4145.0,13.15911865234375,2.528174877166748,1828.273900428001
4146.0,72.83016967773438,6.584408760070801,1828.5823737470055
4147.0,278.4739685058594,10.666988372802734,1828.880818029007
4148.0,72.5886459350586,5.404390811920166,1829.2112997020013
4149.0,187.2001495361328,9.030538558959961,1829.5138210580044
4150.0,15.779990196228027,3.0483665466308594,1829.8177989720134
4151.0,138.52334594726562,8.670328140258789,1830.1204383600125
4152.0,287.6455383300781,12.212971687316895,1830.4069329520134
4153.0,32.9234733581543,4.32590389251709,1830.8453247900034
4154.0,24.813081741333008,3.607942819595337,1831.233624658009
4155.0,78.92855072021484,4.606700897216797,1831.685839968006
4156.0,25.7767333984375,2.954280138015747,1832.0570081400074
4157.0,38.14200973510742,4.020430564880371,1832.3758481680125
4158.0,63.46258544921875,5.560291767120361,1832.7275646600028
4159.0,25.581130981445312,4.138141632080078,1833.013260524007
4160.0,10.332254409790039,2.3074564933776855,1833.3278588230023
4161.0,68.31586456298828,5.644989967346191,1833.6540827220015
4162.0,19.72085952758789,3.2470555305480957,1833.974984149012
4163.0,146.8871612548828,7.459650039672852,1834.3559255700093
4164.0,14.578564643859863,3.1505799293518066,1834.6462746560137
4165.0,107.02269744873047,6.72611665725708,1835.1034019460058
4166.0,650.6956787109375,19.576824188232422,1835.4389262950135
4167.0,48.774635314941406,5.218801021575928,1835.7730708300078
4168.0,97.8813247680664,6.4181647300720215,1836.2261769160104
4169.0,21.07015037536621,3.015993595123291,1836.6416982650117
4170.0,86.89221954345703,8.133498191833496,1836.9816504580085
4171.0,149.08770751953125,7.978052139282227,1837.2942005610093
4172.0,88.63449096679688,8.151198387145996,1837.692387040006
4173.0,129.59420776367188,8.292981147766113,1838.0311114159995
4174.0,276.5255126953125,9.070964813232422,1838.516792858005
4175.0,116.10987091064453,7.9014201164245605,1838.8369680530013
4176.0,26.154735565185547,3.825629949569702,1839.120657804
4177.0,54.80040740966797,5.142666339874268,1839.4306025210099
4178.0,65.04542541503906,5.43769645690918,1839.695385116007
4179.0,45.32551574707031,3.753502368927002,1840.0154785190098
4180.0,178.97555541992188,13.097227096557617,1840.2918032730086
4181.0,27.323589324951172,3.568122148513794,1840.5587570160133
4182.0,19.99762725830078,3.4524736404418945,1840.835374057002
4183.0,35.35356903076172,4.089893341064453,1841.0898247680016
4184.0,375.4270324707031,14.922093391418457,1841.3839704600105
4185.0,140.01092529296875,6.255251407623291,1841.703121028011
4186.0,1312.9315185546875,36.41282272338867,1841.991502932011
4187.0,46.194515228271484,4.282810688018799,1842.3347071260068
4188.0,111.25059509277344,8.704319953918457,1842.706108946004
4189.0,71.02701568603516,6.178651332855225,1842.9832389110088
4190.0,102.17581176757812,7.513041019439697,1843.2828902220062
4191.0,37.354827880859375,4.37798547744751,1843.5786896890058
4192.0,138.9148406982422,9.08426284790039,1843.8625652440096
4193.0,499.658447265625,16.619050979614258,1844.1970417289995
4194.0,208.65371704101562,7.861349582672119,1844.514463042011
4195.0,207.1595458984375,10.947731018066406,1844.8629325150105
4196.0,1251.8155517578125,30.494464874267578,1845.1507306790008
4197.0,303.5048828125,13.336028099060059,1845.5253687220102
4198.0,78.32279968261719,7.076127529144287,1845.9047586170054
4199.0,185.4091033935547,9.831880569458008,1846.6236870590074
4200.0,44.3982048034668,4.913518905639648,1847.1237758330099
4201.0,50.14112091064453,5.360942840576172,1863.8128749060124
4202.0,33.319252014160156,3.8142402172088623,1864.1371465859993
4203.0,46.474159240722656,5.0825114250183105,1864.4118226990104
4204.0,91.0940170288086,6.083065509796143,1864.7098832180054
4205.0,115.70281982421875,6.260462760925293,1864.993143257001
4206.0,11.888742446899414,2.231740951538086,1865.2721633830079
4207.0,41.840702056884766,4.136687755584717,1865.5453229740087
4208.0,25.765684127807617,4.04332971572876,1865.8647032560111
4209.0,23.90256690979004,3.7668375968933105,1866.1206676280126
4210.0,86.13462829589844,6.378552436828613,1866.409091656009
4211.0,524.1680908203125,19.0645809173584,1866.6925840270123
4212.0,87.82210540771484,6.37776517868042,1867.0781047390046
4213.0,181.84185791015625,7.341536521911621,1867.3646464850026
4214.0,35.732261657714844,4.314120292663574,1867.673290317005
4215.0,72.73445892333984,6.936206817626953,1867.9600189510093
4216.0,183.014892578125,7.176249027252197,1868.2519755590038
4217.0,42.41099166870117,4.393538475036621,1868.552453316006
4218.0,107.28592681884766,6.62145471572876,1868.8634213390033
4219.0,78.81655883789062,5.839666843414307,1869.150081084008
4220.0,77.45491790771484,6.30448055267334,1869.4438166050095
4221.0,45.21186447143555,4.499011516571045,1869.7617754910025
4222.0,18.02022933959961,3.19940185546875,1870.0349144430074
4223.0,102.13111877441406,6.215492248535156,1870.3068612990028
4224.0,54.775821685791016,5.801126003265381,1870.6342431680096
4225.0,95.19719696044922,6.364992618560791,1870.9373424160003
4226.0,41.643531799316406,3.537519693374634,1871.2838925910037
4227.0,119.66386413574219,6.973854064941406,1871.5695729810104
4228.0,14.245661735534668,2.3949179649353027,1871.94773017001
4229.0,28.09508514404297,3.8028483390808105,1872.2518127310032
4230.0,180.29913330078125,7.549258708953857,1872.5487340020045
4231.0,11.202333450317383,2.506747007369995,1872.9264806310093
4232.0,30.368803024291992,4.246723175048828,1873.227170817001
4233.0,42.267303466796875,4.933269500732422,1873.4923076500127
4234.0,51.029747009277344,4.950013160705566,1873.7718311830104
4235.0,56.173824310302734,5.06674337387085,1874.0783453020122
4236.0,69.76807403564453,5.569952487945557,1874.3470492150082
4237.0,128.37269592285156,6.682289123535156,1874.660612814012
4238.0,31.219406127929688,3.743711471557617,1874.944957647007
4239.0,38.754920959472656,4.097580909729004,1875.230884568009
4240.0,115.29351043701172,6.226751327514648,1875.5402179360099
4241.0,93.73722076416016,6.3808794021606445,1875.8557910730015
4242.0,20.826175689697266,3.302968978881836,1876.1676032110117
4243.0,67.75186920166016,5.734869956970215,1876.487111059003
4244.0,59.499027252197266,5.878957271575928,1876.8061465420033
4245.0,81.43220520019531,4.352832794189453,1877.11998211201
4246.0,8.33055591583252,2.167409896850586,1877.4508955690108
4247.0,154.0105743408203,10.366209030151367,1877.8186847640027
4248.0,102.93848419189453,6.262940406799316,1878.0979548210016
4249.0,196.66053771972656,8.211432456970215,1878.3558345760102
4250.0,117.48841857910156,7.701866149902344,1878.6475299370068
4251.0,42.96902084350586,4.498310565948486,1878.9418164170056
4252.0,192.4984588623047,8.906846046447754,1879.246466237004
4253.0,66.98152160644531,6.125699043273926,1879.559684345004
4254.0,454.3584899902344,13.661766052246094,1879.8547636150033
4255.0,169.10162353515625,8.862449645996094,1880.1507343539997
4256.0,98.3597412109375,6.776650428771973,1880.4357569300046
4257.0,24.349409103393555,4.17637300491333,1880.7229428940045
4258.0,48.472320556640625,4.512461185455322,1880.9991654550104
4259.0,93.73065948486328,6.5787672996521,1881.274844340005
4260.0,46.695884704589844,4.67381477355957,1881.5560345820122
4261.0,35.97523880004883,4.872007846832275,1881.8324030090007
4262.0,60.60602951049805,5.259500980377197,1882.107899583003
4263.0,19.075130462646484,3.0232794284820557,1882.404664734
4264.0,14.68891429901123,2.4084606170654297,1882.6807774860063
4265.0,23.163957595825195,3.7467870712280273,1882.958475862004
4266.0,73.36438751220703,5.398395538330078,1883.2493847400037
4267.0,28.03238296508789,3.5939364433288574,1883.5285351240018
4268.0,62.39984130859375,4.778507232666016,1883.8111104820127
4269.0,242.20860290527344,10.764569282531738,1884.109585409009
4270.0,68.5730972290039,5.878262519836426,1884.415684366002
4271.0,36.45512390136719,4.594362735748291,1884.7107950190111
4272.0,30.877519607543945,3.1666784286499023,1884.9965852360037
4273.0,221.79586791992188,8.095894813537598,1885.2789925740071
4274.0,22.733375549316406,2.9911460876464844,1885.5647226370056
4275.0,151.51637268066406,8.713249206542969,1885.8864744310122
4276.0,49.45572280883789,5.274677753448486,1886.1565314550098
4277.0,241.85719299316406,9.154572486877441,1886.4433493950055
4278.0,81.2556381225586,6.028801441192627,1886.7291775460035
4279.0,29.183481216430664,3.618438482284546,1886.9989746140054
4280.0,95.9031982421875,6.975027084350586,1887.3056405450043
4281.0,54.53069305419922,4.844829082489014,1887.5896646710025
4282.0,43.56029510498047,4.7591118812561035,1887.8923749120004
4283.0,43.67805862426758,4.985257148742676,1888.1845607030118
4284.0,29.23943519592285,4.007919788360596,1888.4692804940132
4285.0,40.86237335205078,4.286519527435303,1888.802326740013
4286.0,67.04235076904297,5.473082542419434,1889.0973466630094
4287.0,35.90673065185547,3.781255006790161,1889.4029552819993
4288.0,79.11933135986328,6.5926947593688965,1889.6925322690076
4289.0,264.7550354003906,12.762428283691406,1890.0139574519999
4290.0,17.047157287597656,2.711839437484741,1890.3016733870027
4291.0,48.9068489074707,5.405123233795166,1890.5886116880138
4292.0,53.40597915649414,4.816762447357178,1890.8752274480066
4293.0,128.76864624023438,9.26782512664795,1891.1608067060006
4294.0,54.10284423828125,5.572617053985596,1891.4360570790013
4295.0,37.82020568847656,3.8213844299316406,1891.7049225250084
4296.0,198.8904571533203,8.387444496154785,1891.9486532170122
4297.0,45.629234313964844,4.6985297203063965,1892.204462010006
4298.0,186.66998291015625,9.52198314666748,1892.9833014500036
4299.0,57.318931579589844,4.704607963562012,1896.1375582950132
4300.0,42.65150833129883,4.548739910125732,1899.1535795390082
4301.0,22.701635360717773,3.2519001960754395,1914.4177261910081
4302.0,35.626495361328125,4.1200079917907715,1914.692000741008
4303.0,361.6235656738281,11.810962677001953,1914.9737244749995
4304.0,33.81377029418945,3.903643846511841,1915.253276375006
4305.0,38.41698455810547,4.886336803436279,1915.5363139050023
4306.0,55.23795700073242,5.1485161781311035,1915.8458793989994
4307.0,470.806640625,16.640625,1916.1173882700095
4308.0,202.32090759277344,11.564380645751953,1916.3880282960017
4309.0,26.783889770507812,4.179837226867676,1916.6567750710092
4310.0,31.87400245666504,3.9230775833129883,1916.9887439200102
4311.0,31.098752975463867,4.097235202789307,1917.2847234229994
4312.0,231.38433837890625,11.453717231750488,1917.6010975470126
4313.0,70.1751937866211,4.462957859039307,1917.8725363920094
4314.0,87.01849365234375,6.433224678039551,1918.1694268590072
4315.0,164.7093505859375,9.026148796081543,1918.4546996330027
4316.0,404.0951232910156,14.693474769592285,1918.7394253480015
4317.0,78.6741714477539,6.37558126449585,1919.033103765003
4318.0,61.00231170654297,4.897547721862793,1919.284040532002
4319.0,220.09722900390625,11.224164962768555,1919.5567506930092
4320.0,45.74525451660156,4.487689971923828,1919.8526900630095
4321.0,167.87791442871094,7.113000392913818,1920.1429791140108
4322.0,55.92615509033203,5.0397629737854,1920.4322821720125
4323.0,35.19309616088867,4.5286712646484375,1920.7316418350092
4324.0,275.20477294921875,10.508554458618164,1921.03463706201
4325.0,230.51934814453125,8.706820487976074,1921.3294073180004
4326.0,16.754358291625977,2.958432197570801,1921.6276494320045
4327.0,85.51963806152344,6.1110334396362305,1921.893039884002
4328.0,356.354736328125,15.200597763061523,1922.1868741320068
4329.0,30.431171417236328,4.130469799041748,1922.5094464270078
4330.0,193.8853302001953,9.2037992477417,1922.768449014009
4331.0,160.83328247070312,8.326789855957031,1923.0408589050057
4332.0,66.22937774658203,4.909173011779785,1923.3384122860007
4333.0,66.65079498291016,5.842226028442383,1923.6876207960013
4334.0,76.90987396240234,5.925199508666992,1924.0139403520006
4335.0,112.40274810791016,8.626616477966309,1924.3362213220098
4336.0,114.86296844482422,7.584201335906982,1924.6235371340008
4337.0,53.84904861450195,5.153450012207031,1924.9158084660012
4338.0,201.91761779785156,9.559100151062012,1925.1927116480074
4339.0,162.0986785888672,7.5422163009643555,1925.5104559490137
4340.0,152.20704650878906,7.428049087524414,1925.8214409770007
4341.0,26.11316680908203,3.870570659637451,1926.0929619110102
4342.0,174.9212188720703,9.48557186126709,1926.3783067460026
4343.0,287.75860595703125,13.059883117675781,1926.6802696280065
4344.0,89.35979461669922,7.145782947540283,1926.9474594060011
4345.0,65.08155059814453,5.215466499328613,1927.2514416570048
4346.0,77.02603912353516,4.956097602844238,1927.5507255180128
4347.0,35.39036560058594,4.050578594207764,1927.864631067001
4348.0,66.72972869873047,6.344820022583008,1928.1532824349997
4349.0,27.497554779052734,3.7417044639587402,1928.4345181550016
4350.0,48.224525451660156,5.398397445678711,1928.7355968870106
4351.0,98.1229476928711,7.706784248352051,1929.0341419800097
4352.0,46.18556213378906,4.788486003875732,1929.3190474650037
4353.0,52.69107437133789,5.734850883483887,1929.6085941140045
4354.0,26.04319953918457,4.327077865600586,1929.8964993560076
4355.0,102.356201171875,6.30981969833374,1930.1689253080112
4356.0,38.45744323730469,4.7927961349487305,1930.4471161710098
4357.0,62.88372802734375,5.973720073699951,1930.7611081360083
4358.0,15.639126777648926,2.968130111694336,1931.026966276011
4359.0,452.2657165527344,15.965933799743652,1931.3062981910043
4360.0,29.1057071685791,3.9998598098754883,1931.594563087012
4361.0,48.71109390258789,4.6770524978637695,1931.901050023007
4362.0,19.390851974487305,2.9100708961486816,1932.2022699210065
4363.0,94.36600494384766,7.54056453704834,1932.4865899870056
4364.0,142.8030548095703,7.280245780944824,1932.7650337920059
4365.0,286.2475891113281,11.19878101348877,1933.045824441011
4366.0,380.4738464355469,15.322222709655762,1933.3411643550062
4367.0,93.15544891357422,6.061031341552734,1933.6405600760045
4368.0,106.9507827758789,7.2173919677734375,1933.918847606008
4369.0,26.345401763916016,3.480841636657715,1934.1993059140077
4370.0,121.1019515991211,7.839722156524658,1934.4782850290067
4371.0,60.09660720825195,6.016749858856201,1934.7814684610057
4372.0,76.24032592773438,5.883734226226807,1935.0532684370119
4373.0,815.3954467773438,21.188467025756836,1935.3841257020104
4374.0,97.23438262939453,7.275307655334473,1935.6549603900057
4375.0,161.61117553710938,8.640918731689453,1935.9468013480073
4376.0,32.01218032836914,3.3423922061920166,1936.2450097500114
4377.0,51.4214973449707,5.188927173614502,1936.5788971650036
4378.0,97.39929962158203,5.562979221343994,1936.8837737300055
4379.0,450.8159484863281,15.655014038085938,1937.2218604780064
4380.0,35.254905700683594,4.279879570007324,1937.5290255960135
4381.0,90.05242156982422,7.808132171630859,1937.8095997610071
4382.0,28.10639190673828,3.638218879699707,1938.1273115390068
4383.0,173.4715576171875,8.179104804992676,1938.4196752990101
4384.0,31.26063346862793,4.4994916915893555,1938.695565963004
4385.0,62.894779205322266,4.956496238708496,1938.9829424630007
4386.0,148.2808380126953,8.51076889038086,1939.3069501910068
4387.0,230.8460693359375,8.148359298706055,1939.607133772006
4388.0,21.484037399291992,3.5903236865997314,1939.8733067680005
4389.0,30.935531616210938,4.103579998016357,1940.1615533720033
4390.0,73.9333267211914,5.264032363891602,1940.4588257330033
4391.0,57.96101760864258,4.99337100982666,1940.7327442530077
4392.0,128.70046997070312,7.057236194610596,1941.011068576001
4393.0,90.94573211669922,6.1363067626953125,1941.2995176469994
4394.0,18.97620391845703,3.3271520137786865,1941.6159299550054
4395.0,26.745195388793945,4.001723766326904,1941.9438795120077
4396.0,215.871826171875,10.396337509155273,1942.2389738400088
4397.0,116.58253479003906,7.18911075592041,1942.5365715690132
4398.0,72.84017181396484,4.608883857727051,1942.7957451170078
4399.0,28.00194549560547,4.043489933013916,1943.0930493020132
4400.0,46.168636322021484,4.926779270172119,1943.374082773007
4401.0,96.9410629272461,6.395324230194092,1959.7967479770014
4402.0,153.7100067138672,6.865498065948486,1960.095841552
4403.0,21.740352630615234,3.398780584335327,1960.3707798560063
4404.0,42.26279067993164,3.784281015396118,1960.6810916440008
4405.0,27.93642234802246,3.8071353435516357,1961.0066018040088
4406.0,50.447174072265625,5.4753522872924805,1961.3256881609996
4407.0,53.05813217163086,4.919651508331299,1961.6180190450104
4408.0,403.45458984375,16.783517837524414,1961.9019335330086
4409.0,53.05458450317383,4.732346057891846,1962.1716683070117
4410.0,72.65090942382812,5.619080066680908,1962.4679262980062
4411.0,58.13644790649414,5.8198418617248535,1962.7533652870043
4412.0,35.97072219848633,4.399746894836426,1963.0570469830127
4413.0,132.64743041992188,9.51487922668457,1963.3368252880027
4414.0,96.50946044921875,7.956453800201416,1963.6308811360068
4415.0,93.54629516601562,6.64886474609375,1963.955877504006
4416.0,90.76189422607422,6.830179214477539,1964.2623186690034
4417.0,36.24370193481445,3.9694666862487793,1964.5926499290072
4418.0,72.6075668334961,4.1348466873168945,1964.8938267320045
4419.0,12.438308715820312,2.6286282539367676,1965.2251753360033
4420.0,34.31688690185547,3.405912160873413,1965.5004439240001
4421.0,40.6044807434082,4.683178901672363,1965.831874882002
4422.0,172.69439697265625,10.777442932128906,1966.1177769330097
4423.0,9.391236305236816,2.040584087371826,1966.4194427620096
4424.0,101.21805572509766,6.257465362548828,1966.7089837380045
4425.0,16.039058685302734,2.628156900405884,1967.0048394740006
4426.0,14.385815620422363,2.904953956604004,1967.3592971880134
4427.0,14.592655181884766,2.548023223876953,1967.6377433260059
4428.0,35.039100646972656,4.709117412567139,1967.9488701000082
4429.0,42.67353057861328,4.317258834838867,1968.222911777004
4430.0,26.059438705444336,3.8104729652404785,1968.5088573740068
4431.0,108.03170013427734,7.717915058135986,1968.80903116001
4432.0,84.23333740234375,5.373900413513184,1969.087956665011
4433.0,30.99884033203125,4.221256256103516,1969.3922786309995
4434.0,18.165170669555664,2.830577850341797,1969.712343420004
4435.0,76.87411499023438,5.28725528717041,1970.0512713450007
4436.0,105.49018859863281,5.804577827453613,1970.3268897600065
4437.0,96.27286529541016,6.176381587982178,1970.6113512640004
4438.0,56.108638763427734,5.928805351257324,1970.8794091270101
4439.0,61.2897834777832,5.450432300567627,1971.1734922700125
4440.0,30.899524688720703,4.527462005615234,1971.4409154919995
4441.0,135.17311096191406,6.838737487792969,1971.7163150080014
4442.0,77.48867797851562,5.297412872314453,1972.0261151740124
4443.0,13.012533187866211,2.209537982940674,1972.3284100950113
4444.0,51.089603424072266,5.060387134552002,1972.6278115800087
4445.0,75.94141387939453,5.931634902954102,1972.923708952003
4446.0,40.34870147705078,4.52283239364624,1973.2285331450112
4447.0,191.18600463867188,9.149826049804688,1973.5147333800123
4448.0,84.98601531982422,6.459354877471924,1973.7799613000097
4449.0,78.29486846923828,6.907248497009277,1974.0547616580006
4450.0,46.39588928222656,4.437869071960449,1974.3439221270091
4451.0,24.33443832397461,3.848453998565674,1974.6209700620093
4452.0,86.54718017578125,7.0767011642456055,1974.9268784910091
4453.0,85.72409057617188,7.372273921966553,1975.222227522012
4454.0,55.770118713378906,4.458830833435059,1975.6366584010102
4455.0,66.25509643554688,5.183755397796631,1975.9233704490034
4456.0,19.832164764404297,2.990792751312256,1976.2198896110058
4457.0,22.8125,3.995326519012451,1976.5211188140092
4458.0,19.573993682861328,3.3902697563171387,1976.8074303540052
4459.0,54.14699935913086,4.796973705291748,1977.1217041790078
4460.0,92.43235778808594,6.437841415405273,1977.4357044010103
4461.0,618.1243896484375,16.742958068847656,1977.7196702540095
4462.0,37.82223129272461,4.1461005210876465,1977.9926436020032
4463.0,553.609375,17.919443130493164,1978.2687466180068
4464.0,31.32248306274414,3.396728277206421,1978.5543908750114
4465.0,46.738548278808594,4.461463451385498,1978.8128932030086
4466.0,25.04188346862793,3.8724753856658936,1979.0940422050044
4467.0,63.6763801574707,4.300041198730469,1979.366492622008
4468.0,21.276578903198242,3.4576759338378906,1979.6640725290054
4469.0,492.7309875488281,10.38902759552002,1979.9728303690063
4470.0,16.19490623474121,2.8746602535247803,1980.2591463190038
4471.0,148.32376098632812,8.794534683227539,1980.5422509769996
4472.0,27.175312042236328,3.3938727378845215,1980.8457798010058
4473.0,42.83625793457031,3.973961114883423,1981.1851203940023
4474.0,19.31725311279297,3.288498878479004,1981.4574634420132
4475.0,33.51712417602539,4.050830841064453,1981.7542601780005
4476.0,121.12627410888672,7.230848789215088,1982.1143777960096
4477.0,88.32530975341797,8.25269889831543,1982.3987847420067
4478.0,81.85021209716797,5.475174427032471,1982.6719035920105
4479.0,194.98086547851562,9.281148910522461,1983.008941322012
4480.0,30.551393508911133,4.40280818939209,1983.3458037050004
4481.0,25.55040168762207,3.7341647148132324,1983.657142422002
4482.0,64.79949951171875,5.327052116394043,1983.9366398160055
4483.0,37.09984588623047,3.299041509628296,1984.2295207290008
4484.0,154.21595764160156,6.968156814575195,1984.487041186003
4485.0,84.42636108398438,6.190269470214844,1984.7719119230023
4486.0,55.43928909301758,4.840781211853027,1985.0761310780072
4487.0,22.149158477783203,3.116246461868286,1985.3552732370008
4488.0,39.15976333618164,4.406730651855469,1985.6498181850038
4489.0,40.584957122802734,4.181036949157715,1985.9290401670005
4490.0,72.58480072021484,5.818434238433838,1986.2209964040085
4491.0,61.01747512817383,4.760519981384277,1986.5030670350097
4492.0,22.813142776489258,3.661245822906494,1986.8435749630007
4493.0,108.53022766113281,7.977090835571289,1987.1778771080135
4494.0,34.022525787353516,4.345556735992432,1987.4977989710023
4495.0,159.53402709960938,9.869890213012695,1987.7643492460047
4496.0,26.011112213134766,3.423185110092163,1988.037872685003
4497.0,92.75225830078125,7.592005729675293,1988.3536442860059
4498.0,71.04411315917969,6.66141414642334,1988.6916321600002
4499.0,97.5067367553711,6.047040939331055,1989.043619295
4500.0,74.8558120727539,6.338442325592041,1989.378876162009
4501.0,49.095699310302734,5.129750728607178,2003.952025650011
4502.0,58.97799301147461,4.122300624847412,2004.2482845900086
4503.0,16.835369110107422,2.963322162628174,2004.5720748890017
4504.0,27.408721923828125,3.134488582611084,2004.863814248005
4505.0,27.776689529418945,4.133152008056641,2005.1464452060027
4506.0,55.137516021728516,5.051520824432373,2005.4307862860005
4507.0,88.50064086914062,6.460369110107422,2005.6963342610106
4508.0,75.47463989257812,5.991854190826416,2005.9683741420013
4509.0,17.33565902709961,2.9310224056243896,2006.2492106400023
4510.0,242.56314086914062,11.61056900024414,2006.5171098570136
4511.0,34.74838638305664,4.140825271606445,2006.8021006380004
4512.0,21.030771255493164,3.4445080757141113,2007.0857127300114
4513.0,37.13186264038086,4.437412738800049,2007.379844369003
4514.0,45.04313659667969,4.5799031257629395,2007.681901259013
4515.0,124.45207977294922,6.859738349914551,2007.9689271230018
4516.0,27.309728622436523,4.150382041931152,2008.259454567
4517.0,70.4139404296875,5.188657760620117,2008.5516677760024
4518.0,54.60707473754883,5.858216285705566,2008.8468723670085
4519.0,151.1257781982422,9.310368537902832,2009.1514418750012
4520.0,113.10301208496094,7.977532386779785,2009.4418284710118
4521.0,52.7690315246582,5.34796667098999,2009.716171993001
4522.0,100.21047973632812,5.808990955352783,2009.9883226770035
4523.0,16.968505859375,3.168142080307007,2010.2749857529998
4524.0,138.82762145996094,7.377562999725342,2010.5547027020075
4525.0,66.67779541015625,5.943324565887451,2010.8360240990005
4526.0,128.5903778076172,6.356153964996338,2011.1252780870127
4527.0,14.955927848815918,2.5663790702819824,2011.4096515070123
4528.0,31.615921020507812,4.449962615966797,2011.6750888740062
4529.0,232.80142211914062,11.866293907165527,2011.9663147009996
4530.0,299.5434265136719,14.214323043823242,2012.254099512007
4531.0,99.49141693115234,5.584578514099121,2012.5635274520027
4532.0,116.27501678466797,8.722872734069824,2012.8180081590108
4533.0,88.37227630615234,6.214446544647217,2013.1022587270127
4534.0,22.97039794921875,3.708353042602539,2013.3770993620128
4535.0,30.896303176879883,4.323969841003418,2013.7127712070069
4536.0,63.256080627441406,6.135695457458496,2014.02900503001
4537.0,222.77182006835938,9.55759334564209,2014.3349289280013
4538.0,32.014915466308594,4.281796932220459,2014.6161760140094
4539.0,23.97465705871582,3.914027452468872,2014.8874909490114
4540.0,45.63780975341797,5.3419189453125,2015.1689792000107
4541.0,150.1148223876953,6.76723051071167,2015.4329664660036
4542.0,41.5822868347168,4.830404281616211,2016.499571155
4543.0,223.5523223876953,9.96249008178711,2018.624264212005
4544.0,48.44943618774414,5.167868614196777,2018.9857661760034
4545.0,48.53248977661133,4.256543159484863,2019.2737471630098
4546.0,142.05870056152344,6.887512683868408,2019.567304480006
4547.0,46.26563262939453,4.951928615570068,2019.9222823080054
4548.0,37.39542007446289,4.465575695037842,2020.2145898810122
4549.0,23.562349319458008,3.643737316131592,2020.5450265750114
4550.0,57.727500915527344,3.704711437225342,2020.9155451110128
4551.0,164.53921508789062,9.449894905090332,2021.2370930650068
4552.0,42.521244049072266,4.127993106842041,2021.561090795003
4553.0,581.8701171875,18.004533767700195,2021.9755566730018
4554.0,124.51349639892578,7.09227991104126,2022.3225529090123
4555.0,66.76866149902344,5.3605217933654785,2022.624518320008
4556.0,32.900367736816406,4.439263820648193,2022.983925189008
4557.0,47.96866226196289,5.772518157958984,2023.2531048920064
4558.0,63.18459701538086,5.068938255310059,2023.533229810011
4559.0,76.05135345458984,6.523488521575928,2023.8281174440053
4560.0,126.94847106933594,6.792231559753418,2024.1088034630084
4561.0,51.10718536376953,4.106626033782959,2024.4420129070058
4562.0,75.48523712158203,5.064516544342041,2024.7580401220039
4563.0,340.7315673828125,11.09179973602295,2025.0902822820062
4564.0,31.48245620727539,4.5036516189575195,2025.430593254001
4565.0,373.88665771484375,13.762046813964844,2025.824097764009
4566.0,23.297542572021484,3.705793619155884,2026.1230163520086
4567.0,37.81242752075195,4.984600067138672,2026.4660291559994
4568.0,125.78823852539062,7.640692710876465,2026.7407459150127
4569.0,35.22634506225586,4.300983428955078,2027.0400083340064
4570.0,52.345943450927734,4.947474002838135,2027.3347204130114
4571.0,66.24132537841797,5.56164026260376,2027.6309276600077
4572.0,378.334228515625,13.48606014251709,2027.966811117003
4573.0,249.2757110595703,8.896761894226074,2028.2386882130086
4574.0,454.9548645019531,14.797280311584473,2028.6367746739998
4575.0,20.85683822631836,3.5829219818115234,2029.0321590100066
4576.0,86.30509948730469,6.343987464904785,2029.365799141
4577.0,68.43778228759766,5.498691082000732,2029.6576238380076
4578.0,26.088930130004883,3.9332706928253174,2029.936584812007
4579.0,171.66842651367188,6.640365123748779,2030.2277497960022
4580.0,105.62259674072266,7.112502574920654,2030.558883071004
4581.0,114.05489349365234,8.904091835021973,2030.8223139600013
4582.0,25.61233139038086,3.7091917991638184,2031.114468276006
4583.0,26.88178253173828,3.421980857849121,2031.4289733800106
4584.0,88.35970306396484,7.234740257263184,2031.7311340279994
4585.0,71.42501831054688,5.546738147735596,2032.0286041750078
4586.0,22.657752990722656,3.1420183181762695,2032.2949362000072
4587.0,28.453407287597656,3.9669735431671143,2032.5702425850031
4588.0,161.23316955566406,7.293284893035889,2032.8609660320071
4589.0,31.870771408081055,3.199174165725708,2033.1326739040087
4590.0,398.5544128417969,16.755535125732422,2033.4122428539995
4591.0,183.21417236328125,8.061909675598145,2033.674044860003
4592.0,310.7646179199219,11.604419708251953,2033.9714066470042
4593.0,62.692176818847656,5.37145471572876,2034.2766280210053
4594.0,62.00023651123047,5.898372173309326,2034.5562091380125
4595.0,173.4823455810547,8.727848052978516,2034.8320755349996
4596.0,734.9212036132812,25.76089859008789,2035.0826909300085
4597.0,202.07989501953125,10.911626815795898,2035.3599769249995
4598.0,233.2582550048828,10.836255073547363,2035.6599399710103
4599.0,37.70172882080078,4.722945213317871,2035.998401268007
4600.0,175.10215759277344,9.190262794494629,2036.3554786130117
4601.0,118.84191131591797,7.475797176361084,2050.1334417580074
4602.0,145.2876434326172,7.508092403411865,2050.384229674004
4603.0,112.21412658691406,6.706238746643066,2050.669434432013
4604.0,74.31232452392578,6.566303730010986,2050.973747033
4605.0,172.91075134277344,9.71560001373291,2051.3411688540073
4606.0,68.06058502197266,5.224908828735352,2051.6166192100063
4607.0,15.262765884399414,2.6614627838134766,2051.903291229013
4608.0,105.05879974365234,6.771334648132324,2052.1915067340015
4609.0,51.4554557800293,5.383066177368164,2052.4594416870095
4610.0,14.14426326751709,2.5515406131744385,2052.756460241013
4611.0,179.03114318847656,9.74083423614502,2053.042378557002
4612.0,53.35370635986328,4.781035423278809,2053.343953238
4613.0,16.34402084350586,2.856060743331909,2053.6376485440123
4614.0,80.504638671875,6.184009075164795,2053.909310526011
4615.0,45.611793518066406,4.788639545440674,2054.1998952870053
4616.0,32.39925765991211,3.6737968921661377,2054.462696736009
4617.0,40.13946533203125,5.509528636932373,2054.7448044140037
4618.0,60.3514404296875,5.604808807373047,2055.0259796090104
4619.0,12.872722625732422,2.5962412357330322,2055.2919988520007
4620.0,27.07257080078125,3.3039138317108154,2055.556038818002
4621.0,16.19352912902832,3.1737799644470215,2055.828265531003
4622.0,44.289424896240234,5.100673675537109,2056.1354287450085
4623.0,65.18150329589844,5.313272476196289,2056.4268875230046
4624.0,21.72674560546875,3.3654966354370117,2056.727140695002
4625.0,225.8065185546875,9.88198471069336,2056.980234879011
4626.0,39.534271240234375,3.405669927597046,2057.254837862012
4627.0,45.83159255981445,3.966031074523926,2057.521227849007
4628.0,58.38414764404297,4.684130668640137,2057.8044956130034
4629.0,483.45123291015625,17.0269832611084,2058.103962955007
4630.0,21.626720428466797,3.1894946098327637,2058.3960162150033
4631.0,10.996580123901367,2.3471508026123047,2058.6847361050022
4632.0,102.69966125488281,7.124176502227783,2058.9530393740133
4633.0,118.12683868408203,6.355147361755371,2059.243497663003
4634.0,43.8560676574707,5.0185322761535645,2059.541199684012
4635.0,38.98973846435547,4.197875022888184,2059.852519594002
4636.0,54.9829216003418,4.688622951507568,2060.1283591200045
4637.0,177.93759155273438,6.995482444763184,2060.412893370012
4638.0,123.67938232421875,8.622446060180664,2060.693493204002
4639.0,48.2458610534668,4.7278242111206055,2060.9762776800053
4640.0,46.665802001953125,4.405447483062744,2061.269018390012
4641.0,29.473609924316406,3.260007858276367,2061.5541148180055
4642.0,60.2100715637207,4.495242595672607,2061.8640078280005
4643.0,30.309797286987305,4.098235130310059,2062.143773735006
4644.0,29.679210662841797,4.169919013977051,2062.4022473420046
4645.0,161.4263458251953,9.647321701049805,2062.660392802005
4646.0,71.39401245117188,6.27968692779541,2062.9228669060103
4647.0,39.47515869140625,4.779561519622803,2063.2346247520036
4648.0,101.34248352050781,7.964730262756348,2063.522749818003
4649.0,146.58807373046875,9.443620681762695,2063.8118985480105
4650.0,41.022857666015625,4.123896598815918,2064.120362129004
4651.0,53.925113677978516,4.710544586181641,2064.4218493890075
4652.0,53.41962814331055,5.492065906524658,2064.7141374030034
4653.0,43.759056091308594,4.806128978729248,2064.9999718180043
4654.0,66.052001953125,6.264049530029297,2065.262933845006
4655.0,62.1225471496582,4.626475811004639,2065.563909054006
4656.0,9.714777946472168,2.055741310119629,2065.8458863370033
4657.0,26.682065963745117,3.6947789192199707,2066.13395992601
4658.0,13.512426376342773,2.6381425857543945,2066.422316522003
4659.0,89.84806060791016,5.593334197998047,2066.6863527000096
4660.0,47.46524429321289,5.093846797943115,2066.98766078701
4661.0,29.36210823059082,3.978470802307129,2067.2761485630035
4662.0,113.96028137207031,7.46229887008667,2067.5844921560056
4663.0,143.94326782226562,7.339463233947754,2067.8478317890113
4664.0,31.663389205932617,4.574838638305664,2068.111739968008
4665.0,42.389076232910156,4.783411979675293,2068.3918632770074
4666.0,70.61459350585938,5.881585121154785,2068.6602360610123
4667.0,63.09992599487305,5.441472053527832,2068.94174219
4668.0,16.092998504638672,2.657813549041748,2069.2114289750025
4669.0,22.04494857788086,3.4854342937469482,2069.5034328760084
4670.0,53.25027084350586,5.42138671875,2069.8142820290086
4671.0,123.27243041992188,6.489553451538086,2070.1135700030136
4672.0,16.743377685546875,2.6302852630615234,2070.435828018002
4673.0,22.77378273010254,3.591329574584961,2070.742767595002
4674.0,15.954989433288574,2.895587921142578,2071.070425703001
4675.0,146.3294219970703,6.889474868774414,2071.358976099
4676.0,232.69569396972656,12.097434997558594,2071.6490237260005
4677.0,149.754638671875,8.333539962768555,2071.9355554330104
4678.0,24.321489334106445,3.8702170848846436,2072.217001405006
4679.0,122.85861206054688,7.409200191497803,2072.499586887003
4680.0,14.328577995300293,2.8159079551696777,2072.795062074001
4681.0,222.26702880859375,9.332263946533203,2073.082608924
4682.0,55.904518127441406,6.227110385894775,2073.3546432510047
4683.0,110.97007751464844,6.081638336181641,2073.6487282180024
4684.0,74.05321502685547,5.360453128814697,2073.933123323004
4685.0,74.6368408203125,6.888861179351807,2074.2203987530083
4686.0,83.55845642089844,5.819477558135986,2074.5064967400103
4687.0,94.2890853881836,6.712960243225098,2074.7883664500114
4688.0,87.92374420166016,5.846669673919678,2075.1038430340122
4689.0,57.49348449707031,4.917959690093994,2075.404021126
4690.0,39.22011947631836,4.74556303024292,2075.6934534030006
4691.0,70.8646240234375,5.536526203155518,2075.972209215004
4692.0,111.56787109375,7.391604423522949,2076.237469469008
4693.0,151.97584533691406,7.011148929595947,2076.5516673360107
4694.0,162.286376953125,7.837551593780518,2076.86525532401
4695.0,146.30450439453125,10.108582496643066,2077.184162663005
4696.0,96.55802154541016,5.934964179992676,2077.5030342870014
4697.0,120.32118225097656,8.957759857177734,2077.896124623003
4698.0,11.699186325073242,2.223851442337036,2078.2906518310047
4699.0,237.6448211669922,13.441561698913574,2078.619886962013
4700.0,40.05837631225586,4.661862373352051,2078.962782240007
4701.0,50.56217575073242,5.050203323364258,2094.792635673002
4702.0,132.69683837890625,7.212747573852539,2095.1117074280046
4703.0,35.71437454223633,4.0340576171875,2095.450347816004
4704.0,114.93779754638672,6.117101192474365,2095.7185199520027
4705.0,143.33909606933594,10.257380485534668,2096.034258340005
4706.0,20.815670013427734,3.4687485694885254,2096.350883872001
4707.0,78.6294174194336,6.069124698638916,2096.6582999790116
4708.0,85.6691665649414,7.020495891571045,2096.9616890160105
4709.0,77.19232940673828,5.338826656341553,2097.315541445001
4710.0,105.0133056640625,4.833683967590332,2097.76982830801
4711.0,29.526233673095703,4.304187297821045,2098.1160283730133
4712.0,56.145137786865234,4.774427890777588,2098.4021098970115
4713.0,231.7992706298828,14.121441841125488,2098.708700784002
4714.0,102.51470947265625,6.169302463531494,2098.9800444890134
4715.0,22.681964874267578,3.749872922897339,2099.3035473000054
4716.0,182.3005828857422,9.303398132324219,2099.574836897009
4717.0,83.15853118896484,7.0549139976501465,2099.8549814430007
4718.0,109.56209564208984,7.707319736480713,2100.1593200100033
4719.0,11.28852367401123,2.637045383453369,2100.466590024007
4720.0,29.311649322509766,3.9232897758483887,2100.7747213740076
4721.0,53.21080780029297,4.570747375488281,2101.103677234001
4722.0,18.763626098632812,2.7665228843688965,2101.444764374013
4723.0,25.91275978088379,3.382230520248413,2101.789963314004
4724.0,125.23957824707031,8.485221862792969,2102.1192216920026
4725.0,45.799190521240234,4.09445858001709,2102.4397860320023
4726.0,47.00210189819336,4.421491622924805,2102.6859555030096
4727.0,169.99176025390625,7.2137627601623535,2102.9539096320077
4728.0,31.95711898803711,4.385342121124268,2103.287377927001
4729.0,75.6033935546875,5.443145751953125,2103.589274015001
4730.0,97.91841125488281,6.66727352142334,2103.9215679870103
4731.0,53.21825408935547,5.495255470275879,2104.2209158240003
4732.0,80.97515106201172,6.642381191253662,2104.481149326006
4733.0,44.49134063720703,4.462538242340088,2104.7390448560036
4734.0,31.61664390563965,3.3373985290527344,2104.990213544006
4735.0,13.91093921661377,2.6190035343170166,2105.310889712011
4736.0,60.55596160888672,6.116906642913818,2105.615626400002
4737.0,29.363672256469727,4.3491621017456055,2105.9048670850025
4738.0,15.529970169067383,2.996156930923462,2106.1961098240135
4739.0,69.19815063476562,5.485496520996094,2106.426447427002
4740.0,15.266701698303223,3.253037929534912,2106.693803112008
4741.0,18.034704208374023,3.5276834964752197,2106.9876380370115
4742.0,60.56130599975586,4.65968132019043,2107.2984294010093
4743.0,543.8169555664062,15.192137718200684,2107.5814018830133
4744.0,19.72744369506836,3.4504637718200684,2107.8803163539997
4745.0,79.1615219116211,5.316614151000977,2108.1845654520002
4746.0,44.84379577636719,5.420998573303223,2108.460362599013
4747.0,108.47587585449219,6.518080711364746,2108.8002287560084
4748.0,31.834976196289062,4.184039115905762,2109.14163920001
4749.0,24.46562385559082,3.4486706256866455,2109.401704120013
4750.0,75.57307434082031,5.964444160461426,2109.676607524001
4751.0,18.48155403137207,2.9510879516601562,2109.9810929860105
4752.0,70.28851318359375,6.840959548950195,2110.28890651901
4753.0,45.92148208618164,4.535654544830322,2110.6290734440117
4754.0,20.206279754638672,3.071721076965332,2110.9438011470047
4755.0,181.61407470703125,7.679403781890869,2111.260585852011
4756.0,33.87647247314453,3.7996151447296143,2111.6073646120058
4757.0,18.5716609954834,3.3943049907684326,2111.954277670011
4758.0,631.49072265625,18.323467254638672,2112.2386645720107
4759.0,19.881635665893555,3.3024964332580566,2112.5204204860056
4760.0,250.48867797851562,9.756112098693848,2112.821239323006
4761.0,52.49461364746094,4.554889678955078,2113.149202149012
4762.0,79.33280944824219,5.995532035827637,2113.478174623
4763.0,45.456851959228516,4.911500453948975,2113.7639626890013
4764.0,57.80852127075195,5.034481525421143,2114.024330510001
4765.0,37.691200256347656,4.421757221221924,2114.313326787
4766.0,117.53453826904297,4.4590678215026855,2114.666969569007
4767.0,19.819869995117188,3.301729917526245,2114.972737342003
4768.0,24.034761428833008,3.761021375656128,2115.2799611210066
4769.0,61.702823638916016,5.4148969650268555,2115.58177099601
4770.0,208.29244995117188,10.193989753723145,2115.8686664230045
4771.0,58.75503158569336,5.728665828704834,2116.2372702210123
4772.0,50.256980895996094,5.586770057678223,2116.524517320009
4773.0,254.314453125,9.141144752502441,2116.8463466880057
4774.0,43.48872756958008,5.245622634887695,2117.1240249340044
4775.0,32.00504684448242,3.9748969078063965,2117.4341935170087
4776.0,85.56217956542969,8.5291748046875,2117.7271167710132
4777.0,71.86530303955078,5.7475385665893555,2118.0643225530075
4778.0,118.1611328125,9.342264175415039,2118.3248067540117
4779.0,471.5544738769531,15.394867897033691,2118.6143597390037
4780.0,24.158891677856445,3.595262050628662,2118.89177847901
4781.0,62.771339416503906,4.788401126861572,2119.154665148002
4782.0,15.444247245788574,2.765657424926758,2119.4013907700137
4783.0,50.19184875488281,5.152830600738525,2119.732976649
4784.0,33.66355895996094,3.395977735519409,2120.043222560009
4785.0,32.96234893798828,3.66835618019104,2120.3237086780136
4786.0,20.508604049682617,3.185579299926758,2120.6296757080127
4787.0,92.29219818115234,6.092385292053223,2120.9113701919996
4788.0,26.551515579223633,3.6141469478607178,2121.203407854002
4789.0,85.69583892822266,7.163017749786377,2121.4657426910126
4790.0,36.98858642578125,4.026458263397217,2121.7908043660136
4791.0,82.83706665039062,5.913440227508545,2122.120017928013
4792.0,15.26624584197998,2.818312883377075,2122.616213283007
4793.0,65.43550109863281,5.759644031524658,2122.9129953140073
4794.0,115.92115783691406,4.45556640625,2123.2090886050137
4795.0,20.114999771118164,2.969475507736206,2123.5248015310062
4796.0,122.41459655761719,8.29535961151123,2123.8848206010007
4797.0,22.228208541870117,3.1702749729156494,2124.247721740001
4798.0,538.074462890625,14.965302467346191,2124.545197919011
4799.0,89.04217529296875,6.196776866912842,2124.900846924007
4800.0,55.114200592041016,4.835994243621826,2125.171888453013
4801.0,61.074222564697266,5.38750696182251,2148.297102368
4802.0,129.36538696289062,5.305511951446533,2148.567477784003
4803.0,69.88166809082031,5.498732089996338,2148.9673336380074
4804.0,46.23732376098633,4.932104587554932,2149.3642069370107
4805.0,37.375579833984375,4.685872554779053,2149.8505284030107
4806.0,69.0835952758789,5.423267364501953,2150.2381756430113
4807.0,15.984742164611816,2.6265687942504883,2150.6135039640067
4808.0,24.558923721313477,3.865000009536743,2150.9046085910086
4809.0,79.93197631835938,5.913954257965088,2151.3498206810036
4810.0,73.31394958496094,6.430805206298828,2151.670726425
4811.0,68.77935028076172,5.235887050628662,2152.1123333910073
4812.0,275.8359069824219,10.0152587890625,2152.4311143470113
4813.0,75.68878173828125,5.72365140914917,2152.714961043006
4814.0,22.035625457763672,3.438969135284424,2153.0600107050122
4815.0,405.8603820800781,13.039834976196289,2153.436862515009
4816.0,43.41223907470703,4.872256278991699,2153.6963039620023
4817.0,184.46925354003906,9.972323417663574,2153.977983334
4818.0,40.511356353759766,4.119019985198975,2154.357084178002
4819.0,45.92176818847656,4.86963415145874,2154.704378349008
4820.0,85.59410858154297,5.691880226135254,2155.010265104007
4821.0,54.071815490722656,5.164762496948242,2155.4017086710082
4822.0,65.87791442871094,6.66343879699707,2155.74088349301
4823.0,36.24547576904297,4.30470609664917,2156.0367042900034
4824.0,49.589176177978516,5.0325117111206055,2156.3195994920097
4825.0,95.5396957397461,5.965947151184082,2156.6429137710074
4826.0,30.614574432373047,4.256260395050049,2157.03848497101
4827.0,26.502779006958008,3.304304599761963,2157.4047094660054
4828.0,82.95549774169922,6.722271919250488,2157.723639927004
4829.0,84.16041564941406,6.495570659637451,2158.1249600790034
4830.0,132.91461181640625,7.6409149169921875,2158.508716507
4831.0,44.19190216064453,4.7547502517700195,2158.835538471001
4832.0,60.961334228515625,5.146401405334473,2159.1512896080094
4833.0,63.09438705444336,5.66449499130249,2159.5465666220116
4834.0,59.18952178955078,4.830392837524414,2159.829417743007
4835.0,28.835954666137695,4.0407490730285645,2160.171140178005
4836.0,24.454862594604492,3.7504806518554688,2160.486621658012
4837.0,17.076122283935547,2.7724499702453613,2160.814614435003
4838.0,264.53082275390625,10.525289535522461,2161.1156078950007
4839.0,79.59136962890625,6.602180480957031,2161.431825743013
4840.0,150.04005432128906,9.173044204711914,2161.7902824910125
4841.0,58.1191291809082,5.0236616134643555,2162.0769629200076
4842.0,27.665151596069336,4.226670742034912,2162.3926618190017
4843.0,70.4102554321289,6.287415027618408,2162.681526253
4844.0,19.146442413330078,2.7866344451904297,2162.99216865201
4845.0,190.5420379638672,7.2079668045043945,2163.3580564310105
4846.0,134.8778076171875,6.195359706878662,2163.6458114270063
4847.0,98.3043441772461,6.006724834442139,2163.9648964790103
4848.0,68.54259490966797,5.603640079498291,2164.3001413510065
4849.0,419.15887451171875,14.99946117401123,2164.556920121002
4850.0,336.7703857421875,13.977821350097656,2164.8402054290054
4851.0,45.77915954589844,4.590804100036621,2165.1391149350093
4852.0,89.35357666015625,6.0024614334106445,2165.3942111220094
4853.0,76.42760467529297,5.765026569366455,2165.7056540510093
4854.0,76.0495376586914,5.370807647705078,2165.983053093005
4855.0,13.318302154541016,2.702658176422119,2166.2695735020097
4856.0,104.51992797851562,5.876622676849365,2166.589772719002
4857.0,69.64646911621094,5.004859447479248,2166.8640880990133
4858.0,61.16505813598633,5.780916690826416,2167.157311469011
4859.0,76.93184661865234,6.360760688781738,2167.440763457009
4860.0,29.27696990966797,4.123528480529785,2167.71897437601
4861.0,82.03470611572266,6.468573570251465,2168.0127433450107
4862.0,67.53557586669922,5.987567901611328,2168.31486216301
4863.0,37.097007751464844,3.7346014976501465,2168.591504766009
4864.0,96.32271575927734,6.455233573913574,2168.8780546160124
4865.0,283.92218017578125,9.008566856384277,2169.174076553012
4866.0,112.1496353149414,8.04171085357666,2169.457516802009
4867.0,71.36141967773438,6.443636894226074,2169.776595526011
4868.0,65.02265930175781,6.298408508300781,2170.077573349001
4869.0,28.741058349609375,3.6267101764678955,2170.3818162960088
4870.0,33.18320846557617,4.651401996612549,2170.664027347011
4871.0,135.6691131591797,6.312106609344482,2170.927888737002
4872.0,30.0201416015625,3.31491756439209,2171.2311358770094
4873.0,32.491539001464844,4.2446417808532715,2171.521875347011
4874.0,37.82303237915039,4.23142671585083,2171.812994221007
4875.0,170.63739013671875,6.815302848815918,2172.0810256820114
4876.0,138.35629272460938,9.12407398223877,2172.3706912300113
4877.0,67.40573120117188,5.504934787750244,2172.6945454840024
4878.0,38.78312301635742,4.276856899261475,2173.0267411960085
4879.0,108.59856414794922,7.939696788787842,2173.326317488012
4880.0,121.93511199951172,8.164565086364746,2173.6328668910137
4881.0,904.6144409179688,29.698463439941406,2173.9264213440038
4882.0,40.387882232666016,4.221225738525391,2174.1949690520123
4883.0,103.28734588623047,8.4373779296875,2174.469463624002
4884.0,26.864334106445312,3.4919254779815674,2174.7704382000084
4885.0,436.0814208984375,14.859646797180176,2175.0762382329995
4886.0,27.871023178100586,3.7007150650024414,2175.3629110050097
4887.0,87.08272552490234,8.140387535095215,2175.679096605003
4888.0,29.23979377746582,4.197103500366211,2175.9726235100097
4889.0,69.94249725341797,4.413917064666748,2176.310314044007
4890.0,21.934467315673828,3.352266550064087,2176.645925460005
4891.0,46.56983184814453,4.1079421043396,2177.032507337004
4892.0,33.86182403564453,4.371976852416992,2177.3286765640078
4893.0,25.728496551513672,3.939678192138672,2177.632311464011
4894.0,77.16299438476562,6.092015743255615,2177.943688039013
4895.0,59.52011489868164,4.916711807250977,2178.2263609820075
4896.0,472.6622314453125,13.655941009521484,2178.510097767008
4897.0,22.203702926635742,3.7589948177337646,2178.819642213013
4898.0,21.726804733276367,3.377169370651245,2179.11889558901
4899.0,33.922794342041016,4.030165195465088,2179.432329415009
4900.0,65.29398345947266,6.118049144744873,2179.6957007860037
4901.0,81.37866973876953,5.2877068519592285,2193.174945812003
4902.0,31.044958114624023,3.876999855041504,2193.438956861006
4903.0,43.74565505981445,4.211677074432373,2193.7141665450035
4904.0,36.07957458496094,4.7465739250183105,2193.9739375810022
4905.0,100.30254364013672,7.192928314208984,2194.2660660640104
4906.0,121.26986694335938,7.305917739868164,2194.5571638920082
4907.0,73.44708251953125,5.532961845397949,2194.8738181310036
4908.0,108.44200134277344,6.699271202087402,2195.157219902001
4909.0,30.909740447998047,3.7114341259002686,2195.444762006009
4910.0,69.8246841430664,6.854115009307861,2195.734621691008
4911.0,40.80743408203125,4.983708381652832,2196.031132409
4912.0,25.5166015625,3.157377243041992,2196.335530908007
4913.0,34.09157180786133,3.497983455657959,2196.6162173949997
4914.0,10.876622200012207,2.3237578868865967,2196.886420160008
4915.0,41.01369857788086,4.940763473510742,2197.1715313360037
4916.0,15.252484321594238,2.6418004035949707,2197.4670755410043
4917.0,36.13615036010742,4.13544225692749,2197.7458908180124
4918.0,55.89309310913086,5.48252534866333,2198.052761804007
4919.0,282.6768798828125,13.933028221130371,2198.3394240380003
4920.0,71.53946685791016,5.945606708526611,2198.6023434790113
4921.0,47.57259750366211,4.793945789337158,2198.874888382008
4922.0,23.055198669433594,3.5348384380340576,2199.1708100230026
4923.0,69.35443878173828,4.946937084197998,2199.465040662006
4924.0,100.6495132446289,6.2394208908081055,2199.737389869013
4925.0,49.7666015625,5.307798385620117,2200.017569929012
4926.0,32.95995330810547,4.357783794403076,2200.2944010160136
4927.0,16.079261779785156,2.7389938831329346,2200.6091509830003
4928.0,53.80690383911133,5.129469871520996,2200.90063734501
4929.0,75.4054946899414,5.2608795166015625,2201.2368555650028
4930.0,17.418161392211914,2.7519278526306152,2201.52527405601
4931.0,20.023805618286133,3.0740408897399902,2201.8072695510054
4932.0,22.888288497924805,3.0949087142944336,2202.084502979007
4933.0,53.71867752075195,5.9758710861206055,2202.4959001580137
4934.0,848.3184814453125,23.86409568786621,2202.775779677002
4935.0,23.169584274291992,3.208082675933838,2203.066266135007
4936.0,89.02633666992188,6.775121212005615,2203.3739971940086
4937.0,20.4377498626709,3.224003314971924,2203.6645058350114
4938.0,23.253013610839844,3.4703328609466553,2203.9601015020016
4939.0,36.040409088134766,4.308610916137695,2204.23293928201
4940.0,35.11638259887695,3.662134885787964,2204.537242213002
4941.0,19.637449264526367,2.875901937484741,2204.829779409003
4942.0,239.13613891601562,9.2708158493042,2205.1421060270077
4943.0,117.53301239013672,6.596036434173584,2205.423155469005
4944.0,33.487220764160156,5.025558948516846,2205.7200172030134
4945.0,124.4526596069336,7.020517349243164,2206.0503868380038
4946.0,87.88169860839844,7.175593852996826,2206.331465046009
4947.0,43.3314208984375,3.650200128555298,2206.6218513870117
4948.0,35.287193298339844,4.763218402862549,2206.9241283770098
4949.0,71.52188110351562,5.229382514953613,2207.1937522850058
4950.0,93.27738189697266,6.751433372497559,2207.4718584550137
4951.0,13.3341646194458,2.4023962020874023,2207.7499339510105
4952.0,167.64869689941406,9.6572904586792,2208.0605543160054
4953.0,168.19076538085938,8.92919921875,2208.3871098740055
4954.0,84.18324279785156,5.975839138031006,2208.7044225170102
4955.0,26.439409255981445,3.3292675018310547,2209.110803640011
4956.0,1014.9158325195312,31.104740142822266,2209.3914207380003
4957.0,23.489757537841797,3.630284309387207,2209.7147808770096
4958.0,84.37179565429688,5.421485424041748,2210.041595024013
4959.0,293.00933837890625,10.50912094116211,2210.367993167005
4960.0,41.46357345581055,4.713515281677246,2210.666276971009
4961.0,28.14612579345703,3.0009000301361084,2210.992060250006
4962.0,86.2071533203125,5.733587741851807,2211.275508634004
4963.0,11.912768363952637,2.4043896198272705,2211.573086563003
4964.0,67.70586395263672,5.475828647613525,2211.863641714008
4965.0,143.49575805664062,6.228039264678955,2212.1624344360025
4966.0,78.55208587646484,7.083398818969727,2212.4880110230006
4967.0,29.606983184814453,3.8272898197174072,2212.7647037210118
4968.0,110.32189178466797,6.169503688812256,2213.0607044060016
4969.0,55.19550704956055,4.508609294891357,2213.354068067012
4970.0,48.45899200439453,4.815831661224365,2213.674983433011
4971.0,90.84635162353516,5.603847980499268,2213.9939014690026
4972.0,339.46759033203125,10.988656997680664,2214.291007342006
4973.0,35.89144515991211,4.0039777755737305,2214.5953114970034
4974.0,83.99993896484375,5.271326541900635,2214.913801063012
4975.0,127.5999755859375,6.1253228187561035,2215.2381036600127
4976.0,292.8498840332031,11.714969635009766,2215.526591728005
4977.0,423.4385986328125,14.520197868347168,2216.264682557012
4978.0,19.822406768798828,3.4119884967803955,2218.2336719650048
4979.0,78.05133056640625,6.813206195831299,2219.166039542004
4980.0,383.72625732421875,13.361534118652344,2219.523446541003
4981.0,114.91900634765625,7.274178504943848,2219.835088524007
4982.0,119.09159088134766,7.725988388061523,2220.114965527013
4983.0,73.22148895263672,5.5219831466674805,2220.430548411008
4984.0,96.7052001953125,6.362947940826416,2220.734276443007
4985.0,109.2254867553711,6.559269905090332,2221.0202276519994
4986.0,61.32513427734375,4.8855299949646,2221.3129922790104
4987.0,88.73268127441406,6.034398555755615,2221.6157835080085
4988.0,22.75176429748535,3.6083927154541016,2221.904602544004
4989.0,37.91716384887695,5.1902947425842285,2222.1786626530084
4990.0,22.8535099029541,3.032196044921875,2222.4768621070107
4991.0,58.98378372192383,5.6265177726745605,2222.7495731600065
4992.0,79.43417358398438,6.094920635223389,2223.0660543720005
4993.0,129.76600646972656,5.067158222198486,2223.358782152005
4994.0,59.193241119384766,5.1304168701171875,2223.68031661
4995.0,40.91954803466797,4.713231086730957,2223.9925506470026
4996.0,138.25901794433594,6.648056507110596,2224.300371554011
4997.0,46.44844436645508,4.7049880027771,2224.593487282007
4998.0,32.11196517944336,3.921261787414551,2224.8876967800024
4999.0,24.233463287353516,3.4342200756073,2225.181120582012
5000.0,58.48752212524414,6.537116050720215,2225.45450901601
5001.0,35.36311721801758,4.06666898727417,2239.4445939569996
5002.0,57.522132873535156,5.420664310455322,2239.7027705690125
5003.0,16.204044342041016,2.9528536796569824,2239.9645810820075
5004.0,199.88638305664062,8.242048263549805,2240.331088652005
5005.0,20.265811920166016,2.9282925128936768,2240.6455755760107
5006.0,13.515345573425293,2.9160726070404053,2240.9456565910077
5007.0,81.55868530273438,6.530974388122559,2241.2687384080054
5008.0,184.89186096191406,10.495943069458008,2241.608888064002
5009.0,109.01700592041016,5.656818389892578,2241.8747999120096
5010.0,87.01068115234375,7.351544380187988,2242.1740083400073
5011.0,37.59800720214844,3.500121593475342,2242.4559171760047
5012.0,14.334123611450195,2.644221782684326,2242.7413355570025
5013.0,21.582162857055664,2.9996001720428467,2243.0313329020137
5014.0,15.430096626281738,2.927384614944458,2243.3946020590083
5015.0,19.168359756469727,2.826261520385742,2243.7407608130015
5016.0,34.775718688964844,4.5474138259887695,2244.119685844009
5017.0,35.383148193359375,4.1544575691223145,2244.429682648013
5018.0,47.895042419433594,4.336345672607422,2244.733747135004
5019.0,71.72144317626953,6.435763359069824,2245.0711781130085
5020.0,11.661145210266113,2.532062292098999,2245.4693801390094
5021.0,22.09991455078125,3.8109865188598633,2245.915621418011
5022.0,117.43923950195312,6.452017307281494,2246.2868704170105
5023.0,7.6239142417907715,2.106131076812744,2246.6140753820073
5024.0,63.472816467285156,5.260092258453369,2246.949506475008
5025.0,92.28038024902344,6.158651828765869,2247.293651352011
5026.0,108.83660125732422,6.406204700469971,2247.6313026520074
5027.0,35.55791091918945,4.203995227813721,2247.8816595700046
5028.0,427.86920166015625,12.741745948791504,2248.2018515610107
5029.0,72.08721160888672,5.06269645690918,2248.570104300001
5030.0,196.1968536376953,8.659911155700684,2248.9649702570023
5031.0,87.9136734008789,6.575316905975342,2249.2698437390063
5032.0,162.76983642578125,8.181154251098633,2249.580590859012
5033.0,22.518280029296875,3.6437735557556152,2249.938748823013
5034.0,23.699228286743164,3.220963478088379,2250.304227181012
5035.0,23.104293823242188,3.9024245738983154,2250.6035585150094
5036.0,57.02145004272461,4.920620918273926,2250.8873746750032
5037.0,88.7982406616211,5.949676513671875,2251.2085931870097
5038.0,185.7367401123047,9.907633781433105,2251.574976254007
5039.0,38.324642181396484,4.291873931884766,2251.877991461006
5040.0,29.31305694580078,4.64368200302124,2252.2624012840097
5041.0,111.8742904663086,8.505061149597168,2252.6434042730107
5042.0,16.474424362182617,2.879971981048584,2252.891120885004
5043.0,77.66971588134766,5.397537708282471,2253.1253544980136
5044.0,13.2633056640625,2.5992281436920166,2253.410517879005
5045.0,57.28285217285156,5.0660881996154785,2253.7372342740127
5046.0,48.380191802978516,4.129204750061035,2254.120489158013
5047.0,23.641733169555664,3.447697877883911,2255.7324879370135
5048.0,81.97932434082031,5.1627197265625,2257.597511652013
5049.0,49.904258728027344,5.290396690368652,2257.913442463003
5050.0,54.2508544921875,4.460188865661621,2258.228647467011
5051.0,35.58565902709961,3.612539291381836,2258.511322975013
5052.0,34.27272415161133,3.8637735843658447,2258.7918718319997
5053.0,157.3772430419922,10.933338165283203,2259.0865681249998
5054.0,35.42970275878906,4.690614700317383,2259.381551066006
5055.0,785.2222290039062,22.181676864624023,2259.6910726260103
5056.0,34.9832878112793,4.438253402709961,2259.9911531649996
5057.0,28.979393005371094,3.7786896228790283,2260.3218296960113
5058.0,26.85275650024414,3.524702548980713,2260.5986465650058
5059.0,81.31253051757812,4.960039138793945,2260.8829934470123
5060.0,130.94456481933594,9.836957931518555,2261.150785744001
5061.0,109.43966674804688,6.932150840759277,2261.422959855001
5062.0,173.29859924316406,7.575812339782715,2261.708984651006
5063.0,33.706729888916016,3.782869338989258,2262.0168067750055
5064.0,45.425804138183594,4.456123352050781,2262.291882741003
5065.0,88.65360260009766,5.93578577041626,2262.5961520510027
5066.0,217.94940185546875,10.487751007080078,2262.871405692
5067.0,85.12639617919922,5.608214378356934,2263.170938084004
5068.0,44.58763885498047,5.379995346069336,2263.450797949001
5069.0,15.439743995666504,2.488798141479492,2263.7319361020054
5070.0,27.683183670043945,3.6289286613464355,2264.019882933004
5071.0,52.84062194824219,4.276669979095459,2264.296435052005
5072.0,24.24524688720703,3.111133337020874,2264.5848163379997
5073.0,25.614944458007812,3.5896315574645996,2264.9362992020033
5074.0,58.08369445800781,5.253983974456787,2265.242690919011
5075.0,39.999393463134766,4.0556440353393555,2265.5391277960007
5076.0,419.7524719238281,17.806476593017578,2265.886071974004
5077.0,52.01695251464844,5.326858997344971,2266.1837147500046
5078.0,32.34227752685547,3.863903045654297,2266.476448327012
5079.0,37.255794525146484,5.284746170043945,2266.7280869430106
5080.0,125.9507064819336,5.4553937911987305,2267.0656668610027
5081.0,20.5349063873291,3.584430694580078,2267.4030436110043
5082.0,10.838927268981934,2.297665596008301,2267.7022114020074
5083.0,63.827999114990234,6.336173057556152,2267.981743100012
5084.0,196.7543487548828,10.412354469299316,2268.251177645012
5085.0,275.8934326171875,8.48279857635498,2268.583205614006
5086.0,51.2103157043457,4.498907566070557,2268.9334268230014
5087.0,339.1946105957031,13.530515670776367,2269.21634780601
5088.0,248.5341796875,11.17435359954834,2269.504526985009
5089.0,87.45825958251953,5.859354496002197,2269.8484997880005
5090.0,52.9128532409668,4.373350143432617,2270.151224141009
5091.0,195.5599365234375,8.132802963256836,2270.462884934008
5092.0,40.68626022338867,4.166358947753906,2270.808170399003
5093.0,42.7828369140625,4.6471381187438965,2271.100000988008
5094.0,106.26396179199219,6.844385147094727,2271.3591073960124
5095.0,21.567821502685547,3.439235210418701,2271.6629972100054
5096.0,78.02043151855469,5.49786901473999,2272.0582598290057
5097.0,136.9220733642578,6.412683010101318,2272.4580205290113
5098.0,15.89039421081543,3.109661102294922,2272.774411647013
5099.0,63.37668228149414,5.840497016906738,2273.1236915720074
5100.0,220.38958740234375,13.789163589477539,2273.6334797480085
5101.0,91.21223449707031,5.155078411102295,2288.6224007650017
5102.0,88.71751403808594,6.208588600158691,2288.9479943680053
5103.0,96.23414611816406,6.344628810882568,2289.277906883013
5104.0,55.452335357666016,4.564997673034668,2289.555297660001
5105.0,49.204689025878906,5.520709991455078,2289.86980157801
5106.0,46.012298583984375,4.32736873626709,2290.1763107340084
5107.0,128.31427001953125,10.729970932006836,2290.4896438070136
5108.0,96.6629867553711,6.229550838470459,2290.7767046610097
5109.0,65.63259887695312,5.916097164154053,2291.045707812009
5110.0,11.932387351989746,2.40917706489563,2291.345936980011
5111.0,146.0321044921875,7.689894676208496,2291.625125180013
5112.0,21.78335952758789,3.0155487060546875,2291.9500713980087
5113.0,43.957584381103516,5.709433078765869,2292.2713577050017
5114.0,40.54451370239258,4.548635482788086,2292.562866747001
5115.0,22.76670265197754,3.785959243774414,2292.8565082340065
5116.0,22.954490661621094,3.2585835456848145,2293.1656823040103
5117.0,109.26036071777344,7.949529647827148,2293.4293052249996
5118.0,30.985427856445312,4.074599266052246,2293.7103551040054
5119.0,40.89153289794922,4.575879096984863,2294.043613644011
5120.0,47.89274978637695,5.015032768249512,2294.3448100120004
5121.0,47.51028823852539,5.3245625495910645,2294.6633299120003
5122.0,54.796600341796875,4.440893650054932,2294.9625280190085
5123.0,170.49935913085938,9.017376899719238,2295.265905172011
5124.0,18.46975326538086,3.26869797706604,2295.563391200005
5125.0,10.898092269897461,2.35478138923645,2295.868465947002
5126.0,22.861522674560547,3.9864988327026367,2296.1749686440016
5127.0,87.26361083984375,6.267375469207764,2296.473607758002
5128.0,68.53753662109375,3.9832160472869873,2296.8200033090106
5129.0,63.314552307128906,5.384587287902832,2297.1300834210124
5130.0,20.028358459472656,3.440324068069458,2297.4443720530107
5131.0,20.791656494140625,2.5816428661346436,2297.7298012650135
5132.0,29.635555267333984,3.972003936767578,2297.981131974011
5133.0,122.52497100830078,6.359806060791016,2298.281751433009
5134.0,77.0313949584961,4.975988864898682,2298.645769548006
5135.0,563.8397827148438,22.90692138671875,2298.928460355004
5136.0,36.81778335571289,4.314079284667969,2299.2389736260084
5137.0,127.47335052490234,6.45429801940918,2299.5233635030017
5138.0,59.774314880371094,5.802720069885254,2299.788441117009
5139.0,24.543928146362305,3.4509029388427734,2300.08541729
5140.0,25.513078689575195,3.4572012424468994,2300.4002795350098
5141.0,17.36989402770996,2.5823066234588623,2300.672088670006
5142.0,68.5297622680664,5.057742595672607,2300.9605769810005
5143.0,22.037988662719727,3.1825716495513916,2301.233101874008
5144.0,125.1489028930664,7.643770694732666,2301.520670203012
5145.0,80.65522766113281,5.245914936065674,2301.8355736720114
5146.0,34.02949142456055,4.773831367492676,2302.1523877500003
5147.0,15.123082160949707,3.147749423980713,2302.4270398070075
5148.0,50.58967590332031,4.116441249847412,2302.6951245930104
5149.0,13.5746488571167,2.793475866317749,2302.9647492810036
5150.0,441.9254455566406,15.031465530395508,2303.261741291004
5151.0,46.545902252197266,3.758718490600586,2303.5649129670055
5152.0,32.24462890625,4.155444622039795,2303.9188554360007
5153.0,27.834453582763672,3.4952292442321777,2304.2100394750014
5154.0,173.7599334716797,7.4834723472595215,2304.541877579002
5155.0,14.187496185302734,2.6309306621551514,2304.8286689700035
5156.0,236.5845489501953,11.419983863830566,2305.124958745
5157.0,52.899330139160156,4.324404239654541,2305.4127472270047
5158.0,93.75779724121094,5.953682899475098,2305.696567109
5159.0,225.43051147460938,9.223956108093262,2306.010062139001
5160.0,63.27928161621094,4.555636405944824,2306.324371380004
5161.0,170.79005432128906,9.631803512573242,2306.6193700120057
5162.0,59.34709167480469,5.2482991218566895,2306.8950074800086
5163.0,60.62373733520508,5.9949870109558105,2307.198067920006
5164.0,11.77615737915039,2.5175423622131348,2307.4843397760123
5165.0,166.3652801513672,10.994172096252441,2307.7553260010027
5166.0,22.503704071044922,3.4594056606292725,2308.040823804011
5167.0,36.478633880615234,4.841113090515137,2308.3326409370056
5168.0,51.66740036010742,5.0763959884643555,2308.6261235260026
5169.0,55.731143951416016,4.623166084289551,2308.90429176201
5170.0,43.4564323425293,4.109035968780518,2309.1724033430073
5171.0,12.536349296569824,2.4020352363586426,2309.453895662009
5172.0,62.299930572509766,5.379310607910156,2309.7216628500028
5173.0,31.820098876953125,3.5561113357543945,2310.009343594007
5174.0,20.236072540283203,2.8959059715270996,2310.304544421
5175.0,158.41796875,4.56369686126709,2310.613544639011
5176.0,215.1964874267578,7.3321404457092285,2311.0039797730133
5177.0,13.494235038757324,2.8664400577545166,2311.3171260350064
5178.0,15.619598388671875,3.0193698406219482,2311.5942336720036
5179.0,119.86952209472656,8.230548858642578,2311.857775585013
5180.0,18.67965316772461,3.0726065635681152,2312.1467894560046
5181.0,20.314327239990234,3.6180880069732666,2312.4488683050004
5182.0,30.75714111328125,3.9329795837402344,2312.732314581008
5183.0,100.58583068847656,8.227296829223633,2313.0023869470024
5184.0,37.79664611816406,3.937763214111328,2313.2793763510126
5185.0,51.81414031982422,4.5787811279296875,2313.5433118729998
5186.0,20.50826644897461,3.0739612579345703,2313.8507891670015
5187.0,55.04228591918945,5.296633243560791,2314.151716506007
5188.0,36.798011779785156,3.6910407543182373,2314.4234464030014
5189.0,155.60958862304688,7.997536659240723,2314.7304127180105
5190.0,109.68008422851562,6.283977031707764,2315.0131060320127
5191.0,42.4926872253418,4.850254058837891,2315.3131538090092
5192.0,54.15311813354492,5.505896091461182,2315.5895357020054
5193.0,52.00227355957031,5.023043155670166,2315.904659070002
5194.0,94.12277221679688,7.389589309692383,2316.25877479701
5195.0,24.4291934967041,3.9128968715667725,2316.5041119600064
5196.0,28.55342674255371,3.6825344562530518,2316.7948187010043
5197.0,51.9253044128418,4.599527835845947,2317.0892486260127
5198.0,58.29362106323242,5.151489734649658,2317.399089439001
5199.0,102.00604248046875,5.941377639770508,2317.687940720003
5200.0,68.32682037353516,4.746248722076416,2318.0246602100087
5201.0,42.17094802856445,3.7069270610809326,2334.5530095150025
5202.0,67.26083374023438,4.612057209014893,2334.866128260008
5203.0,226.972900390625,7.380983829498291,2335.145529625006
5204.0,22.277685165405273,3.1866257190704346,2335.4470110910042
5205.0,36.848506927490234,4.477652072906494,2335.7276196380117
5206.0,143.31488037109375,8.706971168518066,2336.0148261780123
5207.0,257.9569091796875,7.819084644317627,2336.2942914930027
5208.0,66.8252944946289,4.663682460784912,2336.586807824002
5209.0,130.17787170410156,6.135287761688232,2336.8939477250096
5210.0,237.44244384765625,9.034857749938965,2337.2004486510123
5211.0,339.3119812011719,11.938599586486816,2337.5298169970047
5212.0,19.571542739868164,2.771843910217285,2337.8379924730107
5213.0,81.89962768554688,6.445347309112549,2338.1591384290077
5214.0,101.75800323486328,6.93863582611084,2338.463167990005
5215.0,42.197914123535156,4.060755729675293,2338.7871385809995
5216.0,302.41290283203125,15.51672649383545,2339.050962930007
5217.0,43.123191833496094,4.606035232543945,2339.340001350007
5218.0,41.49156951904297,4.5995378494262695,2339.610843650007
5219.0,99.62031555175781,6.286829948425293,2339.9135747890105
5220.0,16.983806610107422,2.77831768989563,2340.2242471960053
5221.0,131.1349334716797,8.833343505859375,2340.516133822006
5222.0,37.947444915771484,5.058604717254639,2340.846691828003
5223.0,26.102684020996094,3.2082974910736084,2341.184910574011
5224.0,634.7485961914062,17.27363395690918,2341.4998122180114
5225.0,91.57318115234375,6.625789165496826,2341.7891976540122
5226.0,15.300810813903809,2.5308635234832764,2342.0739452380076
5227.0,9.814393043518066,2.199833869934082,2342.359964886011
5228.0,16.933332443237305,3.189439058303833,2342.6482288760017
5229.0,146.37197875976562,7.0460309982299805,2342.9467118950124
5230.0,48.390525817871094,4.01095724105835,2343.2262994710036
5231.0,29.88821792602539,4.398420810699463,2343.509342717007
5232.0,28.17220115661621,3.5681204795837402,2343.825919218012
5233.0,149.1868896484375,5.815974712371826,2344.114208487008
5234.0,38.3972282409668,3.9955806732177734,2344.405166937009
5235.0,98.59027099609375,6.0168256759643555,2344.6973237860075
5236.0,63.47011184692383,5.204928874969482,2345.0030270760035
5237.0,37.906646728515625,3.2493603229522705,2345.2680157970026
5238.0,29.557218551635742,4.097768783569336,2345.5329038550117
5239.0,92.93435668945312,5.663875102996826,2345.8464190660015
5240.0,13.551911354064941,2.7442238330841064,2346.1394043460023
5241.0,30.022611618041992,4.082253456115723,2346.4417881450063
5242.0,75.90475463867188,5.039043426513672,2346.7476700800034
5243.0,28.53390884399414,4.055771827697754,2347.0513203920127
5244.0,27.794721603393555,4.252553462982178,2347.32960500801
5245.0,291.9904479980469,15.427267074584961,2347.6008168420085
5246.0,13.458659172058105,2.7083723545074463,2347.9030645700113
5247.0,112.50454711914062,6.759191036224365,2348.2210199880064
5248.0,28.199256896972656,4.049853324890137,2348.5160982410016
5249.0,79.69102478027344,5.434950828552246,2348.7908207930013
5250.0,21.775421142578125,3.371330976486206,2349.111353933011
5251.0,67.1706314086914,6.82433557510376,2349.5388562040025
5252.0,365.0320739746094,12.930793762207031,2349.8546607310127
5253.0,67.171142578125,5.070108413696289,2350.1532164740056
5254.0,301.9409484863281,12.0145902633667,2350.427778518002
5255.0,62.284019470214844,5.749749660491943,2350.7351525390113
5256.0,89.53253936767578,7.132692813873291,2351.031746437002
5257.0,47.68865966796875,4.873220920562744,2351.31312091001
5258.0,76.77809143066406,5.797718524932861,2351.5814999040012
5259.0,99.99468994140625,6.456568717956543,2351.857858954012
5260.0,81.17366027832031,6.521996021270752,2352.1404299040005
5261.0,22.17033576965332,3.325775623321533,2352.433670398008
5262.0,17.131061553955078,3.2244746685028076,2352.7204671300133
5263.0,83.13182067871094,5.612359523773193,2353.01192457501
5264.0,126.73777770996094,7.556735992431641,2353.2998724070058
5265.0,98.4886703491211,7.423110485076904,2353.6127089660004
5266.0,56.08380126953125,4.7517571449279785,2353.9233147460036
5267.0,51.242042541503906,5.477972507476807,2354.212076435011
5268.0,79.04437255859375,5.744869232177734,2354.53976624801
5269.0,70.36520385742188,5.346974849700928,2354.853243264006
5270.0,109.08019256591797,7.049103260040283,2355.1455484580074
5271.0,14.53294563293457,2.525007724761963,2355.429340138013
5272.0,96.21822357177734,7.888851642608643,2355.736499976003
5273.0,221.11166381835938,13.413349151611328,2356.0408064990042
5274.0,62.992313385009766,4.8761396408081055,2356.2923329920013
5275.0,73.91712951660156,5.384021282196045,2356.5677691330056
5276.0,66.44075012207031,5.667194843292236,2356.8621304560074
5277.0,20.60775375366211,3.482311248779297,2357.1369822370034
5278.0,37.89018249511719,4.3710784912109375,2357.4305574460013
5279.0,117.27379608154297,7.279498100280762,2357.7423986950016
5280.0,12.685921669006348,2.3456661701202393,2358.0206220590044
5281.0,65.78767395019531,4.509566307067871,2358.3153718140093
5282.0,30.148916244506836,3.2468690872192383,2358.5719810230075
5283.0,47.0169677734375,4.828667640686035,2358.8870422280015
5284.0,22.325769424438477,3.505988597869873,2359.191689172003
5285.0,12.88088607788086,2.6122660636901855,2359.445709910011
5286.0,22.37391471862793,3.1424460411071777,2359.7543681000097
5287.0,11.315499305725098,2.258422613143921,2360.046347099007
5288.0,43.12660598754883,4.950093746185303,2360.332333630009
5289.0,64.6785888671875,5.212364673614502,2360.6363155950094
5290.0,34.734344482421875,4.516295909881592,2361.006104487009
5291.0,23.56974983215332,3.4058632850646973,2361.2418183170084
5292.0,51.74961853027344,5.142885684967041,2361.5808384060074
5293.0,31.59088134765625,4.313045501708984,2361.889859603005
5294.0,49.34286117553711,4.1386942863464355,2362.194848610001
5295.0,93.85478973388672,5.019622325897217,2362.5132819420105
5296.0,53.986045837402344,5.7441887855529785,2362.8072523770097
5297.0,472.0260009765625,17.43301010131836,2363.076785147001
5298.0,121.39984130859375,6.114312171936035,2363.393991355013
5299.0,38.038795471191406,4.782055854797363,2363.6715974030085
5300.0,35.38954162597656,4.443741321563721,2363.9772021070094
5301.0,89.95857238769531,6.629406929016113,2377.5083706030127
5302.0,62.74374771118164,6.886301040649414,2377.833420423005
5303.0,64.25834655761719,5.239814281463623,2378.186173374008
5304.0,106.46526336669922,8.038283348083496,2378.5335048330016
5305.0,72.03965759277344,6.038247108459473,2378.8528280440078
5306.0,39.02896499633789,4.523564338684082,2379.154237930008
5307.0,228.09461975097656,9.55223274230957,2379.4480814840063
5308.0,180.19883728027344,7.704298496246338,2379.732891992011
5309.0,96.98979187011719,5.782615661621094,2380.026211837001
5310.0,51.484092712402344,5.534241199493408,2380.333664855003
5311.0,62.404972076416016,5.376764297485352,2380.601553345012
5312.0,46.916847229003906,5.187366485595703,2380.900902733003
5313.0,135.27415466308594,7.51992654800415,2381.1877001970133
5314.0,139.1819305419922,8.223638534545898,2381.4823668669997
5315.0,433.34783935546875,13.276784896850586,2381.771251640006
5316.0,21.656614303588867,3.576054096221924,2382.115459621011
5317.0,35.81325912475586,4.1943182945251465,2382.428528106
5318.0,87.47322082519531,6.598341941833496,2382.713471837007
5319.0,20.530988693237305,3.4557583332061768,2383.017653108007
5320.0,14.475146293640137,2.5622193813323975,2383.3142827500124
5321.0,19.19609260559082,3.226651668548584,2383.604686813007
5322.0,7.40118408203125,2.0395312309265137,2383.8912362720002
5323.0,19.799461364746094,2.838348388671875,2384.20799500501
5324.0,235.043212890625,8.519426345825195,2384.5092240810045
5325.0,89.41094970703125,6.4355573654174805,2384.7985100040096
5326.0,71.07144165039062,6.32113790512085,2385.0832617950073
5327.0,94.25357055664062,6.241462707519531,2385.3772307880135
5328.0,88.33973693847656,4.919943332672119,2385.6780995430017
5329.0,12.689329147338867,2.7181472778320312,2385.965744827001
5330.0,25.30679702758789,3.6788365840911865,2386.3201064680034
5331.0,16.671804428100586,2.9239797592163086,2386.6508400410094
5332.0,16.12806510925293,3.06825852394104,2386.920856375
5333.0,77.78816986083984,5.91756010055542,2387.213413823003
5334.0,143.40328979492188,7.988846778869629,2387.5057300240005
5335.0,24.440567016601562,3.470891237258911,2387.79215168301
5336.0,14.817503929138184,2.67520809173584,2388.0522275630065
5337.0,350.4857482910156,17.80653953552246,2388.362150773013
5338.0,203.9168701171875,8.669830322265625,2388.6437633580063
5339.0,99.77953338623047,5.860104560852051,2388.9118361670116
5340.0,75.38639068603516,4.981690883636475,2389.2115936190094
5341.0,41.15647888183594,3.324946165084839,2389.5261077270115
5342.0,38.538639068603516,4.409523963928223,2389.8903780310065
5343.0,28.063060760498047,3.38244891166687,2390.1728938260057
5344.0,118.23860168457031,7.156548500061035,2390.4795600310026
5345.0,10.419914245605469,2.147845983505249,2390.7737565999996
5346.0,33.268375396728516,3.5721285343170166,2391.056451417011
5347.0,85.27667236328125,5.872068405151367,2391.334391451004
5348.0,39.91306686401367,4.168074131011963,2391.665991479007
5349.0,93.20930480957031,5.994730472564697,2391.9574782370037
5350.0,59.309913635253906,5.331062316894531,2392.2507574450137
5351.0,64.92675018310547,4.942361831665039,2392.524111938008
5352.0,27.551206588745117,3.12973952293396,2392.8248985740065
5353.0,46.46632766723633,4.1032233238220215,2393.113367501006
5354.0,54.64231872558594,4.06198787689209,2393.426974935006
5355.0,35.736839294433594,4.34115743637085,2393.772070763007
5356.0,47.44622802734375,4.864931106567383,2394.143971428013
5357.0,73.61476135253906,5.2353515625,2394.436348708012
5358.0,15.04900074005127,2.6229560375213623,2394.7438793610054
5359.0,92.84474182128906,7.6108856201171875,2395.049328936002
5360.0,69.9721908569336,6.802468776702881,2395.328111900002
5361.0,301.6436462402344,11.87714672088623,2395.637127162001
5362.0,21.87684440612793,3.4325361251831055,2395.9201552300074
5363.0,95.81039428710938,6.745725154876709,2396.2328039290005
5364.0,20.35494041442871,3.1441502571105957,2396.5463084960065
5365.0,43.4232063293457,4.075174331665039,2396.8508704950073
5366.0,76.55709838867188,5.366872310638428,2397.130030182001
5367.0,70.55805969238281,6.327971935272217,2397.4079431170103
5368.0,80.14430236816406,5.902071475982666,2397.7027059790125
5369.0,230.53781127929688,11.668644905090332,2398.016688114003
5370.0,101.68848419189453,6.1637725830078125,2398.3340953090083
5371.0,28.295879364013672,3.504650592803955,2398.6338967379997
5372.0,47.564754486083984,4.49965763092041,2398.945000861
5373.0,84.50772094726562,5.768811225891113,2399.2385676110134
5374.0,32.680389404296875,4.633695125579834,2399.5228478680074
5375.0,257.024658203125,9.736235618591309,2399.829470667013
5376.0,464.38946533203125,13.293587684631348,2400.135996410012
5377.0,195.4727020263672,7.280483722686768,2400.472314300001
5378.0,40.80716323852539,3.966679811477661,2400.733755032008
5379.0,94.49308776855469,8.361740112304688,2401.021627643
5380.0,45.51299285888672,4.692562580108643,2401.320112827001
5381.0,128.99041748046875,7.743301868438721,2401.591229114012
5382.0,48.5572509765625,5.475174903869629,2401.867288684007
5383.0,57.038997650146484,6.081622123718262,2402.140996776012
5384.0,37.24192428588867,4.254358291625977,2402.4446753910015
5385.0,128.01617431640625,7.579898357391357,2402.743226111008
5386.0,169.61146545410156,7.589402675628662,2403.012727497
5387.0,32.172725677490234,3.4336493015289307,2403.3013682330056
5388.0,46.95307540893555,5.098483085632324,2403.5851329670113
5389.0,124.13299560546875,6.305919647216797,2404.000220963004
5390.0,56.716697692871094,5.313238143920898,2404.3747426340124
5391.0,37.26999282836914,4.496788024902344,2404.681545066007
5392.0,66.0230712890625,5.537233829498291,2405.026990960003
5393.0,78.58984375,5.719616413116455,2405.3489660930063
5394.0,286.5429382324219,11.673970222473145,2405.6746736080095
5395.0,43.1423225402832,4.827956676483154,2405.9795081050106
5396.0,112.31114959716797,8.273736000061035,2406.2411351530027
5397.0,20.01078987121582,3.40859317779541,2406.6585259600106
5398.0,26.18968391418457,3.4431633949279785,2406.9175150090014
5399.0,58.81754684448242,4.601679801940918,2407.251031263004
5400.0,27.34895133972168,3.7663228511810303,2407.560853660005
5401.0,18.999168395996094,2.887498140335083,2422.223872792005
5402.0,58.59911346435547,6.241950035095215,2422.507045426013
5403.0,81.66625213623047,5.306463241577148,2422.82953485701
5404.0,26.934968948364258,4.155750274658203,2423.121717988004
5405.0,44.00948715209961,5.304444313049316,2423.426858913008
5406.0,18.29918098449707,3.0525567531585693,2423.7205316470063
5407.0,27.182682037353516,3.681487560272217,2423.9926577730075
5408.0,14.049771308898926,2.6813037395477295,2424.3224195910007
5409.0,11.051888465881348,2.23374605178833,2424.613223037013
5410.0,16.896839141845703,2.9138567447662354,2424.872896036002
5411.0,14.382508277893066,2.7749297618865967,2425.1695659950055
5412.0,9.723262786865234,2.179605007171631,2425.437740706009
5413.0,18.820343017578125,2.8316404819488525,2425.7066621010017
5414.0,424.9789733886719,14.226900100708008,2425.9764232590096
5415.0,65.56883239746094,4.697821140289307,2426.351458642006
5416.0,50.547157287597656,4.851698875427246,2426.681539890007
5417.0,22.513051986694336,3.8519554138183594,2427.0013353329996
5418.0,144.1074676513672,6.311352729797363,2427.336159249011
5419.0,60.72969436645508,4.05890417098999,2427.6508475080045
5420.0,88.67396545410156,7.195215702056885,2427.9339264120063
5421.0,70.35686492919922,5.63545560836792,2428.213396108011
5422.0,180.69017028808594,9.762680053710938,2428.536713815003
5423.0,211.17376708984375,13.062864303588867,2428.8401314630028
5424.0,120.690185546875,7.2458930015563965,2429.1046041210066
5425.0,76.11785888671875,5.08362340927124,2429.404803191006
5426.0,55.22951126098633,4.925112724304199,2429.73169964501
5427.0,34.78437423706055,3.9723410606384277,2430.0765402940015
5428.0,94.11386108398438,7.031904697418213,2430.3717480699997
5429.0,130.79501342773438,9.31784725189209,2430.656137304002
5430.0,31.814598083496094,4.584729194641113,2430.9654341490095
5431.0,70.9407958984375,6.735195636749268,2431.228589012011
5432.0,74.6342544555664,5.062657833099365,2431.500280888009
5433.0,105.27681732177734,6.278644561767578,2431.8088735910133
5434.0,40.295928955078125,5.021697521209717,2432.091128385
5435.0,264.6788024902344,9.654946327209473,2432.3737113550014
5436.0,24.3007869720459,3.300819158554077,2432.6382562110084
5437.0,62.65016555786133,4.666220664978027,2432.940222876001
5438.0,16.104679107666016,2.9241573810577393,2433.191867862013
5439.0,69.8730697631836,5.171947479248047,2433.5261947750114
5440.0,117.498779296875,6.489687919616699,2433.7933353960107
5441.0,60.95636749267578,4.980734348297119,2434.1174440930045
5442.0,89.23080444335938,6.027989864349365,2434.4199740600016
5443.0,68.9072036743164,4.616888523101807,2434.730898005
5444.0,100.46532440185547,5.893420696258545,2435.096372130007
5445.0,40.678749084472656,4.818922519683838,2435.4074795550114
5446.0,103.55645751953125,5.768667697906494,2435.70461598401
5447.0,42.965858459472656,4.7672038078308105,2436.073740029009
5448.0,35.97673416137695,4.41090726852417,2436.403655121001
5449.0,44.75566101074219,4.532676696777344,2436.6720118939993
5450.0,50.39126968383789,4.69522762298584,2436.9337813599996
5451.0,13.361767768859863,2.5563435554504395,2437.2414431400102
5452.0,19.48065757751465,3.312281608581543,2437.5240462710062
5453.0,52.74850845336914,4.735220432281494,2437.87330628201
5454.0,53.60478210449219,5.578315734863281,2438.2599580550013
5455.0,47.671085357666016,4.5472540855407715,2438.589476291003
5456.0,36.56081771850586,3.9039392471313477,2438.8911391420115
5457.0,20.611804962158203,3.3083226680755615,2439.2059605520044
5458.0,13.195878028869629,2.494899034500122,2439.4993688800023
5459.0,39.895477294921875,4.649681568145752,2439.8558180870023
5460.0,111.55243682861328,4.343289375305176,2440.17272190901
5461.0,12.235248565673828,2.2826173305511475,2440.4851133280026
5462.0,73.22926330566406,5.761447429656982,2440.7901520400046
5463.0,49.43281555175781,4.4341912269592285,2441.092916363006
5464.0,26.067832946777344,3.6397628784179688,2441.402608245
5465.0,138.23109436035156,7.90630578994751,2441.736499855004
5466.0,30.637462615966797,3.3252217769622803,2442.0237114140036
5467.0,40.123172760009766,3.9579977989196777,2442.322320061008
5468.0,32.54697799682617,3.9332337379455566,2442.6354090970126
5469.0,57.6618537902832,4.458205223083496,2442.9283838400006
5470.0,151.45260620117188,10.564666748046875,2443.1918409100035
5471.0,64.78031158447266,6.594071865081787,2443.4638975130074
5472.0,173.0434112548828,8.858487129211426,2443.7802211600065
5473.0,96.48214721679688,6.78766393661499,2444.089486925004
5474.0,54.92952346801758,4.802456378936768,2444.367885527012
5475.0,115.78411865234375,6.275153160095215,2444.6570065220003
5476.0,60.19534683227539,4.2921319007873535,2444.93337821601
5477.0,64.18098449707031,4.4399895668029785,2445.209343362003
5478.0,22.19550323486328,3.8269097805023193,2445.5405523049994
5479.0,59.17191696166992,5.31671142578125,2445.862623264009
5480.0,44.57911682128906,5.082225322723389,2446.210586746005
5481.0,36.05747604370117,4.390748500823975,2446.529604304
5482.0,256.0686340332031,9.85612678527832,2446.8450926299993
5483.0,8.701068878173828,2.0770304203033447,2447.1572912720003
5484.0,38.16405487060547,4.814454555511475,2447.4916417660133
5485.0,60.380008697509766,5.265351295471191,2447.758674737008
5486.0,54.045806884765625,5.46036434173584,2448.0910352870123
5487.0,14.333346366882324,2.537980794906616,2448.3905670260137
5488.0,68.15701293945312,4.489663124084473,2448.711935231011
5489.0,47.016807556152344,5.504817485809326,2448.9566313710093
5490.0,19.17472267150879,2.9319870471954346,2449.4029871670064
5491.0,57.447288513183594,6.329866886138916,2449.786249386001
5492.0,386.09027099609375,15.419885635375977,2450.1233455740003
5493.0,42.03472900390625,4.200019359588623,2450.479303221
5494.0,20.93140983581543,3.313608407974243,2450.9871123880002
5495.0,34.91652297973633,4.785664081573486,2451.2750463580014
5496.0,29.40119743347168,3.893577814102173,2451.684890264005
5497.0,127.75686645507812,6.7173871994018555,2452.0099101369997
5498.0,103.34394073486328,6.83647346496582,2452.389947475007
5499.0,50.04846954345703,3.8392269611358643,2452.796257729002
5500.0,148.35040283203125,7.029467582702637,2453.320175809
5501.0,62.59465789794922,5.260720729827881,2470.4760382620007
5502.0,101.02307891845703,6.735403060913086,2473.272680639013
5503.0,77.98015594482422,7.091432094573975,2473.559786294005
5504.0,29.776233673095703,4.038132667541504,2473.8148674520053
5505.0,18.40731430053711,3.443636894226074,2474.1226964760135
5506.0,48.72557830810547,5.053906440734863,2474.4101114720106
5507.0,272.03802490234375,11.469450950622559,2474.6947169510095
5508.0,17.385953903198242,2.833130121231079,2475.007653271008
5509.0,112.81779479980469,6.307174205780029,2475.286797303008
5510.0,25.055028915405273,3.3225743770599365,2475.546950489006
5511.0,28.073392868041992,4.326364517211914,2475.8533628040022
5512.0,56.763084411621094,4.334287643432617,2476.1750880470063
5513.0,85.70211029052734,5.351910591125488,2476.4509481730056
5514.0,73.40291595458984,6.538122177124023,2476.756691957009
5515.0,65.24705505371094,6.017064094543457,2477.0711097610038
5516.0,48.53301239013672,4.550998687744141,2477.3405830560077
5517.0,253.84693908691406,11.348958015441895,2477.625568348012
5518.0,133.49497985839844,8.030871391296387,2477.954903110003
5519.0,14.086529731750488,2.5543906688690186,2478.2507014400035
5520.0,131.3797149658203,4.732394218444824,2478.5362258540117
5521.0,41.58099365234375,4.6424665451049805,2478.7951475709997
5522.0,76.34978485107422,4.669478893280029,2479.104000089006
5523.0,294.2369079589844,10.237829208374023,2479.4271335770027
5524.0,81.3453140258789,5.2550859451293945,2479.7366256509995
5525.0,10.411982536315918,2.067709445953369,2480.0435115500004
5526.0,63.06201934814453,4.965517044067383,2480.351239488009
5527.0,51.10677719116211,4.657365798950195,2480.627216121007
5528.0,189.7861785888672,7.127460479736328,2480.910473920012
5529.0,42.658443450927734,4.146579265594482,2481.1971043420053
5530.0,67.90656280517578,5.108319282531738,2481.5092497490114
5531.0,137.5760040283203,6.614129066467285,2481.8120885070093
5532.0,75.91930389404297,4.672185897827148,2482.0940711250005
5533.0,145.04537963867188,9.764203071594238,2482.38266675701
5534.0,38.67072677612305,4.03442907333374,2482.6736020509998
5535.0,173.9932861328125,10.054637908935547,2482.9887824870093
5536.0,69.28961944580078,5.524063587188721,2483.2956141800096
5537.0,185.37977600097656,7.690871238708496,2483.5875136899995
5538.0,60.68317413330078,5.0101518630981445,2483.9008862150076
5539.0,65.09803009033203,5.854320526123047,2484.175601284005
5540.0,250.62782287597656,14.428987503051758,2484.475335715004
5541.0,147.6893310546875,8.28756332397461,2484.766492310009
5542.0,82.58931732177734,5.80901575088501,2485.0504000229994
5543.0,103.9330825805664,7.664961814880371,2485.3390983250138
5544.0,100.73322296142578,5.045181751251221,2485.6347288820107
5545.0,16.37222671508789,2.659714937210083,2485.938117088008
5546.0,13.75710678100586,1.9759736061096191,2486.2337487650075
5547.0,140.34225463867188,7.02472448348999,2486.5127416650066
5548.0,113.39122772216797,5.677680492401123,2486.7947380219994
5549.0,23.849966049194336,3.76436185836792,2487.089493751002
5550.0,84.8611831665039,6.450272560119629,2487.361530071008
5551.0,99.67710876464844,5.699305534362793,2487.6837318550097
5552.0,30.336883544921875,3.830632209777832,2487.9974005780095
5553.0,72.21646881103516,5.7477898597717285,2488.285994652004
5554.0,24.322725296020508,4.110672950744629,2488.5643394640065
5555.0,17.192703247070312,2.876164197921753,2488.857344516
5556.0,32.77273178100586,3.7261037826538086,2489.13658866701
5557.0,34.567535400390625,4.895689964294434,2489.4298921050067
5558.0,23.01179313659668,3.3863799571990967,2489.731824981005
5559.0,24.900938034057617,3.634138822555542,2490.002145285005
5560.0,125.47984313964844,7.108024597167969,2490.285857356008
5561.0,86.15625762939453,5.947587490081787,2490.5646265480027
5562.0,104.990966796875,7.579539775848389,2490.830311108002
5563.0,24.685428619384766,3.6099987030029297,2491.1173530520027
5564.0,98.87296295166016,7.807857513427734,2491.391318799011
5565.0,316.0618896484375,10.255247116088867,2491.6901631140063
5566.0,300.09735107421875,16.18930435180664,2491.974875184009
5567.0,67.71661376953125,4.219936370849609,2492.2815358030057
5568.0,105.48821258544922,7.704281330108643,2492.5784333320044
5569.0,70.21443176269531,5.595249176025391,2492.8770959370013
5570.0,91.53913116455078,5.3926167488098145,2493.1704333080124
5571.0,109.0599594116211,5.909790992736816,2493.4743496280134
5572.0,61.21615982055664,5.169606685638428,2493.8005422140122
5573.0,26.952749252319336,4.129024982452393,2494.092370874001
5574.0,22.169111251831055,3.1997432708740234,2494.3658822090074
5575.0,35.718814849853516,3.6194770336151123,2494.6557396999997
5576.0,117.10531616210938,7.398475170135498,2494.9889563940087
5577.0,107.55388641357422,7.219464302062988,2495.3517682480015
5578.0,144.53944396972656,8.355595588684082,2495.6894362510066
5579.0,37.933780670166016,4.668139457702637,2495.980052897008
5580.0,150.54541015625,9.220044136047363,2496.267282320012
5581.0,108.9282455444336,8.138832092285156,2496.5839963530016
5582.0,60.87037658691406,6.1090593338012695,2496.878412584003
5583.0,16.106077194213867,2.373944044113159,2497.2081012840063
5584.0,49.7983283996582,4.748089790344238,2497.513451432009
5585.0,192.3743438720703,8.95423412322998,2497.793969203005
5586.0,48.91130447387695,4.002815246582031,2498.0938168940047
5587.0,94.540771484375,7.153635501861572,2498.37549503801
5588.0,12.617142677307129,2.5214383602142334,2498.6487946430134
5589.0,439.74725341796875,15.766830444335938,2498.968625102003
5590.0,37.83610153198242,4.3928070068359375,2499.2959798830125
5591.0,301.0647888183594,15.274604797363281,2499.6060301840043
5592.0,143.66253662109375,8.248480796813965,2499.8902931760094
5593.0,155.01402282714844,9.924341201782227,2500.1672603110055
5594.0,151.189453125,10.355337142944336,2500.474315495012
5595.0,121.46854400634766,6.013086318969727,2500.7638822580047
5596.0,72.73479461669922,5.195863723754883,2501.0852838170103
5597.0,12.20824146270752,2.3636364936828613,2501.3708885320084
5598.0,26.140283584594727,3.434335947036743,2501.6592279110046
5599.0,13.573578834533691,2.3409364223480225,2501.9480868640094
5600.0,48.73804473876953,4.425100803375244,2502.299621588012
5601.0,44.055572509765625,4.495600700378418,2516.507773117002
5602.0,25.773279190063477,3.083998203277588,2516.8015166050027
5603.0,265.26983642578125,10.21143627166748,2517.0759830740135
5604.0,15.908167839050293,2.6783227920532227,2517.336121160013
5605.0,22.629413604736328,2.7490427494049072,2517.673596671011
5606.0,36.72159957885742,4.610536098480225,2517.9801743090065
5607.0,101.06119537353516,6.571105480194092,2518.2814090760075
5608.0,85.08807373046875,6.768590450286865,2518.5740101060073
5609.0,51.98737335205078,4.647616863250732,2518.8614130080095
5610.0,223.9138641357422,8.795510292053223,2519.151660814008
5611.0,45.46026611328125,4.504700183868408,2519.4265890700044
5612.0,32.85948944091797,3.965956687927246,2519.7359864870086
5613.0,113.47442626953125,6.077211856842041,2520.036366818007
5614.0,33.24221420288086,3.7225801944732666,2520.3289441320085
5615.0,41.56850814819336,5.096427917480469,2520.6042925690126
5616.0,171.7965850830078,7.6861724853515625,2520.8910914380103
5617.0,389.12890625,13.536901473999023,2521.1838742500113
5618.0,19.18478775024414,2.78647780418396,2521.476562751006
5619.0,15.276619911193848,2.64239501953125,2521.7310460370063
5620.0,35.385650634765625,4.3416361808776855,2522.034077198012
5621.0,249.6208038330078,8.978228569030762,2522.328266386001
5622.0,40.52836608886719,5.184780597686768,2522.634118258007
5623.0,102.81486511230469,8.332945823669434,2522.9279379340005
5624.0,164.35946655273438,6.622939109802246,2523.190510176006
5625.0,51.328914642333984,4.72544002532959,2523.487347524002
5626.0,244.0596923828125,13.19433879852295,2523.776914401009
5627.0,99.39852905273438,8.094626426696777,2524.072767144011
5628.0,121.12589263916016,7.217344760894775,2524.365913146001
5629.0,221.46365356445312,11.154114723205566,2524.6573956850043
5630.0,34.121307373046875,4.4094133377075195,2524.9404421250074
5631.0,103.87527465820312,7.999841213226318,2525.249681745001
5632.0,21.94928741455078,3.729294538497925,2525.5347627180017
5633.0,202.02621459960938,8.679437637329102,2525.7928429420135
5634.0,26.9708194732666,3.8963003158569336,2526.0578525120072
5635.0,109.64191436767578,6.239563465118408,2526.308714689003
5636.0,58.35903549194336,4.92062520980835,2526.598290797003
5637.0,52.68278121948242,5.556302547454834,2526.86620063601
5638.0,60.84431076049805,4.935558319091797,2527.155802968002
5639.0,37.363365173339844,3.5969645977020264,2527.4506934090023
5640.0,37.56523132324219,4.592567443847656,2527.7542001880065
5641.0,31.587434768676758,4.155551910400391,2528.073821607002
5642.0,156.5847625732422,7.0941338539123535,2528.343968621004
5643.0,36.020118713378906,5.056725025177002,2528.626607693004
5644.0,198.55006408691406,7.794032096862793,2528.9577917610004
5645.0,16.66221809387207,2.860830307006836,2529.2286425960046
5646.0,50.6868782043457,4.42209529876709,2529.5152670829993
5647.0,52.837181091308594,4.891237735748291,2529.796160843005
5648.0,16.0633602142334,2.539921522140503,2530.089958610013
5649.0,52.88766860961914,4.231522560119629,2530.3568102950085
5650.0,26.376022338867188,3.9456098079681396,2530.674649640001
5651.0,22.02936553955078,3.5178985595703125,2530.973245403002
5652.0,414.30889892578125,15.246565818786621,2531.286886242
5653.0,61.393760681152344,4.473186492919922,2531.620977878003
5654.0,35.725738525390625,4.406551837921143,2531.970379313003
5655.0,30.613130569458008,4.173746585845947,2532.2623096860043
5656.0,57.241390228271484,4.779256343841553,2532.5585162890056
5657.0,248.9202117919922,8.85287094116211,2532.8744707330043
5658.0,32.76372528076172,4.270382404327393,2533.1692829490057
5659.0,46.0950927734375,4.558188438415527,2533.4740327330073
5660.0,88.36722564697266,6.345008373260498,2533.7686134960095
5661.0,50.354305267333984,4.4006500244140625,2534.0553915040073
5662.0,34.251949310302734,3.926668405532837,2534.3276236390084
5663.0,52.766056060791016,5.775182723999023,2534.619653965012
5664.0,307.46282958984375,13.420352935791016,2534.904818841009
5665.0,58.7359504699707,4.753671646118164,2535.1937435889995
5666.0,46.86906051635742,4.6652021408081055,2535.490623294012
5667.0,142.89273071289062,9.239544868469238,2535.757920532007
5668.0,23.29489517211914,3.317786693572998,2536.027962998007
5669.0,123.12260437011719,5.545318126678467,2536.3023865010036
5670.0,43.50434875488281,4.074375629425049,2536.626754435012
5671.0,55.72465896606445,4.771993637084961,2536.928168759012
5672.0,87.11021423339844,6.454111099243164,2537.2249627600104
5673.0,70.50977325439453,5.329787254333496,2537.527438647012
5674.0,75.40478515625,5.973531246185303,2537.8589695870032
5675.0,35.00546646118164,4.2804274559021,2538.1424183300114
5676.0,14.868075370788574,2.9793078899383545,2538.423063590002
5677.0,45.34112548828125,4.432355880737305,2538.712029294009
5678.0,21.171215057373047,2.3893659114837646,2539.001329499006
5679.0,199.9278564453125,7.774593353271484,2539.2985860949993
5680.0,14.101879119873047,2.5529353618621826,2539.5792946800066
5681.0,14.984029769897461,2.7735626697540283,2539.8946084250056
5682.0,24.881912231445312,3.6602063179016113,2540.208792783
5683.0,33.21770477294922,5.073409080505371,2540.51637096201
5684.0,19.524084091186523,3.455717086791992,2540.837145978003
5685.0,126.61260986328125,7.504515647888184,2541.1343233620137
5686.0,20.28423500061035,3.1738057136535645,2541.4442249350104
5687.0,145.09579467773438,7.076496124267578,2541.7440867960104
5688.0,33.05925750732422,4.099415302276611,2542.0934268170095
5689.0,98.43256378173828,6.061884880065918,2542.344663106007
5690.0,15.746010780334473,2.8304831981658936,2542.625757069007
5691.0,28.445932388305664,2.5707812309265137,2543.004298054002
5692.0,21.838356018066406,2.84932017326355,2543.2943397270137
5693.0,25.749853134155273,3.3508358001708984,2543.575964114003
5694.0,42.46770095825195,4.761056423187256,2543.8766458040045
5695.0,64.26698303222656,5.187915325164795,2544.1669338130014
5696.0,16.767610549926758,3.1051814556121826,2544.4523655960074
5697.0,51.352054595947266,4.556891918182373,2544.7212763240095
5698.0,201.0550537109375,12.709554672241211,2544.9830369030096
5699.0,51.720008850097656,5.139268398284912,2545.301594111006
5700.0,53.170013427734375,4.496752738952637,2545.6220291140053
5701.0,62.37949752807617,6.2986159324646,2559.838577842005
5702.0,34.03059387207031,3.99419903755188,2560.152858712012
5703.0,36.8667106628418,4.735025882720947,2560.475106386002
5704.0,95.0397720336914,6.108960151672363,2560.7604812410136
5705.0,92.5428695678711,5.951583385467529,2561.0861045620113
5706.0,69.83587646484375,6.131790637969971,2561.369971297012
5707.0,114.40851593017578,7.278339385986328,2561.6868235670117
5708.0,41.6519889831543,3.9480741024017334,2561.9774768640054
5709.0,26.2497615814209,3.927072048187256,2562.2774252189993
5710.0,22.135713577270508,2.925849676132202,2562.5742056340096
5711.0,82.76720428466797,5.858193397521973,2562.848536178004
5712.0,117.3072509765625,7.178156852722168,2563.1229052840063
5713.0,122.83523559570312,8.394842147827148,2563.417715677002
5714.0,43.30387878417969,5.291886329650879,2563.7089798070083
5715.0,260.7635192871094,6.619542121887207,2563.9854539549997
5716.0,117.89197540283203,8.228297233581543,2564.3150314100058
5717.0,33.717586517333984,3.363647222518921,2564.578119343001
5718.0,231.1227569580078,10.732220649719238,2564.921824122008
5719.0,47.21112823486328,3.9764769077301025,2565.2037323540135
5720.0,25.340299606323242,3.71854305267334,2565.4948388580087
5721.0,53.38228988647461,4.433676719665527,2565.777575324013
5722.0,30.82258415222168,4.549173831939697,2566.0748224960116
5723.0,49.70625686645508,5.496506214141846,2566.399669603008
5724.0,121.40121459960938,7.894649505615234,2566.7061535960092
5725.0,13.209184646606445,2.6338531970977783,2567.0074138340133
5726.0,103.26914978027344,5.886657238006592,2567.313050544006
5727.0,51.07619857788086,5.189266204833984,2567.604727736005
5728.0,34.65064239501953,3.921706199645996,2567.907265406
5729.0,53.695960998535156,4.812058925628662,2568.1951564180054
5730.0,108.20755004882812,6.22445821762085,2568.5067301640083
5731.0,12.190860748291016,2.351412773132324,2568.804476353005
5732.0,42.46315383911133,3.6528987884521484,2569.1119958720083
5733.0,18.118885040283203,3.1155948638916016,2569.4503600669996
5734.0,40.97137451171875,4.387284278869629,2569.7461635060026
5735.0,24.29056739807129,3.507255792617798,2570.034839688
5736.0,11.648358345031738,2.6644318103790283,2570.3181303349993
5737.0,11.760934829711914,2.465512752532959,2570.624372698003
5738.0,14.004125595092773,2.6455960273742676,2570.930043653003
5739.0,37.28544998168945,4.511270523071289,2571.1867781460023
5740.0,33.55007553100586,3.0876471996307373,2571.4938903420116
5741.0,569.4635009765625,16.425872802734375,2571.782389141008
5742.0,64.6690902709961,6.417096138000488,2572.075608654006
5743.0,167.44424438476562,11.759957313537598,2572.3421032110055
5744.0,69.91856384277344,6.4394402503967285,2572.632223615001
5745.0,28.61249351501465,3.150972366333008,2572.9074651690025
5746.0,112.66548919677734,7.391421794891357,2573.201879606
5747.0,149.84849548339844,7.556818962097168,2573.5276500880136
5748.0,64.72079467773438,4.531804084777832,2573.847371173004
5749.0,63.242122650146484,5.7896223068237305,2574.1572993620066
5750.0,22.313596725463867,2.9212231636047363,2574.4575661180133
5751.0,14.116188049316406,2.7072386741638184,2574.7864755540068
5752.0,43.42768478393555,4.478091239929199,2575.0946092530066
5753.0,15.624979972839355,2.8322222232818604,2575.383626396011
5754.0,26.609956741333008,3.4905922412872314,2575.6679614530003
5755.0,77.83552551269531,5.904009819030762,2575.9609314020054
5756.0,150.64007568359375,9.366540908813477,2576.272797426005
5757.0,37.13530731201172,3.857529878616333,2576.5424063750106
5758.0,88.54032135009766,5.469910621643066,2576.826258306013
5759.0,28.999061584472656,3.1993727684020996,2577.137957993007
5760.0,17.882699966430664,2.8007864952087402,2577.431530820002
5761.0,10.815156936645508,2.442073345184326,2577.7055202430056
5762.0,55.244510650634766,5.354460716247559,2578.008407391011
5763.0,63.13113021850586,4.457958698272705,2578.2817995660007
5764.0,63.88865280151367,5.900018692016602,2578.567620849004
5765.0,145.45909118652344,8.49581527709961,2578.8666600340075
5766.0,63.44732666015625,5.806408882141113,2579.205735921001
5767.0,91.4670181274414,8.055543899536133,2579.492210744007
5768.0,98.09729766845703,7.6526288986206055,2579.7755025190127
5769.0,61.39158630371094,6.00474214553833,2580.051378794
5770.0,229.45115661621094,12.403814315795898,2580.3522746850067
5771.0,198.28834533691406,9.952371597290039,2580.633072805009
5772.0,135.2501983642578,9.086421012878418,2580.9285108080076
5773.0,102.19788360595703,7.740531921386719,2581.2171535360103
5774.0,41.58726119995117,4.979580879211426,2581.522268422006
5775.0,36.51117706298828,4.916591167449951,2581.8109619410097
5776.0,749.846923828125,26.462820053100586,2582.113416761
5777.0,80.63433837890625,6.503091335296631,2582.397351160005
5778.0,88.80814361572266,5.736688613891602,2582.7144940720027
5779.0,51.10295104980469,5.315709114074707,2583.0452584820014
5780.0,26.079071044921875,3.702230215072632,2583.3577271630056
5781.0,318.147705078125,12.632068634033203,2583.6418285840045
5782.0,127.97877502441406,8.59321403503418,2583.9192196670047
5783.0,77.76132202148438,6.640908718109131,2584.2131410389993
5784.0,29.3665714263916,3.2843804359436035,2584.5132588960114
5785.0,72.819580078125,6.865372657775879,2584.775225880003
5786.0,45.756961822509766,4.243786811828613,2585.035135355007
5787.0,36.40971374511719,4.613101005554199,2585.3430507410085
5788.0,31.2196044921875,4.010655879974365,2585.608216740002
5789.0,69.23291778564453,5.68339729309082,2585.978284366007
5790.0,133.5300750732422,7.9653825759887695,2586.3344833560113
5791.0,141.97821044921875,9.198771476745605,2586.624995508013
5792.0,41.30227279663086,4.658217906951904,2586.9318749860104
5793.0,116.60330963134766,7.685011386871338,2587.195208752004
5794.0,51.73926544189453,5.0999531745910645,2587.5244155060063
5795.0,98.58488464355469,6.056742191314697,2587.8686184450053
5796.0,43.04133605957031,3.6538586616516113,2588.20228223101
5797.0,21.182077407836914,2.872920036315918,2588.484081913004
5798.0,72.32925415039062,6.391420841217041,2588.8449205230136
5799.0,40.69811248779297,4.7921247482299805,2589.097773933012
5800.0,192.9682159423828,7.601926803588867,2589.4849008670135
5801.0,174.4294891357422,8.047344207763672,2605.3421629620134
5802.0,122.4847183227539,6.760452747344971,2605.6091542570066
5803.0,172.20423889160156,7.611066818237305,2605.9185768530006
5804.0,319.9385681152344,12.036178588867188,2606.2117119489994
5805.0,100.27900695800781,5.03855562210083,2606.493544149009
5806.0,25.640668869018555,3.4012489318847656,2606.80676801801
5807.0,63.62084197998047,5.568465232849121,2607.14633373401
5808.0,24.89244842529297,3.7628211975097656,2607.4835675520007
5809.0,36.34443664550781,5.08268404006958,2607.768674378007
5810.0,14.446266174316406,2.7367138862609863,2608.046664323003
5811.0,23.077930450439453,3.466449022293091,2608.343721312005
5812.0,81.16288757324219,6.143840789794922,2608.65883133201
5813.0,18.814170837402344,2.825169086456299,2608.9670569050068
5814.0,73.98417663574219,4.129560470581055,2609.270895944006
5815.0,24.49648094177246,3.6659164428710938,2609.541955818
5816.0,52.63693618774414,3.7732183933258057,2609.8059096370125
5817.0,35.638633728027344,4.428359031677246,2610.087882773005
5818.0,23.71468162536621,4.034123420715332,2610.3819394100137
5819.0,12.753509521484375,2.5712223052978516,2610.6625323550106
5820.0,47.58899688720703,5.190051555633545,2610.9542477710056
5821.0,16.627267837524414,2.775617837905884,2611.2473258730024
5822.0,63.420841217041016,4.791131973266602,2611.5309279720095
5823.0,92.33894348144531,6.08870267868042,2611.831416006011
5824.0,51.096900939941406,4.7948174476623535,2612.1415626360103
5825.0,95.95262908935547,5.467944622039795,2612.4454497090046
5826.0,24.442598342895508,3.32712721824646,2612.773703592
5827.0,177.53355407714844,11.690275192260742,2613.079109014012
5828.0,79.4957504272461,6.204074382781982,2613.3525557590037
5829.0,21.85215950012207,3.0576229095458984,2613.637599310008
5830.0,143.99468994140625,6.6950507164001465,2613.906113298013
5831.0,52.83586502075195,4.311622619628906,2614.1928849140095
5832.0,23.769315719604492,3.776996612548828,2614.4551149150066
5833.0,23.950714111328125,3.674189329147339,2614.759430623002
5834.0,69.08476257324219,4.38035774230957,2615.046251779
5835.0,39.294254302978516,4.243203163146973,2615.354937332013
5836.0,266.06414794921875,9.415151596069336,2615.623008690003
5837.0,46.859004974365234,5.295504093170166,2615.9153018780053
5838.0,156.89549255371094,6.683949947357178,2616.2546059260058
5839.0,57.63749313354492,4.3827314376831055,2616.565237748
5840.0,63.77414321899414,5.331754207611084,2616.871701740005
5841.0,320.2193908691406,16.75724220275879,2617.1254260860005
5842.0,30.00224494934082,3.328361988067627,2617.4066248240124
5843.0,12.312152862548828,2.473693609237671,2617.692214005001
5844.0,105.24756622314453,5.987698078155518,2617.9747147100134
5845.0,75.6804428100586,5.076237201690674,2618.2615452040045
5846.0,356.6801452636719,11.959257125854492,2618.585359683013
5847.0,107.3626708984375,6.659444332122803,2618.8965466740046
5848.0,117.87265014648438,8.474122047424316,2619.27339226201
5849.0,57.468109130859375,5.040961742401123,2619.5976875110064
5850.0,606.7030029296875,22.503143310546875,2619.881813952001
5851.0,50.801517486572266,4.276011943817139,2620.168892172005
5852.0,96.42285919189453,5.81472635269165,2620.443521981011
5853.0,13.46682357788086,2.6353325843811035,2620.733774416003
5854.0,69.25880432128906,5.583098888397217,2621.037472863012
5855.0,49.53130340576172,5.108784198760986,2621.3754689300113
5856.0,46.98170852661133,4.4665327072143555,2621.676728323
5857.0,17.247642517089844,3.119563102722168,2621.9949746760103
5858.0,404.5959167480469,10.96342658996582,2622.287743058012
5859.0,36.99039840698242,4.419084072113037,2622.5608978689997
5860.0,60.745384216308594,4.867162227630615,2622.8505036999995
5861.0,46.883094787597656,3.737975835800171,2623.1419599930086
5862.0,79.08367919921875,5.218011856079102,2623.4240251209994
5863.0,23.825271606445312,3.5137805938720703,2623.704103658005
5864.0,16.47667121887207,2.9048705101013184,2624.0022233540076
5865.0,22.567201614379883,3.531487464904785,2624.361479391009
5866.0,33.16566848754883,4.0836873054504395,2624.685209430012
5867.0,164.55137634277344,8.298245429992676,2625.0207218190044
5868.0,100.20989227294922,5.454030513763428,2625.347340565
5869.0,28.84352684020996,3.8350651264190674,2625.6106259650114
5870.0,53.369651794433594,4.752186298370361,2625.8967396620137
5871.0,88.94404602050781,5.719976425170898,2626.2161138920055
5872.0,39.711341857910156,5.294598579406738,2626.5194751650124
5873.0,39.828041076660156,4.390811920166016,2626.7992070630135
5874.0,276.8993225097656,11.277995109558105,2627.0901561960054
5875.0,21.77806854248047,3.553083896636963,2627.3722910080105
5876.0,80.68596649169922,4.995603084564209,2627.648485796002
5877.0,24.76995086669922,4.115596294403076,2627.968413527007
5878.0,58.50183868408203,4.2529215812683105,2628.2545122700103
5879.0,46.64720153808594,4.797820091247559,2628.572943980005
5880.0,346.6330871582031,12.517877578735352,2628.9087843630114
5881.0,18.782052993774414,3.3151252269744873,2629.2196348040015
5882.0,20.191930770874023,3.147737979888916,2629.5053649090114
5883.0,88.04711151123047,4.196935176849365,2629.7939006290107
5884.0,23.628280639648438,3.5893924236297607,2630.102286047011
5885.0,41.79075241088867,4.000762939453125,2630.419572098006
5886.0,445.16558837890625,14.866016387939453,2631.320085625004
5887.0,52.22102737426758,4.843432903289795,2633.8208593100135
5888.0,35.01083755493164,4.170570373535156,2634.119245439011
5889.0,14.93022632598877,2.631241798400879,2634.5217514760006
5890.0,37.14219284057617,4.9718852043151855,2634.86896120201
5891.0,89.4027099609375,6.1472697257995605,2635.2430641060055
5892.0,97.79100036621094,6.031726837158203,2635.554646534001
5893.0,91.02918243408203,5.610103607177734,2635.9152107590053
5894.0,46.67428207397461,4.900874614715576,2636.230760647013
5895.0,139.1717529296875,7.639651775360107,2636.5159749690065
5896.0,98.77763366699219,6.892876148223877,2636.83963592301
5897.0,17.834346771240234,3.0362799167633057,2637.1418893450027
5898.0,23.76438331604004,3.400296688079834,2637.426307783011
5899.0,64.96472930908203,5.860836982727051,2637.6770035500085
5900.0,56.43890380859375,4.690812110900879,2637.982278551004
5901.0,138.7975616455078,4.443476676940918,2647.4438328820106
5902.0,51.318885803222656,5.420929431915283,2647.6879724430037
5903.0,17.717308044433594,2.9983720779418945,2647.9500359670055
5904.0,27.935659408569336,4.145354270935059,2648.2065894530097
5905.0,42.254859924316406,4.975042343139648,2648.467807293011
5906.0,75.05207824707031,6.067643165588379,2648.770098764013
5907.0,210.1154022216797,9.113289833068848,2649.0283882190124
5908.0,28.288219451904297,3.9323575496673584,2649.2864668050024
5909.0,159.6068115234375,11.206510543823242,2649.5414035569993
5910.0,29.019895553588867,3.9338319301605225,2649.8411282010056
5911.0,68.89057159423828,4.862858295440674,2650.1369568770024
5912.0,200.12588500976562,7.955251693725586,2650.4059471240034
5913.0,56.43975067138672,5.699944496154785,2650.6676778180117
5914.0,121.16244506835938,7.601369380950928,2650.9467920720053
5915.0,63.61545944213867,4.978549003601074,2651.191234424012
5916.0,39.627113342285156,5.112194538116455,2651.447675929012
5917.0,14.19401741027832,2.797112226486206,2651.679895694004
5918.0,24.828561782836914,3.7844059467315674,2651.9267342189996
5919.0,176.30206298828125,8.491129875183105,2652.1979890690127
5920.0,16.41084098815918,2.9652397632598877,2652.4554901480005
5921.0,18.20897674560547,2.59375262260437,2652.755429727011
5922.0,14.504680633544922,2.629991292953491,2653.0174646720116
5923.0,30.43349838256836,3.6735377311706543,2653.253500221006
5924.0,44.39737319946289,4.60157585144043,2653.509082182005
5925.0,24.943817138671875,3.8324573040008545,2653.7725043870014
5926.0,21.3026180267334,3.7188072204589844,2654.0719142490125
5927.0,21.58856201171875,3.6335084438323975,2654.324844986011
5928.0,35.016693115234375,4.522796630859375,2654.5795716410066
5929.0,26.99173927307129,4.039275169372559,2654.8286800750066
5930.0,65.86577606201172,6.387012958526611,2655.072043623004
5931.0,388.3865966796875,11.009295463562012,2655.3246874410106
5932.0,97.70160675048828,5.428009986877441,2655.582258175011
5933.0,33.443233489990234,3.5355799198150635,2655.8444928440003
5934.0,234.1833038330078,9.671348571777344,2656.0828655190126
5935.0,13.127827644348145,2.5083415508270264,2656.333657273004
5936.0,120.91861724853516,6.399702072143555,2656.5854377840005
5937.0,61.775421142578125,5.230318546295166,2656.846985756012
5938.0,22.80961799621582,3.472968816757202,2657.1068227210053
5939.0,47.74617385864258,4.340097427368164,2657.3797248910123
5940.0,64.84830474853516,5.84773063659668,2657.636878633013
5941.0,16.451751708984375,2.9371771812438965,2657.9025581420137
5942.0,34.77707290649414,4.5828351974487305,2658.1615054630092
5943.0,57.587894439697266,6.030822277069092,2658.411917644
5944.0,319.4758605957031,16.109664916992188,2658.668579766003
5945.0,43.805973052978516,4.471503734588623,2658.9131146930013
5946.0,34.76686096191406,4.1451287269592285,2659.1615506030066
5947.0,13.528895378112793,2.5738909244537354,2659.415058036
5948.0,81.76000213623047,6.522953987121582,2659.6866075340076
5949.0,79.47344207763672,6.184015274047852,2659.9442820670083
5950.0,68.75233459472656,7.340521812438965,2660.2168121680006
5951.0,46.51585388183594,5.128870010375977,2660.4736902550067
5952.0,130.96861267089844,9.437154769897461,2660.725160511007
5953.0,44.7949104309082,5.0307230949401855,2660.973924143007
5954.0,47.798095703125,5.174629211425781,2661.234116438005
5955.0,139.05824279785156,6.542715549468994,2661.494102829005
5956.0,84.7136001586914,5.950059413909912,2661.755511830008
5957.0,30.713891983032227,3.7634003162384033,2662.0102856950107
5958.0,28.890207290649414,3.305603504180908,2662.262818495001
5959.0,199.16281127929688,5.505467891693115,2662.5127438140044
5960.0,146.40431213378906,5.925100803375244,2662.760589334008
5961.0,47.73637008666992,3.9394991397857666,2663.034891510004
5962.0,27.215890884399414,3.72426176071167,2663.3239552740124
5963.0,29.77737808227539,4.301892280578613,2663.5768997140112
5964.0,14.354574203491211,2.7790653705596924,2663.8233987200074
5965.0,82.86359405517578,7.276947498321533,2664.0749155530066
5966.0,38.13356399536133,4.345854759216309,2664.320868477007
5967.0,12.247901916503906,2.5473501682281494,2664.6030970540014
5968.0,71.5174789428711,5.614832401275635,2664.8765679010103
5969.0,42.11503601074219,4.277172088623047,2665.1485788520076
5970.0,73.05450439453125,5.353636741638184,2665.4008037980093
5971.0,98.06171417236328,8.274117469787598,2665.677611309002
5972.0,26.156330108642578,3.5806050300598145,2665.949870484008
5973.0,15.884564399719238,2.5437304973602295,2666.2754215150053
5974.0,53.21223449707031,4.474142074584961,2666.560714804
5975.0,67.17122650146484,6.032535552978516,2666.8175883530057
5976.0,300.79144287109375,9.855120658874512,2667.0812816140096
5977.0,114.53556823730469,9.20436954498291,2667.356450431005
5978.0,39.91536331176758,4.465384006500244,2667.626167228009
5979.0,16.443307876586914,3.0638933181762695,2667.8765395920054
5980.0,362.6834716796875,13.186599731445312,2668.1329824179993
5981.0,65.39698028564453,5.080994129180908,2668.391100109002
5982.0,124.15620422363281,9.425812721252441,2668.654732174007
5983.0,95.57645416259766,6.796265602111816,2668.9079811780102
5984.0,213.31849670410156,8.030946731567383,2669.1778834770084
5985.0,25.788869857788086,4.010351657867432,2669.441527709001
5986.0,39.46509552001953,4.919870853424072,2669.702994268009
5987.0,32.75618362426758,4.423952579498291,2669.958593029005
5988.0,87.65814971923828,6.169475078582764,2670.213278596013
5989.0,80.90859985351562,6.972642421722412,2670.486663119009
5990.0,109.11940002441406,6.543729305267334,2670.7381622060057
5991.0,21.21846580505371,3.512549877166748,2671.0339327990077
5992.0,48.417686462402344,4.5248517990112305,2671.367851883013
5993.0,89.5903091430664,6.210263252258301,2671.6270298430027
5994.0,53.30854797363281,3.551452398300171,2671.9207443120104
5995.0,91.47012329101562,7.6005659103393555,2672.216833235012
5996.0,89.09325408935547,6.402492046356201,2672.4615068700077
5997.0,50.57086181640625,4.536834716796875,2672.8109823740087
5998.0,151.32171630859375,7.684844017028809,2673.061519405004
5999.0,48.34000778198242,4.477632522583008,2673.349600337009
6000.0,26.360633850097656,3.6738078594207764,2673.632461000001
6001.0,15.979122161865234,3.0696706771850586,2684.4686746330117
6002.0,58.625118255615234,4.640883445739746,2684.765761614006
6003.0,237.35484313964844,10.082700729370117,2685.0425589840015
6004.0,63.4171142578125,5.214848041534424,2685.311733818002
6005.0,31.298858642578125,3.935652256011963,2685.5605263840116
6006.0,23.509489059448242,3.5275304317474365,2685.807091338007
6007.0,97.89767456054688,5.527500629425049,2686.0903113580134
6008.0,246.5500946044922,11.471303939819336,2686.3314461590053
6009.0,24.567224502563477,3.8873648643493652,2686.5627028100134
6010.0,40.92195129394531,4.600275993347168,2686.8214458370057
6011.0,69.122802734375,5.735139846801758,2687.087691039007
6012.0,54.551300048828125,4.5553388595581055,2687.3399186740135
6013.0,103.6292495727539,5.505640506744385,2687.593760201009
6014.0,93.1753921508789,5.905342102050781,2687.850145444012
6015.0,135.60951232910156,7.555481433868408,2688.090146283008
6016.0,354.1176452636719,12.969259262084961,2688.346818706006
6017.0,66.13542938232422,6.103973865509033,2688.6215007700084
6018.0,13.57997989654541,2.7735512256622314,2688.881077650003
6019.0,41.07817459106445,4.864201545715332,2689.1281666980067
6020.0,20.99915885925293,2.8359172344207764,2689.384436078006
6021.0,70.15766143798828,5.580474853515625,2689.6751588379993
6022.0,98.71698760986328,6.47869348526001,2689.941268915005
6023.0,131.72398376464844,7.359703540802002,2690.1891622740077
6024.0,114.73140716552734,6.893078804016113,2690.427682646012
6025.0,56.092342376708984,5.150671482086182,2690.7159063670115
6026.0,61.89822769165039,4.707253456115723,2690.992260101004
